trace_id,calc_train_arrival,interval,published_time,type,start_time,end_time
936214c156fe95e64fdb8c0ae43acf3b,2026-02-02T12:26:24.043672,0.04044477965865136,2026-02-02T12:26:23.384562806Z,gateDownAction,2026-02-02 12:26:25.393838+00:00,2026-02-02 12:26:25.393965+00:00
936214c156fe95e64fdb8c0ae43acf3b,2026-02-02T12:26:24.043672,0.04044477965865136,2026-02-02T12:26:23.384562806Z,bellOnInvocation,2026-02-02 12:26:23.396122+00:00,2026-02-02 12:26:23.396315+00:00
936214c156fe95e64fdb8c0ae43acf3b,2026-02-02T12:26:24.043672,0.04044477965865136,2026-02-02T12:26:23.384562806Z,lightOnInvocation,2026-02-02 12:26:23.393741+00:00,2026-02-02 12:26:23.393979+00:00
936214c156fe95e64fdb8c0ae43acf3b,2026-02-02T12:26:24.043672,0.04044477965865136,2026-02-02T12:26:23.384562806Z,lightOnAction,2026-02-02 12:26:25.394432+00:00,2026-02-02 12:26:25.394543+00:00
936214c156fe95e64fdb8c0ae43acf3b,2026-02-02T12:26:24.043672,0.04044477965865136,2026-02-02T12:26:23.384562806Z,lightOnInvocation,2026-02-02 12:26:23.392545+00:00,2026-02-02 12:26:23.392689+00:00
936214c156fe95e64fdb8c0ae43acf3b,2026-02-02T12:26:24.043672,0.04044477965865136,2026-02-02T12:26:23.384562806Z,bellOnAction,2026-02-02 12:26:25.396515+00:00,2026-02-02 12:26:25.396594+00:00
936214c156fe95e64fdb8c0ae43acf3b,2026-02-02T12:26:24.043672,0.04044477965865136,2026-02-02T12:26:23.384562806Z,gateDownAction,2026-02-02 12:26:25.397165+00:00,2026-02-02 12:26:25.397242+00:00
936214c156fe95e64fdb8c0ae43acf3b,2026-02-02T12:26:24.043672,0.04044477965865136,2026-02-02T12:26:23.384562806Z,gateDownInvocation,2026-02-02 12:26:23.392482+00:00,2026-02-02 12:26:23.392812+00:00
936214c156fe95e64fdb8c0ae43acf3b,2026-02-02T12:26:24.043672,0.04044477965865136,2026-02-02T12:26:23.384562806Z,bellOnInvocation,2026-02-02 12:26:23.395124+00:00,2026-02-02 12:26:23.395350+00:00
936214c156fe95e64fdb8c0ae43acf3b,2026-02-02T12:26:24.043672,0.04044477965865136,2026-02-02T12:26:23.384562806Z,lightOnAction,2026-02-02 12:26:25.394214+00:00,2026-02-02 12:26:25.394309+00:00
936214c156fe95e64fdb8c0ae43acf3b,2026-02-02T12:26:24.043672,0.04044477965865136,2026-02-02T12:26:23.384562806Z,gateDownInvocation,2026-02-02 12:26:23.395522+00:00,2026-02-02 12:26:23.395796+00:00
936214c156fe95e64fdb8c0ae43acf3b,2026-02-02T12:26:24.043672,0.04044477965865136,2026-02-02T12:26:23.384562806Z,bellOnAction,2026-02-02 12:26:25.397539+00:00,2026-02-02 12:26:25.397624+00:00
df5fb54b86b29dd0edca971475d394d5,2026-02-02T12:24:44.842019,0.023909915253269673,2026-02-02T12:24:44.165430187Z,gateDownAction,2026-02-02 12:24:46.178004+00:00,2026-02-02 12:24:46.178120+00:00
df5fb54b86b29dd0edca971475d394d5,2026-02-02T12:24:44.842019,0.023909915253269673,2026-02-02T12:24:44.165430187Z,bellOnInvocation,2026-02-02 12:24:44.184124+00:00,2026-02-02 12:24:44.184257+00:00
df5fb54b86b29dd0edca971475d394d5,2026-02-02T12:24:44.842019,0.023909915253269673,2026-02-02T12:24:44.165430187Z,bellOnAction,2026-02-02 12:24:46.185264+00:00,2026-02-02 12:24:46.185352+00:00
df5fb54b86b29dd0edca971475d394d5,2026-02-02T12:24:44.842019,0.023909915253269673,2026-02-02T12:24:44.165430187Z,gateDownAction,2026-02-02 12:24:46.178129+00:00,2026-02-02 12:24:46.178213+00:00
df5fb54b86b29dd0edca971475d394d5,2026-02-02T12:24:44.842019,0.023909915253269673,2026-02-02T12:24:44.165430187Z,lightOnInvocation,2026-02-02 12:24:44.176434+00:00,2026-02-02 12:24:44.176655+00:00
df5fb54b86b29dd0edca971475d394d5,2026-02-02T12:24:44.842019,0.023909915253269673,2026-02-02T12:24:44.165430187Z,gateDownInvocation,2026-02-02 12:24:44.176099+00:00,2026-02-02 12:24:44.176441+00:00
df5fb54b86b29dd0edca971475d394d5,2026-02-02T12:24:44.842019,0.023909915253269673,2026-02-02T12:24:44.165430187Z,bellOnInvocation,2026-02-02 12:24:44.178998+00:00,2026-02-02 12:24:44.179199+00:00
df5fb54b86b29dd0edca971475d394d5,2026-02-02T12:24:44.842019,0.023909915253269673,2026-02-02T12:24:44.165430187Z,lightOnAction,2026-02-02 12:24:46.177472+00:00,2026-02-02 12:24:46.177561+00:00
df5fb54b86b29dd0edca971475d394d5,2026-02-02T12:24:44.842019,0.023909915253269673,2026-02-02T12:24:44.165430187Z,lightOnAction,2026-02-02 12:24:46.179626+00:00,2026-02-02 12:24:46.179687+00:00
df5fb54b86b29dd0edca971475d394d5,2026-02-02T12:24:44.842019,0.023909915253269673,2026-02-02T12:24:44.165430187Z,gateDownInvocation,2026-02-02 12:24:44.176337+00:00,2026-02-02 12:24:44.176677+00:00
df5fb54b86b29dd0edca971475d394d5,2026-02-02T12:24:44.842019,0.023909915253269673,2026-02-02T12:24:44.165430187Z,lightOnInvocation,2026-02-02 12:24:44.178618+00:00,2026-02-02 12:24:44.178854+00:00
df5fb54b86b29dd0edca971475d394d5,2026-02-02T12:24:44.842019,0.023909915253269673,2026-02-02T12:24:44.165430187Z,bellOnAction,2026-02-02 12:24:46.181150+00:00,2026-02-02 12:24:46.181268+00:00
824a9505f82dc2f437dfe68689fa9020,2026-02-02T12:27:28.963888,0.05125917742902041,2026-02-02T12:27:28.277425092Z,lightOnInvocation,2026-02-02 12:27:28.285160+00:00,2026-02-02 12:27:28.285223+00:00
824a9505f82dc2f437dfe68689fa9020,2026-02-02T12:27:28.963888,0.05125917742902041,2026-02-02T12:27:28.277425092Z,gateDownInvocation,2026-02-02 12:27:28.282755+00:00,2026-02-02 12:27:28.283034+00:00
824a9505f82dc2f437dfe68689fa9020,2026-02-02T12:27:28.963888,0.05125917742902041,2026-02-02T12:27:28.277425092Z,lightOnAction,2026-02-02 12:27:30.284511+00:00,2026-02-02 12:27:30.284600+00:00
824a9505f82dc2f437dfe68689fa9020,2026-02-02T12:27:28.963888,0.05125917742902041,2026-02-02T12:27:28.277425092Z,gateDownAction,2026-02-02 12:27:30.285332+00:00,2026-02-02 12:27:30.285437+00:00
824a9505f82dc2f437dfe68689fa9020,2026-02-02T12:27:28.963888,0.05125917742902041,2026-02-02T12:27:28.277425092Z,bellOnAction,2026-02-02 12:27:30.287098+00:00,2026-02-02 12:27:30.287171+00:00
824a9505f82dc2f437dfe68689fa9020,2026-02-02T12:27:28.963888,0.05125917742902041,2026-02-02T12:27:28.277425092Z,bellOnInvocation,2026-02-02 12:27:28.285804+00:00,2026-02-02 12:27:28.285895+00:00
824a9505f82dc2f437dfe68689fa9020,2026-02-02T12:27:28.963888,0.05125917742902041,2026-02-02T12:27:28.277425092Z,bellOnInvocation,2026-02-02 12:27:28.285272+00:00,2026-02-02 12:27:28.285381+00:00
824a9505f82dc2f437dfe68689fa9020,2026-02-02T12:27:28.963888,0.05125917742902041,2026-02-02T12:27:28.277425092Z,gateDownInvocation,2026-02-02 12:27:28.284371+00:00,2026-02-02 12:27:28.284460+00:00
824a9505f82dc2f437dfe68689fa9020,2026-02-02T12:27:28.963888,0.05125917742902041,2026-02-02T12:27:28.277425092Z,lightOnInvocation,2026-02-02 12:27:28.283405+00:00,2026-02-02 12:27:28.283515+00:00
824a9505f82dc2f437dfe68689fa9020,2026-02-02T12:27:28.963888,0.05125917742902041,2026-02-02T12:27:28.277425092Z,gateDownAction,2026-02-02 12:27:30.283532+00:00,2026-02-02 12:27:30.283619+00:00
824a9505f82dc2f437dfe68689fa9020,2026-02-02T12:27:28.963888,0.05125917742902041,2026-02-02T12:27:28.277425092Z,bellOnAction,2026-02-02 12:27:30.285403+00:00,2026-02-02 12:27:30.285509+00:00
824a9505f82dc2f437dfe68689fa9020,2026-02-02T12:27:28.963888,0.05125917742902041,2026-02-02T12:27:28.277425092Z,lightOnAction,2026-02-02 12:27:30.285791+00:00,2026-02-02 12:27:30.285883+00:00
8f100718a7f7d5cfd00ce8e1b21afc70,2026-02-02T12:25:10.714905,0.028388436970019346,2026-02-02T12:25:11.039162029Z,lightOffInvocation,2026-02-02 12:25:11.044026+00:00,2026-02-02 12:25:11.044099+00:00
8f100718a7f7d5cfd00ce8e1b21afc70,2026-02-02T12:25:10.714905,0.028388436970019346,2026-02-02T12:25:11.039162029Z,gateUpInvocation,2026-02-02 12:25:11.044892+00:00,2026-02-02 12:25:11.044954+00:00
8f100718a7f7d5cfd00ce8e1b21afc70,2026-02-02T12:25:10.714905,0.028388436970019346,2026-02-02T12:25:11.039162029Z,bellOffInvocation,2026-02-02 12:25:11.046339+00:00,2026-02-02 12:25:11.046410+00:00
8f100718a7f7d5cfd00ce8e1b21afc70,2026-02-02T12:25:10.714905,0.028388436970019346,2026-02-02T12:25:11.039162029Z,bellOffInvocation,2026-02-02 12:25:11.045093+00:00,2026-02-02 12:25:11.045148+00:00
8f100718a7f7d5cfd00ce8e1b21afc70,2026-02-02T12:25:10.714905,0.028388436970019346,2026-02-02T12:25:11.039162029Z,lightOffInvocation,2026-02-02 12:25:11.043824+00:00,2026-02-02 12:25:11.043897+00:00
8f100718a7f7d5cfd00ce8e1b21afc70,2026-02-02T12:25:10.714905,0.028388436970019346,2026-02-02T12:25:11.039162029Z,gateUpInvocation,2026-02-02 12:25:11.043926+00:00,2026-02-02 12:25:11.044030+00:00
bef552144969ea247390b391cde91fbd,2026-02-02T12:27:33.304790,0.05198927049002649,2026-02-02T12:27:32.658454113Z,gateDownInvocation,2026-02-02 12:27:32.664667+00:00,2026-02-02 12:27:32.664932+00:00
bef552144969ea247390b391cde91fbd,2026-02-02T12:27:33.304790,0.05198927049002649,2026-02-02T12:27:32.658454113Z,lightOnAction,2026-02-02 12:27:34.669117+00:00,2026-02-02 12:27:34.669218+00:00
bef552144969ea247390b391cde91fbd,2026-02-02T12:27:33.304790,0.05198927049002649,2026-02-02T12:27:32.658454113Z,bellOnInvocation,2026-02-02 12:27:32.667126+00:00,2026-02-02 12:27:32.667257+00:00
bef552144969ea247390b391cde91fbd,2026-02-02T12:27:33.304790,0.05198927049002649,2026-02-02T12:27:32.658454113Z,gateDownAction,2026-02-02 12:27:34.665820+00:00,2026-02-02 12:27:34.665985+00:00
bef552144969ea247390b391cde91fbd,2026-02-02T12:27:33.304790,0.05198927049002649,2026-02-02T12:27:32.658454113Z,lightOnInvocation,2026-02-02 12:27:32.664768+00:00,2026-02-02 12:27:32.664950+00:00
bef552144969ea247390b391cde91fbd,2026-02-02T12:27:33.304790,0.05198927049002649,2026-02-02T12:27:32.658454113Z,bellOnInvocation,2026-02-02 12:27:32.668270+00:00,2026-02-02 12:27:32.668430+00:00
bef552144969ea247390b391cde91fbd,2026-02-02T12:27:33.304790,0.05198927049002649,2026-02-02T12:27:32.658454113Z,bellOnAction,2026-02-02 12:27:34.669762+00:00,2026-02-02 12:27:34.669999+00:00
bef552144969ea247390b391cde91fbd,2026-02-02T12:27:33.304790,0.05198927049002649,2026-02-02T12:27:32.658454113Z,gateDownAction,2026-02-02 12:27:34.666470+00:00,2026-02-02 12:27:34.666553+00:00
bef552144969ea247390b391cde91fbd,2026-02-02T12:27:33.304790,0.05198927049002649,2026-02-02T12:27:32.658454113Z,bellOnAction,2026-02-02 12:27:34.667432+00:00,2026-02-02 12:27:34.667555+00:00
bef552144969ea247390b391cde91fbd,2026-02-02T12:27:33.304790,0.05198927049002649,2026-02-02T12:27:32.658454113Z,lightOnInvocation,2026-02-02 12:27:32.667574+00:00,2026-02-02 12:27:32.667712+00:00
bef552144969ea247390b391cde91fbd,2026-02-02T12:27:33.304790,0.05198927049002649,2026-02-02T12:27:32.658454113Z,lightOnAction,2026-02-02 12:27:34.666237+00:00,2026-02-02 12:27:34.666325+00:00
bef552144969ea247390b391cde91fbd,2026-02-02T12:27:33.304790,0.05198927049002649,2026-02-02T12:27:32.658454113Z,gateDownInvocation,2026-02-02 12:27:32.665493+00:00,2026-02-02 12:27:32.665752+00:00
9de4a2e88786d4d9a785dfb4b51f5f64,2026-02-02T12:26:54.268986,0.04564173367569447,2026-02-02T12:26:54.569372311Z,bellOffInvocation,2026-02-02 12:26:54.583639+00:00,2026-02-02 12:26:54.583730+00:00
9de4a2e88786d4d9a785dfb4b51f5f64,2026-02-02T12:26:54.268986,0.04564173367569447,2026-02-02T12:26:54.569372311Z,lightOffInvocation,2026-02-02 12:26:54.576856+00:00,2026-02-02 12:26:54.577015+00:00
9de4a2e88786d4d9a785dfb4b51f5f64,2026-02-02T12:26:54.268986,0.04564173367569447,2026-02-02T12:26:54.569372311Z,lightOffInvocation,2026-02-02 12:26:54.582612+00:00,2026-02-02 12:26:54.582726+00:00
9de4a2e88786d4d9a785dfb4b51f5f64,2026-02-02T12:26:54.268986,0.04564173367569447,2026-02-02T12:26:54.569372311Z,gateUpInvocation,2026-02-02 12:26:54.576938+00:00,2026-02-02 12:26:54.577076+00:00
9de4a2e88786d4d9a785dfb4b51f5f64,2026-02-02T12:26:54.268986,0.04564173367569447,2026-02-02T12:26:54.569372311Z,bellOffInvocation,2026-02-02 12:26:54.583182+00:00,2026-02-02 12:26:54.583302+00:00
9de4a2e88786d4d9a785dfb4b51f5f64,2026-02-02T12:26:54.268986,0.04564173367569447,2026-02-02T12:26:54.569372311Z,gateUpInvocation,2026-02-02 12:26:54.580209+00:00,2026-02-02 12:26:54.580334+00:00
2abb731c3b63f64fc484795d557ac793,2026-02-02T12:30:05.277226,0.07748290351215602,2026-02-02T12:30:05.635538939Z,bellOffInvocation,2026-02-02 12:30:05.647215+00:00,2026-02-02 12:30:05.647373+00:00
2abb731c3b63f64fc484795d557ac793,2026-02-02T12:30:05.277226,0.07748290351215602,2026-02-02T12:30:05.635538939Z,lightOffInvocation,2026-02-02 12:30:05.643313+00:00,2026-02-02 12:30:05.643469+00:00
2abb731c3b63f64fc484795d557ac793,2026-02-02T12:30:05.277226,0.07748290351215602,2026-02-02T12:30:05.635538939Z,gateUpInvocation,2026-02-02 12:30:05.645720+00:00,2026-02-02 12:30:05.645898+00:00
2abb731c3b63f64fc484795d557ac793,2026-02-02T12:30:05.277226,0.07748290351215602,2026-02-02T12:30:05.635538939Z,lightOffInvocation,2026-02-02 12:30:05.642415+00:00,2026-02-02 12:30:05.642522+00:00
2abb731c3b63f64fc484795d557ac793,2026-02-02T12:30:05.277226,0.07748290351215602,2026-02-02T12:30:05.635538939Z,gateUpInvocation,2026-02-02 12:30:05.642401+00:00,2026-02-02 12:30:05.642557+00:00
2abb731c3b63f64fc484795d557ac793,2026-02-02T12:30:05.277226,0.07748290351215602,2026-02-02T12:30:05.635538939Z,bellOffInvocation,2026-02-02 12:30:05.645014+00:00,2026-02-02 12:30:05.645150+00:00
c455fa5c4c6c20da3fe8dee2ff228d91,2026-02-02T12:22:52.864876,0.005245230437660217,2026-02-02T12:22:52.166096742Z,lightOnInvocation,2026-02-02 12:22:52.181686+00:00,2026-02-02 12:22:52.181938+00:00
c455fa5c4c6c20da3fe8dee2ff228d91,2026-02-02T12:22:52.864876,0.005245230437660217,2026-02-02T12:22:52.166096742Z,bellOnAction,2026-02-02 12:22:54.186764+00:00,2026-02-02 12:22:54.186847+00:00
c455fa5c4c6c20da3fe8dee2ff228d91,2026-02-02T12:22:52.864876,0.005245230437660217,2026-02-02T12:22:52.166096742Z,gateDownAction,2026-02-02 12:22:54.183770+00:00,2026-02-02 12:22:54.183855+00:00
c455fa5c4c6c20da3fe8dee2ff228d91,2026-02-02T12:22:52.864876,0.005245230437660217,2026-02-02T12:22:52.166096742Z,lightOnAction,2026-02-02 12:22:54.184456+00:00,2026-02-02 12:22:54.184545+00:00
c455fa5c4c6c20da3fe8dee2ff228d91,2026-02-02T12:22:52.864876,0.005245230437660217,2026-02-02T12:22:52.166096742Z,gateDownInvocation,2026-02-02 12:22:52.186208+00:00,2026-02-02 12:22:52.186281+00:00
c455fa5c4c6c20da3fe8dee2ff228d91,2026-02-02T12:22:52.864876,0.005245230437660217,2026-02-02T12:22:52.166096742Z,lightOnInvocation,2026-02-02 12:22:52.186918+00:00,2026-02-02 12:22:52.186965+00:00
c455fa5c4c6c20da3fe8dee2ff228d91,2026-02-02T12:22:52.864876,0.005245230437660217,2026-02-02T12:22:52.166096742Z,bellOnInvocation,2026-02-02 12:22:52.186239+00:00,2026-02-02 12:22:52.186308+00:00
c455fa5c4c6c20da3fe8dee2ff228d91,2026-02-02T12:22:52.864876,0.005245230437660217,2026-02-02T12:22:52.166096742Z,gateDownInvocation,2026-02-02 12:22:52.182605+00:00,2026-02-02 12:22:52.182951+00:00
c455fa5c4c6c20da3fe8dee2ff228d91,2026-02-02T12:22:52.864876,0.005245230437660217,2026-02-02T12:22:52.166096742Z,bellOnAction,2026-02-02 12:22:54.187306+00:00,2026-02-02 12:22:54.187378+00:00
c455fa5c4c6c20da3fe8dee2ff228d91,2026-02-02T12:22:52.864876,0.005245230437660217,2026-02-02T12:22:52.166096742Z,lightOnAction,2026-02-02 12:22:54.187479+00:00,2026-02-02 12:22:54.187539+00:00
c455fa5c4c6c20da3fe8dee2ff228d91,2026-02-02T12:22:52.864876,0.005245230437660217,2026-02-02T12:22:52.166096742Z,bellOnInvocation,2026-02-02 12:22:52.187593+00:00,2026-02-02 12:22:52.187636+00:00
c455fa5c4c6c20da3fe8dee2ff228d91,2026-02-02T12:22:52.864876,0.005245230437660217,2026-02-02T12:22:52.166096742Z,gateDownAction,2026-02-02 12:22:54.187068+00:00,2026-02-02 12:22:54.187158+00:00
aca8cb3e7e145c65dc0030d6db93e1c3,2026-02-02T12:30:35.702122,0.08238381596455575,2026-02-02T12:30:35.043929911Z,lightOnAction,2026-02-02 12:30:37.051214+00:00,2026-02-02 12:30:37.051346+00:00
aca8cb3e7e145c65dc0030d6db93e1c3,2026-02-02T12:30:35.702122,0.08238381596455575,2026-02-02T12:30:35.043929911Z,gateDownAction,2026-02-02 12:30:37.050412+00:00,2026-02-02 12:30:37.050623+00:00
aca8cb3e7e145c65dc0030d6db93e1c3,2026-02-02T12:30:35.702122,0.08238381596455575,2026-02-02T12:30:35.043929911Z,bellOnInvocation,2026-02-02 12:30:35.052196+00:00,2026-02-02 12:30:35.052319+00:00
aca8cb3e7e145c65dc0030d6db93e1c3,2026-02-02T12:30:35.702122,0.08238381596455575,2026-02-02T12:30:35.043929911Z,bellOnAction,2026-02-02 12:30:37.050984+00:00,2026-02-02 12:30:37.051165+00:00
aca8cb3e7e145c65dc0030d6db93e1c3,2026-02-02T12:30:35.702122,0.08238381596455575,2026-02-02T12:30:35.043929911Z,lightOnInvocation,2026-02-02 12:30:35.049845+00:00,2026-02-02 12:30:35.050003+00:00
aca8cb3e7e145c65dc0030d6db93e1c3,2026-02-02T12:30:35.702122,0.08238381596455575,2026-02-02T12:30:35.043929911Z,bellOnInvocation,2026-02-02 12:30:35.049755+00:00,2026-02-02 12:30:35.049859+00:00
aca8cb3e7e145c65dc0030d6db93e1c3,2026-02-02T12:30:35.702122,0.08238381596455575,2026-02-02T12:30:35.043929911Z,gateDownInvocation,2026-02-02 12:30:35.051340+00:00,2026-02-02 12:30:35.051485+00:00
aca8cb3e7e145c65dc0030d6db93e1c3,2026-02-02T12:30:35.702122,0.08238381596455575,2026-02-02T12:30:35.043929911Z,gateDownAction,2026-02-02 12:30:37.051396+00:00,2026-02-02 12:30:37.051521+00:00
aca8cb3e7e145c65dc0030d6db93e1c3,2026-02-02T12:30:35.702122,0.08238381596455575,2026-02-02T12:30:35.043929911Z,bellOnAction,2026-02-02 12:30:37.053048+00:00,2026-02-02 12:30:37.053143+00:00
aca8cb3e7e145c65dc0030d6db93e1c3,2026-02-02T12:30:35.702122,0.08238381596455575,2026-02-02T12:30:35.043929911Z,gateDownInvocation,2026-02-02 12:30:35.049388+00:00,2026-02-02 12:30:35.049525+00:00
aca8cb3e7e145c65dc0030d6db93e1c3,2026-02-02T12:30:35.702122,0.08238381596455575,2026-02-02T12:30:35.043929911Z,lightOnInvocation,2026-02-02 12:30:35.049384+00:00,2026-02-02 12:30:35.049509+00:00
aca8cb3e7e145c65dc0030d6db93e1c3,2026-02-02T12:30:35.702122,0.08238381596455575,2026-02-02T12:30:35.043929911Z,lightOnAction,2026-02-02 12:30:37.050760+00:00,2026-02-02 12:30:37.050881+00:00
3523961f8a63322f7607b3fe7791baba,2026-02-02T12:31:14.788876,0.08889918509758711,2026-02-02T12:31:14.140027335Z,lightOnAction,2026-02-02 12:31:16.147366+00:00,2026-02-02 12:31:16.147447+00:00
3523961f8a63322f7607b3fe7791baba,2026-02-02T12:31:14.788876,0.08889918509758711,2026-02-02T12:31:14.140027335Z,gateDownAction,2026-02-02 12:31:16.151078+00:00,2026-02-02 12:31:16.151149+00:00
3523961f8a63322f7607b3fe7791baba,2026-02-02T12:31:14.788876,0.08889918509758711,2026-02-02T12:31:14.140027335Z,gateDownInvocation,2026-02-02 12:31:14.146239+00:00,2026-02-02 12:31:14.146542+00:00
3523961f8a63322f7607b3fe7791baba,2026-02-02T12:31:14.788876,0.08889918509758711,2026-02-02T12:31:14.140027335Z,bellOnInvocation,2026-02-02 12:31:14.151144+00:00,2026-02-02 12:31:14.151274+00:00
3523961f8a63322f7607b3fe7791baba,2026-02-02T12:31:14.788876,0.08889918509758711,2026-02-02T12:31:14.140027335Z,lightOnAction,2026-02-02 12:31:16.148743+00:00,2026-02-02 12:31:16.148788+00:00
3523961f8a63322f7607b3fe7791baba,2026-02-02T12:31:14.788876,0.08889918509758711,2026-02-02T12:31:14.140027335Z,bellOnAction,2026-02-02 12:31:16.151587+00:00,2026-02-02 12:31:16.151638+00:00
3523961f8a63322f7607b3fe7791baba,2026-02-02T12:31:14.788876,0.08889918509758711,2026-02-02T12:31:14.140027335Z,lightOnInvocation,2026-02-02 12:31:14.146415+00:00,2026-02-02 12:31:14.146556+00:00
3523961f8a63322f7607b3fe7791baba,2026-02-02T12:31:14.788876,0.08889918509758711,2026-02-02T12:31:14.140027335Z,bellOnInvocation,2026-02-02 12:31:14.149547+00:00,2026-02-02 12:31:14.149676+00:00
3523961f8a63322f7607b3fe7791baba,2026-02-02T12:31:14.788876,0.08889918509758711,2026-02-02T12:31:14.140027335Z,gateDownAction,2026-02-02 12:31:16.147933+00:00,2026-02-02 12:31:16.148013+00:00
3523961f8a63322f7607b3fe7791baba,2026-02-02T12:31:14.788876,0.08889918509758711,2026-02-02T12:31:14.140027335Z,gateDownInvocation,2026-02-02 12:31:14.148999+00:00,2026-02-02 12:31:14.149290+00:00
3523961f8a63322f7607b3fe7791baba,2026-02-02T12:31:14.788876,0.08889918509758711,2026-02-02T12:31:14.140027335Z,bellOnAction,2026-02-02 12:31:16.151208+00:00,2026-02-02 12:31:16.151291+00:00
3523961f8a63322f7607b3fe7791baba,2026-02-02T12:31:14.788876,0.08889918509758711,2026-02-02T12:31:14.140027335Z,lightOnInvocation,2026-02-02 12:31:14.147093+00:00,2026-02-02 12:31:14.147285+00:00
e670d4d0e0f0dc344a907df967aafc0a,2026-02-02T12:26:41.332135,0.043324602507436284,2026-02-02T12:26:40.665497173Z,gateDownInvocation,2026-02-02 12:26:40.674488+00:00,2026-02-02 12:26:40.674690+00:00
e670d4d0e0f0dc344a907df967aafc0a,2026-02-02T12:26:41.332135,0.043324602507436284,2026-02-02T12:26:40.665497173Z,lightOnAction,2026-02-02 12:26:42.678258+00:00,2026-02-02 12:26:42.678303+00:00
e670d4d0e0f0dc344a907df967aafc0a,2026-02-02T12:26:41.332135,0.043324602507436284,2026-02-02T12:26:40.665497173Z,bellOnAction,2026-02-02 12:26:42.683412+00:00,2026-02-02 12:26:42.683445+00:00
e670d4d0e0f0dc344a907df967aafc0a,2026-02-02T12:26:41.332135,0.043324602507436284,2026-02-02T12:26:40.665497173Z,bellOnInvocation,2026-02-02 12:26:40.682092+00:00,2026-02-02 12:26:40.682273+00:00
e670d4d0e0f0dc344a907df967aafc0a,2026-02-02T12:26:41.332135,0.043324602507436284,2026-02-02T12:26:40.665497173Z,gateDownAction,2026-02-02 12:26:42.677546+00:00,2026-02-02 12:26:42.677595+00:00
e670d4d0e0f0dc344a907df967aafc0a,2026-02-02T12:26:41.332135,0.043324602507436284,2026-02-02T12:26:40.665497173Z,bellOnAction,2026-02-02 12:26:42.680082+00:00,2026-02-02 12:26:42.680165+00:00
e670d4d0e0f0dc344a907df967aafc0a,2026-02-02T12:26:41.332135,0.043324602507436284,2026-02-02T12:26:40.665497173Z,lightOnInvocation,2026-02-02 12:26:40.676454+00:00,2026-02-02 12:26:40.676647+00:00
e670d4d0e0f0dc344a907df967aafc0a,2026-02-02T12:26:41.332135,0.043324602507436284,2026-02-02T12:26:40.665497173Z,lightOnInvocation,2026-02-02 12:26:40.677464+00:00,2026-02-02 12:26:40.677615+00:00
e670d4d0e0f0dc344a907df967aafc0a,2026-02-02T12:26:41.332135,0.043324602507436284,2026-02-02T12:26:40.665497173Z,bellOnInvocation,2026-02-02 12:26:40.679232+00:00,2026-02-02 12:26:40.679318+00:00
e670d4d0e0f0dc344a907df967aafc0a,2026-02-02T12:26:41.332135,0.043324602507436284,2026-02-02T12:26:40.665497173Z,gateDownInvocation,2026-02-02 12:26:40.676361+00:00,2026-02-02 12:26:40.676659+00:00
e670d4d0e0f0dc344a907df967aafc0a,2026-02-02T12:26:41.332135,0.043324602507436284,2026-02-02T12:26:40.665497173Z,lightOnAction,2026-02-02 12:26:42.680326+00:00,2026-02-02 12:26:42.680447+00:00
e670d4d0e0f0dc344a907df967aafc0a,2026-02-02T12:26:41.332135,0.043324602507436284,2026-02-02T12:26:40.665497173Z,gateDownAction,2026-02-02 12:26:42.675905+00:00,2026-02-02 12:26:42.675958+00:00
5e42ca8211a1e1b4c2c93006aa1901ab,2026-02-02T12:26:58.590414,0.04619831049147845,2026-02-02T12:26:57.909242255Z,gateDownAction,2026-02-02 12:26:59.920175+00:00,2026-02-02 12:26:59.920251+00:00
5e42ca8211a1e1b4c2c93006aa1901ab,2026-02-02T12:26:58.590414,0.04619831049147845,2026-02-02T12:26:57.909242255Z,bellOnAction,2026-02-02 12:26:59.923204+00:00,2026-02-02 12:26:59.923300+00:00
5e42ca8211a1e1b4c2c93006aa1901ab,2026-02-02T12:26:58.590414,0.04619831049147845,2026-02-02T12:26:57.909242255Z,bellOnInvocation,2026-02-02 12:26:57.918712+00:00,2026-02-02 12:26:57.918845+00:00
5e42ca8211a1e1b4c2c93006aa1901ab,2026-02-02T12:26:58.590414,0.04619831049147845,2026-02-02T12:26:57.909242255Z,gateDownInvocation,2026-02-02 12:26:57.918551+00:00,2026-02-02 12:26:57.918759+00:00
5e42ca8211a1e1b4c2c93006aa1901ab,2026-02-02T12:26:58.590414,0.04619831049147845,2026-02-02T12:26:57.909242255Z,bellOnAction,2026-02-02 12:26:59.919666+00:00,2026-02-02 12:26:59.919752+00:00
5e42ca8211a1e1b4c2c93006aa1901ab,2026-02-02T12:26:58.590414,0.04619831049147845,2026-02-02T12:26:57.909242255Z,bellOnInvocation,2026-02-02 12:26:57.922432+00:00,2026-02-02 12:26:57.922518+00:00
5e42ca8211a1e1b4c2c93006aa1901ab,2026-02-02T12:26:58.590414,0.04619831049147845,2026-02-02T12:26:57.909242255Z,gateDownInvocation,2026-02-02 12:26:57.916632+00:00,2026-02-02 12:26:57.916882+00:00
5e42ca8211a1e1b4c2c93006aa1901ab,2026-02-02T12:26:58.590414,0.04619831049147845,2026-02-02T12:26:57.909242255Z,gateDownAction,2026-02-02 12:26:59.918021+00:00,2026-02-02 12:26:59.918108+00:00
5e42ca8211a1e1b4c2c93006aa1901ab,2026-02-02T12:26:58.590414,0.04619831049147845,2026-02-02T12:26:57.909242255Z,lightOnAction,2026-02-02 12:26:59.918150+00:00,2026-02-02 12:26:59.918243+00:00
5e42ca8211a1e1b4c2c93006aa1901ab,2026-02-02T12:26:58.590414,0.04619831049147845,2026-02-02T12:26:57.909242255Z,lightOnAction,2026-02-02 12:26:59.917526+00:00,2026-02-02 12:26:59.917614+00:00
5e42ca8211a1e1b4c2c93006aa1901ab,2026-02-02T12:26:58.590414,0.04619831049147845,2026-02-02T12:26:57.909242255Z,lightOnInvocation,2026-02-02 12:26:57.916732+00:00,2026-02-02 12:26:57.916882+00:00
5e42ca8211a1e1b4c2c93006aa1901ab,2026-02-02T12:26:58.590414,0.04619831049147845,2026-02-02T12:26:57.909242255Z,lightOnInvocation,2026-02-02 12:26:57.917055+00:00,2026-02-02 12:26:57.917159+00:00
c2f4a6d185868e3c5be4adc0b58d942d,2026-02-02T12:31:45.225140,0.09414235193444491,2026-02-02T12:31:45.602248634Z,bellOffInvocation,2026-02-02 12:31:45.611641+00:00,2026-02-02 12:31:45.611773+00:00
c2f4a6d185868e3c5be4adc0b58d942d,2026-02-02T12:31:45.225140,0.09414235193444491,2026-02-02T12:31:45.602248634Z,gateUpInvocation,2026-02-02 12:31:45.611409+00:00,2026-02-02 12:31:45.611505+00:00
c2f4a6d185868e3c5be4adc0b58d942d,2026-02-02T12:31:45.225140,0.09414235193444491,2026-02-02T12:31:45.602248634Z,bellOffInvocation,2026-02-02 12:31:45.613870+00:00,2026-02-02 12:31:45.614036+00:00
c2f4a6d185868e3c5be4adc0b58d942d,2026-02-02T12:31:45.225140,0.09414235193444491,2026-02-02T12:31:45.602248634Z,lightOffInvocation,2026-02-02 12:31:45.609052+00:00,2026-02-02 12:31:45.609188+00:00
c2f4a6d185868e3c5be4adc0b58d942d,2026-02-02T12:31:45.225140,0.09414235193444491,2026-02-02T12:31:45.602248634Z,gateUpInvocation,2026-02-02 12:31:45.609129+00:00,2026-02-02 12:31:45.609303+00:00
c2f4a6d185868e3c5be4adc0b58d942d,2026-02-02T12:31:45.225140,0.09414235193444491,2026-02-02T12:31:45.602248634Z,lightOffInvocation,2026-02-02 12:31:45.609500+00:00,2026-02-02 12:31:45.609630+00:00
791500edf9b72b3afee941ff8e4af91b,2026-02-02T12:31:06.036221,0.08760133315671682,2026-02-02T12:31:06.35215037Z,lightOffInvocation,2026-02-02 12:31:06.356839+00:00,2026-02-02 12:31:06.356968+00:00
791500edf9b72b3afee941ff8e4af91b,2026-02-02T12:31:06.036221,0.08760133315671682,2026-02-02T12:31:06.35215037Z,gateUpInvocation,2026-02-02 12:31:06.356810+00:00,2026-02-02 12:31:06.356920+00:00
791500edf9b72b3afee941ff8e4af91b,2026-02-02T12:31:06.036221,0.08760133315671682,2026-02-02T12:31:06.35215037Z,lightOffInvocation,2026-02-02 12:31:06.358882+00:00,2026-02-02 12:31:06.359029+00:00
791500edf9b72b3afee941ff8e4af91b,2026-02-02T12:31:06.036221,0.08760133315671682,2026-02-02T12:31:06.35215037Z,bellOffInvocation,2026-02-02 12:31:06.357947+00:00,2026-02-02 12:31:06.358065+00:00
791500edf9b72b3afee941ff8e4af91b,2026-02-02T12:31:06.036221,0.08760133315671682,2026-02-02T12:31:06.35215037Z,bellOffInvocation,2026-02-02 12:31:06.360936+00:00,2026-02-02 12:31:06.361037+00:00
791500edf9b72b3afee941ff8e4af91b,2026-02-02T12:31:06.036221,0.08760133315671682,2026-02-02T12:31:06.35215037Z,gateUpInvocation,2026-02-02 12:31:06.362289+00:00,2026-02-02 12:31:06.362373+00:00
1f00e8c3641d566d7647223bf9d248ce,2026-02-02T12:27:15.911496,0.04924905243375302,2026-02-02T12:27:16.215445454Z,gateUpInvocation,2026-02-02 12:27:16.223449+00:00,2026-02-02 12:27:16.223538+00:00
1f00e8c3641d566d7647223bf9d248ce,2026-02-02T12:27:15.911496,0.04924905243375302,2026-02-02T12:27:16.215445454Z,bellOffInvocation,2026-02-02 12:27:16.227840+00:00,2026-02-02 12:27:16.227986+00:00
1f00e8c3641d566d7647223bf9d248ce,2026-02-02T12:27:15.911496,0.04924905243375302,2026-02-02T12:27:16.215445454Z,lightOffInvocation,2026-02-02 12:27:16.224636+00:00,2026-02-02 12:27:16.224719+00:00
1f00e8c3641d566d7647223bf9d248ce,2026-02-02T12:27:15.911496,0.04924905243375302,2026-02-02T12:27:16.215445454Z,gateUpInvocation,2026-02-02 12:27:16.226029+00:00,2026-02-02 12:27:16.226136+00:00
1f00e8c3641d566d7647223bf9d248ce,2026-02-02T12:27:15.911496,0.04924905243375302,2026-02-02T12:27:16.215445454Z,bellOffInvocation,2026-02-02 12:27:16.225065+00:00,2026-02-02 12:27:16.225153+00:00
1f00e8c3641d566d7647223bf9d248ce,2026-02-02T12:27:15.911496,0.04924905243375302,2026-02-02T12:27:16.215445454Z,lightOffInvocation,2026-02-02 12:27:16.223319+00:00,2026-02-02 12:27:16.223445+00:00
66ce91a4d950b6a2102124807dd71aa3,2026-02-02T12:31:58.309932,0.09615389887485505,2026-02-02T12:31:57.672711956Z,lightOnAction,2026-02-02 12:31:59.677500+00:00,2026-02-02 12:31:59.677580+00:00
66ce91a4d950b6a2102124807dd71aa3,2026-02-02T12:31:58.309932,0.09615389887485505,2026-02-02T12:31:57.672711956Z,gateDownInvocation,2026-02-02 12:31:57.676631+00:00,2026-02-02 12:31:57.676802+00:00
66ce91a4d950b6a2102124807dd71aa3,2026-02-02T12:31:58.309932,0.09615389887485505,2026-02-02T12:31:57.672711956Z,bellOnAction,2026-02-02 12:31:59.684634+00:00,2026-02-02 12:31:59.684715+00:00
66ce91a4d950b6a2102124807dd71aa3,2026-02-02T12:31:58.309932,0.09615389887485505,2026-02-02T12:31:57.672711956Z,gateDownInvocation,2026-02-02 12:31:57.686648+00:00,2026-02-02 12:31:57.686759+00:00
66ce91a4d950b6a2102124807dd71aa3,2026-02-02T12:31:58.309932,0.09615389887485505,2026-02-02T12:31:57.672711956Z,bellOnInvocation,2026-02-02 12:31:57.684010+00:00,2026-02-02 12:31:57.684152+00:00
66ce91a4d950b6a2102124807dd71aa3,2026-02-02T12:31:58.309932,0.09615389887485505,2026-02-02T12:31:57.672711956Z,lightOnInvocation,2026-02-02 12:31:57.676686+00:00,2026-02-02 12:31:57.676801+00:00
66ce91a4d950b6a2102124807dd71aa3,2026-02-02T12:31:58.309932,0.09615389887485505,2026-02-02T12:31:57.672711956Z,lightOnAction,2026-02-02 12:31:59.686263+00:00,2026-02-02 12:31:59.686346+00:00
66ce91a4d950b6a2102124807dd71aa3,2026-02-02T12:31:58.309932,0.09615389887485505,2026-02-02T12:31:57.672711956Z,lightOnInvocation,2026-02-02 12:31:57.682854+00:00,2026-02-02 12:31:57.682968+00:00
66ce91a4d950b6a2102124807dd71aa3,2026-02-02T12:31:58.309932,0.09615389887485505,2026-02-02T12:31:57.672711956Z,bellOnAction,2026-02-02 12:31:59.685067+00:00,2026-02-02 12:31:59.685141+00:00
66ce91a4d950b6a2102124807dd71aa3,2026-02-02T12:31:58.309932,0.09615389887485505,2026-02-02T12:31:57.672711956Z,gateDownAction,2026-02-02 12:31:59.679258+00:00,2026-02-02 12:31:59.679342+00:00
66ce91a4d950b6a2102124807dd71aa3,2026-02-02T12:31:58.309932,0.09615389887485505,2026-02-02T12:31:57.672711956Z,gateDownAction,2026-02-02 12:31:59.687793+00:00,2026-02-02 12:31:59.687861+00:00
66ce91a4d950b6a2102124807dd71aa3,2026-02-02T12:31:58.309932,0.09615389887485505,2026-02-02T12:31:57.672711956Z,bellOnInvocation,2026-02-02 12:31:57.682485+00:00,2026-02-02 12:31:57.682556+00:00
719bd78a58811b9da426aa070d40614f,2026-02-02T12:29:43.525251,0.07385257906596661,2026-02-02T12:29:43.85135396Z,gateUpInvocation,2026-02-02 12:29:43.857555+00:00,2026-02-02 12:29:43.857710+00:00
719bd78a58811b9da426aa070d40614f,2026-02-02T12:29:43.525251,0.07385257906596661,2026-02-02T12:29:43.85135396Z,gateUpInvocation,2026-02-02 12:29:43.861058+00:00,2026-02-02 12:29:43.861192+00:00
719bd78a58811b9da426aa070d40614f,2026-02-02T12:29:43.525251,0.07385257906596661,2026-02-02T12:29:43.85135396Z,lightOffInvocation,2026-02-02 12:29:43.858587+00:00,2026-02-02 12:29:43.858742+00:00
719bd78a58811b9da426aa070d40614f,2026-02-02T12:29:43.525251,0.07385257906596661,2026-02-02T12:29:43.85135396Z,bellOffInvocation,2026-02-02 12:29:43.859180+00:00,2026-02-02 12:29:43.859277+00:00
719bd78a58811b9da426aa070d40614f,2026-02-02T12:29:43.525251,0.07385257906596661,2026-02-02T12:29:43.85135396Z,bellOffInvocation,2026-02-02 12:29:43.860850+00:00,2026-02-02 12:29:43.860962+00:00
719bd78a58811b9da426aa070d40614f,2026-02-02T12:29:43.525251,0.07385257906596661,2026-02-02T12:29:43.85135396Z,lightOffInvocation,2026-02-02 12:29:43.857558+00:00,2026-02-02 12:29:43.857696+00:00
404082787325c71ff74ef22226a19372,2026-02-02T12:31:45.225140,0.09396812276976109,2026-02-02T12:31:44.556611055Z,lightOnInvocation,2026-02-02 12:31:44.560899+00:00,2026-02-02 12:31:44.560997+00:00
404082787325c71ff74ef22226a19372,2026-02-02T12:31:45.225140,0.09396812276976109,2026-02-02T12:31:44.556611055Z,gateDownAction,2026-02-02 12:31:46.561187+00:00,2026-02-02 12:31:46.561275+00:00
404082787325c71ff74ef22226a19372,2026-02-02T12:31:45.225140,0.09396812276976109,2026-02-02T12:31:44.556611055Z,bellOnInvocation,2026-02-02 12:31:44.560320+00:00,2026-02-02 12:31:44.560425+00:00
404082787325c71ff74ef22226a19372,2026-02-02T12:31:45.225140,0.09396812276976109,2026-02-02T12:31:44.556611055Z,lightOnAction,2026-02-02 12:31:46.561605+00:00,2026-02-02 12:31:46.561664+00:00
404082787325c71ff74ef22226a19372,2026-02-02T12:31:45.225140,0.09396812276976109,2026-02-02T12:31:44.556611055Z,gateDownInvocation,2026-02-02 12:31:44.559765+00:00,2026-02-02 12:31:44.559918+00:00
404082787325c71ff74ef22226a19372,2026-02-02T12:31:45.225140,0.09396812276976109,2026-02-02T12:31:44.556611055Z,gateDownAction,2026-02-02 12:31:46.562123+00:00,2026-02-02 12:31:46.562208+00:00
404082787325c71ff74ef22226a19372,2026-02-02T12:31:45.225140,0.09396812276976109,2026-02-02T12:31:44.556611055Z,bellOnAction,2026-02-02 12:31:46.561372+00:00,2026-02-02 12:31:46.561438+00:00
404082787325c71ff74ef22226a19372,2026-02-02T12:31:45.225140,0.09396812276976109,2026-02-02T12:31:44.556611055Z,lightOnAction,2026-02-02 12:31:46.560818+00:00,2026-02-02 12:31:46.560981+00:00
404082787325c71ff74ef22226a19372,2026-02-02T12:31:45.225140,0.09396812276976109,2026-02-02T12:31:44.556611055Z,bellOnInvocation,2026-02-02 12:31:44.561503+00:00,2026-02-02 12:31:44.561559+00:00
404082787325c71ff74ef22226a19372,2026-02-02T12:31:45.225140,0.09396812276976109,2026-02-02T12:31:44.556611055Z,lightOnInvocation,2026-02-02 12:31:44.559491+00:00,2026-02-02 12:31:44.559600+00:00
404082787325c71ff74ef22226a19372,2026-02-02T12:31:45.225140,0.09396812276976109,2026-02-02T12:31:44.556611055Z,bellOnAction,2026-02-02 12:31:46.560845+00:00,2026-02-02 12:31:46.560935+00:00
404082787325c71ff74ef22226a19372,2026-02-02T12:31:45.225140,0.09396812276976109,2026-02-02T12:31:44.556611055Z,gateDownInvocation,2026-02-02 12:31:44.559437+00:00,2026-02-02 12:31:44.559599+00:00
bb90c9a1f91afd2390ac575f391f1a5b,2026-02-02T12:31:53.942605,0.0954249511416316,2026-02-02T12:31:53.298648121Z,gateDownAction,2026-02-02 12:31:55.307769+00:00,2026-02-02 12:31:55.307880+00:00
bb90c9a1f91afd2390ac575f391f1a5b,2026-02-02T12:31:53.942605,0.0954249511416316,2026-02-02T12:31:53.298648121Z,lightOnInvocation,2026-02-02 12:31:53.305585+00:00,2026-02-02 12:31:53.305890+00:00
bb90c9a1f91afd2390ac575f391f1a5b,2026-02-02T12:31:53.942605,0.0954249511416316,2026-02-02T12:31:53.298648121Z,gateDownAction,2026-02-02 12:31:55.309125+00:00,2026-02-02 12:31:55.309232+00:00
bb90c9a1f91afd2390ac575f391f1a5b,2026-02-02T12:31:53.942605,0.0954249511416316,2026-02-02T12:31:53.298648121Z,lightOnAction,2026-02-02 12:31:55.310723+00:00,2026-02-02 12:31:55.310798+00:00
bb90c9a1f91afd2390ac575f391f1a5b,2026-02-02T12:31:53.942605,0.0954249511416316,2026-02-02T12:31:53.298648121Z,bellOnInvocation,2026-02-02 12:31:53.306597+00:00,2026-02-02 12:31:53.306941+00:00
bb90c9a1f91afd2390ac575f391f1a5b,2026-02-02T12:31:53.942605,0.0954249511416316,2026-02-02T12:31:53.298648121Z,bellOnAction,2026-02-02 12:31:55.310543+00:00,2026-02-02 12:31:55.310659+00:00
bb90c9a1f91afd2390ac575f391f1a5b,2026-02-02T12:31:53.942605,0.0954249511416316,2026-02-02T12:31:53.298648121Z,lightOnAction,2026-02-02 12:31:55.306673+00:00,2026-02-02 12:31:55.306765+00:00
bb90c9a1f91afd2390ac575f391f1a5b,2026-02-02T12:31:53.942605,0.0954249511416316,2026-02-02T12:31:53.298648121Z,bellOnInvocation,2026-02-02 12:31:53.309974+00:00,2026-02-02 12:31:53.310142+00:00
bb90c9a1f91afd2390ac575f391f1a5b,2026-02-02T12:31:53.942605,0.0954249511416316,2026-02-02T12:31:53.298648121Z,bellOnAction,2026-02-02 12:31:55.307878+00:00,2026-02-02 12:31:55.307992+00:00
bb90c9a1f91afd2390ac575f391f1a5b,2026-02-02T12:31:53.942605,0.0954249511416316,2026-02-02T12:31:53.298648121Z,gateDownInvocation,2026-02-02 12:31:53.307053+00:00,2026-02-02 12:31:53.307415+00:00
bb90c9a1f91afd2390ac575f391f1a5b,2026-02-02T12:31:53.942605,0.0954249511416316,2026-02-02T12:31:53.298648121Z,gateDownInvocation,2026-02-02 12:31:53.305608+00:00,2026-02-02 12:31:53.305986+00:00
bb90c9a1f91afd2390ac575f391f1a5b,2026-02-02T12:31:53.942605,0.0954249511416316,2026-02-02T12:31:53.298648121Z,lightOnInvocation,2026-02-02 12:31:53.309787+00:00,2026-02-02 12:31:53.310021+00:00
5a0aa93ae096791cea7a636e92747b48,2026-02-02T12:25:36.571332,0.03253105529704095,2026-02-02T12:25:35.897449623Z,lightOnAction,2026-02-02 12:25:37.912125+00:00,2026-02-02 12:25:37.912207+00:00
5a0aa93ae096791cea7a636e92747b48,2026-02-02T12:25:36.571332,0.03253105529704095,2026-02-02T12:25:35.897449623Z,gateDownAction,2026-02-02 12:25:37.909566+00:00,2026-02-02 12:25:37.909650+00:00
5a0aa93ae096791cea7a636e92747b48,2026-02-02T12:25:36.571332,0.03253105529704095,2026-02-02T12:25:35.897449623Z,gateDownAction,2026-02-02 12:25:37.911002+00:00,2026-02-02 12:25:37.911095+00:00
5a0aa93ae096791cea7a636e92747b48,2026-02-02T12:25:36.571332,0.03253105529704095,2026-02-02T12:25:35.897449623Z,gateDownInvocation,2026-02-02 12:25:35.907316+00:00,2026-02-02 12:25:35.907647+00:00
5a0aa93ae096791cea7a636e92747b48,2026-02-02T12:25:36.571332,0.03253105529704095,2026-02-02T12:25:35.897449623Z,bellOnAction,2026-02-02 12:25:37.915177+00:00,2026-02-02 12:25:37.915281+00:00
5a0aa93ae096791cea7a636e92747b48,2026-02-02T12:25:36.571332,0.03253105529704095,2026-02-02T12:25:35.897449623Z,lightOnInvocation,2026-02-02 12:25:35.909980+00:00,2026-02-02 12:25:35.910181+00:00
5a0aa93ae096791cea7a636e92747b48,2026-02-02T12:25:36.571332,0.03253105529704095,2026-02-02T12:25:35.897449623Z,bellOnInvocation,2026-02-02 12:25:35.913311+00:00,2026-02-02 12:25:35.913505+00:00
5a0aa93ae096791cea7a636e92747b48,2026-02-02T12:25:36.571332,0.03253105529704095,2026-02-02T12:25:35.897449623Z,lightOnAction,2026-02-02 12:25:37.911572+00:00,2026-02-02 12:25:37.911656+00:00
5a0aa93ae096791cea7a636e92747b48,2026-02-02T12:25:36.571332,0.03253105529704095,2026-02-02T12:25:35.897449623Z,bellOnAction,2026-02-02 12:25:37.916817+00:00,2026-02-02 12:25:37.916904+00:00
5a0aa93ae096791cea7a636e92747b48,2026-02-02T12:25:36.571332,0.03253105529704095,2026-02-02T12:25:35.897449623Z,gateDownInvocation,2026-02-02 12:25:35.907761+00:00,2026-02-02 12:25:35.908097+00:00
5a0aa93ae096791cea7a636e92747b48,2026-02-02T12:25:36.571332,0.03253105529704095,2026-02-02T12:25:35.897449623Z,lightOnInvocation,2026-02-02 12:25:35.910768+00:00,2026-02-02 12:25:35.911002+00:00
5a0aa93ae096791cea7a636e92747b48,2026-02-02T12:25:36.571332,0.03253105529704095,2026-02-02T12:25:35.897449623Z,bellOnInvocation,2026-02-02 12:25:35.909959+00:00,2026-02-02 12:25:35.912559+00:00
55342a43bff805b0af81bd393ca73e19,2026-02-02T12:28:34.030398,0.06227346926603318,2026-02-02T12:28:34.36975492Z,lightOffInvocation,2026-02-02 12:28:34.376571+00:00,2026-02-02 12:28:34.376625+00:00
55342a43bff805b0af81bd393ca73e19,2026-02-02T12:28:34.030398,0.06227346926603318,2026-02-02T12:28:34.36975492Z,gateUpInvocation,2026-02-02 12:28:34.377529+00:00,2026-02-02 12:28:34.377598+00:00
55342a43bff805b0af81bd393ca73e19,2026-02-02T12:28:34.030398,0.06227346926603318,2026-02-02T12:28:34.36975492Z,gateUpInvocation,2026-02-02 12:28:34.375343+00:00,2026-02-02 12:28:34.375414+00:00
55342a43bff805b0af81bd393ca73e19,2026-02-02T12:28:34.030398,0.06227346926603318,2026-02-02T12:28:34.36975492Z,bellOffInvocation,2026-02-02 12:28:34.375584+00:00,2026-02-02 12:28:34.375650+00:00
55342a43bff805b0af81bd393ca73e19,2026-02-02T12:28:34.030398,0.06227346926603318,2026-02-02T12:28:34.36975492Z,bellOffInvocation,2026-02-02 12:28:34.377385+00:00,2026-02-02 12:28:34.377439+00:00
55342a43bff805b0af81bd393ca73e19,2026-02-02T12:28:34.030398,0.06227346926603318,2026-02-02T12:28:34.36975492Z,lightOffInvocation,2026-02-02 12:28:34.375344+00:00,2026-02-02 12:28:34.375424+00:00
b88664a4026e12e593fcf4bcb916e148,2026-02-02T12:23:48.855093,0.01474495600861311,2026-02-02T12:23:49.170185089Z,bellOffInvocation,2026-02-02 12:23:49.180751+00:00,2026-02-02 12:23:49.180809+00:00
b88664a4026e12e593fcf4bcb916e148,2026-02-02T12:23:48.855093,0.01474495600861311,2026-02-02T12:23:49.170185089Z,bellOffInvocation,2026-02-02 12:23:49.179609+00:00,2026-02-02 12:23:49.179679+00:00
b88664a4026e12e593fcf4bcb916e148,2026-02-02T12:23:48.855093,0.01474495600861311,2026-02-02T12:23:49.170185089Z,lightOffInvocation,2026-02-02 12:23:49.178355+00:00,2026-02-02 12:23:49.178426+00:00
b88664a4026e12e593fcf4bcb916e148,2026-02-02T12:23:48.855093,0.01474495600861311,2026-02-02T12:23:49.170185089Z,gateUpInvocation,2026-02-02 12:23:49.179473+00:00,2026-02-02 12:23:49.179533+00:00
b88664a4026e12e593fcf4bcb916e148,2026-02-02T12:23:48.855093,0.01474495600861311,2026-02-02T12:23:49.170185089Z,gateUpInvocation,2026-02-02 12:23:49.176844+00:00,2026-02-02 12:23:49.176911+00:00
b88664a4026e12e593fcf4bcb916e148,2026-02-02T12:23:48.855093,0.01474495600861311,2026-02-02T12:23:49.170185089Z,lightOffInvocation,2026-02-02 12:23:49.176150+00:00,2026-02-02 12:23:49.176220+00:00
729710553713a161d4952841b33e196d,2026-02-02T12:31:06.036221,0.08743831367017031,2026-02-02T12:31:05.373897978Z,gateDownAction,2026-02-02 12:31:07.382034+00:00,2026-02-02 12:31:07.382062+00:00
729710553713a161d4952841b33e196d,2026-02-02T12:31:06.036221,0.08743831367017031,2026-02-02T12:31:05.373897978Z,bellOnAction,2026-02-02 12:31:07.385159+00:00,2026-02-02 12:31:07.385200+00:00
729710553713a161d4952841b33e196d,2026-02-02T12:31:06.036221,0.08743831367017031,2026-02-02T12:31:05.373897978Z,bellOnInvocation,2026-02-02 12:31:05.382065+00:00,2026-02-02 12:31:05.382207+00:00
729710553713a161d4952841b33e196d,2026-02-02T12:31:06.036221,0.08743831367017031,2026-02-02T12:31:05.373897978Z,gateDownInvocation,2026-02-02 12:31:05.384636+00:00,2026-02-02 12:31:05.384816+00:00
729710553713a161d4952841b33e196d,2026-02-02T12:31:06.036221,0.08743831367017031,2026-02-02T12:31:05.373897978Z,lightOnAction,2026-02-02 12:31:07.381080+00:00,2026-02-02 12:31:07.381112+00:00
729710553713a161d4952841b33e196d,2026-02-02T12:31:06.036221,0.08743831367017031,2026-02-02T12:31:05.373897978Z,bellOnInvocation,2026-02-02 12:31:05.383645+00:00,2026-02-02 12:31:05.383772+00:00
729710553713a161d4952841b33e196d,2026-02-02T12:31:06.036221,0.08743831367017031,2026-02-02T12:31:05.373897978Z,bellOnAction,2026-02-02 12:31:07.382840+00:00,2026-02-02 12:31:07.382882+00:00
729710553713a161d4952841b33e196d,2026-02-02T12:31:06.036221,0.08743831367017031,2026-02-02T12:31:05.373897978Z,gateDownAction,2026-02-02 12:31:07.385613+00:00,2026-02-02 12:31:07.385649+00:00
729710553713a161d4952841b33e196d,2026-02-02T12:31:06.036221,0.08743831367017031,2026-02-02T12:31:05.373897978Z,lightOnInvocation,2026-02-02 12:31:05.382559+00:00,2026-02-02 12:31:05.382751+00:00
729710553713a161d4952841b33e196d,2026-02-02T12:31:06.036221,0.08743831367017031,2026-02-02T12:31:05.373897978Z,lightOnAction,2026-02-02 12:31:07.383368+00:00,2026-02-02 12:31:07.383397+00:00
729710553713a161d4952841b33e196d,2026-02-02T12:31:06.036221,0.08743831367017031,2026-02-02T12:31:05.373897978Z,gateDownInvocation,2026-02-02 12:31:05.379998+00:00,2026-02-02 12:31:05.380256+00:00
729710553713a161d4952841b33e196d,2026-02-02T12:31:06.036221,0.08743831367017031,2026-02-02T12:31:05.373897978Z,lightOnInvocation,2026-02-02 12:31:05.379711+00:00,2026-02-02 12:31:05.379941+00:00
ff3feb37b7448e7699aba944bac8cadf,2026-02-02T12:28:03.664369,0.05704557514828444,2026-02-02T12:28:02.999314Z,bellOnInvocation,2026-02-02 12:28:03.007437+00:00,2026-02-02 12:28:03.007657+00:00
ff3feb37b7448e7699aba944bac8cadf,2026-02-02T12:28:03.664369,0.05704557514828444,2026-02-02T12:28:02.999314Z,bellOnInvocation,2026-02-02 12:28:03.009620+00:00,2026-02-02 12:28:03.009852+00:00
ff3feb37b7448e7699aba944bac8cadf,2026-02-02T12:28:03.664369,0.05704557514828444,2026-02-02T12:28:02.999314Z,gateDownAction,2026-02-02 12:28:05.010471+00:00,2026-02-02 12:28:05.010572+00:00
ff3feb37b7448e7699aba944bac8cadf,2026-02-02T12:28:03.664369,0.05704557514828444,2026-02-02T12:28:02.999314Z,gateDownAction,2026-02-02 12:28:05.007530+00:00,2026-02-02 12:28:05.007612+00:00
ff3feb37b7448e7699aba944bac8cadf,2026-02-02T12:28:03.664369,0.05704557514828444,2026-02-02T12:28:02.999314Z,gateDownInvocation,2026-02-02 12:28:03.009276+00:00,2026-02-02 12:28:03.009590+00:00
ff3feb37b7448e7699aba944bac8cadf,2026-02-02T12:28:03.664369,0.05704557514828444,2026-02-02T12:28:02.999314Z,lightOnInvocation,2026-02-02 12:28:03.007066+00:00,2026-02-02 12:28:03.007273+00:00
ff3feb37b7448e7699aba944bac8cadf,2026-02-02T12:28:03.664369,0.05704557514828444,2026-02-02T12:28:02.999314Z,bellOnAction,2026-02-02 12:28:05.010980+00:00,2026-02-02 12:28:05.011087+00:00
ff3feb37b7448e7699aba944bac8cadf,2026-02-02T12:28:03.664369,0.05704557514828444,2026-02-02T12:28:02.999314Z,bellOnAction,2026-02-02 12:28:05.009281+00:00,2026-02-02 12:28:05.009367+00:00
ff3feb37b7448e7699aba944bac8cadf,2026-02-02T12:28:03.664369,0.05704557514828444,2026-02-02T12:28:02.999314Z,lightOnAction,2026-02-02 12:28:05.008835+00:00,2026-02-02 12:28:05.008923+00:00
ff3feb37b7448e7699aba944bac8cadf,2026-02-02T12:28:03.664369,0.05704557514828444,2026-02-02T12:28:02.999314Z,gateDownInvocation,2026-02-02 12:28:03.006495+00:00,2026-02-02 12:28:03.006827+00:00
ff3feb37b7448e7699aba944bac8cadf,2026-02-02T12:28:03.664369,0.05704557514828444,2026-02-02T12:28:02.999314Z,lightOnAction,2026-02-02 12:28:05.007686+00:00,2026-02-02 12:28:05.007821+00:00
ff3feb37b7448e7699aba944bac8cadf,2026-02-02T12:28:03.664369,0.05704557514828444,2026-02-02T12:28:02.999314Z,lightOnInvocation,2026-02-02 12:28:03.006637+00:00,2026-02-02 12:28:03.006895+00:00
effd8f727bdfb68ac48f64b785f0a8c8,2026-02-02T12:22:31.354888,0.0016606916873812675,2026-02-02T12:22:30.656676185Z,lightOnAction,2026-02-02 12:22:32.670882+00:00,2026-02-02 12:22:32.670998+00:00
effd8f727bdfb68ac48f64b785f0a8c8,2026-02-02T12:22:31.354888,0.0016606916873812675,2026-02-02T12:22:30.656676185Z,bellOnInvocation,2026-02-02 12:22:30.673774+00:00,2026-02-02 12:22:30.673847+00:00
effd8f727bdfb68ac48f64b785f0a8c8,2026-02-02T12:22:31.354888,0.0016606916873812675,2026-02-02T12:22:30.656676185Z,bellOnAction,2026-02-02 12:22:32.674424+00:00,2026-02-02 12:22:32.674555+00:00
effd8f727bdfb68ac48f64b785f0a8c8,2026-02-02T12:22:31.354888,0.0016606916873812675,2026-02-02T12:22:30.656676185Z,bellOnInvocation,2026-02-02 12:22:30.673625+00:00,2026-02-02 12:22:30.673697+00:00
effd8f727bdfb68ac48f64b785f0a8c8,2026-02-02T12:22:31.354888,0.0016606916873812675,2026-02-02T12:22:30.656676185Z,gateDownAction,2026-02-02 12:22:32.672500+00:00,2026-02-02 12:22:32.672577+00:00
effd8f727bdfb68ac48f64b785f0a8c8,2026-02-02T12:22:31.354888,0.0016606916873812675,2026-02-02T12:22:30.656676185Z,lightOnInvocation,2026-02-02 12:22:30.673542+00:00,2026-02-02 12:22:30.673617+00:00
effd8f727bdfb68ac48f64b785f0a8c8,2026-02-02T12:22:31.354888,0.0016606916873812675,2026-02-02T12:22:30.656676185Z,gateDownInvocation,2026-02-02 12:22:30.672575+00:00,2026-02-02 12:22:30.672672+00:00
effd8f727bdfb68ac48f64b785f0a8c8,2026-02-02T12:22:31.354888,0.0016606916873812675,2026-02-02T12:22:30.656676185Z,lightOnAction,2026-02-02 12:22:32.673719+00:00,2026-02-02 12:22:32.673853+00:00
effd8f727bdfb68ac48f64b785f0a8c8,2026-02-02T12:22:31.354888,0.0016606916873812675,2026-02-02T12:22:30.656676185Z,lightOnInvocation,2026-02-02 12:22:30.670007+00:00,2026-02-02 12:22:30.670239+00:00
effd8f727bdfb68ac48f64b785f0a8c8,2026-02-02T12:22:31.354888,0.0016606916873812675,2026-02-02T12:22:30.656676185Z,bellOnAction,2026-02-02 12:22:32.675189+00:00,2026-02-02 12:22:32.675282+00:00
effd8f727bdfb68ac48f64b785f0a8c8,2026-02-02T12:22:31.354888,0.0016606916873812675,2026-02-02T12:22:30.656676185Z,gateDownAction,2026-02-02 12:22:32.673664+00:00,2026-02-02 12:22:32.673764+00:00
effd8f727bdfb68ac48f64b785f0a8c8,2026-02-02T12:22:31.354888,0.0016606916873812675,2026-02-02T12:22:30.656676185Z,gateDownInvocation,2026-02-02 12:22:30.671499+00:00,2026-02-02 12:22:30.671651+00:00
273b0d04e26f7ec4eabd0b4dd5c60b15,2026-02-02T12:29:08.814837,0.06807193563940526,2026-02-02T12:29:09.164140058Z,lightOffInvocation,2026-02-02 12:29:09.171039+00:00,2026-02-02 12:29:09.171213+00:00
273b0d04e26f7ec4eabd0b4dd5c60b15,2026-02-02T12:29:08.814837,0.06807193563940526,2026-02-02T12:29:09.164140058Z,bellOffInvocation,2026-02-02 12:29:09.176624+00:00,2026-02-02 12:29:09.176764+00:00
273b0d04e26f7ec4eabd0b4dd5c60b15,2026-02-02T12:29:08.814837,0.06807193563940526,2026-02-02T12:29:09.164140058Z,lightOffInvocation,2026-02-02 12:29:09.171726+00:00,2026-02-02 12:29:09.172029+00:00
273b0d04e26f7ec4eabd0b4dd5c60b15,2026-02-02T12:29:08.814837,0.06807193563940526,2026-02-02T12:29:09.164140058Z,gateUpInvocation,2026-02-02 12:29:09.174749+00:00,2026-02-02 12:29:09.174882+00:00
273b0d04e26f7ec4eabd0b4dd5c60b15,2026-02-02T12:29:08.814837,0.06807193563940526,2026-02-02T12:29:09.164140058Z,bellOffInvocation,2026-02-02 12:29:09.172548+00:00,2026-02-02 12:29:09.172695+00:00
273b0d04e26f7ec4eabd0b4dd5c60b15,2026-02-02T12:29:08.814837,0.06807193563940526,2026-02-02T12:29:09.164140058Z,gateUpInvocation,2026-02-02 12:29:09.170191+00:00,2026-02-02 12:29:09.171022+00:00
ff12c778af4db1075cdbde852464c493,2026-02-02T12:29:21.848960,0.07007763976320028,2026-02-02T12:29:21.199607299Z,lightOnInvocation,2026-02-02 12:29:21.210452+00:00,2026-02-02 12:29:21.210551+00:00
ff12c778af4db1075cdbde852464c493,2026-02-02T12:29:21.848960,0.07007763976320028,2026-02-02T12:29:21.199607299Z,bellOnAction,2026-02-02 12:29:23.212138+00:00,2026-02-02 12:29:23.212183+00:00
ff12c778af4db1075cdbde852464c493,2026-02-02T12:29:21.848960,0.07007763976320028,2026-02-02T12:29:21.199607299Z,gateDownInvocation,2026-02-02 12:29:21.210193+00:00,2026-02-02 12:29:21.210373+00:00
ff12c778af4db1075cdbde852464c493,2026-02-02T12:29:21.848960,0.07007763976320028,2026-02-02T12:29:21.199607299Z,gateDownAction,2026-02-02 12:29:23.211075+00:00,2026-02-02 12:29:23.211118+00:00
ff12c778af4db1075cdbde852464c493,2026-02-02T12:29:21.848960,0.07007763976320028,2026-02-02T12:29:21.199607299Z,gateDownAction,2026-02-02 12:29:23.211267+00:00,2026-02-02 12:29:23.211285+00:00
ff12c778af4db1075cdbde852464c493,2026-02-02T12:29:21.848960,0.07007763976320028,2026-02-02T12:29:21.199607299Z,lightOnAction,2026-02-02 12:29:23.210270+00:00,2026-02-02 12:29:23.210303+00:00
ff12c778af4db1075cdbde852464c493,2026-02-02T12:29:21.848960,0.07007763976320028,2026-02-02T12:29:21.199607299Z,bellOnInvocation,2026-02-02 12:29:21.210703+00:00,2026-02-02 12:29:21.210800+00:00
ff12c778af4db1075cdbde852464c493,2026-02-02T12:29:21.848960,0.07007763976320028,2026-02-02T12:29:21.199607299Z,lightOnInvocation,2026-02-02 12:29:21.209809+00:00,2026-02-02 12:29:21.209919+00:00
ff12c778af4db1075cdbde852464c493,2026-02-02T12:29:21.848960,0.07007763976320028,2026-02-02T12:29:21.199607299Z,bellOnInvocation,2026-02-02 12:29:21.215146+00:00,2026-02-02 12:29:21.215340+00:00
ff12c778af4db1075cdbde852464c493,2026-02-02T12:29:21.848960,0.07007763976320028,2026-02-02T12:29:21.199607299Z,gateDownInvocation,2026-02-02 12:29:21.210794+00:00,2026-02-02 12:29:21.210906+00:00
ff12c778af4db1075cdbde852464c493,2026-02-02T12:29:21.848960,0.07007763976320028,2026-02-02T12:29:21.199607299Z,lightOnAction,2026-02-02 12:29:23.211127+00:00,2026-02-02 12:29:23.211156+00:00
ff12c778af4db1075cdbde852464c493,2026-02-02T12:29:21.848960,0.07007763976320028,2026-02-02T12:29:21.199607299Z,bellOnAction,2026-02-02 12:29:23.216425+00:00,2026-02-02 12:29:23.216454+00:00
3fe36f7bb0a63b3d6a5261b7ab9e0a3d,2026-02-02T12:32:20.014882,0.09976306284791231,2026-02-02T12:32:19.329850429Z,gateDownAction,2026-02-02 12:32:21.338284+00:00,2026-02-02 12:32:21.338389+00:00
3fe36f7bb0a63b3d6a5261b7ab9e0a3d,2026-02-02T12:32:20.014882,0.09976306284791231,2026-02-02T12:32:19.329850429Z,lightOnInvocation,2026-02-02 12:32:19.336791+00:00,2026-02-02 12:32:19.336878+00:00
3fe36f7bb0a63b3d6a5261b7ab9e0a3d,2026-02-02T12:32:20.014882,0.09976306284791231,2026-02-02T12:32:19.329850429Z,lightOnAction,2026-02-02 12:32:21.336650+00:00,2026-02-02 12:32:21.336735+00:00
3fe36f7bb0a63b3d6a5261b7ab9e0a3d,2026-02-02T12:32:20.014882,0.09976306284791231,2026-02-02T12:32:19.329850429Z,gateDownAction,2026-02-02 12:32:21.335508+00:00,2026-02-02 12:32:21.335615+00:00
3fe36f7bb0a63b3d6a5261b7ab9e0a3d,2026-02-02T12:32:20.014882,0.09976306284791231,2026-02-02T12:32:19.329850429Z,lightOnInvocation,2026-02-02 12:32:19.335849+00:00,2026-02-02 12:32:19.336020+00:00
3fe36f7bb0a63b3d6a5261b7ab9e0a3d,2026-02-02T12:32:20.014882,0.09976306284791231,2026-02-02T12:32:19.329850429Z,bellOnInvocation,2026-02-02 12:32:19.335420+00:00,2026-02-02 12:32:19.335504+00:00
3fe36f7bb0a63b3d6a5261b7ab9e0a3d,2026-02-02T12:32:20.014882,0.09976306284791231,2026-02-02T12:32:19.329850429Z,lightOnAction,2026-02-02 12:32:21.337447+00:00,2026-02-02 12:32:21.337532+00:00
3fe36f7bb0a63b3d6a5261b7ab9e0a3d,2026-02-02T12:32:20.014882,0.09976306284791231,2026-02-02T12:32:19.329850429Z,bellOnAction,2026-02-02 12:32:21.335638+00:00,2026-02-02 12:32:21.335722+00:00
3fe36f7bb0a63b3d6a5261b7ab9e0a3d,2026-02-02T12:32:20.014882,0.09976306284791231,2026-02-02T12:32:19.329850429Z,bellOnInvocation,2026-02-02 12:32:19.337081+00:00,2026-02-02 12:32:19.337168+00:00
3fe36f7bb0a63b3d6a5261b7ab9e0a3d,2026-02-02T12:32:20.014882,0.09976306284791231,2026-02-02T12:32:19.329850429Z,bellOnAction,2026-02-02 12:32:21.338298+00:00,2026-02-02 12:32:21.338402+00:00
3fe36f7bb0a63b3d6a5261b7ab9e0a3d,2026-02-02T12:32:20.014882,0.09976306284791231,2026-02-02T12:32:19.329850429Z,gateDownInvocation,2026-02-02 12:32:19.335081+00:00,2026-02-02 12:32:19.335297+00:00
3fe36f7bb0a63b3d6a5261b7ab9e0a3d,2026-02-02T12:32:20.014882,0.09976306284791231,2026-02-02T12:32:19.329850429Z,gateDownInvocation,2026-02-02 12:32:19.337096+00:00,2026-02-02 12:32:19.337270+00:00
b8a6e476bf1246e572eb83de710d9562,2026-02-02T12:28:29.678369,0.06154660410950184,2026-02-02T12:28:30.008188028Z,bellOffInvocation,2026-02-02 12:28:30.020073+00:00,2026-02-02 12:28:30.020158+00:00
b8a6e476bf1246e572eb83de710d9562,2026-02-02T12:28:29.678369,0.06154660410950184,2026-02-02T12:28:30.008188028Z,bellOffInvocation,2026-02-02 12:28:30.018914+00:00,2026-02-02 12:28:30.019036+00:00
b8a6e476bf1246e572eb83de710d9562,2026-02-02T12:28:29.678369,0.06154660410950184,2026-02-02T12:28:30.008188028Z,gateUpInvocation,2026-02-02 12:28:30.018305+00:00,2026-02-02 12:28:30.018395+00:00
b8a6e476bf1246e572eb83de710d9562,2026-02-02T12:28:29.678369,0.06154660410950184,2026-02-02T12:28:30.008188028Z,lightOffInvocation,2026-02-02 12:28:30.016295+00:00,2026-02-02 12:28:30.016380+00:00
b8a6e476bf1246e572eb83de710d9562,2026-02-02T12:28:29.678369,0.06154660410950184,2026-02-02T12:28:30.008188028Z,lightOffInvocation,2026-02-02 12:28:30.016150+00:00,2026-02-02 12:28:30.016256+00:00
b8a6e476bf1246e572eb83de710d9562,2026-02-02T12:28:29.678369,0.06154660410950184,2026-02-02T12:28:30.008188028Z,gateUpInvocation,2026-02-02 12:28:30.016561+00:00,2026-02-02 12:28:30.016653+00:00
cffb78889826974caf2b264f8375f79f,2026-02-02T12:25:02.092954,0.02694886885391474,2026-02-02T12:25:02.400837367Z,lightOffInvocation,2026-02-02 12:25:02.404944+00:00,2026-02-02 12:25:02.405017+00:00
cffb78889826974caf2b264f8375f79f,2026-02-02T12:25:02.092954,0.02694886885391474,2026-02-02T12:25:02.400837367Z,gateUpInvocation,2026-02-02 12:25:02.405595+00:00,2026-02-02 12:25:02.405661+00:00
cffb78889826974caf2b264f8375f79f,2026-02-02T12:25:02.092954,0.02694886885391474,2026-02-02T12:25:02.400837367Z,gateUpInvocation,2026-02-02 12:25:02.405892+00:00,2026-02-02 12:25:02.405938+00:00
cffb78889826974caf2b264f8375f79f,2026-02-02T12:25:02.092954,0.02694886885391474,2026-02-02T12:25:02.400837367Z,lightOffInvocation,2026-02-02 12:25:02.404929+00:00,2026-02-02 12:25:02.405005+00:00
cffb78889826974caf2b264f8375f79f,2026-02-02T12:25:02.092954,0.02694886885391474,2026-02-02T12:25:02.400837367Z,bellOffInvocation,2026-02-02 12:25:02.406175+00:00,2026-02-02 12:25:02.406218+00:00
cffb78889826974caf2b264f8375f79f,2026-02-02T12:25:02.092954,0.02694886885391474,2026-02-02T12:25:02.400837367Z,bellOffInvocation,2026-02-02 12:25:02.407952+00:00,2026-02-02 12:25:02.407986+00:00
e0bf6389f2de46cf2a2cab32419fd764,2026-02-02T12:27:02.927137,0.04692506558910609,2026-02-02T12:27:02.270199189Z,gateDownAction,2026-02-02 12:27:04.286441+00:00,2026-02-02 12:27:04.286508+00:00
e0bf6389f2de46cf2a2cab32419fd764,2026-02-02T12:27:02.927137,0.04692506558910609,2026-02-02T12:27:02.270199189Z,bellOnInvocation,2026-02-02 12:27:02.283441+00:00,2026-02-02 12:27:02.283590+00:00
e0bf6389f2de46cf2a2cab32419fd764,2026-02-02T12:27:02.927137,0.04692506558910609,2026-02-02T12:27:02.270199189Z,lightOnInvocation,2026-02-02 12:27:02.280342+00:00,2026-02-02 12:27:02.280512+00:00
e0bf6389f2de46cf2a2cab32419fd764,2026-02-02T12:27:02.927137,0.04692506558910609,2026-02-02T12:27:02.270199189Z,gateDownInvocation,2026-02-02 12:27:02.285693+00:00,2026-02-02 12:27:02.285982+00:00
e0bf6389f2de46cf2a2cab32419fd764,2026-02-02T12:27:02.927137,0.04692506558910609,2026-02-02T12:27:02.270199189Z,lightOnAction,2026-02-02 12:27:04.284855+00:00,2026-02-02 12:27:04.284966+00:00
e0bf6389f2de46cf2a2cab32419fd764,2026-02-02T12:27:02.927137,0.04692506558910609,2026-02-02T12:27:02.270199189Z,gateDownInvocation,2026-02-02 12:27:02.279400+00:00,2026-02-02 12:27:02.279681+00:00
e0bf6389f2de46cf2a2cab32419fd764,2026-02-02T12:27:02.927137,0.04692506558910609,2026-02-02T12:27:02.270199189Z,gateDownAction,2026-02-02 12:27:04.281269+00:00,2026-02-02 12:27:04.281360+00:00
e0bf6389f2de46cf2a2cab32419fd764,2026-02-02T12:27:02.927137,0.04692506558910609,2026-02-02T12:27:02.270199189Z,bellOnAction,2026-02-02 12:27:04.284799+00:00,2026-02-02 12:27:04.284886+00:00
e0bf6389f2de46cf2a2cab32419fd764,2026-02-02T12:27:02.927137,0.04692506558910609,2026-02-02T12:27:02.270199189Z,lightOnAction,2026-02-02 12:27:04.281249+00:00,2026-02-02 12:27:04.281342+00:00
e0bf6389f2de46cf2a2cab32419fd764,2026-02-02T12:27:02.927137,0.04692506558910609,2026-02-02T12:27:02.270199189Z,bellOnInvocation,2026-02-02 12:27:02.281513+00:00,2026-02-02 12:27:02.281648+00:00
e0bf6389f2de46cf2a2cab32419fd764,2026-02-02T12:27:02.927137,0.04692506558910609,2026-02-02T12:27:02.270199189Z,lightOnInvocation,2026-02-02 12:27:02.279617+00:00,2026-02-02 12:27:02.279776+00:00
e0bf6389f2de46cf2a2cab32419fd764,2026-02-02T12:27:02.927137,0.04692506558910609,2026-02-02T12:27:02.270199189Z,bellOnAction,2026-02-02 12:27:04.282825+00:00,2026-02-02 12:27:04.282895+00:00
562e7d6f0154f52429974edca7e725ca,2026-02-02T12:22:31.354888,0.001827226344060898,2026-02-02T12:22:31.655949846Z,gateUpInvocation,2026-02-02 12:22:31.662882+00:00,2026-02-02 12:22:31.662999+00:00
562e7d6f0154f52429974edca7e725ca,2026-02-02T12:22:31.354888,0.001827226344060898,2026-02-02T12:22:31.655949846Z,gateUpInvocation,2026-02-02 12:22:31.664793+00:00,2026-02-02 12:22:31.664853+00:00
562e7d6f0154f52429974edca7e725ca,2026-02-02T12:22:31.354888,0.001827226344060898,2026-02-02T12:22:31.655949846Z,bellOffInvocation,2026-02-02 12:22:31.665310+00:00,2026-02-02 12:22:31.665377+00:00
562e7d6f0154f52429974edca7e725ca,2026-02-02T12:22:31.354888,0.001827226344060898,2026-02-02T12:22:31.655949846Z,lightOffInvocation,2026-02-02 12:22:31.666111+00:00,2026-02-02 12:22:31.666164+00:00
562e7d6f0154f52429974edca7e725ca,2026-02-02T12:22:31.354888,0.001827226344060898,2026-02-02T12:22:31.655949846Z,lightOffInvocation,2026-02-02 12:22:31.663953+00:00,2026-02-02 12:22:31.664030+00:00
562e7d6f0154f52429974edca7e725ca,2026-02-02T12:22:31.354888,0.001827226344060898,2026-02-02T12:22:31.655949846Z,bellOffInvocation,2026-02-02 12:22:31.664895+00:00,2026-02-02 12:22:31.664955+00:00
42720b4b8743cbd8dc17970774b0a2f5,2026-02-02T12:23:35.918309,0.012586744573140143,2026-02-02T12:23:36.219490601Z,bellOffInvocation,2026-02-02 12:23:36.225705+00:00,2026-02-02 12:23:36.225749+00:00
42720b4b8743cbd8dc17970774b0a2f5,2026-02-02T12:23:35.918309,0.012586744573140143,2026-02-02T12:23:36.219490601Z,lightOffInvocation,2026-02-02 12:23:36.226364+00:00,2026-02-02 12:23:36.226406+00:00
42720b4b8743cbd8dc17970774b0a2f5,2026-02-02T12:23:35.918309,0.012586744573140143,2026-02-02T12:23:36.219490601Z,gateUpInvocation,2026-02-02 12:23:36.223179+00:00,2026-02-02 12:23:36.223228+00:00
42720b4b8743cbd8dc17970774b0a2f5,2026-02-02T12:23:35.918309,0.012586744573140143,2026-02-02T12:23:36.219490601Z,lightOffInvocation,2026-02-02 12:23:36.224486+00:00,2026-02-02 12:23:36.224544+00:00
42720b4b8743cbd8dc17970774b0a2f5,2026-02-02T12:23:35.918309,0.012586744573140143,2026-02-02T12:23:36.219490601Z,bellOffInvocation,2026-02-02 12:23:36.225155+00:00,2026-02-02 12:23:36.225199+00:00
42720b4b8743cbd8dc17970774b0a2f5,2026-02-02T12:23:35.918309,0.012586744573140143,2026-02-02T12:23:36.219490601Z,gateUpInvocation,2026-02-02 12:23:36.224014+00:00,2026-02-02 12:23:36.224058+00:00
29eab6a0d834f089867c6ca969b1bb4f,2026-02-02T12:32:11.298247,0.09848983056727649,2026-02-02T12:32:11.689639075Z,gateUpInvocation,2026-02-02 12:32:11.701372+00:00,2026-02-02 12:32:11.701415+00:00
29eab6a0d834f089867c6ca969b1bb4f,2026-02-02T12:32:11.298247,0.09848983056727649,2026-02-02T12:32:11.689639075Z,gateUpInvocation,2026-02-02 12:32:11.697544+00:00,2026-02-02 12:32:11.697600+00:00
29eab6a0d834f089867c6ca969b1bb4f,2026-02-02T12:32:11.298247,0.09848983056727649,2026-02-02T12:32:11.689639075Z,lightOffInvocation,2026-02-02 12:32:11.700639+00:00,2026-02-02 12:32:11.700692+00:00
29eab6a0d834f089867c6ca969b1bb4f,2026-02-02T12:32:11.298247,0.09848983056727649,2026-02-02T12:32:11.689639075Z,bellOffInvocation,2026-02-02 12:32:11.698634+00:00,2026-02-02 12:32:11.698695+00:00
29eab6a0d834f089867c6ca969b1bb4f,2026-02-02T12:32:11.298247,0.09848983056727649,2026-02-02T12:32:11.689639075Z,lightOffInvocation,2026-02-02 12:32:11.695796+00:00,2026-02-02 12:32:11.695862+00:00
29eab6a0d834f089867c6ca969b1bb4f,2026-02-02T12:32:11.298247,0.09848983056727649,2026-02-02T12:32:11.689639075Z,bellOffInvocation,2026-02-02 12:32:11.701400+00:00,2026-02-02 12:32:11.701451+00:00
8f639b18ae338f0572e62578c56b1f57,2026-02-02T12:29:39.209780,0.07296845022542477,2026-02-02T12:29:38.546136758Z,gateDownAction,2026-02-02 12:29:40.553483+00:00,2026-02-02 12:29:40.553574+00:00
8f639b18ae338f0572e62578c56b1f57,2026-02-02T12:29:39.209780,0.07296845022542477,2026-02-02T12:29:38.546136758Z,bellOnInvocation,2026-02-02 12:29:38.554474+00:00,2026-02-02 12:29:38.554599+00:00
8f639b18ae338f0572e62578c56b1f57,2026-02-02T12:29:39.209780,0.07296845022542477,2026-02-02T12:29:38.546136758Z,lightOnInvocation,2026-02-02 12:29:38.552248+00:00,2026-02-02 12:29:38.552380+00:00
8f639b18ae338f0572e62578c56b1f57,2026-02-02T12:29:39.209780,0.07296845022542477,2026-02-02T12:29:38.546136758Z,bellOnAction,2026-02-02 12:29:40.555842+00:00,2026-02-02 12:29:40.555932+00:00
8f639b18ae338f0572e62578c56b1f57,2026-02-02T12:29:39.209780,0.07296845022542477,2026-02-02T12:29:38.546136758Z,gateDownInvocation,2026-02-02 12:29:38.554937+00:00,2026-02-02 12:29:38.555121+00:00
8f639b18ae338f0572e62578c56b1f57,2026-02-02T12:29:39.209780,0.07296845022542477,2026-02-02T12:29:38.546136758Z,bellOnInvocation,2026-02-02 12:29:38.560492+00:00,2026-02-02 12:29:38.560595+00:00
8f639b18ae338f0572e62578c56b1f57,2026-02-02T12:29:39.209780,0.07296845022542477,2026-02-02T12:29:38.546136758Z,lightOnAction,2026-02-02 12:29:40.555027+00:00,2026-02-02 12:29:40.555118+00:00
8f639b18ae338f0572e62578c56b1f57,2026-02-02T12:29:39.209780,0.07296845022542477,2026-02-02T12:29:38.546136758Z,gateDownAction,2026-02-02 12:29:40.555431+00:00,2026-02-02 12:29:40.555485+00:00
8f639b18ae338f0572e62578c56b1f57,2026-02-02T12:29:39.209780,0.07296845022542477,2026-02-02T12:29:38.546136758Z,lightOnInvocation,2026-02-02 12:29:38.553414+00:00,2026-02-02 12:29:38.553538+00:00
8f639b18ae338f0572e62578c56b1f57,2026-02-02T12:29:39.209780,0.07296845022542477,2026-02-02T12:29:38.546136758Z,bellOnAction,2026-02-02 12:29:40.560496+00:00,2026-02-02 12:29:40.560564+00:00
8f639b18ae338f0572e62578c56b1f57,2026-02-02T12:29:39.209780,0.07296845022542477,2026-02-02T12:29:38.546136758Z,lightOnAction,2026-02-02 12:29:40.554292+00:00,2026-02-02 12:29:40.554383+00:00
8f639b18ae338f0572e62578c56b1f57,2026-02-02T12:29:39.209780,0.07296845022542477,2026-02-02T12:29:38.546136758Z,gateDownInvocation,2026-02-02 12:29:38.552166+00:00,2026-02-02 12:29:38.552380+00:00
e4150d193fc5b3261509ab873d230f91,2026-02-02T12:29:47.876187,0.07441737346754075,2026-02-02T12:29:47.240550419Z,bellOnInvocation,2026-02-02 12:29:47.246380+00:00,2026-02-02 12:29:47.246457+00:00
e4150d193fc5b3261509ab873d230f91,2026-02-02T12:29:47.876187,0.07441737346754075,2026-02-02T12:29:47.240550419Z,gateDownAction,2026-02-02 12:29:49.246721+00:00,2026-02-02 12:29:49.246810+00:00
e4150d193fc5b3261509ab873d230f91,2026-02-02T12:29:47.876187,0.07441737346754075,2026-02-02T12:29:47.240550419Z,bellOnInvocation,2026-02-02 12:29:47.247156+00:00,2026-02-02 12:29:47.247221+00:00
e4150d193fc5b3261509ab873d230f91,2026-02-02T12:29:47.876187,0.07441737346754075,2026-02-02T12:29:47.240550419Z,lightOnInvocation,2026-02-02 12:29:47.245372+00:00,2026-02-02 12:29:47.245430+00:00
e4150d193fc5b3261509ab873d230f91,2026-02-02T12:29:47.876187,0.07441737346754075,2026-02-02T12:29:47.240550419Z,lightOnAction,2026-02-02 12:29:49.246846+00:00,2026-02-02 12:29:49.246932+00:00
e4150d193fc5b3261509ab873d230f91,2026-02-02T12:29:47.876187,0.07441737346754075,2026-02-02T12:29:47.240550419Z,bellOnAction,2026-02-02 12:29:49.247622+00:00,2026-02-02 12:29:49.247683+00:00
e4150d193fc5b3261509ab873d230f91,2026-02-02T12:29:47.876187,0.07441737346754075,2026-02-02T12:29:47.240550419Z,lightOnInvocation,2026-02-02 12:29:47.246374+00:00,2026-02-02 12:29:47.246416+00:00
e4150d193fc5b3261509ab873d230f91,2026-02-02T12:29:47.876187,0.07441737346754075,2026-02-02T12:29:47.240550419Z,lightOnAction,2026-02-02 12:29:49.246217+00:00,2026-02-02 12:29:49.246322+00:00
e4150d193fc5b3261509ab873d230f91,2026-02-02T12:29:47.876187,0.07441737346754075,2026-02-02T12:29:47.240550419Z,gateDownInvocation,2026-02-02 12:29:47.245452+00:00,2026-02-02 12:29:47.245548+00:00
e4150d193fc5b3261509ab873d230f91,2026-02-02T12:29:47.876187,0.07441737346754075,2026-02-02T12:29:47.240550419Z,gateDownAction,2026-02-02 12:29:49.247278+00:00,2026-02-02 12:29:49.247338+00:00
e4150d193fc5b3261509ab873d230f91,2026-02-02T12:29:47.876187,0.07441737346754075,2026-02-02T12:29:47.240550419Z,gateDownInvocation,2026-02-02 12:29:47.246743+00:00,2026-02-02 12:29:47.246787+00:00
e4150d193fc5b3261509ab873d230f91,2026-02-02T12:29:47.876187,0.07441737346754075,2026-02-02T12:29:47.240550419Z,bellOnAction,2026-02-02 12:29:49.247194+00:00,2026-02-02 12:29:49.247283+00:00
109780d2ed2e7d6460e50f505f36e3b8,2026-02-02T12:27:54.993439,0.05576732847274543,2026-02-02T12:27:55.328996704Z,gateUpInvocation,2026-02-02 12:27:55.336405+00:00,2026-02-02 12:27:55.336556+00:00
109780d2ed2e7d6460e50f505f36e3b8,2026-02-02T12:27:54.993439,0.05576732847274543,2026-02-02T12:27:55.328996704Z,bellOffInvocation,2026-02-02 12:27:55.339091+00:00,2026-02-02 12:27:55.339235+00:00
109780d2ed2e7d6460e50f505f36e3b8,2026-02-02T12:27:54.993439,0.05576732847274543,2026-02-02T12:27:55.328996704Z,bellOffInvocation,2026-02-02 12:27:55.337424+00:00,2026-02-02 12:27:55.337574+00:00
109780d2ed2e7d6460e50f505f36e3b8,2026-02-02T12:27:54.993439,0.05576732847274543,2026-02-02T12:27:55.328996704Z,gateUpInvocation,2026-02-02 12:27:55.337269+00:00,2026-02-02 12:27:55.337411+00:00
109780d2ed2e7d6460e50f505f36e3b8,2026-02-02T12:27:54.993439,0.05576732847274543,2026-02-02T12:27:55.328996704Z,lightOffInvocation,2026-02-02 12:27:55.336405+00:00,2026-02-02 12:27:55.336546+00:00
109780d2ed2e7d6460e50f505f36e3b8,2026-02-02T12:27:54.993439,0.05576732847274543,2026-02-02T12:27:55.328996704Z,lightOffInvocation,2026-02-02 12:27:55.339426+00:00,2026-02-02 12:27:55.339570+00:00
64fe9a5928862483ccd477c8f2934894,2026-02-02T12:29:34.852245,0.07224138859189749,2026-02-02T12:29:34.1832596Z,gateDownAction,2026-02-02 12:29:36.191798+00:00,2026-02-02 12:29:36.191854+00:00
64fe9a5928862483ccd477c8f2934894,2026-02-02T12:29:34.852245,0.07224138859189749,2026-02-02T12:29:34.1832596Z,bellOnInvocation,2026-02-02 12:29:34.190184+00:00,2026-02-02 12:29:34.190265+00:00
64fe9a5928862483ccd477c8f2934894,2026-02-02T12:29:34.852245,0.07224138859189749,2026-02-02T12:29:34.1832596Z,lightOnAction,2026-02-02 12:29:36.187808+00:00,2026-02-02 12:29:36.187866+00:00
64fe9a5928862483ccd477c8f2934894,2026-02-02T12:29:34.852245,0.07224138859189749,2026-02-02T12:29:34.1832596Z,gateDownAction,2026-02-02 12:29:36.188184+00:00,2026-02-02 12:29:36.188243+00:00
64fe9a5928862483ccd477c8f2934894,2026-02-02T12:29:34.852245,0.07224138859189749,2026-02-02T12:29:34.1832596Z,lightOnAction,2026-02-02 12:29:36.188336+00:00,2026-02-02 12:29:36.188396+00:00
64fe9a5928862483ccd477c8f2934894,2026-02-02T12:29:34.852245,0.07224138859189749,2026-02-02T12:29:34.1832596Z,gateDownInvocation,2026-02-02 12:29:34.186371+00:00,2026-02-02 12:29:34.186480+00:00
64fe9a5928862483ccd477c8f2934894,2026-02-02T12:29:34.852245,0.07224138859189749,2026-02-02T12:29:34.1832596Z,lightOnInvocation,2026-02-02 12:29:34.186606+00:00,2026-02-02 12:29:34.186689+00:00
64fe9a5928862483ccd477c8f2934894,2026-02-02T12:29:34.852245,0.07224138859189749,2026-02-02T12:29:34.1832596Z,gateDownInvocation,2026-02-02 12:29:34.189201+00:00,2026-02-02 12:29:34.189361+00:00
64fe9a5928862483ccd477c8f2934894,2026-02-02T12:29:34.852245,0.07224138859189749,2026-02-02T12:29:34.1832596Z,bellOnInvocation,2026-02-02 12:29:34.187534+00:00,2026-02-02 12:29:34.187593+00:00
64fe9a5928862483ccd477c8f2934894,2026-02-02T12:29:34.852245,0.07224138859189749,2026-02-02T12:29:34.1832596Z,bellOnAction,2026-02-02 12:29:36.187514+00:00,2026-02-02 12:29:36.187579+00:00
64fe9a5928862483ccd477c8f2934894,2026-02-02T12:29:34.852245,0.07224138859189749,2026-02-02T12:29:34.1832596Z,lightOnInvocation,2026-02-02 12:29:34.186434+00:00,2026-02-02 12:29:34.186523+00:00
64fe9a5928862483ccd477c8f2934894,2026-02-02T12:29:34.852245,0.07224138859189749,2026-02-02T12:29:34.1832596Z,bellOnAction,2026-02-02 12:29:36.191303+00:00,2026-02-02 12:29:36.191363+00:00
c5c67ec71417805af415d1ed8154892d,2026-02-02T12:30:27.012355,0.08110882897945644,2026-02-02T12:30:27.393157458Z,bellOffInvocation,2026-02-02 12:30:27.398918+00:00,2026-02-02 12:30:27.398972+00:00
c5c67ec71417805af415d1ed8154892d,2026-02-02T12:30:27.012355,0.08110882897945644,2026-02-02T12:30:27.393157458Z,lightOffInvocation,2026-02-02 12:30:27.397134+00:00,2026-02-02 12:30:27.397193+00:00
c5c67ec71417805af415d1ed8154892d,2026-02-02T12:30:27.012355,0.08110882897945644,2026-02-02T12:30:27.393157458Z,gateUpInvocation,2026-02-02 12:30:27.398414+00:00,2026-02-02 12:30:27.398481+00:00
c5c67ec71417805af415d1ed8154892d,2026-02-02T12:30:27.012355,0.08110882897945644,2026-02-02T12:30:27.393157458Z,lightOffInvocation,2026-02-02 12:30:27.397130+00:00,2026-02-02 12:30:27.397222+00:00
c5c67ec71417805af415d1ed8154892d,2026-02-02T12:30:27.012355,0.08110882897945644,2026-02-02T12:30:27.393157458Z,bellOffInvocation,2026-02-02 12:30:27.397649+00:00,2026-02-02 12:30:27.397732+00:00
c5c67ec71417805af415d1ed8154892d,2026-02-02T12:30:27.012355,0.08110882897945644,2026-02-02T12:30:27.393157458Z,gateUpInvocation,2026-02-02 12:30:27.397594+00:00,2026-02-02 12:30:27.397652+00:00
310cce12a7c9a341da03d0528ec6411d,2026-02-02T12:29:39.209780,0.07314147740384341,2026-02-02T12:29:39.584301363Z,bellOffInvocation,2026-02-02 12:29:39.589895+00:00,2026-02-02 12:29:39.589995+00:00
310cce12a7c9a341da03d0528ec6411d,2026-02-02T12:29:39.209780,0.07314147740384341,2026-02-02T12:29:39.584301363Z,gateUpInvocation,2026-02-02 12:29:39.589236+00:00,2026-02-02 12:29:39.589299+00:00
310cce12a7c9a341da03d0528ec6411d,2026-02-02T12:29:39.209780,0.07314147740384341,2026-02-02T12:29:39.584301363Z,bellOffInvocation,2026-02-02 12:29:39.590896+00:00,2026-02-02 12:29:39.590953+00:00
310cce12a7c9a341da03d0528ec6411d,2026-02-02T12:29:39.209780,0.07314147740384341,2026-02-02T12:29:39.584301363Z,gateUpInvocation,2026-02-02 12:29:39.589461+00:00,2026-02-02 12:29:39.589545+00:00
310cce12a7c9a341da03d0528ec6411d,2026-02-02T12:29:39.209780,0.07314147740384341,2026-02-02T12:29:39.584301363Z,lightOffInvocation,2026-02-02 12:29:39.589189+00:00,2026-02-02 12:29:39.589268+00:00
310cce12a7c9a341da03d0528ec6411d,2026-02-02T12:29:39.209780,0.07314147740384341,2026-02-02T12:29:39.584301363Z,lightOffInvocation,2026-02-02 12:29:39.590498+00:00,2026-02-02 12:29:39.590540+00:00
38a0a7e0df54cb21556b92eb435181d2,2026-02-02T12:32:11.298247,0.09832336278032065,2026-02-02T12:32:10.690886658Z,lightOnInvocation,2026-02-02 12:32:10.700383+00:00,2026-02-02 12:32:10.700485+00:00
38a0a7e0df54cb21556b92eb435181d2,2026-02-02T12:32:11.298247,0.09832336278032065,2026-02-02T12:32:10.690886658Z,bellOnInvocation,2026-02-02 12:32:10.699168+00:00,2026-02-02 12:32:10.699263+00:00
38a0a7e0df54cb21556b92eb435181d2,2026-02-02T12:32:11.298247,0.09832336278032065,2026-02-02T12:32:10.690886658Z,bellOnAction,2026-02-02 12:32:12.703067+00:00,2026-02-02 12:32:12.703171+00:00
38a0a7e0df54cb21556b92eb435181d2,2026-02-02T12:32:11.298247,0.09832336278032065,2026-02-02T12:32:10.690886658Z,gateDownInvocation,2026-02-02 12:32:10.698640+00:00,2026-02-02 12:32:10.698793+00:00
38a0a7e0df54cb21556b92eb435181d2,2026-02-02T12:32:11.298247,0.09832336278032065,2026-02-02T12:32:10.690886658Z,gateDownInvocation,2026-02-02 12:32:10.698268+00:00,2026-02-02 12:32:10.698428+00:00
38a0a7e0df54cb21556b92eb435181d2,2026-02-02T12:32:11.298247,0.09832336278032065,2026-02-02T12:32:10.690886658Z,lightOnInvocation,2026-02-02 12:32:10.699160+00:00,2026-02-02 12:32:10.699259+00:00
38a0a7e0df54cb21556b92eb435181d2,2026-02-02T12:32:11.298247,0.09832336278032065,2026-02-02T12:32:10.690886658Z,lightOnAction,2026-02-02 12:32:12.700823+00:00,2026-02-02 12:32:12.700912+00:00
38a0a7e0df54cb21556b92eb435181d2,2026-02-02T12:32:11.298247,0.09832336278032065,2026-02-02T12:32:10.690886658Z,gateDownAction,2026-02-02 12:32:12.701504+00:00,2026-02-02 12:32:12.701588+00:00
38a0a7e0df54cb21556b92eb435181d2,2026-02-02T12:32:11.298247,0.09832336278032065,2026-02-02T12:32:10.690886658Z,bellOnAction,2026-02-02 12:32:12.699486+00:00,2026-02-02 12:32:12.699580+00:00
38a0a7e0df54cb21556b92eb435181d2,2026-02-02T12:32:11.298247,0.09832336278032065,2026-02-02T12:32:10.690886658Z,gateDownAction,2026-02-02 12:32:12.699294+00:00,2026-02-02 12:32:12.699380+00:00
38a0a7e0df54cb21556b92eb435181d2,2026-02-02T12:32:11.298247,0.09832336278032065,2026-02-02T12:32:10.690886658Z,lightOnAction,2026-02-02 12:32:12.700842+00:00,2026-02-02 12:32:12.700916+00:00
38a0a7e0df54cb21556b92eb435181d2,2026-02-02T12:32:11.298247,0.09832336278032065,2026-02-02T12:32:10.690886658Z,bellOnInvocation,2026-02-02 12:32:10.702563+00:00,2026-02-02 12:32:10.702646+00:00
b0fbe0d403d474d2ad90c5683d7a7315,2026-02-02T12:32:02.612367,0.09687285552437305,2026-02-02T12:32:01.98672276Z,gateDownInvocation,2026-02-02 12:32:01.989302+00:00,2026-02-02 12:32:01.989376+00:00
b0fbe0d403d474d2ad90c5683d7a7315,2026-02-02T12:32:02.612367,0.09687285552437305,2026-02-02T12:32:01.98672276Z,bellOnAction,2026-02-02 12:32:03.990833+00:00,2026-02-02 12:32:03.990917+00:00
b0fbe0d403d474d2ad90c5683d7a7315,2026-02-02T12:32:02.612367,0.09687285552437305,2026-02-02T12:32:01.98672276Z,gateDownAction,2026-02-02 12:32:03.991401+00:00,2026-02-02 12:32:03.991464+00:00
b0fbe0d403d474d2ad90c5683d7a7315,2026-02-02T12:32:02.612367,0.09687285552437305,2026-02-02T12:32:01.98672276Z,gateDownInvocation,2026-02-02 12:32:01.991018+00:00,2026-02-02 12:32:01.991093+00:00
b0fbe0d403d474d2ad90c5683d7a7315,2026-02-02T12:32:02.612367,0.09687285552437305,2026-02-02T12:32:01.98672276Z,gateDownAction,2026-02-02 12:32:03.989867+00:00,2026-02-02 12:32:03.990009+00:00
b0fbe0d403d474d2ad90c5683d7a7315,2026-02-02T12:32:02.612367,0.09687285552437305,2026-02-02T12:32:01.98672276Z,lightOnAction,2026-02-02 12:32:03.990919+00:00,2026-02-02 12:32:03.991038+00:00
b0fbe0d403d474d2ad90c5683d7a7315,2026-02-02T12:32:02.612367,0.09687285552437305,2026-02-02T12:32:01.98672276Z,bellOnInvocation,2026-02-02 12:32:01.989962+00:00,2026-02-02 12:32:01.990036+00:00
b0fbe0d403d474d2ad90c5683d7a7315,2026-02-02T12:32:02.612367,0.09687285552437305,2026-02-02T12:32:01.98672276Z,bellOnAction,2026-02-02 12:32:03.991234+00:00,2026-02-02 12:32:03.991284+00:00
b0fbe0d403d474d2ad90c5683d7a7315,2026-02-02T12:32:02.612367,0.09687285552437305,2026-02-02T12:32:01.98672276Z,lightOnInvocation,2026-02-02 12:32:01.989551+00:00,2026-02-02 12:32:01.989616+00:00
b0fbe0d403d474d2ad90c5683d7a7315,2026-02-02T12:32:02.612367,0.09687285552437305,2026-02-02T12:32:01.98672276Z,lightOnAction,2026-02-02 12:32:03.990227+00:00,2026-02-02 12:32:03.990315+00:00
b0fbe0d403d474d2ad90c5683d7a7315,2026-02-02T12:32:02.612367,0.09687285552437305,2026-02-02T12:32:01.98672276Z,lightOnInvocation,2026-02-02 12:32:01.990447+00:00,2026-02-02 12:32:01.990522+00:00
b0fbe0d403d474d2ad90c5683d7a7315,2026-02-02T12:32:02.612367,0.09687285552437305,2026-02-02T12:32:01.98672276Z,bellOnInvocation,2026-02-02 12:32:01.990646+00:00,2026-02-02 12:32:01.990689+00:00
fd0269420f32ff8e30d0fb07e681e2b0,2026-02-02T12:22:39.960288,0.0030948008818626406,2026-02-02T12:22:39.262080586Z,lightOnInvocation,2026-02-02 12:22:39.277809+00:00,2026-02-02 12:22:39.278011+00:00
fd0269420f32ff8e30d0fb07e681e2b0,2026-02-02T12:22:39.960288,0.0030948008818626406,2026-02-02T12:22:39.262080586Z,bellOnInvocation,2026-02-02 12:22:39.279715+00:00,2026-02-02 12:22:39.279852+00:00
fd0269420f32ff8e30d0fb07e681e2b0,2026-02-02T12:22:39.960288,0.0030948008818626406,2026-02-02T12:22:39.262080586Z,gateDownAction,2026-02-02 12:22:41.274502+00:00,2026-02-02 12:22:41.274525+00:00
fd0269420f32ff8e30d0fb07e681e2b0,2026-02-02T12:22:39.960288,0.0030948008818626406,2026-02-02T12:22:39.262080586Z,gateDownInvocation,2026-02-02 12:22:39.273849+00:00,2026-02-02 12:22:39.274120+00:00
fd0269420f32ff8e30d0fb07e681e2b0,2026-02-02T12:22:39.960288,0.0030948008818626406,2026-02-02T12:22:39.262080586Z,lightOnInvocation,2026-02-02 12:22:39.271335+00:00,2026-02-02 12:22:39.271539+00:00
fd0269420f32ff8e30d0fb07e681e2b0,2026-02-02T12:22:39.960288,0.0030948008818626406,2026-02-02T12:22:39.262080586Z,lightOnAction,2026-02-02 12:22:41.272300+00:00,2026-02-02 12:22:41.272330+00:00
fd0269420f32ff8e30d0fb07e681e2b0,2026-02-02T12:22:39.960288,0.0030948008818626406,2026-02-02T12:22:39.262080586Z,bellOnInvocation,2026-02-02 12:22:39.277502+00:00,2026-02-02 12:22:39.277646+00:00
fd0269420f32ff8e30d0fb07e681e2b0,2026-02-02T12:22:39.960288,0.0030948008818626406,2026-02-02T12:22:39.262080586Z,gateDownAction,2026-02-02 12:22:41.275939+00:00,2026-02-02 12:22:41.275970+00:00
fd0269420f32ff8e30d0fb07e681e2b0,2026-02-02T12:22:39.960288,0.0030948008818626406,2026-02-02T12:22:39.262080586Z,lightOnAction,2026-02-02 12:22:41.278448+00:00,2026-02-02 12:22:41.278480+00:00
fd0269420f32ff8e30d0fb07e681e2b0,2026-02-02T12:22:39.960288,0.0030948008818626406,2026-02-02T12:22:39.262080586Z,bellOnAction,2026-02-02 12:22:41.280687+00:00,2026-02-02 12:22:41.280719+00:00
fd0269420f32ff8e30d0fb07e681e2b0,2026-02-02T12:22:39.960288,0.0030948008818626406,2026-02-02T12:22:39.262080586Z,gateDownInvocation,2026-02-02 12:22:39.273717+00:00,2026-02-02 12:22:39.274025+00:00
fd0269420f32ff8e30d0fb07e681e2b0,2026-02-02T12:22:39.960288,0.0030948008818626406,2026-02-02T12:22:39.262080586Z,bellOnAction,2026-02-02 12:22:41.278556+00:00,2026-02-02 12:22:41.278585+00:00
7a11f97d33622b515023347b14b7cee2,2026-02-02T12:28:16.649151,0.059373220358836666,2026-02-02T12:28:16.966569261Z,gateUpInvocation,2026-02-02 12:28:16.973454+00:00,2026-02-02 12:28:16.973550+00:00
7a11f97d33622b515023347b14b7cee2,2026-02-02T12:28:16.649151,0.059373220358836666,2026-02-02T12:28:16.966569261Z,bellOffInvocation,2026-02-02 12:28:16.975972+00:00,2026-02-02 12:28:16.976123+00:00
7a11f97d33622b515023347b14b7cee2,2026-02-02T12:28:16.649151,0.059373220358836666,2026-02-02T12:28:16.966569261Z,gateUpInvocation,2026-02-02 12:28:16.975635+00:00,2026-02-02 12:28:16.975713+00:00
7a11f97d33622b515023347b14b7cee2,2026-02-02T12:28:16.649151,0.059373220358836666,2026-02-02T12:28:16.966569261Z,lightOffInvocation,2026-02-02 12:28:16.973613+00:00,2026-02-02 12:28:16.973730+00:00
7a11f97d33622b515023347b14b7cee2,2026-02-02T12:28:16.649151,0.059373220358836666,2026-02-02T12:28:16.966569261Z,lightOffInvocation,2026-02-02 12:28:16.974283+00:00,2026-02-02 12:28:16.974394+00:00
7a11f97d33622b515023347b14b7cee2,2026-02-02T12:28:16.649151,0.059373220358836666,2026-02-02T12:28:16.966569261Z,bellOffInvocation,2026-02-02 12:28:16.975067+00:00,2026-02-02 12:28:16.975230+00:00
704543a130b6b33051165c59d5e9e238,2026-02-02T12:22:44.260792,0.0038118677365660673,2026-02-02T12:22:43.56489941Z,lightOnInvocation,2026-02-02 12:22:43.573507+00:00,2026-02-02 12:22:43.573594+00:00
704543a130b6b33051165c59d5e9e238,2026-02-02T12:22:44.260792,0.0038118677365660673,2026-02-02T12:22:43.56489941Z,bellOnInvocation,2026-02-02 12:22:43.577915+00:00,2026-02-02 12:22:43.577958+00:00
704543a130b6b33051165c59d5e9e238,2026-02-02T12:22:44.260792,0.0038118677365660673,2026-02-02T12:22:43.56489941Z,lightOnAction,2026-02-02 12:22:45.574992+00:00,2026-02-02 12:22:45.575110+00:00
704543a130b6b33051165c59d5e9e238,2026-02-02T12:22:44.260792,0.0038118677365660673,2026-02-02T12:22:43.56489941Z,gateDownInvocation,2026-02-02 12:22:43.575383+00:00,2026-02-02 12:22:43.575483+00:00
704543a130b6b33051165c59d5e9e238,2026-02-02T12:22:44.260792,0.0038118677365660673,2026-02-02T12:22:43.56489941Z,lightOnAction,2026-02-02 12:22:45.575480+00:00,2026-02-02 12:22:45.575569+00:00
704543a130b6b33051165c59d5e9e238,2026-02-02T12:22:44.260792,0.0038118677365660673,2026-02-02T12:22:43.56489941Z,lightOnInvocation,2026-02-02 12:22:43.575023+00:00,2026-02-02 12:22:43.575115+00:00
704543a130b6b33051165c59d5e9e238,2026-02-02T12:22:44.260792,0.0038118677365660673,2026-02-02T12:22:43.56489941Z,gateDownInvocation,2026-02-02 12:22:43.574496+00:00,2026-02-02 12:22:43.574575+00:00
704543a130b6b33051165c59d5e9e238,2026-02-02T12:22:44.260792,0.0038118677365660673,2026-02-02T12:22:43.56489941Z,bellOnAction,2026-02-02 12:22:45.578352+00:00,2026-02-02 12:22:45.578438+00:00
704543a130b6b33051165c59d5e9e238,2026-02-02T12:22:44.260792,0.0038118677365660673,2026-02-02T12:22:43.56489941Z,bellOnAction,2026-02-02 12:22:45.577236+00:00,2026-02-02 12:22:45.577322+00:00
704543a130b6b33051165c59d5e9e238,2026-02-02T12:22:44.260792,0.0038118677365660673,2026-02-02T12:22:43.56489941Z,bellOnInvocation,2026-02-02 12:22:43.576177+00:00,2026-02-02 12:22:43.576240+00:00
704543a130b6b33051165c59d5e9e238,2026-02-02T12:22:44.260792,0.0038118677365660673,2026-02-02T12:22:43.56489941Z,gateDownAction,2026-02-02 12:22:45.575298+00:00,2026-02-02 12:22:45.575425+00:00
704543a130b6b33051165c59d5e9e238,2026-02-02T12:22:44.260792,0.0038118677365660673,2026-02-02T12:22:43.56489941Z,gateDownAction,2026-02-02 12:22:45.575482+00:00,2026-02-02 12:22:45.575570+00:00
ae0fb2c6f12572bed82d079cceff5408,2026-02-02T12:28:42.716744,0.06354797286607028,2026-02-02T12:28:42.017579562Z,gateDownAction,2026-02-02 12:28:44.029591+00:00,2026-02-02 12:28:44.029673+00:00
ae0fb2c6f12572bed82d079cceff5408,2026-02-02T12:28:42.716744,0.06354797286607028,2026-02-02T12:28:42.017579562Z,lightOnInvocation,2026-02-02 12:28:42.025156+00:00,2026-02-02 12:28:42.025395+00:00
ae0fb2c6f12572bed82d079cceff5408,2026-02-02T12:28:42.716744,0.06354797286607028,2026-02-02T12:28:42.017579562Z,gateDownAction,2026-02-02 12:28:44.027215+00:00,2026-02-02 12:28:44.027310+00:00
ae0fb2c6f12572bed82d079cceff5408,2026-02-02T12:28:42.716744,0.06354797286607028,2026-02-02T12:28:42.017579562Z,bellOnInvocation,2026-02-02 12:28:42.028280+00:00,2026-02-02 12:28:42.028503+00:00
ae0fb2c6f12572bed82d079cceff5408,2026-02-02T12:28:42.716744,0.06354797286607028,2026-02-02T12:28:42.017579562Z,gateDownInvocation,2026-02-02 12:28:42.027859+00:00,2026-02-02 12:28:42.028170+00:00
ae0fb2c6f12572bed82d079cceff5408,2026-02-02T12:28:42.716744,0.06354797286607028,2026-02-02T12:28:42.017579562Z,gateDownInvocation,2026-02-02 12:28:42.025009+00:00,2026-02-02 12:28:42.025304+00:00
ae0fb2c6f12572bed82d079cceff5408,2026-02-02T12:28:42.716744,0.06354797286607028,2026-02-02T12:28:42.017579562Z,bellOnAction,2026-02-02 12:28:44.031069+00:00,2026-02-02 12:28:44.031144+00:00
ae0fb2c6f12572bed82d079cceff5408,2026-02-02T12:28:42.716744,0.06354797286607028,2026-02-02T12:28:42.017579562Z,bellOnAction,2026-02-02 12:28:44.029483+00:00,2026-02-02 12:28:44.029565+00:00
ae0fb2c6f12572bed82d079cceff5408,2026-02-02T12:28:42.716744,0.06354797286607028,2026-02-02T12:28:42.017579562Z,lightOnInvocation,2026-02-02 12:28:42.025409+00:00,2026-02-02 12:28:42.025620+00:00
ae0fb2c6f12572bed82d079cceff5408,2026-02-02T12:28:42.716744,0.06354797286607028,2026-02-02T12:28:42.017579562Z,bellOnInvocation,2026-02-02 12:28:42.029196+00:00,2026-02-02 12:28:42.029389+00:00
ae0fb2c6f12572bed82d079cceff5408,2026-02-02T12:28:42.716744,0.06354797286607028,2026-02-02T12:28:42.017579562Z,lightOnAction,2026-02-02 12:28:44.026783+00:00,2026-02-02 12:28:44.026904+00:00
ae0fb2c6f12572bed82d079cceff5408,2026-02-02T12:28:42.716744,0.06354797286607028,2026-02-02T12:28:42.017579562Z,lightOnAction,2026-02-02 12:28:44.026795+00:00,2026-02-02 12:28:44.026970+00:00
1a373016ee9bf0eb05eb794536f9ee0d,2026-02-02T12:30:48.723825,0.08455952895100116,2026-02-02T12:30:48.099522577Z,bellOnAction,2026-02-02 12:30:50.111838+00:00,2026-02-02 12:30:50.111880+00:00
1a373016ee9bf0eb05eb794536f9ee0d,2026-02-02T12:30:48.723825,0.08455952895100116,2026-02-02T12:30:48.099522577Z,bellOnInvocation,2026-02-02 12:30:48.108051+00:00,2026-02-02 12:30:48.108249+00:00
1a373016ee9bf0eb05eb794536f9ee0d,2026-02-02T12:30:48.723825,0.08455952895100116,2026-02-02T12:30:48.099522577Z,lightOnAction,2026-02-02 12:30:50.109897+00:00,2026-02-02 12:30:50.109955+00:00
1a373016ee9bf0eb05eb794536f9ee0d,2026-02-02T12:30:48.723825,0.08455952895100116,2026-02-02T12:30:48.099522577Z,bellOnInvocation,2026-02-02 12:30:48.110288+00:00,2026-02-02 12:30:48.110450+00:00
1a373016ee9bf0eb05eb794536f9ee0d,2026-02-02T12:30:48.723825,0.08455952895100116,2026-02-02T12:30:48.099522577Z,gateDownAction,2026-02-02 12:30:50.110191+00:00,2026-02-02 12:30:50.110226+00:00
1a373016ee9bf0eb05eb794536f9ee0d,2026-02-02T12:30:48.723825,0.08455952895100116,2026-02-02T12:30:48.099522577Z,lightOnInvocation,2026-02-02 12:30:48.107648+00:00,2026-02-02 12:30:48.107840+00:00
1a373016ee9bf0eb05eb794536f9ee0d,2026-02-02T12:30:48.723825,0.08455952895100116,2026-02-02T12:30:48.099522577Z,lightOnAction,2026-02-02 12:30:50.108245+00:00,2026-02-02 12:30:50.108362+00:00
1a373016ee9bf0eb05eb794536f9ee0d,2026-02-02T12:30:48.723825,0.08455952895100116,2026-02-02T12:30:48.099522577Z,gateDownInvocation,2026-02-02 12:30:48.107129+00:00,2026-02-02 12:30:48.107466+00:00
1a373016ee9bf0eb05eb794536f9ee0d,2026-02-02T12:30:48.723825,0.08455952895100116,2026-02-02T12:30:48.099522577Z,gateDownInvocation,2026-02-02 12:30:48.109729+00:00,2026-02-02 12:30:48.110031+00:00
1a373016ee9bf0eb05eb794536f9ee0d,2026-02-02T12:30:48.723825,0.08455952895100116,2026-02-02T12:30:48.099522577Z,lightOnInvocation,2026-02-02 12:30:48.106268+00:00,2026-02-02 12:30:48.106458+00:00
1a373016ee9bf0eb05eb794536f9ee0d,2026-02-02T12:30:48.723825,0.08455952895100116,2026-02-02T12:30:48.099522577Z,gateDownAction,2026-02-02 12:30:50.108533+00:00,2026-02-02 12:30:50.108596+00:00
1a373016ee9bf0eb05eb794536f9ee0d,2026-02-02T12:30:48.723825,0.08455952895100116,2026-02-02T12:30:48.099522577Z,bellOnAction,2026-02-02 12:30:50.109445+00:00,2026-02-02 12:30:50.109505+00:00
154b88939cecee86ab6b084db407e521,2026-02-02T12:30:53.024081,0.08543614740374089,2026-02-02T12:30:53.35975998Z,gateUpInvocation,2026-02-02 12:30:53.366819+00:00,2026-02-02 12:30:53.366993+00:00
154b88939cecee86ab6b084db407e521,2026-02-02T12:30:53.024081,0.08543614740374089,2026-02-02T12:30:53.35975998Z,lightOffInvocation,2026-02-02 12:30:53.366491+00:00,2026-02-02 12:30:53.366577+00:00
154b88939cecee86ab6b084db407e521,2026-02-02T12:30:53.024081,0.08543614740374089,2026-02-02T12:30:53.35975998Z,bellOffInvocation,2026-02-02 12:30:53.370263+00:00,2026-02-02 12:30:53.370361+00:00
154b88939cecee86ab6b084db407e521,2026-02-02T12:30:53.024081,0.08543614740374089,2026-02-02T12:30:53.35975998Z,gateUpInvocation,2026-02-02 12:30:53.368164+00:00,2026-02-02 12:30:53.368282+00:00
154b88939cecee86ab6b084db407e521,2026-02-02T12:30:53.024081,0.08543614740374089,2026-02-02T12:30:53.35975998Z,lightOffInvocation,2026-02-02 12:30:53.365350+00:00,2026-02-02 12:30:53.365492+00:00
154b88939cecee86ab6b084db407e521,2026-02-02T12:30:53.024081,0.08543614740374089,2026-02-02T12:30:53.35975998Z,bellOffInvocation,2026-02-02 12:30:53.368526+00:00,2026-02-02 12:30:53.368635+00:00
6dd02dc7b77ccc6d8b861a12d66859b3,2026-02-02T12:22:48.563537,0.004528504646360874,2026-02-02T12:22:47.865280911Z,lightOnInvocation,2026-02-02 12:22:47.876795+00:00,2026-02-02 12:22:47.876860+00:00
6dd02dc7b77ccc6d8b861a12d66859b3,2026-02-02T12:22:48.563537,0.004528504646360874,2026-02-02T12:22:47.865280911Z,lightOnInvocation,2026-02-02 12:22:47.875602+00:00,2026-02-02 12:22:47.875674+00:00
6dd02dc7b77ccc6d8b861a12d66859b3,2026-02-02T12:22:48.563537,0.004528504646360874,2026-02-02T12:22:47.865280911Z,lightOnAction,2026-02-02 12:22:49.879666+00:00,2026-02-02 12:22:49.879783+00:00
6dd02dc7b77ccc6d8b861a12d66859b3,2026-02-02T12:22:48.563537,0.004528504646360874,2026-02-02T12:22:47.865280911Z,gateDownInvocation,2026-02-02 12:22:47.877162+00:00,2026-02-02 12:22:47.877266+00:00
6dd02dc7b77ccc6d8b861a12d66859b3,2026-02-02T12:22:48.563537,0.004528504646360874,2026-02-02T12:22:47.865280911Z,gateDownAction,2026-02-02 12:22:49.877070+00:00,2026-02-02 12:22:49.877178+00:00
6dd02dc7b77ccc6d8b861a12d66859b3,2026-02-02T12:22:48.563537,0.004528504646360874,2026-02-02T12:22:47.865280911Z,bellOnAction,2026-02-02 12:22:49.879955+00:00,2026-02-02 12:22:49.880094+00:00
6dd02dc7b77ccc6d8b861a12d66859b3,2026-02-02T12:22:48.563537,0.004528504646360874,2026-02-02T12:22:47.865280911Z,bellOnInvocation,2026-02-02 12:22:47.880377+00:00,2026-02-02 12:22:47.880429+00:00
6dd02dc7b77ccc6d8b861a12d66859b3,2026-02-02T12:22:48.563537,0.004528504646360874,2026-02-02T12:22:47.865280911Z,gateDownInvocation,2026-02-02 12:22:47.880475+00:00,2026-02-02 12:22:47.880563+00:00
6dd02dc7b77ccc6d8b861a12d66859b3,2026-02-02T12:22:48.563537,0.004528504646360874,2026-02-02T12:22:47.865280911Z,lightOnAction,2026-02-02 12:22:49.875361+00:00,2026-02-02 12:22:49.875456+00:00
6dd02dc7b77ccc6d8b861a12d66859b3,2026-02-02T12:22:48.563537,0.004528504646360874,2026-02-02T12:22:47.865280911Z,bellOnAction,2026-02-02 12:22:49.878782+00:00,2026-02-02 12:22:49.878870+00:00
6dd02dc7b77ccc6d8b861a12d66859b3,2026-02-02T12:22:48.563537,0.004528504646360874,2026-02-02T12:22:47.865280911Z,gateDownAction,2026-02-02 12:22:49.880180+00:00,2026-02-02 12:22:49.880272+00:00
6dd02dc7b77ccc6d8b861a12d66859b3,2026-02-02T12:22:48.563537,0.004528504646360874,2026-02-02T12:22:47.865280911Z,bellOnInvocation,2026-02-02 12:22:47.878482+00:00,2026-02-02 12:22:47.878551+00:00
26aec959ec14ff9cfa9697a9517f3055,2026-02-02T12:27:24.612340,0.0507031582582593,2026-02-02T12:27:24.941032087Z,bellOffInvocation,2026-02-02 12:27:24.948985+00:00,2026-02-02 12:27:24.949033+00:00
26aec959ec14ff9cfa9697a9517f3055,2026-02-02T12:27:24.612340,0.0507031582582593,2026-02-02T12:27:24.941032087Z,lightOffInvocation,2026-02-02 12:27:24.946565+00:00,2026-02-02 12:27:24.946605+00:00
26aec959ec14ff9cfa9697a9517f3055,2026-02-02T12:27:24.612340,0.0507031582582593,2026-02-02T12:27:24.941032087Z,lightOffInvocation,2026-02-02 12:27:24.946684+00:00,2026-02-02 12:27:24.946737+00:00
26aec959ec14ff9cfa9697a9517f3055,2026-02-02T12:27:24.612340,0.0507031582582593,2026-02-02T12:27:24.941032087Z,gateUpInvocation,2026-02-02 12:27:24.946533+00:00,2026-02-02 12:27:24.946563+00:00
26aec959ec14ff9cfa9697a9517f3055,2026-02-02T12:27:24.612340,0.0507031582582593,2026-02-02T12:27:24.941032087Z,bellOffInvocation,2026-02-02 12:27:24.947610+00:00,2026-02-02 12:27:24.947654+00:00
26aec959ec14ff9cfa9697a9517f3055,2026-02-02T12:27:24.612340,0.0507031582582593,2026-02-02T12:27:24.941032087Z,gateUpInvocation,2026-02-02 12:27:24.948731+00:00,2026-02-02 12:27:24.948769+00:00
5b1285b00fbb7dbd6d6b06d666316056,2026-02-02T12:24:10.370373,0.018328696215987206,2026-02-02T12:24:10.674789462Z,gateUpInvocation,2026-02-02 12:24:10.685563+00:00,2026-02-02 12:24:10.685628+00:00
5b1285b00fbb7dbd6d6b06d666316056,2026-02-02T12:24:10.370373,0.018328696215987206,2026-02-02T12:24:10.674789462Z,lightOffInvocation,2026-02-02 12:24:10.686651+00:00,2026-02-02 12:24:10.686780+00:00
5b1285b00fbb7dbd6d6b06d666316056,2026-02-02T12:24:10.370373,0.018328696215987206,2026-02-02T12:24:10.674789462Z,bellOffInvocation,2026-02-02 12:24:10.690760+00:00,2026-02-02 12:24:10.690823+00:00
5b1285b00fbb7dbd6d6b06d666316056,2026-02-02T12:24:10.370373,0.018328696215987206,2026-02-02T12:24:10.674789462Z,bellOffInvocation,2026-02-02 12:24:10.691725+00:00,2026-02-02 12:24:10.691832+00:00
5b1285b00fbb7dbd6d6b06d666316056,2026-02-02T12:24:10.370373,0.018328696215987206,2026-02-02T12:24:10.674789462Z,lightOffInvocation,2026-02-02 12:24:10.683592+00:00,2026-02-02 12:24:10.683732+00:00
5b1285b00fbb7dbd6d6b06d666316056,2026-02-02T12:24:10.370373,0.018328696215987206,2026-02-02T12:24:10.674789462Z,gateUpInvocation,2026-02-02 12:24:10.689651+00:00,2026-02-02 12:24:10.689723+00:00
b340ef9820cf5e9e9db9770de0d55ab4,2026-02-02T12:24:18.971259,0.019594892991137508,2026-02-02T12:24:18.272534772Z,gateDownAction,2026-02-02 12:24:20.276794+00:00,2026-02-02 12:24:20.276909+00:00
b340ef9820cf5e9e9db9770de0d55ab4,2026-02-02T12:24:18.971259,0.019594892991137508,2026-02-02T12:24:18.272534772Z,gateDownInvocation,2026-02-02 12:24:18.276071+00:00,2026-02-02 12:24:18.276164+00:00
b340ef9820cf5e9e9db9770de0d55ab4,2026-02-02T12:24:18.971259,0.019594892991137508,2026-02-02T12:24:18.272534772Z,lightOnAction,2026-02-02 12:24:20.277409+00:00,2026-02-02 12:24:20.277502+00:00
b340ef9820cf5e9e9db9770de0d55ab4,2026-02-02T12:24:18.971259,0.019594892991137508,2026-02-02T12:24:18.272534772Z,bellOnAction,2026-02-02 12:24:20.277390+00:00,2026-02-02 12:24:20.277478+00:00
b340ef9820cf5e9e9db9770de0d55ab4,2026-02-02T12:24:18.971259,0.019594892991137508,2026-02-02T12:24:18.272534772Z,gateDownAction,2026-02-02 12:24:20.276801+00:00,2026-02-02 12:24:20.276940+00:00
b340ef9820cf5e9e9db9770de0d55ab4,2026-02-02T12:24:18.971259,0.019594892991137508,2026-02-02T12:24:18.272534772Z,bellOnAction,2026-02-02 12:24:20.279118+00:00,2026-02-02 12:24:20.279213+00:00
b340ef9820cf5e9e9db9770de0d55ab4,2026-02-02T12:24:18.971259,0.019594892991137508,2026-02-02T12:24:18.272534772Z,lightOnInvocation,2026-02-02 12:24:18.276100+00:00,2026-02-02 12:24:18.276158+00:00
b340ef9820cf5e9e9db9770de0d55ab4,2026-02-02T12:24:18.971259,0.019594892991137508,2026-02-02T12:24:18.272534772Z,gateDownInvocation,2026-02-02 12:24:18.276175+00:00,2026-02-02 12:24:18.276260+00:00
b340ef9820cf5e9e9db9770de0d55ab4,2026-02-02T12:24:18.971259,0.019594892991137508,2026-02-02T12:24:18.272534772Z,bellOnInvocation,2026-02-02 12:24:18.278364+00:00,2026-02-02 12:24:18.278408+00:00
b340ef9820cf5e9e9db9770de0d55ab4,2026-02-02T12:24:18.971259,0.019594892991137508,2026-02-02T12:24:18.272534772Z,lightOnInvocation,2026-02-02 12:24:18.276997+00:00,2026-02-02 12:24:18.277052+00:00
b340ef9820cf5e9e9db9770de0d55ab4,2026-02-02T12:24:18.971259,0.019594892991137508,2026-02-02T12:24:18.272534772Z,bellOnInvocation,2026-02-02 12:24:18.277231+00:00,2026-02-02 12:24:18.277290+00:00
b340ef9820cf5e9e9db9770de0d55ab4,2026-02-02T12:24:18.971259,0.019594892991137508,2026-02-02T12:24:18.272534772Z,lightOnAction,2026-02-02 12:24:20.276578+00:00,2026-02-02 12:24:20.276681+00:00
c30d03525d220a1e2839c82816e21017,2026-02-02T12:27:20.261547,0.04981159630954266,2026-02-02T12:27:19.591131056Z,gateDownAction,2026-02-02 12:27:21.600619+00:00,2026-02-02 12:27:21.600703+00:00
c30d03525d220a1e2839c82816e21017,2026-02-02T12:27:20.261547,0.04981159630954266,2026-02-02T12:27:19.591131056Z,gateDownAction,2026-02-02 12:27:21.600327+00:00,2026-02-02 12:27:21.600389+00:00
c30d03525d220a1e2839c82816e21017,2026-02-02T12:27:20.261547,0.04981159630954266,2026-02-02T12:27:19.591131056Z,lightOnAction,2026-02-02 12:27:21.600157+00:00,2026-02-02 12:27:21.600242+00:00
c30d03525d220a1e2839c82816e21017,2026-02-02T12:27:20.261547,0.04981159630954266,2026-02-02T12:27:19.591131056Z,lightOnInvocation,2026-02-02 12:27:19.599031+00:00,2026-02-02 12:27:19.599146+00:00
c30d03525d220a1e2839c82816e21017,2026-02-02T12:27:20.261547,0.04981159630954266,2026-02-02T12:27:19.591131056Z,bellOnAction,2026-02-02 12:27:21.600827+00:00,2026-02-02 12:27:21.600913+00:00
c30d03525d220a1e2839c82816e21017,2026-02-02T12:27:20.261547,0.04981159630954266,2026-02-02T12:27:19.591131056Z,lightOnAction,2026-02-02 12:27:21.599787+00:00,2026-02-02 12:27:21.599940+00:00
c30d03525d220a1e2839c82816e21017,2026-02-02T12:27:20.261547,0.04981159630954266,2026-02-02T12:27:19.591131056Z,bellOnInvocation,2026-02-02 12:27:19.600471+00:00,2026-02-02 12:27:19.600569+00:00
c30d03525d220a1e2839c82816e21017,2026-02-02T12:27:20.261547,0.04981159630954266,2026-02-02T12:27:19.591131056Z,gateDownInvocation,2026-02-02 12:27:19.600218+00:00,2026-02-02 12:27:19.600298+00:00
c30d03525d220a1e2839c82816e21017,2026-02-02T12:27:20.261547,0.04981159630954266,2026-02-02T12:27:19.591131056Z,bellOnAction,2026-02-02 12:27:21.602188+00:00,2026-02-02 12:27:21.602256+00:00
c30d03525d220a1e2839c82816e21017,2026-02-02T12:27:20.261547,0.04981159630954266,2026-02-02T12:27:19.591131056Z,bellOnInvocation,2026-02-02 12:27:19.601036+00:00,2026-02-02 12:27:19.601089+00:00
c30d03525d220a1e2839c82816e21017,2026-02-02T12:27:20.261547,0.04981159630954266,2026-02-02T12:27:19.591131056Z,lightOnInvocation,2026-02-02 12:27:19.599465+00:00,2026-02-02 12:27:19.599540+00:00
c30d03525d220a1e2839c82816e21017,2026-02-02T12:27:20.261547,0.04981159630954266,2026-02-02T12:27:19.591131056Z,gateDownInvocation,2026-02-02 12:27:19.599683+00:00,2026-02-02 12:27:19.599793+00:00
74991d27ca34625639a99bc1974099a1,2026-02-02T12:28:03.664369,0.05721090909013749,2026-02-02T12:28:03.991362229Z,gateUpInvocation,2026-02-02 12:28:04.004344+00:00,2026-02-02 12:28:04.004988+00:00
74991d27ca34625639a99bc1974099a1,2026-02-02T12:28:03.664369,0.05721090909013749,2026-02-02T12:28:03.991362229Z,gateUpInvocation,2026-02-02 12:28:04.000172+00:00,2026-02-02 12:28:04.000310+00:00
74991d27ca34625639a99bc1974099a1,2026-02-02T12:28:03.664369,0.05721090909013749,2026-02-02T12:28:03.991362229Z,bellOffInvocation,2026-02-02 12:28:04.003623+00:00,2026-02-02 12:28:04.003769+00:00
74991d27ca34625639a99bc1974099a1,2026-02-02T12:28:03.664369,0.05721090909013749,2026-02-02T12:28:03.991362229Z,bellOffInvocation,2026-02-02 12:28:04.007140+00:00,2026-02-02 12:28:04.007896+00:00
74991d27ca34625639a99bc1974099a1,2026-02-02T12:28:03.664369,0.05721090909013749,2026-02-02T12:28:03.991362229Z,lightOffInvocation,2026-02-02 12:28:03.999517+00:00,2026-02-02 12:28:03.999684+00:00
74991d27ca34625639a99bc1974099a1,2026-02-02T12:28:03.664369,0.05721090909013749,2026-02-02T12:28:03.991362229Z,lightOffInvocation,2026-02-02 12:28:04.001325+00:00,2026-02-02 12:28:04.001490+00:00
d9bac47703d0dcd7d36b82cab7c85e26,2026-02-02T12:27:50.653215,0.055038754661667355,2026-02-02T12:27:50.957599233Z,gateUpInvocation,2026-02-02 12:27:50.976850+00:00,2026-02-02 12:27:50.976902+00:00
d9bac47703d0dcd7d36b82cab7c85e26,2026-02-02T12:27:50.653215,0.055038754661667355,2026-02-02T12:27:50.957599233Z,bellOffInvocation,2026-02-02 12:27:50.976081+00:00,2026-02-02 12:27:50.976174+00:00
d9bac47703d0dcd7d36b82cab7c85e26,2026-02-02T12:27:50.653215,0.055038754661667355,2026-02-02T12:27:50.957599233Z,lightOffInvocation,2026-02-02 12:27:50.972461+00:00,2026-02-02 12:27:50.972531+00:00
d9bac47703d0dcd7d36b82cab7c85e26,2026-02-02T12:27:50.653215,0.055038754661667355,2026-02-02T12:27:50.957599233Z,gateUpInvocation,2026-02-02 12:27:50.978339+00:00,2026-02-02 12:27:50.978394+00:00
d9bac47703d0dcd7d36b82cab7c85e26,2026-02-02T12:27:50.653215,0.055038754661667355,2026-02-02T12:27:50.957599233Z,lightOffInvocation,2026-02-02 12:27:50.975626+00:00,2026-02-02 12:27:50.975691+00:00
d9bac47703d0dcd7d36b82cab7c85e26,2026-02-02T12:27:50.653215,0.055038754661667355,2026-02-02T12:27:50.957599233Z,bellOffInvocation,2026-02-02 12:27:50.980250+00:00,2026-02-02 12:27:50.980394+00:00
7ec8bb3d6fa4f75df0550279a77d70b7,2026-02-02T12:28:55.743880,0.06572556225749256,2026-02-02T12:28:55.084317386Z,gateDownInvocation,2026-02-02 12:28:55.090581+00:00,2026-02-02 12:28:55.090708+00:00
7ec8bb3d6fa4f75df0550279a77d70b7,2026-02-02T12:28:55.743880,0.06572556225749256,2026-02-02T12:28:55.084317386Z,lightOnInvocation,2026-02-02 12:28:55.093531+00:00,2026-02-02 12:28:55.093604+00:00
7ec8bb3d6fa4f75df0550279a77d70b7,2026-02-02T12:28:55.743880,0.06572556225749256,2026-02-02T12:28:55.084317386Z,bellOnInvocation,2026-02-02 12:28:55.093554+00:00,2026-02-02 12:28:55.093627+00:00
7ec8bb3d6fa4f75df0550279a77d70b7,2026-02-02T12:28:55.743880,0.06572556225749256,2026-02-02T12:28:55.084317386Z,gateDownAction,2026-02-02 12:28:57.091815+00:00,2026-02-02 12:28:57.091941+00:00
7ec8bb3d6fa4f75df0550279a77d70b7,2026-02-02T12:28:55.743880,0.06572556225749256,2026-02-02T12:28:55.084317386Z,lightOnInvocation,2026-02-02 12:28:55.088657+00:00,2026-02-02 12:28:55.088758+00:00
7ec8bb3d6fa4f75df0550279a77d70b7,2026-02-02T12:28:55.743880,0.06572556225749256,2026-02-02T12:28:55.084317386Z,bellOnInvocation,2026-02-02 12:28:55.096037+00:00,2026-02-02 12:28:55.096081+00:00
7ec8bb3d6fa4f75df0550279a77d70b7,2026-02-02T12:28:55.743880,0.06572556225749256,2026-02-02T12:28:55.084317386Z,gateDownInvocation,2026-02-02 12:28:55.096120+00:00,2026-02-02 12:28:55.096256+00:00
7ec8bb3d6fa4f75df0550279a77d70b7,2026-02-02T12:28:55.743880,0.06572556225749256,2026-02-02T12:28:55.084317386Z,gateDownAction,2026-02-02 12:28:57.097045+00:00,2026-02-02 12:28:57.097212+00:00
7ec8bb3d6fa4f75df0550279a77d70b7,2026-02-02T12:28:55.743880,0.06572556225749256,2026-02-02T12:28:55.084317386Z,lightOnAction,2026-02-02 12:28:57.091233+00:00,2026-02-02 12:28:57.091358+00:00
7ec8bb3d6fa4f75df0550279a77d70b7,2026-02-02T12:28:55.743880,0.06572556225749256,2026-02-02T12:28:55.084317386Z,lightOnAction,2026-02-02 12:28:57.095325+00:00,2026-02-02 12:28:57.095455+00:00
7ec8bb3d6fa4f75df0550279a77d70b7,2026-02-02T12:28:55.743880,0.06572556225749256,2026-02-02T12:28:55.084317386Z,bellOnAction,2026-02-02 12:28:57.096555+00:00,2026-02-02 12:28:57.096661+00:00
7ec8bb3d6fa4f75df0550279a77d70b7,2026-02-02T12:28:55.743880,0.06572556225749256,2026-02-02T12:28:55.084317386Z,bellOnAction,2026-02-02 12:28:57.095875+00:00,2026-02-02 12:28:57.096017+00:00
0e92da0df3d16b261a2dc8ad7ab4b133,2026-02-02T12:29:08.814837,0.06789931011638642,2026-02-02T12:29:08.128269144Z,bellOnAction,2026-02-02 12:29:10.136856+00:00,2026-02-02 12:29:10.136941+00:00
0e92da0df3d16b261a2dc8ad7ab4b133,2026-02-02T12:29:08.814837,0.06789931011638642,2026-02-02T12:29:08.128269144Z,lightOnInvocation,2026-02-02 12:29:08.135342+00:00,2026-02-02 12:29:08.135455+00:00
0e92da0df3d16b261a2dc8ad7ab4b133,2026-02-02T12:29:08.814837,0.06789931011638642,2026-02-02T12:29:08.128269144Z,bellOnInvocation,2026-02-02 12:29:08.136253+00:00,2026-02-02 12:29:08.136376+00:00
0e92da0df3d16b261a2dc8ad7ab4b133,2026-02-02T12:29:08.814837,0.06789931011638642,2026-02-02T12:29:08.128269144Z,lightOnAction,2026-02-02 12:29:10.135695+00:00,2026-02-02 12:29:10.135777+00:00
0e92da0df3d16b261a2dc8ad7ab4b133,2026-02-02T12:29:08.814837,0.06789931011638642,2026-02-02T12:29:08.128269144Z,gateDownAction,2026-02-02 12:29:10.136442+00:00,2026-02-02 12:29:10.136528+00:00
0e92da0df3d16b261a2dc8ad7ab4b133,2026-02-02T12:29:08.814837,0.06789931011638642,2026-02-02T12:29:08.128269144Z,lightOnInvocation,2026-02-02 12:29:08.135200+00:00,2026-02-02 12:29:08.135364+00:00
0e92da0df3d16b261a2dc8ad7ab4b133,2026-02-02T12:29:08.814837,0.06789931011638642,2026-02-02T12:29:08.128269144Z,gateDownAction,2026-02-02 12:29:10.137254+00:00,2026-02-02 12:29:10.137325+00:00
0e92da0df3d16b261a2dc8ad7ab4b133,2026-02-02T12:29:08.814837,0.06789931011638642,2026-02-02T12:29:08.128269144Z,bellOnInvocation,2026-02-02 12:29:08.137400+00:00,2026-02-02 12:29:08.137493+00:00
0e92da0df3d16b261a2dc8ad7ab4b133,2026-02-02T12:29:08.814837,0.06789931011638642,2026-02-02T12:29:08.128269144Z,gateDownInvocation,2026-02-02 12:29:08.136277+00:00,2026-02-02 12:29:08.136392+00:00
0e92da0df3d16b261a2dc8ad7ab4b133,2026-02-02T12:29:08.814837,0.06789931011638642,2026-02-02T12:29:08.128269144Z,gateDownInvocation,2026-02-02 12:29:08.135203+00:00,2026-02-02 12:29:08.135433+00:00
0e92da0df3d16b261a2dc8ad7ab4b133,2026-02-02T12:29:08.814837,0.06789931011638642,2026-02-02T12:29:08.128269144Z,bellOnAction,2026-02-02 12:29:10.138166+00:00,2026-02-02 12:29:10.138254+00:00
0e92da0df3d16b261a2dc8ad7ab4b133,2026-02-02T12:29:08.814837,0.06789931011638642,2026-02-02T12:29:08.128269144Z,lightOnAction,2026-02-02 12:29:10.136719+00:00,2026-02-02 12:29:10.136804+00:00
303613b0762b06376ae126290632e260,2026-02-02T12:24:06.069521,0.017611786662077904,2026-02-02T12:24:06.372826189Z,gateUpInvocation,2026-02-02 12:24:06.384345+00:00,2026-02-02 12:24:06.384511+00:00
303613b0762b06376ae126290632e260,2026-02-02T12:24:06.069521,0.017611786662077904,2026-02-02T12:24:06.372826189Z,bellOffInvocation,2026-02-02 12:24:06.385744+00:00,2026-02-02 12:24:06.385979+00:00
303613b0762b06376ae126290632e260,2026-02-02T12:24:06.069521,0.017611786662077904,2026-02-02T12:24:06.372826189Z,lightOffInvocation,2026-02-02 12:24:06.388677+00:00,2026-02-02 12:24:06.388820+00:00
303613b0762b06376ae126290632e260,2026-02-02T12:24:06.069521,0.017611786662077904,2026-02-02T12:24:06.372826189Z,gateUpInvocation,2026-02-02 12:24:06.385176+00:00,2026-02-02 12:24:06.385302+00:00
303613b0762b06376ae126290632e260,2026-02-02T12:24:06.069521,0.017611786662077904,2026-02-02T12:24:06.372826189Z,bellOffInvocation,2026-02-02 12:24:06.386905+00:00,2026-02-02 12:24:06.387072+00:00
303613b0762b06376ae126290632e260,2026-02-02T12:24:06.069521,0.017611786662077904,2026-02-02T12:24:06.372826189Z,lightOffInvocation,2026-02-02 12:24:06.382775+00:00,2026-02-02 12:24:06.382948+00:00
f89a061f5b84a0aca509bacbeba5eb3d,2026-02-02T12:27:37.628770,0.052870860585546506,2026-02-02T12:27:37.948466585Z,bellOffInvocation,2026-02-02 12:27:37.957984+00:00,2026-02-02 12:27:37.958155+00:00
f89a061f5b84a0aca509bacbeba5eb3d,2026-02-02T12:27:37.628770,0.052870860585546506,2026-02-02T12:27:37.948466585Z,lightOffInvocation,2026-02-02 12:27:37.955739+00:00,2026-02-02 12:27:37.955922+00:00
f89a061f5b84a0aca509bacbeba5eb3d,2026-02-02T12:27:37.628770,0.052870860585546506,2026-02-02T12:27:37.948466585Z,bellOffInvocation,2026-02-02 12:27:37.959426+00:00,2026-02-02 12:27:37.959591+00:00
f89a061f5b84a0aca509bacbeba5eb3d,2026-02-02T12:27:37.628770,0.052870860585546506,2026-02-02T12:27:37.948466585Z,gateUpInvocation,2026-02-02 12:27:37.955769+00:00,2026-02-02 12:27:37.955945+00:00
f89a061f5b84a0aca509bacbeba5eb3d,2026-02-02T12:27:37.628770,0.052870860585546506,2026-02-02T12:27:37.948466585Z,lightOffInvocation,2026-02-02 12:27:37.960795+00:00,2026-02-02 12:27:37.960957+00:00
f89a061f5b84a0aca509bacbeba5eb3d,2026-02-02T12:27:37.628770,0.052870860585546506,2026-02-02T12:27:37.948466585Z,gateUpInvocation,2026-02-02 12:27:37.956728+00:00,2026-02-02 12:27:37.957033+00:00
5a0054d5353c408a4366b275a2c8712e,2026-02-02T12:24:23.290332,0.020484296911227703,2026-02-02T12:24:23.609867199Z,gateUpInvocation,2026-02-02 12:24:23.618546+00:00,2026-02-02 12:24:23.618592+00:00
5a0054d5353c408a4366b275a2c8712e,2026-02-02T12:24:23.290332,0.020484296911227703,2026-02-02T12:24:23.609867199Z,lightOffInvocation,2026-02-02 12:24:23.618164+00:00,2026-02-02 12:24:23.618223+00:00
5a0054d5353c408a4366b275a2c8712e,2026-02-02T12:24:23.290332,0.020484296911227703,2026-02-02T12:24:23.609867199Z,gateUpInvocation,2026-02-02 12:24:23.618784+00:00,2026-02-02 12:24:23.618812+00:00
5a0054d5353c408a4366b275a2c8712e,2026-02-02T12:24:23.290332,0.020484296911227703,2026-02-02T12:24:23.609867199Z,bellOffInvocation,2026-02-02 12:24:23.619043+00:00,2026-02-02 12:24:23.619074+00:00
5a0054d5353c408a4366b275a2c8712e,2026-02-02T12:24:23.290332,0.020484296911227703,2026-02-02T12:24:23.609867199Z,bellOffInvocation,2026-02-02 12:24:23.620787+00:00,2026-02-02 12:24:23.620833+00:00
5a0054d5353c408a4366b275a2c8712e,2026-02-02T12:24:23.290332,0.020484296911227703,2026-02-02T12:24:23.609867199Z,lightOffInvocation,2026-02-02 12:24:23.618319+00:00,2026-02-02 12:24:23.618385+00:00
7d5f4e0ac2c306f664a8282e11108a7b,2026-02-02T12:27:11.582597,0.048366094866287714,2026-02-02T12:27:10.917056466Z,bellOnInvocation,2026-02-02 12:27:10.928715+00:00,2026-02-02 12:27:10.928766+00:00
7d5f4e0ac2c306f664a8282e11108a7b,2026-02-02T12:27:11.582597,0.048366094866287714,2026-02-02T12:27:10.917056466Z,bellOnInvocation,2026-02-02 12:27:10.923614+00:00,2026-02-02 12:27:10.923741+00:00
7d5f4e0ac2c306f664a8282e11108a7b,2026-02-02T12:27:11.582597,0.048366094866287714,2026-02-02T12:27:10.917056466Z,lightOnAction,2026-02-02 12:27:12.924806+00:00,2026-02-02 12:27:12.924882+00:00
7d5f4e0ac2c306f664a8282e11108a7b,2026-02-02T12:27:11.582597,0.048366094866287714,2026-02-02T12:27:10.917056466Z,gateDownInvocation,2026-02-02 12:27:10.924929+00:00,2026-02-02 12:27:10.925080+00:00
7d5f4e0ac2c306f664a8282e11108a7b,2026-02-02T12:27:11.582597,0.048366094866287714,2026-02-02T12:27:10.917056466Z,gateDownAction,2026-02-02 12:27:12.923256+00:00,2026-02-02 12:27:12.923341+00:00
7d5f4e0ac2c306f664a8282e11108a7b,2026-02-02T12:27:11.582597,0.048366094866287714,2026-02-02T12:27:10.917056466Z,lightOnAction,2026-02-02 12:27:12.925326+00:00,2026-02-02 12:27:12.925441+00:00
7d5f4e0ac2c306f664a8282e11108a7b,2026-02-02T12:27:11.582597,0.048366094866287714,2026-02-02T12:27:10.917056466Z,lightOnInvocation,2026-02-02 12:27:10.923368+00:00,2026-02-02 12:27:10.923536+00:00
7d5f4e0ac2c306f664a8282e11108a7b,2026-02-02T12:27:11.582597,0.048366094866287714,2026-02-02T12:27:10.917056466Z,gateDownAction,2026-02-02 12:27:12.928064+00:00,2026-02-02 12:27:12.928143+00:00
7d5f4e0ac2c306f664a8282e11108a7b,2026-02-02T12:27:11.582597,0.048366094866287714,2026-02-02T12:27:10.917056466Z,bellOnAction,2026-02-02 12:27:12.925195+00:00,2026-02-02 12:27:12.925316+00:00
7d5f4e0ac2c306f664a8282e11108a7b,2026-02-02T12:27:11.582597,0.048366094866287714,2026-02-02T12:27:10.917056466Z,bellOnAction,2026-02-02 12:27:12.928660+00:00,2026-02-02 12:27:12.928744+00:00
7d5f4e0ac2c306f664a8282e11108a7b,2026-02-02T12:27:11.582597,0.048366094866287714,2026-02-02T12:27:10.917056466Z,gateDownInvocation,2026-02-02 12:27:10.921571+00:00,2026-02-02 12:27:10.921865+00:00
7d5f4e0ac2c306f664a8282e11108a7b,2026-02-02T12:27:11.582597,0.048366094866287714,2026-02-02T12:27:10.917056466Z,lightOnInvocation,2026-02-02 12:27:10.923629+00:00,2026-02-02 12:27:10.923878+00:00
868c28df15aff2af06e46fb2416f7b40,2026-02-02T12:31:23.496245,0.09035406145361663,2026-02-02T12:31:22.870185478Z,bellOnInvocation,2026-02-02 12:31:22.876601+00:00,2026-02-02 12:31:22.876713+00:00
868c28df15aff2af06e46fb2416f7b40,2026-02-02T12:31:23.496245,0.09035406145361663,2026-02-02T12:31:22.870185478Z,lightOnInvocation,2026-02-02 12:31:22.876050+00:00,2026-02-02 12:31:22.876159+00:00
868c28df15aff2af06e46fb2416f7b40,2026-02-02T12:31:23.496245,0.09035406145361663,2026-02-02T12:31:22.870185478Z,gateDownAction,2026-02-02 12:31:24.878277+00:00,2026-02-02 12:31:24.878372+00:00
868c28df15aff2af06e46fb2416f7b40,2026-02-02T12:31:23.496245,0.09035406145361663,2026-02-02T12:31:22.870185478Z,gateDownAction,2026-02-02 12:31:24.878355+00:00,2026-02-02 12:31:24.878435+00:00
868c28df15aff2af06e46fb2416f7b40,2026-02-02T12:31:23.496245,0.09035406145361663,2026-02-02T12:31:22.870185478Z,lightOnAction,2026-02-02 12:31:24.876738+00:00,2026-02-02 12:31:24.876825+00:00
868c28df15aff2af06e46fb2416f7b40,2026-02-02T12:31:23.496245,0.09035406145361663,2026-02-02T12:31:22.870185478Z,bellOnInvocation,2026-02-02 12:31:22.878183+00:00,2026-02-02 12:31:22.878256+00:00
868c28df15aff2af06e46fb2416f7b40,2026-02-02T12:31:23.496245,0.09035406145361663,2026-02-02T12:31:22.870185478Z,gateDownInvocation,2026-02-02 12:31:22.877320+00:00,2026-02-02 12:31:22.877483+00:00
868c28df15aff2af06e46fb2416f7b40,2026-02-02T12:31:23.496245,0.09035406145361663,2026-02-02T12:31:22.870185478Z,bellOnAction,2026-02-02 12:31:24.878343+00:00,2026-02-02 12:31:24.878403+00:00
868c28df15aff2af06e46fb2416f7b40,2026-02-02T12:31:23.496245,0.09035406145361663,2026-02-02T12:31:22.870185478Z,lightOnInvocation,2026-02-02 12:31:22.876168+00:00,2026-02-02 12:31:22.876280+00:00
868c28df15aff2af06e46fb2416f7b40,2026-02-02T12:31:23.496245,0.09035406145361663,2026-02-02T12:31:22.870185478Z,gateDownInvocation,2026-02-02 12:31:22.876397+00:00,2026-02-02 12:31:22.876562+00:00
868c28df15aff2af06e46fb2416f7b40,2026-02-02T12:31:23.496245,0.09035406145361663,2026-02-02T12:31:22.870185478Z,lightOnAction,2026-02-02 12:31:24.877157+00:00,2026-02-02 12:31:24.877241+00:00
868c28df15aff2af06e46fb2416f7b40,2026-02-02T12:31:23.496245,0.09035406145361663,2026-02-02T12:31:22.870185478Z,bellOnAction,2026-02-02 12:31:24.877872+00:00,2026-02-02 12:31:24.877990+00:00
9a9cb8f58d789b3c2a52563184c894f6,2026-02-02T12:24:57.767677,0.0260617654827714,2026-02-02T12:24:57.077776982Z,gateDownAction,2026-02-02 12:24:59.087785+00:00,2026-02-02 12:24:59.087902+00:00
9a9cb8f58d789b3c2a52563184c894f6,2026-02-02T12:24:57.767677,0.0260617654827714,2026-02-02T12:24:57.077776982Z,lightOnAction,2026-02-02 12:24:59.090092+00:00,2026-02-02 12:24:59.090174+00:00
9a9cb8f58d789b3c2a52563184c894f6,2026-02-02T12:24:57.767677,0.0260617654827714,2026-02-02T12:24:57.077776982Z,bellOnAction,2026-02-02 12:24:59.090329+00:00,2026-02-02 12:24:59.090448+00:00
9a9cb8f58d789b3c2a52563184c894f6,2026-02-02T12:24:57.767677,0.0260617654827714,2026-02-02T12:24:57.077776982Z,lightOnAction,2026-02-02 12:24:59.087796+00:00,2026-02-02 12:24:59.087990+00:00
9a9cb8f58d789b3c2a52563184c894f6,2026-02-02T12:24:57.767677,0.0260617654827714,2026-02-02T12:24:57.077776982Z,gateDownInvocation,2026-02-02 12:24:57.086520+00:00,2026-02-02 12:24:57.086732+00:00
9a9cb8f58d789b3c2a52563184c894f6,2026-02-02T12:24:57.767677,0.0260617654827714,2026-02-02T12:24:57.077776982Z,gateDownInvocation,2026-02-02 12:24:57.086088+00:00,2026-02-02 12:24:57.086377+00:00
9a9cb8f58d789b3c2a52563184c894f6,2026-02-02T12:24:57.767677,0.0260617654827714,2026-02-02T12:24:57.077776982Z,lightOnInvocation,2026-02-02 12:24:57.086336+00:00,2026-02-02 12:24:57.086521+00:00
9a9cb8f58d789b3c2a52563184c894f6,2026-02-02T12:24:57.767677,0.0260617654827714,2026-02-02T12:24:57.077776982Z,bellOnInvocation,2026-02-02 12:24:57.088481+00:00,2026-02-02 12:24:57.088640+00:00
9a9cb8f58d789b3c2a52563184c894f6,2026-02-02T12:24:57.767677,0.0260617654827714,2026-02-02T12:24:57.077776982Z,gateDownAction,2026-02-02 12:24:59.087469+00:00,2026-02-02 12:24:59.087554+00:00
9a9cb8f58d789b3c2a52563184c894f6,2026-02-02T12:24:57.767677,0.0260617654827714,2026-02-02T12:24:57.077776982Z,bellOnAction,2026-02-02 12:24:59.089622+00:00,2026-02-02 12:24:59.089696+00:00
9a9cb8f58d789b3c2a52563184c894f6,2026-02-02T12:24:57.767677,0.0260617654827714,2026-02-02T12:24:57.077776982Z,bellOnInvocation,2026-02-02 12:24:57.089265+00:00,2026-02-02 12:24:57.089423+00:00
9a9cb8f58d789b3c2a52563184c894f6,2026-02-02T12:24:57.767677,0.0260617654827714,2026-02-02T12:24:57.077776982Z,lightOnInvocation,2026-02-02 12:24:57.088576+00:00,2026-02-02 12:24:57.088722+00:00
8d8461d802cf2c27367a3186c65c662e,2026-02-02T12:29:26.174307,0.07079262253137827,2026-02-02T12:29:25.489826664Z,lightOnAction,2026-02-02 12:29:27.501116+00:00,2026-02-02 12:29:27.501203+00:00
8d8461d802cf2c27367a3186c65c662e,2026-02-02T12:29:26.174307,0.07079262253137827,2026-02-02T12:29:25.489826664Z,bellOnInvocation,2026-02-02 12:29:25.501940+00:00,2026-02-02 12:29:25.502036+00:00
8d8461d802cf2c27367a3186c65c662e,2026-02-02T12:29:26.174307,0.07079262253137827,2026-02-02T12:29:25.489826664Z,bellOnInvocation,2026-02-02 12:29:25.501730+00:00,2026-02-02 12:29:25.501801+00:00
8d8461d802cf2c27367a3186c65c662e,2026-02-02T12:29:26.174307,0.07079262253137827,2026-02-02T12:29:25.489826664Z,lightOnAction,2026-02-02 12:29:27.498863+00:00,2026-02-02 12:29:27.498996+00:00
8d8461d802cf2c27367a3186c65c662e,2026-02-02T12:29:26.174307,0.07079262253137827,2026-02-02T12:29:25.489826664Z,gateDownAction,2026-02-02 12:29:27.498572+00:00,2026-02-02 12:29:27.498661+00:00
8d8461d802cf2c27367a3186c65c662e,2026-02-02T12:29:26.174307,0.07079262253137827,2026-02-02T12:29:25.489826664Z,gateDownInvocation,2026-02-02 12:29:25.501149+00:00,2026-02-02 12:29:25.501275+00:00
8d8461d802cf2c27367a3186c65c662e,2026-02-02T12:29:26.174307,0.07079262253137827,2026-02-02T12:29:25.489826664Z,bellOnAction,2026-02-02 12:29:27.502524+00:00,2026-02-02 12:29:27.502608+00:00
8d8461d802cf2c27367a3186c65c662e,2026-02-02T12:29:26.174307,0.07079262253137827,2026-02-02T12:29:25.489826664Z,lightOnInvocation,2026-02-02 12:29:25.499250+00:00,2026-02-02 12:29:25.499455+00:00
8d8461d802cf2c27367a3186c65c662e,2026-02-02T12:29:26.174307,0.07079262253137827,2026-02-02T12:29:25.489826664Z,gateDownInvocation,2026-02-02 12:29:25.497278+00:00,2026-02-02 12:29:25.497566+00:00
8d8461d802cf2c27367a3186c65c662e,2026-02-02T12:29:26.174307,0.07079262253137827,2026-02-02T12:29:25.489826664Z,lightOnInvocation,2026-02-02 12:29:25.497148+00:00,2026-02-02 12:29:25.497342+00:00
8d8461d802cf2c27367a3186c65c662e,2026-02-02T12:29:26.174307,0.07079262253137827,2026-02-02T12:29:25.489826664Z,bellOnAction,2026-02-02 12:29:27.502683+00:00,2026-02-02 12:29:27.502767+00:00
8d8461d802cf2c27367a3186c65c662e,2026-02-02T12:29:26.174307,0.07079262253137827,2026-02-02T12:29:25.489826664Z,gateDownAction,2026-02-02 12:29:27.501522+00:00,2026-02-02 12:29:27.501583+00:00
b2cf7409e29d3a7ce92fca80d35f9513,2026-02-02T12:31:23.496245,0.09052275179470778,2026-02-02T12:31:23.882430816Z,gateUpInvocation,2026-02-02 12:31:23.889495+00:00,2026-02-02 12:31:23.889576+00:00
b2cf7409e29d3a7ce92fca80d35f9513,2026-02-02T12:31:23.496245,0.09052275179470778,2026-02-02T12:31:23.882430816Z,lightOffInvocation,2026-02-02 12:31:23.889874+00:00,2026-02-02 12:31:23.889975+00:00
b2cf7409e29d3a7ce92fca80d35f9513,2026-02-02T12:31:23.496245,0.09052275179470778,2026-02-02T12:31:23.882430816Z,lightOffInvocation,2026-02-02 12:31:23.888798+00:00,2026-02-02 12:31:23.888984+00:00
b2cf7409e29d3a7ce92fca80d35f9513,2026-02-02T12:31:23.496245,0.09052275179470778,2026-02-02T12:31:23.882430816Z,bellOffInvocation,2026-02-02 12:31:23.891308+00:00,2026-02-02 12:31:23.891365+00:00
b2cf7409e29d3a7ce92fca80d35f9513,2026-02-02T12:31:23.496245,0.09052275179470778,2026-02-02T12:31:23.882430816Z,bellOffInvocation,2026-02-02 12:31:23.889567+00:00,2026-02-02 12:31:23.889654+00:00
b2cf7409e29d3a7ce92fca80d35f9513,2026-02-02T12:31:23.496245,0.09052275179470778,2026-02-02T12:31:23.882430816Z,gateUpInvocation,2026-02-02 12:31:23.890889+00:00,2026-02-02 12:31:23.890991+00:00
89524ba4a7b014afd7aa1ae7b1fcbdec,2026-02-02T12:30:44.378982,0.08400309286757708,2026-02-02T12:30:44.760605031Z,bellOffInvocation,2026-02-02 12:30:44.768494+00:00,2026-02-02 12:30:44.768647+00:00
89524ba4a7b014afd7aa1ae7b1fcbdec,2026-02-02T12:30:44.378982,0.08400309286757708,2026-02-02T12:30:44.760605031Z,gateUpInvocation,2026-02-02 12:30:44.767377+00:00,2026-02-02 12:30:44.767488+00:00
89524ba4a7b014afd7aa1ae7b1fcbdec,2026-02-02T12:30:44.378982,0.08400309286757708,2026-02-02T12:30:44.760605031Z,gateUpInvocation,2026-02-02 12:30:44.771990+00:00,2026-02-02 12:30:44.772137+00:00
89524ba4a7b014afd7aa1ae7b1fcbdec,2026-02-02T12:30:44.378982,0.08400309286757708,2026-02-02T12:30:44.760605031Z,lightOffInvocation,2026-02-02 12:30:44.767380+00:00,2026-02-02 12:30:44.767489+00:00
89524ba4a7b014afd7aa1ae7b1fcbdec,2026-02-02T12:30:44.378982,0.08400309286757708,2026-02-02T12:30:44.760605031Z,lightOffInvocation,2026-02-02 12:30:44.770148+00:00,2026-02-02 12:30:44.770258+00:00
89524ba4a7b014afd7aa1ae7b1fcbdec,2026-02-02T12:30:44.378982,0.08400309286757708,2026-02-02T12:30:44.760605031Z,bellOffInvocation,2026-02-02 12:30:44.770859+00:00,2026-02-02 12:30:44.771032+00:00
8d2327cc8019011af978808f1459cee1,2026-02-02T12:26:11.105229,0.03828728340739013,2026-02-02T12:26:10.438260888Z,bellOnInvocation,2026-02-02 12:26:10.447990+00:00,2026-02-02 12:26:10.448168+00:00
8d2327cc8019011af978808f1459cee1,2026-02-02T12:26:11.105229,0.03828728340739013,2026-02-02T12:26:10.438260888Z,lightOnAction,2026-02-02 12:26:12.447685+00:00,2026-02-02 12:26:12.447779+00:00
8d2327cc8019011af978808f1459cee1,2026-02-02T12:26:11.105229,0.03828728340739013,2026-02-02T12:26:10.438260888Z,gateDownInvocation,2026-02-02 12:26:10.446804+00:00,2026-02-02 12:26:10.447097+00:00
8d2327cc8019011af978808f1459cee1,2026-02-02T12:26:11.105229,0.03828728340739013,2026-02-02T12:26:10.438260888Z,gateDownAction,2026-02-02 12:26:12.448725+00:00,2026-02-02 12:26:12.448820+00:00
8d2327cc8019011af978808f1459cee1,2026-02-02T12:26:11.105229,0.03828728340739013,2026-02-02T12:26:10.438260888Z,bellOnAction,2026-02-02 12:26:12.449168+00:00,2026-02-02 12:26:12.449300+00:00
8d2327cc8019011af978808f1459cee1,2026-02-02T12:26:11.105229,0.03828728340739013,2026-02-02T12:26:10.438260888Z,gateDownAction,2026-02-02 12:26:12.448467+00:00,2026-02-02 12:26:12.448566+00:00
8d2327cc8019011af978808f1459cee1,2026-02-02T12:26:11.105229,0.03828728340739013,2026-02-02T12:26:10.438260888Z,bellOnAction,2026-02-02 12:26:12.451219+00:00,2026-02-02 12:26:12.451347+00:00
8d2327cc8019011af978808f1459cee1,2026-02-02T12:26:11.105229,0.03828728340739013,2026-02-02T12:26:10.438260888Z,lightOnAction,2026-02-02 12:26:12.447082+00:00,2026-02-02 12:26:12.447208+00:00
8d2327cc8019011af978808f1459cee1,2026-02-02T12:26:11.105229,0.03828728340739013,2026-02-02T12:26:10.438260888Z,gateDownInvocation,2026-02-02 12:26:10.447200+00:00,2026-02-02 12:26:10.447463+00:00
8d2327cc8019011af978808f1459cee1,2026-02-02T12:26:11.105229,0.03828728340739013,2026-02-02T12:26:10.438260888Z,bellOnInvocation,2026-02-02 12:26:10.448766+00:00,2026-02-02 12:26:10.448880+00:00
8d2327cc8019011af978808f1459cee1,2026-02-02T12:26:11.105229,0.03828728340739013,2026-02-02T12:26:10.438260888Z,lightOnInvocation,2026-02-02 12:26:10.446786+00:00,2026-02-02 12:26:10.446991+00:00
8d2327cc8019011af978808f1459cee1,2026-02-02T12:26:11.105229,0.03828728340739013,2026-02-02T12:26:10.438260888Z,lightOnInvocation,2026-02-02 12:26:10.445550+00:00,2026-02-02 12:26:10.445739+00:00
98961e376c25d240ca7b0948295feaab,2026-02-02T12:22:35.657598,0.0025444598764181136,2026-02-02T12:22:35.95972243Z,gateUpInvocation,2026-02-02 12:22:35.966535+00:00,2026-02-02 12:22:35.966610+00:00
98961e376c25d240ca7b0948295feaab,2026-02-02T12:22:35.657598,0.0025444598764181136,2026-02-02T12:22:35.95972243Z,bellOffInvocation,2026-02-02 12:22:35.971753+00:00,2026-02-02 12:22:35.971790+00:00
98961e376c25d240ca7b0948295feaab,2026-02-02T12:22:35.657598,0.0025444598764181136,2026-02-02T12:22:35.95972243Z,bellOffInvocation,2026-02-02 12:22:35.969144+00:00,2026-02-02 12:22:35.969215+00:00
98961e376c25d240ca7b0948295feaab,2026-02-02T12:22:35.657598,0.0025444598764181136,2026-02-02T12:22:35.95972243Z,gateUpInvocation,2026-02-02 12:22:35.966112+00:00,2026-02-02 12:22:35.966155+00:00
98961e376c25d240ca7b0948295feaab,2026-02-02T12:22:35.657598,0.0025444598764181136,2026-02-02T12:22:35.95972243Z,lightOffInvocation,2026-02-02 12:22:35.966210+00:00,2026-02-02 12:22:35.966285+00:00
98961e376c25d240ca7b0948295feaab,2026-02-02T12:22:35.657598,0.0025444598764181136,2026-02-02T12:22:35.95972243Z,lightOffInvocation,2026-02-02 12:22:35.965423+00:00,2026-02-02 12:22:35.965495+00:00
102751efd3cb11807182d0331b17b87c,2026-02-02T12:26:41.332135,0.04349018012844325,2026-02-02T12:26:41.658927169Z,bellOffInvocation,2026-02-02 12:26:41.669359+00:00,2026-02-02 12:26:41.669508+00:00
102751efd3cb11807182d0331b17b87c,2026-02-02T12:26:41.332135,0.04349018012844325,2026-02-02T12:26:41.658927169Z,bellOffInvocation,2026-02-02 12:26:41.670807+00:00,2026-02-02 12:26:41.670906+00:00
102751efd3cb11807182d0331b17b87c,2026-02-02T12:26:41.332135,0.04349018012844325,2026-02-02T12:26:41.658927169Z,gateUpInvocation,2026-02-02 12:26:41.667464+00:00,2026-02-02 12:26:41.667536+00:00
102751efd3cb11807182d0331b17b87c,2026-02-02T12:26:41.332135,0.04349018012844325,2026-02-02T12:26:41.658927169Z,lightOffInvocation,2026-02-02 12:26:41.669220+00:00,2026-02-02 12:26:41.669365+00:00
102751efd3cb11807182d0331b17b87c,2026-02-02T12:26:41.332135,0.04349018012844325,2026-02-02T12:26:41.658927169Z,gateUpInvocation,2026-02-02 12:26:41.667592+00:00,2026-02-02 12:26:41.667640+00:00
102751efd3cb11807182d0331b17b87c,2026-02-02T12:26:41.332135,0.04349018012844325,2026-02-02T12:26:41.658927169Z,lightOffInvocation,2026-02-02 12:26:41.668353+00:00,2026-02-02 12:26:41.668394+00:00
76305ece3b3f932f8b9994a63d1d5da4,2026-02-02T12:27:54.993439,0.0555966441583395,2026-02-02T12:27:54.30480219Z,gateDownAction,2026-02-02 12:27:56.312568+00:00,2026-02-02 12:27:56.312646+00:00
76305ece3b3f932f8b9994a63d1d5da4,2026-02-02T12:27:54.993439,0.0555966441583395,2026-02-02T12:27:54.30480219Z,lightOnInvocation,2026-02-02 12:27:54.310966+00:00,2026-02-02 12:27:54.311072+00:00
76305ece3b3f932f8b9994a63d1d5da4,2026-02-02T12:27:54.993439,0.0555966441583395,2026-02-02T12:27:54.30480219Z,bellOnAction,2026-02-02 12:27:56.311088+00:00,2026-02-02 12:27:56.311194+00:00
76305ece3b3f932f8b9994a63d1d5da4,2026-02-02T12:27:54.993439,0.0555966441583395,2026-02-02T12:27:54.30480219Z,bellOnAction,2026-02-02 12:27:56.314497+00:00,2026-02-02 12:27:56.314592+00:00
76305ece3b3f932f8b9994a63d1d5da4,2026-02-02T12:27:54.993439,0.0555966441583395,2026-02-02T12:27:54.30480219Z,gateDownInvocation,2026-02-02 12:27:54.310626+00:00,2026-02-02 12:27:54.310821+00:00
76305ece3b3f932f8b9994a63d1d5da4,2026-02-02T12:27:54.993439,0.0555966441583395,2026-02-02T12:27:54.30480219Z,bellOnInvocation,2026-02-02 12:27:54.311386+00:00,2026-02-02 12:27:54.311500+00:00
76305ece3b3f932f8b9994a63d1d5da4,2026-02-02T12:27:54.993439,0.0555966441583395,2026-02-02T12:27:54.30480219Z,lightOnAction,2026-02-02 12:27:56.310751+00:00,2026-02-02 12:27:56.310925+00:00
76305ece3b3f932f8b9994a63d1d5da4,2026-02-02T12:27:54.993439,0.0555966441583395,2026-02-02T12:27:54.30480219Z,lightOnInvocation,2026-02-02 12:27:54.311376+00:00,2026-02-02 12:27:54.311476+00:00
76305ece3b3f932f8b9994a63d1d5da4,2026-02-02T12:27:54.993439,0.0555966441583395,2026-02-02T12:27:54.30480219Z,gateDownInvocation,2026-02-02 12:27:54.311869+00:00,2026-02-02 12:27:54.312028+00:00
76305ece3b3f932f8b9994a63d1d5da4,2026-02-02T12:27:54.993439,0.0555966441583395,2026-02-02T12:27:54.30480219Z,lightOnAction,2026-02-02 12:27:56.310844+00:00,2026-02-02 12:27:56.311023+00:00
76305ece3b3f932f8b9994a63d1d5da4,2026-02-02T12:27:54.993439,0.0555966441583395,2026-02-02T12:27:54.30480219Z,bellOnInvocation,2026-02-02 12:27:54.314129+00:00,2026-02-02 12:27:54.314227+00:00
76305ece3b3f932f8b9994a63d1d5da4,2026-02-02T12:27:54.993439,0.0555966441583395,2026-02-02T12:27:54.30480219Z,gateDownAction,2026-02-02 12:27:56.311376+00:00,2026-02-02 12:27:56.311480+00:00
36cec34422b305f1133ac8cd5ccbae2c,2026-02-02T12:23:53.164328,0.015462358443641664,2026-02-02T12:23:53.475098048Z,lightOffInvocation,2026-02-02 12:23:53.492679+00:00,2026-02-02 12:23:53.492803+00:00
36cec34422b305f1133ac8cd5ccbae2c,2026-02-02T12:23:53.164328,0.015462358443641664,2026-02-02T12:23:53.475098048Z,bellOffInvocation,2026-02-02 12:23:53.493483+00:00,2026-02-02 12:23:53.493641+00:00
36cec34422b305f1133ac8cd5ccbae2c,2026-02-02T12:23:53.164328,0.015462358443641664,2026-02-02T12:23:53.475098048Z,gateUpInvocation,2026-02-02 12:23:53.490263+00:00,2026-02-02 12:23:53.490392+00:00
36cec34422b305f1133ac8cd5ccbae2c,2026-02-02T12:23:53.164328,0.015462358443641664,2026-02-02T12:23:53.475098048Z,gateUpInvocation,2026-02-02 12:23:53.487080+00:00,2026-02-02 12:23:53.487246+00:00
36cec34422b305f1133ac8cd5ccbae2c,2026-02-02T12:23:53.164328,0.015462358443641664,2026-02-02T12:23:53.475098048Z,lightOffInvocation,2026-02-02 12:23:53.487005+00:00,2026-02-02 12:23:53.487150+00:00
36cec34422b305f1133ac8cd5ccbae2c,2026-02-02T12:23:53.164328,0.015462358443641664,2026-02-02T12:23:53.475098048Z,bellOffInvocation,2026-02-02 12:23:53.493241+00:00,2026-02-02 12:23:53.493384+00:00
adaf49c8bddaaa3e5171e79874117598,2026-02-02T12:26:45.638405,0.04403771121485234,2026-02-02T12:26:44.944285363Z,gateDownAction,2026-02-02 12:26:46.953997+00:00,2026-02-02 12:26:46.954084+00:00
adaf49c8bddaaa3e5171e79874117598,2026-02-02T12:26:45.638405,0.04403771121485234,2026-02-02T12:26:44.944285363Z,lightOnAction,2026-02-02 12:26:46.952374+00:00,2026-02-02 12:26:46.952459+00:00
adaf49c8bddaaa3e5171e79874117598,2026-02-02T12:26:45.638405,0.04403771121485234,2026-02-02T12:26:44.944285363Z,bellOnAction,2026-02-02 12:26:46.953868+00:00,2026-02-02 12:26:46.953925+00:00
adaf49c8bddaaa3e5171e79874117598,2026-02-02T12:26:45.638405,0.04403771121485234,2026-02-02T12:26:44.944285363Z,bellOnInvocation,2026-02-02 12:26:44.955571+00:00,2026-02-02 12:26:44.955656+00:00
adaf49c8bddaaa3e5171e79874117598,2026-02-02T12:26:45.638405,0.04403771121485234,2026-02-02T12:26:44.944285363Z,lightOnInvocation,2026-02-02 12:26:44.953732+00:00,2026-02-02 12:26:44.953819+00:00
adaf49c8bddaaa3e5171e79874117598,2026-02-02T12:26:45.638405,0.04403771121485234,2026-02-02T12:26:44.944285363Z,gateDownInvocation,2026-02-02 12:26:44.951525+00:00,2026-02-02 12:26:44.951645+00:00
adaf49c8bddaaa3e5171e79874117598,2026-02-02T12:26:45.638405,0.04403771121485234,2026-02-02T12:26:44.944285363Z,bellOnInvocation,2026-02-02 12:26:44.952860+00:00,2026-02-02 12:26:44.952948+00:00
adaf49c8bddaaa3e5171e79874117598,2026-02-02T12:26:45.638405,0.04403771121485234,2026-02-02T12:26:44.944285363Z,bellOnAction,2026-02-02 12:26:46.956754+00:00,2026-02-02 12:26:46.956838+00:00
adaf49c8bddaaa3e5171e79874117598,2026-02-02T12:26:45.638405,0.04403771121485234,2026-02-02T12:26:44.944285363Z,gateDownAction,2026-02-02 12:26:46.954638+00:00,2026-02-02 12:26:46.954721+00:00
adaf49c8bddaaa3e5171e79874117598,2026-02-02T12:26:45.638405,0.04403771121485234,2026-02-02T12:26:44.944285363Z,gateDownInvocation,2026-02-02 12:26:44.952663+00:00,2026-02-02 12:26:44.952827+00:00
adaf49c8bddaaa3e5171e79874117598,2026-02-02T12:26:45.638405,0.04403771121485234,2026-02-02T12:26:44.944285363Z,lightOnInvocation,2026-02-02 12:26:44.951595+00:00,2026-02-02 12:26:44.951669+00:00
adaf49c8bddaaa3e5171e79874117598,2026-02-02T12:26:45.638405,0.04403771121485234,2026-02-02T12:26:44.944285363Z,lightOnAction,2026-02-02 12:26:46.954403+00:00,2026-02-02 12:26:46.954463+00:00
9e7a1d48bdb0f23bf8f9067fa22604c7,2026-02-02T12:24:27.599508,0.021032651532256606,2026-02-02T12:24:26.900103659Z,gateDownInvocation,2026-02-02 12:24:26.912361+00:00,2026-02-02 12:24:26.912745+00:00
9e7a1d48bdb0f23bf8f9067fa22604c7,2026-02-02T12:24:27.599508,0.021032651532256606,2026-02-02T12:24:26.900103659Z,lightOnAction,2026-02-02 12:24:28.914113+00:00,2026-02-02 12:24:28.914170+00:00
9e7a1d48bdb0f23bf8f9067fa22604c7,2026-02-02T12:24:27.599508,0.021032651532256606,2026-02-02T12:24:26.900103659Z,bellOnAction,2026-02-02 12:24:28.914529+00:00,2026-02-02 12:24:28.914585+00:00
9e7a1d48bdb0f23bf8f9067fa22604c7,2026-02-02T12:24:27.599508,0.021032651532256606,2026-02-02T12:24:26.900103659Z,lightOnAction,2026-02-02 12:24:28.914150+00:00,2026-02-02 12:24:28.914192+00:00
9e7a1d48bdb0f23bf8f9067fa22604c7,2026-02-02T12:24:27.599508,0.021032651532256606,2026-02-02T12:24:26.900103659Z,gateDownAction,2026-02-02 12:24:28.911709+00:00,2026-02-02 12:24:28.911785+00:00
9e7a1d48bdb0f23bf8f9067fa22604c7,2026-02-02T12:24:27.599508,0.021032651532256606,2026-02-02T12:24:26.900103659Z,bellOnInvocation,2026-02-02 12:24:26.913264+00:00,2026-02-02 12:24:26.913453+00:00
9e7a1d48bdb0f23bf8f9067fa22604c7,2026-02-02T12:24:27.599508,0.021032651532256606,2026-02-02T12:24:26.900103659Z,lightOnInvocation,2026-02-02 12:24:26.912552+00:00,2026-02-02 12:24:26.912662+00:00
9e7a1d48bdb0f23bf8f9067fa22604c7,2026-02-02T12:24:27.599508,0.021032651532256606,2026-02-02T12:24:26.900103659Z,gateDownAction,2026-02-02 12:24:28.913849+00:00,2026-02-02 12:24:28.913907+00:00
9e7a1d48bdb0f23bf8f9067fa22604c7,2026-02-02T12:24:27.599508,0.021032651532256606,2026-02-02T12:24:26.900103659Z,lightOnInvocation,2026-02-02 12:24:26.912421+00:00,2026-02-02 12:24:26.912621+00:00
9e7a1d48bdb0f23bf8f9067fa22604c7,2026-02-02T12:24:27.599508,0.021032651532256606,2026-02-02T12:24:26.900103659Z,bellOnInvocation,2026-02-02 12:24:26.915329+00:00,2026-02-02 12:24:26.915538+00:00
9e7a1d48bdb0f23bf8f9067fa22604c7,2026-02-02T12:24:27.599508,0.021032651532256606,2026-02-02T12:24:26.900103659Z,gateDownInvocation,2026-02-02 12:24:26.910517+00:00,2026-02-02 12:24:26.910726+00:00
9e7a1d48bdb0f23bf8f9067fa22604c7,2026-02-02T12:24:27.599508,0.021032651532256606,2026-02-02T12:24:26.900103659Z,bellOnAction,2026-02-02 12:24:28.916447+00:00,2026-02-02 12:24:28.916499+00:00
f9be964f7d73200c69b8ca8714f0d18c,2026-02-02T12:24:49.155887,0.024625461904466156,2026-02-02T12:24:48.459113784Z,bellOnAction,2026-02-02 12:24:50.472143+00:00,2026-02-02 12:24:50.472237+00:00
f9be964f7d73200c69b8ca8714f0d18c,2026-02-02T12:24:49.155887,0.024625461904466156,2026-02-02T12:24:48.459113784Z,gateDownInvocation,2026-02-02 12:24:48.467324+00:00,2026-02-02 12:24:48.467613+00:00
f9be964f7d73200c69b8ca8714f0d18c,2026-02-02T12:24:49.155887,0.024625461904466156,2026-02-02T12:24:48.459113784Z,bellOnAction,2026-02-02 12:24:50.474184+00:00,2026-02-02 12:24:50.474296+00:00
f9be964f7d73200c69b8ca8714f0d18c,2026-02-02T12:24:49.155887,0.024625461904466156,2026-02-02T12:24:48.459113784Z,gateDownAction,2026-02-02 12:24:50.468239+00:00,2026-02-02 12:24:50.468289+00:00
f9be964f7d73200c69b8ca8714f0d18c,2026-02-02T12:24:49.155887,0.024625461904466156,2026-02-02T12:24:48.459113784Z,gateDownInvocation,2026-02-02 12:24:48.467710+00:00,2026-02-02 12:24:48.468017+00:00
f9be964f7d73200c69b8ca8714f0d18c,2026-02-02T12:24:49.155887,0.024625461904466156,2026-02-02T12:24:48.459113784Z,bellOnInvocation,2026-02-02 12:24:48.472674+00:00,2026-02-02 12:24:48.472807+00:00
f9be964f7d73200c69b8ca8714f0d18c,2026-02-02T12:24:49.155887,0.024625461904466156,2026-02-02T12:24:48.459113784Z,lightOnInvocation,2026-02-02 12:24:48.470402+00:00,2026-02-02 12:24:48.470550+00:00
f9be964f7d73200c69b8ca8714f0d18c,2026-02-02T12:24:49.155887,0.024625461904466156,2026-02-02T12:24:48.459113784Z,lightOnInvocation,2026-02-02 12:24:48.467416+00:00,2026-02-02 12:24:48.467595+00:00
f9be964f7d73200c69b8ca8714f0d18c,2026-02-02T12:24:49.155887,0.024625461904466156,2026-02-02T12:24:48.459113784Z,lightOnAction,2026-02-02 12:24:50.471704+00:00,2026-02-02 12:24:50.471766+00:00
f9be964f7d73200c69b8ca8714f0d18c,2026-02-02T12:24:49.155887,0.024625461904466156,2026-02-02T12:24:48.459113784Z,lightOnAction,2026-02-02 12:24:50.468456+00:00,2026-02-02 12:24:50.468568+00:00
f9be964f7d73200c69b8ca8714f0d18c,2026-02-02T12:24:49.155887,0.024625461904466156,2026-02-02T12:24:48.459113784Z,gateDownAction,2026-02-02 12:24:50.470273+00:00,2026-02-02 12:24:50.470340+00:00
f9be964f7d73200c69b8ca8714f0d18c,2026-02-02T12:24:49.155887,0.024625461904466156,2026-02-02T12:24:48.459113784Z,bellOnInvocation,2026-02-02 12:24:48.470453+00:00,2026-02-02 12:24:48.470601+00:00
9099fdc2267980695859660270cf5110,2026-02-02T12:26:58.590414,0.046365293886518485,2026-02-02T12:26:58.911222889Z,gateUpInvocation,2026-02-02 12:26:58.921426+00:00,2026-02-02 12:26:58.921568+00:00
9099fdc2267980695859660270cf5110,2026-02-02T12:26:58.590414,0.046365293886518485,2026-02-02T12:26:58.911222889Z,gateUpInvocation,2026-02-02 12:26:58.924449+00:00,2026-02-02 12:26:58.924608+00:00
9099fdc2267980695859660270cf5110,2026-02-02T12:26:58.590414,0.046365293886518485,2026-02-02T12:26:58.911222889Z,bellOffInvocation,2026-02-02 12:26:58.926672+00:00,2026-02-02 12:26:58.926781+00:00
9099fdc2267980695859660270cf5110,2026-02-02T12:26:58.590414,0.046365293886518485,2026-02-02T12:26:58.911222889Z,lightOffInvocation,2026-02-02 12:26:58.918862+00:00,2026-02-02 12:26:58.920138+00:00
9099fdc2267980695859660270cf5110,2026-02-02T12:26:58.590414,0.046365293886518485,2026-02-02T12:26:58.911222889Z,bellOffInvocation,2026-02-02 12:26:58.927406+00:00,2026-02-02 12:26:58.927572+00:00
9099fdc2267980695859660270cf5110,2026-02-02T12:26:58.590414,0.046365293886518485,2026-02-02T12:26:58.911222889Z,lightOffInvocation,2026-02-02 12:26:58.920494+00:00,2026-02-02 12:26:58.920641+00:00
8e9e92834d27f72a4465a5d56399b586,2026-02-02T12:30:40.070569,0.08311211264175178,2026-02-02T12:30:39.414194678Z,gateDownInvocation,2026-02-02 12:30:39.422096+00:00,2026-02-02 12:30:39.422299+00:00
8e9e92834d27f72a4465a5d56399b586,2026-02-02T12:30:40.070569,0.08311211264175178,2026-02-02T12:30:39.414194678Z,gateDownAction,2026-02-02 12:30:41.422606+00:00,2026-02-02 12:30:41.422694+00:00
8e9e92834d27f72a4465a5d56399b586,2026-02-02T12:30:40.070569,0.08311211264175178,2026-02-02T12:30:39.414194678Z,lightOnAction,2026-02-02 12:30:41.421820+00:00,2026-02-02 12:30:41.421973+00:00
8e9e92834d27f72a4465a5d56399b586,2026-02-02T12:30:40.070569,0.08311211264175178,2026-02-02T12:30:39.414194678Z,bellOnAction,2026-02-02 12:30:41.424227+00:00,2026-02-02 12:30:41.424301+00:00
8e9e92834d27f72a4465a5d56399b586,2026-02-02T12:30:40.070569,0.08311211264175178,2026-02-02T12:30:39.414194678Z,lightOnInvocation,2026-02-02 12:30:39.420819+00:00,2026-02-02 12:30:39.420960+00:00
8e9e92834d27f72a4465a5d56399b586,2026-02-02T12:30:40.070569,0.08311211264175178,2026-02-02T12:30:39.414194678Z,lightOnAction,2026-02-02 12:30:41.421472+00:00,2026-02-02 12:30:41.421563+00:00
8e9e92834d27f72a4465a5d56399b586,2026-02-02T12:30:40.070569,0.08311211264175178,2026-02-02T12:30:39.414194678Z,bellOnInvocation,2026-02-02 12:30:39.421119+00:00,2026-02-02 12:30:39.421248+00:00
8e9e92834d27f72a4465a5d56399b586,2026-02-02T12:30:40.070569,0.08311211264175178,2026-02-02T12:30:39.414194678Z,lightOnInvocation,2026-02-02 12:30:39.420816+00:00,2026-02-02 12:30:39.420982+00:00
8e9e92834d27f72a4465a5d56399b586,2026-02-02T12:30:40.070569,0.08311211264175178,2026-02-02T12:30:39.414194678Z,gateDownAction,2026-02-02 12:30:41.422343+00:00,2026-02-02 12:30:41.422400+00:00
8e9e92834d27f72a4465a5d56399b586,2026-02-02T12:30:40.070569,0.08311211264175178,2026-02-02T12:30:39.414194678Z,bellOnAction,2026-02-02 12:30:41.421633+00:00,2026-02-02 12:30:41.421720+00:00
8e9e92834d27f72a4465a5d56399b586,2026-02-02T12:30:40.070569,0.08311211264175178,2026-02-02T12:30:39.414194678Z,bellOnInvocation,2026-02-02 12:30:39.423156+00:00,2026-02-02 12:30:39.423301+00:00
8e9e92834d27f72a4465a5d56399b586,2026-02-02T12:30:40.070569,0.08311211264175178,2026-02-02T12:30:39.414194678Z,gateDownInvocation,2026-02-02 12:30:39.421149+00:00,2026-02-02 12:30:39.421396+00:00
a350fc16be6896dd4f5181a41dfcd26c,2026-02-02T12:30:09.610613,0.07803530822137594,2026-02-02T12:30:08.950134118Z,bellOnInvocation,2026-02-02 12:30:08.953091+00:00,2026-02-02 12:30:08.953150+00:00
a350fc16be6896dd4f5181a41dfcd26c,2026-02-02T12:30:09.610613,0.07803530822137594,2026-02-02T12:30:08.950134118Z,lightOnAction,2026-02-02 12:30:10.953710+00:00,2026-02-02 12:30:10.953791+00:00
a350fc16be6896dd4f5181a41dfcd26c,2026-02-02T12:30:09.610613,0.07803530822137594,2026-02-02T12:30:08.950134118Z,gateDownInvocation,2026-02-02 12:30:08.952635+00:00,2026-02-02 12:30:08.952728+00:00
a350fc16be6896dd4f5181a41dfcd26c,2026-02-02T12:30:09.610613,0.07803530822137594,2026-02-02T12:30:08.950134118Z,bellOnAction,2026-02-02 12:30:10.955013+00:00,2026-02-02 12:30:10.955069+00:00
a350fc16be6896dd4f5181a41dfcd26c,2026-02-02T12:30:09.610613,0.07803530822137594,2026-02-02T12:30:08.950134118Z,gateDownInvocation,2026-02-02 12:30:08.953619+00:00,2026-02-02 12:30:08.953684+00:00
a350fc16be6896dd4f5181a41dfcd26c,2026-02-02T12:30:09.610613,0.07803530822137594,2026-02-02T12:30:08.950134118Z,lightOnAction,2026-02-02 12:30:10.954834+00:00,2026-02-02 12:30:10.954901+00:00
a350fc16be6896dd4f5181a41dfcd26c,2026-02-02T12:30:09.610613,0.07803530822137594,2026-02-02T12:30:08.950134118Z,lightOnInvocation,2026-02-02 12:30:08.954659+00:00,2026-02-02 12:30:08.954704+00:00
a350fc16be6896dd4f5181a41dfcd26c,2026-02-02T12:30:09.610613,0.07803530822137594,2026-02-02T12:30:08.950134118Z,bellOnAction,2026-02-02 12:30:10.953530+00:00,2026-02-02 12:30:10.953608+00:00
a350fc16be6896dd4f5181a41dfcd26c,2026-02-02T12:30:09.610613,0.07803530822137594,2026-02-02T12:30:08.950134118Z,lightOnInvocation,2026-02-02 12:30:08.952668+00:00,2026-02-02 12:30:08.952728+00:00
a350fc16be6896dd4f5181a41dfcd26c,2026-02-02T12:30:09.610613,0.07803530822137594,2026-02-02T12:30:08.950134118Z,gateDownAction,2026-02-02 12:30:10.953594+00:00,2026-02-02 12:30:10.953672+00:00
a350fc16be6896dd4f5181a41dfcd26c,2026-02-02T12:30:09.610613,0.07803530822137594,2026-02-02T12:30:08.950134118Z,bellOnInvocation,2026-02-02 12:30:08.953845+00:00,2026-02-02 12:30:08.953891+00:00
a350fc16be6896dd4f5181a41dfcd26c,2026-02-02T12:30:09.610613,0.07803530822137594,2026-02-02T12:30:08.950134118Z,gateDownAction,2026-02-02 12:30:10.953322+00:00,2026-02-02 12:30:10.953415+00:00
0c758ec13785bc356741ac2bb1a0945b,2026-02-02T12:28:07.992282,0.0577708191411376,2026-02-02T12:28:07.351226307Z,lightOnInvocation,2026-02-02 12:28:07.359866+00:00,2026-02-02 12:28:07.360070+00:00
0c758ec13785bc356741ac2bb1a0945b,2026-02-02T12:28:07.992282,0.0577708191411376,2026-02-02T12:28:07.351226307Z,gateDownAction,2026-02-02 12:28:09.360691+00:00,2026-02-02 12:28:09.360785+00:00
0c758ec13785bc356741ac2bb1a0945b,2026-02-02T12:28:07.992282,0.0577708191411376,2026-02-02T12:28:07.351226307Z,bellOnAction,2026-02-02 12:28:09.363898+00:00,2026-02-02 12:28:09.364020+00:00
0c758ec13785bc356741ac2bb1a0945b,2026-02-02T12:28:07.992282,0.0577708191411376,2026-02-02T12:28:07.351226307Z,lightOnAction,2026-02-02 12:28:09.362322+00:00,2026-02-02 12:28:09.362405+00:00
0c758ec13785bc356741ac2bb1a0945b,2026-02-02T12:28:07.992282,0.0577708191411376,2026-02-02T12:28:07.351226307Z,gateDownInvocation,2026-02-02 12:28:07.358925+00:00,2026-02-02 12:28:07.359147+00:00
0c758ec13785bc356741ac2bb1a0945b,2026-02-02T12:28:07.992282,0.0577708191411376,2026-02-02T12:28:07.351226307Z,gateDownInvocation,2026-02-02 12:28:07.359077+00:00,2026-02-02 12:28:07.359384+00:00
0c758ec13785bc356741ac2bb1a0945b,2026-02-02T12:28:07.992282,0.0577708191411376,2026-02-02T12:28:07.351226307Z,bellOnAction,2026-02-02 12:28:09.360682+00:00,2026-02-02 12:28:09.360767+00:00
0c758ec13785bc356741ac2bb1a0945b,2026-02-02T12:28:07.992282,0.0577708191411376,2026-02-02T12:28:07.351226307Z,bellOnInvocation,2026-02-02 12:28:07.362776+00:00,2026-02-02 12:28:07.362948+00:00
0c758ec13785bc356741ac2bb1a0945b,2026-02-02T12:28:07.992282,0.0577708191411376,2026-02-02T12:28:07.351226307Z,lightOnInvocation,2026-02-02 12:28:07.361546+00:00,2026-02-02 12:28:07.361707+00:00
0c758ec13785bc356741ac2bb1a0945b,2026-02-02T12:28:07.992282,0.0577708191411376,2026-02-02T12:28:07.351226307Z,lightOnAction,2026-02-02 12:28:09.361324+00:00,2026-02-02 12:28:09.361413+00:00
0c758ec13785bc356741ac2bb1a0945b,2026-02-02T12:28:07.992282,0.0577708191411376,2026-02-02T12:28:07.351226307Z,gateDownAction,2026-02-02 12:28:09.360289+00:00,2026-02-02 12:28:09.360379+00:00
0c758ec13785bc356741ac2bb1a0945b,2026-02-02T12:28:07.992282,0.0577708191411376,2026-02-02T12:28:07.351226307Z,bellOnInvocation,2026-02-02 12:28:07.359872+00:00,2026-02-02 12:28:07.360066+00:00
548c6384dcdd2c4617a237326a3a897a,2026-02-02T12:31:36.542909,0.09251854576981068,2026-02-02T12:31:35.858307321Z,gateDownInvocation,2026-02-02 12:31:35.863360+00:00,2026-02-02 12:31:35.863489+00:00
548c6384dcdd2c4617a237326a3a897a,2026-02-02T12:31:36.542909,0.09251854576981068,2026-02-02T12:31:35.858307321Z,lightOnAction,2026-02-02 12:31:37.864483+00:00,2026-02-02 12:31:37.864537+00:00
548c6384dcdd2c4617a237326a3a897a,2026-02-02T12:31:36.542909,0.09251854576981068,2026-02-02T12:31:35.858307321Z,bellOnAction,2026-02-02 12:31:37.864289+00:00,2026-02-02 12:31:37.864380+00:00
548c6384dcdd2c4617a237326a3a897a,2026-02-02T12:31:36.542909,0.09251854576981068,2026-02-02T12:31:35.858307321Z,lightOnAction,2026-02-02 12:31:37.864465+00:00,2026-02-02 12:31:37.864552+00:00
548c6384dcdd2c4617a237326a3a897a,2026-02-02T12:31:36.542909,0.09251854576981068,2026-02-02T12:31:35.858307321Z,bellOnInvocation,2026-02-02 12:31:35.864798+00:00,2026-02-02 12:31:35.864854+00:00
548c6384dcdd2c4617a237326a3a897a,2026-02-02T12:31:36.542909,0.09251854576981068,2026-02-02T12:31:35.858307321Z,gateDownInvocation,2026-02-02 12:31:35.863356+00:00,2026-02-02 12:31:35.863490+00:00
548c6384dcdd2c4617a237326a3a897a,2026-02-02T12:31:36.542909,0.09251854576981068,2026-02-02T12:31:35.858307321Z,bellOnInvocation,2026-02-02 12:31:35.863444+00:00,2026-02-02 12:31:35.863513+00:00
548c6384dcdd2c4617a237326a3a897a,2026-02-02T12:31:36.542909,0.09251854576981068,2026-02-02T12:31:35.858307321Z,lightOnInvocation,2026-02-02 12:31:35.864575+00:00,2026-02-02 12:31:35.864654+00:00
548c6384dcdd2c4617a237326a3a897a,2026-02-02T12:31:36.542909,0.09251854576981068,2026-02-02T12:31:35.858307321Z,gateDownAction,2026-02-02 12:31:37.864104+00:00,2026-02-02 12:31:37.864188+00:00
548c6384dcdd2c4617a237326a3a897a,2026-02-02T12:31:36.542909,0.09251854576981068,2026-02-02T12:31:35.858307321Z,bellOnAction,2026-02-02 12:31:37.865828+00:00,2026-02-02 12:31:37.865895+00:00
548c6384dcdd2c4617a237326a3a897a,2026-02-02T12:31:36.542909,0.09251854576981068,2026-02-02T12:31:35.858307321Z,lightOnInvocation,2026-02-02 12:31:35.863512+00:00,2026-02-02 12:31:35.863613+00:00
548c6384dcdd2c4617a237326a3a897a,2026-02-02T12:31:36.542909,0.09251854576981068,2026-02-02T12:31:35.858307321Z,gateDownAction,2026-02-02 12:31:37.863559+00:00,2026-02-02 12:31:37.863645+00:00
8a37a9bdcc0711707003300eafa20e4a,2026-02-02T12:29:17.521945,0.0693554459912777,2026-02-02T12:29:16.865932777Z,lightOnAction,2026-02-02 12:29:18.873839+00:00,2026-02-02 12:29:18.873964+00:00
8a37a9bdcc0711707003300eafa20e4a,2026-02-02T12:29:17.521945,0.0693554459912777,2026-02-02T12:29:16.865932777Z,lightOnAction,2026-02-02 12:29:18.875011+00:00,2026-02-02 12:29:18.875096+00:00
8a37a9bdcc0711707003300eafa20e4a,2026-02-02T12:29:17.521945,0.0693554459912777,2026-02-02T12:29:16.865932777Z,lightOnInvocation,2026-02-02 12:29:16.873748+00:00,2026-02-02 12:29:16.873920+00:00
8a37a9bdcc0711707003300eafa20e4a,2026-02-02T12:29:17.521945,0.0693554459912777,2026-02-02T12:29:16.865932777Z,gateDownAction,2026-02-02 12:29:18.873775+00:00,2026-02-02 12:29:18.873857+00:00
8a37a9bdcc0711707003300eafa20e4a,2026-02-02T12:29:17.521945,0.0693554459912777,2026-02-02T12:29:16.865932777Z,lightOnInvocation,2026-02-02 12:29:16.872315+00:00,2026-02-02 12:29:16.872447+00:00
8a37a9bdcc0711707003300eafa20e4a,2026-02-02T12:29:17.521945,0.0693554459912777,2026-02-02T12:29:16.865932777Z,bellOnInvocation,2026-02-02 12:29:16.878004+00:00,2026-02-02 12:29:16.878130+00:00
8a37a9bdcc0711707003300eafa20e4a,2026-02-02T12:29:17.521945,0.0693554459912777,2026-02-02T12:29:16.865932777Z,gateDownInvocation,2026-02-02 12:29:16.877125+00:00,2026-02-02 12:29:16.877325+00:00
8a37a9bdcc0711707003300eafa20e4a,2026-02-02T12:29:17.521945,0.0693554459912777,2026-02-02T12:29:16.865932777Z,gateDownInvocation,2026-02-02 12:29:16.872247+00:00,2026-02-02 12:29:16.872447+00:00
8a37a9bdcc0711707003300eafa20e4a,2026-02-02T12:29:17.521945,0.0693554459912777,2026-02-02T12:29:16.865932777Z,gateDownAction,2026-02-02 12:29:18.877597+00:00,2026-02-02 12:29:18.877668+00:00
8a37a9bdcc0711707003300eafa20e4a,2026-02-02T12:29:17.521945,0.0693554459912777,2026-02-02T12:29:16.865932777Z,bellOnAction,2026-02-02 12:29:18.879143+00:00,2026-02-02 12:29:18.879223+00:00
8a37a9bdcc0711707003300eafa20e4a,2026-02-02T12:29:17.521945,0.0693554459912777,2026-02-02T12:29:16.865932777Z,bellOnInvocation,2026-02-02 12:29:16.875831+00:00,2026-02-02 12:29:16.875982+00:00
8a37a9bdcc0711707003300eafa20e4a,2026-02-02T12:29:17.521945,0.0693554459912777,2026-02-02T12:29:16.865932777Z,bellOnAction,2026-02-02 12:29:18.876977+00:00,2026-02-02 12:29:18.877065+00:00
60af8ca4e710a085d13bf69498ece68f,2026-02-02T12:24:01.769276,0.0167292701248765,2026-02-02T12:24:01.077247797Z,bellOnAction,2026-02-02 12:24:03.091801+00:00,2026-02-02 12:24:03.091888+00:00
60af8ca4e710a085d13bf69498ece68f,2026-02-02T12:24:01.769276,0.0167292701248765,2026-02-02T12:24:01.077247797Z,lightOnAction,2026-02-02 12:24:03.089697+00:00,2026-02-02 12:24:03.089753+00:00
60af8ca4e710a085d13bf69498ece68f,2026-02-02T12:24:01.769276,0.0167292701248765,2026-02-02T12:24:01.077247797Z,lightOnInvocation,2026-02-02 12:24:01.089100+00:00,2026-02-02 12:24:01.089302+00:00
60af8ca4e710a085d13bf69498ece68f,2026-02-02T12:24:01.769276,0.0167292701248765,2026-02-02T12:24:01.077247797Z,lightOnAction,2026-02-02 12:24:03.089484+00:00,2026-02-02 12:24:03.089566+00:00
60af8ca4e710a085d13bf69498ece68f,2026-02-02T12:24:01.769276,0.0167292701248765,2026-02-02T12:24:01.077247797Z,gateDownAction,2026-02-02 12:24:03.088189+00:00,2026-02-02 12:24:03.088272+00:00
60af8ca4e710a085d13bf69498ece68f,2026-02-02T12:24:01.769276,0.0167292701248765,2026-02-02T12:24:01.077247797Z,bellOnAction,2026-02-02 12:24:03.093062+00:00,2026-02-02 12:24:03.093146+00:00
60af8ca4e710a085d13bf69498ece68f,2026-02-02T12:24:01.769276,0.0167292701248765,2026-02-02T12:24:01.077247797Z,bellOnInvocation,2026-02-02 12:24:01.091217+00:00,2026-02-02 12:24:01.091398+00:00
60af8ca4e710a085d13bf69498ece68f,2026-02-02T12:24:01.769276,0.0167292701248765,2026-02-02T12:24:01.077247797Z,bellOnInvocation,2026-02-02 12:24:01.090586+00:00,2026-02-02 12:24:01.090744+00:00
60af8ca4e710a085d13bf69498ece68f,2026-02-02T12:24:01.769276,0.0167292701248765,2026-02-02T12:24:01.077247797Z,gateDownInvocation,2026-02-02 12:24:01.087448+00:00,2026-02-02 12:24:01.087680+00:00
60af8ca4e710a085d13bf69498ece68f,2026-02-02T12:24:01.769276,0.0167292701248765,2026-02-02T12:24:01.077247797Z,gateDownInvocation,2026-02-02 12:24:01.087107+00:00,2026-02-02 12:24:01.087427+00:00
60af8ca4e710a085d13bf69498ece68f,2026-02-02T12:24:01.769276,0.0167292701248765,2026-02-02T12:24:01.077247797Z,gateDownAction,2026-02-02 12:24:03.089334+00:00,2026-02-02 12:24:03.089418+00:00
60af8ca4e710a085d13bf69498ece68f,2026-02-02T12:24:01.769276,0.0167292701248765,2026-02-02T12:24:01.077247797Z,lightOnInvocation,2026-02-02 12:24:01.089024+00:00,2026-02-02 12:24:01.089188+00:00
065c433dadfd15095d33a9b78ce27f64,2026-02-02T12:28:16.649151,0.05921025904060603,2026-02-02T12:28:15.988697456Z,bellOnAction,2026-02-02 12:28:17.995534+00:00,2026-02-02 12:28:17.995623+00:00
065c433dadfd15095d33a9b78ce27f64,2026-02-02T12:28:16.649151,0.05921025904060603,2026-02-02T12:28:15.988697456Z,gateDownAction,2026-02-02 12:28:17.994068+00:00,2026-02-02 12:28:17.994156+00:00
065c433dadfd15095d33a9b78ce27f64,2026-02-02T12:28:16.649151,0.05921025904060603,2026-02-02T12:28:15.988697456Z,lightOnAction,2026-02-02 12:28:17.994238+00:00,2026-02-02 12:28:17.994344+00:00
065c433dadfd15095d33a9b78ce27f64,2026-02-02T12:28:16.649151,0.05921025904060603,2026-02-02T12:28:15.988697456Z,lightOnAction,2026-02-02 12:28:17.994430+00:00,2026-02-02 12:28:17.994495+00:00
065c433dadfd15095d33a9b78ce27f64,2026-02-02T12:28:16.649151,0.05921025904060603,2026-02-02T12:28:15.988697456Z,gateDownAction,2026-02-02 12:28:17.993896+00:00,2026-02-02 12:28:17.994035+00:00
065c433dadfd15095d33a9b78ce27f64,2026-02-02T12:28:16.649151,0.05921025904060603,2026-02-02T12:28:15.988697456Z,gateDownInvocation,2026-02-02 12:28:15.993593+00:00,2026-02-02 12:28:15.993681+00:00
065c433dadfd15095d33a9b78ce27f64,2026-02-02T12:28:16.649151,0.05921025904060603,2026-02-02T12:28:15.988697456Z,bellOnInvocation,2026-02-02 12:28:15.993677+00:00,2026-02-02 12:28:15.993732+00:00
065c433dadfd15095d33a9b78ce27f64,2026-02-02T12:28:16.649151,0.05921025904060603,2026-02-02T12:28:15.988697456Z,lightOnInvocation,2026-02-02 12:28:15.993373+00:00,2026-02-02 12:28:15.993430+00:00
065c433dadfd15095d33a9b78ce27f64,2026-02-02T12:28:16.649151,0.05921025904060603,2026-02-02T12:28:15.988697456Z,gateDownInvocation,2026-02-02 12:28:15.993340+00:00,2026-02-02 12:28:15.993430+00:00
065c433dadfd15095d33a9b78ce27f64,2026-02-02T12:28:16.649151,0.05921025904060603,2026-02-02T12:28:15.988697456Z,lightOnInvocation,2026-02-02 12:28:15.994077+00:00,2026-02-02 12:28:15.994125+00:00
065c433dadfd15095d33a9b78ce27f64,2026-02-02T12:28:16.649151,0.05921025904060603,2026-02-02T12:28:15.988697456Z,bellOnInvocation,2026-02-02 12:28:15.994803+00:00,2026-02-02 12:28:15.994843+00:00
065c433dadfd15095d33a9b78ce27f64,2026-02-02T12:28:16.649151,0.05921025904060603,2026-02-02T12:28:15.988697456Z,bellOnAction,2026-02-02 12:28:17.993736+00:00,2026-02-02 12:28:17.993924+00:00
a8a59e98b9021438e9d46893512897db,2026-02-02T12:29:30.490340,0.07151426283018589,2026-02-02T12:29:29.819944017Z,gateDownAction,2026-02-02 12:29:31.823436+00:00,2026-02-02 12:29:31.823523+00:00
a8a59e98b9021438e9d46893512897db,2026-02-02T12:29:30.490340,0.07151426283018589,2026-02-02T12:29:29.819944017Z,lightOnInvocation,2026-02-02 12:29:29.822814+00:00,2026-02-02 12:29:29.822884+00:00
a8a59e98b9021438e9d46893512897db,2026-02-02T12:29:30.490340,0.07151426283018589,2026-02-02T12:29:29.819944017Z,lightOnAction,2026-02-02 12:29:31.823863+00:00,2026-02-02 12:29:31.823993+00:00
a8a59e98b9021438e9d46893512897db,2026-02-02T12:29:30.490340,0.07151426283018589,2026-02-02T12:29:29.819944017Z,bellOnAction,2026-02-02 12:29:31.823837+00:00,2026-02-02 12:29:31.823981+00:00
a8a59e98b9021438e9d46893512897db,2026-02-02T12:29:30.490340,0.07151426283018589,2026-02-02T12:29:29.819944017Z,gateDownAction,2026-02-02 12:29:31.823672+00:00,2026-02-02 12:29:31.823763+00:00
a8a59e98b9021438e9d46893512897db,2026-02-02T12:29:30.490340,0.07151426283018589,2026-02-02T12:29:29.819944017Z,bellOnInvocation,2026-02-02 12:29:29.824138+00:00,2026-02-02 12:29:29.824188+00:00
a8a59e98b9021438e9d46893512897db,2026-02-02T12:29:30.490340,0.07151426283018589,2026-02-02T12:29:29.819944017Z,bellOnAction,2026-02-02 12:29:31.824712+00:00,2026-02-02 12:29:31.824797+00:00
a8a59e98b9021438e9d46893512897db,2026-02-02T12:29:30.490340,0.07151426283018589,2026-02-02T12:29:29.819944017Z,lightOnInvocation,2026-02-02 12:29:29.823571+00:00,2026-02-02 12:29:29.823624+00:00
a8a59e98b9021438e9d46893512897db,2026-02-02T12:29:30.490340,0.07151426283018589,2026-02-02T12:29:29.819944017Z,gateDownInvocation,2026-02-02 12:29:29.822752+00:00,2026-02-02 12:29:29.822905+00:00
a8a59e98b9021438e9d46893512897db,2026-02-02T12:29:30.490340,0.07151426283018589,2026-02-02T12:29:29.819944017Z,gateDownInvocation,2026-02-02 12:29:29.822913+00:00,2026-02-02 12:29:29.823001+00:00
a8a59e98b9021438e9d46893512897db,2026-02-02T12:29:30.490340,0.07151426283018589,2026-02-02T12:29:29.819944017Z,lightOnAction,2026-02-02 12:29:31.823795+00:00,2026-02-02 12:29:31.823891+00:00
a8a59e98b9021438e9d46893512897db,2026-02-02T12:29:30.490340,0.07151426283018589,2026-02-02T12:29:29.819944017Z,bellOnInvocation,2026-02-02 12:29:29.823249+00:00,2026-02-02 12:29:29.823321+00:00
27bdb494b5563147e3ffb62f5c6d02de,2026-02-02T12:31:32.160685,0.0919572096017599,2026-02-02T12:31:32.490082764Z,lightOffInvocation,2026-02-02 12:31:32.496563+00:00,2026-02-02 12:31:32.496625+00:00
27bdb494b5563147e3ffb62f5c6d02de,2026-02-02T12:31:32.160685,0.0919572096017599,2026-02-02T12:31:32.490082764Z,gateUpInvocation,2026-02-02 12:31:32.496552+00:00,2026-02-02 12:31:32.496614+00:00
27bdb494b5563147e3ffb62f5c6d02de,2026-02-02T12:31:32.160685,0.0919572096017599,2026-02-02T12:31:32.490082764Z,bellOffInvocation,2026-02-02 12:31:32.502559+00:00,2026-02-02 12:31:32.502614+00:00
27bdb494b5563147e3ffb62f5c6d02de,2026-02-02T12:31:32.160685,0.0919572096017599,2026-02-02T12:31:32.490082764Z,gateUpInvocation,2026-02-02 12:31:32.499214+00:00,2026-02-02 12:31:32.499276+00:00
27bdb494b5563147e3ffb62f5c6d02de,2026-02-02T12:31:32.160685,0.0919572096017599,2026-02-02T12:31:32.490082764Z,bellOffInvocation,2026-02-02 12:31:32.502607+00:00,2026-02-02 12:31:32.502677+00:00
27bdb494b5563147e3ffb62f5c6d02de,2026-02-02T12:31:32.160685,0.0919572096017599,2026-02-02T12:31:32.490082764Z,lightOffInvocation,2026-02-02 12:31:32.496551+00:00,2026-02-02 12:31:32.496614+00:00
f6d2dd654db2c1473c581b96ab13affa,2026-02-02T12:29:13.181448,0.06862980403814317,2026-02-02T12:29:12.511626479Z,lightOnAction,2026-02-02 12:29:14.517842+00:00,2026-02-02 12:29:14.517921+00:00
f6d2dd654db2c1473c581b96ab13affa,2026-02-02T12:29:13.181448,0.06862980403814317,2026-02-02T12:29:12.511626479Z,bellOnAction,2026-02-02 12:29:14.518471+00:00,2026-02-02 12:29:14.518565+00:00
f6d2dd654db2c1473c581b96ab13affa,2026-02-02T12:29:13.181448,0.06862980403814317,2026-02-02T12:29:12.511626479Z,lightOnInvocation,2026-02-02 12:29:12.516653+00:00,2026-02-02 12:29:12.516726+00:00
f6d2dd654db2c1473c581b96ab13affa,2026-02-02T12:29:13.181448,0.06862980403814317,2026-02-02T12:29:12.511626479Z,bellOnAction,2026-02-02 12:29:14.517678+00:00,2026-02-02 12:29:14.517763+00:00
f6d2dd654db2c1473c581b96ab13affa,2026-02-02T12:29:13.181448,0.06862980403814317,2026-02-02T12:29:12.511626479Z,gateDownInvocation,2026-02-02 12:29:12.517452+00:00,2026-02-02 12:29:12.517553+00:00
f6d2dd654db2c1473c581b96ab13affa,2026-02-02T12:29:13.181448,0.06862980403814317,2026-02-02T12:29:12.511626479Z,gateDownInvocation,2026-02-02 12:29:12.516415+00:00,2026-02-02 12:29:12.516523+00:00
f6d2dd654db2c1473c581b96ab13affa,2026-02-02T12:29:13.181448,0.06862980403814317,2026-02-02T12:29:12.511626479Z,lightOnInvocation,2026-02-02 12:29:12.516611+00:00,2026-02-02 12:29:12.516666+00:00
f6d2dd654db2c1473c581b96ab13affa,2026-02-02T12:29:13.181448,0.06862980403814317,2026-02-02T12:29:12.511626479Z,gateDownAction,2026-02-02 12:29:14.516519+00:00,2026-02-02 12:29:14.516636+00:00
f6d2dd654db2c1473c581b96ab13affa,2026-02-02T12:29:13.181448,0.06862980403814317,2026-02-02T12:29:12.511626479Z,lightOnAction,2026-02-02 12:29:14.516630+00:00,2026-02-02 12:29:14.516717+00:00
f6d2dd654db2c1473c581b96ab13affa,2026-02-02T12:29:13.181448,0.06862980403814317,2026-02-02T12:29:12.511626479Z,bellOnInvocation,2026-02-02 12:29:12.516673+00:00,2026-02-02 12:29:12.516751+00:00
f6d2dd654db2c1473c581b96ab13affa,2026-02-02T12:29:13.181448,0.06862980403814317,2026-02-02T12:29:12.511626479Z,gateDownAction,2026-02-02 12:29:14.518229+00:00,2026-02-02 12:29:14.518284+00:00
f6d2dd654db2c1473c581b96ab13affa,2026-02-02T12:29:13.181448,0.06862980403814317,2026-02-02T12:29:12.511626479Z,bellOnInvocation,2026-02-02 12:29:12.517762+00:00,2026-02-02 12:29:12.517835+00:00
458bcf8e35317f5ad29e6bd7670e0b65,2026-02-02T12:29:00.111561,0.06661970153144599,2026-02-02T12:29:00.45002025Z,lightOffInvocation,2026-02-02 12:29:00.467550+00:00,2026-02-02 12:29:00.467698+00:00
458bcf8e35317f5ad29e6bd7670e0b65,2026-02-02T12:29:00.111561,0.06661970153144599,2026-02-02T12:29:00.45002025Z,gateUpInvocation,2026-02-02 12:29:00.463640+00:00,2026-02-02 12:29:00.463773+00:00
458bcf8e35317f5ad29e6bd7670e0b65,2026-02-02T12:29:00.111561,0.06661970153144599,2026-02-02T12:29:00.45002025Z,bellOffInvocation,2026-02-02 12:29:00.470047+00:00,2026-02-02 12:29:00.470210+00:00
458bcf8e35317f5ad29e6bd7670e0b65,2026-02-02T12:29:00.111561,0.06661970153144599,2026-02-02T12:29:00.45002025Z,bellOffInvocation,2026-02-02 12:29:00.465638+00:00,2026-02-02 12:29:00.465754+00:00
458bcf8e35317f5ad29e6bd7670e0b65,2026-02-02T12:29:00.111561,0.06661970153144599,2026-02-02T12:29:00.45002025Z,lightOffInvocation,2026-02-02 12:29:00.464528+00:00,2026-02-02 12:29:00.464646+00:00
458bcf8e35317f5ad29e6bd7670e0b65,2026-02-02T12:29:00.111561,0.06661970153144599,2026-02-02T12:29:00.45002025Z,gateUpInvocation,2026-02-02 12:29:00.466058+00:00,2026-02-02 12:29:00.466159+00:00
67bf81ca1dc6a3a499234e088b0b0aee,2026-02-02T12:31:36.542909,0.09269096035321951,2026-02-02T12:31:36.892952713Z,bellOffInvocation,2026-02-02 12:31:36.899487+00:00,2026-02-02 12:31:36.899562+00:00
67bf81ca1dc6a3a499234e088b0b0aee,2026-02-02T12:31:36.542909,0.09269096035321951,2026-02-02T12:31:36.892952713Z,gateUpInvocation,2026-02-02 12:31:36.899209+00:00,2026-02-02 12:31:36.899277+00:00
67bf81ca1dc6a3a499234e088b0b0aee,2026-02-02T12:31:36.542909,0.09269096035321951,2026-02-02T12:31:36.892952713Z,bellOffInvocation,2026-02-02 12:31:36.898099+00:00,2026-02-02 12:31:36.898178+00:00
67bf81ca1dc6a3a499234e088b0b0aee,2026-02-02T12:31:36.542909,0.09269096035321951,2026-02-02T12:31:36.892952713Z,gateUpInvocation,2026-02-02 12:31:36.897646+00:00,2026-02-02 12:31:36.897722+00:00
67bf81ca1dc6a3a499234e088b0b0aee,2026-02-02T12:31:36.542909,0.09269096035321951,2026-02-02T12:31:36.892952713Z,lightOffInvocation,2026-02-02 12:31:36.897647+00:00,2026-02-02 12:31:36.897722+00:00
67bf81ca1dc6a3a499234e088b0b0aee,2026-02-02T12:31:36.542909,0.09269096035321951,2026-02-02T12:31:36.892952713Z,lightOffInvocation,2026-02-02 12:31:36.897919+00:00,2026-02-02 12:31:36.898024+00:00
51b14cf3bd5e033e5bb9c2c3c1a14645,2026-02-02T12:23:01.471852,0.0068466926582217225,2026-02-02T12:23:01.77587252Z,bellOffInvocation,2026-02-02 12:23:01.792133+00:00,2026-02-02 12:23:01.792247+00:00
51b14cf3bd5e033e5bb9c2c3c1a14645,2026-02-02T12:23:01.471852,0.0068466926582217225,2026-02-02T12:23:01.77587252Z,bellOffInvocation,2026-02-02 12:23:01.796547+00:00,2026-02-02 12:23:01.796661+00:00
51b14cf3bd5e033e5bb9c2c3c1a14645,2026-02-02T12:23:01.471852,0.0068466926582217225,2026-02-02T12:23:01.77587252Z,gateUpInvocation,2026-02-02 12:23:01.789840+00:00,2026-02-02 12:23:01.790002+00:00
51b14cf3bd5e033e5bb9c2c3c1a14645,2026-02-02T12:23:01.471852,0.0068466926582217225,2026-02-02T12:23:01.77587252Z,lightOffInvocation,2026-02-02 12:23:01.788067+00:00,2026-02-02 12:23:01.788225+00:00
51b14cf3bd5e033e5bb9c2c3c1a14645,2026-02-02T12:23:01.471852,0.0068466926582217225,2026-02-02T12:23:01.77587252Z,gateUpInvocation,2026-02-02 12:23:01.789717+00:00,2026-02-02 12:23:01.789806+00:00
51b14cf3bd5e033e5bb9c2c3c1a14645,2026-02-02T12:23:01.471852,0.0068466926582217225,2026-02-02T12:23:01.77587252Z,lightOffInvocation,2026-02-02 12:23:01.787688+00:00,2026-02-02 12:23:01.787996+00:00
e1e83fc6e992bbfe1ab2f7f547b6ea53,2026-02-02T12:29:04.462787,0.06717383794003726,2026-02-02T12:29:03.774933136Z,lightOnInvocation,2026-02-02 12:29:03.781700+00:00,2026-02-02 12:29:03.781759+00:00
e1e83fc6e992bbfe1ab2f7f547b6ea53,2026-02-02T12:29:04.462787,0.06717383794003726,2026-02-02T12:29:03.774933136Z,lightOnAction,2026-02-02 12:29:05.781825+00:00,2026-02-02 12:29:05.781952+00:00
e1e83fc6e992bbfe1ab2f7f547b6ea53,2026-02-02T12:29:04.462787,0.06717383794003726,2026-02-02T12:29:03.774933136Z,gateDownInvocation,2026-02-02 12:29:03.782300+00:00,2026-02-02 12:29:03.782380+00:00
e1e83fc6e992bbfe1ab2f7f547b6ea53,2026-02-02T12:29:04.462787,0.06717383794003726,2026-02-02T12:29:03.774933136Z,bellOnInvocation,2026-02-02 12:29:03.783277+00:00,2026-02-02 12:29:03.783323+00:00
e1e83fc6e992bbfe1ab2f7f547b6ea53,2026-02-02T12:29:04.462787,0.06717383794003726,2026-02-02T12:29:03.774933136Z,gateDownInvocation,2026-02-02 12:29:03.781613+00:00,2026-02-02 12:29:03.781748+00:00
e1e83fc6e992bbfe1ab2f7f547b6ea53,2026-02-02T12:29:04.462787,0.06717383794003726,2026-02-02T12:29:03.774933136Z,bellOnAction,2026-02-02 12:29:05.782002+00:00,2026-02-02 12:29:05.782088+00:00
e1e83fc6e992bbfe1ab2f7f547b6ea53,2026-02-02T12:29:04.462787,0.06717383794003726,2026-02-02T12:29:03.774933136Z,gateDownAction,2026-02-02 12:29:05.783079+00:00,2026-02-02 12:29:05.783206+00:00
e1e83fc6e992bbfe1ab2f7f547b6ea53,2026-02-02T12:29:04.462787,0.06717383794003726,2026-02-02T12:29:03.774933136Z,bellOnAction,2026-02-02 12:29:05.784280+00:00,2026-02-02 12:29:05.784369+00:00
e1e83fc6e992bbfe1ab2f7f547b6ea53,2026-02-02T12:29:04.462787,0.06717383794003726,2026-02-02T12:29:03.774933136Z,gateDownAction,2026-02-02 12:29:05.782338+00:00,2026-02-02 12:29:05.782401+00:00
e1e83fc6e992bbfe1ab2f7f547b6ea53,2026-02-02T12:29:04.462787,0.06717383794003726,2026-02-02T12:29:03.774933136Z,lightOnInvocation,2026-02-02 12:29:03.781554+00:00,2026-02-02 12:29:03.781624+00:00
e1e83fc6e992bbfe1ab2f7f547b6ea53,2026-02-02T12:29:04.462787,0.06717383794003726,2026-02-02T12:29:03.774933136Z,lightOnAction,2026-02-02 12:29:05.782800+00:00,2026-02-02 12:29:05.782950+00:00
e1e83fc6e992bbfe1ab2f7f547b6ea53,2026-02-02T12:29:04.462787,0.06717383794003726,2026-02-02T12:29:03.774933136Z,bellOnInvocation,2026-02-02 12:29:03.781650+00:00,2026-02-02 12:29:03.781717+00:00
ee71a26531ea6575ca4f9e652592cc25,2026-02-02T12:23:05.773826,0.007397214287412167,2026-02-02T12:23:05.079346966Z,lightOnInvocation,2026-02-02 12:23:05.096672+00:00,2026-02-02 12:23:05.096853+00:00
ee71a26531ea6575ca4f9e652592cc25,2026-02-02T12:23:05.773826,0.007397214287412167,2026-02-02T12:23:05.079346966Z,gateDownInvocation,2026-02-02 12:23:05.090534+00:00,2026-02-02 12:23:05.090898+00:00
ee71a26531ea6575ca4f9e652592cc25,2026-02-02T12:23:05.773826,0.007397214287412167,2026-02-02T12:23:05.079346966Z,bellOnAction,2026-02-02 12:23:07.095000+00:00,2026-02-02 12:23:07.095068+00:00
ee71a26531ea6575ca4f9e652592cc25,2026-02-02T12:23:05.773826,0.007397214287412167,2026-02-02T12:23:05.079346966Z,lightOnInvocation,2026-02-02 12:23:05.089496+00:00,2026-02-02 12:23:05.091967+00:00
ee71a26531ea6575ca4f9e652592cc25,2026-02-02T12:23:05.773826,0.007397214287412167,2026-02-02T12:23:05.079346966Z,lightOnAction,2026-02-02 12:23:07.095623+00:00,2026-02-02 12:23:07.095683+00:00
ee71a26531ea6575ca4f9e652592cc25,2026-02-02T12:23:05.773826,0.007397214287412167,2026-02-02T12:23:05.079346966Z,gateDownAction,2026-02-02 12:23:07.091421+00:00,2026-02-02 12:23:07.091485+00:00
ee71a26531ea6575ca4f9e652592cc25,2026-02-02T12:23:05.773826,0.007397214287412167,2026-02-02T12:23:05.079346966Z,gateDownAction,2026-02-02 12:23:07.099755+00:00,2026-02-02 12:23:07.099851+00:00
ee71a26531ea6575ca4f9e652592cc25,2026-02-02T12:23:05.773826,0.007397214287412167,2026-02-02T12:23:05.079346966Z,bellOnInvocation,2026-02-02 12:23:05.093718+00:00,2026-02-02 12:23:05.093962+00:00
ee71a26531ea6575ca4f9e652592cc25,2026-02-02T12:23:05.773826,0.007397214287412167,2026-02-02T12:23:05.079346966Z,bellOnInvocation,2026-02-02 12:23:05.099225+00:00,2026-02-02 12:23:05.099434+00:00
ee71a26531ea6575ca4f9e652592cc25,2026-02-02T12:23:05.773826,0.007397214287412167,2026-02-02T12:23:05.079346966Z,lightOnAction,2026-02-02 12:23:07.097347+00:00,2026-02-02 12:23:07.097410+00:00
ee71a26531ea6575ca4f9e652592cc25,2026-02-02T12:23:05.773826,0.007397214287412167,2026-02-02T12:23:05.079346966Z,gateDownInvocation,2026-02-02 12:23:05.098431+00:00,2026-02-02 12:23:05.098712+00:00
ee71a26531ea6575ca4f9e652592cc25,2026-02-02T12:23:05.773826,0.007397214287412167,2026-02-02T12:23:05.079346966Z,bellOnAction,2026-02-02 12:23:07.100837+00:00,2026-02-02 12:23:07.100891+00:00
21c2eb32f87c55aa7339aee4f7e9a2f6,2026-02-02T12:31:10.400034,0.08832917712230683,2026-02-02T12:31:10.719756086Z,gateUpInvocation,2026-02-02 12:31:10.728400+00:00,2026-02-02 12:31:10.728538+00:00
21c2eb32f87c55aa7339aee4f7e9a2f6,2026-02-02T12:31:10.400034,0.08832917712230683,2026-02-02T12:31:10.719756086Z,lightOffInvocation,2026-02-02 12:31:10.730432+00:00,2026-02-02 12:31:10.730555+00:00
21c2eb32f87c55aa7339aee4f7e9a2f6,2026-02-02T12:31:10.400034,0.08832917712230683,2026-02-02T12:31:10.719756086Z,lightOffInvocation,2026-02-02 12:31:10.725977+00:00,2026-02-02 12:31:10.726115+00:00
21c2eb32f87c55aa7339aee4f7e9a2f6,2026-02-02T12:31:10.400034,0.08832917712230683,2026-02-02T12:31:10.719756086Z,bellOffInvocation,2026-02-02 12:31:10.729758+00:00,2026-02-02 12:31:10.729858+00:00
21c2eb32f87c55aa7339aee4f7e9a2f6,2026-02-02T12:31:10.400034,0.08832917712230683,2026-02-02T12:31:10.719756086Z,bellOffInvocation,2026-02-02 12:31:10.727822+00:00,2026-02-02 12:31:10.727984+00:00
21c2eb32f87c55aa7339aee4f7e9a2f6,2026-02-02T12:31:10.400034,0.08832917712230683,2026-02-02T12:31:10.719756086Z,gateUpInvocation,2026-02-02 12:31:10.726017+00:00,2026-02-02 12:31:10.726157+00:00
a434f09d17cce4a8a430460ce5e6709e,2026-02-02T12:24:27.599508,0.021199694843840603,2026-02-02T12:24:27.902446238Z,lightOffInvocation,2026-02-02 12:24:27.913645+00:00,2026-02-02 12:24:27.913799+00:00
a434f09d17cce4a8a430460ce5e6709e,2026-02-02T12:24:27.599508,0.021199694843840603,2026-02-02T12:24:27.902446238Z,gateUpInvocation,2026-02-02 12:24:27.911819+00:00,2026-02-02 12:24:27.912015+00:00
a434f09d17cce4a8a430460ce5e6709e,2026-02-02T12:24:27.599508,0.021199694843840603,2026-02-02T12:24:27.902446238Z,gateUpInvocation,2026-02-02 12:24:27.915695+00:00,2026-02-02 12:24:27.915804+00:00
a434f09d17cce4a8a430460ce5e6709e,2026-02-02T12:24:27.599508,0.021199694843840603,2026-02-02T12:24:27.902446238Z,bellOffInvocation,2026-02-02 12:24:27.918210+00:00,2026-02-02 12:24:27.918294+00:00
a434f09d17cce4a8a430460ce5e6709e,2026-02-02T12:24:27.599508,0.021199694843840603,2026-02-02T12:24:27.902446238Z,lightOffInvocation,2026-02-02 12:24:27.916046+00:00,2026-02-02 12:24:27.916186+00:00
a434f09d17cce4a8a430460ce5e6709e,2026-02-02T12:24:27.599508,0.021199694843840603,2026-02-02T12:24:27.902446238Z,bellOffInvocation,2026-02-02 12:24:27.917789+00:00,2026-02-02 12:24:27.917880+00:00
018b6d3bdbb997003d81925fa05ac713,2026-02-02T12:26:15.405773,0.039002111616313465,2026-02-02T12:26:14.728258981Z,lightOnInvocation,2026-02-02 12:26:14.755359+00:00,2026-02-02 12:26:14.755564+00:00
018b6d3bdbb997003d81925fa05ac713,2026-02-02T12:26:15.405773,0.039002111616313465,2026-02-02T12:26:14.728258981Z,bellOnAction,2026-02-02 12:26:16.759282+00:00,2026-02-02 12:26:16.759365+00:00
018b6d3bdbb997003d81925fa05ac713,2026-02-02T12:26:15.405773,0.039002111616313465,2026-02-02T12:26:14.728258981Z,bellOnInvocation,2026-02-02 12:26:14.757615+00:00,2026-02-02 12:26:14.757727+00:00
018b6d3bdbb997003d81925fa05ac713,2026-02-02T12:26:15.405773,0.039002111616313465,2026-02-02T12:26:14.728258981Z,gateDownInvocation,2026-02-02 12:26:14.747567+00:00,2026-02-02 12:26:14.747793+00:00
018b6d3bdbb997003d81925fa05ac713,2026-02-02T12:26:15.405773,0.039002111616313465,2026-02-02T12:26:14.728258981Z,lightOnAction,2026-02-02 12:26:16.747036+00:00,2026-02-02 12:26:16.747220+00:00
018b6d3bdbb997003d81925fa05ac713,2026-02-02T12:26:15.405773,0.039002111616313465,2026-02-02T12:26:14.728258981Z,gateDownInvocation,2026-02-02 12:26:14.755826+00:00,2026-02-02 12:26:14.756125+00:00
018b6d3bdbb997003d81925fa05ac713,2026-02-02T12:26:15.405773,0.039002111616313465,2026-02-02T12:26:14.728258981Z,gateDownAction,2026-02-02 12:26:16.749144+00:00,2026-02-02 12:26:16.749283+00:00
018b6d3bdbb997003d81925fa05ac713,2026-02-02T12:26:15.405773,0.039002111616313465,2026-02-02T12:26:14.728258981Z,bellOnAction,2026-02-02 12:26:16.761320+00:00,2026-02-02 12:26:16.761411+00:00
018b6d3bdbb997003d81925fa05ac713,2026-02-02T12:26:15.405773,0.039002111616313465,2026-02-02T12:26:14.728258981Z,lightOnInvocation,2026-02-02 12:26:14.745470+00:00,2026-02-02 12:26:14.745715+00:00
018b6d3bdbb997003d81925fa05ac713,2026-02-02T12:26:15.405773,0.039002111616313465,2026-02-02T12:26:14.728258981Z,gateDownAction,2026-02-02 12:26:16.757868+00:00,2026-02-02 12:26:16.758008+00:00
018b6d3bdbb997003d81925fa05ac713,2026-02-02T12:26:15.405773,0.039002111616313465,2026-02-02T12:26:14.728258981Z,lightOnAction,2026-02-02 12:26:16.756679+00:00,2026-02-02 12:26:16.756758+00:00
018b6d3bdbb997003d81925fa05ac713,2026-02-02T12:26:15.405773,0.039002111616313465,2026-02-02T12:26:14.728258981Z,bellOnInvocation,2026-02-02 12:26:14.758844+00:00,2026-02-02 12:26:14.759268+00:00
cfa403128e91214b91bad6988a33dc18,2026-02-02T12:24:44.842019,0.024076587582910064,2026-02-02T12:24:45.165423285Z,bellOffInvocation,2026-02-02 12:24:45.170443+00:00,2026-02-02 12:24:45.170487+00:00
cfa403128e91214b91bad6988a33dc18,2026-02-02T12:24:44.842019,0.024076587582910064,2026-02-02T12:24:45.165423285Z,bellOffInvocation,2026-02-02 12:24:45.170870+00:00,2026-02-02 12:24:45.170904+00:00
cfa403128e91214b91bad6988a33dc18,2026-02-02T12:24:44.842019,0.024076587582910064,2026-02-02T12:24:45.165423285Z,gateUpInvocation,2026-02-02 12:24:45.169689+00:00,2026-02-02 12:24:45.169721+00:00
cfa403128e91214b91bad6988a33dc18,2026-02-02T12:24:44.842019,0.024076587582910064,2026-02-02T12:24:45.165423285Z,lightOffInvocation,2026-02-02 12:24:45.170049+00:00,2026-02-02 12:24:45.170110+00:00
cfa403128e91214b91bad6988a33dc18,2026-02-02T12:24:44.842019,0.024076587582910064,2026-02-02T12:24:45.165423285Z,gateUpInvocation,2026-02-02 12:24:45.169561+00:00,2026-02-02 12:24:45.169607+00:00
cfa403128e91214b91bad6988a33dc18,2026-02-02T12:24:44.842019,0.024076587582910064,2026-02-02T12:24:45.165423285Z,lightOffInvocation,2026-02-02 12:24:45.169188+00:00,2026-02-02 12:24:45.169234+00:00
294ce523910faefb585a901445dcfea8,2026-02-02T12:30:48.723825,0.08471698366866112,2026-02-02T12:30:49.044357025Z,lightOffInvocation,2026-02-02 12:30:49.050964+00:00,2026-02-02 12:30:49.051122+00:00
294ce523910faefb585a901445dcfea8,2026-02-02T12:30:48.723825,0.08471698366866112,2026-02-02T12:30:49.044357025Z,bellOffInvocation,2026-02-02 12:30:49.054389+00:00,2026-02-02 12:30:49.054510+00:00
294ce523910faefb585a901445dcfea8,2026-02-02T12:30:48.723825,0.08471698366866112,2026-02-02T12:30:49.044357025Z,gateUpInvocation,2026-02-02 12:30:49.050745+00:00,2026-02-02 12:30:49.050880+00:00
294ce523910faefb585a901445dcfea8,2026-02-02T12:30:48.723825,0.08471698366866112,2026-02-02T12:30:49.044357025Z,gateUpInvocation,2026-02-02 12:30:49.054311+00:00,2026-02-02 12:30:49.054433+00:00
294ce523910faefb585a901445dcfea8,2026-02-02T12:30:48.723825,0.08471698366866112,2026-02-02T12:30:49.044357025Z,lightOffInvocation,2026-02-02 12:30:49.051694+00:00,2026-02-02 12:30:49.051829+00:00
294ce523910faefb585a901445dcfea8,2026-02-02T12:30:48.723825,0.08471698366866112,2026-02-02T12:30:49.044357025Z,bellOffInvocation,2026-02-02 12:30:49.052182+00:00,2026-02-02 12:30:49.052292+00:00
971fd635a3547116d7e72aad708f12e1,2026-02-02T12:31:40.867980,0.09323966239484549,2026-02-02T12:31:40.18552461Z,bellOnAction,2026-02-02 12:31:42.194048+00:00,2026-02-02 12:31:42.194143+00:00
971fd635a3547116d7e72aad708f12e1,2026-02-02T12:31:40.867980,0.09323966239484549,2026-02-02T12:31:40.18552461Z,lightOnAction,2026-02-02 12:31:42.195709+00:00,2026-02-02 12:31:42.195763+00:00
971fd635a3547116d7e72aad708f12e1,2026-02-02T12:31:40.867980,0.09323966239484549,2026-02-02T12:31:40.18552461Z,lightOnInvocation,2026-02-02 12:31:40.194952+00:00,2026-02-02 12:31:40.195090+00:00
971fd635a3547116d7e72aad708f12e1,2026-02-02T12:31:40.867980,0.09323966239484549,2026-02-02T12:31:40.18552461Z,gateDownAction,2026-02-02 12:31:42.195323+00:00,2026-02-02 12:31:42.195413+00:00
971fd635a3547116d7e72aad708f12e1,2026-02-02T12:31:40.867980,0.09323966239484549,2026-02-02T12:31:40.18552461Z,gateDownAction,2026-02-02 12:31:42.193882+00:00,2026-02-02 12:31:42.194024+00:00
971fd635a3547116d7e72aad708f12e1,2026-02-02T12:31:40.867980,0.09323966239484549,2026-02-02T12:31:40.18552461Z,gateDownInvocation,2026-02-02 12:31:40.191627+00:00,2026-02-02 12:31:40.192001+00:00
971fd635a3547116d7e72aad708f12e1,2026-02-02T12:31:40.867980,0.09323966239484549,2026-02-02T12:31:40.18552461Z,lightOnAction,2026-02-02 12:31:42.194251+00:00,2026-02-02 12:31:42.194339+00:00
971fd635a3547116d7e72aad708f12e1,2026-02-02T12:31:40.867980,0.09323966239484549,2026-02-02T12:31:40.18552461Z,bellOnInvocation,2026-02-02 12:31:40.192717+00:00,2026-02-02 12:31:40.192936+00:00
971fd635a3547116d7e72aad708f12e1,2026-02-02T12:31:40.867980,0.09323966239484549,2026-02-02T12:31:40.18552461Z,bellOnInvocation,2026-02-02 12:31:40.195668+00:00,2026-02-02 12:31:40.195875+00:00
971fd635a3547116d7e72aad708f12e1,2026-02-02T12:31:40.867980,0.09323966239484549,2026-02-02T12:31:40.18552461Z,gateDownInvocation,2026-02-02 12:31:40.192652+00:00,2026-02-02 12:31:40.193019+00:00
971fd635a3547116d7e72aad708f12e1,2026-02-02T12:31:40.867980,0.09323966239484549,2026-02-02T12:31:40.18552461Z,bellOnAction,2026-02-02 12:31:42.196639+00:00,2026-02-02 12:31:42.196719+00:00
971fd635a3547116d7e72aad708f12e1,2026-02-02T12:31:40.867980,0.09323966239484549,2026-02-02T12:31:40.18552461Z,lightOnInvocation,2026-02-02 12:31:40.192284+00:00,2026-02-02 12:31:40.192471+00:00
8385c833d8d96bd39fd2ba6e23b3b835,2026-02-02T12:24:14.670990,0.019045640575528145,2026-02-02T12:24:14.976818195Z,bellOffInvocation,2026-02-02 12:24:14.991855+00:00,2026-02-02 12:24:14.991937+00:00
8385c833d8d96bd39fd2ba6e23b3b835,2026-02-02T12:24:14.670990,0.019045640575528145,2026-02-02T12:24:14.976818195Z,lightOffInvocation,2026-02-02 12:24:14.988322+00:00,2026-02-02 12:24:14.988447+00:00
8385c833d8d96bd39fd2ba6e23b3b835,2026-02-02T12:24:14.670990,0.019045640575528145,2026-02-02T12:24:14.976818195Z,lightOffInvocation,2026-02-02 12:24:14.989365+00:00,2026-02-02 12:24:14.989514+00:00
8385c833d8d96bd39fd2ba6e23b3b835,2026-02-02T12:24:14.670990,0.019045640575528145,2026-02-02T12:24:14.976818195Z,gateUpInvocation,2026-02-02 12:24:14.986437+00:00,2026-02-02 12:24:14.986571+00:00
8385c833d8d96bd39fd2ba6e23b3b835,2026-02-02T12:24:14.670990,0.019045640575528145,2026-02-02T12:24:14.976818195Z,gateUpInvocation,2026-02-02 12:24:14.986330+00:00,2026-02-02 12:24:14.986435+00:00
8385c833d8d96bd39fd2ba6e23b3b835,2026-02-02T12:24:14.670990,0.019045640575528145,2026-02-02T12:24:14.976818195Z,bellOffInvocation,2026-02-02 12:24:14.990809+00:00,2026-02-02 12:24:14.990895+00:00
26fd5e9ea6f13d54b2388e204b957ae3,2026-02-02T12:25:27.945533,0.031257226513040075,2026-02-02T12:25:28.253699278Z,gateUpInvocation,2026-02-02 12:25:28.261883+00:00,2026-02-02 12:25:28.261983+00:00
26fd5e9ea6f13d54b2388e204b957ae3,2026-02-02T12:25:27.945533,0.031257226513040075,2026-02-02T12:25:28.253699278Z,bellOffInvocation,2026-02-02 12:25:28.264118+00:00,2026-02-02 12:25:28.264213+00:00
26fd5e9ea6f13d54b2388e204b957ae3,2026-02-02T12:25:27.945533,0.031257226513040075,2026-02-02T12:25:28.253699278Z,bellOffInvocation,2026-02-02 12:25:28.265000+00:00,2026-02-02 12:25:28.265061+00:00
26fd5e9ea6f13d54b2388e204b957ae3,2026-02-02T12:25:27.945533,0.031257226513040075,2026-02-02T12:25:28.253699278Z,lightOffInvocation,2026-02-02 12:25:28.260869+00:00,2026-02-02 12:25:28.260935+00:00
26fd5e9ea6f13d54b2388e204b957ae3,2026-02-02T12:25:27.945533,0.031257226513040075,2026-02-02T12:25:28.253699278Z,lightOffInvocation,2026-02-02 12:25:28.263524+00:00,2026-02-02 12:25:28.263621+00:00
26fd5e9ea6f13d54b2388e204b957ae3,2026-02-02T12:25:27.945533,0.031257226513040075,2026-02-02T12:25:28.253699278Z,gateUpInvocation,2026-02-02 12:25:28.263312+00:00,2026-02-02 12:25:28.263380+00:00
0b49b750824c9e6844bd2a479f69930c,2026-02-02T12:31:32.160685,0.09178633286306859,2026-02-02T12:31:31.464566644Z,bellOnAction,2026-02-02 12:31:33.482218+00:00,2026-02-02 12:31:33.482303+00:00
0b49b750824c9e6844bd2a479f69930c,2026-02-02T12:31:32.160685,0.09178633286306859,2026-02-02T12:31:31.464566644Z,bellOnInvocation,2026-02-02 12:31:31.480011+00:00,2026-02-02 12:31:31.480078+00:00
0b49b750824c9e6844bd2a479f69930c,2026-02-02T12:31:32.160685,0.09178633286306859,2026-02-02T12:31:31.464566644Z,gateDownInvocation,2026-02-02 12:31:31.476025+00:00,2026-02-02 12:31:31.476346+00:00
0b49b750824c9e6844bd2a479f69930c,2026-02-02T12:31:32.160685,0.09178633286306859,2026-02-02T12:31:31.464566644Z,lightOnInvocation,2026-02-02 12:31:31.478229+00:00,2026-02-02 12:31:31.478412+00:00
0b49b750824c9e6844bd2a479f69930c,2026-02-02T12:31:32.160685,0.09178633286306859,2026-02-02T12:31:31.464566644Z,lightOnInvocation,2026-02-02 12:31:31.476569+00:00,2026-02-02 12:31:31.476752+00:00
0b49b750824c9e6844bd2a479f69930c,2026-02-02T12:31:32.160685,0.09178633286306859,2026-02-02T12:31:31.464566644Z,bellOnAction,2026-02-02 12:31:33.481419+00:00,2026-02-02 12:31:33.481599+00:00
0b49b750824c9e6844bd2a479f69930c,2026-02-02T12:31:32.160685,0.09178633286306859,2026-02-02T12:31:31.464566644Z,lightOnAction,2026-02-02 12:31:33.477483+00:00,2026-02-02 12:31:33.477645+00:00
0b49b750824c9e6844bd2a479f69930c,2026-02-02T12:31:32.160685,0.09178633286306859,2026-02-02T12:31:31.464566644Z,bellOnInvocation,2026-02-02 12:31:31.482634+00:00,2026-02-02 12:31:31.482700+00:00
0b49b750824c9e6844bd2a479f69930c,2026-02-02T12:31:32.160685,0.09178633286306859,2026-02-02T12:31:31.464566644Z,gateDownInvocation,2026-02-02 12:31:31.473563+00:00,2026-02-02 12:31:31.473911+00:00
0b49b750824c9e6844bd2a479f69930c,2026-02-02T12:31:32.160685,0.09178633286306859,2026-02-02T12:31:31.464566644Z,lightOnAction,2026-02-02 12:31:33.479816+00:00,2026-02-02 12:31:33.479989+00:00
0b49b750824c9e6844bd2a479f69930c,2026-02-02T12:31:32.160685,0.09178633286306859,2026-02-02T12:31:31.464566644Z,gateDownAction,2026-02-02 12:31:33.476561+00:00,2026-02-02 12:31:33.476720+00:00
0b49b750824c9e6844bd2a479f69930c,2026-02-02T12:31:32.160685,0.09178633286306859,2026-02-02T12:31:31.464566644Z,gateDownAction,2026-02-02 12:31:33.477742+00:00,2026-02-02 12:31:33.477915+00:00
bb8b7b7a7d7871a1c89c850c7a2b4ac9,2026-02-02T12:25:45.189507,0.033968061782228956,2026-02-02T12:25:44.520412844Z,gateDownInvocation,2026-02-02 12:25:44.529066+00:00,2026-02-02 12:25:44.529403+00:00
bb8b7b7a7d7871a1c89c850c7a2b4ac9,2026-02-02T12:25:45.189507,0.033968061782228956,2026-02-02T12:25:44.520412844Z,bellOnAction,2026-02-02 12:25:46.534244+00:00,2026-02-02 12:25:46.534329+00:00
bb8b7b7a7d7871a1c89c850c7a2b4ac9,2026-02-02T12:25:45.189507,0.033968061782228956,2026-02-02T12:25:44.520412844Z,lightOnInvocation,2026-02-02 12:25:44.529130+00:00,2026-02-02 12:25:44.529318+00:00
bb8b7b7a7d7871a1c89c850c7a2b4ac9,2026-02-02T12:25:45.189507,0.033968061782228956,2026-02-02T12:25:44.520412844Z,lightOnAction,2026-02-02 12:25:46.530789+00:00,2026-02-02 12:25:46.530878+00:00
bb8b7b7a7d7871a1c89c850c7a2b4ac9,2026-02-02T12:25:45.189507,0.033968061782228956,2026-02-02T12:25:44.520412844Z,gateDownAction,2026-02-02 12:25:46.531050+00:00,2026-02-02 12:25:46.531166+00:00
bb8b7b7a7d7871a1c89c850c7a2b4ac9,2026-02-02T12:25:45.189507,0.033968061782228956,2026-02-02T12:25:44.520412844Z,lightOnAction,2026-02-02 12:25:46.530804+00:00,2026-02-02 12:25:46.530979+00:00
bb8b7b7a7d7871a1c89c850c7a2b4ac9,2026-02-02T12:25:45.189507,0.033968061782228956,2026-02-02T12:25:44.520412844Z,bellOnInvocation,2026-02-02 12:25:44.531885+00:00,2026-02-02 12:25:44.532073+00:00
bb8b7b7a7d7871a1c89c850c7a2b4ac9,2026-02-02T12:25:45.189507,0.033968061782228956,2026-02-02T12:25:44.520412844Z,gateDownInvocation,2026-02-02 12:25:44.531460+00:00,2026-02-02 12:25:44.531669+00:00
bb8b7b7a7d7871a1c89c850c7a2b4ac9,2026-02-02T12:25:45.189507,0.033968061782228956,2026-02-02T12:25:44.520412844Z,gateDownAction,2026-02-02 12:25:46.532620+00:00,2026-02-02 12:25:46.532728+00:00
bb8b7b7a7d7871a1c89c850c7a2b4ac9,2026-02-02T12:25:45.189507,0.033968061782228956,2026-02-02T12:25:44.520412844Z,bellOnAction,2026-02-02 12:25:46.532738+00:00,2026-02-02 12:25:46.532840+00:00
bb8b7b7a7d7871a1c89c850c7a2b4ac9,2026-02-02T12:25:45.189507,0.033968061782228956,2026-02-02T12:25:44.520412844Z,bellOnInvocation,2026-02-02 12:25:44.532796+00:00,2026-02-02 12:25:44.533020+00:00
bb8b7b7a7d7871a1c89c850c7a2b4ac9,2026-02-02T12:25:45.189507,0.033968061782228956,2026-02-02T12:25:44.520412844Z,lightOnInvocation,2026-02-02 12:25:44.529809+00:00,2026-02-02 12:25:44.530023+00:00
dc518dc206fabb25bce6c2d3c88aaaab,2026-02-02T12:24:06.069521,0.01744605817693472,2026-02-02T12:24:05.378353593Z,lightOnInvocation,2026-02-02 12:24:05.385511+00:00,2026-02-02 12:24:05.385635+00:00
dc518dc206fabb25bce6c2d3c88aaaab,2026-02-02T12:24:06.069521,0.01744605817693472,2026-02-02T12:24:05.378353593Z,lightOnAction,2026-02-02 12:24:07.388551+00:00,2026-02-02 12:24:07.388632+00:00
dc518dc206fabb25bce6c2d3c88aaaab,2026-02-02T12:24:06.069521,0.01744605817693472,2026-02-02T12:24:05.378353593Z,gateDownInvocation,2026-02-02 12:24:05.385429+00:00,2026-02-02 12:24:05.385651+00:00
dc518dc206fabb25bce6c2d3c88aaaab,2026-02-02T12:24:06.069521,0.01744605817693472,2026-02-02T12:24:05.378353593Z,bellOnAction,2026-02-02 12:24:07.391559+00:00,2026-02-02 12:24:07.391631+00:00
dc518dc206fabb25bce6c2d3c88aaaab,2026-02-02T12:24:06.069521,0.01744605817693472,2026-02-02T12:24:05.378353593Z,lightOnInvocation,2026-02-02 12:24:05.388244+00:00,2026-02-02 12:24:05.388381+00:00
dc518dc206fabb25bce6c2d3c88aaaab,2026-02-02T12:24:06.069521,0.01744605817693472,2026-02-02T12:24:05.378353593Z,bellOnInvocation,2026-02-02 12:24:05.389082+00:00,2026-02-02 12:24:05.389195+00:00
dc518dc206fabb25bce6c2d3c88aaaab,2026-02-02T12:24:06.069521,0.01744605817693472,2026-02-02T12:24:05.378353593Z,gateDownAction,2026-02-02 12:24:07.391138+00:00,2026-02-02 12:24:07.391208+00:00
dc518dc206fabb25bce6c2d3c88aaaab,2026-02-02T12:24:06.069521,0.01744605817693472,2026-02-02T12:24:05.378353593Z,gateDownInvocation,2026-02-02 12:24:05.389361+00:00,2026-02-02 12:24:05.389547+00:00
dc518dc206fabb25bce6c2d3c88aaaab,2026-02-02T12:24:06.069521,0.01744605817693472,2026-02-02T12:24:05.378353593Z,lightOnAction,2026-02-02 12:24:07.387093+00:00,2026-02-02 12:24:07.387197+00:00
dc518dc206fabb25bce6c2d3c88aaaab,2026-02-02T12:24:06.069521,0.01744605817693472,2026-02-02T12:24:05.378353593Z,gateDownAction,2026-02-02 12:24:07.388024+00:00,2026-02-02 12:24:07.388112+00:00
dc518dc206fabb25bce6c2d3c88aaaab,2026-02-02T12:24:06.069521,0.01744605817693472,2026-02-02T12:24:05.378353593Z,bellOnInvocation,2026-02-02 12:24:05.391027+00:00,2026-02-02 12:24:05.391125+00:00
dc518dc206fabb25bce6c2d3c88aaaab,2026-02-02T12:24:06.069521,0.01744605817693472,2026-02-02T12:24:05.378353593Z,bellOnAction,2026-02-02 12:24:07.390079+00:00,2026-02-02 12:24:07.390163+00:00
3561ce26fb71d064ac2954cac0599841,2026-02-02T12:30:22.680667,0.08038378031135797,2026-02-02T12:30:23.042617112Z,lightOffInvocation,2026-02-02 12:30:23.053720+00:00,2026-02-02 12:30:23.053850+00:00
3561ce26fb71d064ac2954cac0599841,2026-02-02T12:30:22.680667,0.08038378031135797,2026-02-02T12:30:23.042617112Z,gateUpInvocation,2026-02-02 12:30:23.050025+00:00,2026-02-02 12:30:23.050184+00:00
3561ce26fb71d064ac2954cac0599841,2026-02-02T12:30:22.680667,0.08038378031135797,2026-02-02T12:30:23.042617112Z,bellOffInvocation,2026-02-02 12:30:23.053609+00:00,2026-02-02 12:30:23.053749+00:00
3561ce26fb71d064ac2954cac0599841,2026-02-02T12:30:22.680667,0.08038378031135797,2026-02-02T12:30:23.042617112Z,gateUpInvocation,2026-02-02 12:30:23.050335+00:00,2026-02-02 12:30:23.050492+00:00
3561ce26fb71d064ac2954cac0599841,2026-02-02T12:30:22.680667,0.08038378031135797,2026-02-02T12:30:23.042617112Z,lightOffInvocation,2026-02-02 12:30:23.050753+00:00,2026-02-02 12:30:23.050942+00:00
3561ce26fb71d064ac2954cac0599841,2026-02-02T12:30:22.680667,0.08038378031135797,2026-02-02T12:30:23.042617112Z,bellOffInvocation,2026-02-02 12:30:23.050952+00:00,2026-02-02 12:30:23.051107+00:00
26f5f98d796d392df4a67876ba695575,2026-02-02T12:26:02.460234,0.03684628087015153,2026-02-02T12:26:01.791320663Z,gateDownAction,2026-02-02 12:26:03.802024+00:00,2026-02-02 12:26:03.802106+00:00
26f5f98d796d392df4a67876ba695575,2026-02-02T12:26:02.460234,0.03684628087015153,2026-02-02T12:26:01.791320663Z,bellOnAction,2026-02-02 12:26:03.803221+00:00,2026-02-02 12:26:03.803296+00:00
26f5f98d796d392df4a67876ba695575,2026-02-02T12:26:02.460234,0.03684628087015153,2026-02-02T12:26:01.791320663Z,gateDownInvocation,2026-02-02 12:26:01.799308+00:00,2026-02-02 12:26:01.799481+00:00
26f5f98d796d392df4a67876ba695575,2026-02-02T12:26:02.460234,0.03684628087015153,2026-02-02T12:26:01.791320663Z,bellOnInvocation,2026-02-02 12:26:01.801896+00:00,2026-02-02 12:26:01.802024+00:00
26f5f98d796d392df4a67876ba695575,2026-02-02T12:26:02.460234,0.03684628087015153,2026-02-02T12:26:01.791320663Z,gateDownAction,2026-02-02 12:26:03.800670+00:00,2026-02-02 12:26:03.800753+00:00
26f5f98d796d392df4a67876ba695575,2026-02-02T12:26:02.460234,0.03684628087015153,2026-02-02T12:26:01.791320663Z,lightOnInvocation,2026-02-02 12:26:01.799406+00:00,2026-02-02 12:26:01.799497+00:00
26f5f98d796d392df4a67876ba695575,2026-02-02T12:26:02.460234,0.03684628087015153,2026-02-02T12:26:01.791320663Z,bellOnAction,2026-02-02 12:26:03.803540+00:00,2026-02-02 12:26:03.803638+00:00
26f5f98d796d392df4a67876ba695575,2026-02-02T12:26:02.460234,0.03684628087015153,2026-02-02T12:26:01.791320663Z,lightOnAction,2026-02-02 12:26:03.799671+00:00,2026-02-02 12:26:03.799759+00:00
26f5f98d796d392df4a67876ba695575,2026-02-02T12:26:02.460234,0.03684628087015153,2026-02-02T12:26:01.791320663Z,lightOnAction,2026-02-02 12:26:03.799396+00:00,2026-02-02 12:26:03.799480+00:00
26f5f98d796d392df4a67876ba695575,2026-02-02T12:26:02.460234,0.03684628087015153,2026-02-02T12:26:01.791320663Z,bellOnInvocation,2026-02-02 12:26:01.801559+00:00,2026-02-02 12:26:01.801670+00:00
26f5f98d796d392df4a67876ba695575,2026-02-02T12:26:02.460234,0.03684628087015153,2026-02-02T12:26:01.791320663Z,lightOnInvocation,2026-02-02 12:26:01.799366+00:00,2026-02-02 12:26:01.799468+00:00
26f5f98d796d392df4a67876ba695575,2026-02-02T12:26:02.460234,0.03684628087015153,2026-02-02T12:26:01.791320663Z,gateDownInvocation,2026-02-02 12:26:01.800514+00:00,2026-02-02 12:26:01.800652+00:00
195d9c69775ea2a098996c18303def65,2026-02-02T12:22:57.170181,0.005962991537570953,2026-02-02T12:22:56.472944568Z,lightOnInvocation,2026-02-02 12:22:56.491178+00:00,2026-02-02 12:22:56.491410+00:00
195d9c69775ea2a098996c18303def65,2026-02-02T12:22:57.170181,0.005962991537570953,2026-02-02T12:22:56.472944568Z,gateDownAction,2026-02-02 12:22:58.487240+00:00,2026-02-02 12:22:58.487329+00:00
195d9c69775ea2a098996c18303def65,2026-02-02T12:22:57.170181,0.005962991537570953,2026-02-02T12:22:56.472944568Z,gateDownAction,2026-02-02 12:22:58.491391+00:00,2026-02-02 12:22:58.491463+00:00
195d9c69775ea2a098996c18303def65,2026-02-02T12:22:57.170181,0.005962991537570953,2026-02-02T12:22:56.472944568Z,gateDownInvocation,2026-02-02 12:22:56.490270+00:00,2026-02-02 12:22:56.490636+00:00
195d9c69775ea2a098996c18303def65,2026-02-02T12:22:57.170181,0.005962991537570953,2026-02-02T12:22:56.472944568Z,bellOnAction,2026-02-02 12:22:58.499058+00:00,2026-02-02 12:22:58.499106+00:00
195d9c69775ea2a098996c18303def65,2026-02-02T12:22:57.170181,0.005962991537570953,2026-02-02T12:22:56.472944568Z,lightOnAction,2026-02-02 12:22:58.488710+00:00,2026-02-02 12:22:58.488767+00:00
195d9c69775ea2a098996c18303def65,2026-02-02T12:22:57.170181,0.005962991537570953,2026-02-02T12:22:56.472944568Z,bellOnInvocation,2026-02-02 12:22:56.498461+00:00,2026-02-02 12:22:56.498512+00:00
195d9c69775ea2a098996c18303def65,2026-02-02T12:22:57.170181,0.005962991537570953,2026-02-02T12:22:56.472944568Z,bellOnInvocation,2026-02-02 12:22:56.491071+00:00,2026-02-02 12:22:56.491303+00:00
195d9c69775ea2a098996c18303def65,2026-02-02T12:22:57.170181,0.005962991537570953,2026-02-02T12:22:56.472944568Z,lightOnInvocation,2026-02-02 12:22:56.487451+00:00,2026-02-02 12:22:56.487672+00:00
195d9c69775ea2a098996c18303def65,2026-02-02T12:22:57.170181,0.005962991537570953,2026-02-02T12:22:56.472944568Z,lightOnAction,2026-02-02 12:22:58.492349+00:00,2026-02-02 12:22:58.492410+00:00
195d9c69775ea2a098996c18303def65,2026-02-02T12:22:57.170181,0.005962991537570953,2026-02-02T12:22:56.472944568Z,bellOnAction,2026-02-02 12:22:58.493075+00:00,2026-02-02 12:22:58.493135+00:00
195d9c69775ea2a098996c18303def65,2026-02-02T12:22:57.170181,0.005962991537570953,2026-02-02T12:22:56.472944568Z,gateDownInvocation,2026-02-02 12:22:56.485092+00:00,2026-02-02 12:22:56.485442+00:00
bbf4a93d9ebf8afb9ab8295bdd9cd053,2026-02-02T12:29:00.111561,0.06644768558377029,2026-02-02T12:28:59.417905679Z,lightOnAction,2026-02-02 12:29:01.427836+00:00,2026-02-02 12:29:01.427880+00:00
bbf4a93d9ebf8afb9ab8295bdd9cd053,2026-02-02T12:29:00.111561,0.06644768558377029,2026-02-02T12:28:59.417905679Z,bellOnAction,2026-02-02 12:29:01.433651+00:00,2026-02-02 12:29:01.433790+00:00
bbf4a93d9ebf8afb9ab8295bdd9cd053,2026-02-02T12:29:00.111561,0.06644768558377029,2026-02-02T12:28:59.417905679Z,bellOnInvocation,2026-02-02 12:28:59.433255+00:00,2026-02-02 12:28:59.433314+00:00
bbf4a93d9ebf8afb9ab8295bdd9cd053,2026-02-02T12:29:00.111561,0.06644768558377029,2026-02-02T12:28:59.417905679Z,bellOnInvocation,2026-02-02 12:28:59.426851+00:00,2026-02-02 12:28:59.426920+00:00
bbf4a93d9ebf8afb9ab8295bdd9cd053,2026-02-02T12:29:00.111561,0.06644768558377029,2026-02-02T12:28:59.417905679Z,gateDownInvocation,2026-02-02 12:28:59.426235+00:00,2026-02-02 12:28:59.426361+00:00
bbf4a93d9ebf8afb9ab8295bdd9cd053,2026-02-02T12:29:00.111561,0.06644768558377029,2026-02-02T12:28:59.417905679Z,lightOnInvocation,2026-02-02 12:28:59.426851+00:00,2026-02-02 12:28:59.426926+00:00
bbf4a93d9ebf8afb9ab8295bdd9cd053,2026-02-02T12:29:00.111561,0.06644768558377029,2026-02-02T12:28:59.417905679Z,lightOnAction,2026-02-02 12:29:01.427521+00:00,2026-02-02 12:29:01.427572+00:00
bbf4a93d9ebf8afb9ab8295bdd9cd053,2026-02-02T12:29:00.111561,0.06644768558377029,2026-02-02T12:28:59.417905679Z,gateDownInvocation,2026-02-02 12:28:59.425449+00:00,2026-02-02 12:28:59.425787+00:00
bbf4a93d9ebf8afb9ab8295bdd9cd053,2026-02-02T12:29:00.111561,0.06644768558377029,2026-02-02T12:28:59.417905679Z,gateDownAction,2026-02-02 12:29:01.427059+00:00,2026-02-02 12:29:01.427154+00:00
bbf4a93d9ebf8afb9ab8295bdd9cd053,2026-02-02T12:29:00.111561,0.06644768558377029,2026-02-02T12:28:59.417905679Z,lightOnInvocation,2026-02-02 12:28:59.426722+00:00,2026-02-02 12:28:59.426803+00:00
bbf4a93d9ebf8afb9ab8295bdd9cd053,2026-02-02T12:29:00.111561,0.06644768558377029,2026-02-02T12:28:59.417905679Z,bellOnAction,2026-02-02 12:29:01.428765+00:00,2026-02-02 12:29:01.428797+00:00
bbf4a93d9ebf8afb9ab8295bdd9cd053,2026-02-02T12:29:00.111561,0.06644768558377029,2026-02-02T12:28:59.417905679Z,gateDownAction,2026-02-02 12:29:01.426760+00:00,2026-02-02 12:29:01.426897+00:00
3d39fa716243a2f47c4e03dc97b746de,2026-02-02T12:23:27.306701,0.010984937991380691,2026-02-02T12:23:26.607770883Z,bellOnInvocation,2026-02-02 12:23:26.621506+00:00,2026-02-02 12:23:26.623031+00:00
3d39fa716243a2f47c4e03dc97b746de,2026-02-02T12:23:27.306701,0.010984937991380691,2026-02-02T12:23:26.607770883Z,gateDownAction,2026-02-02 12:23:28.625353+00:00,2026-02-02 12:23:28.625395+00:00
3d39fa716243a2f47c4e03dc97b746de,2026-02-02T12:23:27.306701,0.010984937991380691,2026-02-02T12:23:26.607770883Z,bellOnAction,2026-02-02 12:23:28.624881+00:00,2026-02-02 12:23:28.624940+00:00
3d39fa716243a2f47c4e03dc97b746de,2026-02-02T12:23:27.306701,0.010984937991380691,2026-02-02T12:23:26.607770883Z,lightOnAction,2026-02-02 12:23:28.621315+00:00,2026-02-02 12:23:28.621361+00:00
3d39fa716243a2f47c4e03dc97b746de,2026-02-02T12:23:27.306701,0.010984937991380691,2026-02-02T12:23:26.607770883Z,gateDownInvocation,2026-02-02 12:23:26.624584+00:00,2026-02-02 12:23:26.624775+00:00
3d39fa716243a2f47c4e03dc97b746de,2026-02-02T12:23:27.306701,0.010984937991380691,2026-02-02T12:23:26.607770883Z,bellOnAction,2026-02-02 12:23:28.624744+00:00,2026-02-02 12:23:28.624793+00:00
3d39fa716243a2f47c4e03dc97b746de,2026-02-02T12:23:27.306701,0.010984937991380691,2026-02-02T12:23:26.607770883Z,gateDownInvocation,2026-02-02 12:23:26.622314+00:00,2026-02-02 12:23:26.622493+00:00
3d39fa716243a2f47c4e03dc97b746de,2026-02-02T12:23:27.306701,0.010984937991380691,2026-02-02T12:23:26.607770883Z,lightOnAction,2026-02-02 12:23:28.624033+00:00,2026-02-02 12:23:28.624080+00:00
3d39fa716243a2f47c4e03dc97b746de,2026-02-02T12:23:27.306701,0.010984937991380691,2026-02-02T12:23:26.607770883Z,lightOnInvocation,2026-02-02 12:23:26.619762+00:00,2026-02-02 12:23:26.619895+00:00
3d39fa716243a2f47c4e03dc97b746de,2026-02-02T12:23:27.306701,0.010984937991380691,2026-02-02T12:23:26.607770883Z,lightOnInvocation,2026-02-02 12:23:26.621857+00:00,2026-02-02 12:23:26.621999+00:00
3d39fa716243a2f47c4e03dc97b746de,2026-02-02T12:23:27.306701,0.010984937991380691,2026-02-02T12:23:26.607770883Z,bellOnInvocation,2026-02-02 12:23:26.623647+00:00,2026-02-02 12:23:26.623766+00:00
3d39fa716243a2f47c4e03dc97b746de,2026-02-02T12:23:27.306701,0.010984937991380691,2026-02-02T12:23:26.607770883Z,gateDownAction,2026-02-02 12:23:28.623627+00:00,2026-02-02 12:23:28.623659+00:00
23e9a77d8d843af6698df85221ea859b,2026-02-02T12:22:44.260792,0.003978085089850426,2026-02-02T12:22:44.562304952Z,lightOffInvocation,2026-02-02 12:22:44.573199+00:00,2026-02-02 12:22:44.573277+00:00
23e9a77d8d843af6698df85221ea859b,2026-02-02T12:22:44.260792,0.003978085089850426,2026-02-02T12:22:44.562304952Z,lightOffInvocation,2026-02-02 12:22:44.569640+00:00,2026-02-02 12:22:44.569718+00:00
23e9a77d8d843af6698df85221ea859b,2026-02-02T12:22:44.260792,0.003978085089850426,2026-02-02T12:22:44.562304952Z,gateUpInvocation,2026-02-02 12:22:44.570589+00:00,2026-02-02 12:22:44.570656+00:00
23e9a77d8d843af6698df85221ea859b,2026-02-02T12:22:44.260792,0.003978085089850426,2026-02-02T12:22:44.562304952Z,bellOffInvocation,2026-02-02 12:22:44.576305+00:00,2026-02-02 12:22:44.576376+00:00
23e9a77d8d843af6698df85221ea859b,2026-02-02T12:22:44.260792,0.003978085089850426,2026-02-02T12:22:44.562304952Z,bellOffInvocation,2026-02-02 12:22:44.573746+00:00,2026-02-02 12:22:44.573821+00:00
23e9a77d8d843af6698df85221ea859b,2026-02-02T12:22:44.260792,0.003978085089850426,2026-02-02T12:22:44.562304952Z,gateUpInvocation,2026-02-02 12:22:44.572736+00:00,2026-02-02 12:22:44.572816+00:00
572f6f049a334241249ac55125fa69a8,2026-02-02T12:30:13.973004,0.0787661910046816,2026-02-02T12:30:13.336018935Z,bellOnInvocation,2026-02-02 12:30:13.347182+00:00,2026-02-02 12:30:13.347336+00:00
572f6f049a334241249ac55125fa69a8,2026-02-02T12:30:13.973004,0.0787661910046816,2026-02-02T12:30:13.336018935Z,gateDownInvocation,2026-02-02 12:30:13.344065+00:00,2026-02-02 12:30:13.344329+00:00
572f6f049a334241249ac55125fa69a8,2026-02-02T12:30:13.973004,0.0787661910046816,2026-02-02T12:30:13.336018935Z,lightOnInvocation,2026-02-02 12:30:13.343590+00:00,2026-02-02 12:30:13.343778+00:00
572f6f049a334241249ac55125fa69a8,2026-02-02T12:30:13.973004,0.0787661910046816,2026-02-02T12:30:13.336018935Z,gateDownAction,2026-02-02 12:30:15.345222+00:00,2026-02-02 12:30:15.345261+00:00
572f6f049a334241249ac55125fa69a8,2026-02-02T12:30:13.973004,0.0787661910046816,2026-02-02T12:30:13.336018935Z,gateDownAction,2026-02-02 12:30:15.348105+00:00,2026-02-02 12:30:15.348143+00:00
572f6f049a334241249ac55125fa69a8,2026-02-02T12:30:13.973004,0.0787661910046816,2026-02-02T12:30:13.336018935Z,lightOnAction,2026-02-02 12:30:15.346509+00:00,2026-02-02 12:30:15.346537+00:00
572f6f049a334241249ac55125fa69a8,2026-02-02T12:30:13.973004,0.0787661910046816,2026-02-02T12:30:13.336018935Z,lightOnAction,2026-02-02 12:30:15.344546+00:00,2026-02-02 12:30:15.344585+00:00
572f6f049a334241249ac55125fa69a8,2026-02-02T12:30:13.973004,0.0787661910046816,2026-02-02T12:30:13.336018935Z,bellOnAction,2026-02-02 12:30:15.348203+00:00,2026-02-02 12:30:15.348244+00:00
572f6f049a334241249ac55125fa69a8,2026-02-02T12:30:13.973004,0.0787661910046816,2026-02-02T12:30:13.336018935Z,bellOnAction,2026-02-02 12:30:15.349844+00:00,2026-02-02 12:30:15.349873+00:00
572f6f049a334241249ac55125fa69a8,2026-02-02T12:30:13.973004,0.0787661910046816,2026-02-02T12:30:13.336018935Z,bellOnInvocation,2026-02-02 12:30:13.348390+00:00,2026-02-02 12:30:13.348568+00:00
572f6f049a334241249ac55125fa69a8,2026-02-02T12:30:13.973004,0.0787661910046816,2026-02-02T12:30:13.336018935Z,gateDownInvocation,2026-02-02 12:30:13.343170+00:00,2026-02-02 12:30:13.343969+00:00
572f6f049a334241249ac55125fa69a8,2026-02-02T12:30:13.973004,0.0787661910046816,2026-02-02T12:30:13.336018935Z,lightOnInvocation,2026-02-02 12:30:13.345814+00:00,2026-02-02 12:30:13.345971+00:00
9c9e67b4099664f6f11a7bd5d987bca4,2026-02-02T12:28:38.354523,0.06282835049924851,2026-02-02T12:28:37.699400228Z,gateDownInvocation,2026-02-02 12:28:37.705747+00:00,2026-02-02 12:28:37.705955+00:00
9c9e67b4099664f6f11a7bd5d987bca4,2026-02-02T12:28:38.354523,0.06282835049924851,2026-02-02T12:28:37.699400228Z,bellOnAction,2026-02-02 12:28:39.710490+00:00,2026-02-02 12:28:39.710577+00:00
9c9e67b4099664f6f11a7bd5d987bca4,2026-02-02T12:28:38.354523,0.06282835049924851,2026-02-02T12:28:37.699400228Z,bellOnAction,2026-02-02 12:28:39.708806+00:00,2026-02-02 12:28:39.708889+00:00
9c9e67b4099664f6f11a7bd5d987bca4,2026-02-02T12:28:38.354523,0.06282835049924851,2026-02-02T12:28:37.699400228Z,bellOnInvocation,2026-02-02 12:28:37.706660+00:00,2026-02-02 12:28:37.706772+00:00
9c9e67b4099664f6f11a7bd5d987bca4,2026-02-02T12:28:38.354523,0.06282835049924851,2026-02-02T12:28:37.699400228Z,bellOnInvocation,2026-02-02 12:28:37.710575+00:00,2026-02-02 12:28:37.710646+00:00
9c9e67b4099664f6f11a7bd5d987bca4,2026-02-02T12:28:38.354523,0.06282835049924851,2026-02-02T12:28:37.699400228Z,lightOnAction,2026-02-02 12:28:39.705317+00:00,2026-02-02 12:28:39.705401+00:00
9c9e67b4099664f6f11a7bd5d987bca4,2026-02-02T12:28:38.354523,0.06282835049924851,2026-02-02T12:28:37.699400228Z,lightOnInvocation,2026-02-02 12:28:37.704039+00:00,2026-02-02 12:28:37.704143+00:00
9c9e67b4099664f6f11a7bd5d987bca4,2026-02-02T12:28:38.354523,0.06282835049924851,2026-02-02T12:28:37.699400228Z,lightOnAction,2026-02-02 12:28:39.711044+00:00,2026-02-02 12:28:39.711125+00:00
9c9e67b4099664f6f11a7bd5d987bca4,2026-02-02T12:28:38.354523,0.06282835049924851,2026-02-02T12:28:37.699400228Z,lightOnInvocation,2026-02-02 12:28:37.710368+00:00,2026-02-02 12:28:37.710434+00:00
9c9e67b4099664f6f11a7bd5d987bca4,2026-02-02T12:28:38.354523,0.06282835049924851,2026-02-02T12:28:37.699400228Z,gateDownAction,2026-02-02 12:28:39.706510+00:00,2026-02-02 12:28:39.706595+00:00
9c9e67b4099664f6f11a7bd5d987bca4,2026-02-02T12:28:38.354523,0.06282835049924851,2026-02-02T12:28:37.699400228Z,gateDownAction,2026-02-02 12:28:39.707433+00:00,2026-02-02 12:28:39.707519+00:00
9c9e67b4099664f6f11a7bd5d987bca4,2026-02-02T12:28:38.354523,0.06282835049924851,2026-02-02T12:28:37.699400228Z,gateDownInvocation,2026-02-02 12:28:37.706740+00:00,2026-02-02 12:28:37.706827+00:00
986b8c4b105e881100eecb7887082972,2026-02-02T12:27:24.612340,0.05053883518955709,2026-02-02T12:27:23.954782843Z,lightOnInvocation,2026-02-02 12:27:23.959821+00:00,2026-02-02 12:27:23.959862+00:00
986b8c4b105e881100eecb7887082972,2026-02-02T12:27:24.612340,0.05053883518955709,2026-02-02T12:27:23.954782843Z,gateDownAction,2026-02-02 12:27:25.959389+00:00,2026-02-02 12:27:25.959419+00:00
986b8c4b105e881100eecb7887082972,2026-02-02T12:27:24.612340,0.05053883518955709,2026-02-02T12:27:23.954782843Z,bellOnInvocation,2026-02-02 12:27:23.959904+00:00,2026-02-02 12:27:23.959965+00:00
986b8c4b105e881100eecb7887082972,2026-02-02T12:27:24.612340,0.05053883518955709,2026-02-02T12:27:23.954782843Z,bellOnAction,2026-02-02 12:27:25.959600+00:00,2026-02-02 12:27:25.959614+00:00
986b8c4b105e881100eecb7887082972,2026-02-02T12:27:24.612340,0.05053883518955709,2026-02-02T12:27:23.954782843Z,gateDownInvocation,2026-02-02 12:27:23.957978+00:00,2026-02-02 12:27:23.958077+00:00
986b8c4b105e881100eecb7887082972,2026-02-02T12:27:24.612340,0.05053883518955709,2026-02-02T12:27:23.954782843Z,lightOnInvocation,2026-02-02 12:27:23.958012+00:00,2026-02-02 12:27:23.958075+00:00
986b8c4b105e881100eecb7887082972,2026-02-02T12:27:24.612340,0.05053883518955709,2026-02-02T12:27:23.954782843Z,bellOnAction,2026-02-02 12:27:25.961129+00:00,2026-02-02 12:27:25.961184+00:00
986b8c4b105e881100eecb7887082972,2026-02-02T12:27:24.612340,0.05053883518955709,2026-02-02T12:27:23.954782843Z,gateDownInvocation,2026-02-02 12:27:23.958903+00:00,2026-02-02 12:27:23.959005+00:00
986b8c4b105e881100eecb7887082972,2026-02-02T12:27:24.612340,0.05053883518955709,2026-02-02T12:27:23.954782843Z,bellOnInvocation,2026-02-02 12:27:23.958896+00:00,2026-02-02 12:27:23.958950+00:00
986b8c4b105e881100eecb7887082972,2026-02-02T12:27:24.612340,0.05053883518955709,2026-02-02T12:27:23.954782843Z,lightOnAction,2026-02-02 12:27:25.959162+00:00,2026-02-02 12:27:25.959195+00:00
986b8c4b105e881100eecb7887082972,2026-02-02T12:27:24.612340,0.05053883518955709,2026-02-02T12:27:23.954782843Z,lightOnAction,2026-02-02 12:27:25.961095+00:00,2026-02-02 12:27:25.961120+00:00
986b8c4b105e881100eecb7887082972,2026-02-02T12:27:24.612340,0.05053883518955709,2026-02-02T12:27:23.954782843Z,gateDownAction,2026-02-02 12:27:25.959832+00:00,2026-02-02 12:27:25.959872+00:00
06af9c392273254d49561fef13f54777,2026-02-02T12:30:27.012355,0.0809308955578804,2026-02-02T12:30:26.325611998Z,bellOnAction,2026-02-02 12:30:28.339664+00:00,2026-02-02 12:30:28.339732+00:00
06af9c392273254d49561fef13f54777,2026-02-02T12:30:27.012355,0.0809308955578804,2026-02-02T12:30:26.325611998Z,gateDownInvocation,2026-02-02 12:30:26.332321+00:00,2026-02-02 12:30:26.332529+00:00
06af9c392273254d49561fef13f54777,2026-02-02T12:30:27.012355,0.0809308955578804,2026-02-02T12:30:26.325611998Z,gateDownAction,2026-02-02 12:30:28.334257+00:00,2026-02-02 12:30:28.334323+00:00
06af9c392273254d49561fef13f54777,2026-02-02T12:30:27.012355,0.0809308955578804,2026-02-02T12:30:26.325611998Z,lightOnInvocation,2026-02-02 12:30:26.333278+00:00,2026-02-02 12:30:26.333489+00:00
06af9c392273254d49561fef13f54777,2026-02-02T12:30:27.012355,0.0809308955578804,2026-02-02T12:30:26.325611998Z,gateDownInvocation,2026-02-02 12:30:26.335439+00:00,2026-02-02 12:30:26.335786+00:00
06af9c392273254d49561fef13f54777,2026-02-02T12:30:27.012355,0.0809308955578804,2026-02-02T12:30:26.325611998Z,lightOnInvocation,2026-02-02 12:30:26.332530+00:00,2026-02-02 12:30:26.332994+00:00
06af9c392273254d49561fef13f54777,2026-02-02T12:30:27.012355,0.0809308955578804,2026-02-02T12:30:26.325611998Z,lightOnAction,2026-02-02 12:30:28.334766+00:00,2026-02-02 12:30:28.334825+00:00
06af9c392273254d49561fef13f54777,2026-02-02T12:30:27.012355,0.0809308955578804,2026-02-02T12:30:26.325611998Z,gateDownAction,2026-02-02 12:30:28.336264+00:00,2026-02-02 12:30:28.336326+00:00
06af9c392273254d49561fef13f54777,2026-02-02T12:30:27.012355,0.0809308955578804,2026-02-02T12:30:26.325611998Z,bellOnInvocation,2026-02-02 12:30:26.333340+00:00,2026-02-02 12:30:26.333535+00:00
06af9c392273254d49561fef13f54777,2026-02-02T12:30:27.012355,0.0809308955578804,2026-02-02T12:30:26.325611998Z,bellOnAction,2026-02-02 12:30:28.335135+00:00,2026-02-02 12:30:28.335216+00:00
06af9c392273254d49561fef13f54777,2026-02-02T12:30:27.012355,0.0809308955578804,2026-02-02T12:30:26.325611998Z,bellOnInvocation,2026-02-02 12:30:26.338484+00:00,2026-02-02 12:30:26.338692+00:00
06af9c392273254d49561fef13f54777,2026-02-02T12:30:27.012355,0.0809308955578804,2026-02-02T12:30:26.325611998Z,lightOnAction,2026-02-02 12:30:28.334839+00:00,2026-02-02 12:30:28.334899+00:00
6bef6eedf8c85dbbb2d9f25e3013038b,2026-02-02T12:25:32.266727,0.03181249605154991,2026-02-02T12:25:31.585623809Z,lightOnInvocation,2026-02-02 12:25:31.595927+00:00,2026-02-02 12:25:31.596146+00:00
6bef6eedf8c85dbbb2d9f25e3013038b,2026-02-02T12:25:32.266727,0.03181249605154991,2026-02-02T12:25:31.585623809Z,gateDownAction,2026-02-02 12:25:33.597100+00:00,2026-02-02 12:25:33.597186+00:00
6bef6eedf8c85dbbb2d9f25e3013038b,2026-02-02T12:25:32.266727,0.03181249605154991,2026-02-02T12:25:31.585623809Z,bellOnInvocation,2026-02-02 12:25:31.598270+00:00,2026-02-02 12:25:31.598416+00:00
6bef6eedf8c85dbbb2d9f25e3013038b,2026-02-02T12:25:32.266727,0.03181249605154991,2026-02-02T12:25:31.585623809Z,lightOnAction,2026-02-02 12:25:33.597377+00:00,2026-02-02 12:25:33.597449+00:00
6bef6eedf8c85dbbb2d9f25e3013038b,2026-02-02T12:25:32.266727,0.03181249605154991,2026-02-02T12:25:31.585623809Z,bellOnAction,2026-02-02 12:25:33.599064+00:00,2026-02-02 12:25:33.599160+00:00
6bef6eedf8c85dbbb2d9f25e3013038b,2026-02-02T12:25:32.266727,0.03181249605154991,2026-02-02T12:25:31.585623809Z,lightOnInvocation,2026-02-02 12:25:31.597087+00:00,2026-02-02 12:25:31.597273+00:00
6bef6eedf8c85dbbb2d9f25e3013038b,2026-02-02T12:25:32.266727,0.03181249605154991,2026-02-02T12:25:31.585623809Z,bellOnAction,2026-02-02 12:25:33.599772+00:00,2026-02-02 12:25:33.599850+00:00
6bef6eedf8c85dbbb2d9f25e3013038b,2026-02-02T12:25:32.266727,0.03181249605154991,2026-02-02T12:25:31.585623809Z,lightOnAction,2026-02-02 12:25:33.598181+00:00,2026-02-02 12:25:33.598268+00:00
6bef6eedf8c85dbbb2d9f25e3013038b,2026-02-02T12:25:32.266727,0.03181249605154991,2026-02-02T12:25:31.585623809Z,gateDownInvocation,2026-02-02 12:25:31.594940+00:00,2026-02-02 12:25:31.595204+00:00
6bef6eedf8c85dbbb2d9f25e3013038b,2026-02-02T12:25:32.266727,0.03181249605154991,2026-02-02T12:25:31.585623809Z,gateDownAction,2026-02-02 12:25:33.595760+00:00,2026-02-02 12:25:33.595843+00:00
6bef6eedf8c85dbbb2d9f25e3013038b,2026-02-02T12:25:32.266727,0.03181249605154991,2026-02-02T12:25:31.585623809Z,gateDownInvocation,2026-02-02 12:25:31.594422+00:00,2026-02-02 12:25:31.594781+00:00
6bef6eedf8c85dbbb2d9f25e3013038b,2026-02-02T12:25:32.266727,0.03181249605154991,2026-02-02T12:25:31.585623809Z,bellOnInvocation,2026-02-02 12:25:31.597642+00:00,2026-02-02 12:25:31.597872+00:00
f5e95d56fe061c0883901c754a48e2c9,2026-02-02T12:30:00.905149,0.07658275978995562,2026-02-02T12:30:00.234188186Z,bellOnAction,2026-02-02 12:30:02.242455+00:00,2026-02-02 12:30:02.242542+00:00
f5e95d56fe061c0883901c754a48e2c9,2026-02-02T12:30:00.905149,0.07658275978995562,2026-02-02T12:30:00.234188186Z,gateDownInvocation,2026-02-02 12:30:00.241718+00:00,2026-02-02 12:30:00.241912+00:00
f5e95d56fe061c0883901c754a48e2c9,2026-02-02T12:30:00.905149,0.07658275978995562,2026-02-02T12:30:00.234188186Z,bellOnInvocation,2026-02-02 12:30:00.242346+00:00,2026-02-02 12:30:00.242442+00:00
f5e95d56fe061c0883901c754a48e2c9,2026-02-02T12:30:00.905149,0.07658275978995562,2026-02-02T12:30:00.234188186Z,gateDownAction,2026-02-02 12:30:02.242696+00:00,2026-02-02 12:30:02.242779+00:00
f5e95d56fe061c0883901c754a48e2c9,2026-02-02T12:30:00.905149,0.07658275978995562,2026-02-02T12:30:00.234188186Z,lightOnInvocation,2026-02-02 12:30:00.242281+00:00,2026-02-02 12:30:00.242384+00:00
f5e95d56fe061c0883901c754a48e2c9,2026-02-02T12:30:00.905149,0.07658275978995562,2026-02-02T12:30:00.234188186Z,lightOnAction,2026-02-02 12:30:02.243203+00:00,2026-02-02 12:30:02.243262+00:00
f5e95d56fe061c0883901c754a48e2c9,2026-02-02T12:30:00.905149,0.07658275978995562,2026-02-02T12:30:00.234188186Z,lightOnAction,2026-02-02 12:30:02.243372+00:00,2026-02-02 12:30:02.243461+00:00
f5e95d56fe061c0883901c754a48e2c9,2026-02-02T12:30:00.905149,0.07658275978995562,2026-02-02T12:30:00.234188186Z,bellOnAction,2026-02-02 12:30:02.244058+00:00,2026-02-02 12:30:02.244126+00:00
f5e95d56fe061c0883901c754a48e2c9,2026-02-02T12:30:00.905149,0.07658275978995562,2026-02-02T12:30:00.234188186Z,bellOnInvocation,2026-02-02 12:30:00.243426+00:00,2026-02-02 12:30:00.243490+00:00
f5e95d56fe061c0883901c754a48e2c9,2026-02-02T12:30:00.905149,0.07658275978995562,2026-02-02T12:30:00.234188186Z,gateDownAction,2026-02-02 12:30:02.242367+00:00,2026-02-02 12:30:02.242460+00:00
f5e95d56fe061c0883901c754a48e2c9,2026-02-02T12:30:00.905149,0.07658275978995562,2026-02-02T12:30:00.234188186Z,lightOnInvocation,2026-02-02 12:30:00.242922+00:00,2026-02-02 12:30:00.243029+00:00
f5e95d56fe061c0883901c754a48e2c9,2026-02-02T12:30:00.905149,0.07658275978995562,2026-02-02T12:30:00.234188186Z,gateDownInvocation,2026-02-02 12:30:00.241658+00:00,2026-02-02 12:30:00.241847+00:00
34045b3871bcfc5b6ba432ee846d2437,2026-02-02T12:23:48.855093,0.014577937331151963,2026-02-02T12:23:48.167859826Z,gateDownInvocation,2026-02-02 12:23:48.180779+00:00,2026-02-02 12:23:48.180900+00:00
34045b3871bcfc5b6ba432ee846d2437,2026-02-02T12:23:48.855093,0.014577937331151963,2026-02-02T12:23:48.167859826Z,gateDownAction,2026-02-02 12:23:50.181265+00:00,2026-02-02 12:23:50.181283+00:00
34045b3871bcfc5b6ba432ee846d2437,2026-02-02T12:23:48.855093,0.014577937331151963,2026-02-02T12:23:48.167859826Z,gateDownAction,2026-02-02 12:23:50.176775+00:00,2026-02-02 12:23:50.176814+00:00
34045b3871bcfc5b6ba432ee846d2437,2026-02-02T12:23:48.855093,0.014577937331151963,2026-02-02T12:23:48.167859826Z,bellOnInvocation,2026-02-02 12:23:48.179482+00:00,2026-02-02 12:23:48.179572+00:00
34045b3871bcfc5b6ba432ee846d2437,2026-02-02T12:23:48.855093,0.014577937331151963,2026-02-02T12:23:48.167859826Z,lightOnInvocation,2026-02-02 12:23:48.179707+00:00,2026-02-02 12:23:48.179841+00:00
34045b3871bcfc5b6ba432ee846d2437,2026-02-02T12:23:48.855093,0.014577937331151963,2026-02-02T12:23:48.167859826Z,gateDownInvocation,2026-02-02 12:23:48.175368+00:00,2026-02-02 12:23:48.175544+00:00
34045b3871bcfc5b6ba432ee846d2437,2026-02-02T12:23:48.855093,0.014577937331151963,2026-02-02T12:23:48.167859826Z,bellOnAction,2026-02-02 12:23:50.181696+00:00,2026-02-02 12:23:50.181732+00:00
34045b3871bcfc5b6ba432ee846d2437,2026-02-02T12:23:48.855093,0.014577937331151963,2026-02-02T12:23:48.167859826Z,lightOnInvocation,2026-02-02 12:23:48.175275+00:00,2026-02-02 12:23:48.175387+00:00
34045b3871bcfc5b6ba432ee846d2437,2026-02-02T12:23:48.855093,0.014577937331151963,2026-02-02T12:23:48.167859826Z,bellOnAction,2026-02-02 12:23:50.180049+00:00,2026-02-02 12:23:50.180085+00:00
34045b3871bcfc5b6ba432ee846d2437,2026-02-02T12:23:48.855093,0.014577937331151963,2026-02-02T12:23:48.167859826Z,bellOnInvocation,2026-02-02 12:23:48.181102+00:00,2026-02-02 12:23:48.181193+00:00
34045b3871bcfc5b6ba432ee846d2437,2026-02-02T12:23:48.855093,0.014577937331151963,2026-02-02T12:23:48.167859826Z,lightOnAction,2026-02-02 12:23:50.181107+00:00,2026-02-02 12:23:50.181142+00:00
34045b3871bcfc5b6ba432ee846d2437,2026-02-02T12:23:48.855093,0.014577937331151963,2026-02-02T12:23:48.167859826Z,lightOnAction,2026-02-02 12:23:50.175421+00:00,2026-02-02 12:23:50.175453+00:00
4796ec8a4add5d7307e1f62fe4d32cb5,2026-02-02T12:22:48.563537,0.0046949087819218634,2026-02-02T12:22:48.863806283Z,bellOffInvocation,2026-02-02 12:22:48.878585+00:00,2026-02-02 12:22:48.878751+00:00
4796ec8a4add5d7307e1f62fe4d32cb5,2026-02-02T12:22:48.563537,0.0046949087819218634,2026-02-02T12:22:48.863806283Z,gateUpInvocation,2026-02-02 12:22:48.877803+00:00,2026-02-02 12:22:48.877850+00:00
4796ec8a4add5d7307e1f62fe4d32cb5,2026-02-02T12:22:48.563537,0.0046949087819218634,2026-02-02T12:22:48.863806283Z,lightOffInvocation,2026-02-02 12:22:48.878483+00:00,2026-02-02 12:22:48.878595+00:00
4796ec8a4add5d7307e1f62fe4d32cb5,2026-02-02T12:22:48.563537,0.0046949087819218634,2026-02-02T12:22:48.863806283Z,bellOffInvocation,2026-02-02 12:22:48.883023+00:00,2026-02-02 12:22:48.883161+00:00
4796ec8a4add5d7307e1f62fe4d32cb5,2026-02-02T12:22:48.563537,0.0046949087819218634,2026-02-02T12:22:48.863806283Z,lightOffInvocation,2026-02-02 12:22:48.877943+00:00,2026-02-02 12:22:48.877988+00:00
4796ec8a4add5d7307e1f62fe4d32cb5,2026-02-02T12:22:48.563537,0.0046949087819218634,2026-02-02T12:22:48.863806283Z,gateUpInvocation,2026-02-02 12:22:48.880101+00:00,2026-02-02 12:22:48.880232+00:00
d5c0fd22b0624cdc1171cd40e31fe634,2026-02-02T12:24:10.370373,0.01816331511170864,2026-02-02T12:24:09.682354898Z,lightOnAction,2026-02-02 12:24:11.690917+00:00,2026-02-02 12:24:11.690959+00:00
d5c0fd22b0624cdc1171cd40e31fe634,2026-02-02T12:24:10.370373,0.01816331511170864,2026-02-02T12:24:09.682354898Z,gateDownAction,2026-02-02 12:24:11.692210+00:00,2026-02-02 12:24:11.692240+00:00
d5c0fd22b0624cdc1171cd40e31fe634,2026-02-02T12:24:10.370373,0.01816331511170864,2026-02-02T12:24:09.682354898Z,lightOnInvocation,2026-02-02 12:24:09.689948+00:00,2026-02-02 12:24:09.690107+00:00
d5c0fd22b0624cdc1171cd40e31fe634,2026-02-02T12:24:10.370373,0.01816331511170864,2026-02-02T12:24:09.682354898Z,bellOnAction,2026-02-02 12:24:11.698659+00:00,2026-02-02 12:24:11.698748+00:00
d5c0fd22b0624cdc1171cd40e31fe634,2026-02-02T12:24:10.370373,0.01816331511170864,2026-02-02T12:24:09.682354898Z,lightOnAction,2026-02-02 12:24:11.691577+00:00,2026-02-02 12:24:11.691620+00:00
d5c0fd22b0624cdc1171cd40e31fe634,2026-02-02T12:24:10.370373,0.01816331511170864,2026-02-02T12:24:09.682354898Z,bellOnInvocation,2026-02-02 12:24:09.697451+00:00,2026-02-02 12:24:09.697559+00:00
d5c0fd22b0624cdc1171cd40e31fe634,2026-02-02T12:24:10.370373,0.01816331511170864,2026-02-02T12:24:09.682354898Z,bellOnAction,2026-02-02 12:24:11.697979+00:00,2026-02-02 12:24:11.698106+00:00
d5c0fd22b0624cdc1171cd40e31fe634,2026-02-02T12:24:10.370373,0.01816331511170864,2026-02-02T12:24:09.682354898Z,gateDownInvocation,2026-02-02 12:24:09.691533+00:00,2026-02-02 12:24:09.691731+00:00
d5c0fd22b0624cdc1171cd40e31fe634,2026-02-02T12:24:10.370373,0.01816331511170864,2026-02-02T12:24:09.682354898Z,gateDownAction,2026-02-02 12:24:11.691314+00:00,2026-02-02 12:24:11.691356+00:00
d5c0fd22b0624cdc1171cd40e31fe634,2026-02-02T12:24:10.370373,0.01816331511170864,2026-02-02T12:24:09.682354898Z,gateDownInvocation,2026-02-02 12:24:09.690291+00:00,2026-02-02 12:24:09.690532+00:00
d5c0fd22b0624cdc1171cd40e31fe634,2026-02-02T12:24:10.370373,0.01816331511170864,2026-02-02T12:24:09.682354898Z,lightOnInvocation,2026-02-02 12:24:09.690376+00:00,2026-02-02 12:24:09.690529+00:00
d5c0fd22b0624cdc1171cd40e31fe634,2026-02-02T12:24:10.370373,0.01816331511170864,2026-02-02T12:24:09.682354898Z,bellOnInvocation,2026-02-02 12:24:09.697116+00:00,2026-02-02 12:24:09.697280+00:00
f22641e15c80d11806519f8d646ab3cb,2026-02-02T12:23:22.995780,0.010267322510921956,2026-02-02T12:23:22.301783688Z,lightOnInvocation,2026-02-02 12:23:22.309403+00:00,2026-02-02 12:23:22.309488+00:00
f22641e15c80d11806519f8d646ab3cb,2026-02-02T12:23:22.995780,0.010267322510921956,2026-02-02T12:23:22.301783688Z,gateDownInvocation,2026-02-02 12:23:22.312496+00:00,2026-02-02 12:23:22.312625+00:00
f22641e15c80d11806519f8d646ab3cb,2026-02-02T12:23:22.995780,0.010267322510921956,2026-02-02T12:23:22.301783688Z,bellOnAction,2026-02-02 12:23:24.313127+00:00,2026-02-02 12:23:24.313211+00:00
f22641e15c80d11806519f8d646ab3cb,2026-02-02T12:23:22.995780,0.010267322510921956,2026-02-02T12:23:22.301783688Z,gateDownAction,2026-02-02 12:23:24.311379+00:00,2026-02-02 12:23:24.311469+00:00
f22641e15c80d11806519f8d646ab3cb,2026-02-02T12:23:22.995780,0.010267322510921956,2026-02-02T12:23:22.301783688Z,gateDownAction,2026-02-02 12:23:24.313187+00:00,2026-02-02 12:23:24.313269+00:00
f22641e15c80d11806519f8d646ab3cb,2026-02-02T12:23:22.995780,0.010267322510921956,2026-02-02T12:23:22.301783688Z,bellOnAction,2026-02-02 12:23:24.311593+00:00,2026-02-02 12:23:24.311678+00:00
f22641e15c80d11806519f8d646ab3cb,2026-02-02T12:23:22.995780,0.010267322510921956,2026-02-02T12:23:22.301783688Z,lightOnAction,2026-02-02 12:23:24.309829+00:00,2026-02-02 12:23:24.309913+00:00
f22641e15c80d11806519f8d646ab3cb,2026-02-02T12:23:22.995780,0.010267322510921956,2026-02-02T12:23:22.301783688Z,lightOnInvocation,2026-02-02 12:23:22.313292+00:00,2026-02-02 12:23:22.313351+00:00
f22641e15c80d11806519f8d646ab3cb,2026-02-02T12:23:22.995780,0.010267322510921956,2026-02-02T12:23:22.301783688Z,bellOnInvocation,2026-02-02 12:23:22.312201+00:00,2026-02-02 12:23:22.312288+00:00
f22641e15c80d11806519f8d646ab3cb,2026-02-02T12:23:22.995780,0.010267322510921956,2026-02-02T12:23:22.301783688Z,lightOnAction,2026-02-02 12:23:24.313563+00:00,2026-02-02 12:23:24.313618+00:00
f22641e15c80d11806519f8d646ab3cb,2026-02-02T12:23:22.995780,0.010267322510921956,2026-02-02T12:23:22.301783688Z,gateDownInvocation,2026-02-02 12:23:22.309384+00:00,2026-02-02 12:23:22.309489+00:00
f22641e15c80d11806519f8d646ab3cb,2026-02-02T12:23:22.995780,0.010267322510921956,2026-02-02T12:23:22.301783688Z,bellOnInvocation,2026-02-02 12:23:22.310876+00:00,2026-02-02 12:23:22.311001+00:00
c851365f1209b7362a8ffbc34226217b,2026-02-02T12:22:27.052377,0.0011100674292564394,2026-02-02T12:22:27.352603815Z,gateUpInvocation,2026-02-02 12:22:27.365597+00:00,2026-02-02 12:22:27.365729+00:00
c851365f1209b7362a8ffbc34226217b,2026-02-02T12:22:27.052377,0.0011100674292564394,2026-02-02T12:22:27.352603815Z,gateUpInvocation,2026-02-02 12:22:27.362224+00:00,2026-02-02 12:22:27.362336+00:00
c851365f1209b7362a8ffbc34226217b,2026-02-02T12:22:27.052377,0.0011100674292564394,2026-02-02T12:22:27.352603815Z,lightOffInvocation,2026-02-02 12:22:27.363749+00:00,2026-02-02 12:22:27.363871+00:00
c851365f1209b7362a8ffbc34226217b,2026-02-02T12:22:27.052377,0.0011100674292564394,2026-02-02T12:22:27.352603815Z,lightOffInvocation,2026-02-02 12:22:27.363625+00:00,2026-02-02 12:22:27.363752+00:00
c851365f1209b7362a8ffbc34226217b,2026-02-02T12:22:27.052377,0.0011100674292564394,2026-02-02T12:22:27.352603815Z,bellOffInvocation,2026-02-02 12:22:27.367452+00:00,2026-02-02 12:22:27.367589+00:00
c851365f1209b7362a8ffbc34226217b,2026-02-02T12:22:27.052377,0.0011100674292564394,2026-02-02T12:22:27.352603815Z,bellOffInvocation,2026-02-02 12:22:27.368519+00:00,2026-02-02 12:22:27.368606+00:00
8ae47eed29afc3c859bae4142ed85be9,2026-02-02T12:27:50.653215,0.05487984986828567,2026-02-02T12:27:50.003683432Z,bellOnAction,2026-02-02 12:27:52.022733+00:00,2026-02-02 12:27:52.022774+00:00
8ae47eed29afc3c859bae4142ed85be9,2026-02-02T12:27:50.653215,0.05487984986828567,2026-02-02T12:27:50.003683432Z,gateDownAction,2026-02-02 12:27:52.016927+00:00,2026-02-02 12:27:52.016974+00:00
8ae47eed29afc3c859bae4142ed85be9,2026-02-02T12:27:50.653215,0.05487984986828567,2026-02-02T12:27:50.003683432Z,gateDownAction,2026-02-02 12:27:52.017169+00:00,2026-02-02 12:27:52.017224+00:00
8ae47eed29afc3c859bae4142ed85be9,2026-02-02T12:27:50.653215,0.05487984986828567,2026-02-02T12:27:50.003683432Z,lightOnAction,2026-02-02 12:27:52.016934+00:00,2026-02-02 12:27:52.016981+00:00
8ae47eed29afc3c859bae4142ed85be9,2026-02-02T12:27:50.653215,0.05487984986828567,2026-02-02T12:27:50.003683432Z,lightOnInvocation,2026-02-02 12:27:50.017211+00:00,2026-02-02 12:27:50.017396+00:00
8ae47eed29afc3c859bae4142ed85be9,2026-02-02T12:27:50.653215,0.05487984986828567,2026-02-02T12:27:50.003683432Z,bellOnInvocation,2026-02-02 12:27:50.015000+00:00,2026-02-02 12:27:50.015243+00:00
8ae47eed29afc3c859bae4142ed85be9,2026-02-02T12:27:50.653215,0.05487984986828567,2026-02-02T12:27:50.003683432Z,gateDownInvocation,2026-02-02 12:27:50.014049+00:00,2026-02-02 12:27:50.014813+00:00
8ae47eed29afc3c859bae4142ed85be9,2026-02-02T12:27:50.653215,0.05487984986828567,2026-02-02T12:27:50.003683432Z,lightOnAction,2026-02-02 12:27:52.018494+00:00,2026-02-02 12:27:52.018532+00:00
8ae47eed29afc3c859bae4142ed85be9,2026-02-02T12:27:50.653215,0.05487984986828567,2026-02-02T12:27:50.003683432Z,gateDownInvocation,2026-02-02 12:27:50.014609+00:00,2026-02-02 12:27:50.015026+00:00
8ae47eed29afc3c859bae4142ed85be9,2026-02-02T12:27:50.653215,0.05487984986828567,2026-02-02T12:27:50.003683432Z,lightOnInvocation,2026-02-02 12:27:50.015367+00:00,2026-02-02 12:27:50.015580+00:00
8ae47eed29afc3c859bae4142ed85be9,2026-02-02T12:27:50.653215,0.05487984986828567,2026-02-02T12:27:50.003683432Z,bellOnAction,2026-02-02 12:27:52.017078+00:00,2026-02-02 12:27:52.017134+00:00
8ae47eed29afc3c859bae4142ed85be9,2026-02-02T12:27:50.653215,0.05487984986828567,2026-02-02T12:27:50.003683432Z,bellOnInvocation,2026-02-02 12:27:50.020985+00:00,2026-02-02 12:27:50.021258+00:00
2917e47664fd1e019589c67d221eb8be,2026-02-02T12:25:10.714905,0.02821994596666098,2026-02-02T12:25:10.028356685Z,bellOnInvocation,2026-02-02 12:25:10.045660+00:00,2026-02-02 12:25:10.045960+00:00
2917e47664fd1e019589c67d221eb8be,2026-02-02T12:25:10.714905,0.02821994596666098,2026-02-02T12:25:10.028356685Z,gateDownInvocation,2026-02-02 12:25:10.041126+00:00,2026-02-02 12:25:10.041371+00:00
2917e47664fd1e019589c67d221eb8be,2026-02-02T12:25:10.714905,0.02821994596666098,2026-02-02T12:25:10.028356685Z,lightOnInvocation,2026-02-02 12:25:10.043005+00:00,2026-02-02 12:25:10.043144+00:00
2917e47664fd1e019589c67d221eb8be,2026-02-02T12:25:10.714905,0.02821994596666098,2026-02-02T12:25:10.028356685Z,lightOnInvocation,2026-02-02 12:25:10.040599+00:00,2026-02-02 12:25:10.040952+00:00
2917e47664fd1e019589c67d221eb8be,2026-02-02T12:25:10.714905,0.02821994596666098,2026-02-02T12:25:10.028356685Z,bellOnAction,2026-02-02 12:25:12.048483+00:00,2026-02-02 12:25:12.048567+00:00
2917e47664fd1e019589c67d221eb8be,2026-02-02T12:25:10.714905,0.02821994596666098,2026-02-02T12:25:10.028356685Z,gateDownAction,2026-02-02 12:25:12.042898+00:00,2026-02-02 12:25:12.043010+00:00
2917e47664fd1e019589c67d221eb8be,2026-02-02T12:25:10.714905,0.02821994596666098,2026-02-02T12:25:10.028356685Z,lightOnAction,2026-02-02 12:25:12.041690+00:00,2026-02-02 12:25:12.041777+00:00
2917e47664fd1e019589c67d221eb8be,2026-02-02T12:25:10.714905,0.02821994596666098,2026-02-02T12:25:10.028356685Z,gateDownInvocation,2026-02-02 12:25:10.038041+00:00,2026-02-02 12:25:10.041012+00:00
2917e47664fd1e019589c67d221eb8be,2026-02-02T12:25:10.714905,0.02821994596666098,2026-02-02T12:25:10.028356685Z,gateDownAction,2026-02-02 12:25:12.044762+00:00,2026-02-02 12:25:12.044842+00:00
2917e47664fd1e019589c67d221eb8be,2026-02-02T12:25:10.714905,0.02821994596666098,2026-02-02T12:25:10.028356685Z,lightOnAction,2026-02-02 12:25:12.043348+00:00,2026-02-02 12:25:12.043406+00:00
2917e47664fd1e019589c67d221eb8be,2026-02-02T12:25:10.714905,0.02821994596666098,2026-02-02T12:25:10.028356685Z,bellOnAction,2026-02-02 12:25:12.047346+00:00,2026-02-02 12:25:12.047419+00:00
2917e47664fd1e019589c67d221eb8be,2026-02-02T12:25:10.714905,0.02821994596666098,2026-02-02T12:25:10.028356685Z,bellOnInvocation,2026-02-02 12:25:10.047675+00:00,2026-02-02 12:25:10.047803+00:00
fb3c3c27aeb1b6601974bfadfc93ff75,2026-02-02T12:25:45.189507,0.034131640423631676,2026-02-02T12:25:45.501884547Z,bellOffInvocation,2026-02-02 12:25:45.515434+00:00,2026-02-02 12:25:45.515562+00:00
fb3c3c27aeb1b6601974bfadfc93ff75,2026-02-02T12:25:45.189507,0.034131640423631676,2026-02-02T12:25:45.501884547Z,bellOffInvocation,2026-02-02 12:25:45.515626+00:00,2026-02-02 12:25:45.515773+00:00
fb3c3c27aeb1b6601974bfadfc93ff75,2026-02-02T12:25:45.189507,0.034131640423631676,2026-02-02T12:25:45.501884547Z,lightOffInvocation,2026-02-02 12:25:45.512433+00:00,2026-02-02 12:25:45.512584+00:00
fb3c3c27aeb1b6601974bfadfc93ff75,2026-02-02T12:25:45.189507,0.034131640423631676,2026-02-02T12:25:45.501884547Z,lightOffInvocation,2026-02-02 12:25:45.512682+00:00,2026-02-02 12:25:45.512819+00:00
fb3c3c27aeb1b6601974bfadfc93ff75,2026-02-02T12:25:45.189507,0.034131640423631676,2026-02-02T12:25:45.501884547Z,gateUpInvocation,2026-02-02 12:25:45.512216+00:00,2026-02-02 12:25:45.512354+00:00
fb3c3c27aeb1b6601974bfadfc93ff75,2026-02-02T12:25:45.189507,0.034131640423631676,2026-02-02T12:25:45.501884547Z,gateUpInvocation,2026-02-02 12:25:45.514361+00:00,2026-02-02 12:25:45.514505+00:00
450d15dd60e036b732bc76ecb6c985d1,2026-02-02T12:27:46.300221,0.054151268269646176,2026-02-02T12:27:45.631825902Z,lightOnAction,2026-02-02 12:27:47.643563+00:00,2026-02-02 12:27:47.643651+00:00
450d15dd60e036b732bc76ecb6c985d1,2026-02-02T12:27:46.300221,0.054151268269646176,2026-02-02T12:27:45.631825902Z,gateDownInvocation,2026-02-02 12:27:45.643895+00:00,2026-02-02 12:27:45.644038+00:00
450d15dd60e036b732bc76ecb6c985d1,2026-02-02T12:27:46.300221,0.054151268269646176,2026-02-02T12:27:45.631825902Z,gateDownAction,2026-02-02 12:27:47.643546+00:00,2026-02-02 12:27:47.643641+00:00
450d15dd60e036b732bc76ecb6c985d1,2026-02-02T12:27:46.300221,0.054151268269646176,2026-02-02T12:27:45.631825902Z,lightOnInvocation,2026-02-02 12:27:45.642142+00:00,2026-02-02 12:27:45.642350+00:00
450d15dd60e036b732bc76ecb6c985d1,2026-02-02T12:27:46.300221,0.054151268269646176,2026-02-02T12:27:45.631825902Z,lightOnAction,2026-02-02 12:27:47.644231+00:00,2026-02-02 12:27:47.644342+00:00
450d15dd60e036b732bc76ecb6c985d1,2026-02-02T12:27:46.300221,0.054151268269646176,2026-02-02T12:27:45.631825902Z,gateDownAction,2026-02-02 12:27:47.645105+00:00,2026-02-02 12:27:47.645172+00:00
450d15dd60e036b732bc76ecb6c985d1,2026-02-02T12:27:46.300221,0.054151268269646176,2026-02-02T12:27:45.631825902Z,bellOnAction,2026-02-02 12:27:47.647626+00:00,2026-02-02 12:27:47.647714+00:00
450d15dd60e036b732bc76ecb6c985d1,2026-02-02T12:27:46.300221,0.054151268269646176,2026-02-02T12:27:45.631825902Z,gateDownInvocation,2026-02-02 12:27:45.642231+00:00,2026-02-02 12:27:45.642559+00:00
450d15dd60e036b732bc76ecb6c985d1,2026-02-02T12:27:46.300221,0.054151268269646176,2026-02-02T12:27:45.631825902Z,bellOnInvocation,2026-02-02 12:27:45.646936+00:00,2026-02-02 12:27:45.647142+00:00
450d15dd60e036b732bc76ecb6c985d1,2026-02-02T12:27:46.300221,0.054151268269646176,2026-02-02T12:27:45.631825902Z,lightOnInvocation,2026-02-02 12:27:45.640785+00:00,2026-02-02 12:27:45.641920+00:00
450d15dd60e036b732bc76ecb6c985d1,2026-02-02T12:27:46.300221,0.054151268269646176,2026-02-02T12:27:45.631825902Z,bellOnAction,2026-02-02 12:27:47.648585+00:00,2026-02-02 12:27:47.648667+00:00
450d15dd60e036b732bc76ecb6c985d1,2026-02-02T12:27:46.300221,0.054151268269646176,2026-02-02T12:27:45.631825902Z,bellOnInvocation,2026-02-02 12:27:45.645042+00:00,2026-02-02 12:27:45.645328+00:00
39b46295e47fbe9bfb879c8f6afcf463,2026-02-02T12:24:31.905683,0.02175145509262085,2026-02-02T12:24:31.213490317Z,lightOnAction,2026-02-02 12:24:33.231378+00:00,2026-02-02 12:24:33.231466+00:00
39b46295e47fbe9bfb879c8f6afcf463,2026-02-02T12:24:31.905683,0.02175145509262085,2026-02-02T12:24:31.213490317Z,bellOnInvocation,2026-02-02 12:24:31.233395+00:00,2026-02-02 12:24:31.233470+00:00
39b46295e47fbe9bfb879c8f6afcf463,2026-02-02T12:24:31.905683,0.02175145509262085,2026-02-02T12:24:31.213490317Z,bellOnInvocation,2026-02-02 12:24:31.237525+00:00,2026-02-02 12:24:31.237815+00:00
39b46295e47fbe9bfb879c8f6afcf463,2026-02-02T12:24:31.905683,0.02175145509262085,2026-02-02T12:24:31.213490317Z,gateDownAction,2026-02-02 12:24:33.226450+00:00,2026-02-02 12:24:33.226534+00:00
39b46295e47fbe9bfb879c8f6afcf463,2026-02-02T12:24:31.905683,0.02175145509262085,2026-02-02T12:24:31.213490317Z,gateDownInvocation,2026-02-02 12:24:31.230391+00:00,2026-02-02 12:24:31.230689+00:00
39b46295e47fbe9bfb879c8f6afcf463,2026-02-02T12:24:31.905683,0.02175145509262085,2026-02-02T12:24:31.213490317Z,gateDownInvocation,2026-02-02 12:24:31.225130+00:00,2026-02-02 12:24:31.225368+00:00
39b46295e47fbe9bfb879c8f6afcf463,2026-02-02T12:24:31.905683,0.02175145509262085,2026-02-02T12:24:31.213490317Z,lightOnInvocation,2026-02-02 12:24:31.230470+00:00,2026-02-02 12:24:31.230637+00:00
39b46295e47fbe9bfb879c8f6afcf463,2026-02-02T12:24:31.905683,0.02175145509262085,2026-02-02T12:24:31.213490317Z,gateDownAction,2026-02-02 12:24:33.233594+00:00,2026-02-02 12:24:33.233673+00:00
39b46295e47fbe9bfb879c8f6afcf463,2026-02-02T12:24:31.905683,0.02175145509262085,2026-02-02T12:24:31.213490317Z,bellOnAction,2026-02-02 12:24:33.234913+00:00,2026-02-02 12:24:33.235031+00:00
39b46295e47fbe9bfb879c8f6afcf463,2026-02-02T12:24:31.905683,0.02175145509262085,2026-02-02T12:24:31.213490317Z,bellOnAction,2026-02-02 12:24:33.239162+00:00,2026-02-02 12:24:33.239233+00:00
39b46295e47fbe9bfb879c8f6afcf463,2026-02-02T12:24:31.905683,0.02175145509262085,2026-02-02T12:24:31.213490317Z,lightOnAction,2026-02-02 12:24:33.232077+00:00,2026-02-02 12:24:33.232153+00:00
39b46295e47fbe9bfb879c8f6afcf463,2026-02-02T12:24:31.905683,0.02175145509262085,2026-02-02T12:24:31.213490317Z,lightOnInvocation,2026-02-02 12:24:31.229595+00:00,2026-02-02 12:24:31.229940+00:00
852406ceb3e805239c1bdfcc317dfa78,2026-02-02T12:22:27.052377,0.00094341218457222,2026-02-02T12:22:26.352522868Z,gateDownAction,2026-02-02 12:22:28.372384+00:00,2026-02-02 12:22:28.372519+00:00
852406ceb3e805239c1bdfcc317dfa78,2026-02-02T12:22:27.052377,0.00094341218457222,2026-02-02T12:22:26.352522868Z,bellOnInvocation,2026-02-02 12:22:26.371174+00:00,2026-02-02 12:22:26.371290+00:00
852406ceb3e805239c1bdfcc317dfa78,2026-02-02T12:22:27.052377,0.00094341218457222,2026-02-02T12:22:26.352522868Z,bellOnAction,2026-02-02 12:22:28.371822+00:00,2026-02-02 12:22:28.371895+00:00
852406ceb3e805239c1bdfcc317dfa78,2026-02-02T12:22:27.052377,0.00094341218457222,2026-02-02T12:22:26.352522868Z,lightOnInvocation,2026-02-02 12:22:26.370116+00:00,2026-02-02 12:22:26.370259+00:00
852406ceb3e805239c1bdfcc317dfa78,2026-02-02T12:22:27.052377,0.00094341218457222,2026-02-02T12:22:26.352522868Z,gateDownAction,2026-02-02 12:22:28.369619+00:00,2026-02-02 12:22:28.369666+00:00
852406ceb3e805239c1bdfcc317dfa78,2026-02-02T12:22:27.052377,0.00094341218457222,2026-02-02T12:22:26.352522868Z,gateDownInvocation,2026-02-02 12:22:26.368206+00:00,2026-02-02 12:22:26.368387+00:00
852406ceb3e805239c1bdfcc317dfa78,2026-02-02T12:22:27.052377,0.00094341218457222,2026-02-02T12:22:26.352522868Z,lightOnAction,2026-02-02 12:22:28.370380+00:00,2026-02-02 12:22:28.370506+00:00
852406ceb3e805239c1bdfcc317dfa78,2026-02-02T12:22:27.052377,0.00094341218457222,2026-02-02T12:22:26.352522868Z,lightOnInvocation,2026-02-02 12:22:26.364733+00:00,2026-02-02 12:22:26.364950+00:00
852406ceb3e805239c1bdfcc317dfa78,2026-02-02T12:22:27.052377,0.00094341218457222,2026-02-02T12:22:26.352522868Z,gateDownInvocation,2026-02-02 12:22:26.371568+00:00,2026-02-02 12:22:26.371754+00:00
852406ceb3e805239c1bdfcc317dfa78,2026-02-02T12:22:27.052377,0.00094341218457222,2026-02-02T12:22:26.352522868Z,bellOnAction,2026-02-02 12:22:28.370190+00:00,2026-02-02 12:22:28.370257+00:00
852406ceb3e805239c1bdfcc317dfa78,2026-02-02T12:22:27.052377,0.00094341218457222,2026-02-02T12:22:26.352522868Z,lightOnAction,2026-02-02 12:22:28.366174+00:00,2026-02-02 12:22:28.366251+00:00
852406ceb3e805239c1bdfcc317dfa78,2026-02-02T12:22:27.052377,0.00094341218457222,2026-02-02T12:22:26.352522868Z,bellOnInvocation,2026-02-02 12:22:26.368988+00:00,2026-02-02 12:22:26.369131+00:00
7297ea7de9f12b1e07b6fc359062ff68,2026-02-02T12:31:19.123093,0.08962388809331656,2026-02-02T12:31:18.48901403Z,gateDownAction,2026-02-02 12:31:20.502759+00:00,2026-02-02 12:31:20.502834+00:00
7297ea7de9f12b1e07b6fc359062ff68,2026-02-02T12:31:19.123093,0.08962388809331656,2026-02-02T12:31:18.48901403Z,lightOnInvocation,2026-02-02 12:31:18.496936+00:00,2026-02-02 12:31:18.497141+00:00
7297ea7de9f12b1e07b6fc359062ff68,2026-02-02T12:31:19.123093,0.08962388809331656,2026-02-02T12:31:18.48901403Z,bellOnInvocation,2026-02-02 12:31:18.501645+00:00,2026-02-02 12:31:18.501822+00:00
7297ea7de9f12b1e07b6fc359062ff68,2026-02-02T12:31:19.123093,0.08962388809331656,2026-02-02T12:31:18.48901403Z,gateDownInvocation,2026-02-02 12:31:18.496896+00:00,2026-02-02 12:31:18.497208+00:00
7297ea7de9f12b1e07b6fc359062ff68,2026-02-02T12:31:19.123093,0.08962388809331656,2026-02-02T12:31:18.48901403Z,bellOnAction,2026-02-02 12:31:20.500372+00:00,2026-02-02 12:31:20.500495+00:00
7297ea7de9f12b1e07b6fc359062ff68,2026-02-02T12:31:19.123093,0.08962388809331656,2026-02-02T12:31:18.48901403Z,gateDownInvocation,2026-02-02 12:31:18.501388+00:00,2026-02-02 12:31:18.501824+00:00
7297ea7de9f12b1e07b6fc359062ff68,2026-02-02T12:31:19.123093,0.08962388809331656,2026-02-02T12:31:18.48901403Z,lightOnAction,2026-02-02 12:31:20.498720+00:00,2026-02-02 12:31:20.498813+00:00
7297ea7de9f12b1e07b6fc359062ff68,2026-02-02T12:31:19.123093,0.08962388809331656,2026-02-02T12:31:18.48901403Z,lightOnAction,2026-02-02 12:31:20.501186+00:00,2026-02-02 12:31:20.501277+00:00
7297ea7de9f12b1e07b6fc359062ff68,2026-02-02T12:31:19.123093,0.08962388809331656,2026-02-02T12:31:18.48901403Z,bellOnInvocation,2026-02-02 12:31:18.499818+00:00,2026-02-02 12:31:18.499978+00:00
7297ea7de9f12b1e07b6fc359062ff68,2026-02-02T12:31:19.123093,0.08962388809331656,2026-02-02T12:31:18.48901403Z,gateDownAction,2026-02-02 12:31:20.498732+00:00,2026-02-02 12:31:20.498828+00:00
7297ea7de9f12b1e07b6fc359062ff68,2026-02-02T12:31:19.123093,0.08962388809331656,2026-02-02T12:31:18.48901403Z,bellOnAction,2026-02-02 12:31:20.503058+00:00,2026-02-02 12:31:20.503138+00:00
7297ea7de9f12b1e07b6fc359062ff68,2026-02-02T12:31:19.123093,0.08962388809331656,2026-02-02T12:31:18.48901403Z,lightOnInvocation,2026-02-02 12:31:18.499827+00:00,2026-02-02 12:31:18.499927+00:00
5ed1cf4cb2cde7cdb189127f8184b7fc,2026-02-02T12:25:19.327712,0.029653982649409775,2026-02-02T12:25:18.633288619Z,bellOnAction,2026-02-02 12:25:20.642843+00:00,2026-02-02 12:25:20.642966+00:00
5ed1cf4cb2cde7cdb189127f8184b7fc,2026-02-02T12:25:19.327712,0.029653982649409775,2026-02-02T12:25:18.633288619Z,bellOnInvocation,2026-02-02 12:25:18.642124+00:00,2026-02-02 12:25:18.642207+00:00
5ed1cf4cb2cde7cdb189127f8184b7fc,2026-02-02T12:25:19.327712,0.029653982649409775,2026-02-02T12:25:18.633288619Z,gateDownInvocation,2026-02-02 12:25:18.640257+00:00,2026-02-02 12:25:18.640379+00:00
5ed1cf4cb2cde7cdb189127f8184b7fc,2026-02-02T12:25:19.327712,0.029653982649409775,2026-02-02T12:25:18.633288619Z,gateDownInvocation,2026-02-02 12:25:18.641784+00:00,2026-02-02 12:25:18.641881+00:00
5ed1cf4cb2cde7cdb189127f8184b7fc,2026-02-02T12:25:19.327712,0.029653982649409775,2026-02-02T12:25:18.633288619Z,gateDownAction,2026-02-02 12:25:20.639576+00:00,2026-02-02 12:25:20.639658+00:00
5ed1cf4cb2cde7cdb189127f8184b7fc,2026-02-02T12:25:19.327712,0.029653982649409775,2026-02-02T12:25:18.633288619Z,lightOnInvocation,2026-02-02 12:25:18.641180+00:00,2026-02-02 12:25:18.641220+00:00
5ed1cf4cb2cde7cdb189127f8184b7fc,2026-02-02T12:25:19.327712,0.029653982649409775,2026-02-02T12:25:18.633288619Z,lightOnInvocation,2026-02-02 12:25:18.640891+00:00,2026-02-02 12:25:18.640984+00:00
5ed1cf4cb2cde7cdb189127f8184b7fc,2026-02-02T12:25:19.327712,0.029653982649409775,2026-02-02T12:25:18.633288619Z,lightOnAction,2026-02-02 12:25:20.641868+00:00,2026-02-02 12:25:20.641952+00:00
5ed1cf4cb2cde7cdb189127f8184b7fc,2026-02-02T12:25:19.327712,0.029653982649409775,2026-02-02T12:25:18.633288619Z,bellOnInvocation,2026-02-02 12:25:18.642577+00:00,2026-02-02 12:25:18.642632+00:00
5ed1cf4cb2cde7cdb189127f8184b7fc,2026-02-02T12:25:19.327712,0.029653982649409775,2026-02-02T12:25:18.633288619Z,gateDownAction,2026-02-02 12:25:20.643230+00:00,2026-02-02 12:25:20.643315+00:00
5ed1cf4cb2cde7cdb189127f8184b7fc,2026-02-02T12:25:19.327712,0.029653982649409775,2026-02-02T12:25:18.633288619Z,lightOnAction,2026-02-02 12:25:20.642248+00:00,2026-02-02 12:25:20.642327+00:00
5ed1cf4cb2cde7cdb189127f8184b7fc,2026-02-02T12:25:19.327712,0.029653982649409775,2026-02-02T12:25:18.633288619Z,bellOnAction,2026-02-02 12:25:20.643638+00:00,2026-02-02 12:25:20.643695+00:00
ce662bde07793bef874e5655a897930a,2026-02-02T12:23:27.306701,0.011152072369754315,2026-02-02T12:23:27.610742656Z,gateUpInvocation,2026-02-02 12:23:27.625664+00:00,2026-02-02 12:23:27.625825+00:00
ce662bde07793bef874e5655a897930a,2026-02-02T12:23:27.306701,0.011152072369754315,2026-02-02T12:23:27.610742656Z,bellOffInvocation,2026-02-02 12:23:27.628959+00:00,2026-02-02 12:23:27.629089+00:00
ce662bde07793bef874e5655a897930a,2026-02-02T12:23:27.306701,0.011152072369754315,2026-02-02T12:23:27.610742656Z,lightOffInvocation,2026-02-02 12:23:27.623214+00:00,2026-02-02 12:23:27.623373+00:00
ce662bde07793bef874e5655a897930a,2026-02-02T12:23:27.306701,0.011152072369754315,2026-02-02T12:23:27.610742656Z,gateUpInvocation,2026-02-02 12:23:27.628774+00:00,2026-02-02 12:23:27.628903+00:00
ce662bde07793bef874e5655a897930a,2026-02-02T12:23:27.306701,0.011152072369754315,2026-02-02T12:23:27.610742656Z,bellOffInvocation,2026-02-02 12:23:27.626528+00:00,2026-02-02 12:23:27.626693+00:00
ce662bde07793bef874e5655a897930a,2026-02-02T12:23:27.306701,0.011152072369754315,2026-02-02T12:23:27.610742656Z,lightOffInvocation,2026-02-02 12:23:27.622581+00:00,2026-02-02 12:23:27.622723+00:00
0acc48d3e7a71f983005e945edfec7d7,2026-02-02T12:28:38.354523,0.06298846494725943,2026-02-02T12:28:38.660246123Z,lightOffInvocation,2026-02-02 12:28:38.666492+00:00,2026-02-02 12:28:38.666525+00:00
0acc48d3e7a71f983005e945edfec7d7,2026-02-02T12:28:38.354523,0.06298846494725943,2026-02-02T12:28:38.660246123Z,gateUpInvocation,2026-02-02 12:28:38.666509+00:00,2026-02-02 12:28:38.666569+00:00
0acc48d3e7a71f983005e945edfec7d7,2026-02-02T12:28:38.354523,0.06298846494725943,2026-02-02T12:28:38.660246123Z,bellOffInvocation,2026-02-02 12:28:38.666512+00:00,2026-02-02 12:28:38.666555+00:00
0acc48d3e7a71f983005e945edfec7d7,2026-02-02T12:28:38.354523,0.06298846494725943,2026-02-02T12:28:38.660246123Z,gateUpInvocation,2026-02-02 12:28:38.665811+00:00,2026-02-02 12:28:38.665870+00:00
0acc48d3e7a71f983005e945edfec7d7,2026-02-02T12:28:38.354523,0.06298846494725943,2026-02-02T12:28:38.660246123Z,bellOffInvocation,2026-02-02 12:28:38.666281+00:00,2026-02-02 12:28:38.667031+00:00
0acc48d3e7a71f983005e945edfec7d7,2026-02-02T12:28:38.354523,0.06298846494725943,2026-02-02T12:28:38.660246123Z,lightOffInvocation,2026-02-02 12:28:38.666534+00:00,2026-02-02 12:28:38.666583+00:00
2d8c9d38bfee4c19ad30fbe75a290b67,2026-02-02T12:29:52.208961,0.07530627711627483,2026-02-02T12:29:52.574512257Z,lightOffInvocation,2026-02-02 12:29:52.583524+00:00,2026-02-02 12:29:52.583677+00:00
2d8c9d38bfee4c19ad30fbe75a290b67,2026-02-02T12:29:52.208961,0.07530627711627483,2026-02-02T12:29:52.574512257Z,gateUpInvocation,2026-02-02 12:29:52.581662+00:00,2026-02-02 12:29:52.581781+00:00
2d8c9d38bfee4c19ad30fbe75a290b67,2026-02-02T12:29:52.208961,0.07530627711627483,2026-02-02T12:29:52.574512257Z,lightOffInvocation,2026-02-02 12:29:52.581699+00:00,2026-02-02 12:29:52.581897+00:00
2d8c9d38bfee4c19ad30fbe75a290b67,2026-02-02T12:29:52.208961,0.07530627711627483,2026-02-02T12:29:52.574512257Z,gateUpInvocation,2026-02-02 12:29:52.585718+00:00,2026-02-02 12:29:52.585814+00:00
2d8c9d38bfee4c19ad30fbe75a290b67,2026-02-02T12:29:52.208961,0.07530627711627483,2026-02-02T12:29:52.574512257Z,bellOffInvocation,2026-02-02 12:29:52.584549+00:00,2026-02-02 12:29:52.584702+00:00
2d8c9d38bfee4c19ad30fbe75a290b67,2026-02-02T12:29:52.208961,0.07530627711627483,2026-02-02T12:29:52.574512257Z,bellOffInvocation,2026-02-02 12:29:52.586712+00:00,2026-02-02 12:29:52.586854+00:00
27840d78e104a289bf1e4f7ae03ece6d,2026-02-02T12:27:11.582597,0.048531687982952605,2026-02-02T12:27:11.910865308Z,lightOffInvocation,2026-02-02 12:27:11.919722+00:00,2026-02-02 12:27:11.919850+00:00
27840d78e104a289bf1e4f7ae03ece6d,2026-02-02T12:27:11.582597,0.048531687982952605,2026-02-02T12:27:11.910865308Z,gateUpInvocation,2026-02-02 12:27:11.920730+00:00,2026-02-02 12:27:11.920873+00:00
27840d78e104a289bf1e4f7ae03ece6d,2026-02-02T12:27:11.582597,0.048531687982952605,2026-02-02T12:27:11.910865308Z,bellOffInvocation,2026-02-02 12:27:11.923214+00:00,2026-02-02 12:27:11.923357+00:00
27840d78e104a289bf1e4f7ae03ece6d,2026-02-02T12:27:11.582597,0.048531687982952605,2026-02-02T12:27:11.910865308Z,bellOffInvocation,2026-02-02 12:27:11.922283+00:00,2026-02-02 12:27:11.922379+00:00
27840d78e104a289bf1e4f7ae03ece6d,2026-02-02T12:27:11.582597,0.048531687982952605,2026-02-02T12:27:11.910865308Z,lightOffInvocation,2026-02-02 12:27:11.920165+00:00,2026-02-02 12:27:11.920280+00:00
27840d78e104a289bf1e4f7ae03ece6d,2026-02-02T12:27:11.582597,0.048531687982952605,2026-02-02T12:27:11.910865308Z,gateUpInvocation,2026-02-02 12:27:11.922100+00:00,2026-02-02 12:27:11.922186+00:00
e87546f9bb80ccd3d0e8c30e9c60ada8,2026-02-02T12:27:28.963888,0.051429876047110565,2026-02-02T12:27:29.301720454Z,lightOffInvocation,2026-02-02 12:27:29.309566+00:00,2026-02-02 12:27:29.309709+00:00
e87546f9bb80ccd3d0e8c30e9c60ada8,2026-02-02T12:27:28.963888,0.051429876047110565,2026-02-02T12:27:29.301720454Z,bellOffInvocation,2026-02-02 12:27:29.325969+00:00,2026-02-02 12:27:29.326065+00:00
e87546f9bb80ccd3d0e8c30e9c60ada8,2026-02-02T12:27:28.963888,0.051429876047110565,2026-02-02T12:27:29.301720454Z,lightOffInvocation,2026-02-02 12:27:29.309463+00:00,2026-02-02 12:27:29.309568+00:00
e87546f9bb80ccd3d0e8c30e9c60ada8,2026-02-02T12:27:28.963888,0.051429876047110565,2026-02-02T12:27:29.301720454Z,bellOffInvocation,2026-02-02 12:27:29.312850+00:00,2026-02-02 12:27:29.313018+00:00
e87546f9bb80ccd3d0e8c30e9c60ada8,2026-02-02T12:27:28.963888,0.051429876047110565,2026-02-02T12:27:29.301720454Z,gateUpInvocation,2026-02-02 12:27:29.309550+00:00,2026-02-02 12:27:29.309692+00:00
e87546f9bb80ccd3d0e8c30e9c60ada8,2026-02-02T12:27:28.963888,0.051429876047110565,2026-02-02T12:27:29.301720454Z,gateUpInvocation,2026-02-02 12:27:29.311485+00:00,2026-02-02 12:27:29.311626+00:00
c53f98d8f844c4a1232468210d32c26c,2026-02-02T12:26:45.638405,0.04420432438286544,2026-02-02T12:26:45.944021101Z,gateUpInvocation,2026-02-02 12:26:45.948707+00:00,2026-02-02 12:26:45.948778+00:00
c53f98d8f844c4a1232468210d32c26c,2026-02-02T12:26:45.638405,0.04420432438286544,2026-02-02T12:26:45.944021101Z,gateUpInvocation,2026-02-02 12:26:45.950808+00:00,2026-02-02 12:26:45.951005+00:00
c53f98d8f844c4a1232468210d32c26c,2026-02-02T12:26:45.638405,0.04420432438286544,2026-02-02T12:26:45.944021101Z,lightOffInvocation,2026-02-02 12:26:45.949680+00:00,2026-02-02 12:26:45.949752+00:00
c53f98d8f844c4a1232468210d32c26c,2026-02-02T12:26:45.638405,0.04420432438286544,2026-02-02T12:26:45.944021101Z,lightOffInvocation,2026-02-02 12:26:45.948707+00:00,2026-02-02 12:26:45.948778+00:00
c53f98d8f844c4a1232468210d32c26c,2026-02-02T12:26:45.638405,0.04420432438286544,2026-02-02T12:26:45.944021101Z,bellOffInvocation,2026-02-02 12:26:45.950679+00:00,2026-02-02 12:26:45.950752+00:00
c53f98d8f844c4a1232468210d32c26c,2026-02-02T12:26:45.638405,0.04420432438286544,2026-02-02T12:26:45.944021101Z,bellOffInvocation,2026-02-02 12:26:45.950304+00:00,2026-02-02 12:26:45.950372+00:00
5b9b678a389f29581a8b12962771214e,2026-02-02T12:30:53.024081,0.0852765746680379,2026-02-02T12:30:52.40225995Z,lightOnAction,2026-02-02 12:30:54.416236+00:00,2026-02-02 12:30:54.416315+00:00
5b9b678a389f29581a8b12962771214e,2026-02-02T12:30:53.024081,0.0852765746680379,2026-02-02T12:30:52.40225995Z,gateDownAction,2026-02-02 12:30:54.410150+00:00,2026-02-02 12:30:54.410237+00:00
5b9b678a389f29581a8b12962771214e,2026-02-02T12:30:53.024081,0.0852765746680379,2026-02-02T12:30:52.40225995Z,bellOnInvocation,2026-02-02 12:30:52.410258+00:00,2026-02-02 12:30:52.410440+00:00
5b9b678a389f29581a8b12962771214e,2026-02-02T12:30:53.024081,0.0852765746680379,2026-02-02T12:30:52.40225995Z,bellOnInvocation,2026-02-02 12:30:52.413075+00:00,2026-02-02 12:30:52.413194+00:00
5b9b678a389f29581a8b12962771214e,2026-02-02T12:30:53.024081,0.0852765746680379,2026-02-02T12:30:52.40225995Z,lightOnInvocation,2026-02-02 12:30:52.414374+00:00,2026-02-02 12:30:52.414531+00:00
5b9b678a389f29581a8b12962771214e,2026-02-02T12:30:53.024081,0.0852765746680379,2026-02-02T12:30:52.40225995Z,gateDownInvocation,2026-02-02 12:30:52.412467+00:00,2026-02-02 12:30:52.412734+00:00
5b9b678a389f29581a8b12962771214e,2026-02-02T12:30:53.024081,0.0852765746680379,2026-02-02T12:30:52.40225995Z,lightOnAction,2026-02-02 12:30:54.413238+00:00,2026-02-02 12:30:54.413322+00:00
5b9b678a389f29581a8b12962771214e,2026-02-02T12:30:53.024081,0.0852765746680379,2026-02-02T12:30:52.40225995Z,gateDownInvocation,2026-02-02 12:30:52.408608+00:00,2026-02-02 12:30:52.408964+00:00
5b9b678a389f29581a8b12962771214e,2026-02-02T12:30:53.024081,0.0852765746680379,2026-02-02T12:30:52.40225995Z,lightOnInvocation,2026-02-02 12:30:52.409058+00:00,2026-02-02 12:30:52.409206+00:00
5b9b678a389f29581a8b12962771214e,2026-02-02T12:30:53.024081,0.0852765746680379,2026-02-02T12:30:52.40225995Z,bellOnAction,2026-02-02 12:30:54.413791+00:00,2026-02-02 12:30:54.413857+00:00
5b9b678a389f29581a8b12962771214e,2026-02-02T12:30:53.024081,0.0852765746680379,2026-02-02T12:30:52.40225995Z,gateDownAction,2026-02-02 12:30:54.413640+00:00,2026-02-02 12:30:54.413725+00:00
5b9b678a389f29581a8b12962771214e,2026-02-02T12:30:53.024081,0.0852765746680379,2026-02-02T12:30:52.40225995Z,bellOnAction,2026-02-02 12:30:54.412206+00:00,2026-02-02 12:30:54.412296+00:00
e6e01a2b38f7a9f6a7d61d27ae732d47,2026-02-02T12:26:06.773130,0.03756445415456296,2026-02-02T12:26:06.100756274Z,bellOnInvocation,2026-02-02 12:26:06.105468+00:00,2026-02-02 12:26:06.105517+00:00
e6e01a2b38f7a9f6a7d61d27ae732d47,2026-02-02T12:26:06.773130,0.03756445415456296,2026-02-02T12:26:06.100756274Z,gateDownInvocation,2026-02-02 12:26:06.105370+00:00,2026-02-02 12:26:06.105434+00:00
e6e01a2b38f7a9f6a7d61d27ae732d47,2026-02-02T12:26:06.773130,0.03756445415456296,2026-02-02T12:26:06.100756274Z,bellOnAction,2026-02-02 12:26:08.105630+00:00,2026-02-02 12:26:08.105714+00:00
e6e01a2b38f7a9f6a7d61d27ae732d47,2026-02-02T12:26:06.773130,0.03756445415456296,2026-02-02T12:26:06.100756274Z,bellOnInvocation,2026-02-02 12:26:06.106105+00:00,2026-02-02 12:26:06.106146+00:00
e6e01a2b38f7a9f6a7d61d27ae732d47,2026-02-02T12:26:06.773130,0.03756445415456296,2026-02-02T12:26:06.100756274Z,bellOnAction,2026-02-02 12:26:08.106464+00:00,2026-02-02 12:26:08.106532+00:00
e6e01a2b38f7a9f6a7d61d27ae732d47,2026-02-02T12:26:06.773130,0.03756445415456296,2026-02-02T12:26:06.100756274Z,lightOnAction,2026-02-02 12:26:08.104875+00:00,2026-02-02 12:26:08.104998+00:00
e6e01a2b38f7a9f6a7d61d27ae732d47,2026-02-02T12:26:06.773130,0.03756445415456296,2026-02-02T12:26:06.100756274Z,gateDownAction,2026-02-02 12:26:08.104454+00:00,2026-02-02 12:26:08.104539+00:00
e6e01a2b38f7a9f6a7d61d27ae732d47,2026-02-02T12:26:06.773130,0.03756445415456296,2026-02-02T12:26:06.100756274Z,lightOnInvocation,2026-02-02 12:26:06.104422+00:00,2026-02-02 12:26:06.104502+00:00
e6e01a2b38f7a9f6a7d61d27ae732d47,2026-02-02T12:26:06.773130,0.03756445415456296,2026-02-02T12:26:06.100756274Z,lightOnAction,2026-02-02 12:26:08.106269+00:00,2026-02-02 12:26:08.106353+00:00
e6e01a2b38f7a9f6a7d61d27ae732d47,2026-02-02T12:26:06.773130,0.03756445415456296,2026-02-02T12:26:06.100756274Z,gateDownAction,2026-02-02 12:26:08.106615+00:00,2026-02-02 12:26:08.106665+00:00
e6e01a2b38f7a9f6a7d61d27ae732d47,2026-02-02T12:26:06.773130,0.03756445415456296,2026-02-02T12:26:06.100756274Z,gateDownInvocation,2026-02-02 12:26:06.104378+00:00,2026-02-02 12:26:06.104466+00:00
e6e01a2b38f7a9f6a7d61d27ae732d47,2026-02-02T12:26:06.773130,0.03756445415456296,2026-02-02T12:26:06.100756274Z,lightOnInvocation,2026-02-02 12:26:06.104713+00:00,2026-02-02 12:26:06.104797+00:00
06a496476e20fda0a5b6077227c5d2e1,2026-02-02T12:26:54.268986,0.04547689102566243,2026-02-02T12:26:53.58030029Z,bellOnInvocation,2026-02-02 12:26:53.588770+00:00,2026-02-02 12:26:53.588864+00:00
06a496476e20fda0a5b6077227c5d2e1,2026-02-02T12:26:54.268986,0.04547689102566243,2026-02-02T12:26:53.58030029Z,gateDownAction,2026-02-02 12:26:55.587505+00:00,2026-02-02 12:26:55.587594+00:00
06a496476e20fda0a5b6077227c5d2e1,2026-02-02T12:26:54.268986,0.04547689102566243,2026-02-02T12:26:53.58030029Z,gateDownInvocation,2026-02-02 12:26:53.586806+00:00,2026-02-02 12:26:53.587002+00:00
06a496476e20fda0a5b6077227c5d2e1,2026-02-02T12:26:54.268986,0.04547689102566243,2026-02-02T12:26:53.58030029Z,bellOnInvocation,2026-02-02 12:26:53.591756+00:00,2026-02-02 12:26:53.591853+00:00
06a496476e20fda0a5b6077227c5d2e1,2026-02-02T12:26:54.268986,0.04547689102566243,2026-02-02T12:26:53.58030029Z,gateDownAction,2026-02-02 12:26:55.587481+00:00,2026-02-02 12:26:55.587587+00:00
06a496476e20fda0a5b6077227c5d2e1,2026-02-02T12:26:54.268986,0.04547689102566243,2026-02-02T12:26:53.58030029Z,bellOnAction,2026-02-02 12:26:55.590112+00:00,2026-02-02 12:26:55.590192+00:00
06a496476e20fda0a5b6077227c5d2e1,2026-02-02T12:26:54.268986,0.04547689102566243,2026-02-02T12:26:53.58030029Z,lightOnAction,2026-02-02 12:26:55.588238+00:00,2026-02-02 12:26:55.588327+00:00
06a496476e20fda0a5b6077227c5d2e1,2026-02-02T12:26:54.268986,0.04547689102566243,2026-02-02T12:26:53.58030029Z,bellOnAction,2026-02-02 12:26:55.592849+00:00,2026-02-02 12:26:55.592926+00:00
06a496476e20fda0a5b6077227c5d2e1,2026-02-02T12:26:54.268986,0.04547689102566243,2026-02-02T12:26:53.58030029Z,lightOnAction,2026-02-02 12:26:55.591211+00:00,2026-02-02 12:26:55.591295+00:00
06a496476e20fda0a5b6077227c5d2e1,2026-02-02T12:26:54.268986,0.04547689102566243,2026-02-02T12:26:53.58030029Z,lightOnInvocation,2026-02-02 12:26:53.586861+00:00,2026-02-02 12:26:53.587002+00:00
06a496476e20fda0a5b6077227c5d2e1,2026-02-02T12:26:54.268986,0.04547689102566243,2026-02-02T12:26:53.58030029Z,lightOnInvocation,2026-02-02 12:26:53.588441+00:00,2026-02-02 12:26:53.589002+00:00
06a496476e20fda0a5b6077227c5d2e1,2026-02-02T12:26:54.268986,0.04547689102566243,2026-02-02T12:26:53.58030029Z,gateDownInvocation,2026-02-02 12:26:53.587154+00:00,2026-02-02 12:26:53.587325+00:00
0b47e8e7cf4de2e943404c6af63aabbf,2026-02-02T12:28:47.075399,0.0644509081906438,2026-02-02T12:28:47.435855935Z,gateUpInvocation,2026-02-02 12:28:47.446845+00:00,2026-02-02 12:28:47.446989+00:00
0b47e8e7cf4de2e943404c6af63aabbf,2026-02-02T12:28:47.075399,0.0644509081906438,2026-02-02T12:28:47.435855935Z,gateUpInvocation,2026-02-02 12:28:47.449786+00:00,2026-02-02 12:28:47.449953+00:00
0b47e8e7cf4de2e943404c6af63aabbf,2026-02-02T12:28:47.075399,0.0644509081906438,2026-02-02T12:28:47.435855935Z,lightOffInvocation,2026-02-02 12:28:47.449354+00:00,2026-02-02 12:28:47.449953+00:00
0b47e8e7cf4de2e943404c6af63aabbf,2026-02-02T12:28:47.075399,0.0644509081906438,2026-02-02T12:28:47.435855935Z,bellOffInvocation,2026-02-02 12:28:47.455239+00:00,2026-02-02 12:28:47.455387+00:00
0b47e8e7cf4de2e943404c6af63aabbf,2026-02-02T12:28:47.075399,0.0644509081906438,2026-02-02T12:28:47.435855935Z,bellOffInvocation,2026-02-02 12:28:47.454134+00:00,2026-02-02 12:28:47.454277+00:00
0b47e8e7cf4de2e943404c6af63aabbf,2026-02-02T12:28:47.075399,0.0644509081906438,2026-02-02T12:28:47.435855935Z,lightOffInvocation,2026-02-02 12:28:47.449820+00:00,2026-02-02 12:28:47.450007+00:00
e11486d213b111ad6d238ae950c4091b,2026-02-02T12:27:33.304790,0.05215120257871152,2026-02-02T12:27:33.630139102Z,bellOffInvocation,2026-02-02 12:27:33.640617+00:00,2026-02-02 12:27:33.640733+00:00
e11486d213b111ad6d238ae950c4091b,2026-02-02T12:27:33.304790,0.05215120257871152,2026-02-02T12:27:33.630139102Z,bellOffInvocation,2026-02-02 12:27:33.639572+00:00,2026-02-02 12:27:33.639709+00:00
e11486d213b111ad6d238ae950c4091b,2026-02-02T12:27:33.304790,0.05215120257871152,2026-02-02T12:27:33.630139102Z,gateUpInvocation,2026-02-02 12:27:33.637577+00:00,2026-02-02 12:27:33.637696+00:00
e11486d213b111ad6d238ae950c4091b,2026-02-02T12:27:33.304790,0.05215120257871152,2026-02-02T12:27:33.630139102Z,lightOffInvocation,2026-02-02 12:27:33.637322+00:00,2026-02-02 12:27:33.637439+00:00
e11486d213b111ad6d238ae950c4091b,2026-02-02T12:27:33.304790,0.05215120257871152,2026-02-02T12:27:33.630139102Z,gateUpInvocation,2026-02-02 12:27:33.634652+00:00,2026-02-02 12:27:33.634868+00:00
e11486d213b111ad6d238ae950c4091b,2026-02-02T12:27:33.304790,0.05215120257871152,2026-02-02T12:27:33.630139102Z,lightOffInvocation,2026-02-02 12:27:33.639099+00:00,2026-02-02 12:27:33.639196+00:00
ec17bba74b725c488a949a49ec62eb07,2026-02-02T12:24:31.905683,0.021920105264198783,2026-02-02T12:24:32.225318584Z,bellOffInvocation,2026-02-02 12:24:32.234401+00:00,2026-02-02 12:24:32.234462+00:00
ec17bba74b725c488a949a49ec62eb07,2026-02-02T12:24:31.905683,0.021920105264198783,2026-02-02T12:24:32.225318584Z,gateUpInvocation,2026-02-02 12:24:32.232813+00:00,2026-02-02 12:24:32.232876+00:00
ec17bba74b725c488a949a49ec62eb07,2026-02-02T12:24:31.905683,0.021920105264198783,2026-02-02T12:24:32.225318584Z,lightOffInvocation,2026-02-02 12:24:32.233864+00:00,2026-02-02 12:24:32.233918+00:00
ec17bba74b725c488a949a49ec62eb07,2026-02-02T12:24:31.905683,0.021920105264198783,2026-02-02T12:24:32.225318584Z,bellOffInvocation,2026-02-02 12:24:32.233839+00:00,2026-02-02 12:24:32.233905+00:00
ec17bba74b725c488a949a49ec62eb07,2026-02-02T12:24:31.905683,0.021920105264198783,2026-02-02T12:24:32.225318584Z,lightOffInvocation,2026-02-02 12:24:32.232532+00:00,2026-02-02 12:24:32.232599+00:00
ec17bba74b725c488a949a49ec62eb07,2026-02-02T12:24:31.905683,0.021920105264198783,2026-02-02T12:24:32.225318584Z,gateUpInvocation,2026-02-02 12:24:32.232521+00:00,2026-02-02 12:24:32.232599+00:00
b48e8f583d1e1e24dc9be49c0c651646,2026-02-02T12:23:10.080575,0.00828074281027317,2026-02-02T12:23:10.38088402Z,bellOffInvocation,2026-02-02 12:23:10.390699+00:00,2026-02-02 12:23:10.390763+00:00
b48e8f583d1e1e24dc9be49c0c651646,2026-02-02T12:23:10.080575,0.00828074281027317,2026-02-02T12:23:10.38088402Z,lightOffInvocation,2026-02-02 12:23:10.388640+00:00,2026-02-02 12:23:10.388688+00:00
b48e8f583d1e1e24dc9be49c0c651646,2026-02-02T12:23:10.080575,0.00828074281027317,2026-02-02T12:23:10.38088402Z,gateUpInvocation,2026-02-02 12:23:10.393727+00:00,2026-02-02 12:23:10.393795+00:00
b48e8f583d1e1e24dc9be49c0c651646,2026-02-02T12:23:10.080575,0.00828074281027317,2026-02-02T12:23:10.38088402Z,bellOffInvocation,2026-02-02 12:23:10.398798+00:00,2026-02-02 12:23:10.398880+00:00
b48e8f583d1e1e24dc9be49c0c651646,2026-02-02T12:23:10.080575,0.00828074281027317,2026-02-02T12:23:10.38088402Z,gateUpInvocation,2026-02-02 12:23:10.387886+00:00,2026-02-02 12:23:10.387975+00:00
b48e8f583d1e1e24dc9be49c0c651646,2026-02-02T12:23:10.080575,0.00828074281027317,2026-02-02T12:23:10.38088402Z,lightOffInvocation,2026-02-02 12:23:10.385723+00:00,2026-02-02 12:23:10.385774+00:00
d9bd9523eaba47230843a03ce95898a4,2026-02-02T12:28:29.678369,0.061378246209871784,2026-02-02T12:28:28.997904359Z,bellOnInvocation,2026-02-02 12:28:29.013543+00:00,2026-02-02 12:28:29.014005+00:00
d9bd9523eaba47230843a03ce95898a4,2026-02-02T12:28:29.678369,0.061378246209871784,2026-02-02T12:28:28.997904359Z,bellOnInvocation,2026-02-02 12:28:29.012537+00:00,2026-02-02 12:28:29.012739+00:00
d9bd9523eaba47230843a03ce95898a4,2026-02-02T12:28:29.678369,0.061378246209871784,2026-02-02T12:28:28.997904359Z,gateDownInvocation,2026-02-02 12:28:29.014264+00:00,2026-02-02 12:28:29.014614+00:00
d9bd9523eaba47230843a03ce95898a4,2026-02-02T12:28:29.678369,0.061378246209871784,2026-02-02T12:28:28.997904359Z,bellOnAction,2026-02-02 12:28:31.015520+00:00,2026-02-02 12:28:31.015607+00:00
d9bd9523eaba47230843a03ce95898a4,2026-02-02T12:28:29.678369,0.061378246209871784,2026-02-02T12:28:28.997904359Z,lightOnInvocation,2026-02-02 12:28:29.011352+00:00,2026-02-02 12:28:29.011566+00:00
d9bd9523eaba47230843a03ce95898a4,2026-02-02T12:28:29.678369,0.061378246209871784,2026-02-02T12:28:28.997904359Z,lightOnInvocation,2026-02-02 12:28:29.006855+00:00,2026-02-02 12:28:29.007077+00:00
d9bd9523eaba47230843a03ce95898a4,2026-02-02T12:28:29.678369,0.061378246209871784,2026-02-02T12:28:28.997904359Z,lightOnAction,2026-02-02 12:28:31.008598+00:00,2026-02-02 12:28:31.008690+00:00
d9bd9523eaba47230843a03ce95898a4,2026-02-02T12:28:29.678369,0.061378246209871784,2026-02-02T12:28:28.997904359Z,bellOnAction,2026-02-02 12:28:31.015136+00:00,2026-02-02 12:28:31.015221+00:00
d9bd9523eaba47230843a03ce95898a4,2026-02-02T12:28:29.678369,0.061378246209871784,2026-02-02T12:28:28.997904359Z,lightOnAction,2026-02-02 12:28:31.012485+00:00,2026-02-02 12:28:31.012571+00:00
d9bd9523eaba47230843a03ce95898a4,2026-02-02T12:28:29.678369,0.061378246209871784,2026-02-02T12:28:28.997904359Z,gateDownAction,2026-02-02 12:28:31.015574+00:00,2026-02-02 12:28:31.015660+00:00
d9bd9523eaba47230843a03ce95898a4,2026-02-02T12:28:29.678369,0.061378246209871784,2026-02-02T12:28:28.997904359Z,gateDownAction,2026-02-02 12:28:31.012209+00:00,2026-02-02 12:28:31.012287+00:00
d9bd9523eaba47230843a03ce95898a4,2026-02-02T12:28:29.678369,0.061378246209871784,2026-02-02T12:28:28.997904359Z,gateDownInvocation,2026-02-02 12:28:29.009259+00:00,2026-02-02 12:28:29.009476+00:00
07bc37d984951c47a566f0c3dbb4e5de,2026-02-02T12:28:34.030398,0.06210525158224107,2026-02-02T12:28:33.360214788Z,gateDownAction,2026-02-02 12:28:35.364321+00:00,2026-02-02 12:28:35.364407+00:00
07bc37d984951c47a566f0c3dbb4e5de,2026-02-02T12:28:34.030398,0.06210525158224107,2026-02-02T12:28:33.360214788Z,bellOnInvocation,2026-02-02 12:28:33.363231+00:00,2026-02-02 12:28:33.363273+00:00
07bc37d984951c47a566f0c3dbb4e5de,2026-02-02T12:28:34.030398,0.06210525158224107,2026-02-02T12:28:33.360214788Z,bellOnInvocation,2026-02-02 12:28:33.364441+00:00,2026-02-02 12:28:33.364503+00:00
07bc37d984951c47a566f0c3dbb4e5de,2026-02-02T12:28:34.030398,0.06210525158224107,2026-02-02T12:28:33.360214788Z,gateDownInvocation,2026-02-02 12:28:33.363271+00:00,2026-02-02 12:28:33.363356+00:00
07bc37d984951c47a566f0c3dbb4e5de,2026-02-02T12:28:34.030398,0.06210525158224107,2026-02-02T12:28:33.360214788Z,bellOnAction,2026-02-02 12:28:35.363529+00:00,2026-02-02 12:28:35.363619+00:00
07bc37d984951c47a566f0c3dbb4e5de,2026-02-02T12:28:34.030398,0.06210525158224107,2026-02-02T12:28:33.360214788Z,bellOnAction,2026-02-02 12:28:35.365149+00:00,2026-02-02 12:28:35.365238+00:00
07bc37d984951c47a566f0c3dbb4e5de,2026-02-02T12:28:34.030398,0.06210525158224107,2026-02-02T12:28:33.360214788Z,gateDownInvocation,2026-02-02 12:28:33.363241+00:00,2026-02-02 12:28:33.363330+00:00
07bc37d984951c47a566f0c3dbb4e5de,2026-02-02T12:28:34.030398,0.06210525158224107,2026-02-02T12:28:33.360214788Z,lightOnAction,2026-02-02 12:28:35.364650+00:00,2026-02-02 12:28:35.364746+00:00
07bc37d984951c47a566f0c3dbb4e5de,2026-02-02T12:28:34.030398,0.06210525158224107,2026-02-02T12:28:33.360214788Z,lightOnAction,2026-02-02 12:28:35.364308+00:00,2026-02-02 12:28:35.364406+00:00
07bc37d984951c47a566f0c3dbb4e5de,2026-02-02T12:28:34.030398,0.06210525158224107,2026-02-02T12:28:33.360214788Z,lightOnInvocation,2026-02-02 12:28:33.363257+00:00,2026-02-02 12:28:33.363331+00:00
07bc37d984951c47a566f0c3dbb4e5de,2026-02-02T12:28:34.030398,0.06210525158224107,2026-02-02T12:28:33.360214788Z,gateDownAction,2026-02-02 12:28:35.363966+00:00,2026-02-02 12:28:35.364081+00:00
07bc37d984951c47a566f0c3dbb4e5de,2026-02-02T12:28:34.030398,0.06210525158224107,2026-02-02T12:28:33.360214788Z,lightOnInvocation,2026-02-02 12:28:33.363893+00:00,2026-02-02 12:28:33.363930+00:00
469328d38cc429c40a2d2011d3c151a2,2026-02-02T12:26:19.735001,0.03972203654578925,2026-02-02T12:26:19.047705466Z,bellOnAction,2026-02-02 12:26:21.056668+00:00,2026-02-02 12:26:21.056707+00:00
469328d38cc429c40a2d2011d3c151a2,2026-02-02T12:26:19.735001,0.03972203654578925,2026-02-02T12:26:19.047705466Z,gateDownAction,2026-02-02 12:26:21.055929+00:00,2026-02-02 12:26:21.055962+00:00
469328d38cc429c40a2d2011d3c151a2,2026-02-02T12:26:19.735001,0.03972203654578925,2026-02-02T12:26:19.047705466Z,gateDownAction,2026-02-02 12:26:21.056760+00:00,2026-02-02 12:26:21.056947+00:00
469328d38cc429c40a2d2011d3c151a2,2026-02-02T12:26:19.735001,0.03972203654578925,2026-02-02T12:26:19.047705466Z,bellOnInvocation,2026-02-02 12:26:19.057778+00:00,2026-02-02 12:26:19.057935+00:00
469328d38cc429c40a2d2011d3c151a2,2026-02-02T12:26:19.735001,0.03972203654578925,2026-02-02T12:26:19.047705466Z,lightOnInvocation,2026-02-02 12:26:19.056928+00:00,2026-02-02 12:26:19.057027+00:00
469328d38cc429c40a2d2011d3c151a2,2026-02-02T12:26:19.735001,0.03972203654578925,2026-02-02T12:26:19.047705466Z,lightOnInvocation,2026-02-02 12:26:19.054196+00:00,2026-02-02 12:26:19.054321+00:00
469328d38cc429c40a2d2011d3c151a2,2026-02-02T12:26:19.735001,0.03972203654578925,2026-02-02T12:26:19.047705466Z,gateDownInvocation,2026-02-02 12:26:19.054113+00:00,2026-02-02 12:26:19.054310+00:00
469328d38cc429c40a2d2011d3c151a2,2026-02-02T12:26:19.735001,0.03972203654578925,2026-02-02T12:26:19.047705466Z,bellOnAction,2026-02-02 12:26:21.058945+00:00,2026-02-02 12:26:21.059077+00:00
469328d38cc429c40a2d2011d3c151a2,2026-02-02T12:26:19.735001,0.03972203654578925,2026-02-02T12:26:19.047705466Z,lightOnAction,2026-02-02 12:26:21.057434+00:00,2026-02-02 12:26:21.057570+00:00
469328d38cc429c40a2d2011d3c151a2,2026-02-02T12:26:19.735001,0.03972203654578925,2026-02-02T12:26:19.047705466Z,lightOnAction,2026-02-02 12:26:21.055293+00:00,2026-02-02 12:26:21.055360+00:00
469328d38cc429c40a2d2011d3c151a2,2026-02-02T12:26:19.735001,0.03972203654578925,2026-02-02T12:26:19.047705466Z,gateDownInvocation,2026-02-02 12:26:19.055676+00:00,2026-02-02 12:26:19.055852+00:00
469328d38cc429c40a2d2011d3c151a2,2026-02-02T12:26:19.735001,0.03972203654578925,2026-02-02T12:26:19.047705466Z,bellOnInvocation,2026-02-02 12:26:19.055694+00:00,2026-02-02 12:26:19.055801+00:00
3ee1dc3325def73abaa57a857ae7e9d8,2026-02-02T12:25:53.833188,0.03540471135076285,2026-02-02T12:25:53.141133821Z,bellOnInvocation,2026-02-02 12:25:53.161758+00:00,2026-02-02 12:25:53.161984+00:00
3ee1dc3325def73abaa57a857ae7e9d8,2026-02-02T12:25:53.833188,0.03540471135076285,2026-02-02T12:25:53.141133821Z,bellOnAction,2026-02-02 12:25:55.162640+00:00,2026-02-02 12:25:55.162737+00:00
3ee1dc3325def73abaa57a857ae7e9d8,2026-02-02T12:25:53.833188,0.03540471135076285,2026-02-02T12:25:53.141133821Z,lightOnAction,2026-02-02 12:25:55.152875+00:00,2026-02-02 12:25:55.152993+00:00
3ee1dc3325def73abaa57a857ae7e9d8,2026-02-02T12:25:53.833188,0.03540471135076285,2026-02-02T12:25:53.141133821Z,lightOnAction,2026-02-02 12:25:55.152582+00:00,2026-02-02 12:25:55.152673+00:00
3ee1dc3325def73abaa57a857ae7e9d8,2026-02-02T12:25:53.833188,0.03540471135076285,2026-02-02T12:25:53.141133821Z,lightOnInvocation,2026-02-02 12:25:53.151604+00:00,2026-02-02 12:25:53.151896+00:00
3ee1dc3325def73abaa57a857ae7e9d8,2026-02-02T12:25:53.833188,0.03540471135076285,2026-02-02T12:25:53.141133821Z,bellOnInvocation,2026-02-02 12:25:53.158610+00:00,2026-02-02 12:25:53.158781+00:00
3ee1dc3325def73abaa57a857ae7e9d8,2026-02-02T12:25:53.833188,0.03540471135076285,2026-02-02T12:25:53.141133821Z,gateDownAction,2026-02-02 12:25:55.155211+00:00,2026-02-02 12:25:55.155271+00:00
3ee1dc3325def73abaa57a857ae7e9d8,2026-02-02T12:25:53.833188,0.03540471135076285,2026-02-02T12:25:53.141133821Z,lightOnInvocation,2026-02-02 12:25:53.151864+00:00,2026-02-02 12:25:53.152082+00:00
3ee1dc3325def73abaa57a857ae7e9d8,2026-02-02T12:25:53.833188,0.03540471135076285,2026-02-02T12:25:53.141133821Z,gateDownInvocation,2026-02-02 12:25:53.154301+00:00,2026-02-02 12:25:53.154596+00:00
3ee1dc3325def73abaa57a857ae7e9d8,2026-02-02T12:25:53.833188,0.03540471135076285,2026-02-02T12:25:53.141133821Z,bellOnAction,2026-02-02 12:25:55.159416+00:00,2026-02-02 12:25:55.159483+00:00
3ee1dc3325def73abaa57a857ae7e9d8,2026-02-02T12:25:53.833188,0.03540471135076285,2026-02-02T12:25:53.141133821Z,gateDownInvocation,2026-02-02 12:25:53.155477+00:00,2026-02-02 12:25:53.155948+00:00
3ee1dc3325def73abaa57a857ae7e9d8,2026-02-02T12:25:53.833188,0.03540471135076285,2026-02-02T12:25:53.141133821Z,gateDownAction,2026-02-02 12:25:55.157819+00:00,2026-02-02 12:25:55.157939+00:00
7fc6b7a4e8ef7f5fe94476dda25e4c04,2026-02-02T12:29:56.583435,0.07602613235502244,2026-02-02T12:29:56.893920015Z,lightOffInvocation,2026-02-02 12:29:56.897610+00:00,2026-02-02 12:29:56.897678+00:00
7fc6b7a4e8ef7f5fe94476dda25e4c04,2026-02-02T12:29:56.583435,0.07602613235502244,2026-02-02T12:29:56.893920015Z,bellOffInvocation,2026-02-02 12:29:56.899825+00:00,2026-02-02 12:29:56.899863+00:00
7fc6b7a4e8ef7f5fe94476dda25e4c04,2026-02-02T12:29:56.583435,0.07602613235502244,2026-02-02T12:29:56.893920015Z,gateUpInvocation,2026-02-02 12:29:56.897886+00:00,2026-02-02 12:29:56.897933+00:00
7fc6b7a4e8ef7f5fe94476dda25e4c04,2026-02-02T12:29:56.583435,0.07602613235502244,2026-02-02T12:29:56.893920015Z,lightOffInvocation,2026-02-02 12:29:56.897914+00:00,2026-02-02 12:29:56.898002+00:00
7fc6b7a4e8ef7f5fe94476dda25e4c04,2026-02-02T12:29:56.583435,0.07602613235502244,2026-02-02T12:29:56.893920015Z,gateUpInvocation,2026-02-02 12:29:56.898585+00:00,2026-02-02 12:29:56.898647+00:00
7fc6b7a4e8ef7f5fe94476dda25e4c04,2026-02-02T12:29:56.583435,0.07602613235502244,2026-02-02T12:29:56.893920015Z,bellOffInvocation,2026-02-02 12:29:56.898275+00:00,2026-02-02 12:29:56.898345+00:00
c830dd4e3642d00f07800d9c1d4a76ce,2026-02-02T12:25:49.502214,0.034850061002850534,2026-02-02T12:25:49.812863515Z,gateUpInvocation,2026-02-02 12:25:49.819805+00:00,2026-02-02 12:25:49.819860+00:00
c830dd4e3642d00f07800d9c1d4a76ce,2026-02-02T12:25:49.502214,0.034850061002850534,2026-02-02T12:25:49.812863515Z,bellOffInvocation,2026-02-02 12:25:49.819874+00:00,2026-02-02 12:25:49.819934+00:00
c830dd4e3642d00f07800d9c1d4a76ce,2026-02-02T12:25:49.502214,0.034850061002850534,2026-02-02T12:25:49.812863515Z,bellOffInvocation,2026-02-02 12:25:49.822545+00:00,2026-02-02 12:25:49.822591+00:00
c830dd4e3642d00f07800d9c1d4a76ce,2026-02-02T12:25:49.502214,0.034850061002850534,2026-02-02T12:25:49.812863515Z,gateUpInvocation,2026-02-02 12:25:49.818662+00:00,2026-02-02 12:25:49.818711+00:00
c830dd4e3642d00f07800d9c1d4a76ce,2026-02-02T12:25:49.502214,0.034850061002850534,2026-02-02T12:25:49.812863515Z,lightOffInvocation,2026-02-02 12:25:49.818917+00:00,2026-02-02 12:25:49.819006+00:00
c830dd4e3642d00f07800d9c1d4a76ce,2026-02-02T12:25:49.502214,0.034850061002850534,2026-02-02T12:25:49.812863515Z,lightOffInvocation,2026-02-02 12:25:49.818866+00:00,2026-02-02 12:25:49.818913+00:00
79ad3fabb254152e4f6749aed868bb17,2026-02-02T12:25:49.502214,0.03468176226484776,2026-02-02T12:25:48.803093332Z,bellOnInvocation,2026-02-02 12:25:48.819300+00:00,2026-02-02 12:25:48.819462+00:00
79ad3fabb254152e4f6749aed868bb17,2026-02-02T12:25:49.502214,0.03468176226484776,2026-02-02T12:25:48.803093332Z,lightOnInvocation,2026-02-02 12:25:48.815008+00:00,2026-02-02 12:25:48.815192+00:00
79ad3fabb254152e4f6749aed868bb17,2026-02-02T12:25:49.502214,0.03468176226484776,2026-02-02T12:25:48.803093332Z,lightOnAction,2026-02-02 12:25:50.818753+00:00,2026-02-02 12:25:50.818824+00:00
79ad3fabb254152e4f6749aed868bb17,2026-02-02T12:25:49.502214,0.03468176226484776,2026-02-02T12:25:48.803093332Z,gateDownInvocation,2026-02-02 12:25:48.812916+00:00,2026-02-02 12:25:48.813193+00:00
79ad3fabb254152e4f6749aed868bb17,2026-02-02T12:25:49.502214,0.03468176226484776,2026-02-02T12:25:48.803093332Z,lightOnInvocation,2026-02-02 12:25:48.818957+00:00,2026-02-02 12:25:48.819079+00:00
79ad3fabb254152e4f6749aed868bb17,2026-02-02T12:25:49.502214,0.03468176226484776,2026-02-02T12:25:48.803093332Z,gateDownAction,2026-02-02 12:25:50.818462+00:00,2026-02-02 12:25:50.818533+00:00
79ad3fabb254152e4f6749aed868bb17,2026-02-02T12:25:49.502214,0.03468176226484776,2026-02-02T12:25:48.803093332Z,bellOnAction,2026-02-02 12:25:50.821238+00:00,2026-02-02 12:25:50.821304+00:00
79ad3fabb254152e4f6749aed868bb17,2026-02-02T12:25:49.502214,0.03468176226484776,2026-02-02T12:25:48.803093332Z,gateDownInvocation,2026-02-02 12:25:48.817280+00:00,2026-02-02 12:25:48.817511+00:00
79ad3fabb254152e4f6749aed868bb17,2026-02-02T12:25:49.502214,0.03468176226484776,2026-02-02T12:25:48.803093332Z,bellOnInvocation,2026-02-02 12:25:48.816529+00:00,2026-02-02 12:25:48.816682+00:00
79ad3fabb254152e4f6749aed868bb17,2026-02-02T12:25:49.502214,0.03468176226484776,2026-02-02T12:25:48.803093332Z,gateDownAction,2026-02-02 12:25:50.815210+00:00,2026-02-02 12:25:50.815283+00:00
79ad3fabb254152e4f6749aed868bb17,2026-02-02T12:25:49.502214,0.03468176226484776,2026-02-02T12:25:48.803093332Z,lightOnAction,2026-02-02 12:25:50.819881+00:00,2026-02-02 12:25:50.819929+00:00
79ad3fabb254152e4f6749aed868bb17,2026-02-02T12:25:49.502214,0.03468176226484776,2026-02-02T12:25:48.803093332Z,bellOnAction,2026-02-02 12:25:50.818281+00:00,2026-02-02 12:25:50.818382+00:00
c5c5e3eb320bcad4548a754632fe77fc,2026-02-02T12:26:02.460234,0.03701146370947361,2026-02-02T12:26:02.782575815Z,gateUpInvocation,2026-02-02 12:26:02.792251+00:00,2026-02-02 12:26:02.792403+00:00
c5c5e3eb320bcad4548a754632fe77fc,2026-02-02T12:26:02.460234,0.03701146370947361,2026-02-02T12:26:02.782575815Z,lightOffInvocation,2026-02-02 12:26:02.791715+00:00,2026-02-02 12:26:02.791862+00:00
c5c5e3eb320bcad4548a754632fe77fc,2026-02-02T12:26:02.460234,0.03701146370947361,2026-02-02T12:26:02.782575815Z,gateUpInvocation,2026-02-02 12:26:02.791228+00:00,2026-02-02 12:26:02.791364+00:00
c5c5e3eb320bcad4548a754632fe77fc,2026-02-02T12:26:02.460234,0.03701146370947361,2026-02-02T12:26:02.782575815Z,lightOffInvocation,2026-02-02 12:26:02.794997+00:00,2026-02-02 12:26:02.795146+00:00
c5c5e3eb320bcad4548a754632fe77fc,2026-02-02T12:26:02.460234,0.03701146370947361,2026-02-02T12:26:02.782575815Z,bellOffInvocation,2026-02-02 12:26:02.794226+00:00,2026-02-02 12:26:02.794378+00:00
c5c5e3eb320bcad4548a754632fe77fc,2026-02-02T12:26:02.460234,0.03701146370947361,2026-02-02T12:26:02.782575815Z,bellOffInvocation,2026-02-02 12:26:02.801181+00:00,2026-02-02 12:26:02.801290+00:00
d92bf91cd42e5fb04726643caf13473d,2026-02-02T12:24:40.526031,0.02319023829405308,2026-02-02T12:24:39.846951893Z,lightOnInvocation,2026-02-02 12:24:39.859942+00:00,2026-02-02 12:24:39.860087+00:00
d92bf91cd42e5fb04726643caf13473d,2026-02-02T12:24:40.526031,0.02319023829405308,2026-02-02T12:24:39.846951893Z,lightOnInvocation,2026-02-02 12:24:39.858377+00:00,2026-02-02 12:24:39.858567+00:00
d92bf91cd42e5fb04726643caf13473d,2026-02-02T12:24:40.526031,0.02319023829405308,2026-02-02T12:24:39.846951893Z,bellOnInvocation,2026-02-02 12:24:39.861304+00:00,2026-02-02 12:24:39.861413+00:00
d92bf91cd42e5fb04726643caf13473d,2026-02-02T12:24:40.526031,0.02319023829405308,2026-02-02T12:24:39.846951893Z,lightOnAction,2026-02-02 12:24:41.860915+00:00,2026-02-02 12:24:41.861039+00:00
d92bf91cd42e5fb04726643caf13473d,2026-02-02T12:24:40.526031,0.02319023829405308,2026-02-02T12:24:39.846951893Z,bellOnAction,2026-02-02 12:24:41.862601+00:00,2026-02-02 12:24:41.862672+00:00
d92bf91cd42e5fb04726643caf13473d,2026-02-02T12:24:40.526031,0.02319023829405308,2026-02-02T12:24:39.846951893Z,bellOnAction,2026-02-02 12:24:41.862858+00:00,2026-02-02 12:24:41.862945+00:00
d92bf91cd42e5fb04726643caf13473d,2026-02-02T12:24:40.526031,0.02319023829405308,2026-02-02T12:24:39.846951893Z,gateDownInvocation,2026-02-02 12:24:39.857780+00:00,2026-02-02 12:24:39.858036+00:00
d92bf91cd42e5fb04726643caf13473d,2026-02-02T12:24:40.526031,0.02319023829405308,2026-02-02T12:24:39.846951893Z,gateDownAction,2026-02-02 12:24:41.858834+00:00,2026-02-02 12:24:41.858925+00:00
d92bf91cd42e5fb04726643caf13473d,2026-02-02T12:24:40.526031,0.02319023829405308,2026-02-02T12:24:39.846951893Z,lightOnAction,2026-02-02 12:24:41.860511+00:00,2026-02-02 12:24:41.860626+00:00
d92bf91cd42e5fb04726643caf13473d,2026-02-02T12:24:40.526031,0.02319023829405308,2026-02-02T12:24:39.846951893Z,gateDownInvocation,2026-02-02 12:24:39.857097+00:00,2026-02-02 12:24:39.857351+00:00
d92bf91cd42e5fb04726643caf13473d,2026-02-02T12:24:40.526031,0.02319023829405308,2026-02-02T12:24:39.846951893Z,bellOnInvocation,2026-02-02 12:24:39.861655+00:00,2026-02-02 12:24:39.861889+00:00
d92bf91cd42e5fb04726643caf13473d,2026-02-02T12:24:40.526031,0.02319023829405308,2026-02-02T12:24:39.846951893Z,gateDownAction,2026-02-02 12:24:41.858816+00:00,2026-02-02 12:24:41.858905+00:00
4c37c595826e70cfa469d0465cb38bd9,2026-02-02T12:23:14.382168,0.008832345758259297,2026-02-02T12:23:13.690874393Z,lightOnInvocation,2026-02-02 12:23:13.710051+00:00,2026-02-02 12:23:13.710133+00:00
4c37c595826e70cfa469d0465cb38bd9,2026-02-02T12:23:14.382168,0.008832345758259297,2026-02-02T12:23:13.690874393Z,lightOnAction,2026-02-02 12:23:15.710430+00:00,2026-02-02 12:23:15.710509+00:00
4c37c595826e70cfa469d0465cb38bd9,2026-02-02T12:23:14.382168,0.008832345758259297,2026-02-02T12:23:13.690874393Z,bellOnInvocation,2026-02-02 12:23:13.708033+00:00,2026-02-02 12:23:13.708166+00:00
4c37c595826e70cfa469d0465cb38bd9,2026-02-02T12:23:14.382168,0.008832345758259297,2026-02-02T12:23:13.690874393Z,gateDownInvocation,2026-02-02 12:23:13.705667+00:00,2026-02-02 12:23:13.705820+00:00
4c37c595826e70cfa469d0465cb38bd9,2026-02-02T12:23:14.382168,0.008832345758259297,2026-02-02T12:23:13.690874393Z,gateDownInvocation,2026-02-02 12:23:13.707563+00:00,2026-02-02 12:23:13.707737+00:00
4c37c595826e70cfa469d0465cb38bd9,2026-02-02T12:23:14.382168,0.008832345758259297,2026-02-02T12:23:13.690874393Z,bellOnAction,2026-02-02 12:23:15.708550+00:00,2026-02-02 12:23:15.708657+00:00
4c37c595826e70cfa469d0465cb38bd9,2026-02-02T12:23:14.382168,0.008832345758259297,2026-02-02T12:23:13.690874393Z,lightOnAction,2026-02-02 12:23:15.705462+00:00,2026-02-02 12:23:15.705574+00:00
4c37c595826e70cfa469d0465cb38bd9,2026-02-02T12:23:14.382168,0.008832345758259297,2026-02-02T12:23:13.690874393Z,lightOnInvocation,2026-02-02 12:23:13.704681+00:00,2026-02-02 12:23:13.704808+00:00
4c37c595826e70cfa469d0465cb38bd9,2026-02-02T12:23:14.382168,0.008832345758259297,2026-02-02T12:23:13.690874393Z,gateDownAction,2026-02-02 12:23:15.709297+00:00,2026-02-02 12:23:15.709379+00:00
4c37c595826e70cfa469d0465cb38bd9,2026-02-02T12:23:14.382168,0.008832345758259297,2026-02-02T12:23:13.690874393Z,bellOnAction,2026-02-02 12:23:15.711008+00:00,2026-02-02 12:23:15.711140+00:00
4c37c595826e70cfa469d0465cb38bd9,2026-02-02T12:23:14.382168,0.008832345758259297,2026-02-02T12:23:13.690874393Z,bellOnInvocation,2026-02-02 12:23:13.709777+00:00,2026-02-02 12:23:13.709876+00:00
4c37c595826e70cfa469d0465cb38bd9,2026-02-02T12:23:14.382168,0.008832345758259297,2026-02-02T12:23:13.690874393Z,gateDownAction,2026-02-02 12:23:15.708730+00:00,2026-02-02 12:23:15.708854+00:00
b1b125e4b05abf8b32f89b67861b99cd,2026-02-02T12:23:22.995780,0.010433623103702069,2026-02-02T12:23:23.299531924Z,lightOffInvocation,2026-02-02 12:23:23.313092+00:00,2026-02-02 12:23:23.313227+00:00
b1b125e4b05abf8b32f89b67861b99cd,2026-02-02T12:23:22.995780,0.010433623103702069,2026-02-02T12:23:23.299531924Z,bellOffInvocation,2026-02-02 12:23:23.317978+00:00,2026-02-02 12:23:23.318104+00:00
b1b125e4b05abf8b32f89b67861b99cd,2026-02-02T12:23:22.995780,0.010433623103702069,2026-02-02T12:23:23.299531924Z,lightOffInvocation,2026-02-02 12:23:23.311611+00:00,2026-02-02 12:23:23.311753+00:00
b1b125e4b05abf8b32f89b67861b99cd,2026-02-02T12:23:22.995780,0.010433623103702069,2026-02-02T12:23:23.299531924Z,bellOffInvocation,2026-02-02 12:23:23.312262+00:00,2026-02-02 12:23:23.312416+00:00
b1b125e4b05abf8b32f89b67861b99cd,2026-02-02T12:23:22.995780,0.010433623103702069,2026-02-02T12:23:23.299531924Z,gateUpInvocation,2026-02-02 12:23:23.311569+00:00,2026-02-02 12:23:23.311694+00:00
b1b125e4b05abf8b32f89b67861b99cd,2026-02-02T12:23:22.995780,0.010433623103702069,2026-02-02T12:23:23.299531924Z,gateUpInvocation,2026-02-02 12:23:23.310825+00:00,2026-02-02 12:23:23.310945+00:00
e889385ab9e240d9330471a2067f5e26,2026-02-02T12:28:20.981329,0.060096048300492776,2026-02-02T12:28:21.303977331Z,gateUpInvocation,2026-02-02 12:28:21.313504+00:00,2026-02-02 12:28:21.313533+00:00
e889385ab9e240d9330471a2067f5e26,2026-02-02T12:28:20.981329,0.060096048300492776,2026-02-02T12:28:21.303977331Z,bellOffInvocation,2026-02-02 12:28:21.314384+00:00,2026-02-02 12:28:21.314431+00:00
e889385ab9e240d9330471a2067f5e26,2026-02-02T12:28:20.981329,0.060096048300492776,2026-02-02T12:28:21.303977331Z,bellOffInvocation,2026-02-02 12:28:21.312107+00:00,2026-02-02 12:28:21.312151+00:00
e889385ab9e240d9330471a2067f5e26,2026-02-02T12:28:20.981329,0.060096048300492776,2026-02-02T12:28:21.303977331Z,lightOffInvocation,2026-02-02 12:28:21.313922+00:00,2026-02-02 12:28:21.313948+00:00
e889385ab9e240d9330471a2067f5e26,2026-02-02T12:28:20.981329,0.060096048300492776,2026-02-02T12:28:21.303977331Z,lightOffInvocation,2026-02-02 12:28:21.311747+00:00,2026-02-02 12:28:21.311792+00:00
e889385ab9e240d9330471a2067f5e26,2026-02-02T12:28:20.981329,0.060096048300492776,2026-02-02T12:28:21.303977331Z,gateUpInvocation,2026-02-02 12:28:21.311578+00:00,2026-02-02 12:28:21.311679+00:00
c6605578f6773475283bb924fd99dfc8,2026-02-02T12:32:15.692688,0.09904063525048495,2026-02-02T12:32:14.994859584Z,lightOnInvocation,2026-02-02 12:32:14.999554+00:00,2026-02-02 12:32:14.999667+00:00
c6605578f6773475283bb924fd99dfc8,2026-02-02T12:32:15.692688,0.09904063525048495,2026-02-02T12:32:14.994859584Z,lightOnAction,2026-02-02 12:32:17.000841+00:00,2026-02-02 12:32:17.000962+00:00
c6605578f6773475283bb924fd99dfc8,2026-02-02T12:32:15.692688,0.09904063525048495,2026-02-02T12:32:14.994859584Z,bellOnInvocation,2026-02-02 12:32:15.003225+00:00,2026-02-02 12:32:15.003290+00:00
c6605578f6773475283bb924fd99dfc8,2026-02-02T12:32:15.692688,0.09904063525048495,2026-02-02T12:32:14.994859584Z,gateDownInvocation,2026-02-02 12:32:15.001121+00:00,2026-02-02 12:32:15.001249+00:00
c6605578f6773475283bb924fd99dfc8,2026-02-02T12:32:15.692688,0.09904063525048495,2026-02-02T12:32:14.994859584Z,lightOnInvocation,2026-02-02 12:32:14.999871+00:00,2026-02-02 12:32:15.000015+00:00
c6605578f6773475283bb924fd99dfc8,2026-02-02T12:32:15.692688,0.09904063525048495,2026-02-02T12:32:14.994859584Z,gateDownAction,2026-02-02 12:32:17.001297+00:00,2026-02-02 12:32:17.001425+00:00
c6605578f6773475283bb924fd99dfc8,2026-02-02T12:32:15.692688,0.09904063525048495,2026-02-02T12:32:14.994859584Z,gateDownAction,2026-02-02 12:32:17.001337+00:00,2026-02-02 12:32:17.001406+00:00
c6605578f6773475283bb924fd99dfc8,2026-02-02T12:32:15.692688,0.09904063525048495,2026-02-02T12:32:14.994859584Z,bellOnAction,2026-02-02 12:32:17.001109+00:00,2026-02-02 12:32:17.001237+00:00
c6605578f6773475283bb924fd99dfc8,2026-02-02T12:32:15.692688,0.09904063525048495,2026-02-02T12:32:14.994859584Z,gateDownInvocation,2026-02-02 12:32:14.999429+00:00,2026-02-02 12:32:14.999596+00:00
c6605578f6773475283bb924fd99dfc8,2026-02-02T12:32:15.692688,0.09904063525048495,2026-02-02T12:32:14.994859584Z,lightOnAction,2026-02-02 12:32:17.001083+00:00,2026-02-02 12:32:17.001176+00:00
c6605578f6773475283bb924fd99dfc8,2026-02-02T12:32:15.692688,0.09904063525048495,2026-02-02T12:32:14.994859584Z,bellOnAction,2026-02-02 12:32:17.003846+00:00,2026-02-02 12:32:17.004012+00:00
c6605578f6773475283bb924fd99dfc8,2026-02-02T12:32:15.692688,0.09904063525048495,2026-02-02T12:32:14.994859584Z,bellOnInvocation,2026-02-02 12:32:14.999951+00:00,2026-02-02 12:32:15.000070+00:00
384e5880a5eade190a9f64cab11c1188,2026-02-02T12:27:02.927137,0.047084877871787556,2026-02-02T12:27:03.229015777Z,lightOffInvocation,2026-02-02 12:27:03.234881+00:00,2026-02-02 12:27:03.234982+00:00
384e5880a5eade190a9f64cab11c1188,2026-02-02T12:27:02.927137,0.047084877871787556,2026-02-02T12:27:03.229015777Z,lightOffInvocation,2026-02-02 12:27:03.236807+00:00,2026-02-02 12:27:03.236886+00:00
384e5880a5eade190a9f64cab11c1188,2026-02-02T12:27:02.927137,0.047084877871787556,2026-02-02T12:27:03.229015777Z,bellOffInvocation,2026-02-02 12:27:03.238876+00:00,2026-02-02 12:27:03.238927+00:00
384e5880a5eade190a9f64cab11c1188,2026-02-02T12:27:02.927137,0.047084877871787556,2026-02-02T12:27:03.229015777Z,gateUpInvocation,2026-02-02 12:27:03.234445+00:00,2026-02-02 12:27:03.234517+00:00
384e5880a5eade190a9f64cab11c1188,2026-02-02T12:27:02.927137,0.047084877871787556,2026-02-02T12:27:03.229015777Z,gateUpInvocation,2026-02-02 12:27:03.234730+00:00,2026-02-02 12:27:03.234804+00:00
384e5880a5eade190a9f64cab11c1188,2026-02-02T12:27:02.927137,0.047084877871787556,2026-02-02T12:27:03.229015777Z,bellOffInvocation,2026-02-02 12:27:03.236894+00:00,2026-02-02 12:27:03.236987+00:00
55fca9a96078640e5690899cf2d430c4,2026-02-02T12:31:53.942605,0.09558691612879039,2026-02-02T12:31:54.270479848Z,gateUpInvocation,2026-02-02 12:31:54.276932+00:00,2026-02-02 12:31:54.277077+00:00
55fca9a96078640e5690899cf2d430c4,2026-02-02T12:31:53.942605,0.09558691612879039,2026-02-02T12:31:54.270479848Z,gateUpInvocation,2026-02-02 12:31:54.277550+00:00,2026-02-02 12:31:54.277678+00:00
55fca9a96078640e5690899cf2d430c4,2026-02-02T12:31:53.942605,0.09558691612879039,2026-02-02T12:31:54.270479848Z,lightOffInvocation,2026-02-02 12:31:54.276931+00:00,2026-02-02 12:31:54.277073+00:00
55fca9a96078640e5690899cf2d430c4,2026-02-02T12:31:53.942605,0.09558691612879039,2026-02-02T12:31:54.270479848Z,bellOffInvocation,2026-02-02 12:31:54.280368+00:00,2026-02-02 12:31:54.280458+00:00
55fca9a96078640e5690899cf2d430c4,2026-02-02T12:31:53.942605,0.09558691612879039,2026-02-02T12:31:54.270479848Z,bellOffInvocation,2026-02-02 12:31:54.277553+00:00,2026-02-02 12:31:54.277645+00:00
55fca9a96078640e5690899cf2d430c4,2026-02-02T12:31:53.942605,0.09558691612879039,2026-02-02T12:31:54.270479848Z,lightOffInvocation,2026-02-02 12:31:54.279710+00:00,2026-02-02 12:31:54.279843+00:00
d2e26398a9684ff3078a5ffc9c807ea4,2026-02-02T12:28:12.313331,0.058487796995139125,2026-02-02T12:28:11.653410088Z,lightOnAction,2026-02-02 12:28:13.661699+00:00,2026-02-02 12:28:13.661832+00:00
d2e26398a9684ff3078a5ffc9c807ea4,2026-02-02T12:28:12.313331,0.058487796995139125,2026-02-02T12:28:11.653410088Z,lightOnInvocation,2026-02-02 12:28:11.660170+00:00,2026-02-02 12:28:11.660370+00:00
d2e26398a9684ff3078a5ffc9c807ea4,2026-02-02T12:28:12.313331,0.058487796995139125,2026-02-02T12:28:11.653410088Z,gateDownInvocation,2026-02-02 12:28:11.662609+00:00,2026-02-02 12:28:11.662886+00:00
d2e26398a9684ff3078a5ffc9c807ea4,2026-02-02T12:28:12.313331,0.058487796995139125,2026-02-02T12:28:11.653410088Z,bellOnInvocation,2026-02-02 12:28:11.661204+00:00,2026-02-02 12:28:11.661412+00:00
d2e26398a9684ff3078a5ffc9c807ea4,2026-02-02T12:28:12.313331,0.058487796995139125,2026-02-02T12:28:11.653410088Z,gateDownInvocation,2026-02-02 12:28:11.660027+00:00,2026-02-02 12:28:11.660325+00:00
d2e26398a9684ff3078a5ffc9c807ea4,2026-02-02T12:28:12.313331,0.058487796995139125,2026-02-02T12:28:11.653410088Z,lightOnInvocation,2026-02-02 12:28:11.660570+00:00,2026-02-02 12:28:11.660786+00:00
d2e26398a9684ff3078a5ffc9c807ea4,2026-02-02T12:28:12.313331,0.058487796995139125,2026-02-02T12:28:11.653410088Z,bellOnInvocation,2026-02-02 12:28:11.662569+00:00,2026-02-02 12:28:11.662735+00:00
d2e26398a9684ff3078a5ffc9c807ea4,2026-02-02T12:28:12.313331,0.058487796995139125,2026-02-02T12:28:11.653410088Z,bellOnAction,2026-02-02 12:28:13.663081+00:00,2026-02-02 12:28:13.663203+00:00
d2e26398a9684ff3078a5ffc9c807ea4,2026-02-02T12:28:12.313331,0.058487796995139125,2026-02-02T12:28:11.653410088Z,gateDownAction,2026-02-02 12:28:13.663440+00:00,2026-02-02 12:28:13.663521+00:00
d2e26398a9684ff3078a5ffc9c807ea4,2026-02-02T12:28:12.313331,0.058487796995139125,2026-02-02T12:28:11.653410088Z,bellOnAction,2026-02-02 12:28:13.664263+00:00,2026-02-02 12:28:13.664354+00:00
d2e26398a9684ff3078a5ffc9c807ea4,2026-02-02T12:28:12.313331,0.058487796995139125,2026-02-02T12:28:11.653410088Z,gateDownAction,2026-02-02 12:28:13.661784+00:00,2026-02-02 12:28:13.661872+00:00
d2e26398a9684ff3078a5ffc9c807ea4,2026-02-02T12:28:12.313331,0.058487796995139125,2026-02-02T12:28:11.653410088Z,lightOnAction,2026-02-02 12:28:13.662090+00:00,2026-02-02 12:28:13.662186+00:00
35f52ae1ca6a44fa83a32efa112adea2,2026-02-02T12:29:30.490340,0.07168669429988862,2026-02-02T12:29:30.854788143Z,bellOffInvocation,2026-02-02 12:29:30.861312+00:00,2026-02-02 12:29:30.861361+00:00
35f52ae1ca6a44fa83a32efa112adea2,2026-02-02T12:29:30.490340,0.07168669429988862,2026-02-02T12:29:30.854788143Z,gateUpInvocation,2026-02-02 12:29:30.860797+00:00,2026-02-02 12:29:30.860849+00:00
35f52ae1ca6a44fa83a32efa112adea2,2026-02-02T12:29:30.490340,0.07168669429988862,2026-02-02T12:29:30.854788143Z,gateUpInvocation,2026-02-02 12:29:30.861057+00:00,2026-02-02 12:29:30.861106+00:00
35f52ae1ca6a44fa83a32efa112adea2,2026-02-02T12:29:30.490340,0.07168669429988862,2026-02-02T12:29:30.854788143Z,lightOffInvocation,2026-02-02 12:29:30.860799+00:00,2026-02-02 12:29:30.860851+00:00
35f52ae1ca6a44fa83a32efa112adea2,2026-02-02T12:29:30.490340,0.07168669429988862,2026-02-02T12:29:30.854788143Z,bellOffInvocation,2026-02-02 12:29:30.862188+00:00,2026-02-02 12:29:30.862238+00:00
35f52ae1ca6a44fa83a32efa112adea2,2026-02-02T12:29:30.490340,0.07168669429988862,2026-02-02T12:29:30.854788143Z,lightOffInvocation,2026-02-02 12:29:30.861786+00:00,2026-02-02 12:29:30.861826+00:00
78f3236324ffa1181d22b29bf07fe624,2026-02-02T12:29:43.525251,0.0736901174628377,2026-02-02T12:29:42.876538398Z,bellOnAction,2026-02-02 12:29:44.889189+00:00,2026-02-02 12:29:44.889281+00:00
78f3236324ffa1181d22b29bf07fe624,2026-02-02T12:29:43.525251,0.0736901174628377,2026-02-02T12:29:42.876538398Z,lightOnInvocation,2026-02-02 12:29:42.886199+00:00,2026-02-02 12:29:42.886427+00:00
78f3236324ffa1181d22b29bf07fe624,2026-02-02T12:29:43.525251,0.0736901174628377,2026-02-02T12:29:42.876538398Z,lightOnAction,2026-02-02 12:29:44.886154+00:00,2026-02-02 12:29:44.886247+00:00
78f3236324ffa1181d22b29bf07fe624,2026-02-02T12:29:43.525251,0.0736901174628377,2026-02-02T12:29:42.876538398Z,bellOnInvocation,2026-02-02 12:29:42.889736+00:00,2026-02-02 12:29:42.889868+00:00
78f3236324ffa1181d22b29bf07fe624,2026-02-02T12:29:43.525251,0.0736901174628377,2026-02-02T12:29:42.876538398Z,bellOnAction,2026-02-02 12:29:44.890746+00:00,2026-02-02 12:29:44.890824+00:00
78f3236324ffa1181d22b29bf07fe624,2026-02-02T12:29:43.525251,0.0736901174628377,2026-02-02T12:29:42.876538398Z,gateDownInvocation,2026-02-02 12:29:42.888254+00:00,2026-02-02 12:29:42.888555+00:00
78f3236324ffa1181d22b29bf07fe624,2026-02-02T12:29:43.525251,0.0736901174628377,2026-02-02T12:29:42.876538398Z,gateDownAction,2026-02-02 12:29:44.886229+00:00,2026-02-02 12:29:44.886320+00:00
78f3236324ffa1181d22b29bf07fe624,2026-02-02T12:29:43.525251,0.0736901174628377,2026-02-02T12:29:42.876538398Z,bellOnInvocation,2026-02-02 12:29:42.887415+00:00,2026-02-02 12:29:42.887644+00:00
78f3236324ffa1181d22b29bf07fe624,2026-02-02T12:29:43.525251,0.0736901174628377,2026-02-02T12:29:42.876538398Z,gateDownAction,2026-02-02 12:29:44.890180+00:00,2026-02-02 12:29:44.890258+00:00
78f3236324ffa1181d22b29bf07fe624,2026-02-02T12:29:43.525251,0.0736901174628377,2026-02-02T12:29:42.876538398Z,lightOnAction,2026-02-02 12:29:44.887519+00:00,2026-02-02 12:29:44.887609+00:00
78f3236324ffa1181d22b29bf07fe624,2026-02-02T12:29:43.525251,0.0736901174628377,2026-02-02T12:29:42.876538398Z,lightOnInvocation,2026-02-02 12:29:42.884154+00:00,2026-02-02 12:29:42.884374+00:00
78f3236324ffa1181d22b29bf07fe624,2026-02-02T12:29:43.525251,0.0736901174628377,2026-02-02T12:29:42.876538398Z,gateDownInvocation,2026-02-02 12:29:42.883948+00:00,2026-02-02 12:29:42.884305+00:00
b6e5da3e20061f2638763ff15db7d9d1,2026-02-02T12:30:05.277226,0.0773118796044469,2026-02-02T12:30:04.609318169Z,bellOnInvocation,2026-02-02 12:30:04.617110+00:00,2026-02-02 12:30:04.617262+00:00
b6e5da3e20061f2638763ff15db7d9d1,2026-02-02T12:30:05.277226,0.0773118796044469,2026-02-02T12:30:04.609318169Z,gateDownAction,2026-02-02 12:30:06.619336+00:00,2026-02-02 12:30:06.619438+00:00
b6e5da3e20061f2638763ff15db7d9d1,2026-02-02T12:30:05.277226,0.0773118796044469,2026-02-02T12:30:04.609318169Z,lightOnAction,2026-02-02 12:30:06.617735+00:00,2026-02-02 12:30:06.617820+00:00
b6e5da3e20061f2638763ff15db7d9d1,2026-02-02T12:30:05.277226,0.0773118796044469,2026-02-02T12:30:04.609318169Z,bellOnInvocation,2026-02-02 12:30:04.619245+00:00,2026-02-02 12:30:04.619385+00:00
b6e5da3e20061f2638763ff15db7d9d1,2026-02-02T12:30:05.277226,0.0773118796044469,2026-02-02T12:30:04.609318169Z,lightOnInvocation,2026-02-02 12:30:04.616749+00:00,2026-02-02 12:30:04.616930+00:00
b6e5da3e20061f2638763ff15db7d9d1,2026-02-02T12:30:05.277226,0.0773118796044469,2026-02-02T12:30:04.609318169Z,gateDownInvocation,2026-02-02 12:30:04.618687+00:00,2026-02-02 12:30:04.618925+00:00
b6e5da3e20061f2638763ff15db7d9d1,2026-02-02T12:30:05.277226,0.0773118796044469,2026-02-02T12:30:04.609318169Z,lightOnInvocation,2026-02-02 12:30:04.616675+00:00,2026-02-02 12:30:04.616857+00:00
b6e5da3e20061f2638763ff15db7d9d1,2026-02-02T12:30:05.277226,0.0773118796044469,2026-02-02T12:30:04.609318169Z,bellOnAction,2026-02-02 12:30:06.621015+00:00,2026-02-02 12:30:06.621090+00:00
b6e5da3e20061f2638763ff15db7d9d1,2026-02-02T12:30:05.277226,0.0773118796044469,2026-02-02T12:30:04.609318169Z,lightOnAction,2026-02-02 12:30:06.617856+00:00,2026-02-02 12:30:06.618029+00:00
b6e5da3e20061f2638763ff15db7d9d1,2026-02-02T12:30:05.277226,0.0773118796044469,2026-02-02T12:30:04.609318169Z,gateDownAction,2026-02-02 12:30:06.618815+00:00,2026-02-02 12:30:06.618899+00:00
b6e5da3e20061f2638763ff15db7d9d1,2026-02-02T12:30:05.277226,0.0773118796044469,2026-02-02T12:30:04.609318169Z,bellOnAction,2026-02-02 12:30:06.619283+00:00,2026-02-02 12:30:06.619402+00:00
b6e5da3e20061f2638763ff15db7d9d1,2026-02-02T12:30:05.277226,0.0773118796044469,2026-02-02T12:30:04.609318169Z,gateDownInvocation,2026-02-02 12:30:04.616860+00:00,2026-02-02 12:30:04.617183+00:00
829bad820c4493a5c08e3369ef9dbbde,2026-02-02T12:31:19.123093,0.08979104929109813,2026-02-02T12:31:19.491771938Z,bellOffInvocation,2026-02-02 12:31:19.498770+00:00,2026-02-02 12:31:19.498789+00:00
829bad820c4493a5c08e3369ef9dbbde,2026-02-02T12:31:19.123093,0.08979104929109813,2026-02-02T12:31:19.491771938Z,gateUpInvocation,2026-02-02 12:31:19.498009+00:00,2026-02-02 12:31:19.498052+00:00
829bad820c4493a5c08e3369ef9dbbde,2026-02-02T12:31:19.123093,0.08979104929109813,2026-02-02T12:31:19.491771938Z,bellOffInvocation,2026-02-02 12:31:19.498168+00:00,2026-02-02 12:31:19.498211+00:00
829bad820c4493a5c08e3369ef9dbbde,2026-02-02T12:31:19.123093,0.08979104929109813,2026-02-02T12:31:19.491771938Z,lightOffInvocation,2026-02-02 12:31:19.498651+00:00,2026-02-02 12:31:19.498690+00:00
829bad820c4493a5c08e3369ef9dbbde,2026-02-02T12:31:19.123093,0.08979104929109813,2026-02-02T12:31:19.491771938Z,lightOffInvocation,2026-02-02 12:31:19.497903+00:00,2026-02-02 12:31:19.497941+00:00
829bad820c4493a5c08e3369ef9dbbde,2026-02-02T12:31:19.123093,0.08979104929109813,2026-02-02T12:31:19.491771938Z,gateUpInvocation,2026-02-02 12:31:19.498125+00:00,2026-02-02 12:31:19.498167+00:00
900ba4759df6c3b849eb6bfd162caea8,2026-02-02T12:25:27.945533,0.03109119467059374,2026-02-02T12:25:27.257430721Z,lightOnInvocation,2026-02-02 12:25:27.269693+00:00,2026-02-02 12:25:27.269908+00:00
900ba4759df6c3b849eb6bfd162caea8,2026-02-02T12:25:27.945533,0.03109119467059374,2026-02-02T12:25:27.257430721Z,gateDownAction,2026-02-02 12:25:29.268828+00:00,2026-02-02 12:25:29.268909+00:00
900ba4759df6c3b849eb6bfd162caea8,2026-02-02T12:25:27.945533,0.03109119467059374,2026-02-02T12:25:27.257430721Z,lightOnAction,2026-02-02 12:25:29.270422+00:00,2026-02-02 12:25:29.270493+00:00
900ba4759df6c3b849eb6bfd162caea8,2026-02-02T12:25:27.945533,0.03109119467059374,2026-02-02T12:25:27.257430721Z,lightOnInvocation,2026-02-02 12:25:27.268534+00:00,2026-02-02 12:25:27.268728+00:00
900ba4759df6c3b849eb6bfd162caea8,2026-02-02T12:25:27.945533,0.03109119467059374,2026-02-02T12:25:27.257430721Z,bellOnInvocation,2026-02-02 12:25:27.270688+00:00,2026-02-02 12:25:27.270861+00:00
900ba4759df6c3b849eb6bfd162caea8,2026-02-02T12:25:27.945533,0.03109119467059374,2026-02-02T12:25:27.257430721Z,gateDownAction,2026-02-02 12:25:29.270179+00:00,2026-02-02 12:25:29.270284+00:00
900ba4759df6c3b849eb6bfd162caea8,2026-02-02T12:25:27.945533,0.03109119467059374,2026-02-02T12:25:27.257430721Z,bellOnAction,2026-02-02 12:25:29.271501+00:00,2026-02-02 12:25:29.271569+00:00
900ba4759df6c3b849eb6bfd162caea8,2026-02-02T12:25:27.945533,0.03109119467059374,2026-02-02T12:25:27.257430721Z,gateDownInvocation,2026-02-02 12:25:27.266624+00:00,2026-02-02 12:25:27.266974+00:00
900ba4759df6c3b849eb6bfd162caea8,2026-02-02T12:25:27.945533,0.03109119467059374,2026-02-02T12:25:27.257430721Z,gateDownInvocation,2026-02-02 12:25:27.268070+00:00,2026-02-02 12:25:27.268314+00:00
900ba4759df6c3b849eb6bfd162caea8,2026-02-02T12:25:27.945533,0.03109119467059374,2026-02-02T12:25:27.257430721Z,lightOnAction,2026-02-02 12:25:29.269922+00:00,2026-02-02 12:25:29.270026+00:00
900ba4759df6c3b849eb6bfd162caea8,2026-02-02T12:25:27.945533,0.03109119467059374,2026-02-02T12:25:27.257430721Z,bellOnInvocation,2026-02-02 12:25:27.275631+00:00,2026-02-02 12:25:27.275763+00:00
900ba4759df6c3b849eb6bfd162caea8,2026-02-02T12:25:27.945533,0.03109119467059374,2026-02-02T12:25:27.257430721Z,bellOnAction,2026-02-02 12:25:29.277175+00:00,2026-02-02 12:25:29.277286+00:00
51385bfb4fbc154ce17c0dc828a93ff2,2026-02-02T12:25:15.023219,0.02893901490010023,2026-02-02T12:25:14.343009865Z,lightOnInvocation,2026-02-02 12:25:14.351793+00:00,2026-02-02 12:25:14.352009+00:00
51385bfb4fbc154ce17c0dc828a93ff2,2026-02-02T12:25:15.023219,0.02893901490010023,2026-02-02T12:25:14.343009865Z,bellOnAction,2026-02-02 12:25:16.357191+00:00,2026-02-02 12:25:16.357274+00:00
51385bfb4fbc154ce17c0dc828a93ff2,2026-02-02T12:25:15.023219,0.02893901490010023,2026-02-02T12:25:14.343009865Z,lightOnAction,2026-02-02 12:25:16.355881+00:00,2026-02-02 12:25:16.355950+00:00
51385bfb4fbc154ce17c0dc828a93ff2,2026-02-02T12:25:15.023219,0.02893901490010023,2026-02-02T12:25:14.343009865Z,lightOnAction,2026-02-02 12:25:16.352433+00:00,2026-02-02 12:25:16.352517+00:00
51385bfb4fbc154ce17c0dc828a93ff2,2026-02-02T12:25:15.023219,0.02893901490010023,2026-02-02T12:25:14.343009865Z,lightOnInvocation,2026-02-02 12:25:14.354464+00:00,2026-02-02 12:25:14.354646+00:00
51385bfb4fbc154ce17c0dc828a93ff2,2026-02-02T12:25:15.023219,0.02893901490010023,2026-02-02T12:25:14.343009865Z,gateDownAction,2026-02-02 12:25:16.354110+00:00,2026-02-02 12:25:16.354192+00:00
51385bfb4fbc154ce17c0dc828a93ff2,2026-02-02T12:25:15.023219,0.02893901490010023,2026-02-02T12:25:14.343009865Z,bellOnInvocation,2026-02-02 12:25:14.355676+00:00,2026-02-02 12:25:14.355818+00:00
51385bfb4fbc154ce17c0dc828a93ff2,2026-02-02T12:25:15.023219,0.02893901490010023,2026-02-02T12:25:14.343009865Z,gateDownInvocation,2026-02-02 12:25:14.352405+00:00,2026-02-02 12:25:14.352761+00:00
51385bfb4fbc154ce17c0dc828a93ff2,2026-02-02T12:25:15.023219,0.02893901490010023,2026-02-02T12:25:14.343009865Z,bellOnInvocation,2026-02-02 12:25:14.355153+00:00,2026-02-02 12:25:14.355356+00:00
51385bfb4fbc154ce17c0dc828a93ff2,2026-02-02T12:25:15.023219,0.02893901490010023,2026-02-02T12:25:14.343009865Z,gateDownInvocation,2026-02-02 12:25:14.351557+00:00,2026-02-02 12:25:14.352005+00:00
51385bfb4fbc154ce17c0dc828a93ff2,2026-02-02T12:25:15.023219,0.02893901490010023,2026-02-02T12:25:14.343009865Z,bellOnAction,2026-02-02 12:25:16.356662+00:00,2026-02-02 12:25:16.356730+00:00
51385bfb4fbc154ce17c0dc828a93ff2,2026-02-02T12:25:15.023219,0.02893901490010023,2026-02-02T12:25:14.343009865Z,gateDownAction,2026-02-02 12:25:16.353331+00:00,2026-02-02 12:25:16.353414+00:00
8bc0c7966afdc99d00f892ad71811685,2026-02-02T12:31:49.615065,0.09470218311651946,2026-02-02T12:31:48.961532883Z,lightOnAction,2026-02-02 12:31:50.971353+00:00,2026-02-02 12:31:50.971385+00:00
8bc0c7966afdc99d00f892ad71811685,2026-02-02T12:31:49.615065,0.09470218311651946,2026-02-02T12:31:48.961532883Z,gateDownInvocation,2026-02-02 12:31:48.968990+00:00,2026-02-02 12:31:48.969186+00:00
8bc0c7966afdc99d00f892ad71811685,2026-02-02T12:31:49.615065,0.09470218311651946,2026-02-02T12:31:48.961532883Z,lightOnInvocation,2026-02-02 12:31:48.970015+00:00,2026-02-02 12:31:48.970155+00:00
8bc0c7966afdc99d00f892ad71811685,2026-02-02T12:31:49.615065,0.09470218311651946,2026-02-02T12:31:48.961532883Z,gateDownAction,2026-02-02 12:31:50.971155+00:00,2026-02-02 12:31:50.971192+00:00
8bc0c7966afdc99d00f892ad71811685,2026-02-02T12:31:49.615065,0.09470218311651946,2026-02-02T12:31:48.961532883Z,bellOnInvocation,2026-02-02 12:31:48.969156+00:00,2026-02-02 12:31:48.969301+00:00
8bc0c7966afdc99d00f892ad71811685,2026-02-02T12:31:49.615065,0.09470218311651946,2026-02-02T12:31:48.961532883Z,lightOnInvocation,2026-02-02 12:31:48.970840+00:00,2026-02-02 12:31:48.970980+00:00
8bc0c7966afdc99d00f892ad71811685,2026-02-02T12:31:49.615065,0.09470218311651946,2026-02-02T12:31:48.961532883Z,gateDownAction,2026-02-02 12:31:50.970214+00:00,2026-02-02 12:31:50.970284+00:00
8bc0c7966afdc99d00f892ad71811685,2026-02-02T12:31:49.615065,0.09470218311651946,2026-02-02T12:31:48.961532883Z,bellOnAction,2026-02-02 12:31:50.970216+00:00,2026-02-02 12:31:50.970285+00:00
8bc0c7966afdc99d00f892ad71811685,2026-02-02T12:31:49.615065,0.09470218311651946,2026-02-02T12:31:48.961532883Z,bellOnAction,2026-02-02 12:31:50.971607+00:00,2026-02-02 12:31:50.971647+00:00
8bc0c7966afdc99d00f892ad71811685,2026-02-02T12:31:49.615065,0.09470218311651946,2026-02-02T12:31:48.961532883Z,lightOnAction,2026-02-02 12:31:50.971196+00:00,2026-02-02 12:31:50.971247+00:00
8bc0c7966afdc99d00f892ad71811685,2026-02-02T12:31:49.615065,0.09470218311651946,2026-02-02T12:31:48.961532883Z,gateDownInvocation,2026-02-02 12:31:48.969495+00:00,2026-02-02 12:31:48.969714+00:00
8bc0c7966afdc99d00f892ad71811685,2026-02-02T12:31:49.615065,0.09470218311651946,2026-02-02T12:31:48.961532883Z,bellOnInvocation,2026-02-02 12:31:48.970583+00:00,2026-02-02 12:31:48.970715+00:00
ea3c6291cc26f08616798a0959206b1f,2026-02-02T12:26:28.368380,0.04115956571143866,2026-02-02T12:26:27.673728612Z,lightOnInvocation,2026-02-02 12:26:27.686023+00:00,2026-02-02 12:26:27.686173+00:00
ea3c6291cc26f08616798a0959206b1f,2026-02-02T12:26:28.368380,0.04115956571143866,2026-02-02T12:26:27.673728612Z,gateDownAction,2026-02-02 12:26:29.684403+00:00,2026-02-02 12:26:29.684542+00:00
ea3c6291cc26f08616798a0959206b1f,2026-02-02T12:26:28.368380,0.04115956571143866,2026-02-02T12:26:27.673728612Z,bellOnInvocation,2026-02-02 12:26:27.684719+00:00,2026-02-02 12:26:27.684913+00:00
ea3c6291cc26f08616798a0959206b1f,2026-02-02T12:26:28.368380,0.04115956571143866,2026-02-02T12:26:27.673728612Z,gateDownAction,2026-02-02 12:26:29.684371+00:00,2026-02-02 12:26:29.684469+00:00
ea3c6291cc26f08616798a0959206b1f,2026-02-02T12:26:28.368380,0.04115956571143866,2026-02-02T12:26:27.673728612Z,lightOnAction,2026-02-02 12:26:29.684271+00:00,2026-02-02 12:26:29.684366+00:00
ea3c6291cc26f08616798a0959206b1f,2026-02-02T12:26:28.368380,0.04115956571143866,2026-02-02T12:26:27.673728612Z,gateDownInvocation,2026-02-02 12:26:27.683422+00:00,2026-02-02 12:26:27.683795+00:00
ea3c6291cc26f08616798a0959206b1f,2026-02-02T12:26:28.368380,0.04115956571143866,2026-02-02T12:26:27.673728612Z,bellOnInvocation,2026-02-02 12:26:27.685312+00:00,2026-02-02 12:26:27.685462+00:00
ea3c6291cc26f08616798a0959206b1f,2026-02-02T12:26:28.368380,0.04115956571143866,2026-02-02T12:26:27.673728612Z,lightOnInvocation,2026-02-02 12:26:27.682802+00:00,2026-02-02 12:26:27.683007+00:00
ea3c6291cc26f08616798a0959206b1f,2026-02-02T12:26:28.368380,0.04115956571143866,2026-02-02T12:26:27.673728612Z,bellOnAction,2026-02-02 12:26:29.687216+00:00,2026-02-02 12:26:29.687298+00:00
ea3c6291cc26f08616798a0959206b1f,2026-02-02T12:26:28.368380,0.04115956571143866,2026-02-02T12:26:27.673728612Z,bellOnAction,2026-02-02 12:26:29.686255+00:00,2026-02-02 12:26:29.686348+00:00
ea3c6291cc26f08616798a0959206b1f,2026-02-02T12:26:28.368380,0.04115956571143866,2026-02-02T12:26:27.673728612Z,gateDownInvocation,2026-02-02 12:26:27.682836+00:00,2026-02-02 12:26:27.683146+00:00
ea3c6291cc26f08616798a0959206b1f,2026-02-02T12:26:28.368380,0.04115956571143866,2026-02-02T12:26:27.673728612Z,lightOnAction,2026-02-02 12:26:29.688043+00:00,2026-02-02 12:26:29.688127+00:00
8f4a966d66906da2c2d0722239fb161c,2026-02-02T12:25:23.639237,0.030371892547369005,2026-02-02T12:25:22.941238127Z,lightOnAction,2026-02-02 12:25:24.951595+00:00,2026-02-02 12:25:24.951682+00:00
8f4a966d66906da2c2d0722239fb161c,2026-02-02T12:25:23.639237,0.030371892547369005,2026-02-02T12:25:22.941238127Z,bellOnAction,2026-02-02 12:25:24.956172+00:00,2026-02-02 12:25:24.956260+00:00
8f4a966d66906da2c2d0722239fb161c,2026-02-02T12:25:23.639237,0.030371892547369005,2026-02-02T12:25:22.941238127Z,gateDownAction,2026-02-02 12:25:24.952397+00:00,2026-02-02 12:25:24.952484+00:00
8f4a966d66906da2c2d0722239fb161c,2026-02-02T12:25:23.639237,0.030371892547369005,2026-02-02T12:25:22.941238127Z,lightOnInvocation,2026-02-02 12:25:22.949948+00:00,2026-02-02 12:25:22.950084+00:00
8f4a966d66906da2c2d0722239fb161c,2026-02-02T12:25:23.639237,0.030371892547369005,2026-02-02T12:25:22.941238127Z,lightOnInvocation,2026-02-02 12:25:22.949786+00:00,2026-02-02 12:25:22.949942+00:00
8f4a966d66906da2c2d0722239fb161c,2026-02-02T12:25:23.639237,0.030371892547369005,2026-02-02T12:25:22.941238127Z,bellOnInvocation,2026-02-02 12:25:22.953606+00:00,2026-02-02 12:25:22.953729+00:00
8f4a966d66906da2c2d0722239fb161c,2026-02-02T12:25:23.639237,0.030371892547369005,2026-02-02T12:25:22.941238127Z,gateDownInvocation,2026-02-02 12:25:22.951444+00:00,2026-02-02 12:25:22.951643+00:00
8f4a966d66906da2c2d0722239fb161c,2026-02-02T12:25:23.639237,0.030371892547369005,2026-02-02T12:25:22.941238127Z,gateDownInvocation,2026-02-02 12:25:22.950626+00:00,2026-02-02 12:25:22.950813+00:00
8f4a966d66906da2c2d0722239fb161c,2026-02-02T12:25:23.639237,0.030371892547369005,2026-02-02T12:25:22.941238127Z,gateDownAction,2026-02-02 12:25:24.953661+00:00,2026-02-02 12:25:24.953730+00:00
8f4a966d66906da2c2d0722239fb161c,2026-02-02T12:25:23.639237,0.030371892547369005,2026-02-02T12:25:22.941238127Z,bellOnAction,2026-02-02 12:25:24.954059+00:00,2026-02-02 12:25:24.954162+00:00
8f4a966d66906da2c2d0722239fb161c,2026-02-02T12:25:23.639237,0.030371892547369005,2026-02-02T12:25:22.941238127Z,bellOnInvocation,2026-02-02 12:25:22.951858+00:00,2026-02-02 12:25:22.951988+00:00
8f4a966d66906da2c2d0722239fb161c,2026-02-02T12:25:23.639237,0.030371892547369005,2026-02-02T12:25:22.941238127Z,lightOnAction,2026-02-02 12:25:24.952162+00:00,2026-02-02 12:25:24.952241+00:00
9f221f7561ac74439a7e0d1e5b48a94c,2026-02-02T12:26:49.968486,0.044925579674172406,2026-02-02T12:26:50.272159534Z,lightOffInvocation,2026-02-02 12:26:50.281376+00:00,2026-02-02 12:26:50.281420+00:00
9f221f7561ac74439a7e0d1e5b48a94c,2026-02-02T12:26:49.968486,0.044925579674172406,2026-02-02T12:26:50.272159534Z,bellOffInvocation,2026-02-02 12:26:50.283056+00:00,2026-02-02 12:26:50.283087+00:00
9f221f7561ac74439a7e0d1e5b48a94c,2026-02-02T12:26:49.968486,0.044925579674172406,2026-02-02T12:26:50.272159534Z,bellOffInvocation,2026-02-02 12:26:50.282337+00:00,2026-02-02 12:26:50.282379+00:00
9f221f7561ac74439a7e0d1e5b48a94c,2026-02-02T12:26:49.968486,0.044925579674172406,2026-02-02T12:26:50.272159534Z,lightOffInvocation,2026-02-02 12:26:50.285376+00:00,2026-02-02 12:26:50.285422+00:00
9f221f7561ac74439a7e0d1e5b48a94c,2026-02-02T12:26:49.968486,0.044925579674172406,2026-02-02T12:26:50.272159534Z,gateUpInvocation,2026-02-02 12:26:50.281384+00:00,2026-02-02 12:26:50.281426+00:00
9f221f7561ac74439a7e0d1e5b48a94c,2026-02-02T12:26:49.968486,0.044925579674172406,2026-02-02T12:26:50.272159534Z,gateUpInvocation,2026-02-02 12:26:50.284570+00:00,2026-02-02 12:26:50.284611+00:00
240092e5710725af140b0ae0eb5c8392,2026-02-02T12:30:31.376677,0.08182699308567047,2026-02-02T12:30:31.702615946Z,lightOffInvocation,2026-02-02 12:30:31.707244+00:00,2026-02-02 12:30:31.707347+00:00
240092e5710725af140b0ae0eb5c8392,2026-02-02T12:30:31.376677,0.08182699308567047,2026-02-02T12:30:31.702615946Z,gateUpInvocation,2026-02-02 12:30:31.707746+00:00,2026-02-02 12:30:31.707825+00:00
240092e5710725af140b0ae0eb5c8392,2026-02-02T12:30:31.376677,0.08182699308567047,2026-02-02T12:30:31.702615946Z,bellOffInvocation,2026-02-02 12:30:31.709756+00:00,2026-02-02 12:30:31.709821+00:00
240092e5710725af140b0ae0eb5c8392,2026-02-02T12:30:31.376677,0.08182699308567047,2026-02-02T12:30:31.702615946Z,bellOffInvocation,2026-02-02 12:30:31.708044+00:00,2026-02-02 12:30:31.708169+00:00
240092e5710725af140b0ae0eb5c8392,2026-02-02T12:30:31.376677,0.08182699308567047,2026-02-02T12:30:31.702615946Z,lightOffInvocation,2026-02-02 12:30:31.709145+00:00,2026-02-02 12:30:31.709249+00:00
240092e5710725af140b0ae0eb5c8392,2026-02-02T12:30:31.376677,0.08182699308567047,2026-02-02T12:30:31.702615946Z,gateUpInvocation,2026-02-02 12:30:31.707245+00:00,2026-02-02 12:30:31.707364+00:00
95c4ee8b92d51fe833fe04198fe9d5b8,2026-02-02T12:26:06.773130,0.037726663536059864,2026-02-02T12:26:07.074297269Z,lightOffInvocation,2026-02-02 12:26:07.083531+00:00,2026-02-02 12:26:07.083656+00:00
95c4ee8b92d51fe833fe04198fe9d5b8,2026-02-02T12:26:06.773130,0.037726663536059864,2026-02-02T12:26:07.074297269Z,bellOffInvocation,2026-02-02 12:26:07.087366+00:00,2026-02-02 12:26:07.087475+00:00
95c4ee8b92d51fe833fe04198fe9d5b8,2026-02-02T12:26:06.773130,0.037726663536059864,2026-02-02T12:26:07.074297269Z,gateUpInvocation,2026-02-02 12:26:07.085418+00:00,2026-02-02 12:26:07.085509+00:00
95c4ee8b92d51fe833fe04198fe9d5b8,2026-02-02T12:26:06.773130,0.037726663536059864,2026-02-02T12:26:07.074297269Z,bellOffInvocation,2026-02-02 12:26:07.085527+00:00,2026-02-02 12:26:07.085613+00:00
95c4ee8b92d51fe833fe04198fe9d5b8,2026-02-02T12:26:06.773130,0.037726663536059864,2026-02-02T12:26:07.074297269Z,lightOffInvocation,2026-02-02 12:26:07.083124+00:00,2026-02-02 12:26:07.083258+00:00
95c4ee8b92d51fe833fe04198fe9d5b8,2026-02-02T12:26:06.773130,0.037726663536059864,2026-02-02T12:26:07.074297269Z,gateUpInvocation,2026-02-02 12:26:07.083278+00:00,2026-02-02 12:26:07.083426+00:00
6283075c65cea252232706f09e9d4d3b,2026-02-02T12:22:35.657598,0.002377770263159275,2026-02-02T12:22:34.959542447Z,lightOnAction,2026-02-02 12:22:36.972533+00:00,2026-02-02 12:22:36.972620+00:00
6283075c65cea252232706f09e9d4d3b,2026-02-02T12:22:35.657598,0.002377770263159275,2026-02-02T12:22:34.959542447Z,bellOnInvocation,2026-02-02 12:22:34.976520+00:00,2026-02-02 12:22:34.976604+00:00
6283075c65cea252232706f09e9d4d3b,2026-02-02T12:22:35.657598,0.002377770263159275,2026-02-02T12:22:34.959542447Z,gateDownAction,2026-02-02 12:22:36.972966+00:00,2026-02-02 12:22:36.973078+00:00
6283075c65cea252232706f09e9d4d3b,2026-02-02T12:22:35.657598,0.002377770263159275,2026-02-02T12:22:34.959542447Z,gateDownAction,2026-02-02 12:22:36.974134+00:00,2026-02-02 12:22:36.974225+00:00
6283075c65cea252232706f09e9d4d3b,2026-02-02T12:22:35.657598,0.002377770263159275,2026-02-02T12:22:34.959542447Z,bellOnAction,2026-02-02 12:22:36.977378+00:00,2026-02-02 12:22:36.977469+00:00
6283075c65cea252232706f09e9d4d3b,2026-02-02T12:22:35.657598,0.002377770263159275,2026-02-02T12:22:34.959542447Z,lightOnAction,2026-02-02 12:22:36.970537+00:00,2026-02-02 12:22:36.970631+00:00
6283075c65cea252232706f09e9d4d3b,2026-02-02T12:22:35.657598,0.002377770263159275,2026-02-02T12:22:34.959542447Z,gateDownInvocation,2026-02-02 12:22:34.970663+00:00,2026-02-02 12:22:34.971849+00:00
6283075c65cea252232706f09e9d4d3b,2026-02-02T12:22:35.657598,0.002377770263159275,2026-02-02T12:22:34.959542447Z,lightOnInvocation,2026-02-02 12:22:34.971937+00:00,2026-02-02 12:22:34.972086+00:00
6283075c65cea252232706f09e9d4d3b,2026-02-02T12:22:35.657598,0.002377770263159275,2026-02-02T12:22:34.959542447Z,gateDownInvocation,2026-02-02 12:22:34.971717+00:00,2026-02-02 12:22:34.971931+00:00
6283075c65cea252232706f09e9d4d3b,2026-02-02T12:22:35.657598,0.002377770263159275,2026-02-02T12:22:34.959542447Z,bellOnAction,2026-02-02 12:22:36.977843+00:00,2026-02-02 12:22:36.977964+00:00
6283075c65cea252232706f09e9d4d3b,2026-02-02T12:22:35.657598,0.002377770263159275,2026-02-02T12:22:34.959542447Z,lightOnInvocation,2026-02-02 12:22:34.969034+00:00,2026-02-02 12:22:34.969178+00:00
6283075c65cea252232706f09e9d4d3b,2026-02-02T12:22:35.657598,0.002377770263159275,2026-02-02T12:22:34.959542447Z,bellOnInvocation,2026-02-02 12:22:34.976818+00:00,2026-02-02 12:22:34.976900+00:00
0d254b12d170f6cd1108c5c6b6514c56,2026-02-02T12:25:40.886393,0.03341387968131304,2026-02-02T12:25:41.194916762Z,lightOffInvocation,2026-02-02 12:25:41.203374+00:00,2026-02-02 12:25:41.203440+00:00
0d254b12d170f6cd1108c5c6b6514c56,2026-02-02T12:25:40.886393,0.03341387968131304,2026-02-02T12:25:41.194916762Z,bellOffInvocation,2026-02-02 12:25:41.205068+00:00,2026-02-02 12:25:41.205124+00:00
0d254b12d170f6cd1108c5c6b6514c56,2026-02-02T12:25:40.886393,0.03341387968131304,2026-02-02T12:25:41.194916762Z,lightOffInvocation,2026-02-02 12:25:41.204587+00:00,2026-02-02 12:25:41.204676+00:00
0d254b12d170f6cd1108c5c6b6514c56,2026-02-02T12:25:40.886393,0.03341387968131304,2026-02-02T12:25:41.194916762Z,gateUpInvocation,2026-02-02 12:25:41.203373+00:00,2026-02-02 12:25:41.203475+00:00
0d254b12d170f6cd1108c5c6b6514c56,2026-02-02T12:25:40.886393,0.03341387968131304,2026-02-02T12:25:41.194916762Z,bellOffInvocation,2026-02-02 12:25:41.204916+00:00,2026-02-02 12:25:41.205033+00:00
0d254b12d170f6cd1108c5c6b6514c56,2026-02-02T12:25:40.886393,0.03341387968131304,2026-02-02T12:25:41.194916762Z,gateUpInvocation,2026-02-02 12:25:41.203898+00:00,2026-02-02 12:25:41.204017+00:00
5cdd1577849bbba0ef6d48e603684971,2026-02-02T12:27:59.324189,0.05648458493072987,2026-02-02T12:27:59.63297813Z,bellOffInvocation,2026-02-02 12:27:59.643762+00:00,2026-02-02 12:27:59.644034+00:00
5cdd1577849bbba0ef6d48e603684971,2026-02-02T12:27:59.324189,0.05648458493072987,2026-02-02T12:27:59.63297813Z,lightOffInvocation,2026-02-02 12:27:59.643828+00:00,2026-02-02 12:27:59.644033+00:00
5cdd1577849bbba0ef6d48e603684971,2026-02-02T12:27:59.324189,0.05648458493072987,2026-02-02T12:27:59.63297813Z,bellOffInvocation,2026-02-02 12:27:59.642101+00:00,2026-02-02 12:27:59.642281+00:00
5cdd1577849bbba0ef6d48e603684971,2026-02-02T12:27:59.324189,0.05648458493072987,2026-02-02T12:27:59.63297813Z,gateUpInvocation,2026-02-02 12:27:59.642010+00:00,2026-02-02 12:27:59.642171+00:00
5cdd1577849bbba0ef6d48e603684971,2026-02-02T12:27:59.324189,0.05648458493072987,2026-02-02T12:27:59.63297813Z,lightOffInvocation,2026-02-02 12:27:59.640730+00:00,2026-02-02 12:27:59.640841+00:00
5cdd1577849bbba0ef6d48e603684971,2026-02-02T12:27:59.324189,0.05648458493072987,2026-02-02T12:27:59.63297813Z,gateUpInvocation,2026-02-02 12:27:59.640741+00:00,2026-02-02 12:27:59.640932+00:00
77f728d3ee7f9896e97c513e1112c81d,2026-02-02T12:24:53.466130,0.02534503496330977,2026-02-02T12:24:52.777022434Z,lightOnInvocation,2026-02-02 12:24:52.794214+00:00,2026-02-02 12:24:52.794367+00:00
77f728d3ee7f9896e97c513e1112c81d,2026-02-02T12:24:53.466130,0.02534503496330977,2026-02-02T12:24:52.777022434Z,bellOnAction,2026-02-02 12:24:54.796205+00:00,2026-02-02 12:24:54.796274+00:00
77f728d3ee7f9896e97c513e1112c81d,2026-02-02T12:24:53.466130,0.02534503496330977,2026-02-02T12:24:52.777022434Z,bellOnInvocation,2026-02-02 12:24:52.794545+00:00,2026-02-02 12:24:52.794689+00:00
77f728d3ee7f9896e97c513e1112c81d,2026-02-02T12:24:53.466130,0.02534503496330977,2026-02-02T12:24:52.777022434Z,bellOnAction,2026-02-02 12:24:54.795881+00:00,2026-02-02 12:24:54.796029+00:00
77f728d3ee7f9896e97c513e1112c81d,2026-02-02T12:24:53.466130,0.02534503496330977,2026-02-02T12:24:52.777022434Z,gateDownAction,2026-02-02 12:24:54.793640+00:00,2026-02-02 12:24:54.793727+00:00
77f728d3ee7f9896e97c513e1112c81d,2026-02-02T12:24:53.466130,0.02534503496330977,2026-02-02T12:24:52.777022434Z,lightOnAction,2026-02-02 12:24:54.793146+00:00,2026-02-02 12:24:54.793237+00:00
77f728d3ee7f9896e97c513e1112c81d,2026-02-02T12:24:53.466130,0.02534503496330977,2026-02-02T12:24:52.777022434Z,lightOnAction,2026-02-02 12:24:54.796125+00:00,2026-02-02 12:24:54.796212+00:00
77f728d3ee7f9896e97c513e1112c81d,2026-02-02T12:24:53.466130,0.02534503496330977,2026-02-02T12:24:52.777022434Z,gateDownAction,2026-02-02 12:24:54.797727+00:00,2026-02-02 12:24:54.797808+00:00
77f728d3ee7f9896e97c513e1112c81d,2026-02-02T12:24:53.466130,0.02534503496330977,2026-02-02T12:24:52.777022434Z,bellOnInvocation,2026-02-02 12:24:52.794564+00:00,2026-02-02 12:24:52.794688+00:00
77f728d3ee7f9896e97c513e1112c81d,2026-02-02T12:24:53.466130,0.02534503496330977,2026-02-02T12:24:52.777022434Z,gateDownInvocation,2026-02-02 12:24:52.796077+00:00,2026-02-02 12:24:52.796323+00:00
77f728d3ee7f9896e97c513e1112c81d,2026-02-02T12:24:53.466130,0.02534503496330977,2026-02-02T12:24:52.777022434Z,gateDownInvocation,2026-02-02 12:24:52.792774+00:00,2026-02-02 12:24:52.793016+00:00
77f728d3ee7f9896e97c513e1112c81d,2026-02-02T12:24:53.466130,0.02534503496330977,2026-02-02T12:24:52.777022434Z,lightOnInvocation,2026-02-02 12:24:52.791629+00:00,2026-02-02 12:24:52.791810+00:00
a8902eccecbe3be5e15f814030269902,2026-02-02T12:30:31.376677,0.08166086524960994,2026-02-02T12:30:30.705810749Z,bellOnAction,2026-02-02 12:30:32.716278+00:00,2026-02-02 12:30:32.716363+00:00
a8902eccecbe3be5e15f814030269902,2026-02-02T12:30:31.376677,0.08166086524960994,2026-02-02T12:30:30.705810749Z,gateDownInvocation,2026-02-02 12:30:30.716128+00:00,2026-02-02 12:30:30.716309+00:00
a8902eccecbe3be5e15f814030269902,2026-02-02T12:30:31.376677,0.08166086524960994,2026-02-02T12:30:30.705810749Z,gateDownInvocation,2026-02-02 12:30:30.713262+00:00,2026-02-02 12:30:30.713603+00:00
a8902eccecbe3be5e15f814030269902,2026-02-02T12:30:31.376677,0.08166086524960994,2026-02-02T12:30:30.705810749Z,lightOnInvocation,2026-02-02 12:30:30.713388+00:00,2026-02-02 12:30:30.713595+00:00
a8902eccecbe3be5e15f814030269902,2026-02-02T12:30:31.376677,0.08166086524960994,2026-02-02T12:30:30.705810749Z,bellOnInvocation,2026-02-02 12:30:30.714721+00:00,2026-02-02 12:30:30.714991+00:00
a8902eccecbe3be5e15f814030269902,2026-02-02T12:30:31.376677,0.08166086524960994,2026-02-02T12:30:30.705810749Z,gateDownAction,2026-02-02 12:30:32.717765+00:00,2026-02-02 12:30:32.717872+00:00
a8902eccecbe3be5e15f814030269902,2026-02-02T12:30:31.376677,0.08166086524960994,2026-02-02T12:30:30.705810749Z,gateDownAction,2026-02-02 12:30:32.715251+00:00,2026-02-02 12:30:32.715337+00:00
a8902eccecbe3be5e15f814030269902,2026-02-02T12:30:31.376677,0.08166086524960994,2026-02-02T12:30:30.705810749Z,lightOnAction,2026-02-02 12:30:32.716227+00:00,2026-02-02 12:30:32.716312+00:00
a8902eccecbe3be5e15f814030269902,2026-02-02T12:30:31.376677,0.08166086524960994,2026-02-02T12:30:30.705810749Z,bellOnAction,2026-02-02 12:30:32.717834+00:00,2026-02-02 12:30:32.717908+00:00
a8902eccecbe3be5e15f814030269902,2026-02-02T12:30:31.376677,0.08166086524960994,2026-02-02T12:30:30.705810749Z,lightOnInvocation,2026-02-02 12:30:30.714341+00:00,2026-02-02 12:30:30.714528+00:00
a8902eccecbe3be5e15f814030269902,2026-02-02T12:30:31.376677,0.08166086524960994,2026-02-02T12:30:30.705810749Z,lightOnAction,2026-02-02 12:30:32.714282+00:00,2026-02-02 12:30:32.714313+00:00
a8902eccecbe3be5e15f814030269902,2026-02-02T12:30:31.376677,0.08166086524960994,2026-02-02T12:30:30.705810749Z,bellOnInvocation,2026-02-02 12:30:30.716717+00:00,2026-02-02 12:30:30.716915+00:00
88bf34afb00b3459273acdebc19c0c5b,2026-02-02T12:24:40.526031,0.023354667130553723,2026-02-02T12:24:40.83358934Z,lightOffInvocation,2026-02-02 12:24:40.847263+00:00,2026-02-02 12:24:40.847373+00:00
88bf34afb00b3459273acdebc19c0c5b,2026-02-02T12:24:40.526031,0.023354667130553723,2026-02-02T12:24:40.83358934Z,bellOffInvocation,2026-02-02 12:24:40.851264+00:00,2026-02-02 12:24:40.851405+00:00
88bf34afb00b3459273acdebc19c0c5b,2026-02-02T12:24:40.526031,0.023354667130553723,2026-02-02T12:24:40.83358934Z,bellOffInvocation,2026-02-02 12:24:40.849664+00:00,2026-02-02 12:24:40.849961+00:00
88bf34afb00b3459273acdebc19c0c5b,2026-02-02T12:24:40.526031,0.023354667130553723,2026-02-02T12:24:40.83358934Z,gateUpInvocation,2026-02-02 12:24:40.849118+00:00,2026-02-02 12:24:40.849219+00:00
88bf34afb00b3459273acdebc19c0c5b,2026-02-02T12:24:40.526031,0.023354667130553723,2026-02-02T12:24:40.83358934Z,gateUpInvocation,2026-02-02 12:24:40.846026+00:00,2026-02-02 12:24:40.846164+00:00
88bf34afb00b3459273acdebc19c0c5b,2026-02-02T12:24:40.526031,0.023354667130553723,2026-02-02T12:24:40.83358934Z,lightOffInvocation,2026-02-02 12:24:40.845629+00:00,2026-02-02 12:24:40.845775+00:00
85419940861cad43679520411804e70b,2026-02-02T12:29:56.583435,0.07585937630909682,2026-02-02T12:29:55.893227763Z,lightOnAction,2026-02-02 12:29:57.896422+00:00,2026-02-02 12:29:57.896529+00:00
85419940861cad43679520411804e70b,2026-02-02T12:29:56.583435,0.07585937630909682,2026-02-02T12:29:55.893227763Z,gateDownAction,2026-02-02 12:29:57.896388+00:00,2026-02-02 12:29:57.896481+00:00
85419940861cad43679520411804e70b,2026-02-02T12:29:56.583435,0.07585937630909682,2026-02-02T12:29:55.893227763Z,bellOnInvocation,2026-02-02 12:29:55.897066+00:00,2026-02-02 12:29:55.897109+00:00
85419940861cad43679520411804e70b,2026-02-02T12:29:56.583435,0.07585937630909682,2026-02-02T12:29:55.893227763Z,bellOnInvocation,2026-02-02 12:29:55.896326+00:00,2026-02-02 12:29:55.896409+00:00
85419940861cad43679520411804e70b,2026-02-02T12:29:56.583435,0.07585937630909682,2026-02-02T12:29:55.893227763Z,gateDownAction,2026-02-02 12:29:57.898208+00:00,2026-02-02 12:29:57.898294+00:00
85419940861cad43679520411804e70b,2026-02-02T12:29:56.583435,0.07585937630909682,2026-02-02T12:29:55.893227763Z,gateDownInvocation,2026-02-02 12:29:55.896886+00:00,2026-02-02 12:29:55.896949+00:00
85419940861cad43679520411804e70b,2026-02-02T12:29:56.583435,0.07585937630909682,2026-02-02T12:29:55.893227763Z,lightOnAction,2026-02-02 12:29:57.896773+00:00,2026-02-02 12:29:57.896942+00:00
85419940861cad43679520411804e70b,2026-02-02T12:29:56.583435,0.07585937630909682,2026-02-02T12:29:55.893227763Z,bellOnAction,2026-02-02 12:29:57.896544+00:00,2026-02-02 12:29:57.896646+00:00
85419940861cad43679520411804e70b,2026-02-02T12:29:56.583435,0.07585937630909682,2026-02-02T12:29:55.893227763Z,gateDownInvocation,2026-02-02 12:29:55.896018+00:00,2026-02-02 12:29:55.896140+00:00
85419940861cad43679520411804e70b,2026-02-02T12:29:56.583435,0.07585937630909682,2026-02-02T12:29:55.893227763Z,bellOnAction,2026-02-02 12:29:57.898216+00:00,2026-02-02 12:29:57.898294+00:00
85419940861cad43679520411804e70b,2026-02-02T12:29:56.583435,0.07585937630909682,2026-02-02T12:29:55.893227763Z,lightOnInvocation,2026-02-02 12:29:55.896053+00:00,2026-02-02 12:29:55.896136+00:00
85419940861cad43679520411804e70b,2026-02-02T12:29:56.583435,0.07585937630909682,2026-02-02T12:29:55.893227763Z,lightOnInvocation,2026-02-02 12:29:55.896307+00:00,2026-02-02 12:29:55.896381+00:00
5425a121a366b37407308c612a15e6a9,2026-02-02T12:25:06.402930,0.02766744295934439,2026-02-02T12:25:06.712823864Z,bellOffInvocation,2026-02-02 12:25:06.726147+00:00,2026-02-02 12:25:06.726289+00:00
5425a121a366b37407308c612a15e6a9,2026-02-02T12:25:06.402930,0.02766744295934439,2026-02-02T12:25:06.712823864Z,lightOffInvocation,2026-02-02 12:25:06.722727+00:00,2026-02-02 12:25:06.722878+00:00
5425a121a366b37407308c612a15e6a9,2026-02-02T12:25:06.402930,0.02766744295934439,2026-02-02T12:25:06.712823864Z,bellOffInvocation,2026-02-02 12:25:06.728650+00:00,2026-02-02 12:25:06.728754+00:00
5425a121a366b37407308c612a15e6a9,2026-02-02T12:25:06.402930,0.02766744295934439,2026-02-02T12:25:06.712823864Z,lightOffInvocation,2026-02-02 12:25:06.722000+00:00,2026-02-02 12:25:06.722159+00:00
5425a121a366b37407308c612a15e6a9,2026-02-02T12:25:06.402930,0.02766744295934439,2026-02-02T12:25:06.712823864Z,gateUpInvocation,2026-02-02 12:25:06.723837+00:00,2026-02-02 12:25:06.724026+00:00
5425a121a366b37407308c612a15e6a9,2026-02-02T12:25:06.402930,0.02766744295934439,2026-02-02T12:25:06.712823864Z,gateUpInvocation,2026-02-02 12:25:06.725517+00:00,2026-02-02 12:25:06.725664+00:00
e1d1b326832bbdaff9d58796b762c74b,2026-02-02T12:29:52.208961,0.07514042065289021,2026-02-02T12:29:51.57925064Z,lightOnAction,2026-02-02 12:29:53.591096+00:00,2026-02-02 12:29:53.591184+00:00
e1d1b326832bbdaff9d58796b762c74b,2026-02-02T12:29:52.208961,0.07514042065289021,2026-02-02T12:29:51.57925064Z,bellOnAction,2026-02-02 12:29:53.590804+00:00,2026-02-02 12:29:53.590879+00:00
e1d1b326832bbdaff9d58796b762c74b,2026-02-02T12:29:52.208961,0.07514042065289021,2026-02-02T12:29:51.57925064Z,lightOnInvocation,2026-02-02 12:29:51.589423+00:00,2026-02-02 12:29:51.589626+00:00
e1d1b326832bbdaff9d58796b762c74b,2026-02-02T12:29:52.208961,0.07514042065289021,2026-02-02T12:29:51.57925064Z,lightOnInvocation,2026-02-02 12:29:51.586541+00:00,2026-02-02 12:29:51.586775+00:00
e1d1b326832bbdaff9d58796b762c74b,2026-02-02T12:29:52.208961,0.07514042065289021,2026-02-02T12:29:51.57925064Z,gateDownInvocation,2026-02-02 12:29:51.585914+00:00,2026-02-02 12:29:51.586265+00:00
e1d1b326832bbdaff9d58796b762c74b,2026-02-02T12:29:52.208961,0.07514042065289021,2026-02-02T12:29:51.57925064Z,bellOnInvocation,2026-02-02 12:29:51.589754+00:00,2026-02-02 12:29:51.589980+00:00
e1d1b326832bbdaff9d58796b762c74b,2026-02-02T12:29:52.208961,0.07514042065289021,2026-02-02T12:29:51.57925064Z,gateDownAction,2026-02-02 12:29:53.592672+00:00,2026-02-02 12:29:53.592752+00:00
e1d1b326832bbdaff9d58796b762c74b,2026-02-02T12:29:52.208961,0.07514042065289021,2026-02-02T12:29:51.57925064Z,bellOnInvocation,2026-02-02 12:29:51.587431+00:00,2026-02-02 12:29:51.587619+00:00
e1d1b326832bbdaff9d58796b762c74b,2026-02-02T12:29:52.208961,0.07514042065289021,2026-02-02T12:29:51.57925064Z,gateDownInvocation,2026-02-02 12:29:51.591311+00:00,2026-02-02 12:29:51.591504+00:00
e1d1b326832bbdaff9d58796b762c74b,2026-02-02T12:29:52.208961,0.07514042065289021,2026-02-02T12:29:51.57925064Z,lightOnAction,2026-02-02 12:29:53.588203+00:00,2026-02-02 12:29:53.588287+00:00
e1d1b326832bbdaff9d58796b762c74b,2026-02-02T12:29:52.208961,0.07514042065289021,2026-02-02T12:29:51.57925064Z,bellOnAction,2026-02-02 12:29:53.589167+00:00,2026-02-02 12:29:53.589262+00:00
e1d1b326832bbdaff9d58796b762c74b,2026-02-02T12:29:52.208961,0.07514042065289021,2026-02-02T12:29:51.57925064Z,gateDownAction,2026-02-02 12:29:53.587694+00:00,2026-02-02 12:29:53.587798+00:00
2f266995cf6753f243c7fc9d537609da,2026-02-02T12:31:01.672301,0.0867107007885456,2026-02-02T12:31:01.00783187Z,lightOnAction,2026-02-02 12:31:03.018915+00:00,2026-02-02 12:31:03.019012+00:00
2f266995cf6753f243c7fc9d537609da,2026-02-02T12:31:01.672301,0.0867107007885456,2026-02-02T12:31:01.00783187Z,lightOnInvocation,2026-02-02 12:31:01.017693+00:00,2026-02-02 12:31:01.017911+00:00
2f266995cf6753f243c7fc9d537609da,2026-02-02T12:31:01.672301,0.0867107007885456,2026-02-02T12:31:01.00783187Z,bellOnInvocation,2026-02-02 12:31:01.019674+00:00,2026-02-02 12:31:01.019843+00:00
2f266995cf6753f243c7fc9d537609da,2026-02-02T12:31:01.672301,0.0867107007885456,2026-02-02T12:31:01.00783187Z,gateDownAction,2026-02-02 12:31:03.017842+00:00,2026-02-02 12:31:03.018002+00:00
2f266995cf6753f243c7fc9d537609da,2026-02-02T12:31:01.672301,0.0867107007885456,2026-02-02T12:31:01.00783187Z,bellOnAction,2026-02-02 12:31:03.020606+00:00,2026-02-02 12:31:03.020690+00:00
2f266995cf6753f243c7fc9d537609da,2026-02-02T12:31:01.672301,0.0867107007885456,2026-02-02T12:31:01.00783187Z,gateDownInvocation,2026-02-02 12:31:01.014144+00:00,2026-02-02 12:31:01.014508+00:00
2f266995cf6753f243c7fc9d537609da,2026-02-02T12:31:01.672301,0.0867107007885456,2026-02-02T12:31:01.00783187Z,gateDownAction,2026-02-02 12:31:03.016394+00:00,2026-02-02 12:31:03.016477+00:00
2f266995cf6753f243c7fc9d537609da,2026-02-02T12:31:01.672301,0.0867107007885456,2026-02-02T12:31:01.00783187Z,bellOnAction,2026-02-02 12:31:03.019099+00:00,2026-02-02 12:31:03.019181+00:00
2f266995cf6753f243c7fc9d537609da,2026-02-02T12:31:01.672301,0.0867107007885456,2026-02-02T12:31:01.00783187Z,lightOnInvocation,2026-02-02 12:31:01.014147+00:00,2026-02-02 12:31:01.014341+00:00
2f266995cf6753f243c7fc9d537609da,2026-02-02T12:31:01.672301,0.0867107007885456,2026-02-02T12:31:01.00783187Z,gateDownInvocation,2026-02-02 12:31:01.014928+00:00,2026-02-02 12:31:01.015257+00:00
2f266995cf6753f243c7fc9d537609da,2026-02-02T12:31:01.672301,0.0867107007885456,2026-02-02T12:31:01.00783187Z,lightOnAction,2026-02-02 12:31:03.015896+00:00,2026-02-02 12:31:03.016020+00:00
2f266995cf6753f243c7fc9d537609da,2026-02-02T12:31:01.672301,0.0867107007885456,2026-02-02T12:31:01.00783187Z,bellOnInvocation,2026-02-02 12:31:01.017715+00:00,2026-02-02 12:31:01.017904+00:00
b52be78894728a03557ff7cf100f7c7b,2026-02-02T12:23:35.918309,0.0124201941426754,2026-02-02T12:23:35.220101961Z,lightOnAction,2026-02-02 12:23:37.229858+00:00,2026-02-02 12:23:37.229988+00:00
b52be78894728a03557ff7cf100f7c7b,2026-02-02T12:23:35.918309,0.0124201941426754,2026-02-02T12:23:35.220101961Z,lightOnInvocation,2026-02-02 12:23:35.224865+00:00,2026-02-02 12:23:35.224927+00:00
b52be78894728a03557ff7cf100f7c7b,2026-02-02T12:23:35.918309,0.0124201941426754,2026-02-02T12:23:35.220101961Z,bellOnAction,2026-02-02 12:23:37.232587+00:00,2026-02-02 12:23:37.232675+00:00
b52be78894728a03557ff7cf100f7c7b,2026-02-02T12:23:35.918309,0.0124201941426754,2026-02-02T12:23:35.220101961Z,gateDownInvocation,2026-02-02 12:23:35.223616+00:00,2026-02-02 12:23:35.224953+00:00
b52be78894728a03557ff7cf100f7c7b,2026-02-02T12:23:35.918309,0.0124201941426754,2026-02-02T12:23:35.220101961Z,gateDownAction,2026-02-02 12:23:37.227043+00:00,2026-02-02 12:23:37.227178+00:00
b52be78894728a03557ff7cf100f7c7b,2026-02-02T12:23:35.918309,0.0124201941426754,2026-02-02T12:23:35.220101961Z,bellOnInvocation,2026-02-02 12:23:35.232055+00:00,2026-02-02 12:23:35.232141+00:00
b52be78894728a03557ff7cf100f7c7b,2026-02-02T12:23:35.918309,0.0124201941426754,2026-02-02T12:23:35.220101961Z,bellOnAction,2026-02-02 12:23:37.231750+00:00,2026-02-02 12:23:37.231870+00:00
b52be78894728a03557ff7cf100f7c7b,2026-02-02T12:23:35.918309,0.0124201941426754,2026-02-02T12:23:35.220101961Z,gateDownInvocation,2026-02-02 12:23:35.227556+00:00,2026-02-02 12:23:35.227665+00:00
b52be78894728a03557ff7cf100f7c7b,2026-02-02T12:23:35.918309,0.0124201941426754,2026-02-02T12:23:35.220101961Z,gateDownAction,2026-02-02 12:23:37.228580+00:00,2026-02-02 12:23:37.228662+00:00
b52be78894728a03557ff7cf100f7c7b,2026-02-02T12:23:35.918309,0.0124201941426754,2026-02-02T12:23:35.220101961Z,lightOnAction,2026-02-02 12:23:37.226000+00:00,2026-02-02 12:23:37.226088+00:00
b52be78894728a03557ff7cf100f7c7b,2026-02-02T12:23:35.918309,0.0124201941426754,2026-02-02T12:23:35.220101961Z,bellOnInvocation,2026-02-02 12:23:35.231129+00:00,2026-02-02 12:23:35.231189+00:00
b52be78894728a03557ff7cf100f7c7b,2026-02-02T12:23:35.918309,0.0124201941426754,2026-02-02T12:23:35.220101961Z,lightOnInvocation,2026-02-02 12:23:35.225559+00:00,2026-02-02 12:23:35.225601+00:00
9cdafd3a146d94a597ef48370f9ab8e2,2026-02-02T12:24:14.670990,0.018881235300374034,2026-02-02T12:24:13.99033719Z,gateDownAction,2026-02-02 12:24:16.000390+00:00,2026-02-02 12:24:16.000431+00:00
9cdafd3a146d94a597ef48370f9ab8e2,2026-02-02T12:24:14.670990,0.018881235300374034,2026-02-02T12:24:13.99033719Z,bellOnAction,2026-02-02 12:24:16.002740+00:00,2026-02-02 12:24:16.002812+00:00
9cdafd3a146d94a597ef48370f9ab8e2,2026-02-02T12:24:14.670990,0.018881235300374034,2026-02-02T12:24:13.99033719Z,lightOnAction,2026-02-02 12:24:15.999468+00:00,2026-02-02 12:24:15.999497+00:00
9cdafd3a146d94a597ef48370f9ab8e2,2026-02-02T12:24:14.670990,0.018881235300374034,2026-02-02T12:24:13.99033719Z,bellOnInvocation,2026-02-02 12:24:14.002478+00:00,2026-02-02 12:24:14.002591+00:00
9cdafd3a146d94a597ef48370f9ab8e2,2026-02-02T12:24:14.670990,0.018881235300374034,2026-02-02T12:24:13.99033719Z,lightOnAction,2026-02-02 12:24:16.004570+00:00,2026-02-02 12:24:16.004670+00:00
9cdafd3a146d94a597ef48370f9ab8e2,2026-02-02T12:24:14.670990,0.018881235300374034,2026-02-02T12:24:13.99033719Z,lightOnInvocation,2026-02-02 12:24:13.999150+00:00,2026-02-02 12:24:13.999295+00:00
9cdafd3a146d94a597ef48370f9ab8e2,2026-02-02T12:24:14.670990,0.018881235300374034,2026-02-02T12:24:13.99033719Z,bellOnInvocation,2026-02-02 12:24:14.001554+00:00,2026-02-02 12:24:14.001684+00:00
9cdafd3a146d94a597ef48370f9ab8e2,2026-02-02T12:24:14.670990,0.018881235300374034,2026-02-02T12:24:13.99033719Z,lightOnInvocation,2026-02-02 12:24:14.004018+00:00,2026-02-02 12:24:14.004127+00:00
9cdafd3a146d94a597ef48370f9ab8e2,2026-02-02T12:24:14.670990,0.018881235300374034,2026-02-02T12:24:13.99033719Z,bellOnAction,2026-02-02 12:24:16.004016+00:00,2026-02-02 12:24:16.004128+00:00
9cdafd3a146d94a597ef48370f9ab8e2,2026-02-02T12:24:14.670990,0.018881235300374034,2026-02-02T12:24:13.99033719Z,gateDownInvocation,2026-02-02 12:24:13.999936+00:00,2026-02-02 12:24:14.000109+00:00
9cdafd3a146d94a597ef48370f9ab8e2,2026-02-02T12:24:14.670990,0.018881235300374034,2026-02-02T12:24:13.99033719Z,gateDownAction,2026-02-02 12:24:16.004016+00:00,2026-02-02 12:24:16.004128+00:00
9cdafd3a146d94a597ef48370f9ab8e2,2026-02-02T12:24:14.670990,0.018881235300374034,2026-02-02T12:24:13.99033719Z,gateDownInvocation,2026-02-02 12:24:13.999847+00:00,2026-02-02 12:24:14.000067+00:00
ec3f41ae433f0ae3b81f9267cd52f1fb,2026-02-02T12:25:23.639237,0.030542289317989354,2026-02-02T12:25:23.96367083Z,gateUpInvocation,2026-02-02 12:25:23.974481+00:00,2026-02-02 12:25:23.974616+00:00
ec3f41ae433f0ae3b81f9267cd52f1fb,2026-02-02T12:25:23.639237,0.030542289317989354,2026-02-02T12:25:23.96367083Z,bellOffInvocation,2026-02-02 12:25:23.981676+00:00,2026-02-02 12:25:23.982019+00:00
ec3f41ae433f0ae3b81f9267cd52f1fb,2026-02-02T12:25:23.639237,0.030542289317989354,2026-02-02T12:25:23.96367083Z,lightOffInvocation,2026-02-02 12:25:23.979356+00:00,2026-02-02 12:25:23.979480+00:00
ec3f41ae433f0ae3b81f9267cd52f1fb,2026-02-02T12:25:23.639237,0.030542289317989354,2026-02-02T12:25:23.96367083Z,gateUpInvocation,2026-02-02 12:25:23.983444+00:00,2026-02-02 12:25:23.983578+00:00
ec3f41ae433f0ae3b81f9267cd52f1fb,2026-02-02T12:25:23.639237,0.030542289317989354,2026-02-02T12:25:23.96367083Z,lightOffInvocation,2026-02-02 12:25:23.976669+00:00,2026-02-02 12:25:23.976788+00:00
ec3f41ae433f0ae3b81f9267cd52f1fb,2026-02-02T12:25:23.639237,0.030542289317989354,2026-02-02T12:25:23.96367083Z,bellOffInvocation,2026-02-02 12:25:23.980610+00:00,2026-02-02 12:25:23.980762+00:00
f70615175dba5ad254236d1f5839f01f,2026-02-02T12:29:13.181448,0.06879316641578674,2026-02-02T12:29:13.491870213Z,bellOffInvocation,2026-02-02 12:29:13.497879+00:00,2026-02-02 12:29:13.497949+00:00
f70615175dba5ad254236d1f5839f01f,2026-02-02T12:29:13.181448,0.06879316641578674,2026-02-02T12:29:13.491870213Z,bellOffInvocation,2026-02-02 12:29:13.499153+00:00,2026-02-02 12:29:13.499216+00:00
f70615175dba5ad254236d1f5839f01f,2026-02-02T12:29:13.181448,0.06879316641578674,2026-02-02T12:29:13.491870213Z,lightOffInvocation,2026-02-02 12:29:13.499507+00:00,2026-02-02 12:29:13.499580+00:00
f70615175dba5ad254236d1f5839f01f,2026-02-02T12:29:13.181448,0.06879316641578674,2026-02-02T12:29:13.491870213Z,gateUpInvocation,2026-02-02 12:29:13.497870+00:00,2026-02-02 12:29:13.497942+00:00
f70615175dba5ad254236d1f5839f01f,2026-02-02T12:29:13.181448,0.06879316641578674,2026-02-02T12:29:13.491870213Z,gateUpInvocation,2026-02-02 12:29:13.500380+00:00,2026-02-02 12:29:13.500440+00:00
f70615175dba5ad254236d1f5839f01f,2026-02-02T12:29:13.181448,0.06879316641578674,2026-02-02T12:29:13.491870213Z,lightOffInvocation,2026-02-02 12:29:13.498938+00:00,2026-02-02 12:29:13.499004+00:00
ad1308ca2bdf0959c96993d8a944e5cb,2026-02-02T12:22:22.751513,0.0002267805989265442,2026-02-02T12:22:22.052320744Z,bellOnInvocation,2026-02-02 12:22:22.371713+00:00,2026-02-02 12:22:22.371794+00:00
ad1308ca2bdf0959c96993d8a944e5cb,2026-02-02T12:22:22.751513,0.0002267805989265442,2026-02-02T12:22:22.052320744Z,gateDownInvocation,2026-02-02 12:22:22.366515+00:00,2026-02-02 12:22:22.366610+00:00
ad1308ca2bdf0959c96993d8a944e5cb,2026-02-02T12:22:22.751513,0.0002267805989265442,2026-02-02T12:22:22.052320744Z,bellOnInvocation,2026-02-02 12:22:22.421404+00:00,2026-02-02 12:22:22.421543+00:00
ad1308ca2bdf0959c96993d8a944e5cb,2026-02-02T12:22:22.751513,0.0002267805989265442,2026-02-02T12:22:22.052320744Z,gateDownInvocation,2026-02-02 12:22:22.301351+00:00,2026-02-02 12:22:22.301491+00:00
ad1308ca2bdf0959c96993d8a944e5cb,2026-02-02T12:22:22.751513,0.0002267805989265442,2026-02-02T12:22:22.052320744Z,lightOnAction,2026-02-02 12:22:24.307873+00:00,2026-02-02 12:22:24.307971+00:00
ad1308ca2bdf0959c96993d8a944e5cb,2026-02-02T12:22:22.751513,0.0002267805989265442,2026-02-02T12:22:22.052320744Z,lightOnInvocation,2026-02-02 12:22:22.305626+00:00,2026-02-02 12:22:22.305781+00:00
ad1308ca2bdf0959c96993d8a944e5cb,2026-02-02T12:22:22.751513,0.0002267805989265442,2026-02-02T12:22:22.052320744Z,bellOnAction,2026-02-02 12:22:24.372862+00:00,2026-02-02 12:22:24.372993+00:00
ad1308ca2bdf0959c96993d8a944e5cb,2026-02-02T12:22:22.751513,0.0002267805989265442,2026-02-02T12:22:22.052320744Z,gateDownAction,2026-02-02 12:22:24.302507+00:00,2026-02-02 12:22:24.302591+00:00
ad1308ca2bdf0959c96993d8a944e5cb,2026-02-02T12:22:22.751513,0.0002267805989265442,2026-02-02T12:22:22.052320744Z,lightOnInvocation,2026-02-02 12:22:22.371734+00:00,2026-02-02 12:22:22.371835+00:00
ad1308ca2bdf0959c96993d8a944e5cb,2026-02-02T12:22:22.751513,0.0002267805989265442,2026-02-02T12:22:22.052320744Z,bellOnAction,2026-02-02 12:22:24.421686+00:00,2026-02-02 12:22:24.421844+00:00
ad1308ca2bdf0959c96993d8a944e5cb,2026-02-02T12:22:22.751513,0.0002267805989265442,2026-02-02T12:22:22.052320744Z,lightOnAction,2026-02-02 12:22:24.373152+00:00,2026-02-02 12:22:24.373254+00:00
ad1308ca2bdf0959c96993d8a944e5cb,2026-02-02T12:22:22.751513,0.0002267805989265442,2026-02-02T12:22:22.052320744Z,gateDownAction,2026-02-02 12:22:24.366722+00:00,2026-02-02 12:22:24.366842+00:00
b0069c485268f69bfc9258f5558c6214,2026-02-02T12:25:53.833188,0.0355753676935196,2026-02-02T12:25:54.165002514Z,lightOffInvocation,2026-02-02 12:25:54.169107+00:00,2026-02-02 12:25:54.169167+00:00
b0069c485268f69bfc9258f5558c6214,2026-02-02T12:25:53.833188,0.0355753676935196,2026-02-02T12:25:54.165002514Z,lightOffInvocation,2026-02-02 12:25:54.172674+00:00,2026-02-02 12:25:54.172694+00:00
b0069c485268f69bfc9258f5558c6214,2026-02-02T12:25:53.833188,0.0355753676935196,2026-02-02T12:25:54.165002514Z,bellOffInvocation,2026-02-02 12:25:54.171948+00:00,2026-02-02 12:25:54.172023+00:00
b0069c485268f69bfc9258f5558c6214,2026-02-02T12:25:53.833188,0.0355753676935196,2026-02-02T12:25:54.165002514Z,bellOffInvocation,2026-02-02 12:25:54.170937+00:00,2026-02-02 12:25:54.171026+00:00
b0069c485268f69bfc9258f5558c6214,2026-02-02T12:25:53.833188,0.0355753676935196,2026-02-02T12:25:54.165002514Z,gateUpInvocation,2026-02-02 12:25:54.169111+00:00,2026-02-02 12:25:54.169145+00:00
b0069c485268f69bfc9258f5558c6214,2026-02-02T12:25:53.833188,0.0355753676935196,2026-02-02T12:25:54.165002514Z,gateUpInvocation,2026-02-02 12:25:54.172158+00:00,2026-02-02 12:25:54.172195+00:00
228156173cb3b1fe9458eaecec8d788b,2026-02-02T12:24:36.214701,0.022471056321775915,2026-02-02T12:24:35.531554719Z,lightOnAction,2026-02-02 12:24:37.545652+00:00,2026-02-02 12:24:37.545713+00:00
228156173cb3b1fe9458eaecec8d788b,2026-02-02T12:24:36.214701,0.022471056321775915,2026-02-02T12:24:35.531554719Z,lightOnInvocation,2026-02-02 12:24:35.541895+00:00,2026-02-02 12:24:35.541965+00:00
228156173cb3b1fe9458eaecec8d788b,2026-02-02T12:24:36.214701,0.022471056321775915,2026-02-02T12:24:35.531554719Z,bellOnInvocation,2026-02-02 12:24:35.545587+00:00,2026-02-02 12:24:35.545640+00:00
228156173cb3b1fe9458eaecec8d788b,2026-02-02T12:24:36.214701,0.022471056321775915,2026-02-02T12:24:35.531554719Z,bellOnAction,2026-02-02 12:24:37.545777+00:00,2026-02-02 12:24:37.545837+00:00
228156173cb3b1fe9458eaecec8d788b,2026-02-02T12:24:36.214701,0.022471056321775915,2026-02-02T12:24:35.531554719Z,lightOnAction,2026-02-02 12:24:37.542760+00:00,2026-02-02 12:24:37.542843+00:00
228156173cb3b1fe9458eaecec8d788b,2026-02-02T12:24:36.214701,0.022471056321775915,2026-02-02T12:24:35.531554719Z,bellOnAction,2026-02-02 12:24:37.546101+00:00,2026-02-02 12:24:37.546150+00:00
228156173cb3b1fe9458eaecec8d788b,2026-02-02T12:24:36.214701,0.022471056321775915,2026-02-02T12:24:35.531554719Z,gateDownAction,2026-02-02 12:24:37.548100+00:00,2026-02-02 12:24:37.548154+00:00
228156173cb3b1fe9458eaecec8d788b,2026-02-02T12:24:36.214701,0.022471056321775915,2026-02-02T12:24:35.531554719Z,lightOnInvocation,2026-02-02 12:24:35.544840+00:00,2026-02-02 12:24:35.544916+00:00
228156173cb3b1fe9458eaecec8d788b,2026-02-02T12:24:36.214701,0.022471056321775915,2026-02-02T12:24:35.531554719Z,gateDownInvocation,2026-02-02 12:24:35.541731+00:00,2026-02-02 12:24:35.541994+00:00
228156173cb3b1fe9458eaecec8d788b,2026-02-02T12:24:36.214701,0.022471056321775915,2026-02-02T12:24:35.531554719Z,gateDownAction,2026-02-02 12:24:37.542587+00:00,2026-02-02 12:24:37.542672+00:00
228156173cb3b1fe9458eaecec8d788b,2026-02-02T12:24:36.214701,0.022471056321775915,2026-02-02T12:24:35.531554719Z,bellOnInvocation,2026-02-02 12:24:35.545395+00:00,2026-02-02 12:24:35.545455+00:00
228156173cb3b1fe9458eaecec8d788b,2026-02-02T12:24:36.214701,0.022471056321775915,2026-02-02T12:24:35.531554719Z,gateDownInvocation,2026-02-02 12:24:35.546992+00:00,2026-02-02 12:24:35.547111+00:00
516e335a1813bf2f38be4038276b702e,2026-02-02T12:30:44.378982,0.08383295622534753,2026-02-02T12:30:43.739656224Z,lightOnAction,2026-02-02 12:30:45.747873+00:00,2026-02-02 12:30:45.748031+00:00
516e335a1813bf2f38be4038276b702e,2026-02-02T12:30:44.378982,0.08383295622534753,2026-02-02T12:30:43.739656224Z,lightOnAction,2026-02-02 12:30:45.747705+00:00,2026-02-02 12:30:45.747822+00:00
516e335a1813bf2f38be4038276b702e,2026-02-02T12:30:44.378982,0.08383295622534753,2026-02-02T12:30:43.739656224Z,bellOnAction,2026-02-02 12:30:45.750014+00:00,2026-02-02 12:30:45.750100+00:00
516e335a1813bf2f38be4038276b702e,2026-02-02T12:30:44.378982,0.08383295622534753,2026-02-02T12:30:43.739656224Z,gateDownInvocation,2026-02-02 12:30:43.748598+00:00,2026-02-02 12:30:43.748797+00:00
516e335a1813bf2f38be4038276b702e,2026-02-02T12:30:44.378982,0.08383295622534753,2026-02-02T12:30:43.739656224Z,bellOnInvocation,2026-02-02 12:30:43.748662+00:00,2026-02-02 12:30:43.748921+00:00
516e335a1813bf2f38be4038276b702e,2026-02-02T12:30:44.378982,0.08383295622534753,2026-02-02T12:30:43.739656224Z,lightOnInvocation,2026-02-02 12:30:43.746456+00:00,2026-02-02 12:30:43.746645+00:00
516e335a1813bf2f38be4038276b702e,2026-02-02T12:30:44.378982,0.08383295622534753,2026-02-02T12:30:43.739656224Z,bellOnInvocation,2026-02-02 12:30:43.750664+00:00,2026-02-02 12:30:43.750810+00:00
516e335a1813bf2f38be4038276b702e,2026-02-02T12:30:44.378982,0.08383295622534753,2026-02-02T12:30:43.739656224Z,lightOnInvocation,2026-02-02 12:30:43.746530+00:00,2026-02-02 12:30:43.746718+00:00
516e335a1813bf2f38be4038276b702e,2026-02-02T12:30:44.378982,0.08383295622534753,2026-02-02T12:30:43.739656224Z,gateDownInvocation,2026-02-02 12:30:43.745909+00:00,2026-02-02 12:30:43.746189+00:00
516e335a1813bf2f38be4038276b702e,2026-02-02T12:30:44.378982,0.08383295622534753,2026-02-02T12:30:43.739656224Z,gateDownAction,2026-02-02 12:30:45.747448+00:00,2026-02-02 12:30:45.747540+00:00
516e335a1813bf2f38be4038276b702e,2026-02-02T12:30:44.378982,0.08383295622534753,2026-02-02T12:30:43.739656224Z,bellOnAction,2026-02-02 12:30:45.751602+00:00,2026-02-02 12:30:45.751669+00:00
516e335a1813bf2f38be4038276b702e,2026-02-02T12:30:44.378982,0.08383295622534753,2026-02-02T12:30:43.739656224Z,gateDownAction,2026-02-02 12:30:45.749409+00:00,2026-02-02 12:30:45.749476+00:00
87fea9fb8f07df647880d01a4a6a7fe3,2026-02-02T12:30:40.070569,0.08328080361856222,2026-02-02T12:30:40.426412292Z,lightOffInvocation,2026-02-02 12:30:40.432721+00:00,2026-02-02 12:30:40.432784+00:00
87fea9fb8f07df647880d01a4a6a7fe3,2026-02-02T12:30:40.070569,0.08328080361856222,2026-02-02T12:30:40.426412292Z,bellOffInvocation,2026-02-02 12:30:40.433088+00:00,2026-02-02 12:30:40.433165+00:00
87fea9fb8f07df647880d01a4a6a7fe3,2026-02-02T12:30:40.070569,0.08328080361856222,2026-02-02T12:30:40.426412292Z,lightOffInvocation,2026-02-02 12:30:40.433860+00:00,2026-02-02 12:30:40.433927+00:00
87fea9fb8f07df647880d01a4a6a7fe3,2026-02-02T12:30:40.070569,0.08328080361856222,2026-02-02T12:30:40.426412292Z,bellOffInvocation,2026-02-02 12:30:40.434121+00:00,2026-02-02 12:30:40.434164+00:00
87fea9fb8f07df647880d01a4a6a7fe3,2026-02-02T12:30:40.070569,0.08328080361856222,2026-02-02T12:30:40.426412292Z,gateUpInvocation,2026-02-02 12:30:40.433095+00:00,2026-02-02 12:30:40.433174+00:00
87fea9fb8f07df647880d01a4a6a7fe3,2026-02-02T12:30:40.070569,0.08328080361856222,2026-02-02T12:30:40.426412292Z,gateUpInvocation,2026-02-02 12:30:40.432728+00:00,2026-02-02 12:30:40.432803+00:00
34b13891e35521424a1d9acd85770b73,2026-02-02T12:22:39.960288,0.003261679780542851,2026-02-02T12:22:40.263569326Z,bellOffInvocation,2026-02-02 12:22:40.280380+00:00,2026-02-02 12:22:40.280514+00:00
34b13891e35521424a1d9acd85770b73,2026-02-02T12:22:39.960288,0.003261679780542851,2026-02-02T12:22:40.263569326Z,gateUpInvocation,2026-02-02 12:22:40.274642+00:00,2026-02-02 12:22:40.274789+00:00
34b13891e35521424a1d9acd85770b73,2026-02-02T12:22:39.960288,0.003261679780542851,2026-02-02T12:22:40.263569326Z,lightOffInvocation,2026-02-02 12:22:40.275057+00:00,2026-02-02 12:22:40.275209+00:00
34b13891e35521424a1d9acd85770b73,2026-02-02T12:22:39.960288,0.003261679780542851,2026-02-02T12:22:40.263569326Z,bellOffInvocation,2026-02-02 12:22:40.283940+00:00,2026-02-02 12:22:40.284079+00:00
34b13891e35521424a1d9acd85770b73,2026-02-02T12:22:39.960288,0.003261679780542851,2026-02-02T12:22:40.263569326Z,gateUpInvocation,2026-02-02 12:22:40.282243+00:00,2026-02-02 12:22:40.282361+00:00
34b13891e35521424a1d9acd85770b73,2026-02-02T12:22:39.960288,0.003261679780542851,2026-02-02T12:22:40.263569326Z,lightOffInvocation,2026-02-02 12:22:40.279682+00:00,2026-02-02 12:22:40.279817+00:00
b39cc950164e8cc8a17fcb68bd181444,2026-02-02T12:27:07.269977,0.047646090710294256,2026-02-02T12:27:06.596728443Z,gateDownInvocation,2026-02-02 12:27:06.602283+00:00,2026-02-02 12:27:06.602846+00:00
b39cc950164e8cc8a17fcb68bd181444,2026-02-02T12:27:07.269977,0.047646090710294256,2026-02-02T12:27:06.596728443Z,lightOnInvocation,2026-02-02 12:27:06.604804+00:00,2026-02-02 12:27:06.604901+00:00
b39cc950164e8cc8a17fcb68bd181444,2026-02-02T12:27:07.269977,0.047646090710294256,2026-02-02T12:27:06.596728443Z,bellOnAction,2026-02-02 12:27:08.606194+00:00,2026-02-02 12:27:08.606291+00:00
b39cc950164e8cc8a17fcb68bd181444,2026-02-02T12:27:07.269977,0.047646090710294256,2026-02-02T12:27:06.596728443Z,bellOnAction,2026-02-02 12:27:08.606357+00:00,2026-02-02 12:27:08.606442+00:00
b39cc950164e8cc8a17fcb68bd181444,2026-02-02T12:27:07.269977,0.047646090710294256,2026-02-02T12:27:06.596728443Z,lightOnAction,2026-02-02 12:27:08.605488+00:00,2026-02-02 12:27:08.605577+00:00
b39cc950164e8cc8a17fcb68bd181444,2026-02-02T12:27:07.269977,0.047646090710294256,2026-02-02T12:27:06.596728443Z,gateDownInvocation,2026-02-02 12:27:06.603562+00:00,2026-02-02 12:27:06.603697+00:00
b39cc950164e8cc8a17fcb68bd181444,2026-02-02T12:27:07.269977,0.047646090710294256,2026-02-02T12:27:06.596728443Z,lightOnInvocation,2026-02-02 12:27:06.602503+00:00,2026-02-02 12:27:06.602617+00:00
b39cc950164e8cc8a17fcb68bd181444,2026-02-02T12:27:07.269977,0.047646090710294256,2026-02-02T12:27:06.596728443Z,bellOnInvocation,2026-02-02 12:27:06.604708+00:00,2026-02-02 12:27:06.604794+00:00
b39cc950164e8cc8a17fcb68bd181444,2026-02-02T12:27:07.269977,0.047646090710294256,2026-02-02T12:27:06.596728443Z,gateDownAction,2026-02-02 12:27:08.604797+00:00,2026-02-02 12:27:08.604882+00:00
b39cc950164e8cc8a17fcb68bd181444,2026-02-02T12:27:07.269977,0.047646090710294256,2026-02-02T12:27:06.596728443Z,gateDownAction,2026-02-02 12:27:08.604831+00:00,2026-02-02 12:27:08.605000+00:00
b39cc950164e8cc8a17fcb68bd181444,2026-02-02T12:27:07.269977,0.047646090710294256,2026-02-02T12:27:06.596728443Z,bellOnInvocation,2026-02-02 12:27:06.604532+00:00,2026-02-02 12:27:06.604654+00:00
b39cc950164e8cc8a17fcb68bd181444,2026-02-02T12:27:07.269977,0.047646090710294256,2026-02-02T12:27:06.596728443Z,lightOnAction,2026-02-02 12:27:08.603480+00:00,2026-02-02 12:27:08.603565+00:00
46bfd651c6244e51bfdc194745546800,2026-02-02T12:26:32.678329,0.04188344819221498,2026-02-02T12:26:32.017424523Z,bellOnAction,2026-02-02 12:26:34.033355+00:00,2026-02-02 12:26:34.033479+00:00
46bfd651c6244e51bfdc194745546800,2026-02-02T12:26:32.678329,0.04188344819221498,2026-02-02T12:26:32.017424523Z,lightOnInvocation,2026-02-02 12:26:32.029401+00:00,2026-02-02 12:26:32.029591+00:00
46bfd651c6244e51bfdc194745546800,2026-02-02T12:26:32.678329,0.04188344819221498,2026-02-02T12:26:32.017424523Z,lightOnAction,2026-02-02 12:26:34.030508+00:00,2026-02-02 12:26:34.030634+00:00
46bfd651c6244e51bfdc194745546800,2026-02-02T12:26:32.678329,0.04188344819221498,2026-02-02T12:26:32.017424523Z,bellOnAction,2026-02-02 12:26:34.034617+00:00,2026-02-02 12:26:34.034703+00:00
46bfd651c6244e51bfdc194745546800,2026-02-02T12:26:32.678329,0.04188344819221498,2026-02-02T12:26:32.017424523Z,gateDownInvocation,2026-02-02 12:26:32.027156+00:00,2026-02-02 12:26:32.027373+00:00
46bfd651c6244e51bfdc194745546800,2026-02-02T12:26:32.678329,0.04188344819221498,2026-02-02T12:26:32.017424523Z,gateDownAction,2026-02-02 12:26:34.028741+00:00,2026-02-02 12:26:34.028839+00:00
46bfd651c6244e51bfdc194745546800,2026-02-02T12:26:32.678329,0.04188344819221498,2026-02-02T12:26:32.017424523Z,lightOnInvocation,2026-02-02 12:26:32.026486+00:00,2026-02-02 12:26:32.026718+00:00
46bfd651c6244e51bfdc194745546800,2026-02-02T12:26:32.678329,0.04188344819221498,2026-02-02T12:26:32.017424523Z,gateDownInvocation,2026-02-02 12:26:32.026465+00:00,2026-02-02 12:26:32.026828+00:00
46bfd651c6244e51bfdc194745546800,2026-02-02T12:26:32.678329,0.04188344819221498,2026-02-02T12:26:32.017424523Z,gateDownAction,2026-02-02 12:26:34.028025+00:00,2026-02-02 12:26:34.028136+00:00
46bfd651c6244e51bfdc194745546800,2026-02-02T12:26:32.678329,0.04188344819221498,2026-02-02T12:26:32.017424523Z,bellOnInvocation,2026-02-02 12:26:32.033144+00:00,2026-02-02 12:26:32.033333+00:00
46bfd651c6244e51bfdc194745546800,2026-02-02T12:26:32.678329,0.04188344819221498,2026-02-02T12:26:32.017424523Z,lightOnAction,2026-02-02 12:26:34.028694+00:00,2026-02-02 12:26:34.028798+00:00
46bfd651c6244e51bfdc194745546800,2026-02-02T12:26:32.678329,0.04188344819221498,2026-02-02T12:26:32.017424523Z,bellOnInvocation,2026-02-02 12:26:32.032614+00:00,2026-02-02 12:26:32.032889+00:00
5d58d35bc99d366da8b1e1451e3b5215,2026-02-02T12:28:12.313331,0.058650616031444086,2026-02-02T12:28:12.630452469Z,lightOffInvocation,2026-02-02 12:28:12.638062+00:00,2026-02-02 12:28:12.638184+00:00
5d58d35bc99d366da8b1e1451e3b5215,2026-02-02T12:28:12.313331,0.058650616031444086,2026-02-02T12:28:12.630452469Z,gateUpInvocation,2026-02-02 12:28:12.640397+00:00,2026-02-02 12:28:12.640551+00:00
5d58d35bc99d366da8b1e1451e3b5215,2026-02-02T12:28:12.313331,0.058650616031444086,2026-02-02T12:28:12.630452469Z,gateUpInvocation,2026-02-02 12:28:12.638119+00:00,2026-02-02 12:28:12.638285+00:00
5d58d35bc99d366da8b1e1451e3b5215,2026-02-02T12:28:12.313331,0.058650616031444086,2026-02-02T12:28:12.630452469Z,bellOffInvocation,2026-02-02 12:28:12.641472+00:00,2026-02-02 12:28:12.641630+00:00
5d58d35bc99d366da8b1e1451e3b5215,2026-02-02T12:28:12.313331,0.058650616031444086,2026-02-02T12:28:12.630452469Z,bellOffInvocation,2026-02-02 12:28:12.639621+00:00,2026-02-02 12:28:12.639758+00:00
5d58d35bc99d366da8b1e1451e3b5215,2026-02-02T12:28:12.313331,0.058650616031444086,2026-02-02T12:28:12.630452469Z,lightOffInvocation,2026-02-02 12:28:12.639109+00:00,2026-02-02 12:28:12.639271+00:00
30543d193d9b1d13d858a3166a6ddda5,2026-02-02T12:23:01.471852,0.00667985023393631,2026-02-02T12:23:00.774587733Z,bellOnAction,2026-02-02 12:23:02.808525+00:00,2026-02-02 12:23:02.808646+00:00
30543d193d9b1d13d858a3166a6ddda5,2026-02-02T12:23:01.471852,0.00667985023393631,2026-02-02T12:23:00.774587733Z,bellOnInvocation,2026-02-02 12:23:00.807183+00:00,2026-02-02 12:23:00.807268+00:00
30543d193d9b1d13d858a3166a6ddda5,2026-02-02T12:23:01.471852,0.00667985023393631,2026-02-02T12:23:00.774587733Z,lightOnAction,2026-02-02 12:23:02.794683+00:00,2026-02-02 12:23:02.794769+00:00
30543d193d9b1d13d858a3166a6ddda5,2026-02-02T12:23:01.471852,0.00667985023393631,2026-02-02T12:23:00.774587733Z,gateDownInvocation,2026-02-02 12:23:00.807126+00:00,2026-02-02 12:23:00.807296+00:00
30543d193d9b1d13d858a3166a6ddda5,2026-02-02T12:23:01.471852,0.00667985023393631,2026-02-02T12:23:00.774587733Z,lightOnInvocation,2026-02-02 12:23:00.804732+00:00,2026-02-02 12:23:00.804940+00:00
30543d193d9b1d13d858a3166a6ddda5,2026-02-02T12:23:01.471852,0.00667985023393631,2026-02-02T12:23:00.774587733Z,bellOnAction,2026-02-02 12:23:02.808737+00:00,2026-02-02 12:23:02.808845+00:00
30543d193d9b1d13d858a3166a6ddda5,2026-02-02T12:23:01.471852,0.00667985023393631,2026-02-02T12:23:00.774587733Z,gateDownAction,2026-02-02 12:23:02.808120+00:00,2026-02-02 12:23:02.808206+00:00
30543d193d9b1d13d858a3166a6ddda5,2026-02-02T12:23:01.471852,0.00667985023393631,2026-02-02T12:23:00.774587733Z,bellOnInvocation,2026-02-02 12:23:00.807206+00:00,2026-02-02 12:23:00.807378+00:00
30543d193d9b1d13d858a3166a6ddda5,2026-02-02T12:23:01.471852,0.00667985023393631,2026-02-02T12:23:00.774587733Z,lightOnInvocation,2026-02-02 12:23:00.793900+00:00,2026-02-02 12:23:00.794072+00:00
30543d193d9b1d13d858a3166a6ddda5,2026-02-02T12:23:01.471852,0.00667985023393631,2026-02-02T12:23:00.774587733Z,gateDownAction,2026-02-02 12:23:02.798238+00:00,2026-02-02 12:23:02.798308+00:00
30543d193d9b1d13d858a3166a6ddda5,2026-02-02T12:23:01.471852,0.00667985023393631,2026-02-02T12:23:00.774587733Z,lightOnAction,2026-02-02 12:23:02.805341+00:00,2026-02-02 12:23:02.805423+00:00
30543d193d9b1d13d858a3166a6ddda5,2026-02-02T12:23:01.471852,0.00667985023393631,2026-02-02T12:23:00.774587733Z,gateDownInvocation,2026-02-02 12:23:00.795568+00:00,2026-02-02 12:23:00.795813+00:00
b2fabe5b66aecd82c977b1ce4b563c94,2026-02-02T12:24:01.769276,0.016894882233655453,2026-02-02T12:24:02.070969518Z,lightOffInvocation,2026-02-02 12:24:02.082791+00:00,2026-02-02 12:24:02.082912+00:00
b2fabe5b66aecd82c977b1ce4b563c94,2026-02-02T12:24:01.769276,0.016894882233655453,2026-02-02T12:24:02.070969518Z,gateUpInvocation,2026-02-02 12:24:02.081074+00:00,2026-02-02 12:24:02.081217+00:00
b2fabe5b66aecd82c977b1ce4b563c94,2026-02-02T12:24:01.769276,0.016894882233655453,2026-02-02T12:24:02.070969518Z,bellOffInvocation,2026-02-02 12:24:02.085233+00:00,2026-02-02 12:24:02.085357+00:00
b2fabe5b66aecd82c977b1ce4b563c94,2026-02-02T12:24:01.769276,0.016894882233655453,2026-02-02T12:24:02.070969518Z,bellOffInvocation,2026-02-02 12:24:02.083376+00:00,2026-02-02 12:24:02.083505+00:00
b2fabe5b66aecd82c977b1ce4b563c94,2026-02-02T12:24:01.769276,0.016894882233655453,2026-02-02T12:24:02.070969518Z,lightOffInvocation,2026-02-02 12:24:02.081367+00:00,2026-02-02 12:24:02.081508+00:00
b2fabe5b66aecd82c977b1ce4b563c94,2026-02-02T12:24:01.769276,0.016894882233655453,2026-02-02T12:24:02.070969518Z,gateUpInvocation,2026-02-02 12:24:02.081162+00:00,2026-02-02 12:24:02.081295+00:00
6d5181fbf8464ac600fba26a62258aee,2026-02-02T12:30:57.367175,0.0861628421080351,2026-02-02T12:30:57.720252615Z,lightOffInvocation,2026-02-02 12:30:57.725601+00:00,2026-02-02 12:30:57.725755+00:00
6d5181fbf8464ac600fba26a62258aee,2026-02-02T12:30:57.367175,0.0861628421080351,2026-02-02T12:30:57.720252615Z,bellOffInvocation,2026-02-02 12:30:57.733655+00:00,2026-02-02 12:30:57.733799+00:00
6d5181fbf8464ac600fba26a62258aee,2026-02-02T12:30:57.367175,0.0861628421080351,2026-02-02T12:30:57.720252615Z,gateUpInvocation,2026-02-02 12:30:57.728833+00:00,2026-02-02 12:30:57.728990+00:00
6d5181fbf8464ac600fba26a62258aee,2026-02-02T12:30:57.367175,0.0861628421080351,2026-02-02T12:30:57.720252615Z,lightOffInvocation,2026-02-02 12:30:57.726607+00:00,2026-02-02 12:30:57.726763+00:00
6d5181fbf8464ac600fba26a62258aee,2026-02-02T12:30:57.367175,0.0861628421080351,2026-02-02T12:30:57.720252615Z,bellOffInvocation,2026-02-02 12:30:57.732484+00:00,2026-02-02 12:30:57.732627+00:00
6d5181fbf8464ac600fba26a62258aee,2026-02-02T12:30:57.367175,0.0861628421080351,2026-02-02T12:30:57.720252615Z,gateUpInvocation,2026-02-02 12:30:57.725603+00:00,2026-02-02 12:30:57.725755+00:00
2428bb92aafee2dbbd7ae7a0b9c690f9,2026-02-02T12:30:00.905149,0.07675174065476656,2026-02-02T12:30:01.248180334Z,gateUpInvocation,2026-02-02 12:30:01.253834+00:00,2026-02-02 12:30:01.253913+00:00
2428bb92aafee2dbbd7ae7a0b9c690f9,2026-02-02T12:30:00.905149,0.07675174065476656,2026-02-02T12:30:01.248180334Z,lightOffInvocation,2026-02-02 12:30:01.254805+00:00,2026-02-02 12:30:01.254881+00:00
2428bb92aafee2dbbd7ae7a0b9c690f9,2026-02-02T12:30:00.905149,0.07675174065476656,2026-02-02T12:30:01.248180334Z,lightOffInvocation,2026-02-02 12:30:01.257076+00:00,2026-02-02 12:30:01.257181+00:00
2428bb92aafee2dbbd7ae7a0b9c690f9,2026-02-02T12:30:00.905149,0.07675174065476656,2026-02-02T12:30:01.248180334Z,bellOffInvocation,2026-02-02 12:30:01.257623+00:00,2026-02-02 12:30:01.257695+00:00
2428bb92aafee2dbbd7ae7a0b9c690f9,2026-02-02T12:30:00.905149,0.07675174065476656,2026-02-02T12:30:01.248180334Z,gateUpInvocation,2026-02-02 12:30:01.254783+00:00,2026-02-02 12:30:01.254861+00:00
2428bb92aafee2dbbd7ae7a0b9c690f9,2026-02-02T12:30:00.905149,0.07675174065476656,2026-02-02T12:30:01.248180334Z,bellOffInvocation,2026-02-02 12:30:01.258886+00:00,2026-02-02 12:30:01.258935+00:00
35f3a65feae8edabf31367517e7c2e61,2026-02-02T12:27:20.261547,0.04998186708854438,2026-02-02T12:27:20.613087111Z,gateUpInvocation,2026-02-02 12:27:20.627025+00:00,2026-02-02 12:27:20.627134+00:00
35f3a65feae8edabf31367517e7c2e61,2026-02-02T12:27:20.261547,0.04998186708854438,2026-02-02T12:27:20.613087111Z,lightOffInvocation,2026-02-02 12:27:20.624599+00:00,2026-02-02 12:27:20.624697+00:00
35f3a65feae8edabf31367517e7c2e61,2026-02-02T12:27:20.261547,0.04998186708854438,2026-02-02T12:27:20.613087111Z,gateUpInvocation,2026-02-02 12:27:20.624305+00:00,2026-02-02 12:27:20.624527+00:00
35f3a65feae8edabf31367517e7c2e61,2026-02-02T12:27:20.261547,0.04998186708854438,2026-02-02T12:27:20.613087111Z,bellOffInvocation,2026-02-02 12:27:20.628412+00:00,2026-02-02 12:27:20.628520+00:00
35f3a65feae8edabf31367517e7c2e61,2026-02-02T12:27:20.261547,0.04998186708854438,2026-02-02T12:27:20.613087111Z,bellOffInvocation,2026-02-02 12:27:20.628681+00:00,2026-02-02 12:27:20.628788+00:00
35f3a65feae8edabf31367517e7c2e61,2026-02-02T12:27:20.261547,0.04998186708854438,2026-02-02T12:27:20.613087111Z,lightOffInvocation,2026-02-02 12:27:20.624966+00:00,2026-02-02 12:27:20.625122+00:00
349a603a7f9c93e054416735685e3bec,2026-02-02T12:30:35.702122,0.0825517317611456,2026-02-02T12:30:36.051579109Z,gateUpInvocation,2026-02-02 12:30:36.058784+00:00,2026-02-02 12:30:36.058900+00:00
349a603a7f9c93e054416735685e3bec,2026-02-02T12:30:35.702122,0.0825517317611456,2026-02-02T12:30:36.051579109Z,bellOffInvocation,2026-02-02 12:30:36.058939+00:00,2026-02-02 12:30:36.059059+00:00
349a603a7f9c93e054416735685e3bec,2026-02-02T12:30:35.702122,0.0825517317611456,2026-02-02T12:30:36.051579109Z,lightOffInvocation,2026-02-02 12:30:36.058819+00:00,2026-02-02 12:30:36.058911+00:00
349a603a7f9c93e054416735685e3bec,2026-02-02T12:30:35.702122,0.0825517317611456,2026-02-02T12:30:36.051579109Z,lightOffInvocation,2026-02-02 12:30:36.057895+00:00,2026-02-02 12:30:36.058035+00:00
349a603a7f9c93e054416735685e3bec,2026-02-02T12:30:35.702122,0.0825517317611456,2026-02-02T12:30:36.051579109Z,gateUpInvocation,2026-02-02 12:30:36.059626+00:00,2026-02-02 12:30:36.059711+00:00
349a603a7f9c93e054416735685e3bec,2026-02-02T12:30:35.702122,0.0825517317611456,2026-02-02T12:30:36.051579109Z,bellOffInvocation,2026-02-02 12:30:36.060632+00:00,2026-02-02 12:30:36.060703+00:00
1fc73dc516e5608c758eebaa9d4d97e0,2026-02-02T12:25:32.266727,0.03197790647838116,2026-02-02T12:25:32.578247583Z,bellOffInvocation,2026-02-02 12:25:32.590442+00:00,2026-02-02 12:25:32.590549+00:00
1fc73dc516e5608c758eebaa9d4d97e0,2026-02-02T12:25:32.266727,0.03197790647838116,2026-02-02T12:25:32.578247583Z,gateUpInvocation,2026-02-02 12:25:32.587187+00:00,2026-02-02 12:25:32.587352+00:00
1fc73dc516e5608c758eebaa9d4d97e0,2026-02-02T12:25:32.266727,0.03197790647838116,2026-02-02T12:25:32.578247583Z,lightOffInvocation,2026-02-02 12:25:32.588737+00:00,2026-02-02 12:25:32.588913+00:00
1fc73dc516e5608c758eebaa9d4d97e0,2026-02-02T12:25:32.266727,0.03197790647838116,2026-02-02T12:25:32.578247583Z,bellOffInvocation,2026-02-02 12:25:32.591094+00:00,2026-02-02 12:25:32.591227+00:00
1fc73dc516e5608c758eebaa9d4d97e0,2026-02-02T12:25:32.266727,0.03197790647838116,2026-02-02T12:25:32.578247583Z,lightOffInvocation,2026-02-02 12:25:32.587065+00:00,2026-02-02 12:25:32.587204+00:00
1fc73dc516e5608c758eebaa9d4d97e0,2026-02-02T12:25:32.266727,0.03197790647838116,2026-02-02T12:25:32.578247583Z,gateUpInvocation,2026-02-02 12:25:32.588852+00:00,2026-02-02 12:25:32.589006+00:00
4d10f41b6e10c320c3d1d96240171588,2026-02-02T12:24:36.214701,0.022637991362416746,2026-02-02T12:24:36.532978654Z,gateUpInvocation,2026-02-02 12:24:36.538220+00:00,2026-02-02 12:24:36.538260+00:00
4d10f41b6e10c320c3d1d96240171588,2026-02-02T12:24:36.214701,0.022637991362416746,2026-02-02T12:24:36.532978654Z,lightOffInvocation,2026-02-02 12:24:36.536924+00:00,2026-02-02 12:24:36.536999+00:00
4d10f41b6e10c320c3d1d96240171588,2026-02-02T12:24:36.214701,0.022637991362416746,2026-02-02T12:24:36.532978654Z,lightOffInvocation,2026-02-02 12:24:36.536659+00:00,2026-02-02 12:24:36.536702+00:00
4d10f41b6e10c320c3d1d96240171588,2026-02-02T12:24:36.214701,0.022637991362416746,2026-02-02T12:24:36.532978654Z,bellOffInvocation,2026-02-02 12:24:36.538799+00:00,2026-02-02 12:24:36.538827+00:00
4d10f41b6e10c320c3d1d96240171588,2026-02-02T12:24:36.214701,0.022637991362416746,2026-02-02T12:24:36.532978654Z,gateUpInvocation,2026-02-02 12:24:36.537660+00:00,2026-02-02 12:24:36.537703+00:00
4d10f41b6e10c320c3d1d96240171588,2026-02-02T12:24:36.214701,0.022637991362416746,2026-02-02T12:24:36.532978654Z,bellOffInvocation,2026-02-02 12:24:36.539718+00:00,2026-02-02 12:24:36.539760+00:00
01fe27e37a1852a78e27a8c3ac87b66a,2026-02-02T12:31:40.867980,0.09341347778573036,2026-02-02T12:31:41.228472529Z,bellOffInvocation,2026-02-02 12:31:41.234322+00:00,2026-02-02 12:31:41.234436+00:00
01fe27e37a1852a78e27a8c3ac87b66a,2026-02-02T12:31:40.867980,0.09341347778573036,2026-02-02T12:31:41.228472529Z,lightOffInvocation,2026-02-02 12:31:41.233885+00:00,2026-02-02 12:31:41.233992+00:00
01fe27e37a1852a78e27a8c3ac87b66a,2026-02-02T12:31:40.867980,0.09341347778573036,2026-02-02T12:31:41.228472529Z,lightOffInvocation,2026-02-02 12:31:41.234105+00:00,2026-02-02 12:31:41.234222+00:00
01fe27e37a1852a78e27a8c3ac87b66a,2026-02-02T12:31:40.867980,0.09341347778573036,2026-02-02T12:31:41.228472529Z,gateUpInvocation,2026-02-02 12:31:41.235171+00:00,2026-02-02 12:31:41.235271+00:00
01fe27e37a1852a78e27a8c3ac87b66a,2026-02-02T12:31:40.867980,0.09341347778573036,2026-02-02T12:31:41.228472529Z,gateUpInvocation,2026-02-02 12:31:41.234023+00:00,2026-02-02 12:31:41.234139+00:00
01fe27e37a1852a78e27a8c3ac87b66a,2026-02-02T12:31:40.867980,0.09341347778573036,2026-02-02T12:31:41.228472529Z,bellOffInvocation,2026-02-02 12:31:41.235771+00:00,2026-02-02 12:31:41.235838+00:00
b1eda465d0f29246e085a539ee156262,2026-02-02T12:25:19.327712,0.029824316205692297,2026-02-02T12:25:19.655357307Z,lightOffInvocation,2026-02-02 12:25:19.664342+00:00,2026-02-02 12:25:19.664505+00:00
b1eda465d0f29246e085a539ee156262,2026-02-02T12:25:19.327712,0.029824316205692297,2026-02-02T12:25:19.655357307Z,bellOffInvocation,2026-02-02 12:25:19.668151+00:00,2026-02-02 12:25:19.668292+00:00
b1eda465d0f29246e085a539ee156262,2026-02-02T12:25:19.327712,0.029824316205692297,2026-02-02T12:25:19.655357307Z,gateUpInvocation,2026-02-02 12:25:19.666241+00:00,2026-02-02 12:25:19.666333+00:00
b1eda465d0f29246e085a539ee156262,2026-02-02T12:25:19.327712,0.029824316205692297,2026-02-02T12:25:19.655357307Z,lightOffInvocation,2026-02-02 12:25:19.664595+00:00,2026-02-02 12:25:19.664701+00:00
b1eda465d0f29246e085a539ee156262,2026-02-02T12:25:19.327712,0.029824316205692297,2026-02-02T12:25:19.655357307Z,bellOffInvocation,2026-02-02 12:25:19.668310+00:00,2026-02-02 12:25:19.668436+00:00
b1eda465d0f29246e085a539ee156262,2026-02-02T12:25:19.327712,0.029824316205692297,2026-02-02T12:25:19.655357307Z,gateUpInvocation,2026-02-02 12:25:19.666251+00:00,2026-02-02 12:25:19.666386+00:00
c5d4deb2b5ec84351d2ad359260d7210,2026-02-02T12:26:49.968486,0.04476345404869318,2026-02-02T12:26:49.299473002Z,lightOnInvocation,2026-02-02 12:26:49.310041+00:00,2026-02-02 12:26:49.310167+00:00
c5d4deb2b5ec84351d2ad359260d7210,2026-02-02T12:26:49.968486,0.04476345404869318,2026-02-02T12:26:49.299473002Z,gateDownInvocation,2026-02-02 12:26:49.305069+00:00,2026-02-02 12:26:49.305330+00:00
c5d4deb2b5ec84351d2ad359260d7210,2026-02-02T12:26:49.968486,0.04476345404869318,2026-02-02T12:26:49.299473002Z,gateDownAction,2026-02-02 12:26:51.307036+00:00,2026-02-02 12:26:51.307152+00:00
c5d4deb2b5ec84351d2ad359260d7210,2026-02-02T12:26:49.968486,0.04476345404869318,2026-02-02T12:26:49.299473002Z,gateDownAction,2026-02-02 12:26:51.310553+00:00,2026-02-02 12:26:51.310727+00:00
c5d4deb2b5ec84351d2ad359260d7210,2026-02-02T12:26:49.968486,0.04476345404869318,2026-02-02T12:26:49.299473002Z,gateDownInvocation,2026-02-02 12:26:49.308097+00:00,2026-02-02 12:26:49.308335+00:00
c5d4deb2b5ec84351d2ad359260d7210,2026-02-02T12:26:49.968486,0.04476345404869318,2026-02-02T12:26:49.299473002Z,bellOnAction,2026-02-02 12:26:51.311055+00:00,2026-02-02 12:26:51.311161+00:00
c5d4deb2b5ec84351d2ad359260d7210,2026-02-02T12:26:49.968486,0.04476345404869318,2026-02-02T12:26:49.299473002Z,lightOnInvocation,2026-02-02 12:26:49.305173+00:00,2026-02-02 12:26:49.305354+00:00
c5d4deb2b5ec84351d2ad359260d7210,2026-02-02T12:26:49.968486,0.04476345404869318,2026-02-02T12:26:49.299473002Z,lightOnAction,2026-02-02 12:26:51.306967+00:00,2026-02-02 12:26:51.307120+00:00
c5d4deb2b5ec84351d2ad359260d7210,2026-02-02T12:26:49.968486,0.04476345404869318,2026-02-02T12:26:49.299473002Z,bellOnInvocation,2026-02-02 12:26:49.309331+00:00,2026-02-02 12:26:49.309457+00:00
c5d4deb2b5ec84351d2ad359260d7210,2026-02-02T12:26:49.968486,0.04476345404869318,2026-02-02T12:26:49.299473002Z,bellOnAction,2026-02-02 12:26:51.311447+00:00,2026-02-02 12:26:51.311599+00:00
c5d4deb2b5ec84351d2ad359260d7210,2026-02-02T12:26:49.968486,0.04476345404869318,2026-02-02T12:26:49.299473002Z,bellOnInvocation,2026-02-02 12:26:49.309583+00:00,2026-02-02 12:26:49.309716+00:00
c5d4deb2b5ec84351d2ad359260d7210,2026-02-02T12:26:49.968486,0.04476345404869318,2026-02-02T12:26:49.299473002Z,lightOnAction,2026-02-02 12:26:51.311310+00:00,2026-02-02 12:26:51.311437+00:00
067159588ecc1c7d47efe9236bcc40da,2026-02-02T12:26:28.368380,0.041330806677556044,2026-02-02T12:26:28.701289157Z,bellOffInvocation,2026-02-02 12:26:28.713622+00:00,2026-02-02 12:26:28.713895+00:00
067159588ecc1c7d47efe9236bcc40da,2026-02-02T12:26:28.368380,0.041330806677556044,2026-02-02T12:26:28.701289157Z,lightOffInvocation,2026-02-02 12:26:28.710698+00:00,2026-02-02 12:26:28.710854+00:00
067159588ecc1c7d47efe9236bcc40da,2026-02-02T12:26:28.368380,0.041330806677556044,2026-02-02T12:26:28.701289157Z,gateUpInvocation,2026-02-02 12:26:28.709454+00:00,2026-02-02 12:26:28.709597+00:00
067159588ecc1c7d47efe9236bcc40da,2026-02-02T12:26:28.368380,0.041330806677556044,2026-02-02T12:26:28.701289157Z,lightOffInvocation,2026-02-02 12:26:28.711568+00:00,2026-02-02 12:26:28.711692+00:00
067159588ecc1c7d47efe9236bcc40da,2026-02-02T12:26:28.368380,0.041330806677556044,2026-02-02T12:26:28.701289157Z,bellOffInvocation,2026-02-02 12:26:28.712187+00:00,2026-02-02 12:26:28.712321+00:00
067159588ecc1c7d47efe9236bcc40da,2026-02-02T12:26:28.368380,0.041330806677556044,2026-02-02T12:26:28.701289157Z,gateUpInvocation,2026-02-02 12:26:28.709381+00:00,2026-02-02 12:26:28.709523+00:00
d7f2428ebb900ca18f852025561c8712,2026-02-02T12:30:18.301031,0.07948958406106234,2026-02-02T12:30:17.676810445Z,gateDownInvocation,2026-02-02 12:30:17.684214+00:00,2026-02-02 12:30:17.684552+00:00
d7f2428ebb900ca18f852025561c8712,2026-02-02T12:30:18.301031,0.07948958406106234,2026-02-02T12:30:17.676810445Z,bellOnAction,2026-02-02 12:30:19.686333+00:00,2026-02-02 12:30:19.686415+00:00
d7f2428ebb900ca18f852025561c8712,2026-02-02T12:30:18.301031,0.07948958406106234,2026-02-02T12:30:17.676810445Z,lightOnInvocation,2026-02-02 12:30:17.684228+00:00,2026-02-02 12:30:17.684384+00:00
d7f2428ebb900ca18f852025561c8712,2026-02-02T12:30:18.301031,0.07948958406106234,2026-02-02T12:30:17.676810445Z,gateDownInvocation,2026-02-02 12:30:17.684390+00:00,2026-02-02 12:30:17.684753+00:00
d7f2428ebb900ca18f852025561c8712,2026-02-02T12:30:18.301031,0.07948958406106234,2026-02-02T12:30:17.676810445Z,lightOnAction,2026-02-02 12:30:19.685821+00:00,2026-02-02 12:30:19.685905+00:00
d7f2428ebb900ca18f852025561c8712,2026-02-02T12:30:18.301031,0.07948958406106234,2026-02-02T12:30:17.676810445Z,bellOnAction,2026-02-02 12:30:19.688856+00:00,2026-02-02 12:30:19.688937+00:00
d7f2428ebb900ca18f852025561c8712,2026-02-02T12:30:18.301031,0.07948958406106234,2026-02-02T12:30:17.676810445Z,bellOnInvocation,2026-02-02 12:30:17.687511+00:00,2026-02-02 12:30:17.687642+00:00
d7f2428ebb900ca18f852025561c8712,2026-02-02T12:30:18.301031,0.07948958406106234,2026-02-02T12:30:17.676810445Z,lightOnInvocation,2026-02-02 12:30:17.687148+00:00,2026-02-02 12:30:17.687349+00:00
d7f2428ebb900ca18f852025561c8712,2026-02-02T12:30:18.301031,0.07948958406106234,2026-02-02T12:30:17.676810445Z,lightOnAction,2026-02-02 12:30:19.689029+00:00,2026-02-02 12:30:19.689099+00:00
d7f2428ebb900ca18f852025561c8712,2026-02-02T12:30:18.301031,0.07948958406106234,2026-02-02T12:30:17.676810445Z,bellOnInvocation,2026-02-02 12:30:17.685258+00:00,2026-02-02 12:30:17.685466+00:00
d7f2428ebb900ca18f852025561c8712,2026-02-02T12:30:18.301031,0.07948958406106234,2026-02-02T12:30:17.676810445Z,gateDownAction,2026-02-02 12:30:19.685573+00:00,2026-02-02 12:30:19.685659+00:00
d7f2428ebb900ca18f852025561c8712,2026-02-02T12:30:18.301031,0.07948958406106234,2026-02-02T12:30:17.676810445Z,gateDownAction,2026-02-02 12:30:19.686312+00:00,2026-02-02 12:30:19.686426+00:00
f57b6a32f3af0e8e903f32a86f7ab5b2,2026-02-02T12:25:58.142446,0.03612528785278798,2026-02-02T12:25:57.46502208Z,gateDownInvocation,2026-02-02 12:25:57.475197+00:00,2026-02-02 12:25:57.475294+00:00
f57b6a32f3af0e8e903f32a86f7ab5b2,2026-02-02T12:25:58.142446,0.03612528785278798,2026-02-02T12:25:57.46502208Z,bellOnAction,2026-02-02 12:25:59.475701+00:00,2026-02-02 12:25:59.475802+00:00
f57b6a32f3af0e8e903f32a86f7ab5b2,2026-02-02T12:25:58.142446,0.03612528785278798,2026-02-02T12:25:57.46502208Z,lightOnInvocation,2026-02-02 12:25:57.472609+00:00,2026-02-02 12:25:57.472704+00:00
f57b6a32f3af0e8e903f32a86f7ab5b2,2026-02-02T12:25:58.142446,0.03612528785278798,2026-02-02T12:25:57.46502208Z,gateDownAction,2026-02-02 12:25:59.473551+00:00,2026-02-02 12:25:59.473721+00:00
f57b6a32f3af0e8e903f32a86f7ab5b2,2026-02-02T12:25:58.142446,0.03612528785278798,2026-02-02T12:25:57.46502208Z,gateDownInvocation,2026-02-02 12:25:57.472466+00:00,2026-02-02 12:25:57.472574+00:00
f57b6a32f3af0e8e903f32a86f7ab5b2,2026-02-02T12:25:58.142446,0.03612528785278798,2026-02-02T12:25:57.46502208Z,bellOnAction,2026-02-02 12:25:59.474534+00:00,2026-02-02 12:25:59.474646+00:00
f57b6a32f3af0e8e903f32a86f7ab5b2,2026-02-02T12:25:58.142446,0.03612528785278798,2026-02-02T12:25:57.46502208Z,lightOnAction,2026-02-02 12:25:59.475314+00:00,2026-02-02 12:25:59.475429+00:00
f57b6a32f3af0e8e903f32a86f7ab5b2,2026-02-02T12:25:58.142446,0.03612528785278798,2026-02-02T12:25:57.46502208Z,bellOnInvocation,2026-02-02 12:25:57.474464+00:00,2026-02-02 12:25:57.474557+00:00
f57b6a32f3af0e8e903f32a86f7ab5b2,2026-02-02T12:25:58.142446,0.03612528785278798,2026-02-02T12:25:57.46502208Z,bellOnInvocation,2026-02-02 12:25:57.475078+00:00,2026-02-02 12:25:57.475135+00:00
f57b6a32f3af0e8e903f32a86f7ab5b2,2026-02-02T12:25:58.142446,0.03612528785278798,2026-02-02T12:25:57.46502208Z,gateDownAction,2026-02-02 12:25:59.475813+00:00,2026-02-02 12:25:59.475857+00:00
f57b6a32f3af0e8e903f32a86f7ab5b2,2026-02-02T12:25:58.142446,0.03612528785278798,2026-02-02T12:25:57.46502208Z,lightOnAction,2026-02-02 12:25:59.474032+00:00,2026-02-02 12:25:59.474145+00:00
f57b6a32f3af0e8e903f32a86f7ab5b2,2026-02-02T12:25:58.142446,0.03612528785278798,2026-02-02T12:25:57.46502208Z,lightOnInvocation,2026-02-02 12:25:57.473173+00:00,2026-02-02 12:25:57.473247+00:00
e371833f7ee53ddd00e291fc54b373e4,2026-02-02T12:26:37.012727,0.0426030264957428,2026-02-02T12:26:36.335233316Z,gateDownInvocation,2026-02-02 12:26:36.340174+00:00,2026-02-02 12:26:36.340345+00:00
e371833f7ee53ddd00e291fc54b373e4,2026-02-02T12:26:37.012727,0.0426030264957428,2026-02-02T12:26:36.335233316Z,bellOnAction,2026-02-02 12:26:38.344310+00:00,2026-02-02 12:26:38.344421+00:00
e371833f7ee53ddd00e291fc54b373e4,2026-02-02T12:26:37.012727,0.0426030264957428,2026-02-02T12:26:36.335233316Z,gateDownAction,2026-02-02 12:26:38.340650+00:00,2026-02-02 12:26:38.340873+00:00
e371833f7ee53ddd00e291fc54b373e4,2026-02-02T12:26:37.012727,0.0426030264957428,2026-02-02T12:26:36.335233316Z,bellOnAction,2026-02-02 12:26:38.342908+00:00,2026-02-02 12:26:38.343032+00:00
e371833f7ee53ddd00e291fc54b373e4,2026-02-02T12:26:37.012727,0.0426030264957428,2026-02-02T12:26:36.335233316Z,lightOnInvocation,2026-02-02 12:26:36.341307+00:00,2026-02-02 12:26:36.341395+00:00
e371833f7ee53ddd00e291fc54b373e4,2026-02-02T12:26:37.012727,0.0426030264957428,2026-02-02T12:26:36.335233316Z,bellOnInvocation,2026-02-02 12:26:36.343202+00:00,2026-02-02 12:26:36.343285+00:00
e371833f7ee53ddd00e291fc54b373e4,2026-02-02T12:26:37.012727,0.0426030264957428,2026-02-02T12:26:36.335233316Z,lightOnAction,2026-02-02 12:26:38.341306+00:00,2026-02-02 12:26:38.341432+00:00
e371833f7ee53ddd00e291fc54b373e4,2026-02-02T12:26:37.012727,0.0426030264957428,2026-02-02T12:26:36.335233316Z,gateDownInvocation,2026-02-02 12:26:36.340141+00:00,2026-02-02 12:26:36.340333+00:00
e371833f7ee53ddd00e291fc54b373e4,2026-02-02T12:26:37.012727,0.0426030264957428,2026-02-02T12:26:36.335233316Z,lightOnInvocation,2026-02-02 12:26:36.340217+00:00,2026-02-02 12:26:36.340319+00:00
e371833f7ee53ddd00e291fc54b373e4,2026-02-02T12:26:37.012727,0.0426030264957428,2026-02-02T12:26:36.335233316Z,lightOnAction,2026-02-02 12:26:38.341474+00:00,2026-02-02 12:26:38.341522+00:00
e371833f7ee53ddd00e291fc54b373e4,2026-02-02T12:26:37.012727,0.0426030264957428,2026-02-02T12:26:36.335233316Z,gateDownAction,2026-02-02 12:26:38.341291+00:00,2026-02-02 12:26:38.341393+00:00
e371833f7ee53ddd00e291fc54b373e4,2026-02-02T12:26:37.012727,0.0426030264957428,2026-02-02T12:26:36.335233316Z,bellOnInvocation,2026-02-02 12:26:36.341550+00:00,2026-02-02 12:26:36.341628+00:00
23586b61ddaabb68d66afa3696f30c90,2026-02-02T12:25:06.402930,0.027503774880182748,2026-02-02T12:25:05.730718413Z,gateDownAction,2026-02-02 12:25:07.742144+00:00,2026-02-02 12:25:07.742230+00:00
23586b61ddaabb68d66afa3696f30c90,2026-02-02T12:25:06.402930,0.027503774880182748,2026-02-02T12:25:05.730718413Z,gateDownInvocation,2026-02-02 12:25:05.740197+00:00,2026-02-02 12:25:05.740431+00:00
23586b61ddaabb68d66afa3696f30c90,2026-02-02T12:25:06.402930,0.027503774880182748,2026-02-02T12:25:05.730718413Z,lightOnInvocation,2026-02-02 12:25:05.742245+00:00,2026-02-02 12:25:05.742372+00:00
23586b61ddaabb68d66afa3696f30c90,2026-02-02T12:25:06.402930,0.027503774880182748,2026-02-02T12:25:05.730718413Z,gateDownAction,2026-02-02 12:25:07.742051+00:00,2026-02-02 12:25:07.742165+00:00
23586b61ddaabb68d66afa3696f30c90,2026-02-02T12:25:06.402930,0.027503774880182748,2026-02-02T12:25:05.730718413Z,lightOnAction,2026-02-02 12:25:07.742051+00:00,2026-02-02 12:25:07.742165+00:00
23586b61ddaabb68d66afa3696f30c90,2026-02-02T12:25:06.402930,0.027503774880182748,2026-02-02T12:25:05.730718413Z,bellOnInvocation,2026-02-02 12:25:05.743406+00:00,2026-02-02 12:25:05.743555+00:00
23586b61ddaabb68d66afa3696f30c90,2026-02-02T12:25:06.402930,0.027503774880182748,2026-02-02T12:25:05.730718413Z,gateDownInvocation,2026-02-02 12:25:05.740813+00:00,2026-02-02 12:25:05.741008+00:00
23586b61ddaabb68d66afa3696f30c90,2026-02-02T12:25:06.402930,0.027503774880182748,2026-02-02T12:25:05.730718413Z,bellOnAction,2026-02-02 12:25:07.744739+00:00,2026-02-02 12:25:07.744824+00:00
23586b61ddaabb68d66afa3696f30c90,2026-02-02T12:25:06.402930,0.027503774880182748,2026-02-02T12:25:05.730718413Z,lightOnInvocation,2026-02-02 12:25:05.740999+00:00,2026-02-02 12:25:05.741167+00:00
23586b61ddaabb68d66afa3696f30c90,2026-02-02T12:25:06.402930,0.027503774880182748,2026-02-02T12:25:05.730718413Z,lightOnAction,2026-02-02 12:25:07.742555+00:00,2026-02-02 12:25:07.742623+00:00
23586b61ddaabb68d66afa3696f30c90,2026-02-02T12:25:06.402930,0.027503774880182748,2026-02-02T12:25:05.730718413Z,bellOnInvocation,2026-02-02 12:25:05.743060+00:00,2026-02-02 12:25:05.743214+00:00
23586b61ddaabb68d66afa3696f30c90,2026-02-02T12:25:06.402930,0.027503774880182748,2026-02-02T12:25:05.730718413Z,bellOnAction,2026-02-02 12:25:07.743708+00:00,2026-02-02 12:25:07.743780+00:00
f30c1499f143c2168e4220bf79d53a40,2026-02-02T12:32:06.937337,0.09776120585892202,2026-02-02T12:32:07.317348477Z,bellOffInvocation,2026-02-02 12:32:07.320394+00:00,2026-02-02 12:32:07.320437+00:00
f30c1499f143c2168e4220bf79d53a40,2026-02-02T12:32:06.937337,0.09776120585892202,2026-02-02T12:32:07.317348477Z,bellOffInvocation,2026-02-02 12:32:07.322561+00:00,2026-02-02 12:32:07.322603+00:00
f30c1499f143c2168e4220bf79d53a40,2026-02-02T12:32:06.937337,0.09776120585892202,2026-02-02T12:32:07.317348477Z,gateUpInvocation,2026-02-02 12:32:07.319861+00:00,2026-02-02 12:32:07.319893+00:00
f30c1499f143c2168e4220bf79d53a40,2026-02-02T12:32:06.937337,0.09776120585892202,2026-02-02T12:32:07.317348477Z,gateUpInvocation,2026-02-02 12:32:07.319788+00:00,2026-02-02 12:32:07.319829+00:00
f30c1499f143c2168e4220bf79d53a40,2026-02-02T12:32:06.937337,0.09776120585892202,2026-02-02T12:32:07.317348477Z,lightOffInvocation,2026-02-02 12:32:07.319770+00:00,2026-02-02 12:32:07.319800+00:00
f30c1499f143c2168e4220bf79d53a40,2026-02-02T12:32:06.937337,0.09776120585892202,2026-02-02T12:32:07.317348477Z,lightOffInvocation,2026-02-02 12:32:07.320441+00:00,2026-02-02 12:32:07.320478+00:00
c1b5dc8603e9b7f8b1a3d680deede41f,2026-02-02T12:23:44.539968,0.01385747716575861,2026-02-02T12:23:43.844645772Z,bellOnInvocation,2026-02-02 12:23:43.854457+00:00,2026-02-02 12:23:43.854592+00:00
c1b5dc8603e9b7f8b1a3d680deede41f,2026-02-02T12:23:44.539968,0.01385747716575861,2026-02-02T12:23:43.844645772Z,gateDownAction,2026-02-02 12:23:45.853475+00:00,2026-02-02 12:23:45.853561+00:00
c1b5dc8603e9b7f8b1a3d680deede41f,2026-02-02T12:23:44.539968,0.01385747716575861,2026-02-02T12:23:43.844645772Z,lightOnInvocation,2026-02-02 12:23:43.853066+00:00,2026-02-02 12:23:43.853176+00:00
c1b5dc8603e9b7f8b1a3d680deede41f,2026-02-02T12:23:44.539968,0.01385747716575861,2026-02-02T12:23:43.844645772Z,bellOnAction,2026-02-02 12:23:45.854785+00:00,2026-02-02 12:23:45.854834+00:00
c1b5dc8603e9b7f8b1a3d680deede41f,2026-02-02T12:23:44.539968,0.01385747716575861,2026-02-02T12:23:43.844645772Z,gateDownInvocation,2026-02-02 12:23:43.852271+00:00,2026-02-02 12:23:43.852488+00:00
c1b5dc8603e9b7f8b1a3d680deede41f,2026-02-02T12:23:44.539968,0.01385747716575861,2026-02-02T12:23:43.844645772Z,lightOnAction,2026-02-02 12:23:45.853336+00:00,2026-02-02 12:23:45.853431+00:00
c1b5dc8603e9b7f8b1a3d680deede41f,2026-02-02T12:23:44.539968,0.01385747716575861,2026-02-02T12:23:43.844645772Z,gateDownAction,2026-02-02 12:23:45.854731+00:00,2026-02-02 12:23:45.854798+00:00
c1b5dc8603e9b7f8b1a3d680deede41f,2026-02-02T12:23:44.539968,0.01385747716575861,2026-02-02T12:23:43.844645772Z,bellOnInvocation,2026-02-02 12:23:43.853741+00:00,2026-02-02 12:23:43.854019+00:00
c1b5dc8603e9b7f8b1a3d680deede41f,2026-02-02T12:23:44.539968,0.01385747716575861,2026-02-02T12:23:43.844645772Z,bellOnAction,2026-02-02 12:23:45.856216+00:00,2026-02-02 12:23:45.856307+00:00
c1b5dc8603e9b7f8b1a3d680deede41f,2026-02-02T12:23:44.539968,0.01385747716575861,2026-02-02T12:23:43.844645772Z,lightOnAction,2026-02-02 12:23:45.856120+00:00,2026-02-02 12:23:45.856209+00:00
c1b5dc8603e9b7f8b1a3d680deede41f,2026-02-02T12:23:44.539968,0.01385747716575861,2026-02-02T12:23:43.844645772Z,lightOnInvocation,2026-02-02 12:23:43.854327+00:00,2026-02-02 12:23:43.854459+00:00
c1b5dc8603e9b7f8b1a3d680deede41f,2026-02-02T12:23:44.539968,0.01385747716575861,2026-02-02T12:23:43.844645772Z,gateDownInvocation,2026-02-02 12:23:43.853781+00:00,2026-02-02 12:23:43.854017+00:00
63d6543825122ed4c264f3478d7a9913,2026-02-02T12:24:53.466130,0.0255123915255785,2026-02-02T12:24:53.781264916Z,gateUpInvocation,2026-02-02 12:24:53.789500+00:00,2026-02-02 12:24:53.789643+00:00
63d6543825122ed4c264f3478d7a9913,2026-02-02T12:24:53.466130,0.0255123915255785,2026-02-02T12:24:53.781264916Z,bellOffInvocation,2026-02-02 12:24:53.794475+00:00,2026-02-02 12:24:53.794614+00:00
63d6543825122ed4c264f3478d7a9913,2026-02-02T12:24:53.466130,0.0255123915255785,2026-02-02T12:24:53.781264916Z,lightOffInvocation,2026-02-02 12:24:53.789571+00:00,2026-02-02 12:24:53.789725+00:00
63d6543825122ed4c264f3478d7a9913,2026-02-02T12:24:53.466130,0.0255123915255785,2026-02-02T12:24:53.781264916Z,bellOffInvocation,2026-02-02 12:24:53.794561+00:00,2026-02-02 12:24:53.794642+00:00
63d6543825122ed4c264f3478d7a9913,2026-02-02T12:24:53.466130,0.0255123915255785,2026-02-02T12:24:53.781264916Z,lightOffInvocation,2026-02-02 12:24:53.792744+00:00,2026-02-02 12:24:53.792873+00:00
63d6543825122ed4c264f3478d7a9913,2026-02-02T12:24:53.466130,0.0255123915255785,2026-02-02T12:24:53.781264916Z,gateUpInvocation,2026-02-02 12:24:53.790748+00:00,2026-02-02 12:24:53.791002+00:00
af9aff0fcbabfaf94c942cb58dfe4b27,2026-02-02T12:25:15.023219,0.029104565224909784,2026-02-02T12:25:15.336429696Z,bellOffInvocation,2026-02-02 12:25:15.347689+00:00,2026-02-02 12:25:15.347813+00:00
af9aff0fcbabfaf94c942cb58dfe4b27,2026-02-02T12:25:15.023219,0.029104565224909784,2026-02-02T12:25:15.336429696Z,lightOffInvocation,2026-02-02 12:25:15.345003+00:00,2026-02-02 12:25:15.345099+00:00
af9aff0fcbabfaf94c942cb58dfe4b27,2026-02-02T12:25:15.023219,0.029104565224909784,2026-02-02T12:25:15.336429696Z,gateUpInvocation,2026-02-02 12:25:15.346324+00:00,2026-02-02 12:25:15.346429+00:00
af9aff0fcbabfaf94c942cb58dfe4b27,2026-02-02T12:25:15.023219,0.029104565224909784,2026-02-02T12:25:15.336429696Z,bellOffInvocation,2026-02-02 12:25:15.349182+00:00,2026-02-02 12:25:15.349295+00:00
af9aff0fcbabfaf94c942cb58dfe4b27,2026-02-02T12:25:15.023219,0.029104565224909784,2026-02-02T12:25:15.336429696Z,lightOffInvocation,2026-02-02 12:25:15.345164+00:00,2026-02-02 12:25:15.345297+00:00
af9aff0fcbabfaf94c942cb58dfe4b27,2026-02-02T12:25:15.023219,0.029104565224909784,2026-02-02T12:25:15.336429696Z,gateUpInvocation,2026-02-02 12:25:15.345645+00:00,2026-02-02 12:25:15.345776+00:00
090a8d3b5460644f177a7ae38f739809,2026-02-02T12:27:41.947938,0.053423791908741004,2026-02-02T12:27:41.266413704Z,gateDownAction,2026-02-02 12:27:43.282512+00:00,2026-02-02 12:27:43.282592+00:00
090a8d3b5460644f177a7ae38f739809,2026-02-02T12:27:41.947938,0.053423791908741004,2026-02-02T12:27:41.266413704Z,lightOnAction,2026-02-02 12:27:43.280273+00:00,2026-02-02 12:27:43.280359+00:00
090a8d3b5460644f177a7ae38f739809,2026-02-02T12:27:41.947938,0.053423791908741004,2026-02-02T12:27:41.266413704Z,bellOnInvocation,2026-02-02 12:27:41.280065+00:00,2026-02-02 12:27:41.280339+00:00
090a8d3b5460644f177a7ae38f739809,2026-02-02T12:27:41.947938,0.053423791908741004,2026-02-02T12:27:41.266413704Z,gateDownInvocation,2026-02-02 12:27:41.280900+00:00,2026-02-02 12:27:41.281201+00:00
090a8d3b5460644f177a7ae38f739809,2026-02-02T12:27:41.947938,0.053423791908741004,2026-02-02T12:27:41.266413704Z,bellOnAction,2026-02-02 12:27:43.284037+00:00,2026-02-02 12:27:43.284127+00:00
090a8d3b5460644f177a7ae38f739809,2026-02-02T12:27:41.947938,0.053423791908741004,2026-02-02T12:27:41.266413704Z,lightOnAction,2026-02-02 12:27:43.279822+00:00,2026-02-02 12:27:43.279916+00:00
090a8d3b5460644f177a7ae38f739809,2026-02-02T12:27:41.947938,0.053423791908741004,2026-02-02T12:27:41.266413704Z,lightOnInvocation,2026-02-02 12:27:41.278234+00:00,2026-02-02 12:27:41.278436+00:00
090a8d3b5460644f177a7ae38f739809,2026-02-02T12:27:41.947938,0.053423791908741004,2026-02-02T12:27:41.266413704Z,gateDownInvocation,2026-02-02 12:27:41.281529+00:00,2026-02-02 12:27:41.281861+00:00
090a8d3b5460644f177a7ae38f739809,2026-02-02T12:27:41.947938,0.053423791908741004,2026-02-02T12:27:41.266413704Z,lightOnInvocation,2026-02-02 12:27:41.276564+00:00,2026-02-02 12:27:41.276824+00:00
090a8d3b5460644f177a7ae38f739809,2026-02-02T12:27:41.947938,0.053423791908741004,2026-02-02T12:27:41.266413704Z,bellOnInvocation,2026-02-02 12:27:41.281925+00:00,2026-02-02 12:27:41.282130+00:00
090a8d3b5460644f177a7ae38f739809,2026-02-02T12:27:41.947938,0.053423791908741004,2026-02-02T12:27:41.266413704Z,bellOnAction,2026-02-02 12:27:43.282142+00:00,2026-02-02 12:27:43.282247+00:00
090a8d3b5460644f177a7ae38f739809,2026-02-02T12:27:41.947938,0.053423791908741004,2026-02-02T12:27:41.266413704Z,gateDownAction,2026-02-02 12:27:43.284214+00:00,2026-02-02 12:27:43.284314+00:00
e7b8b0271ddbba745cab8285a419ac33,2026-02-02T12:31:01.672301,0.08687414382307529,2026-02-02T12:31:01.988602003Z,gateUpInvocation,2026-02-02 12:31:01.995499+00:00,2026-02-02 12:31:01.995647+00:00
e7b8b0271ddbba745cab8285a419ac33,2026-02-02T12:31:01.672301,0.08687414382307529,2026-02-02T12:31:01.988602003Z,lightOffInvocation,2026-02-02 12:31:01.995866+00:00,2026-02-02 12:31:01.996033+00:00
e7b8b0271ddbba745cab8285a419ac33,2026-02-02T12:31:01.672301,0.08687414382307529,2026-02-02T12:31:01.988602003Z,bellOffInvocation,2026-02-02 12:31:01.998291+00:00,2026-02-02 12:31:01.998403+00:00
e7b8b0271ddbba745cab8285a419ac33,2026-02-02T12:31:01.672301,0.08687414382307529,2026-02-02T12:31:01.988602003Z,lightOffInvocation,2026-02-02 12:31:01.997655+00:00,2026-02-02 12:31:01.997739+00:00
e7b8b0271ddbba745cab8285a419ac33,2026-02-02T12:31:01.672301,0.08687414382307529,2026-02-02T12:31:01.988602003Z,gateUpInvocation,2026-02-02 12:31:01.995750+00:00,2026-02-02 12:31:01.995888+00:00
e7b8b0271ddbba745cab8285a419ac33,2026-02-02T12:31:01.672301,0.08687414382307529,2026-02-02T12:31:01.988602003Z,bellOffInvocation,2026-02-02 12:31:01.995765+00:00,2026-02-02 12:31:01.995876+00:00
c0d952c087d11a35e0d24708b66d08e8,2026-02-02T12:28:47.075399,0.06427497776165009,2026-02-02T12:28:46.380034139Z,bellOnInvocation,2026-02-02 12:28:46.394972+00:00,2026-02-02 12:28:46.395144+00:00
c0d952c087d11a35e0d24708b66d08e8,2026-02-02T12:28:47.075399,0.06427497776165009,2026-02-02T12:28:46.380034139Z,lightOnAction,2026-02-02 12:28:48.395768+00:00,2026-02-02 12:28:48.395850+00:00
c0d952c087d11a35e0d24708b66d08e8,2026-02-02T12:28:47.075399,0.06427497776165009,2026-02-02T12:28:46.380034139Z,gateDownAction,2026-02-02 12:28:48.392375+00:00,2026-02-02 12:28:48.392450+00:00
c0d952c087d11a35e0d24708b66d08e8,2026-02-02T12:28:47.075399,0.06427497776165009,2026-02-02T12:28:46.380034139Z,bellOnInvocation,2026-02-02 12:28:46.395902+00:00,2026-02-02 12:28:46.396092+00:00
c0d952c087d11a35e0d24708b66d08e8,2026-02-02T12:28:47.075399,0.06427497776165009,2026-02-02T12:28:46.380034139Z,bellOnAction,2026-02-02 12:28:48.396392+00:00,2026-02-02 12:28:48.396508+00:00
c0d952c087d11a35e0d24708b66d08e8,2026-02-02T12:28:47.075399,0.06427497776165009,2026-02-02T12:28:46.380034139Z,lightOnInvocation,2026-02-02 12:28:46.389595+00:00,2026-02-02 12:28:46.391947+00:00
c0d952c087d11a35e0d24708b66d08e8,2026-02-02T12:28:47.075399,0.06427497776165009,2026-02-02T12:28:46.380034139Z,gateDownInvocation,2026-02-02 12:28:46.389830+00:00,2026-02-02 12:28:46.390416+00:00
c0d952c087d11a35e0d24708b66d08e8,2026-02-02T12:28:47.075399,0.06427497776165009,2026-02-02T12:28:46.380034139Z,gateDownInvocation,2026-02-02 12:28:46.391544+00:00,2026-02-02 12:28:46.391844+00:00
c0d952c087d11a35e0d24708b66d08e8,2026-02-02T12:28:47.075399,0.06427497776165009,2026-02-02T12:28:46.380034139Z,lightOnAction,2026-02-02 12:28:48.390778+00:00,2026-02-02 12:28:48.390864+00:00
c0d952c087d11a35e0d24708b66d08e8,2026-02-02T12:28:47.075399,0.06427497776165009,2026-02-02T12:28:46.380034139Z,gateDownAction,2026-02-02 12:28:48.391707+00:00,2026-02-02 12:28:48.391793+00:00
c0d952c087d11a35e0d24708b66d08e8,2026-02-02T12:28:47.075399,0.06427497776165009,2026-02-02T12:28:46.380034139Z,bellOnAction,2026-02-02 12:28:48.397508+00:00,2026-02-02 12:28:48.397590+00:00
c0d952c087d11a35e0d24708b66d08e8,2026-02-02T12:28:47.075399,0.06427497776165009,2026-02-02T12:28:46.380034139Z,lightOnInvocation,2026-02-02 12:28:46.388937+00:00,2026-02-02 12:28:46.389155+00:00
1531cb96b8ffc07cd5caee98e877b3b7,2026-02-02T12:30:57.367175,0.08598838575316668,2026-02-02T12:30:56.67352602Z,gateDownAction,2026-02-02 12:30:58.684532+00:00,2026-02-02 12:30:58.684602+00:00
1531cb96b8ffc07cd5caee98e877b3b7,2026-02-02T12:30:57.367175,0.08598838575316668,2026-02-02T12:30:56.67352602Z,bellOnInvocation,2026-02-02 12:30:56.682736+00:00,2026-02-02 12:30:56.682957+00:00
1531cb96b8ffc07cd5caee98e877b3b7,2026-02-02T12:30:57.367175,0.08598838575316668,2026-02-02T12:30:56.67352602Z,bellOnInvocation,2026-02-02 12:30:56.687762+00:00,2026-02-02 12:30:56.687933+00:00
1531cb96b8ffc07cd5caee98e877b3b7,2026-02-02T12:30:57.367175,0.08598838575316668,2026-02-02T12:30:56.67352602Z,gateDownInvocation,2026-02-02 12:30:56.683445+00:00,2026-02-02 12:30:56.683775+00:00
1531cb96b8ffc07cd5caee98e877b3b7,2026-02-02T12:30:57.367175,0.08598838575316668,2026-02-02T12:30:56.67352602Z,bellOnAction,2026-02-02 12:30:58.688433+00:00,2026-02-02 12:30:58.688500+00:00
1531cb96b8ffc07cd5caee98e877b3b7,2026-02-02T12:30:57.367175,0.08598838575316668,2026-02-02T12:30:56.67352602Z,lightOnInvocation,2026-02-02 12:30:56.680179+00:00,2026-02-02 12:30:56.680366+00:00
1531cb96b8ffc07cd5caee98e877b3b7,2026-02-02T12:30:57.367175,0.08598838575316668,2026-02-02T12:30:56.67352602Z,lightOnAction,2026-02-02 12:30:58.682886+00:00,2026-02-02 12:30:58.683020+00:00
1531cb96b8ffc07cd5caee98e877b3b7,2026-02-02T12:30:57.367175,0.08598838575316668,2026-02-02T12:30:56.67352602Z,gateDownInvocation,2026-02-02 12:30:56.680285+00:00,2026-02-02 12:30:56.680611+00:00
1531cb96b8ffc07cd5caee98e877b3b7,2026-02-02T12:30:57.367175,0.08598838575316668,2026-02-02T12:30:56.67352602Z,gateDownAction,2026-02-02 12:30:58.681578+00:00,2026-02-02 12:30:58.681666+00:00
1531cb96b8ffc07cd5caee98e877b3b7,2026-02-02T12:30:57.367175,0.08598838575316668,2026-02-02T12:30:56.67352602Z,lightOnInvocation,2026-02-02 12:30:56.681689+00:00,2026-02-02 12:30:56.681923+00:00
1531cb96b8ffc07cd5caee98e877b3b7,2026-02-02T12:30:57.367175,0.08598838575316668,2026-02-02T12:30:56.67352602Z,lightOnAction,2026-02-02 12:30:58.681710+00:00,2026-02-02 12:30:58.681796+00:00
1531cb96b8ffc07cd5caee98e877b3b7,2026-02-02T12:30:57.367175,0.08598838575316668,2026-02-02T12:30:56.67352602Z,bellOnAction,2026-02-02 12:30:58.683863+00:00,2026-02-02 12:30:58.683945+00:00
8df6b9f108a6675d9f7b138fe3c4c93c,2026-02-02T12:27:46.300221,0.05431803007677794,2026-02-02T12:27:46.632610436Z,lightOffInvocation,2026-02-02 12:27:46.643446+00:00,2026-02-02 12:27:46.643617+00:00
8df6b9f108a6675d9f7b138fe3c4c93c,2026-02-02T12:27:46.300221,0.05431803007677794,2026-02-02T12:27:46.632610436Z,gateUpInvocation,2026-02-02 12:27:46.644578+00:00,2026-02-02 12:27:46.644740+00:00
8df6b9f108a6675d9f7b138fe3c4c93c,2026-02-02T12:27:46.300221,0.05431803007677794,2026-02-02T12:27:46.632610436Z,bellOffInvocation,2026-02-02 12:27:46.644592+00:00,2026-02-02 12:27:46.644750+00:00
8df6b9f108a6675d9f7b138fe3c4c93c,2026-02-02T12:27:46.300221,0.05431803007677794,2026-02-02T12:27:46.632610436Z,gateUpInvocation,2026-02-02 12:27:46.643918+00:00,2026-02-02 12:27:46.644101+00:00
8df6b9f108a6675d9f7b138fe3c4c93c,2026-02-02T12:27:46.300221,0.05431803007677794,2026-02-02T12:27:46.632610436Z,bellOffInvocation,2026-02-02 12:27:46.649475+00:00,2026-02-02 12:27:46.649576+00:00
8df6b9f108a6675d9f7b138fe3c4c93c,2026-02-02T12:27:46.300221,0.05431803007677794,2026-02-02T12:27:46.632610436Z,lightOffInvocation,2026-02-02 12:27:46.646099+00:00,2026-02-02 12:27:46.646244+00:00
675fad75c920675c26add58acbc889c2,2026-02-02T12:24:18.971259,0.01976283421649933,2026-02-02T12:24:19.280403977Z,lightOffInvocation,2026-02-02 12:24:19.293003+00:00,2026-02-02 12:24:19.293146+00:00
675fad75c920675c26add58acbc889c2,2026-02-02T12:24:18.971259,0.01976283421649933,2026-02-02T12:24:19.280403977Z,gateUpInvocation,2026-02-02 12:24:19.291098+00:00,2026-02-02 12:24:19.291247+00:00
675fad75c920675c26add58acbc889c2,2026-02-02T12:24:18.971259,0.01976283421649933,2026-02-02T12:24:19.280403977Z,bellOffInvocation,2026-02-02 12:24:19.293704+00:00,2026-02-02 12:24:19.293830+00:00
675fad75c920675c26add58acbc889c2,2026-02-02T12:24:18.971259,0.01976283421649933,2026-02-02T12:24:19.280403977Z,bellOffInvocation,2026-02-02 12:24:19.294815+00:00,2026-02-02 12:24:19.294977+00:00
675fad75c920675c26add58acbc889c2,2026-02-02T12:24:18.971259,0.01976283421649933,2026-02-02T12:24:19.280403977Z,gateUpInvocation,2026-02-02 12:24:19.291336+00:00,2026-02-02 12:24:19.291467+00:00
675fad75c920675c26add58acbc889c2,2026-02-02T12:24:18.971259,0.01976283421649933,2026-02-02T12:24:19.280403977Z,lightOffInvocation,2026-02-02 12:24:19.290374+00:00,2026-02-02 12:24:19.290512+00:00
c4abb1412d3e49b18628a6bb47f7f96a,2026-02-02T12:28:51.421911,0.06500201646955014,2026-02-02T12:28:50.742729397Z,lightOnAction,2026-02-02 12:28:52.752039+00:00,2026-02-02 12:28:52.752128+00:00
c4abb1412d3e49b18628a6bb47f7f96a,2026-02-02T12:28:51.421911,0.06500201646955014,2026-02-02T12:28:50.742729397Z,gateDownAction,2026-02-02 12:28:52.751370+00:00,2026-02-02 12:28:52.751451+00:00
c4abb1412d3e49b18628a6bb47f7f96a,2026-02-02T12:28:51.421911,0.06500201646955014,2026-02-02T12:28:50.742729397Z,lightOnInvocation,2026-02-02 12:28:50.751492+00:00,2026-02-02 12:28:50.751873+00:00
c4abb1412d3e49b18628a6bb47f7f96a,2026-02-02T12:28:51.421911,0.06500201646955014,2026-02-02T12:28:50.742729397Z,lightOnAction,2026-02-02 12:28:52.753305+00:00,2026-02-02 12:28:52.753389+00:00
c4abb1412d3e49b18628a6bb47f7f96a,2026-02-02T12:28:51.421911,0.06500201646955014,2026-02-02T12:28:50.742729397Z,bellOnInvocation,2026-02-02 12:28:50.753294+00:00,2026-02-02 12:28:50.753481+00:00
c4abb1412d3e49b18628a6bb47f7f96a,2026-02-02T12:28:51.421911,0.06500201646955014,2026-02-02T12:28:50.742729397Z,gateDownInvocation,2026-02-02 12:28:50.753968+00:00,2026-02-02 12:28:50.754240+00:00
c4abb1412d3e49b18628a6bb47f7f96a,2026-02-02T12:28:51.421911,0.06500201646955014,2026-02-02T12:28:50.742729397Z,gateDownAction,2026-02-02 12:28:52.754880+00:00,2026-02-02 12:28:52.754955+00:00
c4abb1412d3e49b18628a6bb47f7f96a,2026-02-02T12:28:51.421911,0.06500201646955014,2026-02-02T12:28:50.742729397Z,gateDownInvocation,2026-02-02 12:28:50.750285+00:00,2026-02-02 12:28:50.750584+00:00
c4abb1412d3e49b18628a6bb47f7f96a,2026-02-02T12:28:51.421911,0.06500201646955014,2026-02-02T12:28:50.742729397Z,bellOnInvocation,2026-02-02 12:28:50.751856+00:00,2026-02-02 12:28:50.752091+00:00
c4abb1412d3e49b18628a6bb47f7f96a,2026-02-02T12:28:51.421911,0.06500201646955014,2026-02-02T12:28:50.742729397Z,lightOnInvocation,2026-02-02 12:28:50.750535+00:00,2026-02-02 12:28:50.750729+00:00
c4abb1412d3e49b18628a6bb47f7f96a,2026-02-02T12:28:51.421911,0.06500201646955014,2026-02-02T12:28:50.742729397Z,bellOnAction,2026-02-02 12:28:52.754489+00:00,2026-02-02 12:28:52.754584+00:00
c4abb1412d3e49b18628a6bb47f7f96a,2026-02-02T12:28:51.421911,0.06500201646955014,2026-02-02T12:28:50.742729397Z,bellOnAction,2026-02-02 12:28:52.754308+00:00,2026-02-02 12:28:52.754397+00:00
9b976642c42174f9885be8236b1c5f80,2026-02-02T12:22:57.170181,0.0061300046524882315,2026-02-02T12:22:57.475131201Z,bellOffInvocation,2026-02-02 12:22:57.482206+00:00,2026-02-02 12:22:57.482249+00:00
9b976642c42174f9885be8236b1c5f80,2026-02-02T12:22:57.170181,0.0061300046524882315,2026-02-02T12:22:57.475131201Z,lightOffInvocation,2026-02-02 12:22:57.482048+00:00,2026-02-02 12:22:57.482094+00:00
9b976642c42174f9885be8236b1c5f80,2026-02-02T12:22:57.170181,0.0061300046524882315,2026-02-02T12:22:57.475131201Z,bellOffInvocation,2026-02-02 12:22:57.483116+00:00,2026-02-02 12:22:57.483167+00:00
9b976642c42174f9885be8236b1c5f80,2026-02-02T12:22:57.170181,0.0061300046524882315,2026-02-02T12:22:57.475131201Z,gateUpInvocation,2026-02-02 12:22:57.480386+00:00,2026-02-02 12:22:57.480428+00:00
9b976642c42174f9885be8236b1c5f80,2026-02-02T12:22:57.170181,0.0061300046524882315,2026-02-02T12:22:57.475131201Z,lightOffInvocation,2026-02-02 12:22:57.479698+00:00,2026-02-02 12:22:57.479745+00:00
9b976642c42174f9885be8236b1c5f80,2026-02-02T12:22:57.170181,0.0061300046524882315,2026-02-02T12:22:57.475131201Z,gateUpInvocation,2026-02-02 12:22:57.480816+00:00,2026-02-02 12:22:57.480858+00:00
f3aa6d9f9f25f472295e2c115d7aad8c,2026-02-02T12:23:18.684824,0.009548287071943284,2026-02-02T12:23:17.987002218Z,bellOnInvocation,2026-02-02 12:23:17.999989+00:00,2026-02-02 12:23:18.000146+00:00
f3aa6d9f9f25f472295e2c115d7aad8c,2026-02-02T12:23:18.684824,0.009548287071943284,2026-02-02T12:23:17.987002218Z,bellOnInvocation,2026-02-02 12:23:18.005982+00:00,2026-02-02 12:23:18.006158+00:00
f3aa6d9f9f25f472295e2c115d7aad8c,2026-02-02T12:23:18.684824,0.009548287071943284,2026-02-02T12:23:17.987002218Z,lightOnAction,2026-02-02 12:23:20.002207+00:00,2026-02-02 12:23:20.002280+00:00
f3aa6d9f9f25f472295e2c115d7aad8c,2026-02-02T12:23:18.684824,0.009548287071943284,2026-02-02T12:23:17.987002218Z,gateDownAction,2026-02-02 12:23:20.000575+00:00,2026-02-02 12:23:20.000701+00:00
f3aa6d9f9f25f472295e2c115d7aad8c,2026-02-02T12:23:18.684824,0.009548287071943284,2026-02-02T12:23:17.987002218Z,gateDownAction,2026-02-02 12:23:19.997467+00:00,2026-02-02 12:23:19.997564+00:00
f3aa6d9f9f25f472295e2c115d7aad8c,2026-02-02T12:23:18.684824,0.009548287071943284,2026-02-02T12:23:17.987002218Z,bellOnAction,2026-02-02 12:23:20.000832+00:00,2026-02-02 12:23:20.000964+00:00
f3aa6d9f9f25f472295e2c115d7aad8c,2026-02-02T12:23:18.684824,0.009548287071943284,2026-02-02T12:23:17.987002218Z,lightOnAction,2026-02-02 12:23:20.002227+00:00,2026-02-02 12:23:20.002310+00:00
f3aa6d9f9f25f472295e2c115d7aad8c,2026-02-02T12:23:18.684824,0.009548287071943284,2026-02-02T12:23:17.987002218Z,lightOnInvocation,2026-02-02 12:23:18.000542+00:00,2026-02-02 12:23:18.000713+00:00
f3aa6d9f9f25f472295e2c115d7aad8c,2026-02-02T12:23:18.684824,0.009548287071943284,2026-02-02T12:23:17.987002218Z,lightOnInvocation,2026-02-02 12:23:18.000448+00:00,2026-02-02 12:23:18.000896+00:00
f3aa6d9f9f25f472295e2c115d7aad8c,2026-02-02T12:23:18.684824,0.009548287071943284,2026-02-02T12:23:17.987002218Z,bellOnAction,2026-02-02 12:23:20.006613+00:00,2026-02-02 12:23:20.006700+00:00
f3aa6d9f9f25f472295e2c115d7aad8c,2026-02-02T12:23:18.684824,0.009548287071943284,2026-02-02T12:23:17.987002218Z,gateDownInvocation,2026-02-02 12:23:17.998310+00:00,2026-02-02 12:23:17.998546+00:00
f3aa6d9f9f25f472295e2c115d7aad8c,2026-02-02T12:23:18.684824,0.009548287071943284,2026-02-02T12:23:17.987002218Z,gateDownInvocation,2026-02-02 12:23:17.996555+00:00,2026-02-02 12:23:17.996750+00:00
d872e2684e614918340e6ff6931532c1,2026-02-02T12:23:57.466429,0.01617913644338846,2026-02-02T12:23:57.776197921Z,gateUpInvocation,2026-02-02 12:23:57.795228+00:00,2026-02-02 12:23:57.795351+00:00
d872e2684e614918340e6ff6931532c1,2026-02-02T12:23:57.466429,0.01617913644338846,2026-02-02T12:23:57.776197921Z,gateUpInvocation,2026-02-02 12:23:57.787066+00:00,2026-02-02 12:23:57.787206+00:00
d872e2684e614918340e6ff6931532c1,2026-02-02T12:23:57.466429,0.01617913644338846,2026-02-02T12:23:57.776197921Z,bellOffInvocation,2026-02-02 12:23:57.795227+00:00,2026-02-02 12:23:57.795358+00:00
d872e2684e614918340e6ff6931532c1,2026-02-02T12:23:57.466429,0.01617913644338846,2026-02-02T12:23:57.776197921Z,bellOffInvocation,2026-02-02 12:23:57.796219+00:00,2026-02-02 12:23:57.796260+00:00
d872e2684e614918340e6ff6931532c1,2026-02-02T12:23:57.466429,0.01617913644338846,2026-02-02T12:23:57.776197921Z,lightOffInvocation,2026-02-02 12:23:57.792470+00:00,2026-02-02 12:23:57.792615+00:00
d872e2684e614918340e6ff6931532c1,2026-02-02T12:23:57.466429,0.01617913644338846,2026-02-02T12:23:57.776197921Z,lightOffInvocation,2026-02-02 12:23:57.787013+00:00,2026-02-02 12:23:57.787116+00:00
7c4239d5fb84a03cce80a04dd81dca6c,2026-02-02T12:31:49.615065,0.09486232410581112,2026-02-02T12:31:49.922459754Z,bellOffInvocation,2026-02-02 12:31:49.930018+00:00,2026-02-02 12:31:49.930149+00:00
7c4239d5fb84a03cce80a04dd81dca6c,2026-02-02T12:31:49.615065,0.09486232410581112,2026-02-02T12:31:49.922459754Z,lightOffInvocation,2026-02-02 12:31:49.931807+00:00,2026-02-02 12:31:49.931944+00:00
7c4239d5fb84a03cce80a04dd81dca6c,2026-02-02T12:31:49.615065,0.09486232410581112,2026-02-02T12:31:49.922459754Z,lightOffInvocation,2026-02-02 12:31:49.929412+00:00,2026-02-02 12:31:49.929521+00:00
7c4239d5fb84a03cce80a04dd81dca6c,2026-02-02T12:31:49.615065,0.09486232410581112,2026-02-02T12:31:49.922459754Z,bellOffInvocation,2026-02-02 12:31:49.933305+00:00,2026-02-02 12:31:49.933409+00:00
7c4239d5fb84a03cce80a04dd81dca6c,2026-02-02T12:31:49.615065,0.09486232410581112,2026-02-02T12:31:49.922459754Z,gateUpInvocation,2026-02-02 12:31:49.929608+00:00,2026-02-02 12:31:49.929766+00:00
7c4239d5fb84a03cce80a04dd81dca6c,2026-02-02T12:31:49.615065,0.09486232410581112,2026-02-02T12:31:49.922459754Z,gateUpInvocation,2026-02-02 12:31:49.929490+00:00,2026-02-02 12:31:49.929602+00:00
c812b5ac8c4a9351b33310ecf695000d,2026-02-02T12:23:40.228219,0.013140215343892574,2026-02-02T12:23:39.540744534Z,bellOnInvocation,2026-02-02 12:23:39.556681+00:00,2026-02-02 12:23:39.556908+00:00
c812b5ac8c4a9351b33310ecf695000d,2026-02-02T12:23:40.228219,0.013140215343892574,2026-02-02T12:23:39.540744534Z,lightOnAction,2026-02-02 12:23:41.563244+00:00,2026-02-02 12:23:41.563330+00:00
c812b5ac8c4a9351b33310ecf695000d,2026-02-02T12:23:40.228219,0.013140215343892574,2026-02-02T12:23:39.540744534Z,lightOnInvocation,2026-02-02 12:23:39.561699+00:00,2026-02-02 12:23:39.561813+00:00
c812b5ac8c4a9351b33310ecf695000d,2026-02-02T12:23:40.228219,0.013140215343892574,2026-02-02T12:23:39.540744534Z,gateDownAction,2026-02-02 12:23:41.555290+00:00,2026-02-02 12:23:41.555376+00:00
c812b5ac8c4a9351b33310ecf695000d,2026-02-02T12:23:40.228219,0.013140215343892574,2026-02-02T12:23:39.540744534Z,gateDownAction,2026-02-02 12:23:41.560619+00:00,2026-02-02 12:23:41.560703+00:00
c812b5ac8c4a9351b33310ecf695000d,2026-02-02T12:23:40.228219,0.013140215343892574,2026-02-02T12:23:39.540744534Z,gateDownInvocation,2026-02-02 12:23:39.552545+00:00,2026-02-02 12:23:39.553015+00:00
c812b5ac8c4a9351b33310ecf695000d,2026-02-02T12:23:40.228219,0.013140215343892574,2026-02-02T12:23:39.540744534Z,lightOnAction,2026-02-02 12:23:41.555085+00:00,2026-02-02 12:23:41.555175+00:00
c812b5ac8c4a9351b33310ecf695000d,2026-02-02T12:23:40.228219,0.013140215343892574,2026-02-02T12:23:39.540744534Z,lightOnInvocation,2026-02-02 12:23:39.553428+00:00,2026-02-02 12:23:39.553616+00:00
c812b5ac8c4a9351b33310ecf695000d,2026-02-02T12:23:40.228219,0.013140215343892574,2026-02-02T12:23:39.540744534Z,bellOnInvocation,2026-02-02 12:23:39.556873+00:00,2026-02-02 12:23:39.557077+00:00
c812b5ac8c4a9351b33310ecf695000d,2026-02-02T12:23:40.228219,0.013140215343892574,2026-02-02T12:23:39.540744534Z,bellOnAction,2026-02-02 12:23:41.557777+00:00,2026-02-02 12:23:41.557864+00:00
c812b5ac8c4a9351b33310ecf695000d,2026-02-02T12:23:40.228219,0.013140215343892574,2026-02-02T12:23:39.540744534Z,bellOnAction,2026-02-02 12:23:41.558167+00:00,2026-02-02 12:23:41.558253+00:00
c812b5ac8c4a9351b33310ecf695000d,2026-02-02T12:23:40.228219,0.013140215343892574,2026-02-02T12:23:39.540744534Z,gateDownInvocation,2026-02-02 12:23:39.559221+00:00,2026-02-02 12:23:39.559505+00:00
ca9e5b5f61b7f4090272d5b6620df430,2026-02-02T12:28:25.337237,0.06065185021418334,2026-02-02T12:28:24.639113724Z,gateDownInvocation,2026-02-02 12:28:24.647175+00:00,2026-02-02 12:28:24.647523+00:00
ca9e5b5f61b7f4090272d5b6620df430,2026-02-02T12:28:25.337237,0.06065185021418334,2026-02-02T12:28:24.639113724Z,bellOnAction,2026-02-02 12:28:26.649141+00:00,2026-02-02 12:28:26.649224+00:00
ca9e5b5f61b7f4090272d5b6620df430,2026-02-02T12:28:25.337237,0.06065185021418334,2026-02-02T12:28:24.639113724Z,lightOnInvocation,2026-02-02 12:28:24.647850+00:00,2026-02-02 12:28:24.648022+00:00
ca9e5b5f61b7f4090272d5b6620df430,2026-02-02T12:28:25.337237,0.06065185021418334,2026-02-02T12:28:24.639113724Z,bellOnInvocation,2026-02-02 12:28:24.650021+00:00,2026-02-02 12:28:24.650133+00:00
ca9e5b5f61b7f4090272d5b6620df430,2026-02-02T12:28:25.337237,0.06065185021418334,2026-02-02T12:28:24.639113724Z,lightOnInvocation,2026-02-02 12:28:24.647409+00:00,2026-02-02 12:28:24.647634+00:00
ca9e5b5f61b7f4090272d5b6620df430,2026-02-02T12:28:25.337237,0.06065185021418334,2026-02-02T12:28:24.639113724Z,bellOnInvocation,2026-02-02 12:28:24.647853+00:00,2026-02-02 12:28:24.648034+00:00
ca9e5b5f61b7f4090272d5b6620df430,2026-02-02T12:28:25.337237,0.06065185021418334,2026-02-02T12:28:24.639113724Z,gateDownAction,2026-02-02 12:28:26.650751+00:00,2026-02-02 12:28:26.650826+00:00
ca9e5b5f61b7f4090272d5b6620df430,2026-02-02T12:28:25.337237,0.06065185021418334,2026-02-02T12:28:24.639113724Z,bellOnAction,2026-02-02 12:28:26.650387+00:00,2026-02-02 12:28:26.650470+00:00
ca9e5b5f61b7f4090272d5b6620df430,2026-02-02T12:28:25.337237,0.06065185021418334,2026-02-02T12:28:24.639113724Z,gateDownInvocation,2026-02-02 12:28:24.649351+00:00,2026-02-02 12:28:24.649528+00:00
ca9e5b5f61b7f4090272d5b6620df430,2026-02-02T12:28:25.337237,0.06065185021418334,2026-02-02T12:28:24.639113724Z,lightOnAction,2026-02-02 12:28:26.648564+00:00,2026-02-02 12:28:26.648651+00:00
ca9e5b5f61b7f4090272d5b6620df430,2026-02-02T12:28:25.337237,0.06065185021418334,2026-02-02T12:28:24.639113724Z,gateDownAction,2026-02-02 12:28:26.648650+00:00,2026-02-02 12:28:26.648735+00:00
ca9e5b5f61b7f4090272d5b6620df430,2026-02-02T12:28:25.337237,0.06065185021418334,2026-02-02T12:28:24.639113724Z,lightOnAction,2026-02-02 12:28:26.649186+00:00,2026-02-02 12:28:26.649272+00:00
e0c95f1e93ac803d8dc17cb960c8d345,2026-02-02T12:25:02.092954,0.02678179069696665,2026-02-02T12:25:01.398420966Z,gateDownAction,2026-02-02 12:25:03.408919+00:00,2026-02-02 12:25:03.408953+00:00
e0c95f1e93ac803d8dc17cb960c8d345,2026-02-02T12:25:02.092954,0.02678179069696665,2026-02-02T12:25:01.398420966Z,bellOnInvocation,2026-02-02 12:25:01.410583+00:00,2026-02-02 12:25:01.410730+00:00
e0c95f1e93ac803d8dc17cb960c8d345,2026-02-02T12:25:02.092954,0.02678179069696665,2026-02-02T12:25:01.398420966Z,lightOnAction,2026-02-02 12:25:03.409301+00:00,2026-02-02 12:25:03.409351+00:00
e0c95f1e93ac803d8dc17cb960c8d345,2026-02-02T12:25:02.092954,0.02678179069696665,2026-02-02T12:25:01.398420966Z,gateDownInvocation,2026-02-02 12:25:01.406806+00:00,2026-02-02 12:25:01.407127+00:00
e0c95f1e93ac803d8dc17cb960c8d345,2026-02-02T12:25:02.092954,0.02678179069696665,2026-02-02T12:25:01.398420966Z,lightOnAction,2026-02-02 12:25:03.409102+00:00,2026-02-02 12:25:03.409120+00:00
e0c95f1e93ac803d8dc17cb960c8d345,2026-02-02T12:25:02.092954,0.02678179069696665,2026-02-02T12:25:01.398420966Z,gateDownInvocation,2026-02-02 12:25:01.407147+00:00,2026-02-02 12:25:01.407453+00:00
e0c95f1e93ac803d8dc17cb960c8d345,2026-02-02T12:25:02.092954,0.02678179069696665,2026-02-02T12:25:01.398420966Z,lightOnInvocation,2026-02-02 12:25:01.408660+00:00,2026-02-02 12:25:01.408797+00:00
e0c95f1e93ac803d8dc17cb960c8d345,2026-02-02T12:25:02.092954,0.02678179069696665,2026-02-02T12:25:01.398420966Z,lightOnInvocation,2026-02-02 12:25:01.408303+00:00,2026-02-02 12:25:01.408498+00:00
e0c95f1e93ac803d8dc17cb960c8d345,2026-02-02T12:25:02.092954,0.02678179069696665,2026-02-02T12:25:01.398420966Z,bellOnAction,2026-02-02 12:25:03.410612+00:00,2026-02-02 12:25:03.410651+00:00
e0c95f1e93ac803d8dc17cb960c8d345,2026-02-02T12:25:02.092954,0.02678179069696665,2026-02-02T12:25:01.398420966Z,bellOnAction,2026-02-02 12:25:03.411618+00:00,2026-02-02 12:25:03.411654+00:00
e0c95f1e93ac803d8dc17cb960c8d345,2026-02-02T12:25:02.092954,0.02678179069696665,2026-02-02T12:25:01.398420966Z,gateDownAction,2026-02-02 12:25:03.408393+00:00,2026-02-02 12:25:03.408429+00:00
e0c95f1e93ac803d8dc17cb960c8d345,2026-02-02T12:25:02.092954,0.02678179069696665,2026-02-02T12:25:01.398420966Z,bellOnInvocation,2026-02-02 12:25:01.410030+00:00,2026-02-02 12:25:01.410199+00:00
853ec1ac201e708c32bf9a8cb88619d9,2026-02-02T12:22:22.751513,0.0003933863767027855,2026-02-02T12:22:23.052137568Z,lightOffInvocation,2026-02-02 12:22:23.075309+00:00,2026-02-02 12:22:23.075396+00:00
853ec1ac201e708c32bf9a8cb88619d9,2026-02-02T12:22:22.751513,0.0003933863767027855,2026-02-02T12:22:23.052137568Z,lightOffInvocation,2026-02-02 12:22:23.077833+00:00,2026-02-02 12:22:23.077915+00:00
853ec1ac201e708c32bf9a8cb88619d9,2026-02-02T12:22:22.751513,0.0003933863767027855,2026-02-02T12:22:23.052137568Z,gateUpInvocation,2026-02-02 12:22:23.081072+00:00,2026-02-02 12:22:23.081144+00:00
853ec1ac201e708c32bf9a8cb88619d9,2026-02-02T12:22:22.751513,0.0003933863767027855,2026-02-02T12:22:23.052137568Z,gateUpInvocation,2026-02-02 12:22:23.082365+00:00,2026-02-02 12:22:23.082504+00:00
853ec1ac201e708c32bf9a8cb88619d9,2026-02-02T12:22:22.751513,0.0003933863767027855,2026-02-02T12:22:23.052137568Z,bellOffInvocation,2026-02-02 12:22:23.089871+00:00,2026-02-02 12:22:23.089936+00:00
853ec1ac201e708c32bf9a8cb88619d9,2026-02-02T12:22:22.751513,0.0003933863767027855,2026-02-02T12:22:23.052137568Z,bellOffInvocation,2026-02-02 12:22:23.085744+00:00,2026-02-02 12:22:23.085852+00:00
898dc361ae2a976a7eae3e1eeed26cbf,2026-02-02T12:27:59.324189,0.05632006904041768,2026-02-02T12:27:58.645818476Z,bellOnAction,2026-02-02 12:28:00.655314+00:00,2026-02-02 12:28:00.655404+00:00
898dc361ae2a976a7eae3e1eeed26cbf,2026-02-02T12:27:59.324189,0.05632006904041768,2026-02-02T12:27:58.645818476Z,lightOnAction,2026-02-02 12:28:00.653490+00:00,2026-02-02 12:28:00.653577+00:00
898dc361ae2a976a7eae3e1eeed26cbf,2026-02-02T12:27:59.324189,0.05632006904041768,2026-02-02T12:27:58.645818476Z,gateDownInvocation,2026-02-02 12:27:58.653664+00:00,2026-02-02 12:27:58.653967+00:00
898dc361ae2a976a7eae3e1eeed26cbf,2026-02-02T12:27:59.324189,0.05632006904041768,2026-02-02T12:27:58.645818476Z,bellOnInvocation,2026-02-02 12:27:58.654709+00:00,2026-02-02 12:27:58.654852+00:00
898dc361ae2a976a7eae3e1eeed26cbf,2026-02-02T12:27:59.324189,0.05632006904041768,2026-02-02T12:27:58.645818476Z,bellOnAction,2026-02-02 12:28:00.655279+00:00,2026-02-02 12:28:00.655367+00:00
898dc361ae2a976a7eae3e1eeed26cbf,2026-02-02T12:27:59.324189,0.05632006904041768,2026-02-02T12:27:58.645818476Z,gateDownInvocation,2026-02-02 12:27:58.654315+00:00,2026-02-02 12:27:58.654481+00:00
898dc361ae2a976a7eae3e1eeed26cbf,2026-02-02T12:27:59.324189,0.05632006904041768,2026-02-02T12:27:58.645818476Z,lightOnAction,2026-02-02 12:28:00.654785+00:00,2026-02-02 12:28:00.654889+00:00
898dc361ae2a976a7eae3e1eeed26cbf,2026-02-02T12:27:59.324189,0.05632006904041768,2026-02-02T12:27:58.645818476Z,gateDownAction,2026-02-02 12:28:00.655152+00:00,2026-02-02 12:28:00.655238+00:00
898dc361ae2a976a7eae3e1eeed26cbf,2026-02-02T12:27:59.324189,0.05632006904041768,2026-02-02T12:27:58.645818476Z,bellOnInvocation,2026-02-02 12:27:58.653951+00:00,2026-02-02 12:27:58.654105+00:00
898dc361ae2a976a7eae3e1eeed26cbf,2026-02-02T12:27:59.324189,0.05632006904041768,2026-02-02T12:27:58.645818476Z,lightOnInvocation,2026-02-02 12:27:58.653037+00:00,2026-02-02 12:27:58.653183+00:00
898dc361ae2a976a7eae3e1eeed26cbf,2026-02-02T12:27:59.324189,0.05632006904041768,2026-02-02T12:27:58.645818476Z,gateDownAction,2026-02-02 12:28:00.656155+00:00,2026-02-02 12:28:00.656237+00:00
898dc361ae2a976a7eae3e1eeed26cbf,2026-02-02T12:27:59.324189,0.05632006904041768,2026-02-02T12:27:58.645818476Z,lightOnInvocation,2026-02-02 12:27:58.652620+00:00,2026-02-02 12:27:58.652764+00:00
226cbd7e382919c311898af221ef8c23,2026-02-02T12:30:13.973004,0.07892658433480264,2026-02-02T12:30:14.2985578Z,lightOffInvocation,2026-02-02 12:30:14.306115+00:00,2026-02-02 12:30:14.306215+00:00
226cbd7e382919c311898af221ef8c23,2026-02-02T12:30:13.973004,0.07892658433480264,2026-02-02T12:30:14.2985578Z,gateUpInvocation,2026-02-02 12:30:14.305307+00:00,2026-02-02 12:30:14.305389+00:00
226cbd7e382919c311898af221ef8c23,2026-02-02T12:30:13.973004,0.07892658433480264,2026-02-02T12:30:14.2985578Z,gateUpInvocation,2026-02-02 12:30:14.307325+00:00,2026-02-02 12:30:14.307407+00:00
226cbd7e382919c311898af221ef8c23,2026-02-02T12:30:13.973004,0.07892658433480264,2026-02-02T12:30:14.2985578Z,bellOffInvocation,2026-02-02 12:30:14.307692+00:00,2026-02-02 12:30:14.307741+00:00
226cbd7e382919c311898af221ef8c23,2026-02-02T12:30:13.973004,0.07892658433480264,2026-02-02T12:30:14.2985578Z,bellOffInvocation,2026-02-02 12:30:14.305814+00:00,2026-02-02 12:30:14.305892+00:00
226cbd7e382919c311898af221ef8c23,2026-02-02T12:30:13.973004,0.07892658433480264,2026-02-02T12:30:14.2985578Z,lightOffInvocation,2026-02-02 12:30:14.305467+00:00,2026-02-02 12:30:14.305561+00:00
c6a28501c8c604b33a663e654e0ce9ab,2026-02-02T12:27:15.911496,0.04908180537413359,2026-02-02T12:27:15.211900614Z,bellOnInvocation,2026-02-02 12:27:15.223445+00:00,2026-02-02 12:27:15.223570+00:00
c6a28501c8c604b33a663e654e0ce9ab,2026-02-02T12:27:15.911496,0.04908180537413359,2026-02-02T12:27:15.211900614Z,gateDownInvocation,2026-02-02 12:27:15.219126+00:00,2026-02-02 12:27:15.219334+00:00
c6a28501c8c604b33a663e654e0ce9ab,2026-02-02T12:27:15.911496,0.04908180537413359,2026-02-02T12:27:15.211900614Z,lightOnInvocation,2026-02-02 12:27:15.219620+00:00,2026-02-02 12:27:15.219756+00:00
c6a28501c8c604b33a663e654e0ce9ab,2026-02-02T12:27:15.911496,0.04908180537413359,2026-02-02T12:27:15.211900614Z,gateDownAction,2026-02-02 12:27:17.220037+00:00,2026-02-02 12:27:17.220120+00:00
c6a28501c8c604b33a663e654e0ce9ab,2026-02-02T12:27:15.911496,0.04908180537413359,2026-02-02T12:27:15.211900614Z,gateDownInvocation,2026-02-02 12:27:15.218901+00:00,2026-02-02 12:27:15.219127+00:00
c6a28501c8c604b33a663e654e0ce9ab,2026-02-02T12:27:15.911496,0.04908180537413359,2026-02-02T12:27:15.211900614Z,bellOnInvocation,2026-02-02 12:27:15.223322+00:00,2026-02-02 12:27:15.223478+00:00
c6a28501c8c604b33a663e654e0ce9ab,2026-02-02T12:27:15.911496,0.04908180537413359,2026-02-02T12:27:15.211900614Z,gateDownAction,2026-02-02 12:27:17.220361+00:00,2026-02-02 12:27:17.220447+00:00
c6a28501c8c604b33a663e654e0ce9ab,2026-02-02T12:27:15.911496,0.04908180537413359,2026-02-02T12:27:15.211900614Z,bellOnAction,2026-02-02 12:27:17.224433+00:00,2026-02-02 12:27:17.224498+00:00
c6a28501c8c604b33a663e654e0ce9ab,2026-02-02T12:27:15.911496,0.04908180537413359,2026-02-02T12:27:15.211900614Z,lightOnAction,2026-02-02 12:27:17.225559+00:00,2026-02-02 12:27:17.225628+00:00
c6a28501c8c604b33a663e654e0ce9ab,2026-02-02T12:27:15.911496,0.04908180537413359,2026-02-02T12:27:15.211900614Z,lightOnAction,2026-02-02 12:27:17.222858+00:00,2026-02-02 12:27:17.222967+00:00
c6a28501c8c604b33a663e654e0ce9ab,2026-02-02T12:27:15.911496,0.04908180537413359,2026-02-02T12:27:15.211900614Z,lightOnInvocation,2026-02-02 12:27:15.224402+00:00,2026-02-02 12:27:15.224533+00:00
c6a28501c8c604b33a663e654e0ce9ab,2026-02-02T12:27:15.911496,0.04908180537413359,2026-02-02T12:27:15.211900614Z,bellOnAction,2026-02-02 12:27:17.224847+00:00,2026-02-02 12:27:17.224937+00:00
80915c6a2c8f20918b071e4f4c0c3b98,2026-02-02T12:31:27.819357,0.0910753961303711,2026-02-02T12:31:27.198483252Z,gateDownAction,2026-02-02 12:31:29.201923+00:00,2026-02-02 12:31:29.201980+00:00
80915c6a2c8f20918b071e4f4c0c3b98,2026-02-02T12:31:27.819357,0.0910753961303711,2026-02-02T12:31:27.198483252Z,bellOnAction,2026-02-02 12:31:29.203959+00:00,2026-02-02 12:31:29.204034+00:00
80915c6a2c8f20918b071e4f4c0c3b98,2026-02-02T12:31:27.819357,0.0910753961303711,2026-02-02T12:31:27.198483252Z,lightOnAction,2026-02-02 12:31:29.202184+00:00,2026-02-02 12:31:29.202236+00:00
80915c6a2c8f20918b071e4f4c0c3b98,2026-02-02T12:31:27.819357,0.0910753961303711,2026-02-02T12:31:27.198483252Z,lightOnInvocation,2026-02-02 12:31:27.201547+00:00,2026-02-02 12:31:27.201629+00:00
80915c6a2c8f20918b071e4f4c0c3b98,2026-02-02T12:31:27.819357,0.0910753961303711,2026-02-02T12:31:27.198483252Z,lightOnAction,2026-02-02 12:31:29.202188+00:00,2026-02-02 12:31:29.202248+00:00
80915c6a2c8f20918b071e4f4c0c3b98,2026-02-02T12:31:27.819357,0.0910753961303711,2026-02-02T12:31:27.198483252Z,gateDownInvocation,2026-02-02 12:31:27.201480+00:00,2026-02-02 12:31:27.201571+00:00
80915c6a2c8f20918b071e4f4c0c3b98,2026-02-02T12:31:27.819357,0.0910753961303711,2026-02-02T12:31:27.198483252Z,gateDownAction,2026-02-02 12:31:29.202407+00:00,2026-02-02 12:31:29.202441+00:00
80915c6a2c8f20918b071e4f4c0c3b98,2026-02-02T12:31:27.819357,0.0910753961303711,2026-02-02T12:31:27.198483252Z,bellOnInvocation,2026-02-02 12:31:27.203268+00:00,2026-02-02 12:31:27.203311+00:00
80915c6a2c8f20918b071e4f4c0c3b98,2026-02-02T12:31:27.819357,0.0910753961303711,2026-02-02T12:31:27.198483252Z,gateDownInvocation,2026-02-02 12:31:27.202059+00:00,2026-02-02 12:31:27.202165+00:00
80915c6a2c8f20918b071e4f4c0c3b98,2026-02-02T12:31:27.819357,0.0910753961303711,2026-02-02T12:31:27.198483252Z,lightOnInvocation,2026-02-02 12:31:27.201440+00:00,2026-02-02 12:31:27.201504+00:00
80915c6a2c8f20918b071e4f4c0c3b98,2026-02-02T12:31:27.819357,0.0910753961303711,2026-02-02T12:31:27.198483252Z,bellOnAction,2026-02-02 12:31:29.201508+00:00,2026-02-02 12:31:29.201574+00:00
80915c6a2c8f20918b071e4f4c0c3b98,2026-02-02T12:31:27.819357,0.0910753961303711,2026-02-02T12:31:27.198483252Z,bellOnInvocation,2026-02-02 12:31:27.201521+00:00,2026-02-02 12:31:27.201579+00:00
2b55c6120f7a28b73a0f2599c030aca0,2026-02-02T12:23:10.080575,0.008114255435216426,2026-02-02T12:23:09.381973995Z,gateDownInvocation,2026-02-02 12:23:09.399257+00:00,2026-02-02 12:23:09.399474+00:00
2b55c6120f7a28b73a0f2599c030aca0,2026-02-02T12:23:10.080575,0.008114255435216426,2026-02-02T12:23:09.381973995Z,bellOnInvocation,2026-02-02 12:23:09.406361+00:00,2026-02-02 12:23:09.406513+00:00
2b55c6120f7a28b73a0f2599c030aca0,2026-02-02T12:23:10.080575,0.008114255435216426,2026-02-02T12:23:09.381973995Z,lightOnAction,2026-02-02 12:23:11.399026+00:00,2026-02-02 12:23:11.399109+00:00
2b55c6120f7a28b73a0f2599c030aca0,2026-02-02T12:23:10.080575,0.008114255435216426,2026-02-02T12:23:09.381973995Z,lightOnInvocation,2026-02-02 12:23:09.397031+00:00,2026-02-02 12:23:09.397204+00:00
2b55c6120f7a28b73a0f2599c030aca0,2026-02-02T12:23:10.080575,0.008114255435216426,2026-02-02T12:23:09.381973995Z,bellOnInvocation,2026-02-02 12:23:09.409518+00:00,2026-02-02 12:23:09.409688+00:00
2b55c6120f7a28b73a0f2599c030aca0,2026-02-02T12:23:10.080575,0.008114255435216426,2026-02-02T12:23:09.381973995Z,gateDownAction,2026-02-02 12:23:11.399253+00:00,2026-02-02 12:23:11.399324+00:00
2b55c6120f7a28b73a0f2599c030aca0,2026-02-02T12:23:10.080575,0.008114255435216426,2026-02-02T12:23:09.381973995Z,bellOnAction,2026-02-02 12:23:11.411296+00:00,2026-02-02 12:23:11.411361+00:00
2b55c6120f7a28b73a0f2599c030aca0,2026-02-02T12:23:10.080575,0.008114255435216426,2026-02-02T12:23:09.381973995Z,lightOnAction,2026-02-02 12:23:11.398509+00:00,2026-02-02 12:23:11.398570+00:00
2b55c6120f7a28b73a0f2599c030aca0,2026-02-02T12:23:10.080575,0.008114255435216426,2026-02-02T12:23:09.381973995Z,gateDownInvocation,2026-02-02 12:23:09.396883+00:00,2026-02-02 12:23:09.397131+00:00
2b55c6120f7a28b73a0f2599c030aca0,2026-02-02T12:23:10.080575,0.008114255435216426,2026-02-02T12:23:09.381973995Z,gateDownAction,2026-02-02 12:23:11.400916+00:00,2026-02-02 12:23:11.400968+00:00
2b55c6120f7a28b73a0f2599c030aca0,2026-02-02T12:23:10.080575,0.008114255435216426,2026-02-02T12:23:09.381973995Z,bellOnAction,2026-02-02 12:23:11.407774+00:00,2026-02-02 12:23:11.407840+00:00
2b55c6120f7a28b73a0f2599c030aca0,2026-02-02T12:23:10.080575,0.008114255435216426,2026-02-02T12:23:09.381973995Z,lightOnInvocation,2026-02-02 12:23:09.397610+00:00,2026-02-02 12:23:09.397798+00:00
72bca88f4f177320ceb51645941cac57,2026-02-02T12:32:02.612367,0.09703635625042915,2026-02-02T12:32:02.967968349Z,bellOffInvocation,2026-02-02 12:32:02.974627+00:00,2026-02-02 12:32:02.974710+00:00
72bca88f4f177320ceb51645941cac57,2026-02-02T12:32:02.612367,0.09703635625042915,2026-02-02T12:32:02.967968349Z,lightOffInvocation,2026-02-02 12:32:02.974860+00:00,2026-02-02 12:32:02.974944+00:00
72bca88f4f177320ceb51645941cac57,2026-02-02T12:32:02.612367,0.09703635625042915,2026-02-02T12:32:02.967968349Z,gateUpInvocation,2026-02-02 12:32:02.972758+00:00,2026-02-02 12:32:02.972893+00:00
72bca88f4f177320ceb51645941cac57,2026-02-02T12:32:02.612367,0.09703635625042915,2026-02-02T12:32:02.967968349Z,bellOffInvocation,2026-02-02 12:32:02.972372+00:00,2026-02-02 12:32:02.972466+00:00
72bca88f4f177320ceb51645941cac57,2026-02-02T12:32:02.612367,0.09703635625042915,2026-02-02T12:32:02.967968349Z,gateUpInvocation,2026-02-02 12:32:02.972443+00:00,2026-02-02 12:32:02.972576+00:00
72bca88f4f177320ceb51645941cac57,2026-02-02T12:32:02.612367,0.09703635625042915,2026-02-02T12:32:02.967968349Z,lightOffInvocation,2026-02-02 12:32:02.972230+00:00,2026-02-02 12:32:02.972347+00:00
822ad6651039968a162d9b9dc6a0b8ac,2026-02-02T12:23:05.773826,0.007563113185060024,2026-02-02T12:23:06.074755198Z,bellOffInvocation,2026-02-02 12:23:06.092808+00:00,2026-02-02 12:23:06.092919+00:00
822ad6651039968a162d9b9dc6a0b8ac,2026-02-02T12:23:05.773826,0.007563113185060024,2026-02-02T12:23:06.074755198Z,lightOffInvocation,2026-02-02 12:23:06.086754+00:00,2026-02-02 12:23:06.086948+00:00
822ad6651039968a162d9b9dc6a0b8ac,2026-02-02T12:23:05.773826,0.007563113185060024,2026-02-02T12:23:06.074755198Z,bellOffInvocation,2026-02-02 12:23:06.095650+00:00,2026-02-02 12:23:06.095759+00:00
822ad6651039968a162d9b9dc6a0b8ac,2026-02-02T12:23:05.773826,0.007563113185060024,2026-02-02T12:23:06.074755198Z,gateUpInvocation,2026-02-02 12:23:06.087562+00:00,2026-02-02 12:23:06.087709+00:00
822ad6651039968a162d9b9dc6a0b8ac,2026-02-02T12:23:05.773826,0.007563113185060024,2026-02-02T12:23:06.074755198Z,gateUpInvocation,2026-02-02 12:23:06.086727+00:00,2026-02-02 12:23:06.086866+00:00
822ad6651039968a162d9b9dc6a0b8ac,2026-02-02T12:23:05.773826,0.007563113185060024,2026-02-02T12:23:06.074755198Z,lightOffInvocation,2026-02-02 12:23:06.090041+00:00,2026-02-02 12:23:06.090184+00:00
82848a668ab06e38e96131bc836940af,2026-02-02T12:26:24.043672,0.040605896357870104,2026-02-02T12:26:24.351213247Z,gateUpInvocation,2026-02-02 12:26:24.354763+00:00,2026-02-02 12:26:24.354826+00:00
82848a668ab06e38e96131bc836940af,2026-02-02T12:26:24.043672,0.040605896357870104,2026-02-02T12:26:24.351213247Z,lightOffInvocation,2026-02-02 12:26:24.354456+00:00,2026-02-02 12:26:24.354509+00:00
82848a668ab06e38e96131bc836940af,2026-02-02T12:26:24.043672,0.040605896357870104,2026-02-02T12:26:24.351213247Z,bellOffInvocation,2026-02-02 12:26:24.355913+00:00,2026-02-02 12:26:24.355964+00:00
82848a668ab06e38e96131bc836940af,2026-02-02T12:26:24.043672,0.040605896357870104,2026-02-02T12:26:24.351213247Z,gateUpInvocation,2026-02-02 12:26:24.354456+00:00,2026-02-02 12:26:24.354509+00:00
82848a668ab06e38e96131bc836940af,2026-02-02T12:26:24.043672,0.040605896357870104,2026-02-02T12:26:24.351213247Z,lightOffInvocation,2026-02-02 12:26:24.355531+00:00,2026-02-02 12:26:24.355592+00:00
82848a668ab06e38e96131bc836940af,2026-02-02T12:26:24.043672,0.040605896357870104,2026-02-02T12:26:24.351213247Z,bellOffInvocation,2026-02-02 12:26:24.355220+00:00,2026-02-02 12:26:24.355262+00:00
9f93f15b61328ceef0f3828d31f3aa7a,2026-02-02T12:23:18.684824,0.009716198339033127,2026-02-02T12:23:18.99444241Z,bellOffInvocation,2026-02-02 12:23:19.002676+00:00,2026-02-02 12:23:19.002727+00:00
9f93f15b61328ceef0f3828d31f3aa7a,2026-02-02T12:23:18.684824,0.009716198339033127,2026-02-02T12:23:18.99444241Z,gateUpInvocation,2026-02-02 12:23:19.000642+00:00,2026-02-02 12:23:19.001002+00:00
9f93f15b61328ceef0f3828d31f3aa7a,2026-02-02T12:23:18.684824,0.009716198339033127,2026-02-02T12:23:18.99444241Z,lightOffInvocation,2026-02-02 12:23:19.002516+00:00,2026-02-02 12:23:19.002587+00:00
9f93f15b61328ceef0f3828d31f3aa7a,2026-02-02T12:23:18.684824,0.009716198339033127,2026-02-02T12:23:18.99444241Z,bellOffInvocation,2026-02-02 12:23:19.001077+00:00,2026-02-02 12:23:19.001166+00:00
9f93f15b61328ceef0f3828d31f3aa7a,2026-02-02T12:23:18.684824,0.009716198339033127,2026-02-02T12:23:18.99444241Z,lightOffInvocation,2026-02-02 12:23:19.000276+00:00,2026-02-02 12:23:19.000357+00:00
9f93f15b61328ceef0f3828d31f3aa7a,2026-02-02T12:23:18.684824,0.009716198339033127,2026-02-02T12:23:18.99444241Z,gateUpInvocation,2026-02-02 12:23:19.000171+00:00,2026-02-02 12:23:19.000243+00:00
c678ef2fa3efd9292c1ed5d3d6217f45,2026-02-02T12:23:53.164328,0.015295822475790977,2026-02-02T12:23:52.475587815Z,lightOnAction,2026-02-02 12:23:54.484392+00:00,2026-02-02 12:23:54.484405+00:00
c678ef2fa3efd9292c1ed5d3d6217f45,2026-02-02T12:23:53.164328,0.015295822475790977,2026-02-02T12:23:52.475587815Z,gateDownAction,2026-02-02 12:23:54.484224+00:00,2026-02-02 12:23:54.484259+00:00
c678ef2fa3efd9292c1ed5d3d6217f45,2026-02-02T12:23:53.164328,0.015295822475790977,2026-02-02T12:23:52.475587815Z,lightOnAction,2026-02-02 12:23:54.483958+00:00,2026-02-02 12:23:54.484026+00:00
c678ef2fa3efd9292c1ed5d3d6217f45,2026-02-02T12:23:53.164328,0.015295822475790977,2026-02-02T12:23:52.475587815Z,lightOnInvocation,2026-02-02 12:23:52.483221+00:00,2026-02-02 12:23:52.483357+00:00
c678ef2fa3efd9292c1ed5d3d6217f45,2026-02-02T12:23:53.164328,0.015295822475790977,2026-02-02T12:23:52.475587815Z,bellOnInvocation,2026-02-02 12:23:52.485256+00:00,2026-02-02 12:23:52.485358+00:00
c678ef2fa3efd9292c1ed5d3d6217f45,2026-02-02T12:23:53.164328,0.015295822475790977,2026-02-02T12:23:52.475587815Z,lightOnInvocation,2026-02-02 12:23:52.483773+00:00,2026-02-02 12:23:52.483974+00:00
c678ef2fa3efd9292c1ed5d3d6217f45,2026-02-02T12:23:53.164328,0.015295822475790977,2026-02-02T12:23:52.475587815Z,gateDownInvocation,2026-02-02 12:23:52.482738+00:00,2026-02-02 12:23:52.482880+00:00
c678ef2fa3efd9292c1ed5d3d6217f45,2026-02-02T12:23:53.164328,0.015295822475790977,2026-02-02T12:23:52.475587815Z,bellOnAction,2026-02-02 12:23:54.485858+00:00,2026-02-02 12:23:54.485884+00:00
c678ef2fa3efd9292c1ed5d3d6217f45,2026-02-02T12:23:53.164328,0.015295822475790977,2026-02-02T12:23:52.475587815Z,gateDownInvocation,2026-02-02 12:23:52.486665+00:00,2026-02-02 12:23:52.486908+00:00
c678ef2fa3efd9292c1ed5d3d6217f45,2026-02-02T12:23:53.164328,0.015295822475790977,2026-02-02T12:23:52.475587815Z,bellOnInvocation,2026-02-02 12:23:52.490651+00:00,2026-02-02 12:23:52.490704+00:00
c678ef2fa3efd9292c1ed5d3d6217f45,2026-02-02T12:23:53.164328,0.015295822475790977,2026-02-02T12:23:52.475587815Z,bellOnAction,2026-02-02 12:23:54.490971+00:00,2026-02-02 12:23:54.491030+00:00
c678ef2fa3efd9292c1ed5d3d6217f45,2026-02-02T12:23:53.164328,0.015295822475790977,2026-02-02T12:23:52.475587815Z,gateDownAction,2026-02-02 12:23:54.487752+00:00,2026-02-02 12:23:54.487780+00:00
225cff5ef0cf1d00b8c44889b6d501d1,2026-02-02T12:27:07.269977,0.04780906112725736,2026-02-02T12:27:07.574621571Z,lightOffInvocation,2026-02-02 12:27:07.583061+00:00,2026-02-02 12:27:07.583202+00:00
225cff5ef0cf1d00b8c44889b6d501d1,2026-02-02T12:27:07.269977,0.04780906112725736,2026-02-02T12:27:07.574621571Z,bellOffInvocation,2026-02-02 12:27:07.588182+00:00,2026-02-02 12:27:07.588328+00:00
225cff5ef0cf1d00b8c44889b6d501d1,2026-02-02T12:27:07.269977,0.04780906112725736,2026-02-02T12:27:07.574621571Z,lightOffInvocation,2026-02-02 12:27:07.582315+00:00,2026-02-02 12:27:07.582457+00:00
225cff5ef0cf1d00b8c44889b6d501d1,2026-02-02T12:27:07.269977,0.04780906112725736,2026-02-02T12:27:07.574621571Z,gateUpInvocation,2026-02-02 12:27:07.585356+00:00,2026-02-02 12:27:07.585495+00:00
225cff5ef0cf1d00b8c44889b6d501d1,2026-02-02T12:27:07.269977,0.04780906112725736,2026-02-02T12:27:07.574621571Z,bellOffInvocation,2026-02-02 12:27:07.585767+00:00,2026-02-02 12:27:07.585902+00:00
225cff5ef0cf1d00b8c44889b6d501d1,2026-02-02T12:27:07.269977,0.04780906112725736,2026-02-02T12:27:07.574621571Z,gateUpInvocation,2026-02-02 12:27:07.582124+00:00,2026-02-02 12:27:07.582275+00:00
cd7f3ce216b63400b13287236f8af625,2026-02-02T12:31:10.400034,0.08816512963792086,2026-02-02T12:31:09.735289871Z,gateDownAction,2026-02-02 12:31:11.745009+00:00,2026-02-02 12:31:11.745081+00:00
cd7f3ce216b63400b13287236f8af625,2026-02-02T12:31:10.400034,0.08816512963792086,2026-02-02T12:31:09.735289871Z,bellOnInvocation,2026-02-02 12:31:09.743327+00:00,2026-02-02 12:31:09.743472+00:00
cd7f3ce216b63400b13287236f8af625,2026-02-02T12:31:10.400034,0.08816512963792086,2026-02-02T12:31:09.735289871Z,bellOnAction,2026-02-02 12:31:11.745240+00:00,2026-02-02 12:31:11.745340+00:00
cd7f3ce216b63400b13287236f8af625,2026-02-02T12:31:10.400034,0.08816512963792086,2026-02-02T12:31:09.735289871Z,gateDownAction,2026-02-02 12:31:11.743076+00:00,2026-02-02 12:31:11.743152+00:00
cd7f3ce216b63400b13287236f8af625,2026-02-02T12:31:10.400034,0.08816512963792086,2026-02-02T12:31:09.735289871Z,lightOnAction,2026-02-02 12:31:11.746572+00:00,2026-02-02 12:31:11.746639+00:00
cd7f3ce216b63400b13287236f8af625,2026-02-02T12:31:10.400034,0.08816512963792086,2026-02-02T12:31:09.735289871Z,bellOnAction,2026-02-02 12:31:11.745698+00:00,2026-02-02 12:31:11.745771+00:00
cd7f3ce216b63400b13287236f8af625,2026-02-02T12:31:10.400034,0.08816512963792086,2026-02-02T12:31:09.735289871Z,lightOnInvocation,2026-02-02 12:31:09.741603+00:00,2026-02-02 12:31:09.741720+00:00
cd7f3ce216b63400b13287236f8af625,2026-02-02T12:31:10.400034,0.08816512963792086,2026-02-02T12:31:09.735289871Z,gateDownInvocation,2026-02-02 12:31:09.743389+00:00,2026-02-02 12:31:09.743578+00:00
cd7f3ce216b63400b13287236f8af625,2026-02-02T12:31:10.400034,0.08816512963792086,2026-02-02T12:31:09.735289871Z,bellOnInvocation,2026-02-02 12:31:09.745207+00:00,2026-02-02 12:31:09.745305+00:00
cd7f3ce216b63400b13287236f8af625,2026-02-02T12:31:10.400034,0.08816512963792086,2026-02-02T12:31:09.735289871Z,gateDownInvocation,2026-02-02 12:31:09.741669+00:00,2026-02-02 12:31:09.742013+00:00
cd7f3ce216b63400b13287236f8af625,2026-02-02T12:31:10.400034,0.08816512963792086,2026-02-02T12:31:09.735289871Z,lightOnAction,2026-02-02 12:31:11.743240+00:00,2026-02-02 12:31:11.743313+00:00
cd7f3ce216b63400b13287236f8af625,2026-02-02T12:31:10.400034,0.08816512963792086,2026-02-02T12:31:09.735289871Z,lightOnInvocation,2026-02-02 12:31:09.745464+00:00,2026-02-02 12:31:09.745578+00:00
77df3e6df86bd8b88cd2c7105e481dd9,2026-02-02T12:30:22.680667,0.08021991750342847,2026-02-02T12:30:22.059290109Z,lightOnInvocation,2026-02-02 12:30:22.065888+00:00,2026-02-02 12:30:22.066091+00:00
77df3e6df86bd8b88cd2c7105e481dd9,2026-02-02T12:30:22.680667,0.08021991750342847,2026-02-02T12:30:22.059290109Z,lightOnAction,2026-02-02 12:30:24.070623+00:00,2026-02-02 12:30:24.070686+00:00
77df3e6df86bd8b88cd2c7105e481dd9,2026-02-02T12:30:22.680667,0.08021991750342847,2026-02-02T12:30:22.059290109Z,gateDownInvocation,2026-02-02 12:30:22.065838+00:00,2026-02-02 12:30:22.066130+00:00
77df3e6df86bd8b88cd2c7105e481dd9,2026-02-02T12:30:22.680667,0.08021991750342847,2026-02-02T12:30:22.059290109Z,lightOnAction,2026-02-02 12:30:24.066850+00:00,2026-02-02 12:30:24.066977+00:00
77df3e6df86bd8b88cd2c7105e481dd9,2026-02-02T12:30:22.680667,0.08021991750342847,2026-02-02T12:30:22.059290109Z,bellOnInvocation,2026-02-02 12:30:22.070037+00:00,2026-02-02 12:30:22.070216+00:00
77df3e6df86bd8b88cd2c7105e481dd9,2026-02-02T12:30:22.680667,0.08021991750342847,2026-02-02T12:30:22.059290109Z,bellOnInvocation,2026-02-02 12:30:22.067446+00:00,2026-02-02 12:30:22.067656+00:00
77df3e6df86bd8b88cd2c7105e481dd9,2026-02-02T12:30:22.680667,0.08021991750342847,2026-02-02T12:30:22.059290109Z,gateDownAction,2026-02-02 12:30:24.069104+00:00,2026-02-02 12:30:24.069191+00:00
77df3e6df86bd8b88cd2c7105e481dd9,2026-02-02T12:30:22.680667,0.08021991750342847,2026-02-02T12:30:22.059290109Z,lightOnInvocation,2026-02-02 12:30:22.069286+00:00,2026-02-02 12:30:22.069453+00:00
77df3e6df86bd8b88cd2c7105e481dd9,2026-02-02T12:30:22.680667,0.08021991750342847,2026-02-02T12:30:22.059290109Z,bellOnAction,2026-02-02 12:30:24.068849+00:00,2026-02-02 12:30:24.068972+00:00
77df3e6df86bd8b88cd2c7105e481dd9,2026-02-02T12:30:22.680667,0.08021991750342847,2026-02-02T12:30:22.059290109Z,gateDownInvocation,2026-02-02 12:30:22.066558+00:00,2026-02-02 12:30:22.066941+00:00
77df3e6df86bd8b88cd2c7105e481dd9,2026-02-02T12:30:22.680667,0.08021991750342847,2026-02-02T12:30:22.059290109Z,gateDownAction,2026-02-02 12:30:24.067524+00:00,2026-02-02 12:30:24.067608+00:00
77df3e6df86bd8b88cd2c7105e481dd9,2026-02-02T12:30:22.680667,0.08021991750342847,2026-02-02T12:30:22.059290109Z,bellOnAction,2026-02-02 12:30:24.071467+00:00,2026-02-02 12:30:24.071534+00:00
821851e78b9af31460dd82d1a481bd6b,2026-02-02T12:26:32.678329,0.04204884805021287,2026-02-02T12:26:33.010118597Z,lightOffInvocation,2026-02-02 12:26:33.024446+00:00,2026-02-02 12:26:33.024530+00:00
821851e78b9af31460dd82d1a481bd6b,2026-02-02T12:26:32.678329,0.04204884805021287,2026-02-02T12:26:33.010118597Z,bellOffInvocation,2026-02-02 12:26:33.024727+00:00,2026-02-02 12:26:33.024830+00:00
821851e78b9af31460dd82d1a481bd6b,2026-02-02T12:26:32.678329,0.04204884805021287,2026-02-02T12:26:33.010118597Z,gateUpInvocation,2026-02-02 12:26:33.023026+00:00,2026-02-02 12:26:33.023144+00:00
821851e78b9af31460dd82d1a481bd6b,2026-02-02T12:26:32.678329,0.04204884805021287,2026-02-02T12:26:33.010118597Z,lightOffInvocation,2026-02-02 12:26:33.021548+00:00,2026-02-02 12:26:33.021687+00:00
821851e78b9af31460dd82d1a481bd6b,2026-02-02T12:26:32.678329,0.04204884805021287,2026-02-02T12:26:33.010118597Z,gateUpInvocation,2026-02-02 12:26:33.020534+00:00,2026-02-02 12:26:33.020649+00:00
821851e78b9af31460dd82d1a481bd6b,2026-02-02T12:26:32.678329,0.04204884805021287,2026-02-02T12:26:33.010118597Z,bellOffInvocation,2026-02-02 12:26:33.026450+00:00,2026-02-02 12:26:33.026671+00:00
e9f903be1fdb1b228edbb68059f265aa,2026-02-02T12:23:44.539968,0.014025318146133423,2026-02-02T12:23:44.851798203Z,gateUpInvocation,2026-02-02 12:23:44.855673+00:00,2026-02-02 12:23:44.855719+00:00
e9f903be1fdb1b228edbb68059f265aa,2026-02-02T12:23:44.539968,0.014025318146133423,2026-02-02T12:23:44.851798203Z,lightOffInvocation,2026-02-02 12:23:44.856478+00:00,2026-02-02 12:23:44.856516+00:00
e9f903be1fdb1b228edbb68059f265aa,2026-02-02T12:23:44.539968,0.014025318146133423,2026-02-02T12:23:44.851798203Z,lightOffInvocation,2026-02-02 12:23:44.858171+00:00,2026-02-02 12:23:44.858218+00:00
e9f903be1fdb1b228edbb68059f265aa,2026-02-02T12:23:44.539968,0.014025318146133423,2026-02-02T12:23:44.851798203Z,bellOffInvocation,2026-02-02 12:23:44.858255+00:00,2026-02-02 12:23:44.858296+00:00
e9f903be1fdb1b228edbb68059f265aa,2026-02-02T12:23:44.539968,0.014025318146133423,2026-02-02T12:23:44.851798203Z,bellOffInvocation,2026-02-02 12:23:44.859151+00:00,2026-02-02 12:23:44.859205+00:00
e9f903be1fdb1b228edbb68059f265aa,2026-02-02T12:23:44.539968,0.014025318146133423,2026-02-02T12:23:44.851798203Z,gateUpInvocation,2026-02-02 12:23:44.856716+00:00,2026-02-02 12:23:44.856757+00:00
7b4e7b5aceee31d5a341af4d3c088a18,2026-02-02T12:27:37.628770,0.052709172136282935,2026-02-02T12:27:36.978300139Z,gateDownAction,2026-02-02 12:27:38.987557+00:00,2026-02-02 12:27:38.987651+00:00
7b4e7b5aceee31d5a341af4d3c088a18,2026-02-02T12:27:37.628770,0.052709172136282935,2026-02-02T12:27:36.978300139Z,lightOnInvocation,2026-02-02 12:27:36.988884+00:00,2026-02-02 12:27:36.989067+00:00
7b4e7b5aceee31d5a341af4d3c088a18,2026-02-02T12:27:37.628770,0.052709172136282935,2026-02-02T12:27:36.978300139Z,lightOnAction,2026-02-02 12:27:38.987861+00:00,2026-02-02 12:27:38.988012+00:00
7b4e7b5aceee31d5a341af4d3c088a18,2026-02-02T12:27:37.628770,0.052709172136282935,2026-02-02T12:27:36.978300139Z,bellOnInvocation,2026-02-02 12:27:36.990710+00:00,2026-02-02 12:27:36.990891+00:00
7b4e7b5aceee31d5a341af4d3c088a18,2026-02-02T12:27:37.628770,0.052709172136282935,2026-02-02T12:27:36.978300139Z,bellOnAction,2026-02-02 12:27:38.989055+00:00,2026-02-02 12:27:38.989150+00:00
7b4e7b5aceee31d5a341af4d3c088a18,2026-02-02T12:27:37.628770,0.052709172136282935,2026-02-02T12:27:36.978300139Z,gateDownInvocation,2026-02-02 12:27:36.985115+00:00,2026-02-02 12:27:36.986010+00:00
7b4e7b5aceee31d5a341af4d3c088a18,2026-02-02T12:27:37.628770,0.052709172136282935,2026-02-02T12:27:36.978300139Z,bellOnAction,2026-02-02 12:27:38.991558+00:00,2026-02-02 12:27:38.991649+00:00
7b4e7b5aceee31d5a341af4d3c088a18,2026-02-02T12:27:37.628770,0.052709172136282935,2026-02-02T12:27:36.978300139Z,bellOnInvocation,2026-02-02 12:27:36.986758+00:00,2026-02-02 12:27:36.987014+00:00
7b4e7b5aceee31d5a341af4d3c088a18,2026-02-02T12:27:37.628770,0.052709172136282935,2026-02-02T12:27:36.978300139Z,lightOnInvocation,2026-02-02 12:27:36.986533+00:00,2026-02-02 12:27:36.986746+00:00
7b4e7b5aceee31d5a341af4d3c088a18,2026-02-02T12:27:37.628770,0.052709172136282935,2026-02-02T12:27:36.978300139Z,gateDownAction,2026-02-02 12:27:38.987515+00:00,2026-02-02 12:27:38.987632+00:00
7b4e7b5aceee31d5a341af4d3c088a18,2026-02-02T12:27:37.628770,0.052709172136282935,2026-02-02T12:27:36.978300139Z,gateDownInvocation,2026-02-02 12:27:36.986204+00:00,2026-02-02 12:27:36.986530+00:00
7b4e7b5aceee31d5a341af4d3c088a18,2026-02-02T12:27:37.628770,0.052709172136282935,2026-02-02T12:27:36.978300139Z,lightOnAction,2026-02-02 12:27:38.990208+00:00,2026-02-02 12:27:38.990289+00:00
4c492cb0472cf31ece89544b0675c964,2026-02-02T12:25:40.886393,0.03325115270510913,2026-02-02T12:25:40.218452521Z,bellOnInvocation,2026-02-02 12:25:40.230324+00:00,2026-02-02 12:25:40.230450+00:00
4c492cb0472cf31ece89544b0675c964,2026-02-02T12:25:40.886393,0.03325115270510913,2026-02-02T12:25:40.218452521Z,lightOnAction,2026-02-02 12:25:42.229204+00:00,2026-02-02 12:25:42.229290+00:00
4c492cb0472cf31ece89544b0675c964,2026-02-02T12:25:40.886393,0.03325115270510913,2026-02-02T12:25:40.218452521Z,gateDownInvocation,2026-02-02 12:25:40.228949+00:00,2026-02-02 12:25:40.229233+00:00
4c492cb0472cf31ece89544b0675c964,2026-02-02T12:25:40.886393,0.03325115270510913,2026-02-02T12:25:40.218452521Z,lightOnInvocation,2026-02-02 12:25:40.227123+00:00,2026-02-02 12:25:40.227319+00:00
4c492cb0472cf31ece89544b0675c964,2026-02-02T12:25:40.886393,0.03325115270510913,2026-02-02T12:25:40.218452521Z,bellOnInvocation,2026-02-02 12:25:40.228518+00:00,2026-02-02 12:25:40.228679+00:00
4c492cb0472cf31ece89544b0675c964,2026-02-02T12:25:40.886393,0.03325115270510913,2026-02-02T12:25:40.218452521Z,gateDownAction,2026-02-02 12:25:42.230775+00:00,2026-02-02 12:25:42.230851+00:00
4c492cb0472cf31ece89544b0675c964,2026-02-02T12:25:40.886393,0.03325115270510913,2026-02-02T12:25:40.218452521Z,bellOnAction,2026-02-02 12:25:42.229527+00:00,2026-02-02 12:25:42.229585+00:00
4c492cb0472cf31ece89544b0675c964,2026-02-02T12:25:40.886393,0.03325115270510913,2026-02-02T12:25:40.218452521Z,lightOnInvocation,2026-02-02 12:25:40.226516+00:00,2026-02-02 12:25:40.226687+00:00
4c492cb0472cf31ece89544b0675c964,2026-02-02T12:25:40.886393,0.03325115270510913,2026-02-02T12:25:40.218452521Z,gateDownAction,2026-02-02 12:25:42.227844+00:00,2026-02-02 12:25:42.228015+00:00
4c492cb0472cf31ece89544b0675c964,2026-02-02T12:25:40.886393,0.03325115270510913,2026-02-02T12:25:40.218452521Z,lightOnAction,2026-02-02 12:25:42.227522+00:00,2026-02-02 12:25:42.227609+00:00
4c492cb0472cf31ece89544b0675c964,2026-02-02T12:25:40.886393,0.03325115270510913,2026-02-02T12:25:40.218452521Z,gateDownInvocation,2026-02-02 12:25:40.226501+00:00,2026-02-02 12:25:40.226702+00:00
4c492cb0472cf31ece89544b0675c964,2026-02-02T12:25:40.886393,0.03325115270510913,2026-02-02T12:25:40.218452521Z,bellOnAction,2026-02-02 12:25:42.231362+00:00,2026-02-02 12:25:42.231448+00:00
b027e24a4ea95581c1fdee8c7644e1b8,2026-02-02T12:28:51.421911,0.06516724174313546,2026-02-02T12:28:51.734173633Z,lightOffInvocation,2026-02-02 12:28:51.740692+00:00,2026-02-02 12:28:51.740730+00:00
b027e24a4ea95581c1fdee8c7644e1b8,2026-02-02T12:28:51.421911,0.06516724174313546,2026-02-02T12:28:51.734173633Z,bellOffInvocation,2026-02-02 12:28:51.740399+00:00,2026-02-02 12:28:51.740471+00:00
b027e24a4ea95581c1fdee8c7644e1b8,2026-02-02T12:28:51.421911,0.06516724174313546,2026-02-02T12:28:51.734173633Z,bellOffInvocation,2026-02-02 12:28:51.740636+00:00,2026-02-02 12:28:51.740689+00:00
b027e24a4ea95581c1fdee8c7644e1b8,2026-02-02T12:28:51.421911,0.06516724174313546,2026-02-02T12:28:51.734173633Z,gateUpInvocation,2026-02-02 12:28:51.739757+00:00,2026-02-02 12:28:51.739821+00:00
b027e24a4ea95581c1fdee8c7644e1b8,2026-02-02T12:28:51.421911,0.06516724174313546,2026-02-02T12:28:51.734173633Z,gateUpInvocation,2026-02-02 12:28:51.739251+00:00,2026-02-02 12:28:51.739300+00:00
b027e24a4ea95581c1fdee8c7644e1b8,2026-02-02T12:28:51.421911,0.06516724174313546,2026-02-02T12:28:51.734173633Z,lightOffInvocation,2026-02-02 12:28:51.739222+00:00,2026-02-02 12:28:51.739309+00:00
d2e152afdb2f89ce6c718f316cda100b,2026-02-02T12:22:52.864876,0.005412819434797764,2026-02-02T12:22:53.171697933Z,gateUpInvocation,2026-02-02 12:22:53.183194+00:00,2026-02-02 12:22:53.183349+00:00
d2e152afdb2f89ce6c718f316cda100b,2026-02-02T12:22:52.864876,0.005412819434797764,2026-02-02T12:22:53.171697933Z,lightOffInvocation,2026-02-02 12:22:53.183384+00:00,2026-02-02 12:22:53.183532+00:00
d2e152afdb2f89ce6c718f316cda100b,2026-02-02T12:22:52.864876,0.005412819434797764,2026-02-02T12:22:53.171697933Z,lightOffInvocation,2026-02-02 12:22:53.188393+00:00,2026-02-02 12:22:53.188430+00:00
d2e152afdb2f89ce6c718f316cda100b,2026-02-02T12:22:52.864876,0.005412819434797764,2026-02-02T12:22:53.171697933Z,gateUpInvocation,2026-02-02 12:22:53.187749+00:00,2026-02-02 12:22:53.187794+00:00
d2e152afdb2f89ce6c718f316cda100b,2026-02-02T12:22:52.864876,0.005412819434797764,2026-02-02T12:22:53.171697933Z,bellOffInvocation,2026-02-02 12:22:53.187233+00:00,2026-02-02 12:22:53.187280+00:00
d2e152afdb2f89ce6c718f316cda100b,2026-02-02T12:22:52.864876,0.005412819434797764,2026-02-02T12:22:53.171697933Z,bellOffInvocation,2026-02-02 12:22:53.189488+00:00,2026-02-02 12:22:53.189518+00:00
ffd4f2b2fb716921d205c53b7bf32734,2026-02-02T12:30:18.301031,0.07965257156298161,2026-02-02T12:30:18.654754193Z,lightOffInvocation,2026-02-02 12:30:18.659218+00:00,2026-02-02 12:30:18.659273+00:00
ffd4f2b2fb716921d205c53b7bf32734,2026-02-02T12:30:18.301031,0.07965257156298161,2026-02-02T12:30:18.654754193Z,gateUpInvocation,2026-02-02 12:30:18.659278+00:00,2026-02-02 12:30:18.659334+00:00
ffd4f2b2fb716921d205c53b7bf32734,2026-02-02T12:30:18.301031,0.07965257156298161,2026-02-02T12:30:18.654754193Z,gateUpInvocation,2026-02-02 12:30:18.659095+00:00,2026-02-02 12:30:18.659165+00:00
ffd4f2b2fb716921d205c53b7bf32734,2026-02-02T12:30:18.301031,0.07965257156298161,2026-02-02T12:30:18.654754193Z,bellOffInvocation,2026-02-02 12:30:18.659315+00:00,2026-02-02 12:30:18.659367+00:00
ffd4f2b2fb716921d205c53b7bf32734,2026-02-02T12:30:18.301031,0.07965257156298161,2026-02-02T12:30:18.654754193Z,lightOffInvocation,2026-02-02 12:30:18.660813+00:00,2026-02-02 12:30:18.660876+00:00
ffd4f2b2fb716921d205c53b7bf32734,2026-02-02T12:30:18.301031,0.07965257156298161,2026-02-02T12:30:18.654754193Z,bellOffInvocation,2026-02-02 12:30:18.660829+00:00,2026-02-02 12:30:18.660884+00:00
83a89c2add260e7da835fa53f05d1f6c,2026-02-02T12:29:26.174307,0.07096302446721793,2026-02-02T12:29:26.512335631Z,gateUpInvocation,2026-02-02 12:29:26.528676+00:00,2026-02-02 12:29:26.528760+00:00
83a89c2add260e7da835fa53f05d1f6c,2026-02-02T12:29:26.174307,0.07096302446721793,2026-02-02T12:29:26.512335631Z,bellOffInvocation,2026-02-02 12:29:26.526228+00:00,2026-02-02 12:29:26.526329+00:00
83a89c2add260e7da835fa53f05d1f6c,2026-02-02T12:29:26.174307,0.07096302446721793,2026-02-02T12:29:26.512335631Z,lightOffInvocation,2026-02-02 12:29:26.521128+00:00,2026-02-02 12:29:26.521292+00:00
83a89c2add260e7da835fa53f05d1f6c,2026-02-02T12:29:26.174307,0.07096302446721793,2026-02-02T12:29:26.512335631Z,gateUpInvocation,2026-02-02 12:29:26.524538+00:00,2026-02-02 12:29:26.524637+00:00
83a89c2add260e7da835fa53f05d1f6c,2026-02-02T12:29:26.174307,0.07096302446721793,2026-02-02T12:29:26.512335631Z,bellOffInvocation,2026-02-02 12:29:26.532057+00:00,2026-02-02 12:29:26.532129+00:00
83a89c2add260e7da835fa53f05d1f6c,2026-02-02T12:29:26.174307,0.07096302446721793,2026-02-02T12:29:26.512335631Z,lightOffInvocation,2026-02-02 12:29:26.529184+00:00,2026-02-02 12:29:26.529267+00:00
63f13c32ae2de93e10b4b9d638aba792,2026-02-02T12:32:20.014882,0.0999316618838191,2026-02-02T12:32:20.341613321Z,lightOffInvocation,2026-02-02 12:32:20.346521+00:00,2026-02-02 12:32:20.346572+00:00
63f13c32ae2de93e10b4b9d638aba792,2026-02-02T12:32:20.014882,0.0999316618838191,2026-02-02T12:32:20.341613321Z,bellOffInvocation,2026-02-02 12:32:20.348314+00:00,2026-02-02 12:32:20.348389+00:00
63f13c32ae2de93e10b4b9d638aba792,2026-02-02T12:32:20.014882,0.0999316618838191,2026-02-02T12:32:20.341613321Z,bellOffInvocation,2026-02-02 12:32:20.347037+00:00,2026-02-02 12:32:20.347131+00:00
63f13c32ae2de93e10b4b9d638aba792,2026-02-02T12:32:20.014882,0.0999316618838191,2026-02-02T12:32:20.341613321Z,gateUpInvocation,2026-02-02 12:32:20.346598+00:00,2026-02-02 12:32:20.346683+00:00
63f13c32ae2de93e10b4b9d638aba792,2026-02-02T12:32:20.014882,0.0999316618838191,2026-02-02T12:32:20.341613321Z,lightOffInvocation,2026-02-02 12:32:20.346864+00:00,2026-02-02 12:32:20.346950+00:00
63f13c32ae2de93e10b4b9d638aba792,2026-02-02T12:32:20.014882,0.0999316618838191,2026-02-02T12:32:20.341613321Z,gateUpInvocation,2026-02-02 12:32:20.348165+00:00,2026-02-02 12:32:20.348238+00:00
5efed80955899a2f5b9d3b4b3e86cc42,2026-02-02T12:28:55.743880,0.06589355334708691,2026-02-02T12:28:56.092460051Z,bellOffInvocation,2026-02-02 12:28:56.101710+00:00,2026-02-02 12:28:56.101914+00:00
5efed80955899a2f5b9d3b4b3e86cc42,2026-02-02T12:28:55.743880,0.06589355334708691,2026-02-02T12:28:56.092460051Z,lightOffInvocation,2026-02-02 12:28:56.100562+00:00,2026-02-02 12:28:56.100728+00:00
5efed80955899a2f5b9d3b4b3e86cc42,2026-02-02T12:28:55.743880,0.06589355334708691,2026-02-02T12:28:56.092460051Z,gateUpInvocation,2026-02-02 12:28:56.100761+00:00,2026-02-02 12:28:56.100955+00:00
5efed80955899a2f5b9d3b4b3e86cc42,2026-02-02T12:28:55.743880,0.06589355334708691,2026-02-02T12:28:56.092460051Z,bellOffInvocation,2026-02-02 12:28:56.102725+00:00,2026-02-02 12:28:56.102864+00:00
5efed80955899a2f5b9d3b4b3e86cc42,2026-02-02T12:28:55.743880,0.06589355334708691,2026-02-02T12:28:56.092460051Z,gateUpInvocation,2026-02-02 12:28:56.101349+00:00,2026-02-02 12:28:56.101502+00:00
5efed80955899a2f5b9d3b4b3e86cc42,2026-02-02T12:28:55.743880,0.06589355334708691,2026-02-02T12:28:56.092460051Z,lightOffInvocation,2026-02-02 12:28:56.104123+00:00,2026-02-02 12:28:56.104270+00:00
14ca216d8904ade8d18659a9754e593b,2026-02-02T12:26:11.105229,0.03845413798980714,2026-02-02T12:26:11.439522877Z,gateUpInvocation,2026-02-02 12:26:11.454128+00:00,2026-02-02 12:26:11.454213+00:00
14ca216d8904ade8d18659a9754e593b,2026-02-02T12:26:11.105229,0.03845413798980714,2026-02-02T12:26:11.439522877Z,lightOffInvocation,2026-02-02 12:26:11.449649+00:00,2026-02-02 12:26:11.449787+00:00
14ca216d8904ade8d18659a9754e593b,2026-02-02T12:26:11.105229,0.03845413798980714,2026-02-02T12:26:11.439522877Z,lightOffInvocation,2026-02-02 12:26:11.452698+00:00,2026-02-02 12:26:11.452790+00:00
14ca216d8904ade8d18659a9754e593b,2026-02-02T12:26:11.105229,0.03845413798980714,2026-02-02T12:26:11.439522877Z,gateUpInvocation,2026-02-02 12:26:11.450051+00:00,2026-02-02 12:26:11.450176+00:00
14ca216d8904ade8d18659a9754e593b,2026-02-02T12:26:11.105229,0.03845413798980714,2026-02-02T12:26:11.439522877Z,bellOffInvocation,2026-02-02 12:26:11.452345+00:00,2026-02-02 12:26:11.452418+00:00
14ca216d8904ade8d18659a9754e593b,2026-02-02T12:26:11.105229,0.03845413798980714,2026-02-02T12:26:11.439522877Z,bellOffInvocation,2026-02-02 12:26:11.453983+00:00,2026-02-02 12:26:11.454082+00:00
7fd598e1ae66bab3c83083336e9728b9,2026-02-02T12:31:27.819357,0.09124414853355885,2026-02-02T12:31:28.211231897Z,lightOffInvocation,2026-02-02 12:31:28.216379+00:00,2026-02-02 12:31:28.216459+00:00
7fd598e1ae66bab3c83083336e9728b9,2026-02-02T12:31:27.819357,0.09124414853355885,2026-02-02T12:31:28.211231897Z,gateUpInvocation,2026-02-02 12:31:28.217462+00:00,2026-02-02 12:31:28.217520+00:00
7fd598e1ae66bab3c83083336e9728b9,2026-02-02T12:31:27.819357,0.09124414853355885,2026-02-02T12:31:28.211231897Z,bellOffInvocation,2026-02-02 12:31:28.218157+00:00,2026-02-02 12:31:28.218248+00:00
7fd598e1ae66bab3c83083336e9728b9,2026-02-02T12:31:27.819357,0.09124414853355885,2026-02-02T12:31:28.211231897Z,lightOffInvocation,2026-02-02 12:31:28.216363+00:00,2026-02-02 12:31:28.216482+00:00
7fd598e1ae66bab3c83083336e9728b9,2026-02-02T12:31:27.819357,0.09124414853355885,2026-02-02T12:31:28.211231897Z,bellOffInvocation,2026-02-02 12:31:28.216498+00:00,2026-02-02 12:31:28.216634+00:00
7fd598e1ae66bab3c83083336e9728b9,2026-02-02T12:31:27.819357,0.09124414853355885,2026-02-02T12:31:28.211231897Z,gateUpInvocation,2026-02-02 12:31:28.216283+00:00,2026-02-02 12:31:28.216389+00:00
d2535381cbdf3a7573210ee0a78ee4b8,2026-02-02T12:23:31.615690,0.011871364520132542,2026-02-02T12:23:31.926767526Z,lightOffInvocation,2026-02-02 12:23:31.931059+00:00,2026-02-02 12:23:31.931102+00:00
d2535381cbdf3a7573210ee0a78ee4b8,2026-02-02T12:23:31.615690,0.011871364520132542,2026-02-02T12:23:31.926767526Z,lightOffInvocation,2026-02-02 12:23:31.932194+00:00,2026-02-02 12:23:31.932244+00:00
d2535381cbdf3a7573210ee0a78ee4b8,2026-02-02T12:23:31.615690,0.011871364520132542,2026-02-02T12:23:31.926767526Z,gateUpInvocation,2026-02-02 12:23:31.931076+00:00,2026-02-02 12:23:31.931136+00:00
d2535381cbdf3a7573210ee0a78ee4b8,2026-02-02T12:23:31.615690,0.011871364520132542,2026-02-02T12:23:31.926767526Z,bellOffInvocation,2026-02-02 12:23:31.933271+00:00,2026-02-02 12:23:31.933326+00:00
d2535381cbdf3a7573210ee0a78ee4b8,2026-02-02T12:23:31.615690,0.011871364520132542,2026-02-02T12:23:31.926767526Z,bellOffInvocation,2026-02-02 12:23:31.931713+00:00,2026-02-02 12:23:31.931756+00:00
d2535381cbdf3a7573210ee0a78ee4b8,2026-02-02T12:23:31.615690,0.011871364520132542,2026-02-02T12:23:31.926767526Z,gateUpInvocation,2026-02-02 12:23:31.931099+00:00,2026-02-02 12:23:31.931154+00:00
d7c5010b5521b7afc5d005af89fce686,2026-02-02T12:29:21.848960,0.07024557769076824,2026-02-02T12:29:22.20721013Z,gateUpInvocation,2026-02-02 12:29:22.211687+00:00,2026-02-02 12:29:22.211743+00:00
d7c5010b5521b7afc5d005af89fce686,2026-02-02T12:29:21.848960,0.07024557769076824,2026-02-02T12:29:22.20721013Z,bellOffInvocation,2026-02-02 12:29:22.211547+00:00,2026-02-02 12:29:22.211607+00:00
d7c5010b5521b7afc5d005af89fce686,2026-02-02T12:29:21.848960,0.07024557769076824,2026-02-02T12:29:22.20721013Z,bellOffInvocation,2026-02-02 12:29:22.212540+00:00,2026-02-02 12:29:22.212597+00:00
d7c5010b5521b7afc5d005af89fce686,2026-02-02T12:29:21.848960,0.07024557769076824,2026-02-02T12:29:22.20721013Z,lightOffInvocation,2026-02-02 12:29:22.212574+00:00,2026-02-02 12:29:22.212617+00:00
d7c5010b5521b7afc5d005af89fce686,2026-02-02T12:29:21.848960,0.07024557769076824,2026-02-02T12:29:22.20721013Z,lightOffInvocation,2026-02-02 12:29:22.211529+00:00,2026-02-02 12:29:22.211571+00:00
d7c5010b5521b7afc5d005af89fce686,2026-02-02T12:29:21.848960,0.07024557769076824,2026-02-02T12:29:22.20721013Z,gateUpInvocation,2026-02-02 12:29:22.211826+00:00,2026-02-02 12:29:22.211884+00:00
00cea0f6a17fea6c07891ac091b27ae4,2026-02-02T12:27:41.947938,0.05358905568307639,2026-02-02T12:27:42.258215906Z,lightOffInvocation,2026-02-02 12:27:42.263997+00:00,2026-02-02 12:27:42.264092+00:00
00cea0f6a17fea6c07891ac091b27ae4,2026-02-02T12:27:41.947938,0.05358905568307639,2026-02-02T12:27:42.258215906Z,gateUpInvocation,2026-02-02 12:27:42.264072+00:00,2026-02-02 12:27:42.264151+00:00
00cea0f6a17fea6c07891ac091b27ae4,2026-02-02T12:27:41.947938,0.05358905568307639,2026-02-02T12:27:42.258215906Z,lightOffInvocation,2026-02-02 12:27:42.263910+00:00,2026-02-02 12:27:42.264002+00:00
00cea0f6a17fea6c07891ac091b27ae4,2026-02-02T12:27:41.947938,0.05358905568307639,2026-02-02T12:27:42.258215906Z,bellOffInvocation,2026-02-02 12:27:42.265758+00:00,2026-02-02 12:27:42.265836+00:00
00cea0f6a17fea6c07891ac091b27ae4,2026-02-02T12:27:41.947938,0.05358905568307639,2026-02-02T12:27:42.258215906Z,gateUpInvocation,2026-02-02 12:27:42.264817+00:00,2026-02-02 12:27:42.264878+00:00
00cea0f6a17fea6c07891ac091b27ae4,2026-02-02T12:27:41.947938,0.05358905568307639,2026-02-02T12:27:42.258215906Z,bellOffInvocation,2026-02-02 12:27:42.267193+00:00,2026-02-02 12:27:42.267274+00:00
c449139c866d55d1c7ccc2138f6a4299,2026-02-02T12:23:57.466429,0.016013241558718683,2026-02-02T12:23:56.780592515Z,lightOnAction,2026-02-02 12:23:58.792941+00:00,2026-02-02 12:23:58.793009+00:00
c449139c866d55d1c7ccc2138f6a4299,2026-02-02T12:23:57.466429,0.016013241558718683,2026-02-02T12:23:56.780592515Z,gateDownInvocation,2026-02-02 12:23:56.791489+00:00,2026-02-02 12:23:56.791873+00:00
c449139c866d55d1c7ccc2138f6a4299,2026-02-02T12:23:57.466429,0.016013241558718683,2026-02-02T12:23:56.780592515Z,lightOnAction,2026-02-02 12:23:58.792756+00:00,2026-02-02 12:23:58.792813+00:00
c449139c866d55d1c7ccc2138f6a4299,2026-02-02T12:23:57.466429,0.016013241558718683,2026-02-02T12:23:56.780592515Z,bellOnInvocation,2026-02-02 12:23:56.794301+00:00,2026-02-02 12:23:56.794507+00:00
c449139c866d55d1c7ccc2138f6a4299,2026-02-02T12:23:57.466429,0.016013241558718683,2026-02-02T12:23:56.780592515Z,bellOnAction,2026-02-02 12:23:58.796324+00:00,2026-02-02 12:23:58.796362+00:00
c449139c866d55d1c7ccc2138f6a4299,2026-02-02T12:23:57.466429,0.016013241558718683,2026-02-02T12:23:56.780592515Z,bellOnAction,2026-02-02 12:23:58.796136+00:00,2026-02-02 12:23:58.796172+00:00
c449139c866d55d1c7ccc2138f6a4299,2026-02-02T12:23:57.466429,0.016013241558718683,2026-02-02T12:23:56.780592515Z,bellOnInvocation,2026-02-02 12:23:56.794549+00:00,2026-02-02 12:23:56.794949+00:00
c449139c866d55d1c7ccc2138f6a4299,2026-02-02T12:23:57.466429,0.016013241558718683,2026-02-02T12:23:56.780592515Z,gateDownAction,2026-02-02 12:23:58.792756+00:00,2026-02-02 12:23:58.792813+00:00
c449139c866d55d1c7ccc2138f6a4299,2026-02-02T12:23:57.466429,0.016013241558718683,2026-02-02T12:23:56.780592515Z,gateDownInvocation,2026-02-02 12:23:56.793031+00:00,2026-02-02 12:23:56.793305+00:00
c449139c866d55d1c7ccc2138f6a4299,2026-02-02T12:23:57.466429,0.016013241558718683,2026-02-02T12:23:56.780592515Z,gateDownAction,2026-02-02 12:23:58.795137+00:00,2026-02-02 12:23:58.795171+00:00
c449139c866d55d1c7ccc2138f6a4299,2026-02-02T12:23:57.466429,0.016013241558718683,2026-02-02T12:23:56.780592515Z,lightOnInvocation,2026-02-02 12:23:56.791527+00:00,2026-02-02 12:23:56.791660+00:00
c449139c866d55d1c7ccc2138f6a4299,2026-02-02T12:23:57.466429,0.016013241558718683,2026-02-02T12:23:56.780592515Z,lightOnInvocation,2026-02-02 12:23:56.791639+00:00,2026-02-02 12:23:56.791858+00:00
1450a924fc1ed686edf9bcb1192f2a02,2026-02-02T12:24:49.155887,0.024793576522266866,2026-02-02T12:24:49.467786637Z,bellOffInvocation,2026-02-02 12:24:49.472534+00:00,2026-02-02 12:24:49.472577+00:00
1450a924fc1ed686edf9bcb1192f2a02,2026-02-02T12:24:49.155887,0.024793576522266866,2026-02-02T12:24:49.467786637Z,gateUpInvocation,2026-02-02 12:24:49.471503+00:00,2026-02-02 12:24:49.471561+00:00
1450a924fc1ed686edf9bcb1192f2a02,2026-02-02T12:24:49.155887,0.024793576522266866,2026-02-02T12:24:49.467786637Z,gateUpInvocation,2026-02-02 12:24:49.471411+00:00,2026-02-02 12:24:49.471457+00:00
1450a924fc1ed686edf9bcb1192f2a02,2026-02-02T12:24:49.155887,0.024793576522266866,2026-02-02T12:24:49.467786637Z,lightOffInvocation,2026-02-02 12:24:49.472113+00:00,2026-02-02 12:24:49.472146+00:00
1450a924fc1ed686edf9bcb1192f2a02,2026-02-02T12:24:49.155887,0.024793576522266866,2026-02-02T12:24:49.467786637Z,lightOffInvocation,2026-02-02 12:24:49.472043+00:00,2026-02-02 12:24:49.472101+00:00
1450a924fc1ed686edf9bcb1192f2a02,2026-02-02T12:24:49.155887,0.024793576522266866,2026-02-02T12:24:49.467786637Z,bellOffInvocation,2026-02-02 12:24:49.472764+00:00,2026-02-02 12:24:49.472811+00:00
e915a3371e853759e50fff6ee96e173b,2026-02-02T12:28:25.337237,0.060827674319124225,2026-02-02T12:28:25.694178688Z,bellOffInvocation,2026-02-02 12:28:25.704011+00:00,2026-02-02 12:28:25.704158+00:00
e915a3371e853759e50fff6ee96e173b,2026-02-02T12:28:25.337237,0.060827674319124225,2026-02-02T12:28:25.694178688Z,bellOffInvocation,2026-02-02 12:28:25.704411+00:00,2026-02-02 12:28:25.704514+00:00
e915a3371e853759e50fff6ee96e173b,2026-02-02T12:28:25.337237,0.060827674319124225,2026-02-02T12:28:25.694178688Z,lightOffInvocation,2026-02-02 12:28:25.703667+00:00,2026-02-02 12:28:25.703798+00:00
e915a3371e853759e50fff6ee96e173b,2026-02-02T12:28:25.337237,0.060827674319124225,2026-02-02T12:28:25.694178688Z,lightOffInvocation,2026-02-02 12:28:25.701298+00:00,2026-02-02 12:28:25.701396+00:00
e915a3371e853759e50fff6ee96e173b,2026-02-02T12:28:25.337237,0.060827674319124225,2026-02-02T12:28:25.694178688Z,gateUpInvocation,2026-02-02 12:28:25.701445+00:00,2026-02-02 12:28:25.701519+00:00
e915a3371e853759e50fff6ee96e173b,2026-02-02T12:28:25.337237,0.060827674319124225,2026-02-02T12:28:25.694178688Z,gateUpInvocation,2026-02-02 12:28:25.701343+00:00,2026-02-02 12:28:25.701443+00:00
b53251bb09a797115c6245d2702b9066,2026-02-02T12:31:58.309932,0.09631694728662969,2026-02-02T12:31:58.651126552Z,lightOffInvocation,2026-02-02 12:31:58.658121+00:00,2026-02-02 12:31:58.658249+00:00
b53251bb09a797115c6245d2702b9066,2026-02-02T12:31:58.309932,0.09631694728662969,2026-02-02T12:31:58.651126552Z,bellOffInvocation,2026-02-02 12:31:58.658245+00:00,2026-02-02 12:31:58.658374+00:00
b53251bb09a797115c6245d2702b9066,2026-02-02T12:31:58.309932,0.09631694728662969,2026-02-02T12:31:58.651126552Z,gateUpInvocation,2026-02-02 12:31:58.660684+00:00,2026-02-02 12:31:58.660776+00:00
b53251bb09a797115c6245d2702b9066,2026-02-02T12:31:58.309932,0.09631694728662969,2026-02-02T12:31:58.651126552Z,lightOffInvocation,2026-02-02 12:31:58.658006+00:00,2026-02-02 12:31:58.658148+00:00
b53251bb09a797115c6245d2702b9066,2026-02-02T12:31:58.309932,0.09631694728662969,2026-02-02T12:31:58.651126552Z,bellOffInvocation,2026-02-02 12:31:58.661255+00:00,2026-02-02 12:31:58.661381+00:00
b53251bb09a797115c6245d2702b9066,2026-02-02T12:31:58.309932,0.09631694728662969,2026-02-02T12:31:58.651126552Z,gateUpInvocation,2026-02-02 12:31:58.657764+00:00,2026-02-02 12:31:58.657895+00:00
db515c4ebb99623c99c96889435be89d,2026-02-02T12:23:31.615690,0.011703010395085813,2026-02-02T12:23:30.91668149Z,gateDownInvocation,2026-02-02 12:23:30.932445+00:00,2026-02-02 12:23:30.932739+00:00
db515c4ebb99623c99c96889435be89d,2026-02-02T12:23:31.615690,0.011703010395085813,2026-02-02T12:23:30.91668149Z,lightOnAction,2026-02-02 12:23:32.939419+00:00,2026-02-02 12:23:32.939500+00:00
db515c4ebb99623c99c96889435be89d,2026-02-02T12:23:31.615690,0.011703010395085813,2026-02-02T12:23:30.91668149Z,lightOnInvocation,2026-02-02 12:23:30.938932+00:00,2026-02-02 12:23:30.939073+00:00
db515c4ebb99623c99c96889435be89d,2026-02-02T12:23:31.615690,0.011703010395085813,2026-02-02T12:23:30.91668149Z,bellOnInvocation,2026-02-02 12:23:30.942209+00:00,2026-02-02 12:23:30.942331+00:00
db515c4ebb99623c99c96889435be89d,2026-02-02T12:23:31.615690,0.011703010395085813,2026-02-02T12:23:30.91668149Z,gateDownInvocation,2026-02-02 12:23:30.938842+00:00,2026-02-02 12:23:30.939068+00:00
db515c4ebb99623c99c96889435be89d,2026-02-02T12:23:31.615690,0.011703010395085813,2026-02-02T12:23:30.91668149Z,bellOnAction,2026-02-02 12:23:32.937665+00:00,2026-02-02 12:23:32.937743+00:00
db515c4ebb99623c99c96889435be89d,2026-02-02T12:23:31.615690,0.011703010395085813,2026-02-02T12:23:30.91668149Z,gateDownAction,2026-02-02 12:23:32.940014+00:00,2026-02-02 12:23:32.940100+00:00
db515c4ebb99623c99c96889435be89d,2026-02-02T12:23:31.615690,0.011703010395085813,2026-02-02T12:23:30.91668149Z,bellOnAction,2026-02-02 12:23:32.943141+00:00,2026-02-02 12:23:32.943257+00:00
db515c4ebb99623c99c96889435be89d,2026-02-02T12:23:31.615690,0.011703010395085813,2026-02-02T12:23:30.91668149Z,lightOnInvocation,2026-02-02 12:23:30.936353+00:00,2026-02-02 12:23:30.936509+00:00
db515c4ebb99623c99c96889435be89d,2026-02-02T12:23:31.615690,0.011703010395085813,2026-02-02T12:23:30.91668149Z,bellOnInvocation,2026-02-02 12:23:30.937123+00:00,2026-02-02 12:23:30.937263+00:00
db515c4ebb99623c99c96889435be89d,2026-02-02T12:23:31.615690,0.011703010395085813,2026-02-02T12:23:30.91668149Z,lightOnAction,2026-02-02 12:23:32.937988+00:00,2026-02-02 12:23:32.938087+00:00
db515c4ebb99623c99c96889435be89d,2026-02-02T12:23:31.615690,0.011703010395085813,2026-02-02T12:23:30.91668149Z,gateDownAction,2026-02-02 12:23:32.936277+00:00,2026-02-02 12:23:32.936394+00:00
31b6dd0eae181650f26bf5d11a6a40b7,2026-02-02T12:32:15.692688,0.09920745256385803,2026-02-02T12:32:15.9958537Z,lightOffInvocation,2026-02-02 12:32:16.001493+00:00,2026-02-02 12:32:16.001561+00:00
31b6dd0eae181650f26bf5d11a6a40b7,2026-02-02T12:32:15.692688,0.09920745256385803,2026-02-02T12:32:15.9958537Z,gateUpInvocation,2026-02-02 12:32:16.001439+00:00,2026-02-02 12:32:16.001505+00:00
31b6dd0eae181650f26bf5d11a6a40b7,2026-02-02T12:32:15.692688,0.09920745256385803,2026-02-02T12:32:15.9958537Z,lightOffInvocation,2026-02-02 12:32:16.001777+00:00,2026-02-02 12:32:16.001840+00:00
31b6dd0eae181650f26bf5d11a6a40b7,2026-02-02T12:32:15.692688,0.09920745256385803,2026-02-02T12:32:15.9958537Z,bellOffInvocation,2026-02-02 12:32:16.002725+00:00,2026-02-02 12:32:16.002817+00:00
31b6dd0eae181650f26bf5d11a6a40b7,2026-02-02T12:32:15.692688,0.09920745256385803,2026-02-02T12:32:15.9958537Z,gateUpInvocation,2026-02-02 12:32:16.002483+00:00,2026-02-02 12:32:16.002619+00:00
31b6dd0eae181650f26bf5d11a6a40b7,2026-02-02T12:32:15.692688,0.09920745256385803,2026-02-02T12:32:15.9958537Z,bellOffInvocation,2026-02-02 12:32:16.001776+00:00,2026-02-02 12:32:16.001843+00:00
342fd7a84e73e72692e3069ebbf04e0f,2026-02-02T12:23:14.382168,0.008998820498394967,2026-02-02T12:23:14.689860029Z,gateUpInvocation,2026-02-02 12:23:14.707217+00:00,2026-02-02 12:23:14.707359+00:00
342fd7a84e73e72692e3069ebbf04e0f,2026-02-02T12:23:14.382168,0.008998820498394967,2026-02-02T12:23:14.689860029Z,lightOffInvocation,2026-02-02 12:23:14.703634+00:00,2026-02-02 12:23:14.703792+00:00
342fd7a84e73e72692e3069ebbf04e0f,2026-02-02T12:23:14.382168,0.008998820498394967,2026-02-02T12:23:14.689860029Z,lightOffInvocation,2026-02-02 12:23:14.699717+00:00,2026-02-02 12:23:14.700030+00:00
342fd7a84e73e72692e3069ebbf04e0f,2026-02-02T12:23:14.382168,0.008998820498394967,2026-02-02T12:23:14.689860029Z,gateUpInvocation,2026-02-02 12:23:14.699798+00:00,2026-02-02 12:23:14.701014+00:00
342fd7a84e73e72692e3069ebbf04e0f,2026-02-02T12:23:14.382168,0.008998820498394967,2026-02-02T12:23:14.689860029Z,bellOffInvocation,2026-02-02 12:23:14.706945+00:00,2026-02-02 12:23:14.707068+00:00
342fd7a84e73e72692e3069ebbf04e0f,2026-02-02T12:23:14.382168,0.008998820498394967,2026-02-02T12:23:14.689860029Z,bellOffInvocation,2026-02-02 12:23:14.711457+00:00,2026-02-02 12:23:14.711553+00:00
3d22049bda6acd785752d093b6df22ed,2026-02-02T12:29:47.876187,0.07458232057420015,2026-02-02T12:29:48.230250866Z,gateUpInvocation,2026-02-02 12:29:48.236263+00:00,2026-02-02 12:29:48.236312+00:00
3d22049bda6acd785752d093b6df22ed,2026-02-02T12:29:47.876187,0.07458232057420015,2026-02-02T12:29:48.230250866Z,bellOffInvocation,2026-02-02 12:29:48.236314+00:00,2026-02-02 12:29:48.236365+00:00
3d22049bda6acd785752d093b6df22ed,2026-02-02T12:29:47.876187,0.07458232057420015,2026-02-02T12:29:48.230250866Z,lightOffInvocation,2026-02-02 12:29:48.235279+00:00,2026-02-02 12:29:48.235361+00:00
3d22049bda6acd785752d093b6df22ed,2026-02-02T12:29:47.876187,0.07458232057420015,2026-02-02T12:29:48.230250866Z,bellOffInvocation,2026-02-02 12:29:48.235399+00:00,2026-02-02 12:29:48.235464+00:00
3d22049bda6acd785752d093b6df22ed,2026-02-02T12:29:47.876187,0.07458232057420015,2026-02-02T12:29:48.230250866Z,lightOffInvocation,2026-02-02 12:29:48.235227+00:00,2026-02-02 12:29:48.235313+00:00
3d22049bda6acd785752d093b6df22ed,2026-02-02T12:29:47.876187,0.07458232057420015,2026-02-02T12:29:48.230250866Z,gateUpInvocation,2026-02-02 12:29:48.234734+00:00,2026-02-02 12:29:48.234800+00:00
73e4bf43473c161d3aa83f2b1b1591d6,2026-02-02T12:24:23.290332,0.020316938322603704,2026-02-02T12:24:22.605406995Z,lightOnInvocation,2026-02-02 12:24:22.618094+00:00,2026-02-02 12:24:22.618314+00:00
73e4bf43473c161d3aa83f2b1b1591d6,2026-02-02T12:24:23.290332,0.020316938322603704,2026-02-02T12:24:22.605406995Z,lightOnAction,2026-02-02 12:24:24.620079+00:00,2026-02-02 12:24:24.620178+00:00
73e4bf43473c161d3aa83f2b1b1591d6,2026-02-02T12:24:23.290332,0.020316938322603704,2026-02-02T12:24:22.605406995Z,gateDownInvocation,2026-02-02 12:24:22.617054+00:00,2026-02-02 12:24:22.617370+00:00
73e4bf43473c161d3aa83f2b1b1591d6,2026-02-02T12:24:23.290332,0.020316938322603704,2026-02-02T12:24:22.605406995Z,bellOnAction,2026-02-02 12:24:24.623319+00:00,2026-02-02 12:24:24.623416+00:00
73e4bf43473c161d3aa83f2b1b1591d6,2026-02-02T12:24:23.290332,0.020316938322603704,2026-02-02T12:24:22.605406995Z,lightOnInvocation,2026-02-02 12:24:22.617105+00:00,2026-02-02 12:24:22.617291+00:00
73e4bf43473c161d3aa83f2b1b1591d6,2026-02-02T12:24:23.290332,0.020316938322603704,2026-02-02T12:24:22.605406995Z,gateDownAction,2026-02-02 12:24:24.621581+00:00,2026-02-02 12:24:24.621600+00:00
73e4bf43473c161d3aa83f2b1b1591d6,2026-02-02T12:24:23.290332,0.020316938322603704,2026-02-02T12:24:22.605406995Z,lightOnAction,2026-02-02 12:24:24.619181+00:00,2026-02-02 12:24:24.619263+00:00
73e4bf43473c161d3aa83f2b1b1591d6,2026-02-02T12:24:23.290332,0.020316938322603704,2026-02-02T12:24:22.605406995Z,bellOnInvocation,2026-02-02 12:24:22.621165+00:00,2026-02-02 12:24:22.621300+00:00
73e4bf43473c161d3aa83f2b1b1591d6,2026-02-02T12:24:23.290332,0.020316938322603704,2026-02-02T12:24:22.605406995Z,bellOnInvocation,2026-02-02 12:24:22.620352+00:00,2026-02-02 12:24:22.620534+00:00
73e4bf43473c161d3aa83f2b1b1591d6,2026-02-02T12:24:23.290332,0.020316938322603704,2026-02-02T12:24:22.605406995Z,bellOnAction,2026-02-02 12:24:24.621716+00:00,2026-02-02 12:24:24.621739+00:00
73e4bf43473c161d3aa83f2b1b1591d6,2026-02-02T12:24:23.290332,0.020316938322603704,2026-02-02T12:24:22.605406995Z,gateDownInvocation,2026-02-02 12:24:22.620126+00:00,2026-02-02 12:24:22.620415+00:00
73e4bf43473c161d3aa83f2b1b1591d6,2026-02-02T12:24:23.290332,0.020316938322603704,2026-02-02T12:24:22.605406995Z,gateDownAction,2026-02-02 12:24:24.619181+00:00,2026-02-02 12:24:24.619263+00:00
996157d24ebc37836417c149a44e8b25,2026-02-02T12:28:07.992282,0.05792831108810903,2026-02-02T12:28:08.296242416Z,lightOffInvocation,2026-02-02 12:28:08.304668+00:00,2026-02-02 12:28:08.304834+00:00
996157d24ebc37836417c149a44e8b25,2026-02-02T12:28:07.992282,0.05792831108810903,2026-02-02T12:28:08.296242416Z,gateUpInvocation,2026-02-02 12:28:08.303521+00:00,2026-02-02 12:28:08.303660+00:00
996157d24ebc37836417c149a44e8b25,2026-02-02T12:28:07.992282,0.05792831108810903,2026-02-02T12:28:08.296242416Z,bellOffInvocation,2026-02-02 12:28:08.306441+00:00,2026-02-02 12:28:08.306541+00:00
996157d24ebc37836417c149a44e8b25,2026-02-02T12:28:07.992282,0.05792831108810903,2026-02-02T12:28:08.296242416Z,gateUpInvocation,2026-02-02 12:28:08.306437+00:00,2026-02-02 12:28:08.306526+00:00
996157d24ebc37836417c149a44e8b25,2026-02-02T12:28:07.992282,0.05792831108810903,2026-02-02T12:28:08.296242416Z,bellOffInvocation,2026-02-02 12:28:08.305056+00:00,2026-02-02 12:28:08.305197+00:00
996157d24ebc37836417c149a44e8b25,2026-02-02T12:28:07.992282,0.05792831108810903,2026-02-02T12:28:08.296242416Z,lightOffInvocation,2026-02-02 12:28:08.303545+00:00,2026-02-02 12:28:08.303700+00:00
8c6688e658e60047a6f4b764520fb5c9,2026-02-02T12:31:14.788876,0.08906442920435667,2026-02-02T12:31:15.131627109Z,bellOffInvocation,2026-02-02 12:31:15.141261+00:00,2026-02-02 12:31:15.141379+00:00
8c6688e658e60047a6f4b764520fb5c9,2026-02-02T12:31:14.788876,0.08906442920435667,2026-02-02T12:31:15.131627109Z,bellOffInvocation,2026-02-02 12:31:15.139165+00:00,2026-02-02 12:31:15.139294+00:00
8c6688e658e60047a6f4b764520fb5c9,2026-02-02T12:31:14.788876,0.08906442920435667,2026-02-02T12:31:15.131627109Z,lightOffInvocation,2026-02-02 12:31:15.140596+00:00,2026-02-02 12:31:15.140712+00:00
8c6688e658e60047a6f4b764520fb5c9,2026-02-02T12:31:14.788876,0.08906442920435667,2026-02-02T12:31:15.131627109Z,lightOffInvocation,2026-02-02 12:31:15.137717+00:00,2026-02-02 12:31:15.137865+00:00
8c6688e658e60047a6f4b764520fb5c9,2026-02-02T12:31:14.788876,0.08906442920435667,2026-02-02T12:31:15.131627109Z,gateUpInvocation,2026-02-02 12:31:15.137633+00:00,2026-02-02 12:31:15.137757+00:00
8c6688e658e60047a6f4b764520fb5c9,2026-02-02T12:31:14.788876,0.08906442920435667,2026-02-02T12:31:15.131627109Z,gateUpInvocation,2026-02-02 12:31:15.138632+00:00,2026-02-02 12:31:15.138772+00:00
9b06f5edf40c5d3a6551ad9b43788fa0,2026-02-02T12:26:37.012727,0.04277227893189192,2026-02-02T12:26:37.350784953Z,gateUpInvocation,2026-02-02 12:26:37.354406+00:00,2026-02-02 12:26:37.354463+00:00
9b06f5edf40c5d3a6551ad9b43788fa0,2026-02-02T12:26:37.012727,0.04277227893189192,2026-02-02T12:26:37.350784953Z,bellOffInvocation,2026-02-02 12:26:37.354900+00:00,2026-02-02 12:26:37.354940+00:00
9b06f5edf40c5d3a6551ad9b43788fa0,2026-02-02T12:26:37.012727,0.04277227893189192,2026-02-02T12:26:37.350784953Z,bellOffInvocation,2026-02-02 12:26:37.354543+00:00,2026-02-02 12:26:37.354588+00:00
9b06f5edf40c5d3a6551ad9b43788fa0,2026-02-02T12:26:37.012727,0.04277227893189192,2026-02-02T12:26:37.350784953Z,gateUpInvocation,2026-02-02 12:26:37.353777+00:00,2026-02-02 12:26:37.353818+00:00
9b06f5edf40c5d3a6551ad9b43788fa0,2026-02-02T12:26:37.012727,0.04277227893189192,2026-02-02T12:26:37.350784953Z,lightOffInvocation,2026-02-02 12:26:37.354974+00:00,2026-02-02 12:26:37.355002+00:00
9b06f5edf40c5d3a6551ad9b43788fa0,2026-02-02T12:26:37.012727,0.04277227893189192,2026-02-02T12:26:37.350784953Z,lightOffInvocation,2026-02-02 12:26:37.353785+00:00,2026-02-02 12:26:37.353840+00:00
8b21dc4b4c521509feed1d1e29ba864b,2026-02-02T12:26:15.405773,0.03916937814483643,2026-02-02T12:26:15.731356855Z,lightOffInvocation,2026-02-02 12:26:15.742093+00:00,2026-02-02 12:26:15.742222+00:00
8b21dc4b4c521509feed1d1e29ba864b,2026-02-02T12:26:15.405773,0.03916937814483643,2026-02-02T12:26:15.731356855Z,bellOffInvocation,2026-02-02 12:26:15.741621+00:00,2026-02-02 12:26:15.741778+00:00
8b21dc4b4c521509feed1d1e29ba864b,2026-02-02T12:26:15.405773,0.03916937814483643,2026-02-02T12:26:15.731356855Z,gateUpInvocation,2026-02-02 12:26:15.740655+00:00,2026-02-02 12:26:15.740814+00:00
8b21dc4b4c521509feed1d1e29ba864b,2026-02-02T12:26:15.405773,0.03916937814483643,2026-02-02T12:26:15.731356855Z,lightOffInvocation,2026-02-02 12:26:15.739425+00:00,2026-02-02 12:26:15.739532+00:00
8b21dc4b4c521509feed1d1e29ba864b,2026-02-02T12:26:15.405773,0.03916937814483643,2026-02-02T12:26:15.731356855Z,bellOffInvocation,2026-02-02 12:26:15.742616+00:00,2026-02-02 12:26:15.742757+00:00
8b21dc4b4c521509feed1d1e29ba864b,2026-02-02T12:26:15.405773,0.03916937814483643,2026-02-02T12:26:15.731356855Z,gateUpInvocation,2026-02-02 12:26:15.739709+00:00,2026-02-02 12:26:15.739894+00:00
52b5f2d11bec3ec697638f865ccff1d7,2026-02-02T12:25:36.571332,0.03269539755651951,2026-02-02T12:25:36.8836083Z,lightOffInvocation,2026-02-02 12:25:36.895236+00:00,2026-02-02 12:25:36.895380+00:00
52b5f2d11bec3ec697638f865ccff1d7,2026-02-02T12:25:36.571332,0.03269539755651951,2026-02-02T12:25:36.8836083Z,bellOffInvocation,2026-02-02 12:25:36.898969+00:00,2026-02-02 12:25:36.899109+00:00
52b5f2d11bec3ec697638f865ccff1d7,2026-02-02T12:25:36.571332,0.03269539755651951,2026-02-02T12:25:36.8836083Z,gateUpInvocation,2026-02-02 12:25:36.893699+00:00,2026-02-02 12:25:36.893858+00:00
52b5f2d11bec3ec697638f865ccff1d7,2026-02-02T12:25:36.571332,0.03269539755651951,2026-02-02T12:25:36.8836083Z,gateUpInvocation,2026-02-02 12:25:36.892729+00:00,2026-02-02 12:25:36.892919+00:00
52b5f2d11bec3ec697638f865ccff1d7,2026-02-02T12:25:36.571332,0.03269539755651951,2026-02-02T12:25:36.8836083Z,bellOffInvocation,2026-02-02 12:25:36.896463+00:00,2026-02-02 12:25:36.896629+00:00
52b5f2d11bec3ec697638f865ccff1d7,2026-02-02T12:25:36.571332,0.03269539755651951,2026-02-02T12:25:36.8836083Z,lightOffInvocation,2026-02-02 12:25:36.897262+00:00,2026-02-02 12:25:36.897424+00:00
ded231a5ede9bc1115c2afa8a7fbbeab,2026-02-02T12:30:09.610613,0.07820646841140987,2026-02-02T12:30:09.97737687Z,bellOffInvocation,2026-02-02 12:30:09.988624+00:00,2026-02-02 12:30:09.988695+00:00
ded231a5ede9bc1115c2afa8a7fbbeab,2026-02-02T12:30:09.610613,0.07820646841140987,2026-02-02T12:30:09.97737687Z,lightOffInvocation,2026-02-02 12:30:09.985846+00:00,2026-02-02 12:30:09.985924+00:00
ded231a5ede9bc1115c2afa8a7fbbeab,2026-02-02T12:30:09.610613,0.07820646841140987,2026-02-02T12:30:09.97737687Z,gateUpInvocation,2026-02-02 12:30:09.982731+00:00,2026-02-02 12:30:09.982831+00:00
ded231a5ede9bc1115c2afa8a7fbbeab,2026-02-02T12:30:09.610613,0.07820646841140987,2026-02-02T12:30:09.97737687Z,gateUpInvocation,2026-02-02 12:30:09.984189+00:00,2026-02-02 12:30:09.984282+00:00
ded231a5ede9bc1115c2afa8a7fbbeab,2026-02-02T12:30:09.610613,0.07820646841140987,2026-02-02T12:30:09.97737687Z,bellOffInvocation,2026-02-02 12:30:09.990028+00:00,2026-02-02 12:30:09.990117+00:00
ded231a5ede9bc1115c2afa8a7fbbeab,2026-02-02T12:30:09.610613,0.07820646841140987,2026-02-02T12:30:09.97737687Z,lightOffInvocation,2026-02-02 12:30:09.985099+00:00,2026-02-02 12:30:09.985190+00:00
a56c2906edf112c22b70dd8af346efae,2026-02-02T12:28:20.981329,0.0599332146823764,2026-02-02T12:28:20.326861615Z,bellOnAction,2026-02-02 12:28:22.339041+00:00,2026-02-02 12:28:22.339164+00:00
a56c2906edf112c22b70dd8af346efae,2026-02-02T12:28:20.981329,0.0599332146823764,2026-02-02T12:28:20.326861615Z,gateDownAction,2026-02-02 12:28:22.339152+00:00,2026-02-02 12:28:22.339245+00:00
a56c2906edf112c22b70dd8af346efae,2026-02-02T12:28:20.981329,0.0599332146823764,2026-02-02T12:28:20.326861615Z,bellOnInvocation,2026-02-02 12:28:20.337035+00:00,2026-02-02 12:28:20.337231+00:00
a56c2906edf112c22b70dd8af346efae,2026-02-02T12:28:20.981329,0.0599332146823764,2026-02-02T12:28:20.326861615Z,gateDownInvocation,2026-02-02 12:28:20.335170+00:00,2026-02-02 12:28:20.335460+00:00
a56c2906edf112c22b70dd8af346efae,2026-02-02T12:28:20.981329,0.0599332146823764,2026-02-02T12:28:20.326861615Z,lightOnInvocation,2026-02-02 12:28:20.335118+00:00,2026-02-02 12:28:20.335310+00:00
a56c2906edf112c22b70dd8af346efae,2026-02-02T12:28:20.981329,0.0599332146823764,2026-02-02T12:28:20.326861615Z,gateDownAction,2026-02-02 12:28:22.336435+00:00,2026-02-02 12:28:22.336526+00:00
a56c2906edf112c22b70dd8af346efae,2026-02-02T12:28:20.981329,0.0599332146823764,2026-02-02T12:28:20.326861615Z,lightOnInvocation,2026-02-02 12:28:20.335185+00:00,2026-02-02 12:28:20.335398+00:00
a56c2906edf112c22b70dd8af346efae,2026-02-02T12:28:20.981329,0.0599332146823764,2026-02-02T12:28:20.326861615Z,lightOnAction,2026-02-02 12:28:22.336454+00:00,2026-02-02 12:28:22.336538+00:00
a56c2906edf112c22b70dd8af346efae,2026-02-02T12:28:20.981329,0.0599332146823764,2026-02-02T12:28:20.326861615Z,bellOnAction,2026-02-02 12:28:22.338610+00:00,2026-02-02 12:28:22.338693+00:00
a56c2906edf112c22b70dd8af346efae,2026-02-02T12:28:20.981329,0.0599332146823764,2026-02-02T12:28:20.326861615Z,lightOnAction,2026-02-02 12:28:22.336489+00:00,2026-02-02 12:28:22.336592+00:00
a56c2906edf112c22b70dd8af346efae,2026-02-02T12:28:20.981329,0.0599332146823764,2026-02-02T12:28:20.326861615Z,bellOnInvocation,2026-02-02 12:28:20.337495+00:00,2026-02-02 12:28:20.337684+00:00
a56c2906edf112c22b70dd8af346efae,2026-02-02T12:28:20.981329,0.0599332146823764,2026-02-02T12:28:20.326861615Z,gateDownInvocation,2026-02-02 12:28:20.337225+00:00,2026-02-02 12:28:20.337413+00:00
423af3288aede6d9931de05a148668aa,2026-02-02T12:25:58.142446,0.03629008735337258,2026-02-02T12:25:58.453978725Z,bellOffInvocation,2026-02-02 12:25:58.471425+00:00,2026-02-02 12:25:58.471532+00:00
423af3288aede6d9931de05a148668aa,2026-02-02T12:25:58.142446,0.03629008735337258,2026-02-02T12:25:58.453978725Z,bellOffInvocation,2026-02-02 12:25:58.468393+00:00,2026-02-02 12:25:58.468500+00:00
423af3288aede6d9931de05a148668aa,2026-02-02T12:25:58.142446,0.03629008735337258,2026-02-02T12:25:58.453978725Z,lightOffInvocation,2026-02-02 12:25:58.463530+00:00,2026-02-02 12:25:58.463720+00:00
423af3288aede6d9931de05a148668aa,2026-02-02T12:25:58.142446,0.03629008735337258,2026-02-02T12:25:58.453978725Z,lightOffInvocation,2026-02-02 12:25:58.465687+00:00,2026-02-02 12:25:58.466094+00:00
423af3288aede6d9931de05a148668aa,2026-02-02T12:25:58.142446,0.03629008735337258,2026-02-02T12:25:58.453978725Z,gateUpInvocation,2026-02-02 12:25:58.466958+00:00,2026-02-02 12:25:58.467080+00:00
423af3288aede6d9931de05a148668aa,2026-02-02T12:25:58.142446,0.03629008735337258,2026-02-02T12:25:58.453978725Z,gateUpInvocation,2026-02-02 12:25:58.464178+00:00,2026-02-02 12:25:58.464299+00:00
ba9db5e1aa877f61a2d3306b68e0eb58,2026-02-02T12:32:06.937337,0.09759584958742858,2026-02-02T12:32:06.325316236Z,bellOnAction,2026-02-02 12:32:08.331138+00:00,2026-02-02 12:32:08.331223+00:00
ba9db5e1aa877f61a2d3306b68e0eb58,2026-02-02T12:32:06.937337,0.09759584958742858,2026-02-02T12:32:06.325316236Z,bellOnInvocation,2026-02-02 12:32:06.331294+00:00,2026-02-02 12:32:06.331369+00:00
ba9db5e1aa877f61a2d3306b68e0eb58,2026-02-02T12:32:06.937337,0.09759584958742858,2026-02-02T12:32:06.325316236Z,lightOnAction,2026-02-02 12:32:08.331154+00:00,2026-02-02 12:32:08.331239+00:00
ba9db5e1aa877f61a2d3306b68e0eb58,2026-02-02T12:32:06.937337,0.09759584958742858,2026-02-02T12:32:06.325316236Z,gateDownInvocation,2026-02-02 12:32:06.331103+00:00,2026-02-02 12:32:06.331217+00:00
ba9db5e1aa877f61a2d3306b68e0eb58,2026-02-02T12:32:06.937337,0.09759584958742858,2026-02-02T12:32:06.325316236Z,gateDownAction,2026-02-02 12:32:08.331210+00:00,2026-02-02 12:32:08.331265+00:00
ba9db5e1aa877f61a2d3306b68e0eb58,2026-02-02T12:32:06.937337,0.09759584958742858,2026-02-02T12:32:06.325316236Z,lightOnInvocation,2026-02-02 12:32:06.329577+00:00,2026-02-02 12:32:06.329668+00:00
ba9db5e1aa877f61a2d3306b68e0eb58,2026-02-02T12:32:06.937337,0.09759584958742858,2026-02-02T12:32:06.325316236Z,bellOnAction,2026-02-02 12:32:08.331526+00:00,2026-02-02 12:32:08.331578+00:00
ba9db5e1aa877f61a2d3306b68e0eb58,2026-02-02T12:32:06.937337,0.09759584958742858,2026-02-02T12:32:06.325316236Z,lightOnInvocation,2026-02-02 12:32:06.330161+00:00,2026-02-02 12:32:06.330250+00:00
ba9db5e1aa877f61a2d3306b68e0eb58,2026-02-02T12:32:06.937337,0.09759584958742858,2026-02-02T12:32:06.325316236Z,bellOnInvocation,2026-02-02 12:32:06.330322+00:00,2026-02-02 12:32:06.330406+00:00
ba9db5e1aa877f61a2d3306b68e0eb58,2026-02-02T12:32:06.937337,0.09759584958742858,2026-02-02T12:32:06.325316236Z,gateDownInvocation,2026-02-02 12:32:06.329604+00:00,2026-02-02 12:32:06.329717+00:00
ba9db5e1aa877f61a2d3306b68e0eb58,2026-02-02T12:32:06.937337,0.09759584958742858,2026-02-02T12:32:06.325316236Z,lightOnAction,2026-02-02 12:32:08.330807+00:00,2026-02-02 12:32:08.330887+00:00
ba9db5e1aa877f61a2d3306b68e0eb58,2026-02-02T12:32:06.937337,0.09759584958742858,2026-02-02T12:32:06.325316236Z,gateDownAction,2026-02-02 12:32:08.330521+00:00,2026-02-02 12:32:08.330606+00:00
c1943d5649f03c3585ac324dee8133f8,2026-02-02T12:24:57.767677,0.02622968338518143,2026-02-02T12:24:58.085407598Z,lightOffInvocation,2026-02-02 12:24:58.095629+00:00,2026-02-02 12:24:58.095764+00:00
c1943d5649f03c3585ac324dee8133f8,2026-02-02T12:24:57.767677,0.02622968338518143,2026-02-02T12:24:58.085407598Z,gateUpInvocation,2026-02-02 12:24:58.097182+00:00,2026-02-02 12:24:58.097360+00:00
c1943d5649f03c3585ac324dee8133f8,2026-02-02T12:24:57.767677,0.02622968338518143,2026-02-02T12:24:58.085407598Z,bellOffInvocation,2026-02-02 12:24:58.100399+00:00,2026-02-02 12:24:58.100557+00:00
c1943d5649f03c3585ac324dee8133f8,2026-02-02T12:24:57.767677,0.02622968338518143,2026-02-02T12:24:58.085407598Z,bellOffInvocation,2026-02-02 12:24:58.100093+00:00,2026-02-02 12:24:58.100240+00:00
c1943d5649f03c3585ac324dee8133f8,2026-02-02T12:24:57.767677,0.02622968338518143,2026-02-02T12:24:58.085407598Z,lightOffInvocation,2026-02-02 12:24:58.096639+00:00,2026-02-02 12:24:58.096988+00:00
c1943d5649f03c3585ac324dee8133f8,2026-02-02T12:24:57.767677,0.02622968338518143,2026-02-02T12:24:58.085407598Z,gateUpInvocation,2026-02-02 12:24:58.094670+00:00,2026-02-02 12:24:58.094811+00:00
c1dca41a48ed924d3064b4ef1712a145,2026-02-02T12:29:34.852245,0.0724137056718588,2026-02-02T12:29:35.217307803Z,bellOffInvocation,2026-02-02 12:29:35.225335+00:00,2026-02-02 12:29:35.225398+00:00
c1dca41a48ed924d3064b4ef1712a145,2026-02-02T12:29:34.852245,0.0724137056718588,2026-02-02T12:29:35.217307803Z,gateUpInvocation,2026-02-02 12:29:35.223361+00:00,2026-02-02 12:29:35.223441+00:00
c1dca41a48ed924d3064b4ef1712a145,2026-02-02T12:29:34.852245,0.0724137056718588,2026-02-02T12:29:35.217307803Z,lightOffInvocation,2026-02-02 12:29:35.224347+00:00,2026-02-02 12:29:35.224417+00:00
c1dca41a48ed924d3064b4ef1712a145,2026-02-02T12:29:34.852245,0.0724137056718588,2026-02-02T12:29:35.217307803Z,lightOffInvocation,2026-02-02 12:29:35.222768+00:00,2026-02-02 12:29:35.222843+00:00
c1dca41a48ed924d3064b4ef1712a145,2026-02-02T12:29:34.852245,0.0724137056718588,2026-02-02T12:29:35.217307803Z,gateUpInvocation,2026-02-02 12:29:35.222606+00:00,2026-02-02 12:29:35.222678+00:00
c1dca41a48ed924d3064b4ef1712a145,2026-02-02T12:29:34.852245,0.0724137056718588,2026-02-02T12:29:35.217307803Z,bellOffInvocation,2026-02-02 12:29:35.225730+00:00,2026-02-02 12:29:35.225808+00:00
8ce4e9d7155f608d3423e31c775f102a,2026-02-02T12:26:19.735001,0.03989266014900208,2026-02-02T12:26:20.071498547Z,gateUpInvocation,2026-02-02 12:26:20.079480+00:00,2026-02-02 12:26:20.079562+00:00
8ce4e9d7155f608d3423e31c775f102a,2026-02-02T12:26:19.735001,0.03989266014900208,2026-02-02T12:26:20.071498547Z,bellOffInvocation,2026-02-02 12:26:20.080759+00:00,2026-02-02 12:26:20.080819+00:00
8ce4e9d7155f608d3423e31c775f102a,2026-02-02T12:26:19.735001,0.03989266014900208,2026-02-02T12:26:20.071498547Z,lightOffInvocation,2026-02-02 12:26:20.077447+00:00,2026-02-02 12:26:20.077518+00:00
8ce4e9d7155f608d3423e31c775f102a,2026-02-02T12:26:19.735001,0.03989266014900208,2026-02-02T12:26:20.071498547Z,lightOffInvocation,2026-02-02 12:26:20.080364+00:00,2026-02-02 12:26:20.080411+00:00
8ce4e9d7155f608d3423e31c775f102a,2026-02-02T12:26:19.735001,0.03989266014900208,2026-02-02T12:26:20.071498547Z,bellOffInvocation,2026-02-02 12:26:20.080150+00:00,2026-02-02 12:26:20.080212+00:00
8ce4e9d7155f608d3423e31c775f102a,2026-02-02T12:26:19.735001,0.03989266014900208,2026-02-02T12:26:20.071498547Z,gateUpInvocation,2026-02-02 12:26:20.077519+00:00,2026-02-02 12:26:20.077587+00:00
533c2931fec17be5682ff9c51324ec89,2026-02-02T12:23:40.228219,0.013307288256156445,2026-02-02T12:23:40.543251962Z,bellOffInvocation,2026-02-02 12:23:40.564302+00:00,2026-02-02 12:23:40.564627+00:00
533c2931fec17be5682ff9c51324ec89,2026-02-02T12:23:40.228219,0.013307288256156445,2026-02-02T12:23:40.543251962Z,gateUpInvocation,2026-02-02 12:23:40.554311+00:00,2026-02-02 12:23:40.554427+00:00
533c2931fec17be5682ff9c51324ec89,2026-02-02T12:23:40.228219,0.013307288256156445,2026-02-02T12:23:40.543251962Z,bellOffInvocation,2026-02-02 12:23:40.557469+00:00,2026-02-02 12:23:40.557612+00:00
533c2931fec17be5682ff9c51324ec89,2026-02-02T12:23:40.228219,0.013307288256156445,2026-02-02T12:23:40.543251962Z,gateUpInvocation,2026-02-02 12:23:40.552784+00:00,2026-02-02 12:23:40.552955+00:00
533c2931fec17be5682ff9c51324ec89,2026-02-02T12:23:40.228219,0.013307288256156445,2026-02-02T12:23:40.543251962Z,lightOffInvocation,2026-02-02 12:23:40.555775+00:00,2026-02-02 12:23:40.555855+00:00
533c2931fec17be5682ff9c51324ec89,2026-02-02T12:23:40.228219,0.013307288256156445,2026-02-02T12:23:40.543251962Z,lightOffInvocation,2026-02-02 12:23:40.564187+00:00,2026-02-02 12:23:40.564532+00:00
964a0a05b3e21d42eeef1e1c367bb8f5,2026-02-02T12:28:42.716744,0.06372159833581448,2026-02-02T12:28:43.059426711Z,bellOffInvocation,2026-02-02 12:28:43.072113+00:00,2026-02-02 12:28:43.072241+00:00
964a0a05b3e21d42eeef1e1c367bb8f5,2026-02-02T12:28:42.716744,0.06372159833581448,2026-02-02T12:28:43.059426711Z,bellOffInvocation,2026-02-02 12:28:43.071217+00:00,2026-02-02 12:28:43.071334+00:00
964a0a05b3e21d42eeef1e1c367bb8f5,2026-02-02T12:28:42.716744,0.06372159833581448,2026-02-02T12:28:43.059426711Z,lightOffInvocation,2026-02-02 12:28:43.070640+00:00,2026-02-02 12:28:43.070743+00:00
964a0a05b3e21d42eeef1e1c367bb8f5,2026-02-02T12:28:42.716744,0.06372159833581448,2026-02-02T12:28:43.059426711Z,gateUpInvocation,2026-02-02 12:28:43.067065+00:00,2026-02-02 12:28:43.067181+00:00
964a0a05b3e21d42eeef1e1c367bb8f5,2026-02-02T12:28:42.716744,0.06372159833581448,2026-02-02T12:28:43.059426711Z,gateUpInvocation,2026-02-02 12:28:43.067497+00:00,2026-02-02 12:28:43.067634+00:00
964a0a05b3e21d42eeef1e1c367bb8f5,2026-02-02T12:28:42.716744,0.06372159833581448,2026-02-02T12:28:43.059426711Z,lightOffInvocation,2026-02-02 12:28:43.067119+00:00,2026-02-02 12:28:43.067240+00:00
22893ea48c44ab2a9d318af08caab862,2026-02-02T12:29:17.521945,0.06952104856426716,2026-02-02T12:29:17.85947162Z,lightOffInvocation,2026-02-02 12:29:17.862887+00:00,2026-02-02 12:29:17.862931+00:00
22893ea48c44ab2a9d318af08caab862,2026-02-02T12:29:17.521945,0.06952104856426716,2026-02-02T12:29:17.85947162Z,gateUpInvocation,2026-02-02 12:29:17.863248+00:00,2026-02-02 12:29:17.863298+00:00
22893ea48c44ab2a9d318af08caab862,2026-02-02T12:29:17.521945,0.06952104856426716,2026-02-02T12:29:17.85947162Z,bellOffInvocation,2026-02-02 12:29:17.863766+00:00,2026-02-02 12:29:17.863799+00:00
22893ea48c44ab2a9d318af08caab862,2026-02-02T12:29:17.521945,0.06952104856426716,2026-02-02T12:29:17.85947162Z,bellOffInvocation,2026-02-02 12:29:17.863291+00:00,2026-02-02 12:29:17.863350+00:00
22893ea48c44ab2a9d318af08caab862,2026-02-02T12:29:17.521945,0.06952104856426716,2026-02-02T12:29:17.85947162Z,lightOffInvocation,2026-02-02 12:29:17.863444+00:00,2026-02-02 12:29:17.863474+00:00
22893ea48c44ab2a9d318af08caab862,2026-02-02T12:29:17.521945,0.06952104856426716,2026-02-02T12:29:17.85947162Z,gateUpInvocation,2026-02-02 12:29:17.862867+00:00,2026-02-02 12:29:17.862910+00:00
1096b200e7cae18232be374a73fdedcb,2026-02-02T12:29:04.462787,0.06734656315178872,2026-02-02T12:29:04.811403572Z,gateUpInvocation,2026-02-02 12:29:04.820445+00:00,2026-02-02 12:29:04.820586+00:00
1096b200e7cae18232be374a73fdedcb,2026-02-02T12:29:04.462787,0.06734656315178872,2026-02-02T12:29:04.811403572Z,bellOffInvocation,2026-02-02 12:29:04.825432+00:00,2026-02-02 12:29:04.825533+00:00
1096b200e7cae18232be374a73fdedcb,2026-02-02T12:29:04.462787,0.06734656315178872,2026-02-02T12:29:04.811403572Z,bellOffInvocation,2026-02-02 12:29:04.820473+00:00,2026-02-02 12:29:04.820608+00:00
1096b200e7cae18232be374a73fdedcb,2026-02-02T12:29:04.462787,0.06734656315178872,2026-02-02T12:29:04.811403572Z,lightOffInvocation,2026-02-02 12:29:04.819314+00:00,2026-02-02 12:29:04.819454+00:00
1096b200e7cae18232be374a73fdedcb,2026-02-02T12:29:04.462787,0.06734656315178872,2026-02-02T12:29:04.811403572Z,lightOffInvocation,2026-02-02 12:29:04.822997+00:00,2026-02-02 12:29:04.823153+00:00
1096b200e7cae18232be374a73fdedcb,2026-02-02T12:29:04.462787,0.06734656315178872,2026-02-02T12:29:04.811403572Z,gateUpInvocation,2026-02-02 12:29:04.818968+00:00,2026-02-02 12:29:04.819119+00:00
6f5ee62aba12d29d9e8ff616997772d7,2026-02-02T13:09:45.326957,0.01816700506491661,2026-02-02T13:09:44.630609222Z,gateDownAction,2026-02-02 13:09:46.641813+00:00,2026-02-02 13:09:46.641896+00:00
6f5ee62aba12d29d9e8ff616997772d7,2026-02-02T13:09:45.326957,0.01816700506491661,2026-02-02T13:09:44.630609222Z,lightOnAction,2026-02-02 13:09:46.641735+00:00,2026-02-02 13:09:46.641840+00:00
6f5ee62aba12d29d9e8ff616997772d7,2026-02-02T13:09:45.326957,0.01816700506491661,2026-02-02T13:09:44.630609222Z,gateDownAction,2026-02-02 13:09:46.641403+00:00,2026-02-02 13:09:46.641530+00:00
6f5ee62aba12d29d9e8ff616997772d7,2026-02-02T13:09:45.326957,0.01816700506491661,2026-02-02T13:09:44.630609222Z,lightOnAction,2026-02-02 13:09:46.642294+00:00,2026-02-02 13:09:46.642378+00:00
6f5ee62aba12d29d9e8ff616997772d7,2026-02-02T13:09:45.326957,0.01816700506491661,2026-02-02T13:09:44.630609222Z,bellOnInvocation,2026-02-02 13:09:44.646467+00:00,2026-02-02 13:09:44.646584+00:00
6f5ee62aba12d29d9e8ff616997772d7,2026-02-02T13:09:45.326957,0.01816700506491661,2026-02-02T13:09:44.630609222Z,lightOnInvocation,2026-02-02 13:09:44.640651+00:00,2026-02-02 13:09:44.640885+00:00
6f5ee62aba12d29d9e8ff616997772d7,2026-02-02T13:09:45.326957,0.01816700506491661,2026-02-02T13:09:44.630609222Z,bellOnAction,2026-02-02 13:09:46.647930+00:00,2026-02-02 13:09:46.648021+00:00
6f5ee62aba12d29d9e8ff616997772d7,2026-02-02T13:09:45.326957,0.01816700506491661,2026-02-02T13:09:44.630609222Z,lightOnInvocation,2026-02-02 13:09:44.640375+00:00,2026-02-02 13:09:44.640570+00:00
6f5ee62aba12d29d9e8ff616997772d7,2026-02-02T13:09:45.326957,0.01816700506491661,2026-02-02T13:09:44.630609222Z,gateDownInvocation,2026-02-02 13:09:44.640366+00:00,2026-02-02 13:09:44.640811+00:00
6f5ee62aba12d29d9e8ff616997772d7,2026-02-02T13:09:45.326957,0.01816700506491661,2026-02-02T13:09:44.630609222Z,bellOnAction,2026-02-02 13:09:46.645457+00:00,2026-02-02 13:09:46.645526+00:00
6f5ee62aba12d29d9e8ff616997772d7,2026-02-02T13:09:45.326957,0.01816700506491661,2026-02-02T13:09:44.630609222Z,bellOnInvocation,2026-02-02 13:09:44.644238+00:00,2026-02-02 13:09:44.644396+00:00
6f5ee62aba12d29d9e8ff616997772d7,2026-02-02T13:09:45.326957,0.01816700506491661,2026-02-02T13:09:44.630609222Z,gateDownInvocation,2026-02-02 13:09:44.640352+00:00,2026-02-02 13:09:44.640718+00:00
2ac9b4a53eb2b74afab7c775f71b6fae,2026-02-02T13:10:32.778246,0.026077798879754546,2026-02-02T13:10:32.100124721Z,lightOnInvocation,2026-02-02 13:10:32.116196+00:00,2026-02-02 13:10:32.116367+00:00
2ac9b4a53eb2b74afab7c775f71b6fae,2026-02-02T13:10:32.778246,0.026077798879754546,2026-02-02T13:10:32.100124721Z,gateDownInvocation,2026-02-02 13:10:32.123620+00:00,2026-02-02 13:10:32.123942+00:00
2ac9b4a53eb2b74afab7c775f71b6fae,2026-02-02T13:10:32.778246,0.026077798879754546,2026-02-02T13:10:32.100124721Z,gateDownInvocation,2026-02-02 13:10:32.122971+00:00,2026-02-02 13:10:32.123270+00:00
2ac9b4a53eb2b74afab7c775f71b6fae,2026-02-02T13:10:32.778246,0.026077798879754546,2026-02-02T13:10:32.100124721Z,bellOnInvocation,2026-02-02 13:10:32.120794+00:00,2026-02-02 13:10:32.120981+00:00
2ac9b4a53eb2b74afab7c775f71b6fae,2026-02-02T13:10:32.778246,0.026077798879754546,2026-02-02T13:10:32.100124721Z,bellOnInvocation,2026-02-02 13:10:32.126614+00:00,2026-02-02 13:10:32.126896+00:00
2ac9b4a53eb2b74afab7c775f71b6fae,2026-02-02T13:10:32.778246,0.026077798879754546,2026-02-02T13:10:32.100124721Z,gateDownAction,2026-02-02 13:10:34.124445+00:00,2026-02-02 13:10:34.124507+00:00
2ac9b4a53eb2b74afab7c775f71b6fae,2026-02-02T13:10:32.778246,0.026077798879754546,2026-02-02T13:10:32.100124721Z,gateDownAction,2026-02-02 13:10:34.124693+00:00,2026-02-02 13:10:34.124775+00:00
2ac9b4a53eb2b74afab7c775f71b6fae,2026-02-02T13:10:32.778246,0.026077798879754546,2026-02-02T13:10:32.100124721Z,lightOnAction,2026-02-02 13:10:34.125687+00:00,2026-02-02 13:10:34.125746+00:00
2ac9b4a53eb2b74afab7c775f71b6fae,2026-02-02T13:10:32.778246,0.026077798879754546,2026-02-02T13:10:32.100124721Z,lightOnInvocation,2026-02-02 13:10:32.124343+00:00,2026-02-02 13:10:32.124566+00:00
2ac9b4a53eb2b74afab7c775f71b6fae,2026-02-02T13:10:32.778246,0.026077798879754546,2026-02-02T13:10:32.100124721Z,lightOnAction,2026-02-02 13:10:34.119467+00:00,2026-02-02 13:10:34.119569+00:00
2ac9b4a53eb2b74afab7c775f71b6fae,2026-02-02T13:10:32.778246,0.026077798879754546,2026-02-02T13:10:32.100124721Z,bellOnAction,2026-02-02 13:10:34.128155+00:00,2026-02-02 13:10:34.128251+00:00
2ac9b4a53eb2b74afab7c775f71b6fae,2026-02-02T13:10:32.778246,0.026077798879754546,2026-02-02T13:10:32.100124721Z,bellOnAction,2026-02-02 13:10:34.123110+00:00,2026-02-02 13:10:34.123191+00:00
bfbc0b3a925d7e0206eb06e02defe153,2026-02-02T13:10:28.458288,0.02535607379188538,2026-02-02T13:10:27.769244814Z,bellOnAction,2026-02-02 13:10:29.775747+00:00,2026-02-02 13:10:29.775777+00:00
bfbc0b3a925d7e0206eb06e02defe153,2026-02-02T13:10:28.458288,0.02535607379188538,2026-02-02T13:10:27.769244814Z,bellOnInvocation,2026-02-02 13:10:27.775191+00:00,2026-02-02 13:10:27.775259+00:00
bfbc0b3a925d7e0206eb06e02defe153,2026-02-02T13:10:28.458288,0.02535607379188538,2026-02-02T13:10:27.769244814Z,bellOnInvocation,2026-02-02 13:10:27.775482+00:00,2026-02-02 13:10:27.775553+00:00
bfbc0b3a925d7e0206eb06e02defe153,2026-02-02T13:10:28.458288,0.02535607379188538,2026-02-02T13:10:27.769244814Z,gateDownAction,2026-02-02 13:10:29.773286+00:00,2026-02-02 13:10:29.773319+00:00
bfbc0b3a925d7e0206eb06e02defe153,2026-02-02T13:10:28.458288,0.02535607379188538,2026-02-02T13:10:27.769244814Z,gateDownInvocation,2026-02-02 13:10:27.773035+00:00,2026-02-02 13:10:27.773139+00:00
bfbc0b3a925d7e0206eb06e02defe153,2026-02-02T13:10:28.458288,0.02535607379188538,2026-02-02T13:10:27.769244814Z,lightOnAction,2026-02-02 13:10:29.774107+00:00,2026-02-02 13:10:29.774145+00:00
bfbc0b3a925d7e0206eb06e02defe153,2026-02-02T13:10:28.458288,0.02535607379188538,2026-02-02T13:10:27.769244814Z,lightOnAction,2026-02-02 13:10:29.773461+00:00,2026-02-02 13:10:29.773504+00:00
bfbc0b3a925d7e0206eb06e02defe153,2026-02-02T13:10:28.458288,0.02535607379188538,2026-02-02T13:10:27.769244814Z,gateDownAction,2026-02-02 13:10:29.774132+00:00,2026-02-02 13:10:29.774165+00:00
bfbc0b3a925d7e0206eb06e02defe153,2026-02-02T13:10:28.458288,0.02535607379188538,2026-02-02T13:10:27.769244814Z,lightOnInvocation,2026-02-02 13:10:27.773072+00:00,2026-02-02 13:10:27.773135+00:00
bfbc0b3a925d7e0206eb06e02defe153,2026-02-02T13:10:28.458288,0.02535607379188538,2026-02-02T13:10:27.769244814Z,lightOnInvocation,2026-02-02 13:10:27.773479+00:00,2026-02-02 13:10:27.773536+00:00
bfbc0b3a925d7e0206eb06e02defe153,2026-02-02T13:10:28.458288,0.02535607379188538,2026-02-02T13:10:27.769244814Z,bellOnAction,2026-02-02 13:10:29.775543+00:00,2026-02-02 13:10:29.775571+00:00
bfbc0b3a925d7e0206eb06e02defe153,2026-02-02T13:10:28.458288,0.02535607379188538,2026-02-02T13:10:27.769244814Z,gateDownInvocation,2026-02-02 13:10:27.773497+00:00,2026-02-02 13:10:27.773584+00:00
b972ffdb3f3466b7d6175f31680a15b4,2026-02-02T13:09:06.542327,0.011704282310473919,2026-02-02T13:09:05.85031156Z,gateDownInvocation,2026-02-02 13:09:05.858667+00:00,2026-02-02 13:09:05.858883+00:00
b972ffdb3f3466b7d6175f31680a15b4,2026-02-02T13:09:06.542327,0.011704282310473919,2026-02-02T13:09:05.85031156Z,lightOnInvocation,2026-02-02 13:09:05.859180+00:00,2026-02-02 13:09:05.859294+00:00
b972ffdb3f3466b7d6175f31680a15b4,2026-02-02T13:09:06.542327,0.011704282310473919,2026-02-02T13:09:05.85031156Z,gateDownInvocation,2026-02-02 13:09:05.859236+00:00,2026-02-02 13:09:05.859406+00:00
b972ffdb3f3466b7d6175f31680a15b4,2026-02-02T13:09:06.542327,0.011704282310473919,2026-02-02T13:09:05.85031156Z,lightOnInvocation,2026-02-02 13:09:05.856773+00:00,2026-02-02 13:09:05.856895+00:00
b972ffdb3f3466b7d6175f31680a15b4,2026-02-02T13:09:06.542327,0.011704282310473919,2026-02-02T13:09:05.85031156Z,bellOnInvocation,2026-02-02 13:09:05.862416+00:00,2026-02-02 13:09:05.862460+00:00
b972ffdb3f3466b7d6175f31680a15b4,2026-02-02T13:09:06.542327,0.011704282310473919,2026-02-02T13:09:05.85031156Z,bellOnAction,2026-02-02 13:09:07.861556+00:00,2026-02-02 13:09:07.861626+00:00
b972ffdb3f3466b7d6175f31680a15b4,2026-02-02T13:09:06.542327,0.011704282310473919,2026-02-02T13:09:05.85031156Z,bellOnInvocation,2026-02-02 13:09:05.860904+00:00,2026-02-02 13:09:05.860946+00:00
b972ffdb3f3466b7d6175f31680a15b4,2026-02-02T13:09:06.542327,0.011704282310473919,2026-02-02T13:09:05.85031156Z,gateDownAction,2026-02-02 13:09:07.859413+00:00,2026-02-02 13:09:07.859496+00:00
b972ffdb3f3466b7d6175f31680a15b4,2026-02-02T13:09:06.542327,0.011704282310473919,2026-02-02T13:09:05.85031156Z,lightOnAction,2026-02-02 13:09:07.858263+00:00,2026-02-02 13:09:07.858361+00:00
b972ffdb3f3466b7d6175f31680a15b4,2026-02-02T13:09:06.542327,0.011704282310473919,2026-02-02T13:09:05.85031156Z,lightOnAction,2026-02-02 13:09:07.859835+00:00,2026-02-02 13:09:07.859965+00:00
b972ffdb3f3466b7d6175f31680a15b4,2026-02-02T13:09:06.542327,0.011704282310473919,2026-02-02T13:09:05.85031156Z,gateDownAction,2026-02-02 13:09:07.859825+00:00,2026-02-02 13:09:07.859983+00:00
b972ffdb3f3466b7d6175f31680a15b4,2026-02-02T13:09:06.542327,0.011704282310473919,2026-02-02T13:09:05.85031156Z,bellOnAction,2026-02-02 13:09:07.863019+00:00,2026-02-02 13:09:07.863135+00:00
55c6c0df6d271ebbf251f2bf951c65f4,2026-02-02T13:15:22.837037,0.07442359211345911,2026-02-02T13:15:22.203878654Z,gateDownAction,2026-02-02 13:15:24.211914+00:00,2026-02-02 13:15:24.212036+00:00
55c6c0df6d271ebbf251f2bf951c65f4,2026-02-02T13:15:22.837037,0.07442359211345911,2026-02-02T13:15:22.203878654Z,lightOnInvocation,2026-02-02 13:15:22.210217+00:00,2026-02-02 13:15:22.210351+00:00
55c6c0df6d271ebbf251f2bf951c65f4,2026-02-02T13:15:22.837037,0.07442359211345911,2026-02-02T13:15:22.203878654Z,bellOnAction,2026-02-02 13:15:24.213597+00:00,2026-02-02 13:15:24.213673+00:00
55c6c0df6d271ebbf251f2bf951c65f4,2026-02-02T13:15:22.837037,0.07442359211345911,2026-02-02T13:15:22.203878654Z,bellOnAction,2026-02-02 13:15:24.216156+00:00,2026-02-02 13:15:24.216230+00:00
55c6c0df6d271ebbf251f2bf951c65f4,2026-02-02T13:15:22.837037,0.07442359211345911,2026-02-02T13:15:22.203878654Z,gateDownInvocation,2026-02-02 13:15:22.211137+00:00,2026-02-02 13:15:22.211409+00:00
55c6c0df6d271ebbf251f2bf951c65f4,2026-02-02T13:15:22.837037,0.07442359211345911,2026-02-02T13:15:22.203878654Z,gateDownInvocation,2026-02-02 13:15:22.210021+00:00,2026-02-02 13:15:22.210271+00:00
55c6c0df6d271ebbf251f2bf951c65f4,2026-02-02T13:15:22.837037,0.07442359211345911,2026-02-02T13:15:22.203878654Z,bellOnInvocation,2026-02-02 13:15:22.214374+00:00,2026-02-02 13:15:22.214508+00:00
55c6c0df6d271ebbf251f2bf951c65f4,2026-02-02T13:15:22.837037,0.07442359211345911,2026-02-02T13:15:22.203878654Z,bellOnInvocation,2026-02-02 13:15:22.212975+00:00,2026-02-02 13:15:22.213130+00:00
55c6c0df6d271ebbf251f2bf951c65f4,2026-02-02T13:15:22.837037,0.07442359211345911,2026-02-02T13:15:22.203878654Z,lightOnInvocation,2026-02-02 13:15:22.209084+00:00,2026-02-02 13:15:22.209244+00:00
55c6c0df6d271ebbf251f2bf951c65f4,2026-02-02T13:15:22.837037,0.07442359211345911,2026-02-02T13:15:22.203878654Z,lightOnAction,2026-02-02 13:15:24.210767+00:00,2026-02-02 13:15:24.210852+00:00
55c6c0df6d271ebbf251f2bf951c65f4,2026-02-02T13:15:22.837037,0.07442359211345911,2026-02-02T13:15:22.203878654Z,gateDownAction,2026-02-02 13:15:24.212673+00:00,2026-02-02 13:15:24.212757+00:00
55c6c0df6d271ebbf251f2bf951c65f4,2026-02-02T13:15:22.837037,0.07442359211345911,2026-02-02T13:15:22.203878654Z,lightOnAction,2026-02-02 13:15:24.209867+00:00,2026-02-02 13:15:24.209949+00:00
4a41cd75d3cebbee443bcf6efd168cad,2026-02-02T13:16:27.921672,0.08527209844925404,2026-02-02T13:16:27.301450761Z,bellOnAction,2026-02-02 13:16:29.312194+00:00,2026-02-02 13:16:29.312261+00:00
4a41cd75d3cebbee443bcf6efd168cad,2026-02-02T13:16:27.921672,0.08527209844925404,2026-02-02T13:16:27.301450761Z,lightOnInvocation,2026-02-02 13:16:27.308383+00:00,2026-02-02 13:16:27.308599+00:00
4a41cd75d3cebbee443bcf6efd168cad,2026-02-02T13:16:27.921672,0.08527209844925404,2026-02-02T13:16:27.301450761Z,lightOnInvocation,2026-02-02 13:16:27.307365+00:00,2026-02-02 13:16:27.307563+00:00
4a41cd75d3cebbee443bcf6efd168cad,2026-02-02T13:16:27.921672,0.08527209844925404,2026-02-02T13:16:27.301450761Z,bellOnAction,2026-02-02 13:16:29.312486+00:00,2026-02-02 13:16:29.312535+00:00
4a41cd75d3cebbee443bcf6efd168cad,2026-02-02T13:16:27.921672,0.08527209844925404,2026-02-02T13:16:27.301450761Z,bellOnInvocation,2026-02-02 13:16:27.312175+00:00,2026-02-02 13:16:27.312278+00:00
4a41cd75d3cebbee443bcf6efd168cad,2026-02-02T13:16:27.921672,0.08527209844925404,2026-02-02T13:16:27.301450761Z,lightOnAction,2026-02-02 13:16:29.309567+00:00,2026-02-02 13:16:29.309652+00:00
4a41cd75d3cebbee443bcf6efd168cad,2026-02-02T13:16:27.921672,0.08527209844925404,2026-02-02T13:16:27.301450761Z,gateDownAction,2026-02-02 13:16:29.308900+00:00,2026-02-02 13:16:29.309032+00:00
4a41cd75d3cebbee443bcf6efd168cad,2026-02-02T13:16:27.921672,0.08527209844925404,2026-02-02T13:16:27.301450761Z,gateDownAction,2026-02-02 13:16:29.310069+00:00,2026-02-02 13:16:29.310157+00:00
4a41cd75d3cebbee443bcf6efd168cad,2026-02-02T13:16:27.921672,0.08527209844925404,2026-02-02T13:16:27.301450761Z,gateDownInvocation,2026-02-02 13:16:27.308171+00:00,2026-02-02 13:16:27.308474+00:00
4a41cd75d3cebbee443bcf6efd168cad,2026-02-02T13:16:27.921672,0.08527209844925404,2026-02-02T13:16:27.301450761Z,lightOnAction,2026-02-02 13:16:29.308509+00:00,2026-02-02 13:16:29.308626+00:00
4a41cd75d3cebbee443bcf6efd168cad,2026-02-02T13:16:27.921672,0.08527209844925404,2026-02-02T13:16:27.301450761Z,gateDownInvocation,2026-02-02 13:16:27.307219+00:00,2026-02-02 13:16:27.307540+00:00
4a41cd75d3cebbee443bcf6efd168cad,2026-02-02T13:16:27.921672,0.08527209844925404,2026-02-02T13:16:27.301450761Z,bellOnInvocation,2026-02-02 13:16:27.310778+00:00,2026-02-02 13:16:27.310948+00:00
a2464fd1ccf7d0b06a0d9284c535783e,2026-02-02T13:17:46.227336,0.09832375120481254,2026-02-02T13:17:45.619280173Z,lightOnInvocation,2026-02-02 13:17:45.627186+00:00,2026-02-02 13:17:45.627382+00:00
a2464fd1ccf7d0b06a0d9284c535783e,2026-02-02T13:17:46.227336,0.09832375120481254,2026-02-02T13:17:45.619280173Z,gateDownInvocation,2026-02-02 13:17:45.626290+00:00,2026-02-02 13:17:45.626621+00:00
a2464fd1ccf7d0b06a0d9284c535783e,2026-02-02T13:17:46.227336,0.09832375120481254,2026-02-02T13:17:45.619280173Z,gateDownAction,2026-02-02 13:17:47.627323+00:00,2026-02-02 13:17:47.627356+00:00
a2464fd1ccf7d0b06a0d9284c535783e,2026-02-02T13:17:46.227336,0.09832375120481254,2026-02-02T13:17:45.619280173Z,bellOnInvocation,2026-02-02 13:17:45.629010+00:00,2026-02-02 13:17:45.629160+00:00
a2464fd1ccf7d0b06a0d9284c535783e,2026-02-02T13:17:46.227336,0.09832375120481254,2026-02-02T13:17:45.619280173Z,gateDownInvocation,2026-02-02 13:17:45.625399+00:00,2026-02-02 13:17:45.625719+00:00
a2464fd1ccf7d0b06a0d9284c535783e,2026-02-02T13:17:46.227336,0.09832375120481254,2026-02-02T13:17:45.619280173Z,bellOnAction,2026-02-02 13:17:47.631251+00:00,2026-02-02 13:17:47.631276+00:00
a2464fd1ccf7d0b06a0d9284c535783e,2026-02-02T13:17:46.227336,0.09832375120481254,2026-02-02T13:17:45.619280173Z,lightOnAction,2026-02-02 13:17:47.627821+00:00,2026-02-02 13:17:47.627850+00:00
a2464fd1ccf7d0b06a0d9284c535783e,2026-02-02T13:17:46.227336,0.09832375120481254,2026-02-02T13:17:45.619280173Z,lightOnAction,2026-02-02 13:17:47.628699+00:00,2026-02-02 13:17:47.628736+00:00
a2464fd1ccf7d0b06a0d9284c535783e,2026-02-02T13:17:46.227336,0.09832375120481254,2026-02-02T13:17:45.619280173Z,lightOnInvocation,2026-02-02 13:17:45.625802+00:00,2026-02-02 13:17:45.626024+00:00
a2464fd1ccf7d0b06a0d9284c535783e,2026-02-02T13:17:46.227336,0.09832375120481254,2026-02-02T13:17:45.619280173Z,bellOnInvocation,2026-02-02 13:17:45.630801+00:00,2026-02-02 13:17:45.630912+00:00
a2464fd1ccf7d0b06a0d9284c535783e,2026-02-02T13:17:46.227336,0.09832375120481254,2026-02-02T13:17:45.619280173Z,bellOnAction,2026-02-02 13:17:47.629998+00:00,2026-02-02 13:17:47.630038+00:00
a2464fd1ccf7d0b06a0d9284c535783e,2026-02-02T13:17:46.227336,0.09832375120481254,2026-02-02T13:17:45.619280173Z,gateDownAction,2026-02-02 13:17:47.627979+00:00,2026-02-02 13:17:47.628017+00:00
724226a4624ea68742ed491166d82962,2026-02-02T13:17:41.868892,0.09759646496371031,2026-02-02T13:17:41.255123512Z,lightOnAction,2026-02-02 13:17:43.261196+00:00,2026-02-02 13:17:43.261290+00:00
724226a4624ea68742ed491166d82962,2026-02-02T13:17:41.868892,0.09759646496371031,2026-02-02T13:17:41.255123512Z,gateDownAction,2026-02-02 13:17:43.261190+00:00,2026-02-02 13:17:43.261277+00:00
724226a4624ea68742ed491166d82962,2026-02-02T13:17:41.868892,0.09759646496371031,2026-02-02T13:17:41.255123512Z,lightOnAction,2026-02-02 13:17:43.260774+00:00,2026-02-02 13:17:43.260922+00:00
724226a4624ea68742ed491166d82962,2026-02-02T13:17:41.868892,0.09759646496371031,2026-02-02T13:17:41.255123512Z,lightOnInvocation,2026-02-02 13:17:41.259937+00:00,2026-02-02 13:17:41.260068+00:00
724226a4624ea68742ed491166d82962,2026-02-02T13:17:41.868892,0.09759646496371031,2026-02-02T13:17:41.255123512Z,gateDownInvocation,2026-02-02 13:17:41.260109+00:00,2026-02-02 13:17:41.260282+00:00
724226a4624ea68742ed491166d82962,2026-02-02T13:17:41.868892,0.09759646496371031,2026-02-02T13:17:41.255123512Z,bellOnAction,2026-02-02 13:17:43.263360+00:00,2026-02-02 13:17:43.263442+00:00
724226a4624ea68742ed491166d82962,2026-02-02T13:17:41.868892,0.09759646496371031,2026-02-02T13:17:41.255123512Z,bellOnInvocation,2026-02-02 13:17:41.262818+00:00,2026-02-02 13:17:41.262894+00:00
724226a4624ea68742ed491166d82962,2026-02-02T13:17:41.868892,0.09759646496371031,2026-02-02T13:17:41.255123512Z,gateDownInvocation,2026-02-02 13:17:41.259786+00:00,2026-02-02 13:17:41.260010+00:00
724226a4624ea68742ed491166d82962,2026-02-02T13:17:41.868892,0.09759646496371031,2026-02-02T13:17:41.255123512Z,bellOnAction,2026-02-02 13:17:43.264896+00:00,2026-02-02 13:17:43.264994+00:00
724226a4624ea68742ed491166d82962,2026-02-02T13:17:41.868892,0.09759646496371031,2026-02-02T13:17:41.255123512Z,gateDownAction,2026-02-02 13:17:43.260592+00:00,2026-02-02 13:17:43.260732+00:00
724226a4624ea68742ed491166d82962,2026-02-02T13:17:41.868892,0.09759646496371031,2026-02-02T13:17:41.255123512Z,bellOnInvocation,2026-02-02 13:17:41.263969+00:00,2026-02-02 13:17:41.264076+00:00
724226a4624ea68742ed491166d82962,2026-02-02T13:17:41.868892,0.09759646496371031,2026-02-02T13:17:41.255123512Z,lightOnInvocation,2026-02-02 13:17:41.260028+00:00,2026-02-02 13:17:41.260147+00:00
8fb0bad87d157bffe7bdef479a7f8d8f,2026-02-02T13:09:15.165587,0.013141238216245176,2026-02-02T13:09:14.472975308Z,gateDownInvocation,2026-02-02 13:09:14.485306+00:00,2026-02-02 13:09:14.485848+00:00
8fb0bad87d157bffe7bdef479a7f8d8f,2026-02-02T13:09:15.165587,0.013141238216245176,2026-02-02T13:09:14.472975308Z,bellOnAction,2026-02-02 13:09:16.494321+00:00,2026-02-02 13:09:16.494373+00:00
8fb0bad87d157bffe7bdef479a7f8d8f,2026-02-02T13:09:15.165587,0.013141238216245176,2026-02-02T13:09:14.472975308Z,gateDownAction,2026-02-02 13:09:16.493913+00:00,2026-02-02 13:09:16.494021+00:00
8fb0bad87d157bffe7bdef479a7f8d8f,2026-02-02T13:09:15.165587,0.013141238216245176,2026-02-02T13:09:14.472975308Z,bellOnAction,2026-02-02 13:09:16.489401+00:00,2026-02-02 13:09:16.489485+00:00
8fb0bad87d157bffe7bdef479a7f8d8f,2026-02-02T13:09:15.165587,0.013141238216245176,2026-02-02T13:09:14.472975308Z,gateDownAction,2026-02-02 13:09:16.487733+00:00,2026-02-02 13:09:16.487818+00:00
8fb0bad87d157bffe7bdef479a7f8d8f,2026-02-02T13:09:15.165587,0.013141238216245176,2026-02-02T13:09:14.472975308Z,bellOnInvocation,2026-02-02 13:09:14.485671+00:00,2026-02-02 13:09:14.485892+00:00
8fb0bad87d157bffe7bdef479a7f8d8f,2026-02-02T13:09:15.165587,0.013141238216245176,2026-02-02T13:09:14.472975308Z,bellOnInvocation,2026-02-02 13:09:14.494321+00:00,2026-02-02 13:09:14.494428+00:00
8fb0bad87d157bffe7bdef479a7f8d8f,2026-02-02T13:09:15.165587,0.013141238216245176,2026-02-02T13:09:14.472975308Z,lightOnInvocation,2026-02-02 13:09:14.488166+00:00,2026-02-02 13:09:14.488396+00:00
8fb0bad87d157bffe7bdef479a7f8d8f,2026-02-02T13:09:15.165587,0.013141238216245176,2026-02-02T13:09:14.472975308Z,lightOnAction,2026-02-02 13:09:16.491125+00:00,2026-02-02 13:09:16.491211+00:00
8fb0bad87d157bffe7bdef479a7f8d8f,2026-02-02T13:09:15.165587,0.013141238216245176,2026-02-02T13:09:14.472975308Z,lightOnAction,2026-02-02 13:09:16.491055+00:00,2026-02-02 13:09:16.491141+00:00
8fb0bad87d157bffe7bdef479a7f8d8f,2026-02-02T13:09:15.165587,0.013141238216245176,2026-02-02T13:09:14.472975308Z,lightOnInvocation,2026-02-02 13:09:14.489039+00:00,2026-02-02 13:09:14.489248+00:00
8fb0bad87d157bffe7bdef479a7f8d8f,2026-02-02T13:09:15.165587,0.013141238216245176,2026-02-02T13:09:14.472975308Z,gateDownInvocation,2026-02-02 13:09:14.492383+00:00,2026-02-02 13:09:14.492748+00:00
c337d6657c943b49dfd2e662e9ae0e24,2026-02-02T13:12:12.104462,0.04279973469485045,2026-02-02T13:12:12.441813697Z,lightOffInvocation,2026-02-02 13:12:12.450262+00:00,2026-02-02 13:12:12.450421+00:00
c337d6657c943b49dfd2e662e9ae0e24,2026-02-02T13:12:12.104462,0.04279973469485045,2026-02-02T13:12:12.441813697Z,gateUpInvocation,2026-02-02 13:12:12.451737+00:00,2026-02-02 13:12:12.451885+00:00
c337d6657c943b49dfd2e662e9ae0e24,2026-02-02T13:12:12.104462,0.04279973469485045,2026-02-02T13:12:12.441813697Z,bellOffInvocation,2026-02-02 13:12:12.454505+00:00,2026-02-02 13:12:12.454647+00:00
c337d6657c943b49dfd2e662e9ae0e24,2026-02-02T13:12:12.104462,0.04279973469485045,2026-02-02T13:12:12.441813697Z,lightOffInvocation,2026-02-02 13:12:12.451382+00:00,2026-02-02 13:12:12.451529+00:00
c337d6657c943b49dfd2e662e9ae0e24,2026-02-02T13:12:12.104462,0.04279973469485045,2026-02-02T13:12:12.441813697Z,bellOffInvocation,2026-02-02 13:12:12.456432+00:00,2026-02-02 13:12:12.456529+00:00
c337d6657c943b49dfd2e662e9ae0e24,2026-02-02T13:12:12.104462,0.04279973469485045,2026-02-02T13:12:12.441813697Z,gateUpInvocation,2026-02-02 13:12:12.450291+00:00,2026-02-02 13:12:12.450445+00:00
62914e7bfff3f75e28c8261981090253,2026-02-02T13:13:17.065207,0.053455660159623636,2026-02-02T13:13:16.383785516Z,lightOnInvocation,2026-02-02 13:13:16.391213+00:00,2026-02-02 13:13:16.391407+00:00
62914e7bfff3f75e28c8261981090253,2026-02-02T13:13:17.065207,0.053455660159623636,2026-02-02T13:13:16.383785516Z,gateDownAction,2026-02-02 13:13:18.393277+00:00,2026-02-02 13:13:18.393400+00:00
62914e7bfff3f75e28c8261981090253,2026-02-02T13:13:17.065207,0.053455660159623636,2026-02-02T13:13:16.383785516Z,bellOnAction,2026-02-02 13:13:18.395883+00:00,2026-02-02 13:13:18.396034+00:00
62914e7bfff3f75e28c8261981090253,2026-02-02T13:13:17.065207,0.053455660159623636,2026-02-02T13:13:16.383785516Z,gateDownAction,2026-02-02 13:13:18.392422+00:00,2026-02-02 13:13:18.392512+00:00
62914e7bfff3f75e28c8261981090253,2026-02-02T13:13:17.065207,0.053455660159623636,2026-02-02T13:13:16.383785516Z,bellOnAction,2026-02-02 13:13:18.395781+00:00,2026-02-02 13:13:18.395849+00:00
62914e7bfff3f75e28c8261981090253,2026-02-02T13:13:17.065207,0.053455660159623636,2026-02-02T13:13:16.383785516Z,bellOnInvocation,2026-02-02 13:13:16.394123+00:00,2026-02-02 13:13:16.394325+00:00
62914e7bfff3f75e28c8261981090253,2026-02-02T13:13:17.065207,0.053455660159623636,2026-02-02T13:13:16.383785516Z,lightOnAction,2026-02-02 13:13:18.392559+00:00,2026-02-02 13:13:18.392670+00:00
62914e7bfff3f75e28c8261981090253,2026-02-02T13:13:17.065207,0.053455660159623636,2026-02-02T13:13:16.383785516Z,lightOnAction,2026-02-02 13:13:18.393147+00:00,2026-02-02 13:13:18.393249+00:00
62914e7bfff3f75e28c8261981090253,2026-02-02T13:13:17.065207,0.053455660159623636,2026-02-02T13:13:16.383785516Z,gateDownInvocation,2026-02-02 13:13:16.391357+00:00,2026-02-02 13:13:16.391654+00:00
62914e7bfff3f75e28c8261981090253,2026-02-02T13:13:17.065207,0.053455660159623636,2026-02-02T13:13:16.383785516Z,lightOnInvocation,2026-02-02 13:13:16.391469+00:00,2026-02-02 13:13:16.391631+00:00
62914e7bfff3f75e28c8261981090253,2026-02-02T13:13:17.065207,0.053455660159623636,2026-02-02T13:13:16.383785516Z,gateDownInvocation,2026-02-02 13:13:16.391279+00:00,2026-02-02 13:13:16.391565+00:00
62914e7bfff3f75e28c8261981090253,2026-02-02T13:13:17.065207,0.053455660159623636,2026-02-02T13:13:16.383785516Z,bellOnInvocation,2026-02-02 13:13:16.393964+00:00,2026-02-02 13:13:16.394196+00:00
fcaa9cb685b53e358bae20de7b311b2c,2026-02-02T13:13:38.758090,0.05707323652670384,2026-02-02T13:13:38.091398812Z,gateDownInvocation,2026-02-02 13:13:38.099124+00:00,2026-02-02 13:13:38.099429+00:00
fcaa9cb685b53e358bae20de7b311b2c,2026-02-02T13:13:38.758090,0.05707323652670384,2026-02-02T13:13:38.091398812Z,bellOnAction,2026-02-02 13:13:40.102753+00:00,2026-02-02 13:13:40.102822+00:00
fcaa9cb685b53e358bae20de7b311b2c,2026-02-02T13:13:38.758090,0.05707323652670384,2026-02-02T13:13:38.091398812Z,bellOnAction,2026-02-02 13:13:40.101781+00:00,2026-02-02 13:13:40.101868+00:00
fcaa9cb685b53e358bae20de7b311b2c,2026-02-02T13:13:38.758090,0.05707323652670384,2026-02-02T13:13:38.091398812Z,lightOnInvocation,2026-02-02 13:13:38.099412+00:00,2026-02-02 13:13:38.099601+00:00
fcaa9cb685b53e358bae20de7b311b2c,2026-02-02T13:13:38.758090,0.05707323652670384,2026-02-02T13:13:38.091398812Z,gateDownAction,2026-02-02 13:13:40.104381+00:00,2026-02-02 13:13:40.104456+00:00
fcaa9cb685b53e358bae20de7b311b2c,2026-02-02T13:13:38.758090,0.05707323652670384,2026-02-02T13:13:38.091398812Z,bellOnInvocation,2026-02-02 13:13:38.101715+00:00,2026-02-02 13:13:38.101871+00:00
fcaa9cb685b53e358bae20de7b311b2c,2026-02-02T13:13:38.758090,0.05707323652670384,2026-02-02T13:13:38.091398812Z,lightOnInvocation,2026-02-02 13:13:38.099538+00:00,2026-02-02 13:13:38.099730+00:00
fcaa9cb685b53e358bae20de7b311b2c,2026-02-02T13:13:38.758090,0.05707323652670384,2026-02-02T13:13:38.091398812Z,bellOnInvocation,2026-02-02 13:13:38.100175+00:00,2026-02-02 13:13:38.100400+00:00
fcaa9cb685b53e358bae20de7b311b2c,2026-02-02T13:13:38.758090,0.05707323652670384,2026-02-02T13:13:38.091398812Z,lightOnAction,2026-02-02 13:13:40.101152+00:00,2026-02-02 13:13:40.101239+00:00
fcaa9cb685b53e358bae20de7b311b2c,2026-02-02T13:13:38.758090,0.05707323652670384,2026-02-02T13:13:38.091398812Z,gateDownAction,2026-02-02 13:13:40.101214+00:00,2026-02-02 13:13:40.101299+00:00
fcaa9cb685b53e358bae20de7b311b2c,2026-02-02T13:13:38.758090,0.05707323652670384,2026-02-02T13:13:38.091398812Z,lightOnAction,2026-02-02 13:13:40.100655+00:00,2026-02-02 13:13:40.100752+00:00
fcaa9cb685b53e358bae20de7b311b2c,2026-02-02T13:13:38.758090,0.05707323652670384,2026-02-02T13:13:38.091398812Z,gateDownInvocation,2026-02-02 13:13:38.102685+00:00,2026-02-02 13:13:38.103033+00:00
6f6a77a08b68ca0a89f305fc95ed51fa,2026-02-02T13:11:11.627417,0.03255260276429654,2026-02-02T13:11:10.952839499Z,bellOnInvocation,2026-02-02 13:11:10.965222+00:00,2026-02-02 13:11:10.965396+00:00
6f6a77a08b68ca0a89f305fc95ed51fa,2026-02-02T13:11:11.627417,0.03255260276429654,2026-02-02T13:11:10.952839499Z,lightOnAction,2026-02-02 13:11:12.962678+00:00,2026-02-02 13:11:12.962762+00:00
6f6a77a08b68ca0a89f305fc95ed51fa,2026-02-02T13:11:11.627417,0.03255260276429654,2026-02-02T13:11:10.952839499Z,gateDownAction,2026-02-02 13:11:12.964322+00:00,2026-02-02 13:11:12.964405+00:00
6f6a77a08b68ca0a89f305fc95ed51fa,2026-02-02T13:11:11.627417,0.03255260276429654,2026-02-02T13:11:10.952839499Z,lightOnInvocation,2026-02-02 13:11:10.961404+00:00,2026-02-02 13:11:10.961524+00:00
6f6a77a08b68ca0a89f305fc95ed51fa,2026-02-02T13:11:11.627417,0.03255260276429654,2026-02-02T13:11:10.952839499Z,bellOnInvocation,2026-02-02 13:11:10.963535+00:00,2026-02-02 13:11:10.963689+00:00
6f6a77a08b68ca0a89f305fc95ed51fa,2026-02-02T13:11:11.627417,0.03255260276429654,2026-02-02T13:11:10.952839499Z,lightOnInvocation,2026-02-02 13:11:10.961579+00:00,2026-02-02 13:11:10.961750+00:00
6f6a77a08b68ca0a89f305fc95ed51fa,2026-02-02T13:11:11.627417,0.03255260276429654,2026-02-02T13:11:10.952839499Z,bellOnAction,2026-02-02 13:11:12.966849+00:00,2026-02-02 13:11:12.966918+00:00
6f6a77a08b68ca0a89f305fc95ed51fa,2026-02-02T13:11:11.627417,0.03255260276429654,2026-02-02T13:11:10.952839499Z,gateDownInvocation,2026-02-02 13:11:10.962593+00:00,2026-02-02 13:11:10.962892+00:00
6f6a77a08b68ca0a89f305fc95ed51fa,2026-02-02T13:11:11.627417,0.03255260276429654,2026-02-02T13:11:10.952839499Z,bellOnAction,2026-02-02 13:11:12.964766+00:00,2026-02-02 13:11:12.964848+00:00
6f6a77a08b68ca0a89f305fc95ed51fa,2026-02-02T13:11:11.627417,0.03255260276429654,2026-02-02T13:11:10.952839499Z,gateDownAction,2026-02-02 13:11:12.963232+00:00,2026-02-02 13:11:12.963318+00:00
6f6a77a08b68ca0a89f305fc95ed51fa,2026-02-02T13:11:11.627417,0.03255260276429654,2026-02-02T13:11:10.952839499Z,gateDownInvocation,2026-02-02 13:11:10.961237+00:00,2026-02-02 13:11:10.961543+00:00
6f6a77a08b68ca0a89f305fc95ed51fa,2026-02-02T13:11:11.627417,0.03255260276429654,2026-02-02T13:11:10.952839499Z,lightOnAction,2026-02-02 13:11:12.963091+00:00,2026-02-02 13:11:12.963175+00:00
5a4173ab8f926b7aaa3ff7e03df99ee8,2026-02-02T13:13:38.758090,0.05723839890381098,2026-02-02T13:13:39.082467656Z,bellOffInvocation,2026-02-02 13:13:39.094339+00:00,2026-02-02 13:13:39.094478+00:00
5a4173ab8f926b7aaa3ff7e03df99ee8,2026-02-02T13:13:38.758090,0.05723839890381098,2026-02-02T13:13:39.082467656Z,lightOffInvocation,2026-02-02 13:13:39.095616+00:00,2026-02-02 13:13:39.095755+00:00
5a4173ab8f926b7aaa3ff7e03df99ee8,2026-02-02T13:13:38.758090,0.05723839890381098,2026-02-02T13:13:39.082467656Z,bellOffInvocation,2026-02-02 13:13:39.092756+00:00,2026-02-02 13:13:39.092883+00:00
5a4173ab8f926b7aaa3ff7e03df99ee8,2026-02-02T13:13:38.758090,0.05723839890381098,2026-02-02T13:13:39.082467656Z,gateUpInvocation,2026-02-02 13:13:39.090494+00:00,2026-02-02 13:13:39.090635+00:00
5a4173ab8f926b7aaa3ff7e03df99ee8,2026-02-02T13:13:38.758090,0.05723839890381098,2026-02-02T13:13:39.082467656Z,gateUpInvocation,2026-02-02 13:13:39.097721+00:00,2026-02-02 13:13:39.098002+00:00
5a4173ab8f926b7aaa3ff7e03df99ee8,2026-02-02T13:13:38.758090,0.05723839890381098,2026-02-02T13:13:39.082467656Z,lightOffInvocation,2026-02-02 13:13:39.090571+00:00,2026-02-02 13:13:39.090724+00:00
7a9625477f45ba9dbad366135d6b20da,2026-02-02T13:13:43.085876,0.05779850872960092,2026-02-02T13:13:42.44347047Z,lightOnInvocation,2026-02-02 13:13:42.451208+00:00,2026-02-02 13:13:42.451397+00:00
7a9625477f45ba9dbad366135d6b20da,2026-02-02T13:13:43.085876,0.05779850872960092,2026-02-02T13:13:42.44347047Z,lightOnAction,2026-02-02 13:13:44.452806+00:00,2026-02-02 13:13:44.452892+00:00
7a9625477f45ba9dbad366135d6b20da,2026-02-02T13:13:43.085876,0.05779850872960092,2026-02-02T13:13:42.44347047Z,gateDownInvocation,2026-02-02 13:13:42.451712+00:00,2026-02-02 13:13:42.452034+00:00
7a9625477f45ba9dbad366135d6b20da,2026-02-02T13:13:43.085876,0.05779850872960092,2026-02-02T13:13:42.44347047Z,bellOnAction,2026-02-02 13:13:44.455084+00:00,2026-02-02 13:13:44.455169+00:00
7a9625477f45ba9dbad366135d6b20da,2026-02-02T13:13:43.085876,0.05779850872960092,2026-02-02T13:13:42.44347047Z,gateDownAction,2026-02-02 13:13:44.453091+00:00,2026-02-02 13:13:44.453171+00:00
7a9625477f45ba9dbad366135d6b20da,2026-02-02T13:13:43.085876,0.05779850872960092,2026-02-02T13:13:42.44347047Z,lightOnInvocation,2026-02-02 13:13:42.451703+00:00,2026-02-02 13:13:42.451830+00:00
7a9625477f45ba9dbad366135d6b20da,2026-02-02T13:13:43.085876,0.05779850872960092,2026-02-02T13:13:42.44347047Z,bellOnInvocation,2026-02-02 13:13:42.453504+00:00,2026-02-02 13:13:42.453684+00:00
7a9625477f45ba9dbad366135d6b20da,2026-02-02T13:13:43.085876,0.05779850872960092,2026-02-02T13:13:42.44347047Z,bellOnInvocation,2026-02-02 13:13:42.453656+00:00,2026-02-02 13:13:42.453861+00:00
7a9625477f45ba9dbad366135d6b20da,2026-02-02T13:13:43.085876,0.05779850872960092,2026-02-02T13:13:42.44347047Z,bellOnAction,2026-02-02 13:13:44.454352+00:00,2026-02-02 13:13:44.454451+00:00
7a9625477f45ba9dbad366135d6b20da,2026-02-02T13:13:43.085876,0.05779850872960092,2026-02-02T13:13:42.44347047Z,gateDownInvocation,2026-02-02 13:13:42.451072+00:00,2026-02-02 13:13:42.451385+00:00
7a9625477f45ba9dbad366135d6b20da,2026-02-02T13:13:43.085876,0.05779850872960092,2026-02-02T13:13:42.44347047Z,lightOnAction,2026-02-02 13:13:44.452514+00:00,2026-02-02 13:13:44.452599+00:00
7a9625477f45ba9dbad366135d6b20da,2026-02-02T13:13:43.085876,0.05779850872960092,2026-02-02T13:13:42.44347047Z,gateDownAction,2026-02-02 13:13:44.453426+00:00,2026-02-02 13:13:44.453511+00:00
521e1c8c26d817cbf63ba70ebfaebb00,2026-02-02T13:11:54.817085,0.03991928645720483,2026-02-02T13:11:55.15734226Z,bellOffInvocation,2026-02-02 13:11:55.167687+00:00,2026-02-02 13:11:55.167743+00:00
521e1c8c26d817cbf63ba70ebfaebb00,2026-02-02T13:11:54.817085,0.03991928645720483,2026-02-02T13:11:55.15734226Z,lightOffInvocation,2026-02-02 13:11:55.166237+00:00,2026-02-02 13:11:55.166308+00:00
521e1c8c26d817cbf63ba70ebfaebb00,2026-02-02T13:11:54.817085,0.03991928645720483,2026-02-02T13:11:55.15734226Z,gateUpInvocation,2026-02-02 13:11:55.162680+00:00,2026-02-02 13:11:55.162748+00:00
521e1c8c26d817cbf63ba70ebfaebb00,2026-02-02T13:11:54.817085,0.03991928645720483,2026-02-02T13:11:55.15734226Z,lightOffInvocation,2026-02-02 13:11:55.162317+00:00,2026-02-02 13:11:55.162404+00:00
521e1c8c26d817cbf63ba70ebfaebb00,2026-02-02T13:11:54.817085,0.03991928645720483,2026-02-02T13:11:55.15734226Z,bellOffInvocation,2026-02-02 13:11:55.163705+00:00,2026-02-02 13:11:55.163748+00:00
521e1c8c26d817cbf63ba70ebfaebb00,2026-02-02T13:11:54.817085,0.03991928645720483,2026-02-02T13:11:55.15734226Z,gateUpInvocation,2026-02-02 13:11:55.166255+00:00,2026-02-02 13:11:55.166331+00:00
7cffd0f0aee82a975476182220f93fc6,2026-02-02T13:11:33.193163,0.036312417510283,2026-02-02T13:11:33.514002153Z,lightOffInvocation,2026-02-02 13:11:33.522175+00:00,2026-02-02 13:11:33.522220+00:00
7cffd0f0aee82a975476182220f93fc6,2026-02-02T13:11:33.193163,0.036312417510283,2026-02-02T13:11:33.514002153Z,lightOffInvocation,2026-02-02 13:11:33.523345+00:00,2026-02-02 13:11:33.523408+00:00
7cffd0f0aee82a975476182220f93fc6,2026-02-02T13:11:33.193163,0.036312417510283,2026-02-02T13:11:33.514002153Z,bellOffInvocation,2026-02-02 13:11:33.524088+00:00,2026-02-02 13:11:33.524158+00:00
7cffd0f0aee82a975476182220f93fc6,2026-02-02T13:11:33.193163,0.036312417510283,2026-02-02T13:11:33.514002153Z,bellOffInvocation,2026-02-02 13:11:33.525367+00:00,2026-02-02 13:11:33.525410+00:00
7cffd0f0aee82a975476182220f93fc6,2026-02-02T13:11:33.193163,0.036312417510283,2026-02-02T13:11:33.514002153Z,gateUpInvocation,2026-02-02 13:11:33.522253+00:00,2026-02-02 13:11:33.522334+00:00
7cffd0f0aee82a975476182220f93fc6,2026-02-02T13:11:33.193163,0.036312417510283,2026-02-02T13:11:33.514002153Z,gateUpInvocation,2026-02-02 13:11:33.522922+00:00,2026-02-02 13:11:33.523017+00:00
7b23f4b346a70238a4c693ea73f394bb,2026-02-02T13:10:50.024103,0.028951223889243607,2026-02-02T13:10:49.342476321Z,bellOnAction,2026-02-02 13:10:51.358506+00:00,2026-02-02 13:10:51.358566+00:00
7b23f4b346a70238a4c693ea73f394bb,2026-02-02T13:10:50.024103,0.028951223889243607,2026-02-02T13:10:49.342476321Z,bellOnAction,2026-02-02 13:10:51.360451+00:00,2026-02-02 13:10:51.360518+00:00
7b23f4b346a70238a4c693ea73f394bb,2026-02-02T13:10:50.024103,0.028951223889243607,2026-02-02T13:10:49.342476321Z,gateDownInvocation,2026-02-02 13:10:49.353579+00:00,2026-02-02 13:10:49.353913+00:00
7b23f4b346a70238a4c693ea73f394bb,2026-02-02T13:10:50.024103,0.028951223889243607,2026-02-02T13:10:49.342476321Z,gateDownAction,2026-02-02 13:10:51.354645+00:00,2026-02-02 13:10:51.354769+00:00
7b23f4b346a70238a4c693ea73f394bb,2026-02-02T13:10:50.024103,0.028951223889243607,2026-02-02T13:10:49.342476321Z,lightOnInvocation,2026-02-02 13:10:49.355492+00:00,2026-02-02 13:10:49.355636+00:00
7b23f4b346a70238a4c693ea73f394bb,2026-02-02T13:10:50.024103,0.028951223889243607,2026-02-02T13:10:49.342476321Z,lightOnAction,2026-02-02 13:10:51.358821+00:00,2026-02-02 13:10:51.358962+00:00
7b23f4b346a70238a4c693ea73f394bb,2026-02-02T13:10:50.024103,0.028951223889243607,2026-02-02T13:10:49.342476321Z,gateDownAction,2026-02-02 13:10:51.355722+00:00,2026-02-02 13:10:51.355802+00:00
7b23f4b346a70238a4c693ea73f394bb,2026-02-02T13:10:50.024103,0.028951223889243607,2026-02-02T13:10:49.342476321Z,lightOnInvocation,2026-02-02 13:10:49.355413+00:00,2026-02-02 13:10:49.355627+00:00
7b23f4b346a70238a4c693ea73f394bb,2026-02-02T13:10:50.024103,0.028951223889243607,2026-02-02T13:10:49.342476321Z,gateDownInvocation,2026-02-02 13:10:49.354315+00:00,2026-02-02 13:10:49.354648+00:00
7b23f4b346a70238a4c693ea73f394bb,2026-02-02T13:10:50.024103,0.028951223889243607,2026-02-02T13:10:49.342476321Z,bellOnInvocation,2026-02-02 13:10:49.357625+00:00,2026-02-02 13:10:49.357804+00:00
7b23f4b346a70238a4c693ea73f394bb,2026-02-02T13:10:50.024103,0.028951223889243607,2026-02-02T13:10:49.342476321Z,bellOnInvocation,2026-02-02 13:10:49.359554+00:00,2026-02-02 13:10:49.359742+00:00
7b23f4b346a70238a4c693ea73f394bb,2026-02-02T13:10:50.024103,0.028951223889243607,2026-02-02T13:10:49.342476321Z,lightOnAction,2026-02-02 13:10:51.356901+00:00,2026-02-02 13:10:51.357033+00:00
9481bb0448607d7a43e1aed9187cb46c,2026-02-02T13:13:30.086731,0.05579604240366221,2026-02-02T13:13:30.427463246Z,gateUpInvocation,2026-02-02 13:13:30.435234+00:00,2026-02-02 13:13:30.435368+00:00
9481bb0448607d7a43e1aed9187cb46c,2026-02-02T13:13:30.086731,0.05579604240366221,2026-02-02T13:13:30.427463246Z,bellOffInvocation,2026-02-02 13:13:30.437688+00:00,2026-02-02 13:13:30.437805+00:00
9481bb0448607d7a43e1aed9187cb46c,2026-02-02T13:13:30.086731,0.05579604240366221,2026-02-02T13:13:30.427463246Z,lightOffInvocation,2026-02-02 13:13:30.436588+00:00,2026-02-02 13:13:30.436723+00:00
9481bb0448607d7a43e1aed9187cb46c,2026-02-02T13:13:30.086731,0.05579604240366221,2026-02-02T13:13:30.427463246Z,bellOffInvocation,2026-02-02 13:13:30.438709+00:00,2026-02-02 13:13:30.438831+00:00
9481bb0448607d7a43e1aed9187cb46c,2026-02-02T13:13:30.086731,0.05579604240366221,2026-02-02T13:13:30.427463246Z,lightOffInvocation,2026-02-02 13:13:30.435532+00:00,2026-02-02 13:13:30.435665+00:00
9481bb0448607d7a43e1aed9187cb46c,2026-02-02T13:13:30.086731,0.05579604240366221,2026-02-02T13:13:30.427463246Z,gateUpInvocation,2026-02-02 13:13:30.436395+00:00,2026-02-02 13:13:30.436512+00:00
eefab991784f410f2738c11cf9602bcd,2026-02-02T13:12:51.065545,0.049287393459343916,2026-02-02T13:12:51.371714882Z,gateUpInvocation,2026-02-02 13:12:51.379677+00:00,2026-02-02 13:12:51.379832+00:00
eefab991784f410f2738c11cf9602bcd,2026-02-02T13:12:51.065545,0.049287393459343916,2026-02-02T13:12:51.371714882Z,gateUpInvocation,2026-02-02 13:12:51.383043+00:00,2026-02-02 13:12:51.383178+00:00
eefab991784f410f2738c11cf9602bcd,2026-02-02T13:12:51.065545,0.049287393459343916,2026-02-02T13:12:51.371714882Z,bellOffInvocation,2026-02-02 13:12:51.381735+00:00,2026-02-02 13:12:51.381913+00:00
eefab991784f410f2738c11cf9602bcd,2026-02-02T13:12:51.065545,0.049287393459343916,2026-02-02T13:12:51.371714882Z,bellOffInvocation,2026-02-02 13:12:51.385016+00:00,2026-02-02 13:12:51.385160+00:00
eefab991784f410f2738c11cf9602bcd,2026-02-02T13:12:51.065545,0.049287393459343916,2026-02-02T13:12:51.371714882Z,lightOffInvocation,2026-02-02 13:12:51.379535+00:00,2026-02-02 13:12:51.379677+00:00
eefab991784f410f2738c11cf9602bcd,2026-02-02T13:12:51.065545,0.049287393459343916,2026-02-02T13:12:51.371714882Z,lightOffInvocation,2026-02-02 13:12:51.379526+00:00,2026-02-02 13:12:51.379672+00:00
4650da8346f7d023aa6cb5b282e975c7,2026-02-02T13:08:32.100891,0.005963653082966805,2026-02-02T13:08:31.403321814Z,lightOnAction,2026-02-02 13:08:33.420738+00:00,2026-02-02 13:08:33.420910+00:00
4650da8346f7d023aa6cb5b282e975c7,2026-02-02T13:08:32.100891,0.005963653082966805,2026-02-02T13:08:31.403321814Z,gateDownInvocation,2026-02-02 13:08:31.419623+00:00,2026-02-02 13:08:31.420198+00:00
4650da8346f7d023aa6cb5b282e975c7,2026-02-02T13:08:32.100891,0.005963653082966805,2026-02-02T13:08:31.403321814Z,lightOnAction,2026-02-02 13:08:33.422299+00:00,2026-02-02 13:08:33.422348+00:00
4650da8346f7d023aa6cb5b282e975c7,2026-02-02T13:08:32.100891,0.005963653082966805,2026-02-02T13:08:31.403321814Z,gateDownAction,2026-02-02 13:08:33.431640+00:00,2026-02-02 13:08:33.431759+00:00
4650da8346f7d023aa6cb5b282e975c7,2026-02-02T13:08:32.100891,0.005963653082966805,2026-02-02T13:08:31.403321814Z,gateDownInvocation,2026-02-02 13:08:31.428339+00:00,2026-02-02 13:08:31.428607+00:00
4650da8346f7d023aa6cb5b282e975c7,2026-02-02T13:08:32.100891,0.005963653082966805,2026-02-02T13:08:31.403321814Z,bellOnAction,2026-02-02 13:08:33.436050+00:00,2026-02-02 13:08:33.436108+00:00
4650da8346f7d023aa6cb5b282e975c7,2026-02-02T13:08:32.100891,0.005963653082966805,2026-02-02T13:08:31.403321814Z,gateDownAction,2026-02-02 13:08:33.429790+00:00,2026-02-02 13:08:33.429884+00:00
4650da8346f7d023aa6cb5b282e975c7,2026-02-02T13:08:32.100891,0.005963653082966805,2026-02-02T13:08:31.403321814Z,bellOnInvocation,2026-02-02 13:08:31.432286+00:00,2026-02-02 13:08:31.432679+00:00
4650da8346f7d023aa6cb5b282e975c7,2026-02-02T13:08:32.100891,0.005963653082966805,2026-02-02T13:08:31.403321814Z,bellOnInvocation,2026-02-02 13:08:31.434282+00:00,2026-02-02 13:08:31.434396+00:00
4650da8346f7d023aa6cb5b282e975c7,2026-02-02T13:08:32.100891,0.005963653082966805,2026-02-02T13:08:31.403321814Z,lightOnInvocation,2026-02-02 13:08:31.420669+00:00,2026-02-02 13:08:31.420895+00:00
4650da8346f7d023aa6cb5b282e975c7,2026-02-02T13:08:32.100891,0.005963653082966805,2026-02-02T13:08:31.403321814Z,lightOnInvocation,2026-02-02 13:08:31.419050+00:00,2026-02-02 13:08:31.419277+00:00
4650da8346f7d023aa6cb5b282e975c7,2026-02-02T13:08:32.100891,0.005963653082966805,2026-02-02T13:08:31.403321814Z,bellOnAction,2026-02-02 13:08:33.434353+00:00,2026-02-02 13:08:33.434460+00:00
f726c4864d614b4157bc5bff8c24a19f,2026-02-02T13:16:14.963797,0.08327558615107536,2026-02-02T13:16:15.321240747Z,lightOffInvocation,2026-02-02 13:16:15.328228+00:00,2026-02-02 13:16:15.328388+00:00
f726c4864d614b4157bc5bff8c24a19f,2026-02-02T13:16:14.963797,0.08327558615107536,2026-02-02T13:16:15.321240747Z,lightOffInvocation,2026-02-02 13:16:15.327137+00:00,2026-02-02 13:16:15.327279+00:00
f726c4864d614b4157bc5bff8c24a19f,2026-02-02T13:16:14.963797,0.08327558615107536,2026-02-02T13:16:15.321240747Z,gateUpInvocation,2026-02-02 13:16:15.327213+00:00,2026-02-02 13:16:15.327370+00:00
f726c4864d614b4157bc5bff8c24a19f,2026-02-02T13:16:14.963797,0.08327558615107536,2026-02-02T13:16:15.321240747Z,bellOffInvocation,2026-02-02 13:16:15.332268+00:00,2026-02-02 13:16:15.332401+00:00
f726c4864d614b4157bc5bff8c24a19f,2026-02-02T13:16:14.963797,0.08327558615107536,2026-02-02T13:16:15.321240747Z,bellOffInvocation,2026-02-02 13:16:15.330438+00:00,2026-02-02 13:16:15.330537+00:00
f726c4864d614b4157bc5bff8c24a19f,2026-02-02T13:16:14.963797,0.08327558615107536,2026-02-02T13:16:15.321240747Z,gateUpInvocation,2026-02-02 13:16:15.328161+00:00,2026-02-02 13:16:15.328338+00:00
e64177eeb426f8a4907973c44fbc90eb,2026-02-02T13:14:17.748900,0.06357471221311092,2026-02-02T13:14:17.104092125Z,bellOnAction,2026-02-02 13:14:19.113749+00:00,2026-02-02 13:14:19.114010+00:00
e64177eeb426f8a4907973c44fbc90eb,2026-02-02T13:14:17.748900,0.06357471221311092,2026-02-02T13:14:17.104092125Z,bellOnAction,2026-02-02 13:14:19.114281+00:00,2026-02-02 13:14:19.114437+00:00
e64177eeb426f8a4907973c44fbc90eb,2026-02-02T13:14:17.748900,0.06357471221311092,2026-02-02T13:14:17.104092125Z,lightOnInvocation,2026-02-02 13:14:17.108881+00:00,2026-02-02 13:14:17.108939+00:00
e64177eeb426f8a4907973c44fbc90eb,2026-02-02T13:14:17.748900,0.06357471221311092,2026-02-02T13:14:17.104092125Z,lightOnInvocation,2026-02-02 13:14:17.109783+00:00,2026-02-02 13:14:17.109837+00:00
e64177eeb426f8a4907973c44fbc90eb,2026-02-02T13:14:17.748900,0.06357471221311092,2026-02-02T13:14:17.104092125Z,gateDownAction,2026-02-02 13:14:19.111256+00:00,2026-02-02 13:14:19.111525+00:00
e64177eeb426f8a4907973c44fbc90eb,2026-02-02T13:14:17.748900,0.06357471221311092,2026-02-02T13:14:17.104092125Z,gateDownInvocation,2026-02-02 13:14:17.110616+00:00,2026-02-02 13:14:17.110702+00:00
e64177eeb426f8a4907973c44fbc90eb,2026-02-02T13:14:17.748900,0.06357471221311092,2026-02-02T13:14:17.104092125Z,gateDownAction,2026-02-02 13:14:19.111274+00:00,2026-02-02 13:14:19.111538+00:00
e64177eeb426f8a4907973c44fbc90eb,2026-02-02T13:14:17.748900,0.06357471221311092,2026-02-02T13:14:17.104092125Z,bellOnInvocation,2026-02-02 13:14:17.112280+00:00,2026-02-02 13:14:17.112341+00:00
e64177eeb426f8a4907973c44fbc90eb,2026-02-02T13:14:17.748900,0.06357471221311092,2026-02-02T13:14:17.104092125Z,bellOnInvocation,2026-02-02 13:14:17.113493+00:00,2026-02-02 13:14:17.113545+00:00
e64177eeb426f8a4907973c44fbc90eb,2026-02-02T13:14:17.748900,0.06357471221311092,2026-02-02T13:14:17.104092125Z,lightOnAction,2026-02-02 13:14:19.111581+00:00,2026-02-02 13:14:19.111885+00:00
e64177eeb426f8a4907973c44fbc90eb,2026-02-02T13:14:17.748900,0.06357471221311092,2026-02-02T13:14:17.104092125Z,gateDownInvocation,2026-02-02 13:14:17.109663+00:00,2026-02-02 13:14:17.109750+00:00
e64177eeb426f8a4907973c44fbc90eb,2026-02-02T13:14:17.748900,0.06357471221311092,2026-02-02T13:14:17.104092125Z,lightOnAction,2026-02-02 13:14:19.113189+00:00,2026-02-02 13:14:19.113436+00:00
352ec10fb270ee95fad7d4e7d17cd7c5,2026-02-02T13:15:40.239669,0.0773178987934351,2026-02-02T13:15:39.571534759Z,gateDownInvocation,2026-02-02 13:15:39.578477+00:00,2026-02-02 13:15:39.578832+00:00
352ec10fb270ee95fad7d4e7d17cd7c5,2026-02-02T13:15:40.239669,0.0773178987934351,2026-02-02T13:15:39.571534759Z,gateDownAction,2026-02-02 13:15:41.580136+00:00,2026-02-02 13:15:41.580223+00:00
352ec10fb270ee95fad7d4e7d17cd7c5,2026-02-02T13:15:40.239669,0.0773178987934351,2026-02-02T13:15:39.571534759Z,gateDownAction,2026-02-02 13:15:41.579494+00:00,2026-02-02 13:15:41.579583+00:00
352ec10fb270ee95fad7d4e7d17cd7c5,2026-02-02T13:15:40.239669,0.0773178987934351,2026-02-02T13:15:39.571534759Z,bellOnAction,2026-02-02 13:15:41.583073+00:00,2026-02-02 13:15:41.583144+00:00
352ec10fb270ee95fad7d4e7d17cd7c5,2026-02-02T13:15:40.239669,0.0773178987934351,2026-02-02T13:15:39.571534759Z,bellOnInvocation,2026-02-02 13:15:39.582395+00:00,2026-02-02 13:15:39.582471+00:00
352ec10fb270ee95fad7d4e7d17cd7c5,2026-02-02T13:15:40.239669,0.0773178987934351,2026-02-02T13:15:39.571534759Z,bellOnInvocation,2026-02-02 13:15:39.581532+00:00,2026-02-02 13:15:39.581619+00:00
352ec10fb270ee95fad7d4e7d17cd7c5,2026-02-02T13:15:40.239669,0.0773178987934351,2026-02-02T13:15:39.571534759Z,lightOnAction,2026-02-02 13:15:41.581147+00:00,2026-02-02 13:15:41.581230+00:00
352ec10fb270ee95fad7d4e7d17cd7c5,2026-02-02T13:15:40.239669,0.0773178987934351,2026-02-02T13:15:39.571534759Z,lightOnInvocation,2026-02-02 13:15:39.579169+00:00,2026-02-02 13:15:39.579381+00:00
352ec10fb270ee95fad7d4e7d17cd7c5,2026-02-02T13:15:40.239669,0.0773178987934351,2026-02-02T13:15:39.571534759Z,gateDownInvocation,2026-02-02 13:15:39.578426+00:00,2026-02-02 13:15:39.578726+00:00
352ec10fb270ee95fad7d4e7d17cd7c5,2026-02-02T13:15:40.239669,0.0773178987934351,2026-02-02T13:15:39.571534759Z,lightOnAction,2026-02-02 13:15:41.579463+00:00,2026-02-02 13:15:41.579548+00:00
352ec10fb270ee95fad7d4e7d17cd7c5,2026-02-02T13:15:40.239669,0.0773178987934351,2026-02-02T13:15:39.571534759Z,lightOnInvocation,2026-02-02 13:15:39.578648+00:00,2026-02-02 13:15:39.578832+00:00
352ec10fb270ee95fad7d4e7d17cd7c5,2026-02-02T13:15:40.239669,0.0773178987934351,2026-02-02T13:15:39.571534759Z,bellOnAction,2026-02-02 13:15:41.583389+00:00,2026-02-02 13:15:41.583441+00:00
ccc3b23a0396dfddcd13a3a3f05b87a6,2026-02-02T13:12:29.407382,0.04551315654693843,2026-02-02T13:12:28.72394159Z,lightOnInvocation,2026-02-02 13:12:28.735132+00:00,2026-02-02 13:12:28.735969+00:00
ccc3b23a0396dfddcd13a3a3f05b87a6,2026-02-02T13:12:29.407382,0.04551315654693843,2026-02-02T13:12:28.72394159Z,bellOnInvocation,2026-02-02 13:12:28.736442+00:00,2026-02-02 13:12:28.736530+00:00
ccc3b23a0396dfddcd13a3a3f05b87a6,2026-02-02T13:12:29.407382,0.04551315654693843,2026-02-02T13:12:28.72394159Z,gateDownInvocation,2026-02-02 13:12:28.731622+00:00,2026-02-02 13:12:28.731815+00:00
ccc3b23a0396dfddcd13a3a3f05b87a6,2026-02-02T13:12:29.407382,0.04551315654693843,2026-02-02T13:12:28.72394159Z,gateDownAction,2026-02-02 13:12:30.733134+00:00,2026-02-02 13:12:30.733264+00:00
ccc3b23a0396dfddcd13a3a3f05b87a6,2026-02-02T13:12:29.407382,0.04551315654693843,2026-02-02T13:12:28.72394159Z,bellOnAction,2026-02-02 13:12:30.736748+00:00,2026-02-02 13:12:30.736775+00:00
ccc3b23a0396dfddcd13a3a3f05b87a6,2026-02-02T13:12:29.407382,0.04551315654693843,2026-02-02T13:12:28.72394159Z,lightOnAction,2026-02-02 13:12:30.737531+00:00,2026-02-02 13:12:30.737570+00:00
ccc3b23a0396dfddcd13a3a3f05b87a6,2026-02-02T13:12:29.407382,0.04551315654693843,2026-02-02T13:12:28.72394159Z,lightOnInvocation,2026-02-02 13:12:28.731437+00:00,2026-02-02 13:12:28.731592+00:00
ccc3b23a0396dfddcd13a3a3f05b87a6,2026-02-02T13:12:29.407382,0.04551315654693843,2026-02-02T13:12:28.72394159Z,gateDownAction,2026-02-02 13:12:30.733137+00:00,2026-02-02 13:12:30.733285+00:00
ccc3b23a0396dfddcd13a3a3f05b87a6,2026-02-02T13:12:29.407382,0.04551315654693843,2026-02-02T13:12:28.72394159Z,bellOnAction,2026-02-02 13:12:30.736768+00:00,2026-02-02 13:12:30.736818+00:00
ccc3b23a0396dfddcd13a3a3f05b87a6,2026-02-02T13:12:29.407382,0.04551315654693843,2026-02-02T13:12:28.72394159Z,bellOnInvocation,2026-02-02 13:12:28.736309+00:00,2026-02-02 13:12:28.736389+00:00
ccc3b23a0396dfddcd13a3a3f05b87a6,2026-02-02T13:12:29.407382,0.04551315654693843,2026-02-02T13:12:28.72394159Z,gateDownInvocation,2026-02-02 13:12:28.732219+00:00,2026-02-02 13:12:28.732379+00:00
ccc3b23a0396dfddcd13a3a3f05b87a6,2026-02-02T13:12:29.407382,0.04551315654693843,2026-02-02T13:12:28.72394159Z,lightOnAction,2026-02-02 13:12:30.735291+00:00,2026-02-02 13:12:30.735366+00:00
7cf3dfa8257460046c13a2824fd86cdc,2026-02-02T13:13:08.409582,0.05201035463711024,2026-02-02T13:13:07.711105191Z,gateDownInvocation,2026-02-02 13:13:07.718870+00:00,2026-02-02 13:13:07.719179+00:00
7cf3dfa8257460046c13a2824fd86cdc,2026-02-02T13:13:08.409582,0.05201035463711024,2026-02-02T13:13:07.711105191Z,bellOnInvocation,2026-02-02 13:13:07.721773+00:00,2026-02-02 13:13:07.721966+00:00
7cf3dfa8257460046c13a2824fd86cdc,2026-02-02T13:13:08.409582,0.05201035463711024,2026-02-02T13:13:07.711105191Z,bellOnAction,2026-02-02 13:13:09.722449+00:00,2026-02-02 13:13:09.722525+00:00
7cf3dfa8257460046c13a2824fd86cdc,2026-02-02T13:13:08.409582,0.05201035463711024,2026-02-02T13:13:07.711105191Z,bellOnInvocation,2026-02-02 13:13:07.721264+00:00,2026-02-02 13:13:07.721422+00:00
7cf3dfa8257460046c13a2824fd86cdc,2026-02-02T13:13:08.409582,0.05201035463711024,2026-02-02T13:13:07.711105191Z,lightOnInvocation,2026-02-02 13:13:07.718327+00:00,2026-02-02 13:13:07.718523+00:00
7cf3dfa8257460046c13a2824fd86cdc,2026-02-02T13:13:08.409582,0.05201035463711024,2026-02-02T13:13:07.711105191Z,bellOnAction,2026-02-02 13:13:09.722759+00:00,2026-02-02 13:13:09.722883+00:00
7cf3dfa8257460046c13a2824fd86cdc,2026-02-02T13:13:08.409582,0.05201035463711024,2026-02-02T13:13:07.711105191Z,lightOnInvocation,2026-02-02 13:13:07.718759+00:00,2026-02-02 13:13:07.718990+00:00
7cf3dfa8257460046c13a2824fd86cdc,2026-02-02T13:13:08.409582,0.05201035463711024,2026-02-02T13:13:07.711105191Z,gateDownAction,2026-02-02 13:13:09.721150+00:00,2026-02-02 13:13:09.721288+00:00
7cf3dfa8257460046c13a2824fd86cdc,2026-02-02T13:13:08.409582,0.05201035463711024,2026-02-02T13:13:07.711105191Z,gateDownInvocation,2026-02-02 13:13:07.718206+00:00,2026-02-02 13:13:07.718522+00:00
7cf3dfa8257460046c13a2824fd86cdc,2026-02-02T13:13:08.409582,0.05201035463711024,2026-02-02T13:13:07.711105191Z,lightOnAction,2026-02-02 13:13:09.720760+00:00,2026-02-02 13:13:09.720861+00:00
7cf3dfa8257460046c13a2824fd86cdc,2026-02-02T13:13:08.409582,0.05201035463711024,2026-02-02T13:13:07.711105191Z,gateDownAction,2026-02-02 13:13:09.719834+00:00,2026-02-02 13:13:09.720028+00:00
7cf3dfa8257460046c13a2824fd86cdc,2026-02-02T13:13:08.409582,0.05201035463711024,2026-02-02T13:13:07.711105191Z,lightOnAction,2026-02-02 13:13:09.720175+00:00,2026-02-02 13:13:09.720301+00:00
2434f2df73c639e2b5d2d615ac2d8dad,2026-02-02T13:14:56.797575,0.07024789413269758,2026-02-02T13:14:57.147309836Z,bellOffInvocation,2026-02-02 13:14:57.161400+00:00,2026-02-02 13:14:57.161475+00:00
2434f2df73c639e2b5d2d615ac2d8dad,2026-02-02T13:14:56.797575,0.07024789413269758,2026-02-02T13:14:57.147309836Z,lightOffInvocation,2026-02-02 13:14:57.155063+00:00,2026-02-02 13:14:57.155221+00:00
2434f2df73c639e2b5d2d615ac2d8dad,2026-02-02T13:14:56.797575,0.07024789413269758,2026-02-02T13:14:57.147309836Z,gateUpInvocation,2026-02-02 13:14:57.155074+00:00,2026-02-02 13:14:57.155235+00:00
2434f2df73c639e2b5d2d615ac2d8dad,2026-02-02T13:14:56.797575,0.07024789413269758,2026-02-02T13:14:57.147309836Z,gateUpInvocation,2026-02-02 13:14:57.156639+00:00,2026-02-02 13:14:57.156775+00:00
2434f2df73c639e2b5d2d615ac2d8dad,2026-02-02T13:14:56.797575,0.07024789413269758,2026-02-02T13:14:57.147309836Z,bellOffInvocation,2026-02-02 13:14:57.160271+00:00,2026-02-02 13:14:57.160358+00:00
2434f2df73c639e2b5d2d615ac2d8dad,2026-02-02T13:14:56.797575,0.07024789413269758,2026-02-02T13:14:57.147309836Z,lightOffInvocation,2026-02-02 13:14:57.158262+00:00,2026-02-02 13:14:57.158396+00:00
b58b2846059cf7fc13c520f72c64e8c2,2026-02-02T13:17:07.007708,0.09177328794277907,2026-02-02T13:17:06.312553208Z,gateDownInvocation,2026-02-02 13:17:06.328314+00:00,2026-02-02 13:17:06.328490+00:00
b58b2846059cf7fc13c520f72c64e8c2,2026-02-02T13:17:07.007708,0.09177328794277907,2026-02-02T13:17:06.312553208Z,bellOnAction,2026-02-02 13:17:08.333849+00:00,2026-02-02 13:17:08.333863+00:00
b58b2846059cf7fc13c520f72c64e8c2,2026-02-02T13:17:07.007708,0.09177328794277907,2026-02-02T13:17:06.312553208Z,gateDownAction,2026-02-02 13:17:08.326812+00:00,2026-02-02 13:17:08.326951+00:00
b58b2846059cf7fc13c520f72c64e8c2,2026-02-02T13:17:07.007708,0.09177328794277907,2026-02-02T13:17:06.312553208Z,gateDownAction,2026-02-02 13:17:08.330240+00:00,2026-02-02 13:17:08.330320+00:00
b58b2846059cf7fc13c520f72c64e8c2,2026-02-02T13:17:07.007708,0.09177328794277907,2026-02-02T13:17:06.312553208Z,lightOnInvocation,2026-02-02 13:17:06.328334+00:00,2026-02-02 13:17:06.328415+00:00
b58b2846059cf7fc13c520f72c64e8c2,2026-02-02T13:17:07.007708,0.09177328794277907,2026-02-02T13:17:06.312553208Z,lightOnAction,2026-02-02 13:17:08.327275+00:00,2026-02-02 13:17:08.327365+00:00
b58b2846059cf7fc13c520f72c64e8c2,2026-02-02T13:17:07.007708,0.09177328794277907,2026-02-02T13:17:06.312553208Z,bellOnInvocation,2026-02-02 13:17:06.332778+00:00,2026-02-02 13:17:06.332883+00:00
b58b2846059cf7fc13c520f72c64e8c2,2026-02-02T13:17:07.007708,0.09177328794277907,2026-02-02T13:17:06.312553208Z,bellOnInvocation,2026-02-02 13:17:06.329001+00:00,2026-02-02 13:17:06.329113+00:00
b58b2846059cf7fc13c520f72c64e8c2,2026-02-02T13:17:07.007708,0.09177328794277907,2026-02-02T13:17:06.312553208Z,bellOnAction,2026-02-02 13:17:08.329475+00:00,2026-02-02 13:17:08.329544+00:00
b58b2846059cf7fc13c520f72c64e8c2,2026-02-02T13:17:07.007708,0.09177328794277907,2026-02-02T13:17:06.312553208Z,lightOnInvocation,2026-02-02 13:17:06.325390+00:00,2026-02-02 13:17:06.325529+00:00
b58b2846059cf7fc13c520f72c64e8c2,2026-02-02T13:17:07.007708,0.09177328794277907,2026-02-02T13:17:06.312553208Z,gateDownInvocation,2026-02-02 13:17:06.325294+00:00,2026-02-02 13:17:06.325482+00:00
b58b2846059cf7fc13c520f72c64e8c2,2026-02-02T13:17:07.007708,0.09177328794277907,2026-02-02T13:17:06.312553208Z,lightOnAction,2026-02-02 13:17:08.328395+00:00,2026-02-02 13:17:08.328482+00:00
856475570446c4dac2dfe20bbeb98a42,2026-02-02T13:14:13.447814,0.0628576264854908,2026-02-02T13:14:12.80116112Z,gateDownInvocation,2026-02-02 13:14:12.809452+00:00,2026-02-02 13:14:12.809600+00:00
856475570446c4dac2dfe20bbeb98a42,2026-02-02T13:14:13.447814,0.0628576264854908,2026-02-02T13:14:12.80116112Z,bellOnAction,2026-02-02 13:14:14.818335+00:00,2026-02-02 13:14:14.818379+00:00
856475570446c4dac2dfe20bbeb98a42,2026-02-02T13:14:13.447814,0.0628576264854908,2026-02-02T13:14:12.80116112Z,lightOnInvocation,2026-02-02 13:14:12.808731+00:00,2026-02-02 13:14:12.808832+00:00
856475570446c4dac2dfe20bbeb98a42,2026-02-02T13:14:13.447814,0.0628576264854908,2026-02-02T13:14:12.80116112Z,lightOnAction,2026-02-02 13:14:14.811994+00:00,2026-02-02 13:14:14.812048+00:00
856475570446c4dac2dfe20bbeb98a42,2026-02-02T13:14:13.447814,0.0628576264854908,2026-02-02T13:14:12.80116112Z,lightOnInvocation,2026-02-02 13:14:12.808657+00:00,2026-02-02 13:14:12.810023+00:00
856475570446c4dac2dfe20bbeb98a42,2026-02-02T13:14:13.447814,0.0628576264854908,2026-02-02T13:14:12.80116112Z,gateDownAction,2026-02-02 13:14:14.815491+00:00,2026-02-02 13:14:14.815519+00:00
856475570446c4dac2dfe20bbeb98a42,2026-02-02T13:14:13.447814,0.0628576264854908,2026-02-02T13:14:12.80116112Z,bellOnInvocation,2026-02-02 13:14:12.822637+00:00,2026-02-02 13:14:12.822881+00:00
856475570446c4dac2dfe20bbeb98a42,2026-02-02T13:14:13.447814,0.0628576264854908,2026-02-02T13:14:12.80116112Z,gateDownInvocation,2026-02-02 13:14:12.813244+00:00,2026-02-02 13:14:12.813492+00:00
856475570446c4dac2dfe20bbeb98a42,2026-02-02T13:14:13.447814,0.0628576264854908,2026-02-02T13:14:12.80116112Z,gateDownAction,2026-02-02 13:14:14.814938+00:00,2026-02-02 13:14:14.814980+00:00
856475570446c4dac2dfe20bbeb98a42,2026-02-02T13:14:13.447814,0.0628576264854908,2026-02-02T13:14:12.80116112Z,lightOnAction,2026-02-02 13:14:14.818284+00:00,2026-02-02 13:14:14.818322+00:00
856475570446c4dac2dfe20bbeb98a42,2026-02-02T13:14:13.447814,0.0628576264854908,2026-02-02T13:14:12.80116112Z,bellOnInvocation,2026-02-02 13:14:12.815561+00:00,2026-02-02 13:14:12.815755+00:00
856475570446c4dac2dfe20bbeb98a42,2026-02-02T13:14:13.447814,0.0628576264854908,2026-02-02T13:14:12.80116112Z,bellOnAction,2026-02-02 13:14:14.823596+00:00,2026-02-02 13:14:14.823643+00:00
d8d5f94d2c0f9b54e668f4ad653ace90,2026-02-02T13:16:01.917727,0.08092786548130512,2026-02-02T13:16:01.233569978Z,gateDownInvocation,2026-02-02 13:16:01.240770+00:00,2026-02-02 13:16:01.241146+00:00
d8d5f94d2c0f9b54e668f4ad653ace90,2026-02-02T13:16:01.917727,0.08092786548130512,2026-02-02T13:16:01.233569978Z,bellOnInvocation,2026-02-02 13:16:01.244252+00:00,2026-02-02 13:16:01.244554+00:00
d8d5f94d2c0f9b54e668f4ad653ace90,2026-02-02T13:16:01.917727,0.08092786548130512,2026-02-02T13:16:01.233569978Z,gateDownAction,2026-02-02 13:16:03.242850+00:00,2026-02-02 13:16:03.242935+00:00
d8d5f94d2c0f9b54e668f4ad653ace90,2026-02-02T13:16:01.917727,0.08092786548130512,2026-02-02T13:16:01.233569978Z,bellOnAction,2026-02-02 13:16:03.246312+00:00,2026-02-02 13:16:03.246423+00:00
d8d5f94d2c0f9b54e668f4ad653ace90,2026-02-02T13:16:01.917727,0.08092786548130512,2026-02-02T13:16:01.233569978Z,lightOnAction,2026-02-02 13:16:03.243909+00:00,2026-02-02 13:16:03.244032+00:00
d8d5f94d2c0f9b54e668f4ad653ace90,2026-02-02T13:16:01.917727,0.08092786548130512,2026-02-02T13:16:01.233569978Z,gateDownInvocation,2026-02-02 13:16:01.247378+00:00,2026-02-02 13:16:01.247637+00:00
d8d5f94d2c0f9b54e668f4ad653ace90,2026-02-02T13:16:01.917727,0.08092786548130512,2026-02-02T13:16:01.233569978Z,lightOnInvocation,2026-02-02 13:16:01.243464+00:00,2026-02-02 13:16:01.243528+00:00
d8d5f94d2c0f9b54e668f4ad653ace90,2026-02-02T13:16:01.917727,0.08092786548130512,2026-02-02T13:16:01.233569978Z,bellOnInvocation,2026-02-02 13:16:01.249259+00:00,2026-02-02 13:16:01.249431+00:00
d8d5f94d2c0f9b54e668f4ad653ace90,2026-02-02T13:16:01.917727,0.08092786548130512,2026-02-02T13:16:01.233569978Z,lightOnInvocation,2026-02-02 13:16:01.241006+00:00,2026-02-02 13:16:01.241305+00:00
d8d5f94d2c0f9b54e668f4ad653ace90,2026-02-02T13:16:01.917727,0.08092786548130512,2026-02-02T13:16:01.233569978Z,gateDownAction,2026-02-02 13:16:03.248928+00:00,2026-02-02 13:16:03.248981+00:00
d8d5f94d2c0f9b54e668f4ad653ace90,2026-02-02T13:16:01.917727,0.08092786548130512,2026-02-02T13:16:01.233569978Z,bellOnAction,2026-02-02 13:16:03.250283+00:00,2026-02-02 13:16:03.250316+00:00
d8d5f94d2c0f9b54e668f4ad653ace90,2026-02-02T13:16:01.917727,0.08092786548130512,2026-02-02T13:16:01.233569978Z,lightOnAction,2026-02-02 13:16:03.242469+00:00,2026-02-02 13:16:03.242554+00:00
7d3c5db43fc430fcbde25b378c9269df,2026-02-02T13:15:01.115559,0.07079470951837302,2026-02-02T13:15:00.428323262Z,lightOnAction,2026-02-02 13:15:02.433311+00:00,2026-02-02 13:15:02.433438+00:00
7d3c5db43fc430fcbde25b378c9269df,2026-02-02T13:15:01.115559,0.07079470951837302,2026-02-02T13:15:00.428323262Z,bellOnAction,2026-02-02 13:15:02.433829+00:00,2026-02-02 13:15:02.433956+00:00
7d3c5db43fc430fcbde25b378c9269df,2026-02-02T13:15:01.115559,0.07079470951837302,2026-02-02T13:15:00.428323262Z,lightOnInvocation,2026-02-02 13:15:00.431386+00:00,2026-02-02 13:15:00.431465+00:00
7d3c5db43fc430fcbde25b378c9269df,2026-02-02T13:15:01.115559,0.07079470951837302,2026-02-02T13:15:00.428323262Z,lightOnInvocation,2026-02-02 13:15:00.432224+00:00,2026-02-02 13:15:00.432279+00:00
7d3c5db43fc430fcbde25b378c9269df,2026-02-02T13:15:01.115559,0.07079470951837302,2026-02-02T13:15:00.428323262Z,bellOnInvocation,2026-02-02 13:15:00.432856+00:00,2026-02-02 13:15:00.432907+00:00
7d3c5db43fc430fcbde25b378c9269df,2026-02-02T13:15:01.115559,0.07079470951837302,2026-02-02T13:15:00.428323262Z,bellOnInvocation,2026-02-02 13:15:00.433398+00:00,2026-02-02 13:15:00.433433+00:00
7d3c5db43fc430fcbde25b378c9269df,2026-02-02T13:15:01.115559,0.07079470951837302,2026-02-02T13:15:00.428323262Z,gateDownInvocation,2026-02-02 13:15:00.431357+00:00,2026-02-02 13:15:00.431456+00:00
7d3c5db43fc430fcbde25b378c9269df,2026-02-02T13:15:01.115559,0.07079470951837302,2026-02-02T13:15:00.428323262Z,gateDownAction,2026-02-02 13:15:02.432790+00:00,2026-02-02 13:15:02.432879+00:00
7d3c5db43fc430fcbde25b378c9269df,2026-02-02T13:15:01.115559,0.07079470951837302,2026-02-02T13:15:00.428323262Z,gateDownAction,2026-02-02 13:15:02.432274+00:00,2026-02-02 13:15:02.432373+00:00
7d3c5db43fc430fcbde25b378c9269df,2026-02-02T13:15:01.115559,0.07079470951837302,2026-02-02T13:15:00.428323262Z,gateDownInvocation,2026-02-02 13:15:00.432216+00:00,2026-02-02 13:15:00.432279+00:00
7d3c5db43fc430fcbde25b378c9269df,2026-02-02T13:15:01.115559,0.07079470951837302,2026-02-02T13:15:00.428323262Z,bellOnAction,2026-02-02 13:15:02.434338+00:00,2026-02-02 13:15:02.434423+00:00
7d3c5db43fc430fcbde25b378c9269df,2026-02-02T13:15:01.115559,0.07079470951837302,2026-02-02T13:15:00.428323262Z,lightOnAction,2026-02-02 13:15:02.431654+00:00,2026-02-02 13:15:02.431766+00:00
15fc8dcf77bdda99a136924d4d3f1b5b,2026-02-02T13:17:15.723102,0.09322814045933485,2026-02-02T13:17:15.042577739Z,bellOnAction,2026-02-02 13:17:17.054703+00:00,2026-02-02 13:17:17.054771+00:00
15fc8dcf77bdda99a136924d4d3f1b5b,2026-02-02T13:17:15.723102,0.09322814045933485,2026-02-02T13:17:15.042577739Z,gateDownInvocation,2026-02-02 13:17:15.049389+00:00,2026-02-02 13:17:15.049649+00:00
15fc8dcf77bdda99a136924d4d3f1b5b,2026-02-02T13:17:15.723102,0.09322814045933485,2026-02-02T13:17:15.042577739Z,gateDownAction,2026-02-02 13:17:17.055229+00:00,2026-02-02 13:17:17.055315+00:00
15fc8dcf77bdda99a136924d4d3f1b5b,2026-02-02T13:17:15.723102,0.09322814045933485,2026-02-02T13:17:15.042577739Z,lightOnInvocation,2026-02-02 13:17:15.051717+00:00,2026-02-02 13:17:15.051956+00:00
15fc8dcf77bdda99a136924d4d3f1b5b,2026-02-02T13:17:15.723102,0.09322814045933485,2026-02-02T13:17:15.042577739Z,gateDownAction,2026-02-02 13:17:17.050387+00:00,2026-02-02 13:17:17.050487+00:00
15fc8dcf77bdda99a136924d4d3f1b5b,2026-02-02T13:17:15.723102,0.09322814045933485,2026-02-02T13:17:15.042577739Z,lightOnInvocation,2026-02-02 13:17:15.048728+00:00,2026-02-02 13:17:15.048945+00:00
15fc8dcf77bdda99a136924d4d3f1b5b,2026-02-02T13:17:15.723102,0.09322814045933485,2026-02-02T13:17:15.042577739Z,bellOnAction,2026-02-02 13:17:17.050774+00:00,2026-02-02 13:17:17.050855+00:00
15fc8dcf77bdda99a136924d4d3f1b5b,2026-02-02T13:17:15.723102,0.09322814045933485,2026-02-02T13:17:15.042577739Z,lightOnAction,2026-02-02 13:17:17.052292+00:00,2026-02-02 13:17:17.052351+00:00
15fc8dcf77bdda99a136924d4d3f1b5b,2026-02-02T13:17:15.723102,0.09322814045933485,2026-02-02T13:17:15.042577739Z,gateDownInvocation,2026-02-02 13:17:15.053033+00:00,2026-02-02 13:17:15.053310+00:00
15fc8dcf77bdda99a136924d4d3f1b5b,2026-02-02T13:17:15.723102,0.09322814045933485,2026-02-02T13:17:15.042577739Z,bellOnInvocation,2026-02-02 13:17:15.049535+00:00,2026-02-02 13:17:15.049714+00:00
15fc8dcf77bdda99a136924d4d3f1b5b,2026-02-02T13:17:15.723102,0.09322814045933485,2026-02-02T13:17:15.042577739Z,lightOnAction,2026-02-02 13:17:17.049757+00:00,2026-02-02 13:17:17.049859+00:00
15fc8dcf77bdda99a136924d4d3f1b5b,2026-02-02T13:17:15.723102,0.09322814045933485,2026-02-02T13:17:15.042577739Z,bellOnInvocation,2026-02-02 13:17:15.053406+00:00,2026-02-02 13:17:15.053558+00:00
7cc1c84d4fc02491b68040c5af15780f,2026-02-02T13:10:54.353964,0.02984002705459595,2026-02-02T13:10:54.675740265Z,bellOffInvocation,2026-02-02 13:10:54.690612+00:00,2026-02-02 13:10:54.690756+00:00
7cc1c84d4fc02491b68040c5af15780f,2026-02-02T13:10:54.353964,0.02984002705459595,2026-02-02T13:10:54.675740265Z,lightOffInvocation,2026-02-02 13:10:54.688179+00:00,2026-02-02 13:10:54.688329+00:00
7cc1c84d4fc02491b68040c5af15780f,2026-02-02T13:10:54.353964,0.02984002705459595,2026-02-02T13:10:54.675740265Z,gateUpInvocation,2026-02-02 13:10:54.688161+00:00,2026-02-02 13:10:54.688296+00:00
7cc1c84d4fc02491b68040c5af15780f,2026-02-02T13:10:54.353964,0.02984002705459595,2026-02-02T13:10:54.675740265Z,lightOffInvocation,2026-02-02 13:10:54.685383+00:00,2026-02-02 13:10:54.685525+00:00
7cc1c84d4fc02491b68040c5af15780f,2026-02-02T13:10:54.353964,0.02984002705459595,2026-02-02T13:10:54.675740265Z,gateUpInvocation,2026-02-02 13:10:54.685097+00:00,2026-02-02 13:10:54.685224+00:00
7cc1c84d4fc02491b68040c5af15780f,2026-02-02T13:10:54.353964,0.02984002705459595,2026-02-02T13:10:54.675740265Z,bellOffInvocation,2026-02-02 13:10:54.693712+00:00,2026-02-02 13:10:54.693890+00:00
0ffd28861a14225f940671ad96e91097,2026-02-02T13:09:41.011714,0.017447672268235685,2026-02-02T13:09:40.314197283Z,lightOnInvocation,2026-02-02 13:09:40.323988+00:00,2026-02-02 13:09:40.324180+00:00
0ffd28861a14225f940671ad96e91097,2026-02-02T13:09:41.011714,0.017447672268235685,2026-02-02T13:09:40.314197283Z,lightOnAction,2026-02-02 13:09:42.325831+00:00,2026-02-02 13:09:42.325912+00:00
0ffd28861a14225f940671ad96e91097,2026-02-02T13:09:41.011714,0.017447672268235685,2026-02-02T13:09:40.314197283Z,gateDownInvocation,2026-02-02 13:09:40.323916+00:00,2026-02-02 13:09:40.324245+00:00
0ffd28861a14225f940671ad96e91097,2026-02-02T13:09:41.011714,0.017447672268235685,2026-02-02T13:09:40.314197283Z,bellOnAction,2026-02-02 13:09:42.330056+00:00,2026-02-02 13:09:42.330152+00:00
0ffd28861a14225f940671ad96e91097,2026-02-02T13:09:41.011714,0.017447672268235685,2026-02-02T13:09:40.314197283Z,lightOnAction,2026-02-02 13:09:42.326179+00:00,2026-02-02 13:09:42.326298+00:00
0ffd28861a14225f940671ad96e91097,2026-02-02T13:09:41.011714,0.017447672268235685,2026-02-02T13:09:40.314197283Z,gateDownAction,2026-02-02 13:09:42.326180+00:00,2026-02-02 13:09:42.326298+00:00
0ffd28861a14225f940671ad96e91097,2026-02-02T13:09:41.011714,0.017447672268235685,2026-02-02T13:09:40.314197283Z,gateDownAction,2026-02-02 13:09:42.326300+00:00,2026-02-02 13:09:42.326386+00:00
0ffd28861a14225f940671ad96e91097,2026-02-02T13:09:41.011714,0.017447672268235685,2026-02-02T13:09:40.314197283Z,bellOnAction,2026-02-02 13:09:42.327516+00:00,2026-02-02 13:09:42.327583+00:00
0ffd28861a14225f940671ad96e91097,2026-02-02T13:09:41.011714,0.017447672268235685,2026-02-02T13:09:40.314197283Z,lightOnInvocation,2026-02-02 13:09:40.324100+00:00,2026-02-02 13:09:40.324287+00:00
0ffd28861a14225f940671ad96e91097,2026-02-02T13:09:41.011714,0.017447672268235685,2026-02-02T13:09:40.314197283Z,bellOnInvocation,2026-02-02 13:09:40.326492+00:00,2026-02-02 13:09:40.326605+00:00
0ffd28861a14225f940671ad96e91097,2026-02-02T13:09:41.011714,0.017447672268235685,2026-02-02T13:09:40.314197283Z,bellOnInvocation,2026-02-02 13:09:40.328149+00:00,2026-02-02 13:09:40.328314+00:00
0ffd28861a14225f940671ad96e91097,2026-02-02T13:09:41.011714,0.017447672268235685,2026-02-02T13:09:40.314197283Z,gateDownInvocation,2026-02-02 13:09:40.323947+00:00,2026-02-02 13:09:40.324241+00:00
a77bd554439553e91916e8b12cdc33cf,2026-02-02T13:12:51.065545,0.04911990359468461,2026-02-02T13:12:50.366573309Z,gateDownInvocation,2026-02-02 13:12:50.372437+00:00,2026-02-02 13:12:50.372649+00:00
a77bd554439553e91916e8b12cdc33cf,2026-02-02T13:12:51.065545,0.04911990359468461,2026-02-02T13:12:50.366573309Z,lightOnAction,2026-02-02 13:12:52.373362+00:00,2026-02-02 13:12:52.373499+00:00
a77bd554439553e91916e8b12cdc33cf,2026-02-02T13:12:51.065545,0.04911990359468461,2026-02-02T13:12:50.366573309Z,lightOnAction,2026-02-02 13:12:52.373560+00:00,2026-02-02 13:12:52.373648+00:00
a77bd554439553e91916e8b12cdc33cf,2026-02-02T13:12:51.065545,0.04911990359468461,2026-02-02T13:12:50.366573309Z,bellOnInvocation,2026-02-02 13:12:50.375872+00:00,2026-02-02 13:12:50.376001+00:00
a77bd554439553e91916e8b12cdc33cf,2026-02-02T13:12:51.065545,0.04911990359468461,2026-02-02T13:12:50.366573309Z,bellOnAction,2026-02-02 13:12:52.378087+00:00,2026-02-02 13:12:52.378175+00:00
a77bd554439553e91916e8b12cdc33cf,2026-02-02T13:12:51.065545,0.04911990359468461,2026-02-02T13:12:50.366573309Z,gateDownInvocation,2026-02-02 13:12:50.372218+00:00,2026-02-02 13:12:50.372377+00:00
a77bd554439553e91916e8b12cdc33cf,2026-02-02T13:12:51.065545,0.04911990359468461,2026-02-02T13:12:50.366573309Z,bellOnAction,2026-02-02 13:12:52.376339+00:00,2026-02-02 13:12:52.376407+00:00
a77bd554439553e91916e8b12cdc33cf,2026-02-02T13:12:51.065545,0.04911990359468461,2026-02-02T13:12:50.366573309Z,gateDownAction,2026-02-02 13:12:52.373284+00:00,2026-02-02 13:12:52.373397+00:00
a77bd554439553e91916e8b12cdc33cf,2026-02-02T13:12:51.065545,0.04911990359468461,2026-02-02T13:12:50.366573309Z,gateDownAction,2026-02-02 13:12:52.373787+00:00,2026-02-02 13:12:52.373870+00:00
a77bd554439553e91916e8b12cdc33cf,2026-02-02T13:12:51.065545,0.04911990359468461,2026-02-02T13:12:50.366573309Z,lightOnInvocation,2026-02-02 13:12:50.372351+00:00,2026-02-02 13:12:50.372505+00:00
a77bd554439553e91916e8b12cdc33cf,2026-02-02T13:12:51.065545,0.04911990359468461,2026-02-02T13:12:50.366573309Z,bellOnInvocation,2026-02-02 13:12:50.376603+00:00,2026-02-02 13:12:50.376730+00:00
a77bd554439553e91916e8b12cdc33cf,2026-02-02T13:12:51.065545,0.04911990359468461,2026-02-02T13:12:50.366573309Z,lightOnInvocation,2026-02-02 13:12:50.372466+00:00,2026-02-02 13:12:50.372585+00:00
0d62c37b83f12f94287ed75361cfffd4,2026-02-02T13:12:20.738417,0.04406717898966075,2026-02-02T13:12:20.04729031Z,gateDownInvocation,2026-02-02 13:12:20.055511+00:00,2026-02-02 13:12:20.055894+00:00
0d62c37b83f12f94287ed75361cfffd4,2026-02-02T13:12:20.738417,0.04406717898966075,2026-02-02T13:12:20.04729031Z,lightOnInvocation,2026-02-02 13:12:20.055570+00:00,2026-02-02 13:12:20.055766+00:00
0d62c37b83f12f94287ed75361cfffd4,2026-02-02T13:12:20.738417,0.04406717898966075,2026-02-02T13:12:20.04729031Z,bellOnAction,2026-02-02 13:12:22.060912+00:00,2026-02-02 13:12:22.061010+00:00
0d62c37b83f12f94287ed75361cfffd4,2026-02-02T13:12:20.738417,0.04406717898966075,2026-02-02T13:12:20.04729031Z,lightOnAction,2026-02-02 13:12:22.057307+00:00,2026-02-02 13:12:22.057398+00:00
0d62c37b83f12f94287ed75361cfffd4,2026-02-02T13:12:20.738417,0.04406717898966075,2026-02-02T13:12:20.04729031Z,lightOnInvocation,2026-02-02 13:12:20.057528+00:00,2026-02-02 13:12:20.057720+00:00
0d62c37b83f12f94287ed75361cfffd4,2026-02-02T13:12:20.738417,0.04406717898966075,2026-02-02T13:12:20.04729031Z,bellOnInvocation,2026-02-02 13:12:20.060297+00:00,2026-02-02 13:12:20.060498+00:00
0d62c37b83f12f94287ed75361cfffd4,2026-02-02T13:12:20.738417,0.04406717898966075,2026-02-02T13:12:20.04729031Z,lightOnAction,2026-02-02 13:12:22.059345+00:00,2026-02-02 13:12:22.059448+00:00
0d62c37b83f12f94287ed75361cfffd4,2026-02-02T13:12:20.738417,0.04406717898966075,2026-02-02T13:12:20.04729031Z,gateDownAction,2026-02-02 13:12:22.059296+00:00,2026-02-02 13:12:22.059418+00:00
0d62c37b83f12f94287ed75361cfffd4,2026-02-02T13:12:20.738417,0.04406717898966075,2026-02-02T13:12:20.04729031Z,gateDownAction,2026-02-02 13:12:22.057417+00:00,2026-02-02 13:12:22.057511+00:00
0d62c37b83f12f94287ed75361cfffd4,2026-02-02T13:12:20.738417,0.04406717898966075,2026-02-02T13:12:20.04729031Z,gateDownInvocation,2026-02-02 13:12:20.057400+00:00,2026-02-02 13:12:20.057773+00:00
0d62c37b83f12f94287ed75361cfffd4,2026-02-02T13:12:20.738417,0.04406717898966075,2026-02-02T13:12:20.04729031Z,bellOnInvocation,2026-02-02 13:12:20.059950+00:00,2026-02-02 13:12:20.060133+00:00
0d62c37b83f12f94287ed75361cfffd4,2026-02-02T13:12:20.738417,0.04406717898966075,2026-02-02T13:12:20.04729031Z,bellOnAction,2026-02-02 13:12:22.061860+00:00,2026-02-02 13:12:22.061990+00:00
68a0603c94d09da18036279d20e578a3,2026-02-02T13:09:23.782537,0.014578242396950722,2026-02-02T13:09:23.095769304Z,gateDownInvocation,2026-02-02 13:09:23.099640+00:00,2026-02-02 13:09:23.099704+00:00
68a0603c94d09da18036279d20e578a3,2026-02-02T13:09:23.782537,0.014578242396950722,2026-02-02T13:09:23.095769304Z,lightOnAction,2026-02-02 13:09:25.100230+00:00,2026-02-02 13:09:25.100349+00:00
68a0603c94d09da18036279d20e578a3,2026-02-02T13:09:23.782537,0.014578242396950722,2026-02-02T13:09:23.095769304Z,lightOnInvocation,2026-02-02 13:09:23.099516+00:00,2026-02-02 13:09:23.099582+00:00
68a0603c94d09da18036279d20e578a3,2026-02-02T13:09:23.782537,0.014578242396950722,2026-02-02T13:09:23.095769304Z,gateDownAction,2026-02-02 13:09:25.099344+00:00,2026-02-02 13:09:25.099429+00:00
68a0603c94d09da18036279d20e578a3,2026-02-02T13:09:23.782537,0.014578242396950722,2026-02-02T13:09:23.095769304Z,gateDownAction,2026-02-02 13:09:25.099548+00:00,2026-02-02 13:09:25.099659+00:00
68a0603c94d09da18036279d20e578a3,2026-02-02T13:09:23.782537,0.014578242396950722,2026-02-02T13:09:23.095769304Z,bellOnAction,2026-02-02 13:09:25.102868+00:00,2026-02-02 13:09:25.102989+00:00
68a0603c94d09da18036279d20e578a3,2026-02-02T13:09:23.782537,0.014578242396950722,2026-02-02T13:09:23.095769304Z,bellOnInvocation,2026-02-02 13:09:23.102054+00:00,2026-02-02 13:09:23.102114+00:00
68a0603c94d09da18036279d20e578a3,2026-02-02T13:09:23.782537,0.014578242396950722,2026-02-02T13:09:23.095769304Z,lightOnInvocation,2026-02-02 13:09:23.099595+00:00,2026-02-02 13:09:23.099655+00:00
68a0603c94d09da18036279d20e578a3,2026-02-02T13:09:23.782537,0.014578242396950722,2026-02-02T13:09:23.095769304Z,bellOnInvocation,2026-02-02 13:09:23.101230+00:00,2026-02-02 13:09:23.101287+00:00
68a0603c94d09da18036279d20e578a3,2026-02-02T13:09:23.782537,0.014578242396950722,2026-02-02T13:09:23.095769304Z,gateDownInvocation,2026-02-02 13:09:23.099554+00:00,2026-02-02 13:09:23.099639+00:00
68a0603c94d09da18036279d20e578a3,2026-02-02T13:09:23.782537,0.014578242396950722,2026-02-02T13:09:23.095769304Z,bellOnAction,2026-02-02 13:09:25.102188+00:00,2026-02-02 13:09:25.102259+00:00
68a0603c94d09da18036279d20e578a3,2026-02-02T13:09:23.782537,0.014578242396950722,2026-02-02T13:09:23.095769304Z,lightOnAction,2026-02-02 13:09:25.100030+00:00,2026-02-02 13:09:25.100151+00:00
62998c8fa7f77e624a4208689cec4d32,2026-02-02T13:17:28.801892,0.0954140333381176,2026-02-02T13:17:28.159409669Z,gateDownInvocation,2026-02-02 13:17:28.169375+00:00,2026-02-02 13:17:28.169655+00:00
62998c8fa7f77e624a4208689cec4d32,2026-02-02T13:17:28.801892,0.0954140333381176,2026-02-02T13:17:28.159409669Z,gateDownInvocation,2026-02-02 13:17:28.171319+00:00,2026-02-02 13:17:28.171572+00:00
62998c8fa7f77e624a4208689cec4d32,2026-02-02T13:17:28.801892,0.0954140333381176,2026-02-02T13:17:28.159409669Z,lightOnAction,2026-02-02 13:17:30.173745+00:00,2026-02-02 13:17:30.173831+00:00
62998c8fa7f77e624a4208689cec4d32,2026-02-02T13:17:28.801892,0.0954140333381176,2026-02-02T13:17:28.159409669Z,lightOnInvocation,2026-02-02 13:17:28.167338+00:00,2026-02-02 13:17:28.168781+00:00
62998c8fa7f77e624a4208689cec4d32,2026-02-02T13:17:28.801892,0.0954140333381176,2026-02-02T13:17:28.159409669Z,bellOnAction,2026-02-02 13:17:30.175588+00:00,2026-02-02 13:17:30.175657+00:00
62998c8fa7f77e624a4208689cec4d32,2026-02-02T13:17:28.801892,0.0954140333381176,2026-02-02T13:17:28.159409669Z,lightOnAction,2026-02-02 13:17:30.171028+00:00,2026-02-02 13:17:30.171115+00:00
62998c8fa7f77e624a4208689cec4d32,2026-02-02T13:17:28.801892,0.0954140333381176,2026-02-02T13:17:28.159409669Z,gateDownAction,2026-02-02 13:17:30.170310+00:00,2026-02-02 13:17:30.170394+00:00
62998c8fa7f77e624a4208689cec4d32,2026-02-02T13:17:28.801892,0.0954140333381176,2026-02-02T13:17:28.159409669Z,bellOnInvocation,2026-02-02 13:17:28.174102+00:00,2026-02-02 13:17:28.174177+00:00
62998c8fa7f77e624a4208689cec4d32,2026-02-02T13:17:28.801892,0.0954140333381176,2026-02-02T13:17:28.159409669Z,lightOnInvocation,2026-02-02 13:17:28.168788+00:00,2026-02-02 13:17:28.169096+00:00
62998c8fa7f77e624a4208689cec4d32,2026-02-02T13:17:28.801892,0.0954140333381176,2026-02-02T13:17:28.159409669Z,bellOnInvocation,2026-02-02 13:17:28.175272+00:00,2026-02-02 13:17:28.175368+00:00
62998c8fa7f77e624a4208689cec4d32,2026-02-02T13:17:28.801892,0.0954140333381176,2026-02-02T13:17:28.159409669Z,bellOnAction,2026-02-02 13:17:30.174170+00:00,2026-02-02 13:17:30.174227+00:00
62998c8fa7f77e624a4208689cec4d32,2026-02-02T13:17:28.801892,0.0954140333381176,2026-02-02T13:17:28.159409669Z,gateDownAction,2026-02-02 13:17:30.172662+00:00,2026-02-02 13:17:30.172744+00:00
21bb4d1ed4c87cef6b693cef06fc55af,2026-02-02T13:10:28.458288,0.025523232446789744,2026-02-02T13:10:28.772713338Z,bellOffInvocation,2026-02-02 13:10:28.817486+00:00,2026-02-02 13:10:28.817601+00:00
21bb4d1ed4c87cef6b693cef06fc55af,2026-02-02T13:10:28.458288,0.025523232446789744,2026-02-02T13:10:28.772713338Z,lightOffInvocation,2026-02-02 13:10:28.807403+00:00,2026-02-02 13:10:28.807581+00:00
21bb4d1ed4c87cef6b693cef06fc55af,2026-02-02T13:10:28.458288,0.025523232446789744,2026-02-02T13:10:28.772713338Z,gateUpInvocation,2026-02-02 13:10:28.791868+00:00,2026-02-02 13:10:28.791932+00:00
21bb4d1ed4c87cef6b693cef06fc55af,2026-02-02T13:10:28.458288,0.025523232446789744,2026-02-02T13:10:28.772713338Z,lightOffInvocation,2026-02-02 13:10:28.794730+00:00,2026-02-02 13:10:28.798026+00:00
21bb4d1ed4c87cef6b693cef06fc55af,2026-02-02T13:10:28.458288,0.025523232446789744,2026-02-02T13:10:28.772713338Z,gateUpInvocation,2026-02-02 13:10:28.803175+00:00,2026-02-02 13:10:28.803229+00:00
21bb4d1ed4c87cef6b693cef06fc55af,2026-02-02T13:10:28.458288,0.025523232446789744,2026-02-02T13:10:28.772713338Z,bellOffInvocation,2026-02-02 13:10:28.817560+00:00,2026-02-02 13:10:28.817662+00:00
65f490e0ef99f8a4e23a81e64f73220d,2026-02-02T13:13:21.410033,0.05417986598312856,2026-02-02T13:13:20.729388748Z,lightOnInvocation,2026-02-02 13:13:20.736794+00:00,2026-02-02 13:13:20.736914+00:00
65f490e0ef99f8a4e23a81e64f73220d,2026-02-02T13:13:21.410033,0.05417986598312856,2026-02-02T13:13:20.729388748Z,gateDownInvocation,2026-02-02 13:13:20.736611+00:00,2026-02-02 13:13:20.736915+00:00
65f490e0ef99f8a4e23a81e64f73220d,2026-02-02T13:13:21.410033,0.05417986598312856,2026-02-02T13:13:20.729388748Z,lightOnAction,2026-02-02 13:13:22.737265+00:00,2026-02-02 13:13:22.737377+00:00
65f490e0ef99f8a4e23a81e64f73220d,2026-02-02T13:13:21.410033,0.05417986598312856,2026-02-02T13:13:20.729388748Z,gateDownAction,2026-02-02 13:13:22.738282+00:00,2026-02-02 13:13:22.738368+00:00
65f490e0ef99f8a4e23a81e64f73220d,2026-02-02T13:13:21.410033,0.05417986598312856,2026-02-02T13:13:20.729388748Z,gateDownAction,2026-02-02 13:13:22.739252+00:00,2026-02-02 13:13:22.739342+00:00
65f490e0ef99f8a4e23a81e64f73220d,2026-02-02T13:13:21.410033,0.05417986598312856,2026-02-02T13:13:20.729388748Z,bellOnAction,2026-02-02 13:13:22.740293+00:00,2026-02-02 13:13:22.740361+00:00
65f490e0ef99f8a4e23a81e64f73220d,2026-02-02T13:13:21.410033,0.05417986598312856,2026-02-02T13:13:20.729388748Z,bellOnInvocation,2026-02-02 13:13:20.738858+00:00,2026-02-02 13:13:20.738992+00:00
65f490e0ef99f8a4e23a81e64f73220d,2026-02-02T13:13:21.410033,0.05417986598312856,2026-02-02T13:13:20.729388748Z,bellOnAction,2026-02-02 13:13:22.739887+00:00,2026-02-02 13:13:22.739993+00:00
65f490e0ef99f8a4e23a81e64f73220d,2026-02-02T13:13:21.410033,0.05417986598312856,2026-02-02T13:13:20.729388748Z,lightOnInvocation,2026-02-02 13:13:20.735553+00:00,2026-02-02 13:13:20.735688+00:00
65f490e0ef99f8a4e23a81e64f73220d,2026-02-02T13:13:21.410033,0.05417986598312856,2026-02-02T13:13:20.729388748Z,gateDownInvocation,2026-02-02 13:13:20.737923+00:00,2026-02-02 13:13:20.738082+00:00
65f490e0ef99f8a4e23a81e64f73220d,2026-02-02T13:13:21.410033,0.05417986598312856,2026-02-02T13:13:20.729388748Z,lightOnAction,2026-02-02 13:13:22.737736+00:00,2026-02-02 13:13:22.737816+00:00
65f490e0ef99f8a4e23a81e64f73220d,2026-02-02T13:13:21.410033,0.05417986598312856,2026-02-02T13:13:20.729388748Z,bellOnInvocation,2026-02-02 13:13:20.738502+00:00,2026-02-02 13:13:20.738620+00:00
518b31a89c03eed03041d054eab84509,2026-02-02T13:17:20.087534,0.09395855614788533,2026-02-02T13:17:19.425663163Z,bellOnInvocation,2026-02-02 13:17:19.443500+00:00,2026-02-02 13:17:19.443708+00:00
518b31a89c03eed03041d054eab84509,2026-02-02T13:17:20.087534,0.09395855614788533,2026-02-02T13:17:19.425663163Z,bellOnInvocation,2026-02-02 13:17:19.442113+00:00,2026-02-02 13:17:19.442206+00:00
518b31a89c03eed03041d054eab84509,2026-02-02T13:17:20.087534,0.09395855614788533,2026-02-02T13:17:19.425663163Z,bellOnAction,2026-02-02 13:17:21.443195+00:00,2026-02-02 13:17:21.443270+00:00
518b31a89c03eed03041d054eab84509,2026-02-02T13:17:20.087534,0.09395855614788533,2026-02-02T13:17:19.425663163Z,gateDownInvocation,2026-02-02 13:17:19.438352+00:00,2026-02-02 13:17:19.438830+00:00
518b31a89c03eed03041d054eab84509,2026-02-02T13:17:20.087534,0.09395855614788533,2026-02-02T13:17:19.425663163Z,lightOnAction,2026-02-02 13:17:21.438885+00:00,2026-02-02 13:17:21.439013+00:00
518b31a89c03eed03041d054eab84509,2026-02-02T13:17:20.087534,0.09395855614788533,2026-02-02T13:17:19.425663163Z,gateDownAction,2026-02-02 13:17:21.440449+00:00,2026-02-02 13:17:21.440538+00:00
518b31a89c03eed03041d054eab84509,2026-02-02T13:17:20.087534,0.09395855614788533,2026-02-02T13:17:19.425663163Z,gateDownAction,2026-02-02 13:17:21.440602+00:00,2026-02-02 13:17:21.440688+00:00
518b31a89c03eed03041d054eab84509,2026-02-02T13:17:20.087534,0.09395855614788533,2026-02-02T13:17:19.425663163Z,lightOnInvocation,2026-02-02 13:17:19.438414+00:00,2026-02-02 13:17:19.438706+00:00
518b31a89c03eed03041d054eab84509,2026-02-02T13:17:20.087534,0.09395855614788533,2026-02-02T13:17:19.425663163Z,lightOnAction,2026-02-02 13:17:21.439555+00:00,2026-02-02 13:17:21.439640+00:00
518b31a89c03eed03041d054eab84509,2026-02-02T13:17:20.087534,0.09395855614788533,2026-02-02T13:17:19.425663163Z,gateDownInvocation,2026-02-02 13:17:19.434004+00:00,2026-02-02 13:17:19.436635+00:00
518b31a89c03eed03041d054eab84509,2026-02-02T13:17:20.087534,0.09395855614788533,2026-02-02T13:17:19.425663163Z,bellOnAction,2026-02-02 13:17:21.444699+00:00,2026-02-02 13:17:21.444768+00:00
518b31a89c03eed03041d054eab84509,2026-02-02T13:17:20.087534,0.09395855614788533,2026-02-02T13:17:19.425663163Z,lightOnInvocation,2026-02-02 13:17:19.437228+00:00,2026-02-02 13:17:19.437419+00:00
6a4f00e1b6c35b86e0403094cf03c7ff,2026-02-02T13:12:07.764431,0.04207537006071806,2026-02-02T13:12:08.095381722Z,bellOffInvocation,2026-02-02 13:12:08.113560+00:00,2026-02-02 13:12:08.113663+00:00
6a4f00e1b6c35b86e0403094cf03c7ff,2026-02-02T13:12:07.764431,0.04207537006071806,2026-02-02T13:12:08.095381722Z,bellOffInvocation,2026-02-02 13:12:08.113719+00:00,2026-02-02 13:12:08.113839+00:00
6a4f00e1b6c35b86e0403094cf03c7ff,2026-02-02T13:12:07.764431,0.04207537006071806,2026-02-02T13:12:08.095381722Z,lightOffInvocation,2026-02-02 13:12:08.111870+00:00,2026-02-02 13:12:08.111900+00:00
6a4f00e1b6c35b86e0403094cf03c7ff,2026-02-02T13:12:07.764431,0.04207537006071806,2026-02-02T13:12:08.095381722Z,gateUpInvocation,2026-02-02 13:12:08.110320+00:00,2026-02-02 13:12:08.110448+00:00
6a4f00e1b6c35b86e0403094cf03c7ff,2026-02-02T13:12:07.764431,0.04207537006071806,2026-02-02T13:12:08.095381722Z,lightOffInvocation,2026-02-02 13:12:08.105356+00:00,2026-02-02 13:12:08.106012+00:00
6a4f00e1b6c35b86e0403094cf03c7ff,2026-02-02T13:12:07.764431,0.04207537006071806,2026-02-02T13:12:08.095381722Z,gateUpInvocation,2026-02-02 13:12:08.110762+00:00,2026-02-02 13:12:08.110813+00:00
1d2fd37f0c37b00081e13b206340abb2,2026-02-02T13:09:36.701985,0.01673152907394171,2026-02-02T13:09:36.016887196Z,bellOnInvocation,2026-02-02 13:09:36.026975+00:00,2026-02-02 13:09:36.027099+00:00
1d2fd37f0c37b00081e13b206340abb2,2026-02-02T13:09:36.701985,0.01673152907394171,2026-02-02T13:09:36.016887196Z,lightOnInvocation,2026-02-02 13:09:36.024529+00:00,2026-02-02 13:09:36.024722+00:00
1d2fd37f0c37b00081e13b206340abb2,2026-02-02T13:09:36.701985,0.01673152907394171,2026-02-02T13:09:36.016887196Z,gateDownAction,2026-02-02 13:09:38.025289+00:00,2026-02-02 13:09:38.025415+00:00
1d2fd37f0c37b00081e13b206340abb2,2026-02-02T13:09:36.701985,0.01673152907394171,2026-02-02T13:09:36.016887196Z,lightOnInvocation,2026-02-02 13:09:36.023406+00:00,2026-02-02 13:09:36.023561+00:00
1d2fd37f0c37b00081e13b206340abb2,2026-02-02T13:09:36.701985,0.01673152907394171,2026-02-02T13:09:36.016887196Z,gateDownInvocation,2026-02-02 13:09:36.024273+00:00,2026-02-02 13:09:36.024576+00:00
1d2fd37f0c37b00081e13b206340abb2,2026-02-02T13:09:36.701985,0.01673152907394171,2026-02-02T13:09:36.016887196Z,bellOnAction,2026-02-02 13:09:38.028249+00:00,2026-02-02 13:09:38.028318+00:00
1d2fd37f0c37b00081e13b206340abb2,2026-02-02T13:09:36.701985,0.01673152907394171,2026-02-02T13:09:36.016887196Z,bellOnAction,2026-02-02 13:09:38.030724+00:00,2026-02-02 13:09:38.030790+00:00
1d2fd37f0c37b00081e13b206340abb2,2026-02-02T13:09:36.701985,0.01673152907394171,2026-02-02T13:09:36.016887196Z,gateDownInvocation,2026-02-02 13:09:36.023218+00:00,2026-02-02 13:09:36.023532+00:00
1d2fd37f0c37b00081e13b206340abb2,2026-02-02T13:09:36.701985,0.01673152907394171,2026-02-02T13:09:36.016887196Z,gateDownAction,2026-02-02 13:09:38.025602+00:00,2026-02-02 13:09:38.025724+00:00
1d2fd37f0c37b00081e13b206340abb2,2026-02-02T13:09:36.701985,0.01673152907394171,2026-02-02T13:09:36.016887196Z,lightOnAction,2026-02-02 13:09:38.025821+00:00,2026-02-02 13:09:38.025967+00:00
1d2fd37f0c37b00081e13b206340abb2,2026-02-02T13:09:36.701985,0.01673152907394171,2026-02-02T13:09:36.016887196Z,bellOnInvocation,2026-02-02 13:09:36.029391+00:00,2026-02-02 13:09:36.029568+00:00
1d2fd37f0c37b00081e13b206340abb2,2026-02-02T13:09:36.701985,0.01673152907394171,2026-02-02T13:09:36.016887196Z,lightOnAction,2026-02-02 13:09:38.025211+00:00,2026-02-02 13:09:38.025307+00:00
edcb4719521cc33e5e311d11c126dd89,2026-02-02T13:14:43.780630,0.06790529736047983,2026-02-02T13:14:43.090129098Z,bellOnAction,2026-02-02 13:14:45.094176+00:00,2026-02-02 13:14:45.094190+00:00
edcb4719521cc33e5e311d11c126dd89,2026-02-02T13:14:43.780630,0.06790529736047983,2026-02-02T13:14:43.090129098Z,gateDownAction,2026-02-02 13:14:45.093975+00:00,2026-02-02 13:14:45.094029+00:00
edcb4719521cc33e5e311d11c126dd89,2026-02-02T13:14:43.780630,0.06790529736047983,2026-02-02T13:14:43.090129098Z,lightOnInvocation,2026-02-02 13:14:43.093131+00:00,2026-02-02 13:14:43.093190+00:00
edcb4719521cc33e5e311d11c126dd89,2026-02-02T13:14:43.780630,0.06790529736047983,2026-02-02T13:14:43.090129098Z,bellOnAction,2026-02-02 13:14:45.094224+00:00,2026-02-02 13:14:45.094267+00:00
edcb4719521cc33e5e311d11c126dd89,2026-02-02T13:14:43.780630,0.06790529736047983,2026-02-02T13:14:43.090129098Z,lightOnAction,2026-02-02 13:14:45.093992+00:00,2026-02-02 13:14:45.094050+00:00
edcb4719521cc33e5e311d11c126dd89,2026-02-02T13:14:43.780630,0.06790529736047983,2026-02-02T13:14:43.090129098Z,bellOnInvocation,2026-02-02 13:14:43.093600+00:00,2026-02-02 13:14:43.093657+00:00
edcb4719521cc33e5e311d11c126dd89,2026-02-02T13:14:43.780630,0.06790529736047983,2026-02-02T13:14:43.090129098Z,lightOnAction,2026-02-02 13:14:45.093532+00:00,2026-02-02 13:14:45.093578+00:00
edcb4719521cc33e5e311d11c126dd89,2026-02-02T13:14:43.780630,0.06790529736047983,2026-02-02T13:14:43.090129098Z,lightOnInvocation,2026-02-02 13:14:43.092801+00:00,2026-02-02 13:14:43.092847+00:00
edcb4719521cc33e5e311d11c126dd89,2026-02-02T13:14:43.780630,0.06790529736047983,2026-02-02T13:14:43.090129098Z,bellOnInvocation,2026-02-02 13:14:43.093961+00:00,2026-02-02 13:14:43.094029+00:00
edcb4719521cc33e5e311d11c126dd89,2026-02-02T13:14:43.780630,0.06790529736047983,2026-02-02T13:14:43.090129098Z,gateDownInvocation,2026-02-02 13:14:43.093071+00:00,2026-02-02 13:14:43.093156+00:00
edcb4719521cc33e5e311d11c126dd89,2026-02-02T13:14:43.780630,0.06790529736047983,2026-02-02T13:14:43.090129098Z,gateDownInvocation,2026-02-02 13:14:43.092761+00:00,2026-02-02 13:14:43.092848+00:00
edcb4719521cc33e5e311d11c126dd89,2026-02-02T13:14:43.780630,0.06790529736047983,2026-02-02T13:14:43.090129098Z,gateDownAction,2026-02-02 13:14:45.093900+00:00,2026-02-02 13:14:45.093948+00:00
8227c1d2031759b76ed40bc7ffcead07,2026-02-02T13:08:27.799356,0.005247171646273137,2026-02-02T13:08:27.103798256Z,lightOnAction,2026-02-02 13:08:29.119505+00:00,2026-02-02 13:08:29.119638+00:00
8227c1d2031759b76ed40bc7ffcead07,2026-02-02T13:08:27.799356,0.005247171646273137,2026-02-02T13:08:27.103798256Z,gateDownAction,2026-02-02 13:08:29.123619+00:00,2026-02-02 13:08:29.123664+00:00
8227c1d2031759b76ed40bc7ffcead07,2026-02-02T13:08:27.799356,0.005247171646273137,2026-02-02T13:08:27.103798256Z,bellOnAction,2026-02-02 13:08:29.124484+00:00,2026-02-02 13:08:29.124529+00:00
8227c1d2031759b76ed40bc7ffcead07,2026-02-02T13:08:27.799356,0.005247171646273137,2026-02-02T13:08:27.103798256Z,bellOnInvocation,2026-02-02 13:08:27.127536+00:00,2026-02-02 13:08:27.127593+00:00
8227c1d2031759b76ed40bc7ffcead07,2026-02-02T13:08:27.799356,0.005247171646273137,2026-02-02T13:08:27.103798256Z,lightOnAction,2026-02-02 13:08:29.118741+00:00,2026-02-02 13:08:29.118877+00:00
8227c1d2031759b76ed40bc7ffcead07,2026-02-02T13:08:27.799356,0.005247171646273137,2026-02-02T13:08:27.103798256Z,lightOnInvocation,2026-02-02 13:08:27.112621+00:00,2026-02-02 13:08:27.112690+00:00
8227c1d2031759b76ed40bc7ffcead07,2026-02-02T13:08:27.799356,0.005247171646273137,2026-02-02T13:08:27.103798256Z,gateDownAction,2026-02-02 13:08:29.118837+00:00,2026-02-02 13:08:29.118930+00:00
8227c1d2031759b76ed40bc7ffcead07,2026-02-02T13:08:27.799356,0.005247171646273137,2026-02-02T13:08:27.103798256Z,lightOnInvocation,2026-02-02 13:08:27.116929+00:00,2026-02-02 13:08:27.117003+00:00
8227c1d2031759b76ed40bc7ffcead07,2026-02-02T13:08:27.799356,0.005247171646273137,2026-02-02T13:08:27.103798256Z,bellOnAction,2026-02-02 13:08:29.128253+00:00,2026-02-02 13:08:29.128342+00:00
8227c1d2031759b76ed40bc7ffcead07,2026-02-02T13:08:27.799356,0.005247171646273137,2026-02-02T13:08:27.103798256Z,gateDownInvocation,2026-02-02 13:08:27.118621+00:00,2026-02-02 13:08:27.118728+00:00
8227c1d2031759b76ed40bc7ffcead07,2026-02-02T13:08:27.799356,0.005247171646273137,2026-02-02T13:08:27.103798256Z,bellOnInvocation,2026-02-02 13:08:27.123636+00:00,2026-02-02 13:08:27.123728+00:00
8227c1d2031759b76ed40bc7ffcead07,2026-02-02T13:08:27.799356,0.005247171646273137,2026-02-02T13:08:27.103798256Z,gateDownInvocation,2026-02-02 13:08:27.115022+00:00,2026-02-02 13:08:27.115140+00:00
36c2185ca3ef893fcf879b8f49f81642,2026-02-02T13:11:11.627417,0.032716307556247715,2026-02-02T13:11:11.935027943Z,bellOffInvocation,2026-02-02 13:11:11.939717+00:00,2026-02-02 13:11:11.939759+00:00
36c2185ca3ef893fcf879b8f49f81642,2026-02-02T13:11:11.627417,0.032716307556247715,2026-02-02T13:11:11.935027943Z,gateUpInvocation,2026-02-02 13:11:11.938927+00:00,2026-02-02 13:11:11.938982+00:00
36c2185ca3ef893fcf879b8f49f81642,2026-02-02T13:11:11.627417,0.032716307556247715,2026-02-02T13:11:11.935027943Z,lightOffInvocation,2026-02-02 13:11:11.938998+00:00,2026-02-02 13:11:11.939066+00:00
36c2185ca3ef893fcf879b8f49f81642,2026-02-02T13:11:11.627417,0.032716307556247715,2026-02-02T13:11:11.935027943Z,gateUpInvocation,2026-02-02 13:11:11.938902+00:00,2026-02-02 13:11:11.938945+00:00
36c2185ca3ef893fcf879b8f49f81642,2026-02-02T13:11:11.627417,0.032716307556247715,2026-02-02T13:11:11.935027943Z,lightOffInvocation,2026-02-02 13:11:11.940469+00:00,2026-02-02 13:11:11.940505+00:00
36c2185ca3ef893fcf879b8f49f81642,2026-02-02T13:11:11.627417,0.032716307556247715,2026-02-02T13:11:11.935027943Z,bellOffInvocation,2026-02-02 13:11:11.939766+00:00,2026-02-02 13:11:11.939796+00:00
4325d7c724e61d9706307ef98114ce65,2026-02-02T13:17:11.390209,0.09250608237375021,2026-02-02T13:17:10.709753505Z,bellOnInvocation,2026-02-02 13:17:10.722073+00:00,2026-02-02 13:17:10.722171+00:00
4325d7c724e61d9706307ef98114ce65,2026-02-02T13:17:11.390209,0.09250608237375021,2026-02-02T13:17:10.709753505Z,lightOnAction,2026-02-02 13:17:12.720831+00:00,2026-02-02 13:17:12.720920+00:00
4325d7c724e61d9706307ef98114ce65,2026-02-02T13:17:11.390209,0.09250608237375021,2026-02-02T13:17:10.709753505Z,lightOnAction,2026-02-02 13:17:12.720837+00:00,2026-02-02 13:17:12.720978+00:00
4325d7c724e61d9706307ef98114ce65,2026-02-02T13:17:11.390209,0.09250608237375021,2026-02-02T13:17:10.709753505Z,lightOnInvocation,2026-02-02 13:17:10.719025+00:00,2026-02-02 13:17:10.719303+00:00
4325d7c724e61d9706307ef98114ce65,2026-02-02T13:17:11.390209,0.09250608237375021,2026-02-02T13:17:10.709753505Z,bellOnInvocation,2026-02-02 13:17:10.723445+00:00,2026-02-02 13:17:10.723532+00:00
4325d7c724e61d9706307ef98114ce65,2026-02-02T13:17:11.390209,0.09250608237375021,2026-02-02T13:17:10.709753505Z,bellOnAction,2026-02-02 13:17:12.724176+00:00,2026-02-02 13:17:12.724264+00:00
4325d7c724e61d9706307ef98114ce65,2026-02-02T13:17:11.390209,0.09250608237375021,2026-02-02T13:17:10.709753505Z,gateDownAction,2026-02-02 13:17:12.723254+00:00,2026-02-02 13:17:12.723326+00:00
4325d7c724e61d9706307ef98114ce65,2026-02-02T13:17:11.390209,0.09250608237375021,2026-02-02T13:17:10.709753505Z,gateDownAction,2026-02-02 13:17:12.720933+00:00,2026-02-02 13:17:12.721038+00:00
4325d7c724e61d9706307ef98114ce65,2026-02-02T13:17:11.390209,0.09250608237375021,2026-02-02T13:17:10.709753505Z,gateDownInvocation,2026-02-02 13:17:10.719535+00:00,2026-02-02 13:17:10.719894+00:00
4325d7c724e61d9706307ef98114ce65,2026-02-02T13:17:11.390209,0.09250608237375021,2026-02-02T13:17:10.709753505Z,bellOnAction,2026-02-02 13:17:12.722539+00:00,2026-02-02 13:17:12.722625+00:00
4325d7c724e61d9706307ef98114ce65,2026-02-02T13:17:11.390209,0.09250608237375021,2026-02-02T13:17:10.709753505Z,gateDownInvocation,2026-02-02 13:17:10.720695+00:00,2026-02-02 13:17:10.721038+00:00
4325d7c724e61d9706307ef98114ce65,2026-02-02T13:17:11.390209,0.09250608237375021,2026-02-02T13:17:10.709753505Z,lightOnInvocation,2026-02-02 13:17:10.719560+00:00,2026-02-02 13:17:10.719744+00:00
5f4b5d4c3e12ebdd6b8b0c4eb536740c,2026-02-02T13:08:06.279379,0.0016605109444379808,2026-02-02T13:08:05.581721244Z,bellOnAction,2026-02-02 13:08:07.598505+00:00,2026-02-02 13:08:07.598578+00:00
5f4b5d4c3e12ebdd6b8b0c4eb536740c,2026-02-02T13:08:06.279379,0.0016605109444379808,2026-02-02T13:08:05.581721244Z,gateDownAction,2026-02-02 13:08:07.594841+00:00,2026-02-02 13:08:07.594990+00:00
5f4b5d4c3e12ebdd6b8b0c4eb536740c,2026-02-02T13:08:06.279379,0.0016605109444379808,2026-02-02T13:08:05.581721244Z,bellOnInvocation,2026-02-02 13:08:05.598440+00:00,2026-02-02 13:08:05.598509+00:00
5f4b5d4c3e12ebdd6b8b0c4eb536740c,2026-02-02T13:08:06.279379,0.0016605109444379808,2026-02-02T13:08:05.581721244Z,bellOnInvocation,2026-02-02 13:08:05.598821+00:00,2026-02-02 13:08:05.598911+00:00
5f4b5d4c3e12ebdd6b8b0c4eb536740c,2026-02-02T13:08:06.279379,0.0016605109444379808,2026-02-02T13:08:05.581721244Z,lightOnAction,2026-02-02 13:08:07.600813+00:00,2026-02-02 13:08:07.600906+00:00
5f4b5d4c3e12ebdd6b8b0c4eb536740c,2026-02-02T13:08:06.279379,0.0016605109444379808,2026-02-02T13:08:05.581721244Z,lightOnInvocation,2026-02-02 13:08:05.595645+00:00,2026-02-02 13:08:05.595729+00:00
5f4b5d4c3e12ebdd6b8b0c4eb536740c,2026-02-02T13:08:06.279379,0.0016605109444379808,2026-02-02T13:08:05.581721244Z,gateDownAction,2026-02-02 13:08:07.599728+00:00,2026-02-02 13:08:07.599847+00:00
5f4b5d4c3e12ebdd6b8b0c4eb536740c,2026-02-02T13:08:06.279379,0.0016605109444379808,2026-02-02T13:08:05.581721244Z,gateDownInvocation,2026-02-02 13:08:05.598725+00:00,2026-02-02 13:08:05.598860+00:00
5f4b5d4c3e12ebdd6b8b0c4eb536740c,2026-02-02T13:08:06.279379,0.0016605109444379808,2026-02-02T13:08:05.581721244Z,gateDownInvocation,2026-02-02 13:08:05.594105+00:00,2026-02-02 13:08:05.594288+00:00
5f4b5d4c3e12ebdd6b8b0c4eb536740c,2026-02-02T13:08:06.279379,0.0016605109444379808,2026-02-02T13:08:05.581721244Z,lightOnAction,2026-02-02 13:08:07.596724+00:00,2026-02-02 13:08:07.596878+00:00
5f4b5d4c3e12ebdd6b8b0c4eb536740c,2026-02-02T13:08:06.279379,0.0016605109444379808,2026-02-02T13:08:05.581721244Z,bellOnAction,2026-02-02 13:08:07.599631+00:00,2026-02-02 13:08:07.599757+00:00
5f4b5d4c3e12ebdd6b8b0c4eb536740c,2026-02-02T13:08:06.279379,0.0016605109444379808,2026-02-02T13:08:05.581721244Z,lightOnInvocation,2026-02-02 13:08:05.599816+00:00,2026-02-02 13:08:05.599961+00:00
739fcda60c06360d7962bf1d04738371,2026-02-02T13:08:23.494266,0.004529256106305122,2026-02-02T13:08:22.795915218Z,bellOnAction,2026-02-02 13:08:24.825343+00:00,2026-02-02 13:08:24.825410+00:00
739fcda60c06360d7962bf1d04738371,2026-02-02T13:08:23.494266,0.004529256106305122,2026-02-02T13:08:22.795915218Z,bellOnAction,2026-02-02 13:08:24.818786+00:00,2026-02-02 13:08:24.818854+00:00
739fcda60c06360d7962bf1d04738371,2026-02-02T13:08:23.494266,0.004529256106305122,2026-02-02T13:08:22.795915218Z,lightOnInvocation,2026-02-02 13:08:22.813648+00:00,2026-02-02 13:08:22.813898+00:00
739fcda60c06360d7962bf1d04738371,2026-02-02T13:08:23.494266,0.004529256106305122,2026-02-02T13:08:22.795915218Z,gateDownAction,2026-02-02 13:08:24.821840+00:00,2026-02-02 13:08:24.821961+00:00
739fcda60c06360d7962bf1d04738371,2026-02-02T13:08:23.494266,0.004529256106305122,2026-02-02T13:08:22.795915218Z,lightOnAction,2026-02-02 13:08:24.813240+00:00,2026-02-02 13:08:24.813330+00:00
739fcda60c06360d7962bf1d04738371,2026-02-02T13:08:23.494266,0.004529256106305122,2026-02-02T13:08:22.795915218Z,lightOnAction,2026-02-02 13:08:24.814570+00:00,2026-02-02 13:08:24.814690+00:00
739fcda60c06360d7962bf1d04738371,2026-02-02T13:08:23.494266,0.004529256106305122,2026-02-02T13:08:22.795915218Z,gateDownAction,2026-02-02 13:08:24.816278+00:00,2026-02-02 13:08:24.816363+00:00
739fcda60c06360d7962bf1d04738371,2026-02-02T13:08:23.494266,0.004529256106305122,2026-02-02T13:08:22.795915218Z,gateDownInvocation,2026-02-02 13:08:22.818339+00:00,2026-02-02 13:08:22.819745+00:00
739fcda60c06360d7962bf1d04738371,2026-02-02T13:08:23.494266,0.004529256106305122,2026-02-02T13:08:22.795915218Z,gateDownInvocation,2026-02-02 13:08:22.814179+00:00,2026-02-02 13:08:22.814518+00:00
739fcda60c06360d7962bf1d04738371,2026-02-02T13:08:23.494266,0.004529256106305122,2026-02-02T13:08:22.795915218Z,lightOnInvocation,2026-02-02 13:08:22.811175+00:00,2026-02-02 13:08:22.811378+00:00
739fcda60c06360d7962bf1d04738371,2026-02-02T13:08:23.494266,0.004529256106305122,2026-02-02T13:08:22.795915218Z,bellOnInvocation,2026-02-02 13:08:22.823415+00:00,2026-02-02 13:08:22.823561+00:00
739fcda60c06360d7962bf1d04738371,2026-02-02T13:08:23.494266,0.004529256106305122,2026-02-02T13:08:22.795915218Z,bellOnInvocation,2026-02-02 13:08:22.817260+00:00,2026-02-02 13:08:22.817469+00:00
1c102a247e1056c86a3542ca374cdc52,2026-02-02T13:09:49.645560,0.01888831832587719,2026-02-02T13:09:48.958961341Z,bellOnAction,2026-02-02 13:09:50.977301+00:00,2026-02-02 13:09:50.977369+00:00
1c102a247e1056c86a3542ca374cdc52,2026-02-02T13:09:49.645560,0.01888831832587719,2026-02-02T13:09:48.958961341Z,bellOnAction,2026-02-02 13:09:50.975811+00:00,2026-02-02 13:09:50.975881+00:00
1c102a247e1056c86a3542ca374cdc52,2026-02-02T13:09:49.645560,0.01888831832587719,2026-02-02T13:09:48.958961341Z,bellOnInvocation,2026-02-02 13:09:48.976539+00:00,2026-02-02 13:09:48.976651+00:00
1c102a247e1056c86a3542ca374cdc52,2026-02-02T13:09:49.645560,0.01888831832587719,2026-02-02T13:09:48.958961341Z,gateDownAction,2026-02-02 13:09:50.974307+00:00,2026-02-02 13:09:50.974427+00:00
1c102a247e1056c86a3542ca374cdc52,2026-02-02T13:09:49.645560,0.01888831832587719,2026-02-02T13:09:48.958961341Z,lightOnAction,2026-02-02 13:09:50.969795+00:00,2026-02-02 13:09:50.969876+00:00
1c102a247e1056c86a3542ca374cdc52,2026-02-02T13:09:49.645560,0.01888831832587719,2026-02-02T13:09:48.958961341Z,gateDownAction,2026-02-02 13:09:50.969552+00:00,2026-02-02 13:09:50.969664+00:00
1c102a247e1056c86a3542ca374cdc52,2026-02-02T13:09:49.645560,0.01888831832587719,2026-02-02T13:09:48.958961341Z,bellOnInvocation,2026-02-02 13:09:48.974866+00:00,2026-02-02 13:09:48.975086+00:00
1c102a247e1056c86a3542ca374cdc52,2026-02-02T13:09:49.645560,0.01888831832587719,2026-02-02T13:09:48.958961341Z,lightOnInvocation,2026-02-02 13:09:48.970665+00:00,2026-02-02 13:09:48.970816+00:00
1c102a247e1056c86a3542ca374cdc52,2026-02-02T13:09:49.645560,0.01888831832587719,2026-02-02T13:09:48.958961341Z,lightOnAction,2026-02-02 13:09:50.972271+00:00,2026-02-02 13:09:50.972357+00:00
1c102a247e1056c86a3542ca374cdc52,2026-02-02T13:09:49.645560,0.01888831832587719,2026-02-02T13:09:48.958961341Z,gateDownInvocation,2026-02-02 13:09:48.972428+00:00,2026-02-02 13:09:48.972768+00:00
1c102a247e1056c86a3542ca374cdc52,2026-02-02T13:09:49.645560,0.01888831832587719,2026-02-02T13:09:48.958961341Z,lightOnInvocation,2026-02-02 13:09:48.968552+00:00,2026-02-02 13:09:48.968687+00:00
1c102a247e1056c86a3542ca374cdc52,2026-02-02T13:09:49.645560,0.01888831832587719,2026-02-02T13:09:48.958961341Z,gateDownInvocation,2026-02-02 13:09:48.968360+00:00,2026-02-02 13:09:48.968677+00:00
a3f6d68cdc782db115604e63b6a98499,2026-02-02T13:09:02.240340,0.01098697328644991,2026-02-02T13:09:01.546012527Z,lightOnAction,2026-02-02 13:09:03.551787+00:00,2026-02-02 13:09:03.551875+00:00
a3f6d68cdc782db115604e63b6a98499,2026-02-02T13:09:02.240340,0.01098697328644991,2026-02-02T13:09:01.546012527Z,lightOnInvocation,2026-02-02 13:09:01.551485+00:00,2026-02-02 13:09:01.551569+00:00
a3f6d68cdc782db115604e63b6a98499,2026-02-02T13:09:02.240340,0.01098697328644991,2026-02-02T13:09:01.546012527Z,gateDownAction,2026-02-02 13:09:03.552149+00:00,2026-02-02 13:09:03.552286+00:00
a3f6d68cdc782db115604e63b6a98499,2026-02-02T13:09:02.240340,0.01098697328644991,2026-02-02T13:09:01.546012527Z,gateDownAction,2026-02-02 13:09:03.553669+00:00,2026-02-02 13:09:03.553733+00:00
a3f6d68cdc782db115604e63b6a98499,2026-02-02T13:09:02.240340,0.01098697328644991,2026-02-02T13:09:01.546012527Z,bellOnAction,2026-02-02 13:09:03.553959+00:00,2026-02-02 13:09:03.554020+00:00
a3f6d68cdc782db115604e63b6a98499,2026-02-02T13:09:02.240340,0.01098697328644991,2026-02-02T13:09:01.546012527Z,gateDownInvocation,2026-02-02 13:09:01.550854+00:00,2026-02-02 13:09:01.550984+00:00
a3f6d68cdc782db115604e63b6a98499,2026-02-02T13:09:02.240340,0.01098697328644991,2026-02-02T13:09:01.546012527Z,bellOnInvocation,2026-02-02 13:09:01.553650+00:00,2026-02-02 13:09:01.553714+00:00
a3f6d68cdc782db115604e63b6a98499,2026-02-02T13:09:02.240340,0.01098697328644991,2026-02-02T13:09:01.546012527Z,bellOnAction,2026-02-02 13:09:03.554224+00:00,2026-02-02 13:09:03.554256+00:00
a3f6d68cdc782db115604e63b6a98499,2026-02-02T13:09:02.240340,0.01098697328644991,2026-02-02T13:09:01.546012527Z,lightOnInvocation,2026-02-02 13:09:01.551077+00:00,2026-02-02 13:09:01.551153+00:00
a3f6d68cdc782db115604e63b6a98499,2026-02-02T13:09:02.240340,0.01098697328644991,2026-02-02T13:09:01.546012527Z,gateDownInvocation,2026-02-02 13:09:01.551119+00:00,2026-02-02 13:09:01.551224+00:00
a3f6d68cdc782db115604e63b6a98499,2026-02-02T13:09:02.240340,0.01098697328644991,2026-02-02T13:09:01.546012527Z,bellOnInvocation,2026-02-02 13:09:01.554259+00:00,2026-02-02 13:09:01.554294+00:00
a3f6d68cdc782db115604e63b6a98499,2026-02-02T13:09:02.240340,0.01098697328644991,2026-02-02T13:09:01.546012527Z,lightOnAction,2026-02-02 13:09:03.552171+00:00,2026-02-02 13:09:03.552356+00:00
466758e6d95df049cb3abdea0bba4bab,2026-02-02T13:10:06.906364,0.021764378550791743,2026-02-02T13:10:06.21699158Z,lightOnInvocation,2026-02-02 13:10:06.228332+00:00,2026-02-02 13:10:06.228525+00:00
466758e6d95df049cb3abdea0bba4bab,2026-02-02T13:10:06.906364,0.021764378550791743,2026-02-02T13:10:06.21699158Z,lightOnAction,2026-02-02 13:10:08.229560+00:00,2026-02-02 13:10:08.229674+00:00
466758e6d95df049cb3abdea0bba4bab,2026-02-02T13:10:06.906364,0.021764378550791743,2026-02-02T13:10:06.21699158Z,bellOnInvocation,2026-02-02 13:10:06.233590+00:00,2026-02-02 13:10:06.233765+00:00
466758e6d95df049cb3abdea0bba4bab,2026-02-02T13:10:06.906364,0.021764378550791743,2026-02-02T13:10:06.21699158Z,gateDownInvocation,2026-02-02 13:10:06.230317+00:00,2026-02-02 13:10:06.230631+00:00
466758e6d95df049cb3abdea0bba4bab,2026-02-02T13:10:06.906364,0.021764378550791743,2026-02-02T13:10:06.21699158Z,gateDownAction,2026-02-02 13:10:08.227576+00:00,2026-02-02 13:10:08.227666+00:00
466758e6d95df049cb3abdea0bba4bab,2026-02-02T13:10:06.906364,0.021764378550791743,2026-02-02T13:10:06.21699158Z,lightOnAction,2026-02-02 13:10:08.233047+00:00,2026-02-02 13:10:08.233130+00:00
466758e6d95df049cb3abdea0bba4bab,2026-02-02T13:10:06.906364,0.021764378550791743,2026-02-02T13:10:06.21699158Z,bellOnAction,2026-02-02 13:10:08.234780+00:00,2026-02-02 13:10:08.234867+00:00
466758e6d95df049cb3abdea0bba4bab,2026-02-02T13:10:06.906364,0.021764378550791743,2026-02-02T13:10:06.21699158Z,bellOnAction,2026-02-02 13:10:08.236221+00:00,2026-02-02 13:10:08.236308+00:00
466758e6d95df049cb3abdea0bba4bab,2026-02-02T13:10:06.906364,0.021764378550791743,2026-02-02T13:10:06.21699158Z,gateDownInvocation,2026-02-02 13:10:06.225887+00:00,2026-02-02 13:10:06.226212+00:00
466758e6d95df049cb3abdea0bba4bab,2026-02-02T13:10:06.906364,0.021764378550791743,2026-02-02T13:10:06.21699158Z,lightOnInvocation,2026-02-02 13:10:06.230786+00:00,2026-02-02 13:10:06.231014+00:00
466758e6d95df049cb3abdea0bba4bab,2026-02-02T13:10:06.906364,0.021764378550791743,2026-02-02T13:10:06.21699158Z,bellOnInvocation,2026-02-02 13:10:06.234927+00:00,2026-02-02 13:10:06.235095+00:00
466758e6d95df049cb3abdea0bba4bab,2026-02-02T13:10:06.906364,0.021764378550791743,2026-02-02T13:10:06.21699158Z,gateDownAction,2026-02-02 13:10:08.233123+00:00,2026-02-02 13:10:08.233239+00:00
436099ae11fd7f793a9c86f5da3b8188,2026-02-02T13:14:35.115165,0.06663227796634436,2026-02-02T13:14:35.451262676Z,gateUpInvocation,2026-02-02 13:14:35.454489+00:00,2026-02-02 13:14:35.454547+00:00
436099ae11fd7f793a9c86f5da3b8188,2026-02-02T13:14:35.115165,0.06663227796634436,2026-02-02T13:14:35.451262676Z,bellOffInvocation,2026-02-02 13:14:35.457251+00:00,2026-02-02 13:14:35.457294+00:00
436099ae11fd7f793a9c86f5da3b8188,2026-02-02T13:14:35.115165,0.06663227796634436,2026-02-02T13:14:35.451262676Z,gateUpInvocation,2026-02-02 13:14:35.455646+00:00,2026-02-02 13:14:35.455689+00:00
436099ae11fd7f793a9c86f5da3b8188,2026-02-02T13:14:35.115165,0.06663227796634436,2026-02-02T13:14:35.451262676Z,bellOffInvocation,2026-02-02 13:14:35.458611+00:00,2026-02-02 13:14:35.458651+00:00
436099ae11fd7f793a9c86f5da3b8188,2026-02-02T13:14:35.115165,0.06663227796634436,2026-02-02T13:14:35.451262676Z,lightOffInvocation,2026-02-02 13:14:35.456163+00:00,2026-02-02 13:14:35.456208+00:00
436099ae11fd7f793a9c86f5da3b8188,2026-02-02T13:14:35.115165,0.06663227796634436,2026-02-02T13:14:35.451262676Z,lightOffInvocation,2026-02-02 13:14:35.454471+00:00,2026-02-02 13:14:35.454518+00:00
4a2dea76bb81c1f551004a67710629e2,2026-02-02T13:17:50.608560,0.09920559352196456,2026-02-02T13:17:50.910823071Z,bellOffInvocation,2026-02-02 13:17:50.921881+00:00,2026-02-02 13:17:50.922031+00:00
4a2dea76bb81c1f551004a67710629e2,2026-02-02T13:17:50.608560,0.09920559352196456,2026-02-02T13:17:50.910823071Z,gateUpInvocation,2026-02-02 13:17:50.918466+00:00,2026-02-02 13:17:50.918612+00:00
4a2dea76bb81c1f551004a67710629e2,2026-02-02T13:17:50.608560,0.09920559352196456,2026-02-02T13:17:50.910823071Z,gateUpInvocation,2026-02-02 13:17:50.917087+00:00,2026-02-02 13:17:50.917239+00:00
4a2dea76bb81c1f551004a67710629e2,2026-02-02T13:17:50.608560,0.09920559352196456,2026-02-02T13:17:50.910823071Z,lightOffInvocation,2026-02-02 13:17:50.916822+00:00,2026-02-02 13:17:50.917014+00:00
4a2dea76bb81c1f551004a67710629e2,2026-02-02T13:17:50.608560,0.09920559352196456,2026-02-02T13:17:50.910823071Z,bellOffInvocation,2026-02-02 13:17:50.920102+00:00,2026-02-02 13:17:50.920202+00:00
4a2dea76bb81c1f551004a67710629e2,2026-02-02T13:17:50.608560,0.09920559352196456,2026-02-02T13:17:50.910823071Z,lightOffInvocation,2026-02-02 13:17:50.917756+00:00,2026-02-02 13:17:50.917940+00:00
77c1f1d398d6703aa67f2be784ca5ef6,2026-02-02T13:08:57.929184,0.010268916219472886,2026-02-02T13:08:57.237273581Z,gateDownAction,2026-02-02 13:08:59.250835+00:00,2026-02-02 13:08:59.250867+00:00
77c1f1d398d6703aa67f2be784ca5ef6,2026-02-02T13:08:57.929184,0.010268916219472886,2026-02-02T13:08:57.237273581Z,lightOnInvocation,2026-02-02 13:08:57.251545+00:00,2026-02-02 13:08:57.251604+00:00
77c1f1d398d6703aa67f2be784ca5ef6,2026-02-02T13:08:57.929184,0.010268916219472886,2026-02-02T13:08:57.237273581Z,bellOnInvocation,2026-02-02 13:08:57.248917+00:00,2026-02-02 13:08:57.248974+00:00
77c1f1d398d6703aa67f2be784ca5ef6,2026-02-02T13:08:57.929184,0.010268916219472886,2026-02-02T13:08:57.237273581Z,lightOnAction,2026-02-02 13:08:59.252541+00:00,2026-02-02 13:08:59.252591+00:00
77c1f1d398d6703aa67f2be784ca5ef6,2026-02-02T13:08:57.929184,0.010268916219472886,2026-02-02T13:08:57.237273581Z,bellOnAction,2026-02-02 13:08:59.251161+00:00,2026-02-02 13:08:59.251208+00:00
77c1f1d398d6703aa67f2be784ca5ef6,2026-02-02T13:08:57.929184,0.010268916219472886,2026-02-02T13:08:57.237273581Z,lightOnInvocation,2026-02-02 13:08:57.251832+00:00,2026-02-02 13:08:57.251925+00:00
77c1f1d398d6703aa67f2be784ca5ef6,2026-02-02T13:08:57.929184,0.010268916219472886,2026-02-02T13:08:57.237273581Z,gateDownAction,2026-02-02 13:08:59.249887+00:00,2026-02-02 13:08:59.249924+00:00
77c1f1d398d6703aa67f2be784ca5ef6,2026-02-02T13:08:57.929184,0.010268916219472886,2026-02-02T13:08:57.237273581Z,gateDownInvocation,2026-02-02 13:08:57.248864+00:00,2026-02-02 13:08:57.248974+00:00
77c1f1d398d6703aa67f2be784ca5ef6,2026-02-02T13:08:57.929184,0.010268916219472886,2026-02-02T13:08:57.237273581Z,bellOnInvocation,2026-02-02 13:08:57.252245+00:00,2026-02-02 13:08:57.252292+00:00
77c1f1d398d6703aa67f2be784ca5ef6,2026-02-02T13:08:57.929184,0.010268916219472886,2026-02-02T13:08:57.237273581Z,bellOnAction,2026-02-02 13:08:59.252582+00:00,2026-02-02 13:08:59.252605+00:00
77c1f1d398d6703aa67f2be784ca5ef6,2026-02-02T13:08:57.929184,0.010268916219472886,2026-02-02T13:08:57.237273581Z,lightOnAction,2026-02-02 13:08:59.251349+00:00,2026-02-02 13:08:59.251376+00:00
77c1f1d398d6703aa67f2be784ca5ef6,2026-02-02T13:08:57.929184,0.010268916219472886,2026-02-02T13:08:57.237273581Z,gateDownInvocation,2026-02-02 13:08:57.250334+00:00,2026-02-02 13:08:57.250499+00:00
d3f922589b94c6853c5b0230de80fcb6,2026-02-02T13:14:04.759948,0.06140376465799809,2026-02-02T13:14:04.07712457Z,lightOnInvocation,2026-02-02 13:14:04.087397+00:00,2026-02-02 13:14:04.087467+00:00
d3f922589b94c6853c5b0230de80fcb6,2026-02-02T13:14:04.759948,0.06140376465799809,2026-02-02T13:14:04.07712457Z,bellOnInvocation,2026-02-02 13:14:04.088119+00:00,2026-02-02 13:14:04.088186+00:00
d3f922589b94c6853c5b0230de80fcb6,2026-02-02T13:14:04.759948,0.06140376465799809,2026-02-02T13:14:04.07712457Z,lightOnAction,2026-02-02 13:14:06.088153+00:00,2026-02-02 13:14:06.088199+00:00
d3f922589b94c6853c5b0230de80fcb6,2026-02-02T13:14:04.759948,0.06140376465799809,2026-02-02T13:14:04.07712457Z,gateDownInvocation,2026-02-02 13:14:04.087000+00:00,2026-02-02 13:14:04.087128+00:00
d3f922589b94c6853c5b0230de80fcb6,2026-02-02T13:14:04.759948,0.06140376465799809,2026-02-02T13:14:04.07712457Z,lightOnInvocation,2026-02-02 13:14:04.081446+00:00,2026-02-02 13:14:04.081542+00:00
d3f922589b94c6853c5b0230de80fcb6,2026-02-02T13:14:04.759948,0.06140376465799809,2026-02-02T13:14:04.07712457Z,bellOnAction,2026-02-02 13:14:06.085325+00:00,2026-02-02 13:14:06.085374+00:00
d3f922589b94c6853c5b0230de80fcb6,2026-02-02T13:14:04.759948,0.06140376465799809,2026-02-02T13:14:04.07712457Z,gateDownAction,2026-02-02 13:14:06.083267+00:00,2026-02-02 13:14:06.083319+00:00
d3f922589b94c6853c5b0230de80fcb6,2026-02-02T13:14:04.759948,0.06140376465799809,2026-02-02T13:14:04.07712457Z,bellOnAction,2026-02-02 13:14:06.088212+00:00,2026-02-02 13:14:06.088232+00:00
d3f922589b94c6853c5b0230de80fcb6,2026-02-02T13:14:04.759948,0.06140376465799809,2026-02-02T13:14:04.07712457Z,gateDownAction,2026-02-02 13:14:06.088017+00:00,2026-02-02 13:14:06.088064+00:00
d3f922589b94c6853c5b0230de80fcb6,2026-02-02T13:14:04.759948,0.06140376465799809,2026-02-02T13:14:04.07712457Z,bellOnInvocation,2026-02-02 13:14:04.085310+00:00,2026-02-02 13:14:04.085376+00:00
d3f922589b94c6853c5b0230de80fcb6,2026-02-02T13:14:04.759948,0.06140376465799809,2026-02-02T13:14:04.07712457Z,lightOnAction,2026-02-02 13:14:06.081991+00:00,2026-02-02 13:14:06.082190+00:00
d3f922589b94c6853c5b0230de80fcb6,2026-02-02T13:14:04.759948,0.06140376465799809,2026-02-02T13:14:04.07712457Z,gateDownInvocation,2026-02-02 13:14:04.081464+00:00,2026-02-02 13:14:04.081615+00:00
7a6a4dd2960970d230e6c19843c63b5d,2026-02-02T13:16:36.647010,0.0867190044348359,2026-02-02T13:16:35.983808221Z,bellOnAction,2026-02-02 13:16:37.997770+00:00,2026-02-02 13:16:37.997838+00:00
7a6a4dd2960970d230e6c19843c63b5d,2026-02-02T13:16:36.647010,0.0867190044348359,2026-02-02T13:16:35.983808221Z,bellOnInvocation,2026-02-02 13:16:35.996744+00:00,2026-02-02 13:16:35.996949+00:00
7a6a4dd2960970d230e6c19843c63b5d,2026-02-02T13:16:36.647010,0.0867190044348359,2026-02-02T13:16:35.983808221Z,lightOnAction,2026-02-02 13:16:37.993599+00:00,2026-02-02 13:16:37.993687+00:00
7a6a4dd2960970d230e6c19843c63b5d,2026-02-02T13:16:36.647010,0.0867190044348359,2026-02-02T13:16:35.983808221Z,gateDownAction,2026-02-02 13:16:37.994705+00:00,2026-02-02 13:16:37.994822+00:00
7a6a4dd2960970d230e6c19843c63b5d,2026-02-02T13:16:36.647010,0.0867190044348359,2026-02-02T13:16:35.983808221Z,lightOnInvocation,2026-02-02 13:16:35.991459+00:00,2026-02-02 13:16:35.991942+00:00
7a6a4dd2960970d230e6c19843c63b5d,2026-02-02T13:16:36.647010,0.0867190044348359,2026-02-02T13:16:35.983808221Z,gateDownInvocation,2026-02-02 13:16:35.990017+00:00,2026-02-02 13:16:35.990381+00:00
7a6a4dd2960970d230e6c19843c63b5d,2026-02-02T13:16:36.647010,0.0867190044348359,2026-02-02T13:16:35.983808221Z,gateDownAction,2026-02-02 13:16:37.995280+00:00,2026-02-02 13:16:37.995363+00:00
7a6a4dd2960970d230e6c19843c63b5d,2026-02-02T13:16:36.647010,0.0867190044348359,2026-02-02T13:16:35.983808221Z,gateDownInvocation,2026-02-02 13:16:35.993051+00:00,2026-02-02 13:16:35.993613+00:00
7a6a4dd2960970d230e6c19843c63b5d,2026-02-02T13:16:36.647010,0.0867190044348359,2026-02-02T13:16:35.983808221Z,lightOnInvocation,2026-02-02 13:16:35.992158+00:00,2026-02-02 13:16:35.992508+00:00
7a6a4dd2960970d230e6c19843c63b5d,2026-02-02T13:16:36.647010,0.0867190044348359,2026-02-02T13:16:35.983808221Z,bellOnAction,2026-02-02 13:16:37.996196+00:00,2026-02-02 13:16:37.996264+00:00
7a6a4dd2960970d230e6c19843c63b5d,2026-02-02T13:16:36.647010,0.0867190044348359,2026-02-02T13:16:35.983808221Z,bellOnInvocation,2026-02-02 13:16:35.995106+00:00,2026-02-02 13:16:35.995221+00:00
7a6a4dd2960970d230e6c19843c63b5d,2026-02-02T13:16:36.647010,0.0867190044348359,2026-02-02T13:16:35.983808221Z,lightOnAction,2026-02-02 13:16:37.994853+00:00,2026-02-02 13:16:37.995007+00:00
41e44b9732841b64f756692956b22af6,2026-02-02T13:14:30.758516,0.0659073476215005,2026-02-02T13:14:31.10135759Z,gateUpInvocation,2026-02-02 13:14:31.106454+00:00,2026-02-02 13:14:31.106608+00:00
41e44b9732841b64f756692956b22af6,2026-02-02T13:14:30.758516,0.0659073476215005,2026-02-02T13:14:31.10135759Z,gateUpInvocation,2026-02-02 13:14:31.106627+00:00,2026-02-02 13:14:31.106718+00:00
41e44b9732841b64f756692956b22af6,2026-02-02T13:14:30.758516,0.0659073476215005,2026-02-02T13:14:31.10135759Z,bellOffInvocation,2026-02-02 13:14:31.109847+00:00,2026-02-02 13:14:31.109969+00:00
41e44b9732841b64f756692956b22af6,2026-02-02T13:14:30.758516,0.0659073476215005,2026-02-02T13:14:31.10135759Z,lightOffInvocation,2026-02-02 13:14:31.106482+00:00,2026-02-02 13:14:31.106581+00:00
41e44b9732841b64f756692956b22af6,2026-02-02T13:14:30.758516,0.0659073476215005,2026-02-02T13:14:31.10135759Z,bellOffInvocation,2026-02-02 13:14:31.108905+00:00,2026-02-02 13:14:31.109079+00:00
41e44b9732841b64f756692956b22af6,2026-02-02T13:14:30.758516,0.0659073476215005,2026-02-02T13:14:31.10135759Z,lightOffInvocation,2026-02-02 13:14:31.106769+00:00,2026-02-02 13:14:31.106900+00:00
82f4f95d3cf7d1960278d173928db963,2026-02-02T13:08:36.403651,0.006681054008162021,2026-02-02T13:08:35.707992331Z,lightOnInvocation,2026-02-02 13:08:35.720050+00:00,2026-02-02 13:08:35.720181+00:00
82f4f95d3cf7d1960278d173928db963,2026-02-02T13:08:36.403651,0.006681054008162021,2026-02-02T13:08:35.707992331Z,bellOnAction,2026-02-02 13:08:37.726677+00:00,2026-02-02 13:08:37.726741+00:00
82f4f95d3cf7d1960278d173928db963,2026-02-02T13:08:36.403651,0.006681054008162021,2026-02-02T13:08:35.707992331Z,lightOnInvocation,2026-02-02 13:08:35.723464+00:00,2026-02-02 13:08:35.723580+00:00
82f4f95d3cf7d1960278d173928db963,2026-02-02T13:08:36.403651,0.006681054008162021,2026-02-02T13:08:35.707992331Z,gateDownAction,2026-02-02 13:08:37.723020+00:00,2026-02-02 13:08:37.723113+00:00
82f4f95d3cf7d1960278d173928db963,2026-02-02T13:08:36.403651,0.006681054008162021,2026-02-02T13:08:35.707992331Z,gateDownInvocation,2026-02-02 13:08:35.721607+00:00,2026-02-02 13:08:35.721795+00:00
82f4f95d3cf7d1960278d173928db963,2026-02-02T13:08:36.403651,0.006681054008162021,2026-02-02T13:08:35.707992331Z,lightOnAction,2026-02-02 13:08:37.725227+00:00,2026-02-02 13:08:37.725315+00:00
82f4f95d3cf7d1960278d173928db963,2026-02-02T13:08:36.403651,0.006681054008162021,2026-02-02T13:08:35.707992331Z,lightOnAction,2026-02-02 13:08:37.720388+00:00,2026-02-02 13:08:37.720472+00:00
82f4f95d3cf7d1960278d173928db963,2026-02-02T13:08:36.403651,0.006681054008162021,2026-02-02T13:08:35.707992331Z,bellOnInvocation,2026-02-02 13:08:35.725718+00:00,2026-02-02 13:08:35.725807+00:00
82f4f95d3cf7d1960278d173928db963,2026-02-02T13:08:36.403651,0.006681054008162021,2026-02-02T13:08:35.707992331Z,bellOnInvocation,2026-02-02 13:08:35.721550+00:00,2026-02-02 13:08:35.721652+00:00
82f4f95d3cf7d1960278d173928db963,2026-02-02T13:08:36.403651,0.006681054008162021,2026-02-02T13:08:35.707992331Z,gateDownAction,2026-02-02 13:08:37.719593+00:00,2026-02-02 13:08:37.719678+00:00
82f4f95d3cf7d1960278d173928db963,2026-02-02T13:08:36.403651,0.006681054008162021,2026-02-02T13:08:35.707992331Z,gateDownInvocation,2026-02-02 13:08:35.718549+00:00,2026-02-02 13:08:35.718725+00:00
82f4f95d3cf7d1960278d173928db963,2026-02-02T13:08:36.403651,0.006681054008162021,2026-02-02T13:08:35.707992331Z,bellOnAction,2026-02-02 13:08:37.723189+00:00,2026-02-02 13:08:37.723256+00:00
f4c54614556c2b58fab56f8f3321a33f,2026-02-02T13:12:38.086625,0.04696479371447564,2026-02-02T13:12:37.434738193Z,gateDownAction,2026-02-02 13:12:39.443045+00:00,2026-02-02 13:12:39.443087+00:00
f4c54614556c2b58fab56f8f3321a33f,2026-02-02T13:12:38.086625,0.04696479371447564,2026-02-02T13:12:37.434738193Z,gateDownAction,2026-02-02 13:12:39.443830+00:00,2026-02-02 13:12:39.443878+00:00
f4c54614556c2b58fab56f8f3321a33f,2026-02-02T13:12:38.086625,0.04696479371447564,2026-02-02T13:12:37.434738193Z,lightOnAction,2026-02-02 13:12:39.444761+00:00,2026-02-02 13:12:39.444851+00:00
f4c54614556c2b58fab56f8f3321a33f,2026-02-02T13:12:38.086625,0.04696479371447564,2026-02-02T13:12:37.434738193Z,lightOnInvocation,2026-02-02 13:12:37.442222+00:00,2026-02-02 13:12:37.442326+00:00
f4c54614556c2b58fab56f8f3321a33f,2026-02-02T13:12:38.086625,0.04696479371447564,2026-02-02T13:12:37.434738193Z,bellOnInvocation,2026-02-02 13:12:37.448120+00:00,2026-02-02 13:12:37.448180+00:00
f4c54614556c2b58fab56f8f3321a33f,2026-02-02T13:12:38.086625,0.04696479371447564,2026-02-02T13:12:37.434738193Z,bellOnAction,2026-02-02 13:12:39.449186+00:00,2026-02-02 13:12:39.449231+00:00
f4c54614556c2b58fab56f8f3321a33f,2026-02-02T13:12:38.086625,0.04696479371447564,2026-02-02T13:12:37.434738193Z,lightOnAction,2026-02-02 13:12:39.444758+00:00,2026-02-02 13:12:39.444888+00:00
f4c54614556c2b58fab56f8f3321a33f,2026-02-02T13:12:38.086625,0.04696479371447564,2026-02-02T13:12:37.434738193Z,gateDownInvocation,2026-02-02 13:12:37.443316+00:00,2026-02-02 13:12:37.443455+00:00
f4c54614556c2b58fab56f8f3321a33f,2026-02-02T13:12:38.086625,0.04696479371447564,2026-02-02T13:12:37.434738193Z,gateDownInvocation,2026-02-02 13:12:37.441863+00:00,2026-02-02 13:12:37.442014+00:00
f4c54614556c2b58fab56f8f3321a33f,2026-02-02T13:12:38.086625,0.04696479371447564,2026-02-02T13:12:37.434738193Z,bellOnInvocation,2026-02-02 13:12:37.445707+00:00,2026-02-02 13:12:37.445798+00:00
f4c54614556c2b58fab56f8f3321a33f,2026-02-02T13:12:38.086625,0.04696479371447564,2026-02-02T13:12:37.434738193Z,lightOnInvocation,2026-02-02 13:12:37.443848+00:00,2026-02-02 13:12:37.443938+00:00
f4c54614556c2b58fab56f8f3321a33f,2026-02-02T13:12:38.086625,0.04696479371447564,2026-02-02T13:12:37.434738193Z,bellOnAction,2026-02-02 13:12:39.446413+00:00,2026-02-02 13:12:39.446482+00:00
778fae205a620817d3a4836d691fd753,2026-02-02T13:13:25.750294,0.05507542970536948,2026-02-02T13:13:26.103495675Z,lightOffInvocation,2026-02-02 13:13:26.114395+00:00,2026-02-02 13:13:26.114539+00:00
778fae205a620817d3a4836d691fd753,2026-02-02T13:13:25.750294,0.05507542970536948,2026-02-02T13:13:26.103495675Z,gateUpInvocation,2026-02-02 13:13:26.114824+00:00,2026-02-02 13:13:26.114945+00:00
778fae205a620817d3a4836d691fd753,2026-02-02T13:13:25.750294,0.05507542970536948,2026-02-02T13:13:26.103495675Z,lightOffInvocation,2026-02-02 13:13:26.114868+00:00,2026-02-02 13:13:26.114965+00:00
778fae205a620817d3a4836d691fd753,2026-02-02T13:13:25.750294,0.05507542970536948,2026-02-02T13:13:26.103495675Z,gateUpInvocation,2026-02-02 13:13:26.112544+00:00,2026-02-02 13:13:26.112679+00:00
778fae205a620817d3a4836d691fd753,2026-02-02T13:13:25.750294,0.05507542970536948,2026-02-02T13:13:26.103495675Z,bellOffInvocation,2026-02-02 13:13:26.118131+00:00,2026-02-02 13:13:26.118204+00:00
778fae205a620817d3a4836d691fd753,2026-02-02T13:13:25.750294,0.05507542970536948,2026-02-02T13:13:26.103495675Z,bellOffInvocation,2026-02-02 13:13:26.118492+00:00,2026-02-02 13:13:26.118602+00:00
0349a5ec0600e1609c82a46daa7054c0,2026-02-02T13:14:52.474169,0.06952490618844032,2026-02-02T13:14:52.808731661Z,lightOffInvocation,2026-02-02 13:14:52.811800+00:00,2026-02-02 13:14:52.811870+00:00
0349a5ec0600e1609c82a46daa7054c0,2026-02-02T13:14:52.474169,0.06952490618844032,2026-02-02T13:14:52.808731661Z,gateUpInvocation,2026-02-02 13:14:52.811801+00:00,2026-02-02 13:14:52.811869+00:00
0349a5ec0600e1609c82a46daa7054c0,2026-02-02T13:14:52.474169,0.06952490618844032,2026-02-02T13:14:52.808731661Z,lightOffInvocation,2026-02-02 13:14:52.812273+00:00,2026-02-02 13:14:52.812337+00:00
0349a5ec0600e1609c82a46daa7054c0,2026-02-02T13:14:52.474169,0.06952490618844032,2026-02-02T13:14:52.808731661Z,gateUpInvocation,2026-02-02 13:14:52.812921+00:00,2026-02-02 13:14:52.812993+00:00
0349a5ec0600e1609c82a46daa7054c0,2026-02-02T13:14:52.474169,0.06952490618844032,2026-02-02T13:14:52.808731661Z,bellOffInvocation,2026-02-02 13:14:52.813062+00:00,2026-02-02 13:14:52.813106+00:00
0349a5ec0600e1609c82a46daa7054c0,2026-02-02T13:14:52.474169,0.06952490618844032,2026-02-02T13:14:52.808731661Z,bellOffInvocation,2026-02-02 13:14:52.816463+00:00,2026-02-02 13:14:52.816490+00:00
5771779455e5174c3043e01e3bfd4402,2026-02-02T13:10:37.080988,0.02679221700999737,2026-02-02T13:10:36.387105848Z,lightOnAction,2026-02-02 13:10:38.395852+00:00,2026-02-02 13:10:38.395896+00:00
5771779455e5174c3043e01e3bfd4402,2026-02-02T13:10:37.080988,0.02679221700999737,2026-02-02T13:10:36.387105848Z,lightOnInvocation,2026-02-02 13:10:36.395280+00:00,2026-02-02 13:10:36.395401+00:00
5771779455e5174c3043e01e3bfd4402,2026-02-02T13:10:37.080988,0.02679221700999737,2026-02-02T13:10:36.387105848Z,lightOnAction,2026-02-02 13:10:38.395730+00:00,2026-02-02 13:10:38.395798+00:00
5771779455e5174c3043e01e3bfd4402,2026-02-02T13:10:37.080988,0.02679221700999737,2026-02-02T13:10:36.387105848Z,bellOnAction,2026-02-02 13:10:38.397128+00:00,2026-02-02 13:10:38.397155+00:00
5771779455e5174c3043e01e3bfd4402,2026-02-02T13:10:37.080988,0.02679221700999737,2026-02-02T13:10:36.387105848Z,gateDownInvocation,2026-02-02 13:10:36.395155+00:00,2026-02-02 13:10:36.395340+00:00
5771779455e5174c3043e01e3bfd4402,2026-02-02T13:10:37.080988,0.02679221700999737,2026-02-02T13:10:36.387105848Z,lightOnInvocation,2026-02-02 13:10:36.394633+00:00,2026-02-02 13:10:36.394732+00:00
5771779455e5174c3043e01e3bfd4402,2026-02-02T13:10:37.080988,0.02679221700999737,2026-02-02T13:10:36.387105848Z,gateDownAction,2026-02-02 13:10:38.395824+00:00,2026-02-02 13:10:38.395866+00:00
5771779455e5174c3043e01e3bfd4402,2026-02-02T13:10:37.080988,0.02679221700999737,2026-02-02T13:10:36.387105848Z,gateDownAction,2026-02-02 13:10:38.395733+00:00,2026-02-02 13:10:38.395799+00:00
5771779455e5174c3043e01e3bfd4402,2026-02-02T13:10:37.080988,0.02679221700999737,2026-02-02T13:10:36.387105848Z,bellOnInvocation,2026-02-02 13:10:36.396479+00:00,2026-02-02 13:10:36.396547+00:00
5771779455e5174c3043e01e3bfd4402,2026-02-02T13:10:37.080988,0.02679221700999737,2026-02-02T13:10:36.387105848Z,gateDownInvocation,2026-02-02 13:10:36.395210+00:00,2026-02-02 13:10:36.395386+00:00
5771779455e5174c3043e01e3bfd4402,2026-02-02T13:10:37.080988,0.02679221700999737,2026-02-02T13:10:36.387105848Z,bellOnInvocation,2026-02-02 13:10:36.397429+00:00,2026-02-02 13:10:36.397491+00:00
5771779455e5174c3043e01e3bfd4402,2026-02-02T13:10:37.080988,0.02679221700999737,2026-02-02T13:10:36.387105848Z,bellOnAction,2026-02-02 13:10:38.398143+00:00,2026-02-02 13:10:38.398169+00:00
f3775b4d2e94cfef26db28afb8da0318,2026-02-02T13:11:50.483551,0.03902812616388798,2026-02-02T13:11:49.809876221Z,bellOnAction,2026-02-02 13:11:51.822168+00:00,2026-02-02 13:11:51.822239+00:00
f3775b4d2e94cfef26db28afb8da0318,2026-02-02T13:11:50.483551,0.03902812616388798,2026-02-02T13:11:49.809876221Z,gateDownAction,2026-02-02 13:11:51.824003+00:00,2026-02-02 13:11:51.824116+00:00
f3775b4d2e94cfef26db28afb8da0318,2026-02-02T13:11:50.483551,0.03902812616388798,2026-02-02T13:11:49.809876221Z,bellOnInvocation,2026-02-02 13:11:49.820185+00:00,2026-02-02 13:11:49.820345+00:00
f3775b4d2e94cfef26db28afb8da0318,2026-02-02T13:11:50.483551,0.03902812616388798,2026-02-02T13:11:49.809876221Z,lightOnInvocation,2026-02-02 13:11:49.817994+00:00,2026-02-02 13:11:49.818179+00:00
f3775b4d2e94cfef26db28afb8da0318,2026-02-02T13:11:50.483551,0.03902812616388798,2026-02-02T13:11:49.809876221Z,bellOnInvocation,2026-02-02 13:11:49.822758+00:00,2026-02-02 13:11:49.822951+00:00
f3775b4d2e94cfef26db28afb8da0318,2026-02-02T13:11:50.483551,0.03902812616388798,2026-02-02T13:11:49.809876221Z,lightOnAction,2026-02-02 13:11:51.819459+00:00,2026-02-02 13:11:51.819577+00:00
f3775b4d2e94cfef26db28afb8da0318,2026-02-02T13:11:50.483551,0.03902812616388798,2026-02-02T13:11:49.809876221Z,gateDownAction,2026-02-02 13:11:51.819135+00:00,2026-02-02 13:11:51.819228+00:00
f3775b4d2e94cfef26db28afb8da0318,2026-02-02T13:11:50.483551,0.03902812616388798,2026-02-02T13:11:49.809876221Z,gateDownInvocation,2026-02-02 13:11:49.821935+00:00,2026-02-02 13:11:49.822193+00:00
f3775b4d2e94cfef26db28afb8da0318,2026-02-02T13:11:50.483551,0.03902812616388798,2026-02-02T13:11:49.809876221Z,bellOnAction,2026-02-02 13:11:51.824068+00:00,2026-02-02 13:11:51.824143+00:00
f3775b4d2e94cfef26db28afb8da0318,2026-02-02T13:11:50.483551,0.03902812616388798,2026-02-02T13:11:49.809876221Z,lightOnAction,2026-02-02 13:11:51.819501+00:00,2026-02-02 13:11:51.819585+00:00
f3775b4d2e94cfef26db28afb8da0318,2026-02-02T13:11:50.483551,0.03902812616388798,2026-02-02T13:11:49.809876221Z,gateDownInvocation,2026-02-02 13:11:49.817261+00:00,2026-02-02 13:11:49.817486+00:00
f3775b4d2e94cfef26db28afb8da0318,2026-02-02T13:11:50.483551,0.03902812616388798,2026-02-02T13:11:49.809876221Z,lightOnInvocation,2026-02-02 13:11:49.818945+00:00,2026-02-02 13:11:49.819109+00:00
d26caddbee3f9dd217cd0769c30cb590,2026-02-02T13:16:14.963797,0.08310697181817293,2026-02-02T13:16:14.30933077Z,gateDownInvocation,2026-02-02 13:16:14.313149+00:00,2026-02-02 13:16:14.313346+00:00
d26caddbee3f9dd217cd0769c30cb590,2026-02-02T13:16:14.963797,0.08310697181817293,2026-02-02T13:16:14.30933077Z,gateDownAction,2026-02-02 13:16:16.314520+00:00,2026-02-02 13:16:16.314553+00:00
d26caddbee3f9dd217cd0769c30cb590,2026-02-02T13:16:14.963797,0.08310697181817293,2026-02-02T13:16:14.30933077Z,gateDownInvocation,2026-02-02 13:16:14.313673+00:00,2026-02-02 13:16:14.313892+00:00
d26caddbee3f9dd217cd0769c30cb590,2026-02-02T13:16:14.963797,0.08310697181817293,2026-02-02T13:16:14.30933077Z,lightOnAction,2026-02-02 13:16:16.314750+00:00,2026-02-02 13:16:16.314786+00:00
d26caddbee3f9dd217cd0769c30cb590,2026-02-02T13:16:14.963797,0.08310697181817293,2026-02-02T13:16:14.30933077Z,bellOnInvocation,2026-02-02 13:16:14.316912+00:00,2026-02-02 13:16:14.316970+00:00
d26caddbee3f9dd217cd0769c30cb590,2026-02-02T13:16:14.963797,0.08310697181817293,2026-02-02T13:16:14.30933077Z,bellOnAction,2026-02-02 13:16:16.317339+00:00,2026-02-02 13:16:16.317363+00:00
d26caddbee3f9dd217cd0769c30cb590,2026-02-02T13:16:14.963797,0.08310697181817293,2026-02-02T13:16:14.30933077Z,lightOnInvocation,2026-02-02 13:16:14.313633+00:00,2026-02-02 13:16:14.313739+00:00
d26caddbee3f9dd217cd0769c30cb590,2026-02-02T13:16:14.963797,0.08310697181817293,2026-02-02T13:16:14.30933077Z,bellOnInvocation,2026-02-02 13:16:14.315866+00:00,2026-02-02 13:16:14.315935+00:00
d26caddbee3f9dd217cd0769c30cb590,2026-02-02T13:16:14.963797,0.08310697181817293,2026-02-02T13:16:14.30933077Z,lightOnInvocation,2026-02-02 13:16:14.313215+00:00,2026-02-02 13:16:14.313328+00:00
d26caddbee3f9dd217cd0769c30cb590,2026-02-02T13:16:14.963797,0.08310697181817293,2026-02-02T13:16:14.30933077Z,bellOnAction,2026-02-02 13:16:16.317139+00:00,2026-02-02 13:16:16.317182+00:00
d26caddbee3f9dd217cd0769c30cb590,2026-02-02T13:16:14.963797,0.08310697181817293,2026-02-02T13:16:14.30933077Z,lightOnAction,2026-02-02 13:16:16.313314+00:00,2026-02-02 13:16:16.313349+00:00
d26caddbee3f9dd217cd0769c30cb590,2026-02-02T13:16:14.963797,0.08310697181817293,2026-02-02T13:16:14.30933077Z,gateDownAction,2026-02-02 13:16:16.313767+00:00,2026-02-02 13:16:16.313795+00:00
ffcc0259f0fa91b57f89eefd5138cc6f,2026-02-02T13:11:24.547974,0.03486869822661877,2026-02-02T13:11:24.85078765Z,gateUpInvocation,2026-02-02 13:11:24.862528+00:00,2026-02-02 13:11:24.862662+00:00
ffcc0259f0fa91b57f89eefd5138cc6f,2026-02-02T13:11:24.547974,0.03486869822661877,2026-02-02T13:11:24.85078765Z,gateUpInvocation,2026-02-02 13:11:24.859336+00:00,2026-02-02 13:11:24.859475+00:00
ffcc0259f0fa91b57f89eefd5138cc6f,2026-02-02T13:11:24.547974,0.03486869822661877,2026-02-02T13:11:24.85078765Z,lightOffInvocation,2026-02-02 13:11:24.862508+00:00,2026-02-02 13:11:24.862652+00:00
ffcc0259f0fa91b57f89eefd5138cc6f,2026-02-02T13:11:24.547974,0.03486869822661877,2026-02-02T13:11:24.85078765Z,lightOffInvocation,2026-02-02 13:11:24.859362+00:00,2026-02-02 13:11:24.859517+00:00
ffcc0259f0fa91b57f89eefd5138cc6f,2026-02-02T13:11:24.547974,0.03486869822661877,2026-02-02T13:11:24.85078765Z,bellOffInvocation,2026-02-02 13:11:24.865364+00:00,2026-02-02 13:11:24.865487+00:00
ffcc0259f0fa91b57f89eefd5138cc6f,2026-02-02T13:11:24.547974,0.03486869822661877,2026-02-02T13:11:24.85078765Z,bellOffInvocation,2026-02-02 13:11:24.868154+00:00,2026-02-02 13:11:24.868326+00:00
35e7545fc2bef32ecbb1b9ebc46882a2,2026-02-02T13:16:45.374573,0.08817312782108784,2026-02-02T13:16:44.709387765Z,lightOnInvocation,2026-02-02 13:16:44.715681+00:00,2026-02-02 13:16:44.715910+00:00
35e7545fc2bef32ecbb1b9ebc46882a2,2026-02-02T13:16:45.374573,0.08817312782108784,2026-02-02T13:16:44.709387765Z,bellOnInvocation,2026-02-02 13:16:44.720252+00:00,2026-02-02 13:16:44.720427+00:00
35e7545fc2bef32ecbb1b9ebc46882a2,2026-02-02T13:16:45.374573,0.08817312782108784,2026-02-02T13:16:44.709387765Z,lightOnInvocation,2026-02-02 13:16:44.716328+00:00,2026-02-02 13:16:44.716543+00:00
35e7545fc2bef32ecbb1b9ebc46882a2,2026-02-02T13:16:45.374573,0.08817312782108784,2026-02-02T13:16:44.709387765Z,gateDownAction,2026-02-02 13:16:46.716847+00:00,2026-02-02 13:16:46.717007+00:00
35e7545fc2bef32ecbb1b9ebc46882a2,2026-02-02T13:16:45.374573,0.08817312782108784,2026-02-02T13:16:44.709387765Z,gateDownInvocation,2026-02-02 13:16:44.716164+00:00,2026-02-02 13:16:44.716483+00:00
35e7545fc2bef32ecbb1b9ebc46882a2,2026-02-02T13:16:45.374573,0.08817312782108784,2026-02-02T13:16:44.709387765Z,bellOnAction,2026-02-02 13:16:46.719678+00:00,2026-02-02 13:16:46.719728+00:00
35e7545fc2bef32ecbb1b9ebc46882a2,2026-02-02T13:16:45.374573,0.08817312782108784,2026-02-02T13:16:44.709387765Z,gateDownAction,2026-02-02 13:16:46.717514+00:00,2026-02-02 13:16:46.717619+00:00
35e7545fc2bef32ecbb1b9ebc46882a2,2026-02-02T13:16:45.374573,0.08817312782108784,2026-02-02T13:16:44.709387765Z,bellOnAction,2026-02-02 13:16:46.722068+00:00,2026-02-02 13:16:46.722127+00:00
35e7545fc2bef32ecbb1b9ebc46882a2,2026-02-02T13:16:45.374573,0.08817312782108784,2026-02-02T13:16:44.709387765Z,bellOnInvocation,2026-02-02 13:16:44.718858+00:00,2026-02-02 13:16:44.719026+00:00
35e7545fc2bef32ecbb1b9ebc46882a2,2026-02-02T13:16:45.374573,0.08817312782108784,2026-02-02T13:16:44.709387765Z,lightOnAction,2026-02-02 13:16:46.717110+00:00,2026-02-02 13:16:46.717228+00:00
35e7545fc2bef32ecbb1b9ebc46882a2,2026-02-02T13:16:45.374573,0.08817312782108784,2026-02-02T13:16:44.709387765Z,lightOnAction,2026-02-02 13:16:46.717984+00:00,2026-02-02 13:16:46.718112+00:00
35e7545fc2bef32ecbb1b9ebc46882a2,2026-02-02T13:16:45.374573,0.08817312782108784,2026-02-02T13:16:44.709387765Z,gateDownInvocation,2026-02-02 13:16:44.715560+00:00,2026-02-02 13:16:44.715774+00:00
e64c3b60df30a9bec0ec0e52236f7ae6,2026-02-02T13:14:09.107705,0.0621310940088153,2026-02-02T13:14:08.441869824Z,lightOnAction,2026-02-02 13:14:10.461407+00:00,2026-02-02 13:14:10.461461+00:00
e64c3b60df30a9bec0ec0e52236f7ae6,2026-02-02T13:14:09.107705,0.0621310940088153,2026-02-02T13:14:08.441869824Z,gateDownAction,2026-02-02 13:14:10.452706+00:00,2026-02-02 13:14:10.452755+00:00
e64c3b60df30a9bec0ec0e52236f7ae6,2026-02-02T13:14:09.107705,0.0621310940088153,2026-02-02T13:14:08.441869824Z,gateDownInvocation,2026-02-02 13:14:08.454610+00:00,2026-02-02 13:14:08.454739+00:00
e64c3b60df30a9bec0ec0e52236f7ae6,2026-02-02T13:14:09.107705,0.0621310940088153,2026-02-02T13:14:08.441869824Z,gateDownInvocation,2026-02-02 13:14:08.451883+00:00,2026-02-02 13:14:08.452034+00:00
e64c3b60df30a9bec0ec0e52236f7ae6,2026-02-02T13:14:09.107705,0.0621310940088153,2026-02-02T13:14:08.441869824Z,lightOnInvocation,2026-02-02 13:14:08.459632+00:00,2026-02-02 13:14:08.459711+00:00
e64c3b60df30a9bec0ec0e52236f7ae6,2026-02-02T13:14:09.107705,0.0621310940088153,2026-02-02T13:14:08.441869824Z,bellOnInvocation,2026-02-02 13:14:08.455223+00:00,2026-02-02 13:14:08.456686+00:00
e64c3b60df30a9bec0ec0e52236f7ae6,2026-02-02T13:14:09.107705,0.0621310940088153,2026-02-02T13:14:08.441869824Z,bellOnAction,2026-02-02 13:14:10.468172+00:00,2026-02-02 13:14:10.468221+00:00
e64c3b60df30a9bec0ec0e52236f7ae6,2026-02-02T13:14:09.107705,0.0621310940088153,2026-02-02T13:14:08.441869824Z,lightOnInvocation,2026-02-02 13:14:08.458608+00:00,2026-02-02 13:14:08.458667+00:00
e64c3b60df30a9bec0ec0e52236f7ae6,2026-02-02T13:14:09.107705,0.0621310940088153,2026-02-02T13:14:08.441869824Z,gateDownAction,2026-02-02 13:14:10.457709+00:00,2026-02-02 13:14:10.457755+00:00
e64c3b60df30a9bec0ec0e52236f7ae6,2026-02-02T13:14:09.107705,0.0621310940088153,2026-02-02T13:14:08.441869824Z,bellOnInvocation,2026-02-02 13:14:08.466792+00:00,2026-02-02 13:14:08.466972+00:00
e64c3b60df30a9bec0ec0e52236f7ae6,2026-02-02T13:14:09.107705,0.0621310940088153,2026-02-02T13:14:08.441869824Z,bellOnAction,2026-02-02 13:14:10.459077+00:00,2026-02-02 13:14:10.459118+00:00
e64c3b60df30a9bec0ec0e52236f7ae6,2026-02-02T13:14:09.107705,0.0621310940088153,2026-02-02T13:14:08.441869824Z,lightOnAction,2026-02-02 13:14:10.458396+00:00,2026-02-02 13:14:10.458436+00:00
7881ae0ad842f5f521983df1d5e2cf8f,2026-02-02T13:16:41.010995,0.08744614414263964,2026-02-02T13:16:40.347113054Z,bellOnAction,2026-02-02 13:16:42.358171+00:00,2026-02-02 13:16:42.358249+00:00
7881ae0ad842f5f521983df1d5e2cf8f,2026-02-02T13:16:41.010995,0.08744614414263964,2026-02-02T13:16:40.347113054Z,lightOnAction,2026-02-02 13:16:42.356213+00:00,2026-02-02 13:16:42.356299+00:00
7881ae0ad842f5f521983df1d5e2cf8f,2026-02-02T13:16:41.010995,0.08744614414263964,2026-02-02T13:16:40.347113054Z,gateDownAction,2026-02-02 13:16:42.355513+00:00,2026-02-02 13:16:42.355600+00:00
7881ae0ad842f5f521983df1d5e2cf8f,2026-02-02T13:16:41.010995,0.08744614414263964,2026-02-02T13:16:40.347113054Z,gateDownInvocation,2026-02-02 13:16:40.356559+00:00,2026-02-02 13:16:40.356792+00:00
7881ae0ad842f5f521983df1d5e2cf8f,2026-02-02T13:16:41.010995,0.08744614414263964,2026-02-02T13:16:40.347113054Z,gateDownInvocation,2026-02-02 13:16:40.354305+00:00,2026-02-02 13:16:40.354610+00:00
7881ae0ad842f5f521983df1d5e2cf8f,2026-02-02T13:16:41.010995,0.08744614414263964,2026-02-02T13:16:40.347113054Z,bellOnInvocation,2026-02-02 13:16:40.357163+00:00,2026-02-02 13:16:40.357324+00:00
7881ae0ad842f5f521983df1d5e2cf8f,2026-02-02T13:16:41.010995,0.08744614414263964,2026-02-02T13:16:40.347113054Z,bellOnInvocation,2026-02-02 13:16:40.358607+00:00,2026-02-02 13:16:40.358725+00:00
7881ae0ad842f5f521983df1d5e2cf8f,2026-02-02T13:16:41.010995,0.08744614414263964,2026-02-02T13:16:40.347113054Z,lightOnInvocation,2026-02-02 13:16:40.353945+00:00,2026-02-02 13:16:40.354151+00:00
7881ae0ad842f5f521983df1d5e2cf8f,2026-02-02T13:16:41.010995,0.08744614414263964,2026-02-02T13:16:40.347113054Z,gateDownAction,2026-02-02 13:16:42.358130+00:00,2026-02-02 13:16:42.358215+00:00
7881ae0ad842f5f521983df1d5e2cf8f,2026-02-02T13:16:41.010995,0.08744614414263964,2026-02-02T13:16:40.347113054Z,lightOnInvocation,2026-02-02 13:16:40.354733+00:00,2026-02-02 13:16:40.354981+00:00
7881ae0ad842f5f521983df1d5e2cf8f,2026-02-02T13:16:41.010995,0.08744614414263964,2026-02-02T13:16:40.347113054Z,bellOnAction,2026-02-02 13:16:42.359688+00:00,2026-02-02 13:16:42.359761+00:00
7881ae0ad842f5f521983df1d5e2cf8f,2026-02-02T13:16:41.010995,0.08744614414263964,2026-02-02T13:16:40.347113054Z,lightOnAction,2026-02-02 13:16:42.355536+00:00,2026-02-02 13:16:42.355625+00:00
2076646ef03c22d0cb144ead5418f39e,2026-02-02T13:16:32.261256,0.08615711840932369,2026-02-02T13:16:32.612232251Z,lightOffInvocation,2026-02-02 13:16:32.617735+00:00,2026-02-02 13:16:32.617816+00:00
2076646ef03c22d0cb144ead5418f39e,2026-02-02T13:16:32.261256,0.08615711840932369,2026-02-02T13:16:32.612232251Z,bellOffInvocation,2026-02-02 13:16:32.620856+00:00,2026-02-02 13:16:32.620913+00:00
2076646ef03c22d0cb144ead5418f39e,2026-02-02T13:16:32.261256,0.08615711840932369,2026-02-02T13:16:32.612232251Z,gateUpInvocation,2026-02-02 13:16:32.617576+00:00,2026-02-02 13:16:32.617655+00:00
2076646ef03c22d0cb144ead5418f39e,2026-02-02T13:16:32.261256,0.08615711840932369,2026-02-02T13:16:32.612232251Z,lightOffInvocation,2026-02-02 13:16:32.617518+00:00,2026-02-02 13:16:32.617591+00:00
2076646ef03c22d0cb144ead5418f39e,2026-02-02T13:16:32.261256,0.08615711840932369,2026-02-02T13:16:32.612232251Z,gateUpInvocation,2026-02-02 13:16:32.617490+00:00,2026-02-02 13:16:32.617595+00:00
2076646ef03c22d0cb144ead5418f39e,2026-02-02T13:16:32.261256,0.08615711840932369,2026-02-02T13:16:32.612232251Z,bellOffInvocation,2026-02-02 13:16:32.621622+00:00,2026-02-02 13:16:32.621669+00:00
6d8a45b1eee0b9e74913b2b3d88b5249,2026-02-02T13:13:34.423248,0.05651336322822571,2026-02-02T13:13:34.731777682Z,lightOffInvocation,2026-02-02 13:13:34.739088+00:00,2026-02-02 13:13:34.739184+00:00
6d8a45b1eee0b9e74913b2b3d88b5249,2026-02-02T13:13:34.423248,0.05651336322822571,2026-02-02T13:13:34.731777682Z,bellOffInvocation,2026-02-02 13:13:34.744249+00:00,2026-02-02 13:13:34.744367+00:00
6d8a45b1eee0b9e74913b2b3d88b5249,2026-02-02T13:13:34.423248,0.05651336322822571,2026-02-02T13:13:34.731777682Z,gateUpInvocation,2026-02-02 13:13:34.742298+00:00,2026-02-02 13:13:34.742431+00:00
6d8a45b1eee0b9e74913b2b3d88b5249,2026-02-02T13:13:34.423248,0.05651336322822571,2026-02-02T13:13:34.731777682Z,gateUpInvocation,2026-02-02 13:13:34.739466+00:00,2026-02-02 13:13:34.739560+00:00
6d8a45b1eee0b9e74913b2b3d88b5249,2026-02-02T13:13:34.423248,0.05651336322822571,2026-02-02T13:13:34.731777682Z,bellOffInvocation,2026-02-02 13:13:34.741801+00:00,2026-02-02 13:13:34.741968+00:00
6d8a45b1eee0b9e74913b2b3d88b5249,2026-02-02T13:13:34.423248,0.05651336322822571,2026-02-02T13:13:34.731777682Z,lightOffInvocation,2026-02-02 13:13:34.742367+00:00,2026-02-02 13:13:34.742510+00:00
0826667e2c576ecdd9233f1c29e27a46,2026-02-02T13:14:35.115165,0.06646027302455902,2026-02-02T13:14:34.419483041Z,lightOnAction,2026-02-02 13:14:36.434192+00:00,2026-02-02 13:14:36.434226+00:00
0826667e2c576ecdd9233f1c29e27a46,2026-02-02T13:14:35.115165,0.06646027302455902,2026-02-02T13:14:34.419483041Z,bellOnInvocation,2026-02-02 13:14:34.436100+00:00,2026-02-02 13:14:34.436188+00:00
0826667e2c576ecdd9233f1c29e27a46,2026-02-02T13:14:35.115165,0.06646027302455902,2026-02-02T13:14:34.419483041Z,bellOnAction,2026-02-02 13:14:36.436491+00:00,2026-02-02 13:14:36.436520+00:00
0826667e2c576ecdd9233f1c29e27a46,2026-02-02T13:14:35.115165,0.06646027302455902,2026-02-02T13:14:34.419483041Z,gateDownInvocation,2026-02-02 13:14:34.433261+00:00,2026-02-02 13:14:34.433780+00:00
0826667e2c576ecdd9233f1c29e27a46,2026-02-02T13:14:35.115165,0.06646027302455902,2026-02-02T13:14:34.419483041Z,gateDownAction,2026-02-02 13:14:36.434740+00:00,2026-02-02 13:14:36.434773+00:00
0826667e2c576ecdd9233f1c29e27a46,2026-02-02T13:14:35.115165,0.06646027302455902,2026-02-02T13:14:34.419483041Z,gateDownInvocation,2026-02-02 13:14:34.434739+00:00,2026-02-02 13:14:34.434876+00:00
0826667e2c576ecdd9233f1c29e27a46,2026-02-02T13:14:35.115165,0.06646027302455902,2026-02-02T13:14:34.419483041Z,lightOnAction,2026-02-02 13:14:36.435706+00:00,2026-02-02 13:14:36.435741+00:00
0826667e2c576ecdd9233f1c29e27a46,2026-02-02T13:14:35.115165,0.06646027302455902,2026-02-02T13:14:34.419483041Z,lightOnInvocation,2026-02-02 13:14:34.431790+00:00,2026-02-02 13:14:34.432115+00:00
0826667e2c576ecdd9233f1c29e27a46,2026-02-02T13:14:35.115165,0.06646027302455902,2026-02-02T13:14:34.419483041Z,bellOnInvocation,2026-02-02 13:14:34.436549+00:00,2026-02-02 13:14:34.436644+00:00
0826667e2c576ecdd9233f1c29e27a46,2026-02-02T13:14:35.115165,0.06646027302455902,2026-02-02T13:14:34.419483041Z,bellOnAction,2026-02-02 13:14:36.436968+00:00,2026-02-02 13:14:36.437001+00:00
0826667e2c576ecdd9233f1c29e27a46,2026-02-02T13:14:35.115165,0.06646027302455902,2026-02-02T13:14:34.419483041Z,gateDownAction,2026-02-02 13:14:36.436813+00:00,2026-02-02 13:14:36.436850+00:00
0826667e2c576ecdd9233f1c29e27a46,2026-02-02T13:14:35.115165,0.06646027302455902,2026-02-02T13:14:34.419483041Z,lightOnInvocation,2026-02-02 13:14:34.433305+00:00,2026-02-02 13:14:34.433646+00:00
8bd78e58333763d042f08932e381dff5,2026-02-02T13:11:20.238327,0.034151187441182146,2026-02-02T13:11:20.545292143Z,bellOffInvocation,2026-02-02 13:11:20.558158+00:00,2026-02-02 13:11:20.558235+00:00
8bd78e58333763d042f08932e381dff5,2026-02-02T13:11:20.238327,0.034151187441182146,2026-02-02T13:11:20.545292143Z,bellOffInvocation,2026-02-02 13:11:20.559017+00:00,2026-02-02 13:11:20.559131+00:00
8bd78e58333763d042f08932e381dff5,2026-02-02T13:11:20.238327,0.034151187441182146,2026-02-02T13:11:20.545292143Z,lightOffInvocation,2026-02-02 13:11:20.555182+00:00,2026-02-02 13:11:20.555304+00:00
8bd78e58333763d042f08932e381dff5,2026-02-02T13:11:20.238327,0.034151187441182146,2026-02-02T13:11:20.545292143Z,gateUpInvocation,2026-02-02 13:11:20.554872+00:00,2026-02-02 13:11:20.555005+00:00
8bd78e58333763d042f08932e381dff5,2026-02-02T13:11:20.238327,0.034151187441182146,2026-02-02T13:11:20.545292143Z,lightOffInvocation,2026-02-02 13:11:20.555582+00:00,2026-02-02 13:11:20.555718+00:00
8bd78e58333763d042f08932e381dff5,2026-02-02T13:11:20.238327,0.034151187441182146,2026-02-02T13:11:20.545292143Z,gateUpInvocation,2026-02-02 13:11:20.554369+00:00,2026-02-02 13:11:20.554530+00:00
88a5e303eff41b106dd6f9c82bde1a33,2026-02-02T13:14:00.422351,0.0608527738282323,2026-02-02T13:14:00.770735849Z,bellOffInvocation,2026-02-02 13:14:00.776882+00:00,2026-02-02 13:14:00.776924+00:00
88a5e303eff41b106dd6f9c82bde1a33,2026-02-02T13:14:00.422351,0.0608527738282323,2026-02-02T13:14:00.770735849Z,gateUpInvocation,2026-02-02 13:14:00.773878+00:00,2026-02-02 13:14:00.773938+00:00
88a5e303eff41b106dd6f9c82bde1a33,2026-02-02T13:14:00.422351,0.0608527738282323,2026-02-02T13:14:00.770735849Z,gateUpInvocation,2026-02-02 13:14:00.774861+00:00,2026-02-02 13:14:00.774926+00:00
88a5e303eff41b106dd6f9c82bde1a33,2026-02-02T13:14:00.422351,0.0608527738282323,2026-02-02T13:14:00.770735849Z,lightOffInvocation,2026-02-02 13:14:00.774835+00:00,2026-02-02 13:14:00.774889+00:00
88a5e303eff41b106dd6f9c82bde1a33,2026-02-02T13:14:00.422351,0.0608527738282323,2026-02-02T13:14:00.770735849Z,bellOffInvocation,2026-02-02 13:14:00.776200+00:00,2026-02-02 13:14:00.776256+00:00
88a5e303eff41b106dd6f9c82bde1a33,2026-02-02T13:14:00.422351,0.0608527738282323,2026-02-02T13:14:00.770735849Z,lightOffInvocation,2026-02-02 13:14:00.773656+00:00,2026-02-02 13:14:00.773714+00:00
96f53219a36f7400e50af909bc4d0874,2026-02-02T13:08:19.191666,0.003979080586540698,2026-02-02T13:08:19.494532419Z,bellOffInvocation,2026-02-02 13:08:19.512320+00:00,2026-02-02 13:08:19.512399+00:00
96f53219a36f7400e50af909bc4d0874,2026-02-02T13:08:19.191666,0.003979080586540698,2026-02-02T13:08:19.494532419Z,lightOffInvocation,2026-02-02 13:08:19.510333+00:00,2026-02-02 13:08:19.510418+00:00
96f53219a36f7400e50af909bc4d0874,2026-02-02T13:08:19.191666,0.003979080586540698,2026-02-02T13:08:19.494532419Z,bellOffInvocation,2026-02-02 13:08:19.516584+00:00,2026-02-02 13:08:19.516695+00:00
96f53219a36f7400e50af909bc4d0874,2026-02-02T13:08:19.191666,0.003979080586540698,2026-02-02T13:08:19.494532419Z,lightOffInvocation,2026-02-02 13:08:19.513007+00:00,2026-02-02 13:08:19.513089+00:00
96f53219a36f7400e50af909bc4d0874,2026-02-02T13:08:19.191666,0.003979080586540698,2026-02-02T13:08:19.494532419Z,gateUpInvocation,2026-02-02 13:08:19.509304+00:00,2026-02-02 13:08:19.509418+00:00
96f53219a36f7400e50af909bc4d0874,2026-02-02T13:08:19.191666,0.003979080586540698,2026-02-02T13:08:19.494532419Z,gateUpInvocation,2026-02-02 13:08:19.510524+00:00,2026-02-02 13:08:19.510603+00:00
734eac33e0ca84f3292b299fae68bad6,2026-02-02T13:15:05.423852,0.07151596949810982,2026-02-02T13:15:04.75646162Z,bellOnInvocation,2026-02-02 13:15:04.765902+00:00,2026-02-02 13:15:04.765984+00:00
734eac33e0ca84f3292b299fae68bad6,2026-02-02T13:15:05.423852,0.07151596949810982,2026-02-02T13:15:04.75646162Z,lightOnInvocation,2026-02-02 13:15:04.764741+00:00,2026-02-02 13:15:04.764843+00:00
734eac33e0ca84f3292b299fae68bad6,2026-02-02T13:15:05.423852,0.07151596949810982,2026-02-02T13:15:04.75646162Z,lightOnAction,2026-02-02 13:15:06.765718+00:00,2026-02-02 13:15:06.765804+00:00
734eac33e0ca84f3292b299fae68bad6,2026-02-02T13:15:05.423852,0.07151596949810982,2026-02-02T13:15:04.75646162Z,gateDownAction,2026-02-02 13:15:06.763460+00:00,2026-02-02 13:15:06.763572+00:00
734eac33e0ca84f3292b299fae68bad6,2026-02-02T13:15:05.423852,0.07151596949810982,2026-02-02T13:15:04.75646162Z,gateDownInvocation,2026-02-02 13:15:04.762359+00:00,2026-02-02 13:15:04.762530+00:00
734eac33e0ca84f3292b299fae68bad6,2026-02-02T13:15:05.423852,0.07151596949810982,2026-02-02T13:15:04.75646162Z,gateDownInvocation,2026-02-02 13:15:04.763936+00:00,2026-02-02 13:15:04.764092+00:00
734eac33e0ca84f3292b299fae68bad6,2026-02-02T13:15:05.423852,0.07151596949810982,2026-02-02T13:15:04.75646162Z,gateDownAction,2026-02-02 13:15:06.765302+00:00,2026-02-02 13:15:06.765386+00:00
734eac33e0ca84f3292b299fae68bad6,2026-02-02T13:15:05.423852,0.07151596949810982,2026-02-02T13:15:04.75646162Z,bellOnInvocation,2026-02-02 13:15:04.765172+00:00,2026-02-02 13:15:04.765266+00:00
734eac33e0ca84f3292b299fae68bad6,2026-02-02T13:15:05.423852,0.07151596949810982,2026-02-02T13:15:04.75646162Z,lightOnAction,2026-02-02 13:15:06.764268+00:00,2026-02-02 13:15:06.764352+00:00
734eac33e0ca84f3292b299fae68bad6,2026-02-02T13:15:05.423852,0.07151596949810982,2026-02-02T13:15:04.75646162Z,lightOnInvocation,2026-02-02 13:15:04.762475+00:00,2026-02-02 13:15:04.762628+00:00
734eac33e0ca84f3292b299fae68bad6,2026-02-02T13:15:05.423852,0.07151596949810982,2026-02-02T13:15:04.75646162Z,bellOnAction,2026-02-02 13:15:06.765666+00:00,2026-02-02 13:15:06.765722+00:00
734eac33e0ca84f3292b299fae68bad6,2026-02-02T13:15:05.423852,0.07151596949810982,2026-02-02T13:15:04.75646162Z,bellOnAction,2026-02-02 13:15:06.767184+00:00,2026-02-02 13:15:06.767272+00:00
2895bed629a8745bc12af801c52c4777,2026-02-02T13:17:37.551789,0.09687446739065647,2026-02-02T13:17:36.922509096Z,gateDownAction,2026-02-02 13:17:38.928160+00:00,2026-02-02 13:17:38.928238+00:00
2895bed629a8745bc12af801c52c4777,2026-02-02T13:17:37.551789,0.09687446739065647,2026-02-02T13:17:36.922509096Z,lightOnAction,2026-02-02 13:17:38.928078+00:00,2026-02-02 13:17:38.928178+00:00
2895bed629a8745bc12af801c52c4777,2026-02-02T13:17:37.551789,0.09687446739065647,2026-02-02T13:17:36.922509096Z,lightOnInvocation,2026-02-02 13:17:36.927177+00:00,2026-02-02 13:17:36.927243+00:00
2895bed629a8745bc12af801c52c4777,2026-02-02T13:17:37.551789,0.09687446739065647,2026-02-02T13:17:36.922509096Z,lightOnAction,2026-02-02 13:17:38.928078+00:00,2026-02-02 13:17:38.928178+00:00
2895bed629a8745bc12af801c52c4777,2026-02-02T13:17:37.551789,0.09687446739065647,2026-02-02T13:17:36.922509096Z,bellOnAction,2026-02-02 13:17:38.927812+00:00,2026-02-02 13:17:38.927882+00:00
2895bed629a8745bc12af801c52c4777,2026-02-02T13:17:37.551789,0.09687446739065647,2026-02-02T13:17:36.922509096Z,gateDownInvocation,2026-02-02 13:17:36.928050+00:00,2026-02-02 13:17:36.928135+00:00
2895bed629a8745bc12af801c52c4777,2026-02-02T13:17:37.551789,0.09687446739065647,2026-02-02T13:17:36.922509096Z,gateDownInvocation,2026-02-02 13:17:36.926840+00:00,2026-02-02 13:17:36.927009+00:00
2895bed629a8745bc12af801c52c4777,2026-02-02T13:17:37.551789,0.09687446739065647,2026-02-02T13:17:36.922509096Z,bellOnAction,2026-02-02 13:17:38.929587+00:00,2026-02-02 13:17:38.929650+00:00
2895bed629a8745bc12af801c52c4777,2026-02-02T13:17:37.551789,0.09687446739065647,2026-02-02T13:17:36.922509096Z,gateDownAction,2026-02-02 13:17:38.928167+00:00,2026-02-02 13:17:38.928222+00:00
2895bed629a8745bc12af801c52c4777,2026-02-02T13:17:37.551789,0.09687446739065647,2026-02-02T13:17:36.922509096Z,lightOnInvocation,2026-02-02 13:17:36.926901+00:00,2026-02-02 13:17:36.926994+00:00
2895bed629a8745bc12af801c52c4777,2026-02-02T13:17:37.551789,0.09687446739065647,2026-02-02T13:17:36.922509096Z,bellOnInvocation,2026-02-02 13:17:36.928758+00:00,2026-02-02 13:17:36.928881+00:00
2895bed629a8745bc12af801c52c4777,2026-02-02T13:17:37.551789,0.09687446739065647,2026-02-02T13:17:36.922509096Z,bellOnInvocation,2026-02-02 13:17:36.927191+00:00,2026-02-02 13:17:36.927270+00:00
7f5c7a8f3997b1a1caf450b8bd1ce043,2026-02-02T13:16:32.261256,0.08598286290202141,2026-02-02T13:16:31.566507392Z,gateDownInvocation,2026-02-02 13:16:31.571177+00:00,2026-02-02 13:16:31.571350+00:00
7f5c7a8f3997b1a1caf450b8bd1ce043,2026-02-02T13:16:32.261256,0.08598286290202141,2026-02-02T13:16:31.566507392Z,bellOnAction,2026-02-02 13:16:33.575072+00:00,2026-02-02 13:16:33.575168+00:00
7f5c7a8f3997b1a1caf450b8bd1ce043,2026-02-02T13:16:32.261256,0.08598286290202141,2026-02-02T13:16:31.566507392Z,lightOnAction,2026-02-02 13:16:33.572321+00:00,2026-02-02 13:16:33.572431+00:00
7f5c7a8f3997b1a1caf450b8bd1ce043,2026-02-02T13:16:32.261256,0.08598286290202141,2026-02-02T13:16:31.566507392Z,bellOnInvocation,2026-02-02 13:16:31.572837+00:00,2026-02-02 13:16:31.572961+00:00
7f5c7a8f3997b1a1caf450b8bd1ce043,2026-02-02T13:16:32.261256,0.08598286290202141,2026-02-02T13:16:31.566507392Z,lightOnAction,2026-02-02 13:16:33.572321+00:00,2026-02-02 13:16:33.572434+00:00
7f5c7a8f3997b1a1caf450b8bd1ce043,2026-02-02T13:16:32.261256,0.08598286290202141,2026-02-02T13:16:31.566507392Z,gateDownAction,2026-02-02 13:16:33.572329+00:00,2026-02-02 13:16:33.572437+00:00
7f5c7a8f3997b1a1caf450b8bd1ce043,2026-02-02T13:16:32.261256,0.08598286290202141,2026-02-02T13:16:31.566507392Z,bellOnAction,2026-02-02 13:16:33.573555+00:00,2026-02-02 13:16:33.573623+00:00
7f5c7a8f3997b1a1caf450b8bd1ce043,2026-02-02T13:16:32.261256,0.08598286290202141,2026-02-02T13:16:31.566507392Z,gateDownInvocation,2026-02-02 13:16:31.570798+00:00,2026-02-02 13:16:31.571030+00:00
7f5c7a8f3997b1a1caf450b8bd1ce043,2026-02-02T13:16:32.261256,0.08598286290202141,2026-02-02T13:16:31.566507392Z,lightOnInvocation,2026-02-02 13:16:31.570980+00:00,2026-02-02 13:16:31.571123+00:00
7f5c7a8f3997b1a1caf450b8bd1ce043,2026-02-02T13:16:32.261256,0.08598286290202141,2026-02-02T13:16:31.566507392Z,bellOnInvocation,2026-02-02 13:16:31.573753+00:00,2026-02-02 13:16:31.573822+00:00
7f5c7a8f3997b1a1caf450b8bd1ce043,2026-02-02T13:16:32.261256,0.08598286290202141,2026-02-02T13:16:31.566507392Z,gateDownAction,2026-02-02 13:16:33.572020+00:00,2026-02-02 13:16:33.572106+00:00
7f5c7a8f3997b1a1caf450b8bd1ce043,2026-02-02T13:16:32.261256,0.08598286290202141,2026-02-02T13:16:31.566507392Z,lightOnInvocation,2026-02-02 13:16:31.571273+00:00,2026-02-02 13:16:31.571407+00:00
b1e50dba7d94857bb11b30200221d097,2026-02-02T13:08:40.711473,0.0075655174357175834,2026-02-02T13:08:41.015229495Z,bellOffInvocation,2026-02-02 13:08:41.021399+00:00,2026-02-02 13:08:41.021439+00:00
b1e50dba7d94857bb11b30200221d097,2026-02-02T13:08:40.711473,0.0075655174357175834,2026-02-02T13:08:41.015229495Z,gateUpInvocation,2026-02-02 13:08:41.019485+00:00,2026-02-02 13:08:41.019526+00:00
b1e50dba7d94857bb11b30200221d097,2026-02-02T13:08:40.711473,0.0075655174357175834,2026-02-02T13:08:41.015229495Z,bellOffInvocation,2026-02-02 13:08:41.022617+00:00,2026-02-02 13:08:41.022641+00:00
b1e50dba7d94857bb11b30200221d097,2026-02-02T13:08:40.711473,0.0075655174357175834,2026-02-02T13:08:41.015229495Z,lightOffInvocation,2026-02-02 13:08:41.019560+00:00,2026-02-02 13:08:41.019624+00:00
b1e50dba7d94857bb11b30200221d097,2026-02-02T13:08:40.711473,0.0075655174357175834,2026-02-02T13:08:41.015229495Z,gateUpInvocation,2026-02-02 13:08:41.019482+00:00,2026-02-02 13:08:41.019526+00:00
b1e50dba7d94857bb11b30200221d097,2026-02-02T13:08:40.711473,0.0075655174357175834,2026-02-02T13:08:41.015229495Z,lightOffInvocation,2026-02-02 13:08:41.019480+00:00,2026-02-02 13:08:41.019526+00:00
a7f38203a73d1448146d0b2b31fd035a,2026-02-02T13:14:04.759948,0.06157133251746894,2026-02-02T13:14:05.082690564Z,gateUpInvocation,2026-02-02 13:14:05.094532+00:00,2026-02-02 13:14:05.094667+00:00
a7f38203a73d1448146d0b2b31fd035a,2026-02-02T13:14:04.759948,0.06157133251746894,2026-02-02T13:14:05.082690564Z,gateUpInvocation,2026-02-02 13:14:05.091677+00:00,2026-02-02 13:14:05.091812+00:00
a7f38203a73d1448146d0b2b31fd035a,2026-02-02T13:14:04.759948,0.06157133251746894,2026-02-02T13:14:05.082690564Z,lightOffInvocation,2026-02-02 13:14:05.091688+00:00,2026-02-02 13:14:05.091843+00:00
a7f38203a73d1448146d0b2b31fd035a,2026-02-02T13:14:04.759948,0.06157133251746894,2026-02-02T13:14:05.082690564Z,bellOffInvocation,2026-02-02 13:14:05.094592+00:00,2026-02-02 13:14:05.094925+00:00
a7f38203a73d1448146d0b2b31fd035a,2026-02-02T13:14:04.759948,0.06157133251746894,2026-02-02T13:14:05.082690564Z,lightOffInvocation,2026-02-02 13:14:05.094525+00:00,2026-02-02 13:14:05.094664+00:00
a7f38203a73d1448146d0b2b31fd035a,2026-02-02T13:14:04.759948,0.06157133251746894,2026-02-02T13:14:05.082690564Z,bellOffInvocation,2026-02-02 13:14:05.096755+00:00,2026-02-02 13:14:05.096879+00:00
b16fe953e169389c01894d0461d1fbaf,2026-02-02T13:10:06.906364,0.021932100611925128,2026-02-02T13:10:07.223357176Z,bellOffInvocation,2026-02-02 13:10:07.233236+00:00,2026-02-02 13:10:07.233280+00:00
b16fe953e169389c01894d0461d1fbaf,2026-02-02T13:10:06.906364,0.021932100611925128,2026-02-02T13:10:07.223357176Z,lightOffInvocation,2026-02-02 13:10:07.227611+00:00,2026-02-02 13:10:07.227653+00:00
b16fe953e169389c01894d0461d1fbaf,2026-02-02T13:10:06.906364,0.021932100611925128,2026-02-02T13:10:07.223357176Z,lightOffInvocation,2026-02-02 13:10:07.227782+00:00,2026-02-02 13:10:07.227838+00:00
b16fe953e169389c01894d0461d1fbaf,2026-02-02T13:10:06.906364,0.021932100611925128,2026-02-02T13:10:07.223357176Z,gateUpInvocation,2026-02-02 13:10:07.227456+00:00,2026-02-02 13:10:07.227515+00:00
b16fe953e169389c01894d0461d1fbaf,2026-02-02T13:10:06.906364,0.021932100611925128,2026-02-02T13:10:07.223357176Z,gateUpInvocation,2026-02-02 13:10:07.227476+00:00,2026-02-02 13:10:07.227540+00:00
b16fe953e169389c01894d0461d1fbaf,2026-02-02T13:10:06.906364,0.021932100611925128,2026-02-02T13:10:07.223357176Z,bellOffInvocation,2026-02-02 13:10:07.229077+00:00,2026-02-02 13:10:07.229121+00:00
6fbba125814ecd1f33ea49cf217eacb8,2026-02-02T13:17:28.801892,0.0955757184895873,2026-02-02T13:17:29.129237022Z,gateUpInvocation,2026-02-02 13:17:29.132554+00:00,2026-02-02 13:17:29.132597+00:00
6fbba125814ecd1f33ea49cf217eacb8,2026-02-02T13:17:28.801892,0.0955757184895873,2026-02-02T13:17:29.129237022Z,bellOffInvocation,2026-02-02 13:17:29.133769+00:00,2026-02-02 13:17:29.133813+00:00
6fbba125814ecd1f33ea49cf217eacb8,2026-02-02T13:17:28.801892,0.0955757184895873,2026-02-02T13:17:29.129237022Z,bellOffInvocation,2026-02-02 13:17:29.134432+00:00,2026-02-02 13:17:29.134468+00:00
6fbba125814ecd1f33ea49cf217eacb8,2026-02-02T13:17:28.801892,0.0955757184895873,2026-02-02T13:17:29.129237022Z,lightOffInvocation,2026-02-02 13:17:29.132337+00:00,2026-02-02 13:17:29.132389+00:00
6fbba125814ecd1f33ea49cf217eacb8,2026-02-02T13:17:28.801892,0.0955757184895873,2026-02-02T13:17:29.129237022Z,lightOffInvocation,2026-02-02 13:17:29.131817+00:00,2026-02-02 13:17:29.131867+00:00
6fbba125814ecd1f33ea49cf217eacb8,2026-02-02T13:17:28.801892,0.0955757184895873,2026-02-02T13:17:29.129237022Z,gateUpInvocation,2026-02-02 13:17:29.131812+00:00,2026-02-02 13:17:29.131855+00:00
075fd8e2d6ba5acbdfd9bde72a7ac61c,2026-02-02T13:16:23.621416,0.08455473022387029,2026-02-02T13:16:22.996845822Z,bellOnAction,2026-02-02 13:16:25.009138+00:00,2026-02-02 13:16:25.009208+00:00
075fd8e2d6ba5acbdfd9bde72a7ac61c,2026-02-02T13:16:23.621416,0.08455473022387029,2026-02-02T13:16:22.996845822Z,gateDownInvocation,2026-02-02 13:16:23.006214+00:00,2026-02-02 13:16:23.006378+00:00
075fd8e2d6ba5acbdfd9bde72a7ac61c,2026-02-02T13:16:23.621416,0.08455473022387029,2026-02-02T13:16:22.996845822Z,gateDownAction,2026-02-02 13:16:25.003463+00:00,2026-02-02 13:16:25.003585+00:00
075fd8e2d6ba5acbdfd9bde72a7ac61c,2026-02-02T13:16:23.621416,0.08455473022387029,2026-02-02T13:16:22.996845822Z,lightOnInvocation,2026-02-02 13:16:23.002759+00:00,2026-02-02 13:16:23.002942+00:00
075fd8e2d6ba5acbdfd9bde72a7ac61c,2026-02-02T13:16:23.621416,0.08455473022387029,2026-02-02T13:16:22.996845822Z,gateDownAction,2026-02-02 13:16:25.007250+00:00,2026-02-02 13:16:25.007334+00:00
075fd8e2d6ba5acbdfd9bde72a7ac61c,2026-02-02T13:16:23.621416,0.08455473022387029,2026-02-02T13:16:22.996845822Z,bellOnInvocation,2026-02-02 13:16:23.007576+00:00,2026-02-02 13:16:23.007663+00:00
075fd8e2d6ba5acbdfd9bde72a7ac61c,2026-02-02T13:16:23.621416,0.08455473022387029,2026-02-02T13:16:22.996845822Z,gateDownInvocation,2026-02-02 13:16:23.002947+00:00,2026-02-02 13:16:23.003136+00:00
075fd8e2d6ba5acbdfd9bde72a7ac61c,2026-02-02T13:16:23.621416,0.08455473022387029,2026-02-02T13:16:22.996845822Z,lightOnInvocation,2026-02-02 13:16:23.006503+00:00,2026-02-02 13:16:23.006601+00:00
075fd8e2d6ba5acbdfd9bde72a7ac61c,2026-02-02T13:16:23.621416,0.08455473022387029,2026-02-02T13:16:22.996845822Z,lightOnAction,2026-02-02 13:16:25.007582+00:00,2026-02-02 13:16:25.007659+00:00
075fd8e2d6ba5acbdfd9bde72a7ac61c,2026-02-02T13:16:23.621416,0.08455473022387029,2026-02-02T13:16:22.996845822Z,lightOnAction,2026-02-02 13:16:25.003524+00:00,2026-02-02 13:16:25.003625+00:00
075fd8e2d6ba5acbdfd9bde72a7ac61c,2026-02-02T13:16:23.621416,0.08455473022387029,2026-02-02T13:16:22.996845822Z,bellOnAction,2026-02-02 13:16:25.005963+00:00,2026-02-02 13:16:25.006077+00:00
075fd8e2d6ba5acbdfd9bde72a7ac61c,2026-02-02T13:16:23.621416,0.08455473022387029,2026-02-02T13:16:22.996845822Z,bellOnInvocation,2026-02-02 13:16:23.003389+00:00,2026-02-02 13:16:23.003543+00:00
048de527e8b4956d47a67da6f40585c4,2026-02-02T13:17:50.608560,0.09905519469254016,2026-02-02T13:17:50.008200201Z,bellOnInvocation,2026-02-02 13:17:50.010900+00:00,2026-02-02 13:17:50.010983+00:00
048de527e8b4956d47a67da6f40585c4,2026-02-02T13:17:50.608560,0.09905519469254016,2026-02-02T13:17:50.008200201Z,lightOnAction,2026-02-02 13:17:52.012225+00:00,2026-02-02 13:17:52.012316+00:00
048de527e8b4956d47a67da6f40585c4,2026-02-02T13:17:50.608560,0.09905519469254016,2026-02-02T13:17:50.008200201Z,gateDownInvocation,2026-02-02 13:17:50.011682+00:00,2026-02-02 13:17:50.011741+00:00
048de527e8b4956d47a67da6f40585c4,2026-02-02T13:17:50.608560,0.09905519469254016,2026-02-02T13:17:50.008200201Z,gateDownAction,2026-02-02 13:17:52.011749+00:00,2026-02-02 13:17:52.011831+00:00
048de527e8b4956d47a67da6f40585c4,2026-02-02T13:17:50.608560,0.09905519469254016,2026-02-02T13:17:50.008200201Z,gateDownInvocation,2026-02-02 13:17:50.010759+00:00,2026-02-02 13:17:50.010857+00:00
048de527e8b4956d47a67da6f40585c4,2026-02-02T13:17:50.608560,0.09905519469254016,2026-02-02T13:17:50.008200201Z,bellOnAction,2026-02-02 13:17:52.011477+00:00,2026-02-02 13:17:52.011569+00:00
048de527e8b4956d47a67da6f40585c4,2026-02-02T13:17:50.608560,0.09905519469254016,2026-02-02T13:17:50.008200201Z,lightOnInvocation,2026-02-02 13:17:50.010792+00:00,2026-02-02 13:17:50.010877+00:00
048de527e8b4956d47a67da6f40585c4,2026-02-02T13:17:50.608560,0.09905519469254016,2026-02-02T13:17:50.008200201Z,lightOnAction,2026-02-02 13:17:52.011693+00:00,2026-02-02 13:17:52.011779+00:00
048de527e8b4956d47a67da6f40585c4,2026-02-02T13:17:50.608560,0.09905519469254016,2026-02-02T13:17:50.008200201Z,bellOnAction,2026-02-02 13:17:52.012281+00:00,2026-02-02 13:17:52.012337+00:00
048de527e8b4956d47a67da6f40585c4,2026-02-02T13:17:50.608560,0.09905519469254016,2026-02-02T13:17:50.008200201Z,lightOnInvocation,2026-02-02 13:17:50.011058+00:00,2026-02-02 13:17:50.011128+00:00
048de527e8b4956d47a67da6f40585c4,2026-02-02T13:17:50.608560,0.09905519469254016,2026-02-02T13:17:50.008200201Z,gateDownAction,2026-02-02 13:17:52.011868+00:00,2026-02-02 13:17:52.011947+00:00
048de527e8b4956d47a67da6f40585c4,2026-02-02T13:17:50.608560,0.09905519469254016,2026-02-02T13:17:50.008200201Z,bellOnInvocation,2026-02-02 13:17:50.012337+00:00,2026-02-02 13:17:50.012384+00:00
cc703a6fea2b27e4d55ad74b5ddecba7,2026-02-02T13:08:49.316294,0.00900034304611683,2026-02-02T13:08:49.625211979Z,gateUpInvocation,2026-02-02 13:08:49.638436+00:00,2026-02-02 13:08:49.638572+00:00
cc703a6fea2b27e4d55ad74b5ddecba7,2026-02-02T13:08:49.316294,0.00900034304611683,2026-02-02T13:08:49.625211979Z,lightOffInvocation,2026-02-02 13:08:49.637884+00:00,2026-02-02 13:08:49.638958+00:00
cc703a6fea2b27e4d55ad74b5ddecba7,2026-02-02T13:08:49.316294,0.00900034304611683,2026-02-02T13:08:49.625211979Z,bellOffInvocation,2026-02-02 13:08:49.642073+00:00,2026-02-02 13:08:49.642200+00:00
cc703a6fea2b27e4d55ad74b5ddecba7,2026-02-02T13:08:49.316294,0.00900034304611683,2026-02-02T13:08:49.625211979Z,lightOffInvocation,2026-02-02 13:08:49.642420+00:00,2026-02-02 13:08:49.642570+00:00
cc703a6fea2b27e4d55ad74b5ddecba7,2026-02-02T13:08:49.316294,0.00900034304611683,2026-02-02T13:08:49.625211979Z,bellOffInvocation,2026-02-02 13:08:49.648763+00:00,2026-02-02 13:08:49.648872+00:00
cc703a6fea2b27e4d55ad74b5ddecba7,2026-02-02T13:08:49.316294,0.00900034304611683,2026-02-02T13:08:49.625211979Z,gateUpInvocation,2026-02-02 13:08:49.639216+00:00,2026-02-02 13:08:49.639360+00:00
0addfc8673f1066913419fbdeaf2ff96,2026-02-02T13:15:44.576014,0.07821349871194364,2026-02-02T13:15:44.945674418Z,lightOffInvocation,2026-02-02 13:15:44.952402+00:00,2026-02-02 13:15:44.952559+00:00
0addfc8673f1066913419fbdeaf2ff96,2026-02-02T13:15:44.576014,0.07821349871194364,2026-02-02T13:15:44.945674418Z,gateUpInvocation,2026-02-02 13:15:44.952632+00:00,2026-02-02 13:15:44.952800+00:00
0addfc8673f1066913419fbdeaf2ff96,2026-02-02T13:15:44.576014,0.07821349871194364,2026-02-02T13:15:44.945674418Z,bellOffInvocation,2026-02-02 13:15:44.956284+00:00,2026-02-02 13:15:44.956366+00:00
0addfc8673f1066913419fbdeaf2ff96,2026-02-02T13:15:44.576014,0.07821349871194364,2026-02-02T13:15:44.945674418Z,gateUpInvocation,2026-02-02 13:15:44.952281+00:00,2026-02-02 13:15:44.952423+00:00
0addfc8673f1066913419fbdeaf2ff96,2026-02-02T13:15:44.576014,0.07821349871194364,2026-02-02T13:15:44.945674418Z,bellOffInvocation,2026-02-02 13:15:44.954987+00:00,2026-02-02 13:15:44.955090+00:00
0addfc8673f1066913419fbdeaf2ff96,2026-02-02T13:15:44.576014,0.07821349871194364,2026-02-02T13:15:44.945674418Z,lightOffInvocation,2026-02-02 13:15:44.952572+00:00,2026-02-02 13:15:44.952710+00:00
b63002b50add0753828db2521a910e3b,2026-02-02T13:13:56.062644,0.06012216507967711,2026-02-02T13:13:56.386713602Z,bellOffInvocation,2026-02-02 13:13:56.408649+00:00,2026-02-02 13:13:56.408996+00:00
b63002b50add0753828db2521a910e3b,2026-02-02T13:13:56.062644,0.06012216507967711,2026-02-02T13:13:56.386713602Z,lightOffInvocation,2026-02-02 13:13:56.398159+00:00,2026-02-02 13:13:56.398222+00:00
b63002b50add0753828db2521a910e3b,2026-02-02T13:13:56.062644,0.06012216507967711,2026-02-02T13:13:56.386713602Z,bellOffInvocation,2026-02-02 13:13:56.408090+00:00,2026-02-02 13:13:56.408301+00:00
b63002b50add0753828db2521a910e3b,2026-02-02T13:13:56.062644,0.06012216507967711,2026-02-02T13:13:56.386713602Z,lightOffInvocation,2026-02-02 13:13:56.403472+00:00,2026-02-02 13:13:56.403703+00:00
b63002b50add0753828db2521a910e3b,2026-02-02T13:13:56.062644,0.06012216507967711,2026-02-02T13:13:56.386713602Z,gateUpInvocation,2026-02-02 13:13:56.398146+00:00,2026-02-02 13:13:56.398209+00:00
b63002b50add0753828db2521a910e3b,2026-02-02T13:13:56.062644,0.06012216507967711,2026-02-02T13:13:56.386713602Z,gateUpInvocation,2026-02-02 13:13:56.402706+00:00,2026-02-02 13:13:56.402960+00:00
cff9e2e544485c2b27c762d6320865dc,2026-02-02T13:12:59.757136,0.0505762130209446,2026-02-02T13:12:59.105351685Z,lightOnInvocation,2026-02-02 13:12:59.113403+00:00,2026-02-02 13:12:59.113460+00:00
cff9e2e544485c2b27c762d6320865dc,2026-02-02T13:12:59.757136,0.0505762130209446,2026-02-02T13:12:59.105351685Z,bellOnInvocation,2026-02-02 13:12:59.113666+00:00,2026-02-02 13:12:59.113704+00:00
cff9e2e544485c2b27c762d6320865dc,2026-02-02T13:12:59.757136,0.0505762130209446,2026-02-02T13:12:59.105351685Z,lightOnInvocation,2026-02-02 13:12:59.112355+00:00,2026-02-02 13:12:59.112517+00:00
cff9e2e544485c2b27c762d6320865dc,2026-02-02T13:12:59.757136,0.0505762130209446,2026-02-02T13:12:59.105351685Z,bellOnAction,2026-02-02 13:13:01.114271+00:00,2026-02-02 13:13:01.114376+00:00
cff9e2e544485c2b27c762d6320865dc,2026-02-02T13:12:59.757136,0.0505762130209446,2026-02-02T13:12:59.105351685Z,bellOnInvocation,2026-02-02 13:12:59.114068+00:00,2026-02-02 13:12:59.114114+00:00
cff9e2e544485c2b27c762d6320865dc,2026-02-02T13:12:59.757136,0.0505762130209446,2026-02-02T13:12:59.105351685Z,gateDownAction,2026-02-02 13:13:01.114236+00:00,2026-02-02 13:13:01.114326+00:00
cff9e2e544485c2b27c762d6320865dc,2026-02-02T13:12:59.757136,0.0505762130209446,2026-02-02T13:12:59.105351685Z,lightOnAction,2026-02-02 13:13:01.113733+00:00,2026-02-02 13:13:01.113856+00:00
cff9e2e544485c2b27c762d6320865dc,2026-02-02T13:12:59.757136,0.0505762130209446,2026-02-02T13:12:59.105351685Z,bellOnAction,2026-02-02 13:13:01.114305+00:00,2026-02-02 13:13:01.114404+00:00
cff9e2e544485c2b27c762d6320865dc,2026-02-02T13:12:59.757136,0.0505762130209446,2026-02-02T13:12:59.105351685Z,gateDownInvocation,2026-02-02 13:12:59.113369+00:00,2026-02-02 13:12:59.113458+00:00
cff9e2e544485c2b27c762d6320865dc,2026-02-02T13:12:59.757136,0.0505762130209446,2026-02-02T13:12:59.105351685Z,lightOnAction,2026-02-02 13:13:01.113644+00:00,2026-02-02 13:13:01.113768+00:00
cff9e2e544485c2b27c762d6320865dc,2026-02-02T13:12:59.757136,0.0505762130209446,2026-02-02T13:12:59.105351685Z,gateDownInvocation,2026-02-02 13:12:59.112201+00:00,2026-02-02 13:12:59.112522+00:00
cff9e2e544485c2b27c762d6320865dc,2026-02-02T13:12:59.757136,0.0505762130209446,2026-02-02T13:12:59.105351685Z,gateDownAction,2026-02-02 13:13:01.113796+00:00,2026-02-02 13:13:01.113887+00:00
b98d25a0dfaa7b56d58c46fdfb96cd21,2026-02-02T13:14:39.445687,0.06718308864915372,2026-02-02T13:14:38.756428577Z,bellOnInvocation,2026-02-02 13:14:38.760870+00:00,2026-02-02 13:14:38.760951+00:00
b98d25a0dfaa7b56d58c46fdfb96cd21,2026-02-02T13:14:39.445687,0.06718308864915372,2026-02-02T13:14:38.756428577Z,bellOnAction,2026-02-02 13:14:40.760884+00:00,2026-02-02 13:14:40.760896+00:00
b98d25a0dfaa7b56d58c46fdfb96cd21,2026-02-02T13:14:39.445687,0.06718308864915372,2026-02-02T13:14:38.756428577Z,lightOnInvocation,2026-02-02 13:14:38.759277+00:00,2026-02-02 13:14:38.759335+00:00
b98d25a0dfaa7b56d58c46fdfb96cd21,2026-02-02T13:14:39.445687,0.06718308864915372,2026-02-02T13:14:38.756428577Z,gateDownAction,2026-02-02 13:14:40.761188+00:00,2026-02-02 13:14:40.761217+00:00
b98d25a0dfaa7b56d58c46fdfb96cd21,2026-02-02T13:14:39.445687,0.06718308864915372,2026-02-02T13:14:38.756428577Z,gateDownInvocation,2026-02-02 13:14:38.759767+00:00,2026-02-02 13:14:38.759860+00:00
b98d25a0dfaa7b56d58c46fdfb96cd21,2026-02-02T13:14:39.445687,0.06718308864915372,2026-02-02T13:14:38.756428577Z,lightOnAction,2026-02-02 13:14:40.759230+00:00,2026-02-02 13:14:40.759260+00:00
b98d25a0dfaa7b56d58c46fdfb96cd21,2026-02-02T13:14:39.445687,0.06718308864915372,2026-02-02T13:14:38.756428577Z,bellOnAction,2026-02-02 13:14:40.761300+00:00,2026-02-02 13:14:40.761312+00:00
b98d25a0dfaa7b56d58c46fdfb96cd21,2026-02-02T13:14:39.445687,0.06718308864915372,2026-02-02T13:14:38.756428577Z,bellOnInvocation,2026-02-02 13:14:38.760876+00:00,2026-02-02 13:14:38.760920+00:00
b98d25a0dfaa7b56d58c46fdfb96cd21,2026-02-02T13:14:39.445687,0.06718308864915372,2026-02-02T13:14:38.756428577Z,lightOnAction,2026-02-02 13:14:40.760771+00:00,2026-02-02 13:14:40.760799+00:00
b98d25a0dfaa7b56d58c46fdfb96cd21,2026-02-02T13:14:39.445687,0.06718308864915372,2026-02-02T13:14:38.756428577Z,lightOnInvocation,2026-02-02 13:14:38.759827+00:00,2026-02-02 13:14:38.759922+00:00
b98d25a0dfaa7b56d58c46fdfb96cd21,2026-02-02T13:14:39.445687,0.06718308864915372,2026-02-02T13:14:38.756428577Z,gateDownInvocation,2026-02-02 13:14:38.759365+00:00,2026-02-02 13:14:38.759487+00:00
b98d25a0dfaa7b56d58c46fdfb96cd21,2026-02-02T13:14:39.445687,0.06718308864915372,2026-02-02T13:14:38.756428577Z,gateDownAction,2026-02-02 13:14:40.760835+00:00,2026-02-02 13:14:40.760864+00:00
63cb9d981cf41e9a66090fd18ca8bdbe,2026-02-02T13:17:33.164701,0.09614121365249158,2026-02-02T13:17:32.522597409Z,lightOnAction,2026-02-02 13:17:34.527679+00:00,2026-02-02 13:17:34.527708+00:00
63cb9d981cf41e9a66090fd18ca8bdbe,2026-02-02T13:17:33.164701,0.09614121365249158,2026-02-02T13:17:32.522597409Z,bellOnInvocation,2026-02-02 13:17:32.528225+00:00,2026-02-02 13:17:32.528305+00:00
63cb9d981cf41e9a66090fd18ca8bdbe,2026-02-02T13:17:33.164701,0.09614121365249158,2026-02-02T13:17:32.522597409Z,bellOnInvocation,2026-02-02 13:17:32.529176+00:00,2026-02-02 13:17:32.529240+00:00
63cb9d981cf41e9a66090fd18ca8bdbe,2026-02-02T13:17:33.164701,0.09614121365249158,2026-02-02T13:17:32.522597409Z,gateDownInvocation,2026-02-02 13:17:32.526020+00:00,2026-02-02 13:17:32.526127+00:00
63cb9d981cf41e9a66090fd18ca8bdbe,2026-02-02T13:17:33.164701,0.09614121365249158,2026-02-02T13:17:32.522597409Z,lightOnInvocation,2026-02-02 13:17:32.526135+00:00,2026-02-02 13:17:32.526189+00:00
63cb9d981cf41e9a66090fd18ca8bdbe,2026-02-02T13:17:33.164701,0.09614121365249158,2026-02-02T13:17:32.522597409Z,gateDownInvocation,2026-02-02 13:17:32.526097+00:00,2026-02-02 13:17:32.526170+00:00
63cb9d981cf41e9a66090fd18ca8bdbe,2026-02-02T13:17:33.164701,0.09614121365249158,2026-02-02T13:17:32.522597409Z,bellOnAction,2026-02-02 13:17:34.530083+00:00,2026-02-02 13:17:34.530100+00:00
63cb9d981cf41e9a66090fd18ca8bdbe,2026-02-02T13:17:33.164701,0.09614121365249158,2026-02-02T13:17:32.522597409Z,lightOnAction,2026-02-02 13:17:34.526406+00:00,2026-02-02 13:17:34.526492+00:00
63cb9d981cf41e9a66090fd18ca8bdbe,2026-02-02T13:17:33.164701,0.09614121365249158,2026-02-02T13:17:32.522597409Z,bellOnAction,2026-02-02 13:17:34.528869+00:00,2026-02-02 13:17:34.528894+00:00
63cb9d981cf41e9a66090fd18ca8bdbe,2026-02-02T13:17:33.164701,0.09614121365249158,2026-02-02T13:17:32.522597409Z,lightOnInvocation,2026-02-02 13:17:32.527005+00:00,2026-02-02 13:17:32.527178+00:00
63cb9d981cf41e9a66090fd18ca8bdbe,2026-02-02T13:17:33.164701,0.09614121365249158,2026-02-02T13:17:32.522597409Z,gateDownAction,2026-02-02 13:17:34.526763+00:00,2026-02-02 13:17:34.526793+00:00
63cb9d981cf41e9a66090fd18ca8bdbe,2026-02-02T13:17:33.164701,0.09614121365249158,2026-02-02T13:17:32.522597409Z,gateDownAction,2026-02-02 13:17:34.527143+00:00,2026-02-02 13:17:34.527172+00:00
0b4b97c6d351ba770702a6806ec18b6f,2026-02-02T13:13:12.737890,0.05274008148406745,2026-02-02T13:13:12.08986122Z,gateDownAction,2026-02-02 13:13:14.098596+00:00,2026-02-02 13:13:14.098685+00:00
0b4b97c6d351ba770702a6806ec18b6f,2026-02-02T13:13:12.737890,0.05274008148406745,2026-02-02T13:13:12.08986122Z,bellOnAction,2026-02-02 13:13:14.102206+00:00,2026-02-02 13:13:14.102293+00:00
0b4b97c6d351ba770702a6806ec18b6f,2026-02-02T13:13:12.737890,0.05274008148406745,2026-02-02T13:13:12.08986122Z,lightOnInvocation,2026-02-02 13:13:12.097463+00:00,2026-02-02 13:13:12.097660+00:00
0b4b97c6d351ba770702a6806ec18b6f,2026-02-02T13:13:12.737890,0.05274008148406745,2026-02-02T13:13:12.08986122Z,gateDownInvocation,2026-02-02 13:13:12.098106+00:00,2026-02-02 13:13:12.098850+00:00
0b4b97c6d351ba770702a6806ec18b6f,2026-02-02T13:13:12.737890,0.05274008148406745,2026-02-02T13:13:12.08986122Z,bellOnAction,2026-02-02 13:13:14.104810+00:00,2026-02-02 13:13:14.104879+00:00
0b4b97c6d351ba770702a6806ec18b6f,2026-02-02T13:13:12.737890,0.05274008148406745,2026-02-02T13:13:12.08986122Z,lightOnInvocation,2026-02-02 13:13:12.098751+00:00,2026-02-02 13:13:12.098977+00:00
0b4b97c6d351ba770702a6806ec18b6f,2026-02-02T13:13:12.737890,0.05274008148406745,2026-02-02T13:13:12.08986122Z,bellOnInvocation,2026-02-02 13:13:12.100452+00:00,2026-02-02 13:13:12.100639+00:00
0b4b97c6d351ba770702a6806ec18b6f,2026-02-02T13:13:12.737890,0.05274008148406745,2026-02-02T13:13:12.08986122Z,lightOnAction,2026-02-02 13:13:14.098259+00:00,2026-02-02 13:13:14.098340+00:00
0b4b97c6d351ba770702a6806ec18b6f,2026-02-02T13:13:12.737890,0.05274008148406745,2026-02-02T13:13:12.08986122Z,lightOnAction,2026-02-02 13:13:14.099239+00:00,2026-02-02 13:13:14.099322+00:00
0b4b97c6d351ba770702a6806ec18b6f,2026-02-02T13:13:12.737890,0.05274008148406745,2026-02-02T13:13:12.08986122Z,gateDownInvocation,2026-02-02 13:13:12.097420+00:00,2026-02-02 13:13:12.097799+00:00
0b4b97c6d351ba770702a6806ec18b6f,2026-02-02T13:13:12.737890,0.05274008148406745,2026-02-02T13:13:12.08986122Z,bellOnInvocation,2026-02-02 13:13:12.102988+00:00,2026-02-02 13:13:12.103174+00:00
0b4b97c6d351ba770702a6806ec18b6f,2026-02-02T13:13:12.737890,0.05274008148406745,2026-02-02T13:13:12.08986122Z,gateDownAction,2026-02-02 13:13:14.101683+00:00,2026-02-02 13:13:14.101775+00:00
dd864927a40963f4cb1a7b6fcb062f43,2026-02-02T13:12:46.718164,0.04840235399063826,2026-02-02T13:12:46.060921639Z,bellOnInvocation,2026-02-02 13:12:46.075058+00:00,2026-02-02 13:12:46.075238+00:00
dd864927a40963f4cb1a7b6fcb062f43,2026-02-02T13:12:46.718164,0.04840235399063826,2026-02-02T13:12:46.060921639Z,gateDownInvocation,2026-02-02 13:12:46.069914+00:00,2026-02-02 13:12:46.070204+00:00
dd864927a40963f4cb1a7b6fcb062f43,2026-02-02T13:12:46.718164,0.04840235399063826,2026-02-02T13:12:46.060921639Z,bellOnInvocation,2026-02-02 13:12:46.074672+00:00,2026-02-02 13:12:46.074924+00:00
dd864927a40963f4cb1a7b6fcb062f43,2026-02-02T13:12:46.718164,0.04840235399063826,2026-02-02T13:12:46.060921639Z,gateDownInvocation,2026-02-02 13:12:46.071989+00:00,2026-02-02 13:12:46.072366+00:00
dd864927a40963f4cb1a7b6fcb062f43,2026-02-02T13:12:46.718164,0.04840235399063826,2026-02-02T13:12:46.060921639Z,lightOnInvocation,2026-02-02 13:12:46.070071+00:00,2026-02-02 13:12:46.070316+00:00
dd864927a40963f4cb1a7b6fcb062f43,2026-02-02T13:12:46.718164,0.04840235399063826,2026-02-02T13:12:46.060921639Z,lightOnAction,2026-02-02 13:12:48.071988+00:00,2026-02-02 13:12:48.072079+00:00
dd864927a40963f4cb1a7b6fcb062f43,2026-02-02T13:12:46.718164,0.04840235399063826,2026-02-02T13:12:46.060921639Z,bellOnAction,2026-02-02 13:12:48.075919+00:00,2026-02-02 13:12:48.076037+00:00
dd864927a40963f4cb1a7b6fcb062f43,2026-02-02T13:12:46.718164,0.04840235399063826,2026-02-02T13:12:46.060921639Z,gateDownAction,2026-02-02 13:12:48.072252+00:00,2026-02-02 13:12:48.072366+00:00
dd864927a40963f4cb1a7b6fcb062f43,2026-02-02T13:12:46.718164,0.04840235399063826,2026-02-02T13:12:46.060921639Z,gateDownAction,2026-02-02 13:12:48.074235+00:00,2026-02-02 13:12:48.074325+00:00
dd864927a40963f4cb1a7b6fcb062f43,2026-02-02T13:12:46.718164,0.04840235399063826,2026-02-02T13:12:46.060921639Z,lightOnAction,2026-02-02 13:12:48.072291+00:00,2026-02-02 13:12:48.072397+00:00
dd864927a40963f4cb1a7b6fcb062f43,2026-02-02T13:12:46.718164,0.04840235399063826,2026-02-02T13:12:46.060921639Z,lightOnInvocation,2026-02-02 13:12:46.070007+00:00,2026-02-02 13:12:46.070201+00:00
dd864927a40963f4cb1a7b6fcb062f43,2026-02-02T13:12:46.718164,0.04840235399063826,2026-02-02T13:12:46.060921639Z,bellOnAction,2026-02-02 13:12:48.076820+00:00,2026-02-02 13:12:48.076900+00:00
97dc89330688c6606439f5171a774e70,2026-02-02T13:12:25.072796,0.044961680385220054,2026-02-02T13:12:25.414638149Z,gateUpInvocation,2026-02-02 13:12:25.419059+00:00,2026-02-02 13:12:25.419106+00:00
97dc89330688c6606439f5171a774e70,2026-02-02T13:12:25.072796,0.044961680385220054,2026-02-02T13:12:25.414638149Z,gateUpInvocation,2026-02-02 13:12:25.419861+00:00,2026-02-02 13:12:25.419905+00:00
97dc89330688c6606439f5171a774e70,2026-02-02T13:12:25.072796,0.044961680385220054,2026-02-02T13:12:25.414638149Z,lightOffInvocation,2026-02-02 13:12:25.418592+00:00,2026-02-02 13:12:25.418635+00:00
97dc89330688c6606439f5171a774e70,2026-02-02T13:12:25.072796,0.044961680385220054,2026-02-02T13:12:25.414638149Z,bellOffInvocation,2026-02-02 13:12:25.422750+00:00,2026-02-02 13:12:25.422792+00:00
97dc89330688c6606439f5171a774e70,2026-02-02T13:12:25.072796,0.044961680385220054,2026-02-02T13:12:25.414638149Z,bellOffInvocation,2026-02-02 13:12:25.423302+00:00,2026-02-02 13:12:25.423348+00:00
97dc89330688c6606439f5171a774e70,2026-02-02T13:12:25.072796,0.044961680385220054,2026-02-02T13:12:25.414638149Z,lightOffInvocation,2026-02-02 13:12:25.420658+00:00,2026-02-02 13:12:25.420700+00:00
b74b449b6d0c5b12f28bdb2c6f56cb4d,2026-02-02T13:15:44.576014,0.07804218018807173,2026-02-02T13:15:43.917636745Z,gateDownInvocation,2026-02-02 13:15:43.924531+00:00,2026-02-02 13:15:43.924875+00:00
b74b449b6d0c5b12f28bdb2c6f56cb4d,2026-02-02T13:15:44.576014,0.07804218018807173,2026-02-02T13:15:43.917636745Z,lightOnAction,2026-02-02 13:15:45.925151+00:00,2026-02-02 13:15:45.925274+00:00
b74b449b6d0c5b12f28bdb2c6f56cb4d,2026-02-02T13:15:44.576014,0.07804218018807173,2026-02-02T13:15:43.917636745Z,lightOnInvocation,2026-02-02 13:15:43.924726+00:00,2026-02-02 13:15:43.924946+00:00
b74b449b6d0c5b12f28bdb2c6f56cb4d,2026-02-02T13:15:44.576014,0.07804218018807173,2026-02-02T13:15:43.917636745Z,bellOnInvocation,2026-02-02 13:15:43.926664+00:00,2026-02-02 13:15:43.926704+00:00
b74b449b6d0c5b12f28bdb2c6f56cb4d,2026-02-02T13:15:44.576014,0.07804218018807173,2026-02-02T13:15:43.917636745Z,bellOnInvocation,2026-02-02 13:15:43.926140+00:00,2026-02-02 13:15:43.926184+00:00
b74b449b6d0c5b12f28bdb2c6f56cb4d,2026-02-02T13:15:44.576014,0.07804218018807173,2026-02-02T13:15:43.917636745Z,gateDownInvocation,2026-02-02 13:15:43.924619+00:00,2026-02-02 13:15:43.924970+00:00
b74b449b6d0c5b12f28bdb2c6f56cb4d,2026-02-02T13:15:44.576014,0.07804218018807173,2026-02-02T13:15:43.917636745Z,bellOnAction,2026-02-02 13:15:45.927197+00:00,2026-02-02 13:15:45.927268+00:00
b74b449b6d0c5b12f28bdb2c6f56cb4d,2026-02-02T13:15:44.576014,0.07804218018807173,2026-02-02T13:15:43.917636745Z,gateDownAction,2026-02-02 13:15:45.925205+00:00,2026-02-02 13:15:45.925294+00:00
b74b449b6d0c5b12f28bdb2c6f56cb4d,2026-02-02T13:15:44.576014,0.07804218018807173,2026-02-02T13:15:43.917636745Z,gateDownAction,2026-02-02 13:15:45.925266+00:00,2026-02-02 13:15:45.925373+00:00
b74b449b6d0c5b12f28bdb2c6f56cb4d,2026-02-02T13:15:44.576014,0.07804218018807173,2026-02-02T13:15:43.917636745Z,bellOnAction,2026-02-02 13:15:45.927504+00:00,2026-02-02 13:15:45.927558+00:00
b74b449b6d0c5b12f28bdb2c6f56cb4d,2026-02-02T13:15:44.576014,0.07804218018807173,2026-02-02T13:15:43.917636745Z,lightOnAction,2026-02-02 13:15:45.925565+00:00,2026-02-02 13:15:45.925649+00:00
b74b449b6d0c5b12f28bdb2c6f56cb4d,2026-02-02T13:15:44.576014,0.07804218018807173,2026-02-02T13:15:43.917636745Z,lightOnInvocation,2026-02-02 13:15:43.924719+00:00,2026-02-02 13:15:43.924934+00:00
4958e0a808508191d4fc803eb6c17cb3,2026-02-02T13:10:19.842224,0.024087142390704155,2026-02-02T13:10:20.154972697Z,lightOffInvocation,2026-02-02 13:10:20.164360+00:00,2026-02-02 13:10:20.164494+00:00
4958e0a808508191d4fc803eb6c17cb3,2026-02-02T13:10:19.842224,0.024087142390704155,2026-02-02T13:10:20.154972697Z,gateUpInvocation,2026-02-02 13:10:20.168026+00:00,2026-02-02 13:10:20.168211+00:00
4958e0a808508191d4fc803eb6c17cb3,2026-02-02T13:10:19.842224,0.024087142390704155,2026-02-02T13:10:20.154972697Z,bellOffInvocation,2026-02-02 13:10:20.167221+00:00,2026-02-02 13:10:20.167368+00:00
4958e0a808508191d4fc803eb6c17cb3,2026-02-02T13:10:19.842224,0.024087142390704155,2026-02-02T13:10:20.154972697Z,lightOffInvocation,2026-02-02 13:10:20.164402+00:00,2026-02-02 13:10:20.164594+00:00
4958e0a808508191d4fc803eb6c17cb3,2026-02-02T13:10:19.842224,0.024087142390704155,2026-02-02T13:10:20.154972697Z,bellOffInvocation,2026-02-02 13:10:20.168354+00:00,2026-02-02 13:10:20.168490+00:00
4958e0a808508191d4fc803eb6c17cb3,2026-02-02T13:10:19.842224,0.024087142390704155,2026-02-02T13:10:20.154972697Z,gateUpInvocation,2026-02-02 13:10:20.164369+00:00,2026-02-02 13:10:20.164498+00:00
31d2be242e2b878f0cce656b379e5941,2026-02-02T13:09:02.240340,0.01115452537213564,2026-02-02T13:09:02.551515292Z,gateUpInvocation,2026-02-02 13:09:02.562829+00:00,2026-02-02 13:09:02.562997+00:00
31d2be242e2b878f0cce656b379e5941,2026-02-02T13:09:02.240340,0.01115452537213564,2026-02-02T13:09:02.551515292Z,bellOffInvocation,2026-02-02 13:09:02.576051+00:00,2026-02-02 13:09:02.576208+00:00
31d2be242e2b878f0cce656b379e5941,2026-02-02T13:09:02.240340,0.01115452537213564,2026-02-02T13:09:02.551515292Z,lightOffInvocation,2026-02-02 13:09:02.566065+00:00,2026-02-02 13:09:02.566219+00:00
31d2be242e2b878f0cce656b379e5941,2026-02-02T13:09:02.240340,0.01115452537213564,2026-02-02T13:09:02.551515292Z,bellOffInvocation,2026-02-02 13:09:02.570995+00:00,2026-02-02 13:09:02.571129+00:00
31d2be242e2b878f0cce656b379e5941,2026-02-02T13:09:02.240340,0.01115452537213564,2026-02-02T13:09:02.551515292Z,lightOffInvocation,2026-02-02 13:09:02.562856+00:00,2026-02-02 13:09:02.563035+00:00
31d2be242e2b878f0cce656b379e5941,2026-02-02T13:09:02.240340,0.01115452537213564,2026-02-02T13:09:02.551515292Z,gateUpInvocation,2026-02-02 13:09:02.564388+00:00,2026-02-02 13:09:02.564529+00:00
d39947d00eb0496e2e50aefa7a849a7f,2026-02-02T13:09:28.084625,0.015294269055950643,2026-02-02T13:09:27.392453058Z,bellOnInvocation,2026-02-02 13:09:27.413075+00:00,2026-02-02 13:09:27.413268+00:00
d39947d00eb0496e2e50aefa7a849a7f,2026-02-02T13:09:28.084625,0.015294269055950643,2026-02-02T13:09:27.392453058Z,gateDownAction,2026-02-02 13:09:29.406030+00:00,2026-02-02 13:09:29.406120+00:00
d39947d00eb0496e2e50aefa7a849a7f,2026-02-02T13:09:28.084625,0.015294269055950643,2026-02-02T13:09:27.392453058Z,bellOnAction,2026-02-02 13:09:29.414448+00:00,2026-02-02 13:09:29.414515+00:00
d39947d00eb0496e2e50aefa7a849a7f,2026-02-02T13:09:28.084625,0.015294269055950643,2026-02-02T13:09:27.392453058Z,lightOnInvocation,2026-02-02 13:09:27.403970+00:00,2026-02-02 13:09:27.404174+00:00
d39947d00eb0496e2e50aefa7a849a7f,2026-02-02T13:09:28.084625,0.015294269055950643,2026-02-02T13:09:27.392453058Z,lightOnAction,2026-02-02 13:09:29.405389+00:00,2026-02-02 13:09:29.405478+00:00
d39947d00eb0496e2e50aefa7a849a7f,2026-02-02T13:09:28.084625,0.015294269055950643,2026-02-02T13:09:27.392453058Z,gateDownInvocation,2026-02-02 13:09:27.403392+00:00,2026-02-02 13:09:27.404011+00:00
d39947d00eb0496e2e50aefa7a849a7f,2026-02-02T13:09:28.084625,0.015294269055950643,2026-02-02T13:09:27.392453058Z,gateDownInvocation,2026-02-02 13:09:27.407203+00:00,2026-02-02 13:09:27.407460+00:00
d39947d00eb0496e2e50aefa7a849a7f,2026-02-02T13:09:28.084625,0.015294269055950643,2026-02-02T13:09:27.392453058Z,bellOnAction,2026-02-02 13:09:29.411919+00:00,2026-02-02 13:09:29.412010+00:00
d39947d00eb0496e2e50aefa7a849a7f,2026-02-02T13:09:28.084625,0.015294269055950643,2026-02-02T13:09:27.392453058Z,lightOnInvocation,2026-02-02 13:09:27.407384+00:00,2026-02-02 13:09:27.407943+00:00
d39947d00eb0496e2e50aefa7a849a7f,2026-02-02T13:09:28.084625,0.015294269055950643,2026-02-02T13:09:27.392453058Z,lightOnAction,2026-02-02 13:09:29.410245+00:00,2026-02-02 13:09:29.410357+00:00
d39947d00eb0496e2e50aefa7a849a7f,2026-02-02T13:09:28.084625,0.015294269055950643,2026-02-02T13:09:27.392453058Z,bellOnInvocation,2026-02-02 13:09:27.409091+00:00,2026-02-02 13:09:27.409843+00:00
d39947d00eb0496e2e50aefa7a849a7f,2026-02-02T13:09:28.084625,0.015294269055950643,2026-02-02T13:09:27.392453058Z,gateDownAction,2026-02-02 13:09:29.411218+00:00,2026-02-02 13:09:29.411318+00:00
e91ec8332f3c4a85fe3781a8cd9c8886,2026-02-02T13:12:59.757136,0.050741220759332184,2026-02-02T13:13:00.095523769Z,bellOffInvocation,2026-02-02 13:13:00.104762+00:00,2026-02-02 13:13:00.104900+00:00
e91ec8332f3c4a85fe3781a8cd9c8886,2026-02-02T13:12:59.757136,0.050741220759332184,2026-02-02T13:13:00.095523769Z,gateUpInvocation,2026-02-02 13:13:00.102748+00:00,2026-02-02 13:13:00.102854+00:00
e91ec8332f3c4a85fe3781a8cd9c8886,2026-02-02T13:12:59.757136,0.050741220759332184,2026-02-02T13:13:00.095523769Z,bellOffInvocation,2026-02-02 13:13:00.104398+00:00,2026-02-02 13:13:00.104452+00:00
e91ec8332f3c4a85fe3781a8cd9c8886,2026-02-02T13:12:59.757136,0.050741220759332184,2026-02-02T13:13:00.095523769Z,lightOffInvocation,2026-02-02 13:13:00.102250+00:00,2026-02-02 13:13:00.102408+00:00
e91ec8332f3c4a85fe3781a8cd9c8886,2026-02-02T13:12:59.757136,0.050741220759332184,2026-02-02T13:13:00.095523769Z,lightOffInvocation,2026-02-02 13:13:00.103085+00:00,2026-02-02 13:13:00.103175+00:00
e91ec8332f3c4a85fe3781a8cd9c8886,2026-02-02T13:12:59.757136,0.050741220759332184,2026-02-02T13:13:00.095523769Z,gateUpInvocation,2026-02-02 13:13:00.103304+00:00,2026-02-02 13:13:00.103406+00:00
abc880c39f839b03110aa3f7f2b9cf26,2026-02-02T13:08:53.623867,0.009718141931593418,2026-02-02T13:08:53.932252983Z,bellOffInvocation,2026-02-02 13:08:53.939740+00:00,2026-02-02 13:08:53.939784+00:00
abc880c39f839b03110aa3f7f2b9cf26,2026-02-02T13:08:53.623867,0.009718141931593418,2026-02-02T13:08:53.932252983Z,lightOffInvocation,2026-02-02 13:08:53.938015+00:00,2026-02-02 13:08:53.938063+00:00
abc880c39f839b03110aa3f7f2b9cf26,2026-02-02T13:08:53.623867,0.009718141931593418,2026-02-02T13:08:53.932252983Z,lightOffInvocation,2026-02-02 13:08:53.937075+00:00,2026-02-02 13:08:53.937120+00:00
abc880c39f839b03110aa3f7f2b9cf26,2026-02-02T13:08:53.623867,0.009718141931593418,2026-02-02T13:08:53.932252983Z,gateUpInvocation,2026-02-02 13:08:53.937900+00:00,2026-02-02 13:08:53.937943+00:00
abc880c39f839b03110aa3f7f2b9cf26,2026-02-02T13:08:53.623867,0.009718141931593418,2026-02-02T13:08:53.932252983Z,gateUpInvocation,2026-02-02 13:08:53.937239+00:00,2026-02-02 13:08:53.937268+00:00
abc880c39f839b03110aa3f7f2b9cf26,2026-02-02T13:08:53.623867,0.009718141931593418,2026-02-02T13:08:53.932252983Z,bellOffInvocation,2026-02-02 13:08:53.938081+00:00,2026-02-02 13:08:53.938116+00:00
fc965600829dcadb7834e82f17ff2489,2026-02-02T13:11:37.529077,0.037035343352711206,2026-02-02T13:11:37.851994192Z,lightOffInvocation,2026-02-02 13:11:37.860970+00:00,2026-02-02 13:11:37.861112+00:00
fc965600829dcadb7834e82f17ff2489,2026-02-02T13:11:37.529077,0.037035343352711206,2026-02-02T13:11:37.851994192Z,gateUpInvocation,2026-02-02 13:11:37.864647+00:00,2026-02-02 13:11:37.864784+00:00
fc965600829dcadb7834e82f17ff2489,2026-02-02T13:11:37.529077,0.037035343352711206,2026-02-02T13:11:37.851994192Z,lightOffInvocation,2026-02-02 13:11:37.861502+00:00,2026-02-02 13:11:37.861647+00:00
fc965600829dcadb7834e82f17ff2489,2026-02-02T13:11:37.529077,0.037035343352711206,2026-02-02T13:11:37.851994192Z,gateUpInvocation,2026-02-02 13:11:37.861064+00:00,2026-02-02 13:11:37.861174+00:00
fc965600829dcadb7834e82f17ff2489,2026-02-02T13:11:37.529077,0.037035343352711206,2026-02-02T13:11:37.851994192Z,bellOffInvocation,2026-02-02 13:11:37.864069+00:00,2026-02-02 13:11:37.864224+00:00
fc965600829dcadb7834e82f17ff2489,2026-02-02T13:11:37.529077,0.037035343352711206,2026-02-02T13:11:37.851994192Z,bellOffInvocation,2026-02-02 13:11:37.865239+00:00,2026-02-02 13:11:37.865372+00:00
b3b3300880c6f7cf8238707a319306b4,2026-02-02T13:14:52.474169,0.06935948936468363,2026-02-02T13:14:51.816316727Z,gateDownAction,2026-02-02 13:14:53.822375+00:00,2026-02-02 13:14:53.822459+00:00
b3b3300880c6f7cf8238707a319306b4,2026-02-02T13:14:52.474169,0.06935948936468363,2026-02-02T13:14:51.816316727Z,gateDownInvocation,2026-02-02 13:14:51.821545+00:00,2026-02-02 13:14:51.821715+00:00
b3b3300880c6f7cf8238707a319306b4,2026-02-02T13:14:52.474169,0.06935948936468363,2026-02-02T13:14:51.816316727Z,lightOnAction,2026-02-02 13:14:53.822677+00:00,2026-02-02 13:14:53.822781+00:00
b3b3300880c6f7cf8238707a319306b4,2026-02-02T13:14:52.474169,0.06935948936468363,2026-02-02T13:14:51.816316727Z,bellOnAction,2026-02-02 13:14:53.826289+00:00,2026-02-02 13:14:53.826378+00:00
b3b3300880c6f7cf8238707a319306b4,2026-02-02T13:14:52.474169,0.06935948936468363,2026-02-02T13:14:51.816316727Z,gateDownAction,2026-02-02 13:14:53.826234+00:00,2026-02-02 13:14:53.826320+00:00
b3b3300880c6f7cf8238707a319306b4,2026-02-02T13:14:52.474169,0.06935948936468363,2026-02-02T13:14:51.816316727Z,bellOnInvocation,2026-02-02 13:14:51.825319+00:00,2026-02-02 13:14:51.825429+00:00
b3b3300880c6f7cf8238707a319306b4,2026-02-02T13:14:52.474169,0.06935948936468363,2026-02-02T13:14:51.816316727Z,bellOnAction,2026-02-02 13:14:53.824763+00:00,2026-02-02 13:14:53.824835+00:00
b3b3300880c6f7cf8238707a319306b4,2026-02-02T13:14:52.474169,0.06935948936468363,2026-02-02T13:14:51.816316727Z,lightOnAction,2026-02-02 13:14:53.828572+00:00,2026-02-02 13:14:53.828662+00:00
b3b3300880c6f7cf8238707a319306b4,2026-02-02T13:14:52.474169,0.06935948936468363,2026-02-02T13:14:51.816316727Z,lightOnInvocation,2026-02-02 13:14:51.821627+00:00,2026-02-02 13:14:51.821756+00:00
b3b3300880c6f7cf8238707a319306b4,2026-02-02T13:14:52.474169,0.06935948936468363,2026-02-02T13:14:51.816316727Z,bellOnInvocation,2026-02-02 13:14:51.824121+00:00,2026-02-02 13:14:51.824241+00:00
b3b3300880c6f7cf8238707a319306b4,2026-02-02T13:14:52.474169,0.06935948936468363,2026-02-02T13:14:51.816316727Z,lightOnInvocation,2026-02-02 13:14:51.827470+00:00,2026-02-02 13:14:51.827573+00:00
b3b3300880c6f7cf8238707a319306b4,2026-02-02T13:14:52.474169,0.06935948936468363,2026-02-02T13:14:51.816316727Z,gateDownInvocation,2026-02-02 13:14:51.826059+00:00,2026-02-02 13:14:51.826207+00:00
8836a1eb98315b65dfb3e5c07daced09,2026-02-02T13:08:19.191666,0.0038123577569484715,2026-02-02T13:08:18.494104276Z,gateDownInvocation,2026-02-02 13:08:18.508907+00:00,2026-02-02 13:08:18.509080+00:00
8836a1eb98315b65dfb3e5c07daced09,2026-02-02T13:08:19.191666,0.0038123577569484715,2026-02-02T13:08:18.494104276Z,bellOnInvocation,2026-02-02 13:08:18.512163+00:00,2026-02-02 13:08:18.512267+00:00
8836a1eb98315b65dfb3e5c07daced09,2026-02-02T13:08:19.191666,0.0038123577569484715,2026-02-02T13:08:18.494104276Z,lightOnInvocation,2026-02-02 13:08:18.508512+00:00,2026-02-02 13:08:18.508694+00:00
8836a1eb98315b65dfb3e5c07daced09,2026-02-02T13:08:19.191666,0.0038123577569484715,2026-02-02T13:08:18.494104276Z,gateDownAction,2026-02-02 13:08:20.510859+00:00,2026-02-02 13:08:20.510946+00:00
8836a1eb98315b65dfb3e5c07daced09,2026-02-02T13:08:19.191666,0.0038123577569484715,2026-02-02T13:08:18.494104276Z,lightOnAction,2026-02-02 13:08:20.511765+00:00,2026-02-02 13:08:20.511935+00:00
8836a1eb98315b65dfb3e5c07daced09,2026-02-02T13:08:19.191666,0.0038123577569484715,2026-02-02T13:08:18.494104276Z,gateDownInvocation,2026-02-02 13:08:18.509499+00:00,2026-02-02 13:08:18.509655+00:00
8836a1eb98315b65dfb3e5c07daced09,2026-02-02T13:08:19.191666,0.0038123577569484715,2026-02-02T13:08:18.494104276Z,gateDownAction,2026-02-02 13:08:20.512223+00:00,2026-02-02 13:08:20.512322+00:00
8836a1eb98315b65dfb3e5c07daced09,2026-02-02T13:08:19.191666,0.0038123577569484715,2026-02-02T13:08:18.494104276Z,bellOnAction,2026-02-02 13:08:20.512651+00:00,2026-02-02 13:08:20.512706+00:00
8836a1eb98315b65dfb3e5c07daced09,2026-02-02T13:08:19.191666,0.0038123577569484715,2026-02-02T13:08:18.494104276Z,lightOnAction,2026-02-02 13:08:20.509453+00:00,2026-02-02 13:08:20.509540+00:00
8836a1eb98315b65dfb3e5c07daced09,2026-02-02T13:08:19.191666,0.0038123577569484715,2026-02-02T13:08:18.494104276Z,bellOnInvocation,2026-02-02 13:08:18.510578+00:00,2026-02-02 13:08:18.510669+00:00
8836a1eb98315b65dfb3e5c07daced09,2026-02-02T13:08:19.191666,0.0038123577569484715,2026-02-02T13:08:18.494104276Z,lightOnInvocation,2026-02-02 13:08:18.507163+00:00,2026-02-02 13:08:18.507374+00:00
8836a1eb98315b65dfb3e5c07daced09,2026-02-02T13:08:19.191666,0.0038123577569484715,2026-02-02T13:08:18.494104276Z,bellOnAction,2026-02-02 13:08:20.515155+00:00,2026-02-02 13:08:20.515218+00:00
15ab258c5ccd47c59caf83825702d339,2026-02-02T13:12:25.072796,0.04479371055248976,2026-02-02T13:12:24.406759012Z,lightOnAction,2026-02-02 13:12:26.414205+00:00,2026-02-02 13:12:26.414296+00:00
15ab258c5ccd47c59caf83825702d339,2026-02-02T13:12:25.072796,0.04479371055248976,2026-02-02T13:12:24.406759012Z,bellOnInvocation,2026-02-02 13:12:24.411871+00:00,2026-02-02 13:12:24.411931+00:00
15ab258c5ccd47c59caf83825702d339,2026-02-02T13:12:25.072796,0.04479371055248976,2026-02-02T13:12:24.406759012Z,lightOnInvocation,2026-02-02 13:12:24.411669+00:00,2026-02-02 13:12:24.411747+00:00
15ab258c5ccd47c59caf83825702d339,2026-02-02T13:12:25.072796,0.04479371055248976,2026-02-02T13:12:24.406759012Z,gateDownInvocation,2026-02-02 13:12:24.410441+00:00,2026-02-02 13:12:24.410543+00:00
15ab258c5ccd47c59caf83825702d339,2026-02-02T13:12:25.072796,0.04479371055248976,2026-02-02T13:12:24.406759012Z,gateDownInvocation,2026-02-02 13:12:24.412266+00:00,2026-02-02 13:12:24.412407+00:00
15ab258c5ccd47c59caf83825702d339,2026-02-02T13:12:25.072796,0.04479371055248976,2026-02-02T13:12:24.406759012Z,bellOnAction,2026-02-02 13:12:26.415074+00:00,2026-02-02 13:12:26.415159+00:00
15ab258c5ccd47c59caf83825702d339,2026-02-02T13:12:25.072796,0.04479371055248976,2026-02-02T13:12:24.406759012Z,gateDownAction,2026-02-02 13:12:26.411614+00:00,2026-02-02 13:12:26.411709+00:00
15ab258c5ccd47c59caf83825702d339,2026-02-02T13:12:25.072796,0.04479371055248976,2026-02-02T13:12:24.406759012Z,gateDownAction,2026-02-02 13:12:26.412451+00:00,2026-02-02 13:12:26.412540+00:00
15ab258c5ccd47c59caf83825702d339,2026-02-02T13:12:25.072796,0.04479371055248976,2026-02-02T13:12:24.406759012Z,lightOnInvocation,2026-02-02 13:12:24.410554+00:00,2026-02-02 13:12:24.410636+00:00
15ab258c5ccd47c59caf83825702d339,2026-02-02T13:12:25.072796,0.04479371055248976,2026-02-02T13:12:24.406759012Z,lightOnAction,2026-02-02 13:12:26.411812+00:00,2026-02-02 13:12:26.411895+00:00
15ab258c5ccd47c59caf83825702d339,2026-02-02T13:12:25.072796,0.04479371055248976,2026-02-02T13:12:24.406759012Z,bellOnAction,2026-02-02 13:12:26.413228+00:00,2026-02-02 13:12:26.413326+00:00
15ab258c5ccd47c59caf83825702d339,2026-02-02T13:12:25.072796,0.04479371055248976,2026-02-02T13:12:24.406759012Z,bellOnInvocation,2026-02-02 13:12:24.413785+00:00,2026-02-02 13:12:24.413834+00:00
9db05d442bdf77d2295d5aa513a878f7,2026-02-02T13:17:24.483985,0.09469192785171271,2026-02-02T13:17:23.826087855Z,bellOnInvocation,2026-02-02 13:17:23.833187+00:00,2026-02-02 13:17:23.833324+00:00
9db05d442bdf77d2295d5aa513a878f7,2026-02-02T13:17:24.483985,0.09469192785171271,2026-02-02T13:17:23.826087855Z,bellOnAction,2026-02-02 13:17:25.834073+00:00,2026-02-02 13:17:25.834161+00:00
9db05d442bdf77d2295d5aa513a878f7,2026-02-02T13:17:24.483985,0.09469192785171271,2026-02-02T13:17:23.826087855Z,gateDownAction,2026-02-02 13:17:25.831608+00:00,2026-02-02 13:17:25.831845+00:00
9db05d442bdf77d2295d5aa513a878f7,2026-02-02T13:17:24.483985,0.09469192785171271,2026-02-02T13:17:23.826087855Z,gateDownAction,2026-02-02 13:17:25.833200+00:00,2026-02-02 13:17:25.833312+00:00
9db05d442bdf77d2295d5aa513a878f7,2026-02-02T13:17:24.483985,0.09469192785171271,2026-02-02T13:17:23.826087855Z,gateDownInvocation,2026-02-02 13:17:23.830485+00:00,2026-02-02 13:17:23.830722+00:00
9db05d442bdf77d2295d5aa513a878f7,2026-02-02T13:17:24.483985,0.09469192785171271,2026-02-02T13:17:23.826087855Z,lightOnAction,2026-02-02 13:17:25.832056+00:00,2026-02-02 13:17:25.832181+00:00
9db05d442bdf77d2295d5aa513a878f7,2026-02-02T13:17:24.483985,0.09469192785171271,2026-02-02T13:17:23.826087855Z,bellOnAction,2026-02-02 13:17:25.835736+00:00,2026-02-02 13:17:25.835856+00:00
9db05d442bdf77d2295d5aa513a878f7,2026-02-02T13:17:24.483985,0.09469192785171271,2026-02-02T13:17:23.826087855Z,lightOnInvocation,2026-02-02 13:17:23.830578+00:00,2026-02-02 13:17:23.830701+00:00
9db05d442bdf77d2295d5aa513a878f7,2026-02-02T13:17:24.483985,0.09469192785171271,2026-02-02T13:17:23.826087855Z,gateDownInvocation,2026-02-02 13:17:23.830766+00:00,2026-02-02 13:17:23.831135+00:00
9db05d442bdf77d2295d5aa513a878f7,2026-02-02T13:17:24.483985,0.09469192785171271,2026-02-02T13:17:23.826087855Z,lightOnAction,2026-02-02 13:17:25.831475+00:00,2026-02-02 13:17:25.831661+00:00
9db05d442bdf77d2295d5aa513a878f7,2026-02-02T13:17:24.483985,0.09469192785171271,2026-02-02T13:17:23.826087855Z,bellOnInvocation,2026-02-02 13:17:23.834444+00:00,2026-02-02 13:17:23.834559+00:00
9db05d442bdf77d2295d5aa513a878f7,2026-02-02T13:17:24.483985,0.09469192785171271,2026-02-02T13:17:23.826087855Z,lightOnInvocation,2026-02-02 13:17:23.830940+00:00,2026-02-02 13:17:23.831072+00:00
93b3ad6b451ee13c896e613820e0fc52,2026-02-02T13:12:42.390090,0.04767922277114392,2026-02-02T13:12:41.721747906Z,bellOnAction,2026-02-02 13:12:43.730569+00:00,2026-02-02 13:12:43.730635+00:00
93b3ad6b451ee13c896e613820e0fc52,2026-02-02T13:12:42.390090,0.04767922277114392,2026-02-02T13:12:41.721747906Z,gateDownInvocation,2026-02-02 13:12:41.728886+00:00,2026-02-02 13:12:41.729005+00:00
93b3ad6b451ee13c896e613820e0fc52,2026-02-02T13:12:42.390090,0.04767922277114392,2026-02-02T13:12:41.721747906Z,gateDownInvocation,2026-02-02 13:12:41.730283+00:00,2026-02-02 13:12:41.730368+00:00
93b3ad6b451ee13c896e613820e0fc52,2026-02-02T13:12:42.390090,0.04767922277114392,2026-02-02T13:12:41.721747906Z,bellOnInvocation,2026-02-02 13:12:41.730907+00:00,2026-02-02 13:12:41.730981+00:00
93b3ad6b451ee13c896e613820e0fc52,2026-02-02T13:12:42.390090,0.04767922277114392,2026-02-02T13:12:41.721747906Z,lightOnAction,2026-02-02 13:12:43.730075+00:00,2026-02-02 13:12:43.730180+00:00
93b3ad6b451ee13c896e613820e0fc52,2026-02-02T13:12:42.390090,0.04767922277114392,2026-02-02T13:12:41.721747906Z,bellOnInvocation,2026-02-02 13:12:41.730612+00:00,2026-02-02 13:12:41.730676+00:00
93b3ad6b451ee13c896e613820e0fc52,2026-02-02T13:12:42.390090,0.04767922277114392,2026-02-02T13:12:41.721747906Z,lightOnInvocation,2026-02-02 13:12:41.730141+00:00,2026-02-02 13:12:41.730207+00:00
93b3ad6b451ee13c896e613820e0fc52,2026-02-02T13:12:42.390090,0.04767922277114392,2026-02-02T13:12:41.721747906Z,gateDownAction,2026-02-02 13:12:43.730304+00:00,2026-02-02 13:12:43.730381+00:00
93b3ad6b451ee13c896e613820e0fc52,2026-02-02T13:12:42.390090,0.04767922277114392,2026-02-02T13:12:41.721747906Z,bellOnAction,2026-02-02 13:12:43.731673+00:00,2026-02-02 13:12:43.731735+00:00
93b3ad6b451ee13c896e613820e0fc52,2026-02-02T13:12:42.390090,0.04767922277114392,2026-02-02T13:12:41.721747906Z,gateDownAction,2026-02-02 13:12:43.730073+00:00,2026-02-02 13:12:43.730180+00:00
93b3ad6b451ee13c896e613820e0fc52,2026-02-02T13:12:42.390090,0.04767922277114392,2026-02-02T13:12:41.721747906Z,lightOnAction,2026-02-02 13:12:43.730418+00:00,2026-02-02 13:12:43.730490+00:00
93b3ad6b451ee13c896e613820e0fc52,2026-02-02T13:12:42.390090,0.04767922277114392,2026-02-02T13:12:41.721747906Z,lightOnInvocation,2026-02-02 13:12:41.729341+00:00,2026-02-02 13:12:41.729405+00:00
f52696bae2a3e338214e0a697c9e6624,2026-02-02T13:08:53.623867,0.009551500633001328,2026-02-02T13:08:52.93255936Z,lightOnInvocation,2026-02-02 13:08:52.951224+00:00,2026-02-02 13:08:52.951310+00:00
f52696bae2a3e338214e0a697c9e6624,2026-02-02T13:08:53.623867,0.009551500633001328,2026-02-02T13:08:52.93255936Z,lightOnInvocation,2026-02-02 13:08:52.946111+00:00,2026-02-02 13:08:52.946292+00:00
f52696bae2a3e338214e0a697c9e6624,2026-02-02T13:08:53.623867,0.009551500633001328,2026-02-02T13:08:52.93255936Z,gateDownInvocation,2026-02-02 13:08:52.944513+00:00,2026-02-02 13:08:52.945848+00:00
f52696bae2a3e338214e0a697c9e6624,2026-02-02T13:08:53.623867,0.009551500633001328,2026-02-02T13:08:52.93255936Z,lightOnAction,2026-02-02 13:08:54.952700+00:00,2026-02-02 13:08:54.952797+00:00
f52696bae2a3e338214e0a697c9e6624,2026-02-02T13:08:53.623867,0.009551500633001328,2026-02-02T13:08:52.93255936Z,lightOnAction,2026-02-02 13:08:54.947777+00:00,2026-02-02 13:08:54.947846+00:00
f52696bae2a3e338214e0a697c9e6624,2026-02-02T13:08:53.623867,0.009551500633001328,2026-02-02T13:08:52.93255936Z,bellOnInvocation,2026-02-02 13:08:52.957462+00:00,2026-02-02 13:08:52.957551+00:00
f52696bae2a3e338214e0a697c9e6624,2026-02-02T13:08:53.623867,0.009551500633001328,2026-02-02T13:08:52.93255936Z,bellOnAction,2026-02-02 13:08:54.955275+00:00,2026-02-02 13:08:54.955342+00:00
f52696bae2a3e338214e0a697c9e6624,2026-02-02T13:08:53.623867,0.009551500633001328,2026-02-02T13:08:52.93255936Z,bellOnAction,2026-02-02 13:08:54.958260+00:00,2026-02-02 13:08:54.958324+00:00
f52696bae2a3e338214e0a697c9e6624,2026-02-02T13:08:53.623867,0.009551500633001328,2026-02-02T13:08:52.93255936Z,gateDownAction,2026-02-02 13:08:54.947514+00:00,2026-02-02 13:08:54.947581+00:00
f52696bae2a3e338214e0a697c9e6624,2026-02-02T13:08:53.623867,0.009551500633001328,2026-02-02T13:08:52.93255936Z,bellOnInvocation,2026-02-02 13:08:52.955553+00:00,2026-02-02 13:08:52.955631+00:00
f52696bae2a3e338214e0a697c9e6624,2026-02-02T13:08:53.623867,0.009551500633001328,2026-02-02T13:08:52.93255936Z,gateDownInvocation,2026-02-02 13:08:52.951230+00:00,2026-02-02 13:08:52.951358+00:00
f52696bae2a3e338214e0a697c9e6624,2026-02-02T13:08:53.623867,0.009551500633001328,2026-02-02T13:08:52.93255936Z,gateDownAction,2026-02-02 13:08:54.952098+00:00,2026-02-02 13:08:54.952173+00:00
7331960abea099be5fa263cabea10313,2026-02-02T13:09:19.477012,0.013859828095459938,2026-02-02T13:09:18.784950869Z,gateDownAction,2026-02-02 13:09:20.800675+00:00,2026-02-02 13:09:20.800759+00:00
7331960abea099be5fa263cabea10313,2026-02-02T13:09:19.477012,0.013859828095459938,2026-02-02T13:09:18.784950869Z,bellOnAction,2026-02-02 13:09:20.804235+00:00,2026-02-02 13:09:20.804304+00:00
7331960abea099be5fa263cabea10313,2026-02-02T13:09:19.477012,0.013859828095459938,2026-02-02T13:09:18.784950869Z,lightOnInvocation,2026-02-02 13:09:18.795622+00:00,2026-02-02 13:09:18.795815+00:00
7331960abea099be5fa263cabea10313,2026-02-02T13:09:19.477012,0.013859828095459938,2026-02-02T13:09:18.784950869Z,lightOnAction,2026-02-02 13:09:20.800891+00:00,2026-02-02 13:09:20.801025+00:00
7331960abea099be5fa263cabea10313,2026-02-02T13:09:19.477012,0.013859828095459938,2026-02-02T13:09:18.784950869Z,lightOnInvocation,2026-02-02 13:09:18.799751+00:00,2026-02-02 13:09:18.799978+00:00
7331960abea099be5fa263cabea10313,2026-02-02T13:09:19.477012,0.013859828095459938,2026-02-02T13:09:18.784950869Z,gateDownInvocation,2026-02-02 13:09:18.799285+00:00,2026-02-02 13:09:18.799593+00:00
7331960abea099be5fa263cabea10313,2026-02-02T13:09:19.477012,0.013859828095459938,2026-02-02T13:09:18.784950869Z,gateDownInvocation,2026-02-02 13:09:18.797573+00:00,2026-02-02 13:09:18.797889+00:00
7331960abea099be5fa263cabea10313,2026-02-02T13:09:19.477012,0.013859828095459938,2026-02-02T13:09:18.784950869Z,bellOnAction,2026-02-02 13:09:20.805710+00:00,2026-02-02 13:09:20.805777+00:00
7331960abea099be5fa263cabea10313,2026-02-02T13:09:19.477012,0.013859828095459938,2026-02-02T13:09:18.784950869Z,lightOnAction,2026-02-02 13:09:20.797687+00:00,2026-02-02 13:09:20.797773+00:00
7331960abea099be5fa263cabea10313,2026-02-02T13:09:19.477012,0.013859828095459938,2026-02-02T13:09:18.784950869Z,gateDownAction,2026-02-02 13:09:20.798694+00:00,2026-02-02 13:09:20.798780+00:00
7331960abea099be5fa263cabea10313,2026-02-02T13:09:19.477012,0.013859828095459938,2026-02-02T13:09:18.784950869Z,bellOnInvocation,2026-02-02 13:09:18.804122+00:00,2026-02-02 13:09:18.804293+00:00
7331960abea099be5fa263cabea10313,2026-02-02T13:09:19.477012,0.013859828095459938,2026-02-02T13:09:18.784950869Z,bellOnInvocation,2026-02-02 13:09:18.802309+00:00,2026-02-02 13:09:18.802491+00:00
282adb3d9adbbff3fdde1748ef81fc24,2026-02-02T13:13:25.750294,0.05490735096597673,2026-02-02T13:13:25.094794443Z,bellOnAction,2026-02-02 13:13:27.106898+00:00,2026-02-02 13:13:27.106997+00:00
282adb3d9adbbff3fdde1748ef81fc24,2026-02-02T13:13:25.750294,0.05490735096597673,2026-02-02T13:13:25.094794443Z,lightOnInvocation,2026-02-02 13:13:25.103234+00:00,2026-02-02 13:13:25.103416+00:00
282adb3d9adbbff3fdde1748ef81fc24,2026-02-02T13:13:25.750294,0.05490735096597673,2026-02-02T13:13:25.094794443Z,bellOnInvocation,2026-02-02 13:13:25.105546+00:00,2026-02-02 13:13:25.105746+00:00
282adb3d9adbbff3fdde1748ef81fc24,2026-02-02T13:13:25.750294,0.05490735096597673,2026-02-02T13:13:25.094794443Z,gateDownAction,2026-02-02 13:13:27.105125+00:00,2026-02-02 13:13:27.105240+00:00
282adb3d9adbbff3fdde1748ef81fc24,2026-02-02T13:13:25.750294,0.05490735096597673,2026-02-02T13:13:25.094794443Z,lightOnAction,2026-02-02 13:13:27.105277+00:00,2026-02-02 13:13:27.105399+00:00
282adb3d9adbbff3fdde1748ef81fc24,2026-02-02T13:13:25.750294,0.05490735096597673,2026-02-02T13:13:25.094794443Z,bellOnInvocation,2026-02-02 13:13:25.105566+00:00,2026-02-02 13:13:25.105737+00:00
282adb3d9adbbff3fdde1748ef81fc24,2026-02-02T13:13:25.750294,0.05490735096597673,2026-02-02T13:13:25.094794443Z,bellOnAction,2026-02-02 13:13:27.106295+00:00,2026-02-02 13:13:27.106365+00:00
282adb3d9adbbff3fdde1748ef81fc24,2026-02-02T13:13:25.750294,0.05490735096597673,2026-02-02T13:13:25.094794443Z,gateDownAction,2026-02-02 13:13:27.104441+00:00,2026-02-02 13:13:27.104523+00:00
282adb3d9adbbff3fdde1748ef81fc24,2026-02-02T13:13:25.750294,0.05490735096597673,2026-02-02T13:13:25.094794443Z,lightOnAction,2026-02-02 13:13:27.103749+00:00,2026-02-02 13:13:27.103835+00:00
282adb3d9adbbff3fdde1748ef81fc24,2026-02-02T13:13:25.750294,0.05490735096597673,2026-02-02T13:13:25.094794443Z,gateDownInvocation,2026-02-02 13:13:25.102470+00:00,2026-02-02 13:13:25.102845+00:00
282adb3d9adbbff3fdde1748ef81fc24,2026-02-02T13:13:25.750294,0.05490735096597673,2026-02-02T13:13:25.094794443Z,gateDownInvocation,2026-02-02 13:13:25.103123+00:00,2026-02-02 13:13:25.103438+00:00
282adb3d9adbbff3fdde1748ef81fc24,2026-02-02T13:13:25.750294,0.05490735096597673,2026-02-02T13:13:25.094794443Z,lightOnInvocation,2026-02-02 13:13:25.102476+00:00,2026-02-02 13:13:25.102849+00:00
e3e1d5e62d569e5c5e4e6bbfb0cd40b6,2026-02-02T13:14:00.422351,0.060688229767608654,2026-02-02T13:13:59.783409049Z,gateDownAction,2026-02-02 13:14:01.791631+00:00,2026-02-02 13:14:01.791717+00:00
e3e1d5e62d569e5c5e4e6bbfb0cd40b6,2026-02-02T13:14:00.422351,0.060688229767608654,2026-02-02T13:13:59.783409049Z,gateDownInvocation,2026-02-02 13:13:59.789772+00:00,2026-02-02 13:13:59.789859+00:00
e3e1d5e62d569e5c5e4e6bbfb0cd40b6,2026-02-02T13:14:00.422351,0.060688229767608654,2026-02-02T13:13:59.783409049Z,bellOnAction,2026-02-02 13:14:01.791837+00:00,2026-02-02 13:14:01.791927+00:00
e3e1d5e62d569e5c5e4e6bbfb0cd40b6,2026-02-02T13:14:00.422351,0.060688229767608654,2026-02-02T13:13:59.783409049Z,lightOnInvocation,2026-02-02 13:13:59.787341+00:00,2026-02-02 13:13:59.787401+00:00
e3e1d5e62d569e5c5e4e6bbfb0cd40b6,2026-02-02T13:14:00.422351,0.060688229767608654,2026-02-02T13:13:59.783409049Z,gateDownInvocation,2026-02-02 13:13:59.790427+00:00,2026-02-02 13:13:59.790501+00:00
e3e1d5e62d569e5c5e4e6bbfb0cd40b6,2026-02-02T13:14:00.422351,0.060688229767608654,2026-02-02T13:13:59.783409049Z,lightOnAction,2026-02-02 13:14:01.793551+00:00,2026-02-02 13:14:01.793668+00:00
e3e1d5e62d569e5c5e4e6bbfb0cd40b6,2026-02-02T13:14:00.422351,0.060688229767608654,2026-02-02T13:13:59.783409049Z,lightOnInvocation,2026-02-02 13:13:59.792234+00:00,2026-02-02 13:13:59.792293+00:00
e3e1d5e62d569e5c5e4e6bbfb0cd40b6,2026-02-02T13:14:00.422351,0.060688229767608654,2026-02-02T13:13:59.783409049Z,bellOnAction,2026-02-02 13:14:01.793968+00:00,2026-02-02 13:14:01.794089+00:00
e3e1d5e62d569e5c5e4e6bbfb0cd40b6,2026-02-02T13:14:00.422351,0.060688229767608654,2026-02-02T13:13:59.783409049Z,lightOnAction,2026-02-02 13:14:01.788291+00:00,2026-02-02 13:14:01.788376+00:00
e3e1d5e62d569e5c5e4e6bbfb0cd40b6,2026-02-02T13:14:00.422351,0.060688229767608654,2026-02-02T13:13:59.783409049Z,bellOnInvocation,2026-02-02 13:13:59.790730+00:00,2026-02-02 13:13:59.790780+00:00
e3e1d5e62d569e5c5e4e6bbfb0cd40b6,2026-02-02T13:14:00.422351,0.060688229767608654,2026-02-02T13:13:59.783409049Z,bellOnInvocation,2026-02-02 13:13:59.793166+00:00,2026-02-02 13:13:59.793223+00:00
e3e1d5e62d569e5c5e4e6bbfb0cd40b6,2026-02-02T13:14:00.422351,0.060688229767608654,2026-02-02T13:13:59.783409049Z,gateDownAction,2026-02-02 13:14:01.790520+00:00,2026-02-02 13:14:01.790603+00:00
bf399b789f1163b7ccdf6ebaa0dd83fd,2026-02-02T13:08:45.011716,0.008115678492867947,2026-02-02T13:08:44.316599935Z,bellOnInvocation,2026-02-02 13:08:44.325727+00:00,2026-02-02 13:08:44.325798+00:00
bf399b789f1163b7ccdf6ebaa0dd83fd,2026-02-02T13:08:45.011716,0.008115678492867947,2026-02-02T13:08:44.316599935Z,gateDownAction,2026-02-02 13:08:46.325759+00:00,2026-02-02 13:08:46.325841+00:00
bf399b789f1163b7ccdf6ebaa0dd83fd,2026-02-02T13:08:45.011716,0.008115678492867947,2026-02-02T13:08:44.316599935Z,lightOnAction,2026-02-02 13:08:46.325517+00:00,2026-02-02 13:08:46.325601+00:00
bf399b789f1163b7ccdf6ebaa0dd83fd,2026-02-02T13:08:45.011716,0.008115678492867947,2026-02-02T13:08:44.316599935Z,gateDownInvocation,2026-02-02 13:08:44.324747+00:00,2026-02-02 13:08:44.324835+00:00
bf399b789f1163b7ccdf6ebaa0dd83fd,2026-02-02T13:08:45.011716,0.008115678492867947,2026-02-02T13:08:44.316599935Z,lightOnInvocation,2026-02-02 13:08:44.324830+00:00,2026-02-02 13:08:44.324909+00:00
bf399b789f1163b7ccdf6ebaa0dd83fd,2026-02-02T13:08:45.011716,0.008115678492867947,2026-02-02T13:08:44.316599935Z,lightOnAction,2026-02-02 13:08:46.324784+00:00,2026-02-02 13:08:46.324870+00:00
bf399b789f1163b7ccdf6ebaa0dd83fd,2026-02-02T13:08:45.011716,0.008115678492867947,2026-02-02T13:08:44.316599935Z,lightOnInvocation,2026-02-02 13:08:44.324650+00:00,2026-02-02 13:08:44.324717+00:00
bf399b789f1163b7ccdf6ebaa0dd83fd,2026-02-02T13:08:45.011716,0.008115678492867947,2026-02-02T13:08:44.316599935Z,bellOnAction,2026-02-02 13:08:46.328137+00:00,2026-02-02 13:08:46.328230+00:00
bf399b789f1163b7ccdf6ebaa0dd83fd,2026-02-02T13:08:45.011716,0.008115678492867947,2026-02-02T13:08:44.316599935Z,bellOnInvocation,2026-02-02 13:08:44.327833+00:00,2026-02-02 13:08:44.327969+00:00
bf399b789f1163b7ccdf6ebaa0dd83fd,2026-02-02T13:08:45.011716,0.008115678492867947,2026-02-02T13:08:44.316599935Z,bellOnAction,2026-02-02 13:08:46.328606+00:00,2026-02-02 13:08:46.328665+00:00
bf399b789f1163b7ccdf6ebaa0dd83fd,2026-02-02T13:08:45.011716,0.008115678492867947,2026-02-02T13:08:44.316599935Z,gateDownInvocation,2026-02-02 13:08:44.324628+00:00,2026-02-02 13:08:44.324717+00:00
bf399b789f1163b7ccdf6ebaa0dd83fd,2026-02-02T13:08:45.011716,0.008115678492867947,2026-02-02T13:08:44.316599935Z,gateDownAction,2026-02-02 13:08:46.325245+00:00,2026-02-02 13:08:46.325331+00:00
2ecb20bd55f1930536f654fddc34cae0,2026-02-02T13:16:53.998718,0.0896149321592927,2026-02-02T13:16:53.36116332Z,bellOnInvocation,2026-02-02 13:16:53.367385+00:00,2026-02-02 13:16:53.367430+00:00
2ecb20bd55f1930536f654fddc34cae0,2026-02-02T13:16:53.998718,0.0896149321592927,2026-02-02T13:16:53.36116332Z,bellOnAction,2026-02-02 13:16:55.367178+00:00,2026-02-02 13:16:55.367234+00:00
2ecb20bd55f1930536f654fddc34cae0,2026-02-02T13:16:53.998718,0.0896149321592927,2026-02-02T13:16:53.36116332Z,lightOnAction,2026-02-02 13:16:55.366781+00:00,2026-02-02 13:16:55.366838+00:00
2ecb20bd55f1930536f654fddc34cae0,2026-02-02T13:16:53.998718,0.0896149321592927,2026-02-02T13:16:53.36116332Z,lightOnInvocation,2026-02-02 13:16:53.365643+00:00,2026-02-02 13:16:53.365729+00:00
2ecb20bd55f1930536f654fddc34cae0,2026-02-02T13:16:53.998718,0.0896149321592927,2026-02-02T13:16:53.36116332Z,bellOnInvocation,2026-02-02 13:16:53.365669+00:00,2026-02-02 13:16:53.365755+00:00
2ecb20bd55f1930536f654fddc34cae0,2026-02-02T13:16:53.998718,0.0896149321592927,2026-02-02T13:16:53.36116332Z,gateDownAction,2026-02-02 13:16:55.366708+00:00,2026-02-02 13:16:55.366792+00:00
2ecb20bd55f1930536f654fddc34cae0,2026-02-02T13:16:53.998718,0.0896149321592927,2026-02-02T13:16:53.36116332Z,lightOnAction,2026-02-02 13:16:55.367437+00:00,2026-02-02 13:16:55.367474+00:00
2ecb20bd55f1930536f654fddc34cae0,2026-02-02T13:16:53.998718,0.0896149321592927,2026-02-02T13:16:53.36116332Z,gateDownInvocation,2026-02-02 13:16:53.366073+00:00,2026-02-02 13:16:53.366153+00:00
2ecb20bd55f1930536f654fddc34cae0,2026-02-02T13:16:53.998718,0.0896149321592927,2026-02-02T13:16:53.36116332Z,bellOnAction,2026-02-02 13:16:55.367638+00:00,2026-02-02 13:16:55.367670+00:00
2ecb20bd55f1930536f654fddc34cae0,2026-02-02T13:16:53.998718,0.0896149321592927,2026-02-02T13:16:53.36116332Z,gateDownAction,2026-02-02 13:16:55.366401+00:00,2026-02-02 13:16:55.366587+00:00
2ecb20bd55f1930536f654fddc34cae0,2026-02-02T13:16:53.998718,0.0896149321592927,2026-02-02T13:16:53.36116332Z,gateDownInvocation,2026-02-02 13:16:53.365467+00:00,2026-02-02 13:16:53.365591+00:00
2ecb20bd55f1930536f654fddc34cae0,2026-02-02T13:16:53.998718,0.0896149321592927,2026-02-02T13:16:53.36116332Z,lightOnInvocation,2026-02-02 13:16:53.366645+00:00,2026-02-02 13:16:53.366694+00:00
94270f260a78cefb0cf09f8f3c2a7c83,2026-02-02T13:15:31.537934,0.07603114067085982,2026-02-02T13:15:31.850253337Z,gateUpInvocation,2026-02-02 13:15:31.857027+00:00,2026-02-02 13:15:31.857157+00:00
94270f260a78cefb0cf09f8f3c2a7c83,2026-02-02T13:15:31.537934,0.07603114067085982,2026-02-02T13:15:31.850253337Z,bellOffInvocation,2026-02-02 13:15:31.859546+00:00,2026-02-02 13:15:31.859687+00:00
94270f260a78cefb0cf09f8f3c2a7c83,2026-02-02T13:15:31.537934,0.07603114067085982,2026-02-02T13:15:31.850253337Z,gateUpInvocation,2026-02-02 13:15:31.856905+00:00,2026-02-02 13:15:31.857079+00:00
94270f260a78cefb0cf09f8f3c2a7c83,2026-02-02T13:15:31.537934,0.07603114067085982,2026-02-02T13:15:31.850253337Z,bellOffInvocation,2026-02-02 13:15:31.861103+00:00,2026-02-02 13:15:31.861190+00:00
94270f260a78cefb0cf09f8f3c2a7c83,2026-02-02T13:15:31.537934,0.07603114067085982,2026-02-02T13:15:31.850253337Z,lightOffInvocation,2026-02-02 13:15:31.857219+00:00,2026-02-02 13:15:31.857390+00:00
94270f260a78cefb0cf09f8f3c2a7c83,2026-02-02T13:15:31.537934,0.07603114067085982,2026-02-02T13:15:31.850253337Z,lightOffInvocation,2026-02-02 13:15:31.857192+00:00,2026-02-02 13:15:31.857329+00:00
68bf7db42b64fd9c33b934c32d2533bc,2026-02-02T13:16:27.921672,0.08543171465226412,2026-02-02T13:16:28.259271585Z,lightOffInvocation,2026-02-02 13:16:28.265787+00:00,2026-02-02 13:16:28.265897+00:00
68bf7db42b64fd9c33b934c32d2533bc,2026-02-02T13:16:27.921672,0.08543171465226412,2026-02-02T13:16:28.259271585Z,lightOffInvocation,2026-02-02 13:16:28.266381+00:00,2026-02-02 13:16:28.266527+00:00
68bf7db42b64fd9c33b934c32d2533bc,2026-02-02T13:16:27.921672,0.08543171465226412,2026-02-02T13:16:28.259271585Z,gateUpInvocation,2026-02-02 13:16:28.267676+00:00,2026-02-02 13:16:28.267801+00:00
68bf7db42b64fd9c33b934c32d2533bc,2026-02-02T13:16:27.921672,0.08543171465226412,2026-02-02T13:16:28.259271585Z,bellOffInvocation,2026-02-02 13:16:28.269156+00:00,2026-02-02 13:16:28.269276+00:00
68bf7db42b64fd9c33b934c32d2533bc,2026-02-02T13:16:27.921672,0.08543171465226412,2026-02-02T13:16:28.259271585Z,gateUpInvocation,2026-02-02 13:16:28.264880+00:00,2026-02-02 13:16:28.265038+00:00
68bf7db42b64fd9c33b934c32d2533bc,2026-02-02T13:16:27.921672,0.08543171465226412,2026-02-02T13:16:28.259271585Z,bellOffInvocation,2026-02-02 13:16:28.270889+00:00,2026-02-02 13:16:28.270981+00:00
d9f127eff0d7f12b4f594578511a1978,2026-02-02T13:17:46.227336,0.09849023353384734,2026-02-02T13:17:46.618103021Z,bellOffInvocation,2026-02-02 13:17:46.621628+00:00,2026-02-02 13:17:46.621658+00:00
d9f127eff0d7f12b4f594578511a1978,2026-02-02T13:17:46.227336,0.09849023353384734,2026-02-02T13:17:46.618103021Z,bellOffInvocation,2026-02-02 13:17:46.622134+00:00,2026-02-02 13:17:46.622170+00:00
d9f127eff0d7f12b4f594578511a1978,2026-02-02T13:17:46.227336,0.09849023353384734,2026-02-02T13:17:46.618103021Z,lightOffInvocation,2026-02-02 13:17:46.620890+00:00,2026-02-02 13:17:46.620949+00:00
d9f127eff0d7f12b4f594578511a1978,2026-02-02T13:17:46.227336,0.09849023353384734,2026-02-02T13:17:46.618103021Z,lightOffInvocation,2026-02-02 13:17:46.620541+00:00,2026-02-02 13:17:46.620602+00:00
d9f127eff0d7f12b4f594578511a1978,2026-02-02T13:17:46.227336,0.09849023353384734,2026-02-02T13:17:46.618103021Z,gateUpInvocation,2026-02-02 13:17:46.620912+00:00,2026-02-02 13:17:46.620986+00:00
d9f127eff0d7f12b4f594578511a1978,2026-02-02T13:17:46.227336,0.09849023353384734,2026-02-02T13:17:46.618103021Z,gateUpInvocation,2026-02-02 13:17:46.620544+00:00,2026-02-02 13:17:46.620603+00:00
c5ac4a249e20ccd98de965583641a942,2026-02-02T13:15:31.537934,0.075864210596776,2026-02-02T13:15:30.848538771Z,bellOnInvocation,2026-02-02 13:15:30.860172+00:00,2026-02-02 13:15:30.860318+00:00
c5ac4a249e20ccd98de965583641a942,2026-02-02T13:15:31.537934,0.075864210596776,2026-02-02T13:15:30.848538771Z,lightOnAction,2026-02-02 13:15:32.856628+00:00,2026-02-02 13:15:32.856750+00:00
c5ac4a249e20ccd98de965583641a942,2026-02-02T13:15:31.537934,0.075864210596776,2026-02-02T13:15:30.848538771Z,gateDownInvocation,2026-02-02 13:15:30.855813+00:00,2026-02-02 13:15:30.856115+00:00
c5ac4a249e20ccd98de965583641a942,2026-02-02T13:15:31.537934,0.075864210596776,2026-02-02T13:15:30.848538771Z,gateDownAction,2026-02-02 13:15:32.857494+00:00,2026-02-02 13:15:32.857576+00:00
c5ac4a249e20ccd98de965583641a942,2026-02-02T13:15:31.537934,0.075864210596776,2026-02-02T13:15:30.848538771Z,gateDownInvocation,2026-02-02 13:15:30.855626+00:00,2026-02-02 13:15:30.856013+00:00
c5ac4a249e20ccd98de965583641a942,2026-02-02T13:15:31.537934,0.075864210596776,2026-02-02T13:15:30.848538771Z,bellOnAction,2026-02-02 13:15:32.859472+00:00,2026-02-02 13:15:32.859538+00:00
c5ac4a249e20ccd98de965583641a942,2026-02-02T13:15:31.537934,0.075864210596776,2026-02-02T13:15:30.848538771Z,lightOnAction,2026-02-02 13:15:32.856792+00:00,2026-02-02 13:15:32.856945+00:00
c5ac4a249e20ccd98de965583641a942,2026-02-02T13:15:31.537934,0.075864210596776,2026-02-02T13:15:30.848538771Z,bellOnAction,2026-02-02 13:15:32.860928+00:00,2026-02-02 13:15:32.861029+00:00
c5ac4a249e20ccd98de965583641a942,2026-02-02T13:15:31.537934,0.075864210596776,2026-02-02T13:15:30.848538771Z,lightOnInvocation,2026-02-02 13:15:30.855883+00:00,2026-02-02 13:15:30.856077+00:00
c5ac4a249e20ccd98de965583641a942,2026-02-02T13:15:31.537934,0.075864210596776,2026-02-02T13:15:30.848538771Z,bellOnInvocation,2026-02-02 13:15:30.858326+00:00,2026-02-02 13:15:30.858465+00:00
c5ac4a249e20ccd98de965583641a942,2026-02-02T13:15:31.537934,0.075864210596776,2026-02-02T13:15:30.848538771Z,gateDownAction,2026-02-02 13:15:32.857570+00:00,2026-02-02 13:15:32.857673+00:00
c5ac4a249e20ccd98de965583641a942,2026-02-02T13:15:31.537934,0.075864210596776,2026-02-02T13:15:30.848538771Z,lightOnInvocation,2026-02-02 13:15:30.855345+00:00,2026-02-02 13:15:30.855569+00:00
2703c3655dfbe6590677d2b737680a83,2026-02-02T13:14:48.137932,0.06863409613672496,2026-02-02T13:14:47.463340076Z,lightOnInvocation,2026-02-02 13:14:47.467012+00:00,2026-02-02 13:14:47.467096+00:00
2703c3655dfbe6590677d2b737680a83,2026-02-02T13:14:48.137932,0.06863409613672496,2026-02-02T13:14:47.463340076Z,gateDownInvocation,2026-02-02 13:14:47.466916+00:00,2026-02-02 13:14:47.467021+00:00
2703c3655dfbe6590677d2b737680a83,2026-02-02T13:14:48.137932,0.06863409613672496,2026-02-02T13:14:47.463340076Z,gateDownAction,2026-02-02 13:14:49.467545+00:00,2026-02-02 13:14:49.467628+00:00
2703c3655dfbe6590677d2b737680a83,2026-02-02T13:14:48.137932,0.06863409613672496,2026-02-02T13:14:47.463340076Z,bellOnAction,2026-02-02 13:14:49.469363+00:00,2026-02-02 13:14:49.469385+00:00
2703c3655dfbe6590677d2b737680a83,2026-02-02T13:14:48.137932,0.06863409613672496,2026-02-02T13:14:47.463340076Z,gateDownAction,2026-02-02 13:14:49.468457+00:00,2026-02-02 13:14:49.468487+00:00
2703c3655dfbe6590677d2b737680a83,2026-02-02T13:14:48.137932,0.06863409613672496,2026-02-02T13:14:47.463340076Z,lightOnAction,2026-02-02 13:14:49.468697+00:00,2026-02-02 13:14:49.468723+00:00
2703c3655dfbe6590677d2b737680a83,2026-02-02T13:14:48.137932,0.06863409613672496,2026-02-02T13:14:47.463340076Z,gateDownInvocation,2026-02-02 13:14:47.465933+00:00,2026-02-02 13:14:47.466944+00:00
2703c3655dfbe6590677d2b737680a83,2026-02-02T13:14:48.137932,0.06863409613672496,2026-02-02T13:14:47.463340076Z,bellOnInvocation,2026-02-02 13:14:47.468839+00:00,2026-02-02 13:14:47.469030+00:00
2703c3655dfbe6590677d2b737680a83,2026-02-02T13:14:48.137932,0.06863409613672496,2026-02-02T13:14:47.463340076Z,bellOnInvocation,2026-02-02 13:14:47.469434+00:00,2026-02-02 13:14:47.469518+00:00
2703c3655dfbe6590677d2b737680a83,2026-02-02T13:14:48.137932,0.06863409613672496,2026-02-02T13:14:47.463340076Z,bellOnAction,2026-02-02 13:14:49.469696+00:00,2026-02-02 13:14:49.469719+00:00
2703c3655dfbe6590677d2b737680a83,2026-02-02T13:14:48.137932,0.06863409613672496,2026-02-02T13:14:47.463340076Z,lightOnInvocation,2026-02-02 13:14:47.468219+00:00,2026-02-02 13:14:47.468305+00:00
2703c3655dfbe6590677d2b737680a83,2026-02-02T13:14:48.137932,0.06863409613672496,2026-02-02T13:14:47.463340076Z,lightOnAction,2026-02-02 13:14:49.468109+00:00,2026-02-02 13:14:49.468146+00:00
8714e1c3364155e7cc4f32f4288887d1,2026-02-02T13:17:41.868892,0.09776154573035241,2026-02-02T13:17:42.245622716Z,lightOffInvocation,2026-02-02 13:17:42.252447+00:00,2026-02-02 13:17:42.252616+00:00
8714e1c3364155e7cc4f32f4288887d1,2026-02-02T13:17:41.868892,0.09776154573035241,2026-02-02T13:17:42.245622716Z,gateUpInvocation,2026-02-02 13:17:42.252537+00:00,2026-02-02 13:17:42.252707+00:00
8714e1c3364155e7cc4f32f4288887d1,2026-02-02T13:17:41.868892,0.09776154573035241,2026-02-02T13:17:42.245622716Z,bellOffInvocation,2026-02-02 13:17:42.254900+00:00,2026-02-02 13:17:42.255036+00:00
8714e1c3364155e7cc4f32f4288887d1,2026-02-02T13:17:41.868892,0.09776154573035241,2026-02-02T13:17:42.245622716Z,gateUpInvocation,2026-02-02 13:17:42.251362+00:00,2026-02-02 13:17:42.251535+00:00
8714e1c3364155e7cc4f32f4288887d1,2026-02-02T13:17:41.868892,0.09776154573035241,2026-02-02T13:17:42.245622716Z,bellOffInvocation,2026-02-02 13:17:42.256760+00:00,2026-02-02 13:17:42.256918+00:00
8714e1c3364155e7cc4f32f4288887d1,2026-02-02T13:17:41.868892,0.09776154573035241,2026-02-02T13:17:42.245622716Z,lightOffInvocation,2026-02-02 13:17:42.252208+00:00,2026-02-02 13:17:42.252354+00:00
bff269bb4516627cedb70c524aa62a8e,2026-02-02T13:08:01.978555,0.0011102447154760363,2026-02-02T13:08:02.279796455Z,gateUpInvocation,2026-02-02 13:08:02.293619+00:00,2026-02-02 13:08:02.293701+00:00
bff269bb4516627cedb70c524aa62a8e,2026-02-02T13:08:01.978555,0.0011102447154760363,2026-02-02T13:08:02.279796455Z,bellOffInvocation,2026-02-02 13:08:02.294447+00:00,2026-02-02 13:08:02.294489+00:00
bff269bb4516627cedb70c524aa62a8e,2026-02-02T13:08:01.978555,0.0011102447154760363,2026-02-02T13:08:02.279796455Z,bellOffInvocation,2026-02-02 13:08:02.294463+00:00,2026-02-02 13:08:02.294521+00:00
bff269bb4516627cedb70c524aa62a8e,2026-02-02T13:08:01.978555,0.0011102447154760363,2026-02-02T13:08:02.279796455Z,lightOffInvocation,2026-02-02 13:08:02.292053+00:00,2026-02-02 13:08:02.292105+00:00
bff269bb4516627cedb70c524aa62a8e,2026-02-02T13:08:01.978555,0.0011102447154760363,2026-02-02T13:08:02.279796455Z,lightOffInvocation,2026-02-02 13:08:02.294151+00:00,2026-02-02 13:08:02.294220+00:00
bff269bb4516627cedb70c524aa62a8e,2026-02-02T13:08:01.978555,0.0011102447154760363,2026-02-02T13:08:02.279796455Z,gateUpInvocation,2026-02-02 13:08:02.292789+00:00,2026-02-02 13:08:02.292854+00:00
4defb7b0a38844c63d678280fb9bfbde,2026-02-02T13:12:07.764431,0.04190989431372882,2026-02-02T13:12:07.102367356Z,gateDownAction,2026-02-02 13:12:09.113608+00:00,2026-02-02 13:12:09.113642+00:00
4defb7b0a38844c63d678280fb9bfbde,2026-02-02T13:12:07.764431,0.04190989431372882,2026-02-02T13:12:07.102367356Z,bellOnInvocation,2026-02-02 13:12:07.115605+00:00,2026-02-02 13:12:07.115937+00:00
4defb7b0a38844c63d678280fb9bfbde,2026-02-02T13:12:07.764431,0.04190989431372882,2026-02-02T13:12:07.102367356Z,lightOnAction,2026-02-02 13:12:09.113366+00:00,2026-02-02 13:12:09.113419+00:00
4defb7b0a38844c63d678280fb9bfbde,2026-02-02T13:12:07.764431,0.04190989431372882,2026-02-02T13:12:07.102367356Z,gateDownAction,2026-02-02 13:12:09.116243+00:00,2026-02-02 13:12:09.116288+00:00
4defb7b0a38844c63d678280fb9bfbde,2026-02-02T13:12:07.764431,0.04190989431372882,2026-02-02T13:12:07.102367356Z,lightOnInvocation,2026-02-02 13:12:07.112111+00:00,2026-02-02 13:12:07.112300+00:00
4defb7b0a38844c63d678280fb9bfbde,2026-02-02T13:12:07.764431,0.04190989431372882,2026-02-02T13:12:07.102367356Z,lightOnAction,2026-02-02 13:12:09.113970+00:00,2026-02-02 13:12:09.114022+00:00
4defb7b0a38844c63d678280fb9bfbde,2026-02-02T13:12:07.764431,0.04190989431372882,2026-02-02T13:12:07.102367356Z,bellOnAction,2026-02-02 13:12:09.116290+00:00,2026-02-02 13:12:09.116324+00:00
4defb7b0a38844c63d678280fb9bfbde,2026-02-02T13:12:07.764431,0.04190989431372882,2026-02-02T13:12:07.102367356Z,bellOnAction,2026-02-02 13:12:09.117717+00:00,2026-02-02 13:12:09.117748+00:00
4defb7b0a38844c63d678280fb9bfbde,2026-02-02T13:12:07.764431,0.04190989431372882,2026-02-02T13:12:07.102367356Z,gateDownInvocation,2026-02-02 13:12:07.111930+00:00,2026-02-02 13:12:07.112233+00:00
4defb7b0a38844c63d678280fb9bfbde,2026-02-02T13:12:07.764431,0.04190989431372882,2026-02-02T13:12:07.102367356Z,gateDownInvocation,2026-02-02 13:12:07.114560+00:00,2026-02-02 13:12:07.114933+00:00
4defb7b0a38844c63d678280fb9bfbde,2026-02-02T13:12:07.764431,0.04190989431372882,2026-02-02T13:12:07.102367356Z,lightOnInvocation,2026-02-02 13:12:07.111282+00:00,2026-02-02 13:12:07.112023+00:00
4defb7b0a38844c63d678280fb9bfbde,2026-02-02T13:12:07.764431,0.04190989431372882,2026-02-02T13:12:07.102367356Z,bellOnInvocation,2026-02-02 13:12:07.115257+00:00,2026-02-02 13:12:07.115437+00:00
9fd9df3a0f053cb565f6626483636bd1,2026-02-02T13:17:15.723102,0.09340225161862374,2026-02-02T13:17:16.087367001Z,lightOffInvocation,2026-02-02 13:17:16.093117+00:00,2026-02-02 13:17:16.093272+00:00
9fd9df3a0f053cb565f6626483636bd1,2026-02-02T13:17:15.723102,0.09340225161862374,2026-02-02T13:17:16.087367001Z,bellOffInvocation,2026-02-02 13:17:16.099662+00:00,2026-02-02 13:17:16.099766+00:00
9fd9df3a0f053cb565f6626483636bd1,2026-02-02T13:17:15.723102,0.09340225161862374,2026-02-02T13:17:16.087367001Z,gateUpInvocation,2026-02-02 13:17:16.095512+00:00,2026-02-02 13:17:16.095643+00:00
9fd9df3a0f053cb565f6626483636bd1,2026-02-02T13:17:15.723102,0.09340225161862374,2026-02-02T13:17:16.087367001Z,bellOffInvocation,2026-02-02 13:17:16.095624+00:00,2026-02-02 13:17:16.095714+00:00
9fd9df3a0f053cb565f6626483636bd1,2026-02-02T13:17:15.723102,0.09340225161862374,2026-02-02T13:17:16.087367001Z,gateUpInvocation,2026-02-02 13:17:16.096273+00:00,2026-02-02 13:17:16.096429+00:00
9fd9df3a0f053cb565f6626483636bd1,2026-02-02T13:17:15.723102,0.09340225161862374,2026-02-02T13:17:16.087367001Z,lightOffInvocation,2026-02-02 13:17:16.097807+00:00,2026-02-02 13:17:16.097922+00:00
388822428fc67364064f0f0356f62d00,2026-02-02T13:08:01.978555,0.0009435247466206552,2026-02-02T13:08:01.279313391Z,gateDownAction,2026-02-02 13:08:03.292576+00:00,2026-02-02 13:08:03.292783+00:00
388822428fc67364064f0f0356f62d00,2026-02-02T13:08:01.978555,0.0009435247466206552,2026-02-02T13:08:01.279313391Z,gateDownAction,2026-02-02 13:08:03.292292+00:00,2026-02-02 13:08:03.292479+00:00
388822428fc67364064f0f0356f62d00,2026-02-02T13:08:01.978555,0.0009435247466206552,2026-02-02T13:08:01.279313391Z,bellOnAction,2026-02-02 13:08:03.292613+00:00,2026-02-02 13:08:03.292720+00:00
388822428fc67364064f0f0356f62d00,2026-02-02T13:08:01.978555,0.0009435247466206552,2026-02-02T13:08:01.279313391Z,lightOnAction,2026-02-02 13:08:03.291462+00:00,2026-02-02 13:08:03.291632+00:00
388822428fc67364064f0f0356f62d00,2026-02-02T13:08:01.978555,0.0009435247466206552,2026-02-02T13:08:01.279313391Z,gateDownInvocation,2026-02-02 13:08:01.290131+00:00,2026-02-02 13:08:01.290287+00:00
388822428fc67364064f0f0356f62d00,2026-02-02T13:08:01.978555,0.0009435247466206552,2026-02-02T13:08:01.279313391Z,bellOnInvocation,2026-02-02 13:08:01.291475+00:00,2026-02-02 13:08:01.291548+00:00
388822428fc67364064f0f0356f62d00,2026-02-02T13:08:01.978555,0.0009435247466206552,2026-02-02T13:08:01.279313391Z,lightOnAction,2026-02-02 13:08:03.290836+00:00,2026-02-02 13:08:03.291030+00:00
388822428fc67364064f0f0356f62d00,2026-02-02T13:08:01.978555,0.0009435247466206552,2026-02-02T13:08:01.279313391Z,gateDownInvocation,2026-02-02 13:08:01.291768+00:00,2026-02-02 13:08:01.291878+00:00
388822428fc67364064f0f0356f62d00,2026-02-02T13:08:01.978555,0.0009435247466206552,2026-02-02T13:08:01.279313391Z,lightOnInvocation,2026-02-02 13:08:01.289854+00:00,2026-02-02 13:08:01.289920+00:00
388822428fc67364064f0f0356f62d00,2026-02-02T13:08:01.978555,0.0009435247466206552,2026-02-02T13:08:01.279313391Z,bellOnAction,2026-02-02 13:08:03.291450+00:00,2026-02-02 13:08:03.291506+00:00
388822428fc67364064f0f0356f62d00,2026-02-02T13:08:01.978555,0.0009435247466206552,2026-02-02T13:08:01.279313391Z,bellOnInvocation,2026-02-02 13:08:01.291812+00:00,2026-02-02 13:08:01.291897+00:00
388822428fc67364064f0f0356f62d00,2026-02-02T13:08:01.978555,0.0009435247466206552,2026-02-02T13:08:01.279313391Z,lightOnInvocation,2026-02-02 13:08:01.289665+00:00,2026-02-02 13:08:01.289770+00:00
40f23ec3abc91c82c06755f23373211e,2026-02-02T13:12:20.738417,0.044233344055032736,2026-02-02T13:12:21.044196142Z,gateUpInvocation,2026-02-02 13:12:21.047215+00:00,2026-02-02 13:12:21.047258+00:00
40f23ec3abc91c82c06755f23373211e,2026-02-02T13:12:20.738417,0.044233344055032736,2026-02-02T13:12:21.044196142Z,lightOffInvocation,2026-02-02 13:12:21.046854+00:00,2026-02-02 13:12:21.046896+00:00
40f23ec3abc91c82c06755f23373211e,2026-02-02T13:12:20.738417,0.044233344055032736,2026-02-02T13:12:21.044196142Z,gateUpInvocation,2026-02-02 13:12:21.046849+00:00,2026-02-02 13:12:21.046895+00:00
40f23ec3abc91c82c06755f23373211e,2026-02-02T13:12:20.738417,0.044233344055032736,2026-02-02T13:12:21.044196142Z,bellOffInvocation,2026-02-02 13:12:21.048636+00:00,2026-02-02 13:12:21.048660+00:00
40f23ec3abc91c82c06755f23373211e,2026-02-02T13:12:20.738417,0.044233344055032736,2026-02-02T13:12:21.044196142Z,lightOffInvocation,2026-02-02 13:12:21.047330+00:00,2026-02-02 13:12:21.047386+00:00
40f23ec3abc91c82c06755f23373211e,2026-02-02T13:12:20.738417,0.044233344055032736,2026-02-02T13:12:21.044196142Z,bellOffInvocation,2026-02-02 13:12:21.047600+00:00,2026-02-02 13:12:21.047636+00:00
d4f6b37fca12ba0b55aa93d6ec96ba90,2026-02-02T13:13:51.727455,0.05939834891237022,2026-02-02T13:13:52.043493399Z,gateUpInvocation,2026-02-02 13:13:52.052239+00:00,2026-02-02 13:13:52.052359+00:00
d4f6b37fca12ba0b55aa93d6ec96ba90,2026-02-02T13:13:51.727455,0.05939834891237022,2026-02-02T13:13:52.043493399Z,lightOffInvocation,2026-02-02 13:13:52.050803+00:00,2026-02-02 13:13:52.050940+00:00
d4f6b37fca12ba0b55aa93d6ec96ba90,2026-02-02T13:13:51.727455,0.05939834891237022,2026-02-02T13:13:52.043493399Z,bellOffInvocation,2026-02-02 13:13:52.054267+00:00,2026-02-02 13:13:52.054405+00:00
d4f6b37fca12ba0b55aa93d6ec96ba90,2026-02-02T13:13:51.727455,0.05939834891237022,2026-02-02T13:13:52.043493399Z,lightOffInvocation,2026-02-02 13:13:52.052752+00:00,2026-02-02 13:13:52.052882+00:00
d4f6b37fca12ba0b55aa93d6ec96ba90,2026-02-02T13:13:51.727455,0.05939834891237022,2026-02-02T13:13:52.043493399Z,bellOffInvocation,2026-02-02 13:13:52.053406+00:00,2026-02-02 13:13:52.053544+00:00
d4f6b37fca12ba0b55aa93d6ec96ba90,2026-02-02T13:13:51.727455,0.05939834891237022,2026-02-02T13:13:52.043493399Z,gateUpInvocation,2026-02-02 13:13:52.051050+00:00,2026-02-02 13:13:52.051195+00:00
4929708f6ef69a0f7031082e78a1743d,2026-02-02T13:09:53.957281,0.019607397470557692,2026-02-02T13:09:53.27381679Z,bellOnAction,2026-02-02 13:09:55.291203+00:00,2026-02-02 13:09:55.291269+00:00
4929708f6ef69a0f7031082e78a1743d,2026-02-02T13:09:53.957281,0.019607397470557692,2026-02-02T13:09:53.27381679Z,gateDownAction,2026-02-02 13:09:55.287097+00:00,2026-02-02 13:09:55.287190+00:00
4929708f6ef69a0f7031082e78a1743d,2026-02-02T13:09:53.957281,0.019607397470557692,2026-02-02T13:09:53.27381679Z,gateDownAction,2026-02-02 13:09:55.286876+00:00,2026-02-02 13:09:55.286989+00:00
4929708f6ef69a0f7031082e78a1743d,2026-02-02T13:09:53.957281,0.019607397470557692,2026-02-02T13:09:53.27381679Z,lightOnAction,2026-02-02 13:09:55.286381+00:00,2026-02-02 13:09:55.286467+00:00
4929708f6ef69a0f7031082e78a1743d,2026-02-02T13:09:53.957281,0.019607397470557692,2026-02-02T13:09:53.27381679Z,lightOnAction,2026-02-02 13:09:55.286595+00:00,2026-02-02 13:09:55.286681+00:00
4929708f6ef69a0f7031082e78a1743d,2026-02-02T13:09:53.957281,0.019607397470557692,2026-02-02T13:09:53.27381679Z,bellOnInvocation,2026-02-02 13:09:53.290964+00:00,2026-02-02 13:09:53.291153+00:00
4929708f6ef69a0f7031082e78a1743d,2026-02-02T13:09:53.957281,0.019607397470557692,2026-02-02T13:09:53.27381679Z,lightOnInvocation,2026-02-02 13:09:53.285145+00:00,2026-02-02 13:09:53.285337+00:00
4929708f6ef69a0f7031082e78a1743d,2026-02-02T13:09:53.957281,0.019607397470557692,2026-02-02T13:09:53.27381679Z,bellOnInvocation,2026-02-02 13:09:53.288500+00:00,2026-02-02 13:09:53.288695+00:00
4929708f6ef69a0f7031082e78a1743d,2026-02-02T13:09:53.957281,0.019607397470557692,2026-02-02T13:09:53.27381679Z,bellOnAction,2026-02-02 13:09:55.289678+00:00,2026-02-02 13:09:55.289750+00:00
4929708f6ef69a0f7031082e78a1743d,2026-02-02T13:09:53.957281,0.019607397470557692,2026-02-02T13:09:53.27381679Z,lightOnInvocation,2026-02-02 13:09:53.284953+00:00,2026-02-02 13:09:53.285155+00:00
4929708f6ef69a0f7031082e78a1743d,2026-02-02T13:09:53.957281,0.019607397470557692,2026-02-02T13:09:53.27381679Z,gateDownInvocation,2026-02-02 13:09:53.284530+00:00,2026-02-02 13:09:53.285022+00:00
4929708f6ef69a0f7031082e78a1743d,2026-02-02T13:09:53.957281,0.019607397470557692,2026-02-02T13:09:53.27381679Z,gateDownInvocation,2026-02-02 13:09:53.285157+00:00,2026-02-02 13:09:53.285460+00:00
cafe9e9b07bb38a2d7b9631e2afaa7c3,2026-02-02T13:12:12.104462,0.042630737460267555,2026-02-02T13:12:11.427694589Z,lightOnInvocation,2026-02-02 13:12:11.435995+00:00,2026-02-02 13:12:11.436143+00:00
cafe9e9b07bb38a2d7b9631e2afaa7c3,2026-02-02T13:12:12.104462,0.042630737460267555,2026-02-02T13:12:11.427694589Z,gateDownAction,2026-02-02 13:12:13.437761+00:00,2026-02-02 13:12:13.437845+00:00
cafe9e9b07bb38a2d7b9631e2afaa7c3,2026-02-02T13:12:12.104462,0.042630737460267555,2026-02-02T13:12:11.427694589Z,bellOnInvocation,2026-02-02 13:12:11.437686+00:00,2026-02-02 13:12:11.437789+00:00
cafe9e9b07bb38a2d7b9631e2afaa7c3,2026-02-02T13:12:12.104462,0.042630737460267555,2026-02-02T13:12:11.427694589Z,bellOnAction,2026-02-02 13:12:13.439171+00:00,2026-02-02 13:12:13.439238+00:00
cafe9e9b07bb38a2d7b9631e2afaa7c3,2026-02-02T13:12:12.104462,0.042630737460267555,2026-02-02T13:12:11.427694589Z,lightOnAction,2026-02-02 13:12:13.435658+00:00,2026-02-02 13:12:13.435744+00:00
cafe9e9b07bb38a2d7b9631e2afaa7c3,2026-02-02T13:12:12.104462,0.042630737460267555,2026-02-02T13:12:11.427694589Z,lightOnInvocation,2026-02-02 13:12:11.434737+00:00,2026-02-02 13:12:11.434930+00:00
cafe9e9b07bb38a2d7b9631e2afaa7c3,2026-02-02T13:12:12.104462,0.042630737460267555,2026-02-02T13:12:11.427694589Z,gateDownInvocation,2026-02-02 13:12:11.436445+00:00,2026-02-02 13:12:11.436672+00:00
cafe9e9b07bb38a2d7b9631e2afaa7c3,2026-02-02T13:12:12.104462,0.042630737460267555,2026-02-02T13:12:11.427694589Z,gateDownAction,2026-02-02 13:12:13.437527+00:00,2026-02-02 13:12:13.437607+00:00
cafe9e9b07bb38a2d7b9631e2afaa7c3,2026-02-02T13:12:12.104462,0.042630737460267555,2026-02-02T13:12:11.427694589Z,lightOnAction,2026-02-02 13:12:13.436644+00:00,2026-02-02 13:12:13.436726+00:00
cafe9e9b07bb38a2d7b9631e2afaa7c3,2026-02-02T13:12:12.104462,0.042630737460267555,2026-02-02T13:12:11.427694589Z,bellOnAction,2026-02-02 13:12:13.438223+00:00,2026-02-02 13:12:13.438311+00:00
cafe9e9b07bb38a2d7b9631e2afaa7c3,2026-02-02T13:12:12.104462,0.042630737460267555,2026-02-02T13:12:11.427694589Z,gateDownInvocation,2026-02-02 13:12:11.435308+00:00,2026-02-02 13:12:11.435575+00:00
cafe9e9b07bb38a2d7b9631e2afaa7c3,2026-02-02T13:12:12.104462,0.042630737460267555,2026-02-02T13:12:11.427694589Z,bellOnInvocation,2026-02-02 13:12:11.436541+00:00,2026-02-02 13:12:11.436674+00:00
5b8a7ea95a8f3298fa8eb055c164fdad,2026-02-02T13:09:58.266283,0.02032371183227301,2026-02-02T13:09:57.572162551Z,bellOnInvocation,2026-02-02 13:09:57.585747+00:00,2026-02-02 13:09:57.585988+00:00
5b8a7ea95a8f3298fa8eb055c164fdad,2026-02-02T13:09:58.266283,0.02032371183227301,2026-02-02T13:09:57.572162551Z,lightOnInvocation,2026-02-02 13:09:57.582047+00:00,2026-02-02 13:09:57.582250+00:00
5b8a7ea95a8f3298fa8eb055c164fdad,2026-02-02T13:09:58.266283,0.02032371183227301,2026-02-02T13:09:57.572162551Z,gateDownAction,2026-02-02 13:09:59.585220+00:00,2026-02-02 13:09:59.585333+00:00
5b8a7ea95a8f3298fa8eb055c164fdad,2026-02-02T13:09:58.266283,0.02032371183227301,2026-02-02T13:09:57.572162551Z,lightOnAction,2026-02-02 13:09:59.583244+00:00,2026-02-02 13:09:59.583327+00:00
5b8a7ea95a8f3298fa8eb055c164fdad,2026-02-02T13:09:58.266283,0.02032371183227301,2026-02-02T13:09:57.572162551Z,gateDownInvocation,2026-02-02 13:09:57.583306+00:00,2026-02-02 13:09:57.583617+00:00
5b8a7ea95a8f3298fa8eb055c164fdad,2026-02-02T13:09:58.266283,0.02032371183227301,2026-02-02T13:09:57.572162551Z,gateDownInvocation,2026-02-02 13:09:57.583830+00:00,2026-02-02 13:09:57.584132+00:00
5b8a7ea95a8f3298fa8eb055c164fdad,2026-02-02T13:09:58.266283,0.02032371183227301,2026-02-02T13:09:57.572162551Z,bellOnAction,2026-02-02 13:09:59.588298+00:00,2026-02-02 13:09:59.588366+00:00
5b8a7ea95a8f3298fa8eb055c164fdad,2026-02-02T13:09:58.266283,0.02032371183227301,2026-02-02T13:09:57.572162551Z,lightOnAction,2026-02-02 13:09:59.584087+00:00,2026-02-02 13:09:59.584175+00:00
5b8a7ea95a8f3298fa8eb055c164fdad,2026-02-02T13:09:58.266283,0.02032371183227301,2026-02-02T13:09:57.572162551Z,gateDownAction,2026-02-02 13:09:59.585484+00:00,2026-02-02 13:09:59.585596+00:00
5b8a7ea95a8f3298fa8eb055c164fdad,2026-02-02T13:09:58.266283,0.02032371183227301,2026-02-02T13:09:57.572162551Z,lightOnInvocation,2026-02-02 13:09:57.581431+00:00,2026-02-02 13:09:57.581575+00:00
5b8a7ea95a8f3298fa8eb055c164fdad,2026-02-02T13:09:58.266283,0.02032371183227301,2026-02-02T13:09:57.572162551Z,bellOnInvocation,2026-02-02 13:09:57.587534+00:00,2026-02-02 13:09:57.587699+00:00
5b8a7ea95a8f3298fa8eb055c164fdad,2026-02-02T13:09:58.266283,0.02032371183227301,2026-02-02T13:09:57.572162551Z,bellOnAction,2026-02-02 13:09:59.586823+00:00,2026-02-02 13:09:59.586888+00:00
a2738f3c52354ba419ff45fabf86ddc1,2026-02-02T13:11:15.931533,0.03327053236955405,2026-02-02T13:11:15.26073476Z,lightOnInvocation,2026-02-02 13:11:15.264481+00:00,2026-02-02 13:11:15.264541+00:00
a2738f3c52354ba419ff45fabf86ddc1,2026-02-02T13:11:15.931533,0.03327053236955405,2026-02-02T13:11:15.26073476Z,bellOnAction,2026-02-02 13:11:17.266220+00:00,2026-02-02 13:11:17.266247+00:00
a2738f3c52354ba419ff45fabf86ddc1,2026-02-02T13:11:15.931533,0.03327053236955405,2026-02-02T13:11:15.26073476Z,gateDownInvocation,2026-02-02 13:11:15.265048+00:00,2026-02-02 13:11:15.265133+00:00
a2738f3c52354ba419ff45fabf86ddc1,2026-02-02T13:11:15.931533,0.03327053236955405,2026-02-02T13:11:15.26073476Z,lightOnInvocation,2026-02-02 13:11:15.264678+00:00,2026-02-02 13:11:15.264722+00:00
a2738f3c52354ba419ff45fabf86ddc1,2026-02-02T13:11:15.931533,0.03327053236955405,2026-02-02T13:11:15.26073476Z,gateDownInvocation,2026-02-02 13:11:15.264451+00:00,2026-02-02 13:11:15.264575+00:00
a2738f3c52354ba419ff45fabf86ddc1,2026-02-02T13:11:15.931533,0.03327053236955405,2026-02-02T13:11:15.26073476Z,bellOnInvocation,2026-02-02 13:11:15.265614+00:00,2026-02-02 13:11:15.265652+00:00
a2738f3c52354ba419ff45fabf86ddc1,2026-02-02T13:11:15.931533,0.03327053236955405,2026-02-02T13:11:15.26073476Z,gateDownAction,2026-02-02 13:11:17.266039+00:00,2026-02-02 13:11:17.266088+00:00
a2738f3c52354ba419ff45fabf86ddc1,2026-02-02T13:11:15.931533,0.03327053236955405,2026-02-02T13:11:15.26073476Z,lightOnAction,2026-02-02 13:11:17.265669+00:00,2026-02-02 13:11:17.265702+00:00
a2738f3c52354ba419ff45fabf86ddc1,2026-02-02T13:11:15.931533,0.03327053236955405,2026-02-02T13:11:15.26073476Z,gateDownAction,2026-02-02 13:11:17.265957+00:00,2026-02-02 13:11:17.265993+00:00
a2738f3c52354ba419ff45fabf86ddc1,2026-02-02T13:11:15.931533,0.03327053236955405,2026-02-02T13:11:15.26073476Z,lightOnAction,2026-02-02 13:11:17.264722+00:00,2026-02-02 13:11:17.264749+00:00
a2738f3c52354ba419ff45fabf86ddc1,2026-02-02T13:11:15.931533,0.03327053236955405,2026-02-02T13:11:15.26073476Z,bellOnAction,2026-02-02 13:11:17.265806+00:00,2026-02-02 13:11:17.265822+00:00
a2738f3c52354ba419ff45fabf86ddc1,2026-02-02T13:11:15.931533,0.03327053236955405,2026-02-02T13:11:15.26073476Z,bellOnInvocation,2026-02-02 13:11:15.265745+00:00,2026-02-02 13:11:15.265786+00:00
e025d623a5eab6055b1550ffb80365c1,2026-02-02T13:08:14.883588,0.003094539839625359,2026-02-02T13:08:14.186754704Z,bellOnInvocation,2026-02-02 13:08:14.205655+00:00,2026-02-02 13:08:14.205774+00:00
e025d623a5eab6055b1550ffb80365c1,2026-02-02T13:08:14.883588,0.003094539839625359,2026-02-02T13:08:14.186754704Z,bellOnAction,2026-02-02 13:08:16.206901+00:00,2026-02-02 13:08:16.207005+00:00
e025d623a5eab6055b1550ffb80365c1,2026-02-02T13:08:14.883588,0.003094539839625359,2026-02-02T13:08:14.186754704Z,lightOnAction,2026-02-02 13:08:16.201294+00:00,2026-02-02 13:08:16.201383+00:00
e025d623a5eab6055b1550ffb80365c1,2026-02-02T13:08:14.883588,0.003094539839625359,2026-02-02T13:08:14.186754704Z,lightOnAction,2026-02-02 13:08:16.201801+00:00,2026-02-02 13:08:16.201916+00:00
e025d623a5eab6055b1550ffb80365c1,2026-02-02T13:08:14.883588,0.003094539839625359,2026-02-02T13:08:14.186754704Z,gateDownAction,2026-02-02 13:08:16.202492+00:00,2026-02-02 13:08:16.202579+00:00
e025d623a5eab6055b1550ffb80365c1,2026-02-02T13:08:14.883588,0.003094539839625359,2026-02-02T13:08:14.186754704Z,gateDownInvocation,2026-02-02 13:08:14.201171+00:00,2026-02-02 13:08:14.201524+00:00
e025d623a5eab6055b1550ffb80365c1,2026-02-02T13:08:14.883588,0.003094539839625359,2026-02-02T13:08:14.186754704Z,gateDownAction,2026-02-02 13:08:16.201764+00:00,2026-02-02 13:08:16.201888+00:00
e025d623a5eab6055b1550ffb80365c1,2026-02-02T13:08:14.883588,0.003094539839625359,2026-02-02T13:08:14.186754704Z,bellOnInvocation,2026-02-02 13:08:14.207822+00:00,2026-02-02 13:08:14.208027+00:00
e025d623a5eab6055b1550ffb80365c1,2026-02-02T13:08:14.883588,0.003094539839625359,2026-02-02T13:08:14.186754704Z,gateDownInvocation,2026-02-02 13:08:14.200852+00:00,2026-02-02 13:08:14.201191+00:00
e025d623a5eab6055b1550ffb80365c1,2026-02-02T13:08:14.883588,0.003094539839625359,2026-02-02T13:08:14.186754704Z,bellOnAction,2026-02-02 13:08:16.208565+00:00,2026-02-02 13:08:16.208643+00:00
e025d623a5eab6055b1550ffb80365c1,2026-02-02T13:08:14.883588,0.003094539839625359,2026-02-02T13:08:14.186754704Z,lightOnInvocation,2026-02-02 13:08:14.200120+00:00,2026-02-02 13:08:14.200336+00:00
e025d623a5eab6055b1550ffb80365c1,2026-02-02T13:08:14.883588,0.003094539839625359,2026-02-02T13:08:14.186754704Z,lightOnInvocation,2026-02-02 13:08:14.200054+00:00,2026-02-02 13:08:14.200263+00:00
4be48872e1efc2a9069412aaad84a22b,2026-02-02T13:09:06.542327,0.011870958653092385,2026-02-02T13:09:06.850545963Z,gateUpInvocation,2026-02-02 13:09:06.858125+00:00,2026-02-02 13:09:06.858204+00:00
4be48872e1efc2a9069412aaad84a22b,2026-02-02T13:09:06.542327,0.011870958653092385,2026-02-02T13:09:06.850545963Z,gateUpInvocation,2026-02-02 13:09:06.857793+00:00,2026-02-02 13:09:06.857876+00:00
4be48872e1efc2a9069412aaad84a22b,2026-02-02T13:09:06.542327,0.011870958653092385,2026-02-02T13:09:06.850545963Z,lightOffInvocation,2026-02-02 13:09:06.858840+00:00,2026-02-02 13:09:06.858906+00:00
4be48872e1efc2a9069412aaad84a22b,2026-02-02T13:09:06.542327,0.011870958653092385,2026-02-02T13:09:06.850545963Z,lightOffInvocation,2026-02-02 13:09:06.857821+00:00,2026-02-02 13:09:06.857943+00:00
4be48872e1efc2a9069412aaad84a22b,2026-02-02T13:09:06.542327,0.011870958653092385,2026-02-02T13:09:06.850545963Z,bellOffInvocation,2026-02-02 13:09:06.865338+00:00,2026-02-02 13:09:06.865368+00:00
4be48872e1efc2a9069412aaad84a22b,2026-02-02T13:09:06.542327,0.011870958653092385,2026-02-02T13:09:06.850545963Z,bellOffInvocation,2026-02-02 13:09:06.861525+00:00,2026-02-02 13:09:06.861604+00:00
043df61d364dc4695863ffd0aed5964a,2026-02-02T13:16:23.621416,0.08471232487924099,2026-02-02T13:16:23.94253708Z,bellOffInvocation,2026-02-02 13:16:23.951245+00:00,2026-02-02 13:16:23.951330+00:00
043df61d364dc4695863ffd0aed5964a,2026-02-02T13:16:23.621416,0.08471232487924099,2026-02-02T13:16:23.94253708Z,gateUpInvocation,2026-02-02 13:16:23.948705+00:00,2026-02-02 13:16:23.948850+00:00
043df61d364dc4695863ffd0aed5964a,2026-02-02T13:16:23.621416,0.08471232487924099,2026-02-02T13:16:23.94253708Z,gateUpInvocation,2026-02-02 13:16:23.949321+00:00,2026-02-02 13:16:23.949455+00:00
043df61d364dc4695863ffd0aed5964a,2026-02-02T13:16:23.621416,0.08471232487924099,2026-02-02T13:16:23.94253708Z,lightOffInvocation,2026-02-02 13:16:23.949246+00:00,2026-02-02 13:16:23.949383+00:00
043df61d364dc4695863ffd0aed5964a,2026-02-02T13:16:23.621416,0.08471232487924099,2026-02-02T13:16:23.94253708Z,bellOffInvocation,2026-02-02 13:16:23.952632+00:00,2026-02-02 13:16:23.952710+00:00
043df61d364dc4695863ffd0aed5964a,2026-02-02T13:16:23.621416,0.08471232487924099,2026-02-02T13:16:23.94253708Z,lightOffInvocation,2026-02-02 13:16:23.948676+00:00,2026-02-02 13:16:23.948816+00:00
10cc625fd76ade5513e7a10f502fdcce,2026-02-02T13:16:06.286262,0.08182405785046816,2026-02-02T13:16:06.611073997Z,lightOffInvocation,2026-02-02 13:16:06.614594+00:00,2026-02-02 13:16:06.614660+00:00
10cc625fd76ade5513e7a10f502fdcce,2026-02-02T13:16:06.286262,0.08182405785046816,2026-02-02T13:16:06.611073997Z,bellOffInvocation,2026-02-02 13:16:06.615603+00:00,2026-02-02 13:16:06.615661+00:00
10cc625fd76ade5513e7a10f502fdcce,2026-02-02T13:16:06.286262,0.08182405785046816,2026-02-02T13:16:06.611073997Z,gateUpInvocation,2026-02-02 13:16:06.614624+00:00,2026-02-02 13:16:06.614688+00:00
10cc625fd76ade5513e7a10f502fdcce,2026-02-02T13:16:06.286262,0.08182405785046816,2026-02-02T13:16:06.611073997Z,gateUpInvocation,2026-02-02 13:16:06.615393+00:00,2026-02-02 13:16:06.615462+00:00
10cc625fd76ade5513e7a10f502fdcce,2026-02-02T13:16:06.286262,0.08182405785046816,2026-02-02T13:16:06.611073997Z,lightOffInvocation,2026-02-02 13:16:06.614582+00:00,2026-02-02 13:16:06.614651+00:00
10cc625fd76ade5513e7a10f502fdcce,2026-02-02T13:16:06.286262,0.08182405785046816,2026-02-02T13:16:06.611073997Z,bellOffInvocation,2026-02-02 13:16:06.617659+00:00,2026-02-02 13:16:06.617701+00:00
9d0ccb514c7785d51019ffd1f2d9c12d,2026-02-02T13:15:57.577017,0.08020274712247849,2026-02-02T13:15:56.882199398Z,bellOnInvocation,2026-02-02 13:15:56.886465+00:00,2026-02-02 13:15:56.886497+00:00
9d0ccb514c7785d51019ffd1f2d9c12d,2026-02-02T13:15:57.577017,0.08020274712247849,2026-02-02T13:15:56.882199398Z,gateDownInvocation,2026-02-02 13:15:56.885851+00:00,2026-02-02 13:15:56.885924+00:00
9d0ccb514c7785d51019ffd1f2d9c12d,2026-02-02T13:15:57.577017,0.08020274712247849,2026-02-02T13:15:56.882199398Z,lightOnInvocation,2026-02-02 13:15:56.884835+00:00,2026-02-02 13:15:56.884892+00:00
9d0ccb514c7785d51019ffd1f2d9c12d,2026-02-02T13:15:57.577017,0.08020274712247849,2026-02-02T13:15:56.882199398Z,lightOnAction,2026-02-02 13:15:58.886339+00:00,2026-02-02 13:15:58.886438+00:00
9d0ccb514c7785d51019ffd1f2d9c12d,2026-02-02T13:15:57.577017,0.08020274712247849,2026-02-02T13:15:56.882199398Z,bellOnAction,2026-02-02 13:15:58.887192+00:00,2026-02-02 13:15:58.887257+00:00
9d0ccb514c7785d51019ffd1f2d9c12d,2026-02-02T13:15:57.577017,0.08020274712247849,2026-02-02T13:15:56.882199398Z,bellOnAction,2026-02-02 13:15:58.886112+00:00,2026-02-02 13:15:58.886221+00:00
9d0ccb514c7785d51019ffd1f2d9c12d,2026-02-02T13:15:57.577017,0.08020274712247849,2026-02-02T13:15:56.882199398Z,lightOnAction,2026-02-02 13:15:58.886099+00:00,2026-02-02 13:15:58.886224+00:00
9d0ccb514c7785d51019ffd1f2d9c12d,2026-02-02T13:15:57.577017,0.08020274712247849,2026-02-02T13:15:56.882199398Z,gateDownAction,2026-02-02 13:15:58.886277+00:00,2026-02-02 13:15:58.886391+00:00
9d0ccb514c7785d51019ffd1f2d9c12d,2026-02-02T13:15:57.577017,0.08020274712247849,2026-02-02T13:15:56.882199398Z,lightOnInvocation,2026-02-02 13:15:56.885269+00:00,2026-02-02 13:15:56.885327+00:00
9d0ccb514c7785d51019ffd1f2d9c12d,2026-02-02T13:15:57.577017,0.08020274712247849,2026-02-02T13:15:56.882199398Z,gateDownAction,2026-02-02 13:15:58.886715+00:00,2026-02-02 13:15:58.886792+00:00
9d0ccb514c7785d51019ffd1f2d9c12d,2026-02-02T13:15:57.577017,0.08020274712247849,2026-02-02T13:15:56.882199398Z,gateDownInvocation,2026-02-02 13:15:56.884775+00:00,2026-02-02 13:15:56.884924+00:00
9d0ccb514c7785d51019ffd1f2d9c12d,2026-02-02T13:15:57.577017,0.08020274712247849,2026-02-02T13:15:56.882199398Z,bellOnInvocation,2026-02-02 13:15:56.885138+00:00,2026-02-02 13:15:56.885225+00:00
870d25a6ff687fc190c06dede69b7234,2026-02-02T13:08:23.494266,0.00469638782260418,2026-02-02T13:08:23.798803777Z,gateUpInvocation,2026-02-02 13:08:23.807117+00:00,2026-02-02 13:08:23.807192+00:00
870d25a6ff687fc190c06dede69b7234,2026-02-02T13:08:23.494266,0.00469638782260418,2026-02-02T13:08:23.798803777Z,lightOffInvocation,2026-02-02 13:08:23.808503+00:00,2026-02-02 13:08:23.808582+00:00
870d25a6ff687fc190c06dede69b7234,2026-02-02T13:08:23.494266,0.00469638782260418,2026-02-02T13:08:23.798803777Z,bellOffInvocation,2026-02-02 13:08:23.810647+00:00,2026-02-02 13:08:23.810720+00:00
870d25a6ff687fc190c06dede69b7234,2026-02-02T13:08:23.494266,0.00469638782260418,2026-02-02T13:08:23.798803777Z,gateUpInvocation,2026-02-02 13:08:23.809850+00:00,2026-02-02 13:08:23.809930+00:00
870d25a6ff687fc190c06dede69b7234,2026-02-02T13:08:23.494266,0.00469638782260418,2026-02-02T13:08:23.798803777Z,bellOffInvocation,2026-02-02 13:08:23.813933+00:00,2026-02-02 13:08:23.813994+00:00
870d25a6ff687fc190c06dede69b7234,2026-02-02T13:08:23.494266,0.00469638782260418,2026-02-02T13:08:23.798803777Z,lightOffInvocation,2026-02-02 13:08:23.807117+00:00,2026-02-02 13:08:23.807192+00:00
3d56370d45992651bcaac771374988dd,2026-02-02T13:10:58.661667,0.030392509401035314,2026-02-02T13:10:57.990958494Z,lightOnInvocation,2026-02-02 13:10:57.999106+00:00,2026-02-02 13:10:57.999278+00:00
3d56370d45992651bcaac771374988dd,2026-02-02T13:10:58.661667,0.030392509401035314,2026-02-02T13:10:57.990958494Z,lightOnAction,2026-02-02 13:11:00.002636+00:00,2026-02-02 13:11:00.002679+00:00
3d56370d45992651bcaac771374988dd,2026-02-02T13:10:58.661667,0.030392509401035314,2026-02-02T13:10:57.990958494Z,bellOnAction,2026-02-02 13:11:00.006603+00:00,2026-02-02 13:11:00.006634+00:00
3d56370d45992651bcaac771374988dd,2026-02-02T13:10:58.661667,0.030392509401035314,2026-02-02T13:10:57.990958494Z,bellOnAction,2026-02-02 13:11:00.005917+00:00,2026-02-02 13:11:00.005942+00:00
3d56370d45992651bcaac771374988dd,2026-02-02T13:10:58.661667,0.030392509401035314,2026-02-02T13:10:57.990958494Z,gateDownAction,2026-02-02 13:11:00.004017+00:00,2026-02-02 13:11:00.004064+00:00
3d56370d45992651bcaac771374988dd,2026-02-02T13:10:58.661667,0.030392509401035314,2026-02-02T13:10:57.990958494Z,gateDownInvocation,2026-02-02 13:10:57.998359+00:00,2026-02-02 13:10:57.999761+00:00
3d56370d45992651bcaac771374988dd,2026-02-02T13:10:58.661667,0.030392509401035314,2026-02-02T13:10:57.990958494Z,gateDownAction,2026-02-02 13:11:00.001709+00:00,2026-02-02 13:11:00.001756+00:00
3d56370d45992651bcaac771374988dd,2026-02-02T13:10:58.661667,0.030392509401035314,2026-02-02T13:10:57.990958494Z,lightOnAction,2026-02-02 13:11:00.000267+00:00,2026-02-02 13:11:00.000317+00:00
3d56370d45992651bcaac771374988dd,2026-02-02T13:10:58.661667,0.030392509401035314,2026-02-02T13:10:57.990958494Z,bellOnInvocation,2026-02-02 13:10:58.005740+00:00,2026-02-02 13:10:58.005968+00:00
3d56370d45992651bcaac771374988dd,2026-02-02T13:10:58.661667,0.030392509401035314,2026-02-02T13:10:57.990958494Z,gateDownInvocation,2026-02-02 13:10:58.002135+00:00,2026-02-02 13:10:58.002439+00:00
3d56370d45992651bcaac771374988dd,2026-02-02T13:10:58.661667,0.030392509401035314,2026-02-02T13:10:57.990958494Z,lightOnInvocation,2026-02-02 13:10:57.999043+00:00,2026-02-02 13:10:57.999247+00:00
3d56370d45992651bcaac771374988dd,2026-02-02T13:10:58.661667,0.030392509401035314,2026-02-02T13:10:57.990958494Z,bellOnInvocation,2026-02-02 13:10:58.004302+00:00,2026-02-02 13:10:58.004496+00:00
05e274bdbbfb3b50c668eaffe9d960f8,2026-02-02T13:13:47.398154,0.05851448103460074,2026-02-02T13:13:46.739769956Z,lightOnAction,2026-02-02 13:13:48.748208+00:00,2026-02-02 13:13:48.748296+00:00
05e274bdbbfb3b50c668eaffe9d960f8,2026-02-02T13:13:47.398154,0.05851448103460074,2026-02-02T13:13:46.739769956Z,lightOnInvocation,2026-02-02 13:13:46.746857+00:00,2026-02-02 13:13:46.746915+00:00
05e274bdbbfb3b50c668eaffe9d960f8,2026-02-02T13:13:47.398154,0.05851448103460074,2026-02-02T13:13:46.739769956Z,lightOnInvocation,2026-02-02 13:13:46.746787+00:00,2026-02-02 13:13:46.746849+00:00
05e274bdbbfb3b50c668eaffe9d960f8,2026-02-02T13:13:47.398154,0.05851448103460074,2026-02-02T13:13:46.739769956Z,bellOnAction,2026-02-02 13:13:48.750390+00:00,2026-02-02 13:13:48.750468+00:00
05e274bdbbfb3b50c668eaffe9d960f8,2026-02-02T13:13:47.398154,0.05851448103460074,2026-02-02T13:13:46.739769956Z,gateDownInvocation,2026-02-02 13:13:46.746954+00:00,2026-02-02 13:13:46.747112+00:00
05e274bdbbfb3b50c668eaffe9d960f8,2026-02-02T13:13:47.398154,0.05851448103460074,2026-02-02T13:13:46.739769956Z,bellOnAction,2026-02-02 13:13:48.748603+00:00,2026-02-02 13:13:48.748657+00:00
05e274bdbbfb3b50c668eaffe9d960f8,2026-02-02T13:13:47.398154,0.05851448103460074,2026-02-02T13:13:46.739769956Z,bellOnInvocation,2026-02-02 13:13:46.749813+00:00,2026-02-02 13:13:46.749975+00:00
05e274bdbbfb3b50c668eaffe9d960f8,2026-02-02T13:13:47.398154,0.05851448103460074,2026-02-02T13:13:46.739769956Z,gateDownInvocation,2026-02-02 13:13:46.746772+00:00,2026-02-02 13:13:46.746867+00:00
05e274bdbbfb3b50c668eaffe9d960f8,2026-02-02T13:13:47.398154,0.05851448103460074,2026-02-02T13:13:46.739769956Z,bellOnInvocation,2026-02-02 13:13:46.748085+00:00,2026-02-02 13:13:46.748209+00:00
05e274bdbbfb3b50c668eaffe9d960f8,2026-02-02T13:13:47.398154,0.05851448103460074,2026-02-02T13:13:46.739769956Z,lightOnAction,2026-02-02 13:13:48.747621+00:00,2026-02-02 13:13:48.747741+00:00
05e274bdbbfb3b50c668eaffe9d960f8,2026-02-02T13:13:47.398154,0.05851448103460074,2026-02-02T13:13:46.739769956Z,gateDownAction,2026-02-02 13:13:48.747536+00:00,2026-02-02 13:13:48.747631+00:00
05e274bdbbfb3b50c668eaffe9d960f8,2026-02-02T13:13:47.398154,0.05851448103460074,2026-02-02T13:13:46.739769956Z,gateDownAction,2026-02-02 13:13:48.747476+00:00,2026-02-02 13:13:48.747567+00:00
e0efee4cba3b9888f23ac1c970bd00bb,2026-02-02T13:12:38.086625,0.04712543378314973,2026-02-02T13:12:38.39861169Z,bellOffInvocation,2026-02-02 13:12:38.412157+00:00,2026-02-02 13:12:38.412264+00:00
e0efee4cba3b9888f23ac1c970bd00bb,2026-02-02T13:12:38.086625,0.04712543378314973,2026-02-02T13:12:38.39861169Z,gateUpInvocation,2026-02-02 13:12:38.406759+00:00,2026-02-02 13:12:38.406874+00:00
e0efee4cba3b9888f23ac1c970bd00bb,2026-02-02T13:12:38.086625,0.04712543378314973,2026-02-02T13:12:38.39861169Z,gateUpInvocation,2026-02-02 13:12:38.413669+00:00,2026-02-02 13:12:38.413835+00:00
e0efee4cba3b9888f23ac1c970bd00bb,2026-02-02T13:12:38.086625,0.04712543378314973,2026-02-02T13:12:38.39861169Z,lightOffInvocation,2026-02-02 13:12:38.413512+00:00,2026-02-02 13:12:38.413641+00:00
e0efee4cba3b9888f23ac1c970bd00bb,2026-02-02T13:12:38.086625,0.04712543378314973,2026-02-02T13:12:38.39861169Z,bellOffInvocation,2026-02-02 13:12:38.416580+00:00,2026-02-02 13:12:38.416627+00:00
e0efee4cba3b9888f23ac1c970bd00bb,2026-02-02T13:12:38.086625,0.04712543378314973,2026-02-02T13:12:38.39861169Z,lightOffInvocation,2026-02-02 13:12:38.406750+00:00,2026-02-02 13:12:38.406847+00:00
3a7877164411a316280472b90e2aefa7,2026-02-02T13:12:16.424526,0.04351767550466062,2026-02-02T13:12:16.749767801Z,lightOffInvocation,2026-02-02 13:12:16.756691+00:00,2026-02-02 13:12:16.756822+00:00
3a7877164411a316280472b90e2aefa7,2026-02-02T13:12:16.424526,0.04351767550466062,2026-02-02T13:12:16.749767801Z,gateUpInvocation,2026-02-02 13:12:16.756683+00:00,2026-02-02 13:12:16.756853+00:00
3a7877164411a316280472b90e2aefa7,2026-02-02T13:12:16.424526,0.04351767550466062,2026-02-02T13:12:16.749767801Z,bellOffInvocation,2026-02-02 13:12:16.759272+00:00,2026-02-02 13:12:16.759414+00:00
3a7877164411a316280472b90e2aefa7,2026-02-02T13:12:16.424526,0.04351767550466062,2026-02-02T13:12:16.749767801Z,lightOffInvocation,2026-02-02 13:12:16.755975+00:00,2026-02-02 13:12:16.756122+00:00
3a7877164411a316280472b90e2aefa7,2026-02-02T13:12:16.424526,0.04351767550466062,2026-02-02T13:12:16.749767801Z,bellOffInvocation,2026-02-02 13:12:16.758208+00:00,2026-02-02 13:12:16.758296+00:00
3a7877164411a316280472b90e2aefa7,2026-02-02T13:12:16.424526,0.04351767550466062,2026-02-02T13:12:16.749767801Z,gateUpInvocation,2026-02-02 13:12:16.756005+00:00,2026-02-02 13:12:16.756116+00:00
e4e3577640eeb77502b80434c31d788f,2026-02-02T13:11:07.318777,0.031834052855932715,2026-02-02T13:11:06.641157449Z,gateDownInvocation,2026-02-02 13:11:06.650457+00:00,2026-02-02 13:11:06.651405+00:00
e4e3577640eeb77502b80434c31d788f,2026-02-02T13:11:07.318777,0.031834052855932715,2026-02-02T13:11:06.641157449Z,gateDownAction,2026-02-02 13:11:08.653347+00:00,2026-02-02 13:11:08.653432+00:00
e4e3577640eeb77502b80434c31d788f,2026-02-02T13:11:07.318777,0.031834052855932715,2026-02-02T13:11:06.641157449Z,gateDownInvocation,2026-02-02 13:11:06.654099+00:00,2026-02-02 13:11:06.654374+00:00
e4e3577640eeb77502b80434c31d788f,2026-02-02T13:11:07.318777,0.031834052855932715,2026-02-02T13:11:06.641157449Z,lightOnInvocation,2026-02-02 13:11:06.651218+00:00,2026-02-02 13:11:06.651443+00:00
e4e3577640eeb77502b80434c31d788f,2026-02-02T13:11:07.318777,0.031834052855932715,2026-02-02T13:11:06.641157449Z,lightOnAction,2026-02-02 13:11:08.653104+00:00,2026-02-02 13:11:08.653192+00:00
e4e3577640eeb77502b80434c31d788f,2026-02-02T13:11:07.318777,0.031834052855932715,2026-02-02T13:11:06.641157449Z,lightOnAction,2026-02-02 13:11:08.652450+00:00,2026-02-02 13:11:08.652533+00:00
e4e3577640eeb77502b80434c31d788f,2026-02-02T13:11:07.318777,0.031834052855932715,2026-02-02T13:11:06.641157449Z,bellOnAction,2026-02-02 13:11:08.656679+00:00,2026-02-02 13:11:08.656769+00:00
e4e3577640eeb77502b80434c31d788f,2026-02-02T13:11:07.318777,0.031834052855932715,2026-02-02T13:11:06.641157449Z,bellOnInvocation,2026-02-02 13:11:06.654940+00:00,2026-02-02 13:11:06.655086+00:00
e4e3577640eeb77502b80434c31d788f,2026-02-02T13:11:07.318777,0.031834052855932715,2026-02-02T13:11:06.641157449Z,lightOnInvocation,2026-02-02 13:11:06.650963+00:00,2026-02-02 13:11:06.651195+00:00
e4e3577640eeb77502b80434c31d788f,2026-02-02T13:11:07.318777,0.031834052855932715,2026-02-02T13:11:06.641157449Z,bellOnInvocation,2026-02-02 13:11:06.655239+00:00,2026-02-02 13:11:06.655445+00:00
e4e3577640eeb77502b80434c31d788f,2026-02-02T13:11:07.318777,0.031834052855932715,2026-02-02T13:11:06.641157449Z,gateDownAction,2026-02-02 13:11:08.655751+00:00,2026-02-02 13:11:08.655852+00:00
e4e3577640eeb77502b80434c31d788f,2026-02-02T13:11:07.318777,0.031834052855932715,2026-02-02T13:11:06.641157449Z,bellOnAction,2026-02-02 13:11:08.655865+00:00,2026-02-02 13:11:08.655935+00:00
8b88fb962c73166838590e40963d0195,2026-02-02T13:10:15.527224,0.02336820159443617,2026-02-02T13:10:15.84113121Z,lightOffInvocation,2026-02-02 13:10:15.848972+00:00,2026-02-02 13:10:15.849141+00:00
8b88fb962c73166838590e40963d0195,2026-02-02T13:10:15.527224,0.02336820159443617,2026-02-02T13:10:15.84113121Z,bellOffInvocation,2026-02-02 13:10:15.852340+00:00,2026-02-02 13:10:15.852460+00:00
8b88fb962c73166838590e40963d0195,2026-02-02T13:10:15.527224,0.02336820159443617,2026-02-02T13:10:15.84113121Z,gateUpInvocation,2026-02-02 13:10:15.846954+00:00,2026-02-02 13:10:15.846985+00:00
8b88fb962c73166838590e40963d0195,2026-02-02T13:10:15.527224,0.02336820159443617,2026-02-02T13:10:15.84113121Z,lightOffInvocation,2026-02-02 13:10:15.844520+00:00,2026-02-02 13:10:15.844559+00:00
8b88fb962c73166838590e40963d0195,2026-02-02T13:10:15.527224,0.02336820159443617,2026-02-02T13:10:15.84113121Z,bellOffInvocation,2026-02-02 13:10:15.847017+00:00,2026-02-02 13:10:15.847069+00:00
8b88fb962c73166838590e40963d0195,2026-02-02T13:10:15.527224,0.02336820159443617,2026-02-02T13:10:15.84113121Z,gateUpInvocation,2026-02-02 13:10:15.844485+00:00,2026-02-02 13:10:15.844529+00:00
bd8b56ee2cc32f77ad06dd7006a1b209,2026-02-02T13:13:56.062644,0.0599596112177849,2026-02-02T13:13:55.411251299Z,gateDownAction,2026-02-02 13:13:57.417642+00:00,2026-02-02 13:13:57.417678+00:00
bd8b56ee2cc32f77ad06dd7006a1b209,2026-02-02T13:13:56.062644,0.0599596112177849,2026-02-02T13:13:55.411251299Z,gateDownAction,2026-02-02 13:13:57.416106+00:00,2026-02-02 13:13:57.416133+00:00
bd8b56ee2cc32f77ad06dd7006a1b209,2026-02-02T13:13:56.062644,0.0599596112177849,2026-02-02T13:13:55.411251299Z,lightOnAction,2026-02-02 13:13:57.415663+00:00,2026-02-02 13:13:57.415694+00:00
bd8b56ee2cc32f77ad06dd7006a1b209,2026-02-02T13:13:56.062644,0.0599596112177849,2026-02-02T13:13:55.411251299Z,lightOnAction,2026-02-02 13:13:57.417454+00:00,2026-02-02 13:13:57.417481+00:00
bd8b56ee2cc32f77ad06dd7006a1b209,2026-02-02T13:13:56.062644,0.0599596112177849,2026-02-02T13:13:55.411251299Z,gateDownInvocation,2026-02-02 13:13:55.415074+00:00,2026-02-02 13:13:55.415176+00:00
bd8b56ee2cc32f77ad06dd7006a1b209,2026-02-02T13:13:56.062644,0.0599596112177849,2026-02-02T13:13:55.411251299Z,bellOnInvocation,2026-02-02 13:13:55.414595+00:00,2026-02-02 13:13:55.415998+00:00
bd8b56ee2cc32f77ad06dd7006a1b209,2026-02-02T13:13:56.062644,0.0599596112177849,2026-02-02T13:13:55.411251299Z,bellOnInvocation,2026-02-02 13:13:55.418113+00:00,2026-02-02 13:13:55.418172+00:00
bd8b56ee2cc32f77ad06dd7006a1b209,2026-02-02T13:13:56.062644,0.0599596112177849,2026-02-02T13:13:55.411251299Z,bellOnAction,2026-02-02 13:13:57.418870+00:00,2026-02-02 13:13:57.418892+00:00
bd8b56ee2cc32f77ad06dd7006a1b209,2026-02-02T13:13:56.062644,0.0599596112177849,2026-02-02T13:13:55.411251299Z,bellOnAction,2026-02-02 13:13:57.418308+00:00,2026-02-02 13:13:57.418353+00:00
bd8b56ee2cc32f77ad06dd7006a1b209,2026-02-02T13:13:56.062644,0.0599596112177849,2026-02-02T13:13:55.411251299Z,lightOnInvocation,2026-02-02 13:13:55.414990+00:00,2026-02-02 13:13:55.415062+00:00
bd8b56ee2cc32f77ad06dd7006a1b209,2026-02-02T13:13:56.062644,0.0599596112177849,2026-02-02T13:13:55.411251299Z,lightOnInvocation,2026-02-02 13:13:55.416002+00:00,2026-02-02 13:13:55.416117+00:00
bd8b56ee2cc32f77ad06dd7006a1b209,2026-02-02T13:13:56.062644,0.0599596112177849,2026-02-02T13:13:55.411251299Z,gateDownInvocation,2026-02-02 13:13:55.415514+00:00,2026-02-02 13:13:55.415661+00:00
a397880a5f82e2f42585ecebaaed9219,2026-02-02T13:09:32.396482,0.016013412090420724,2026-02-02T13:09:31.707765067Z,gateDownInvocation,2026-02-02 13:09:31.718265+00:00,2026-02-02 13:09:31.718387+00:00
a397880a5f82e2f42585ecebaaed9219,2026-02-02T13:09:32.396482,0.016013412090420724,2026-02-02T13:09:31.707765067Z,bellOnAction,2026-02-02 13:09:33.719273+00:00,2026-02-02 13:09:33.719324+00:00
a397880a5f82e2f42585ecebaaed9219,2026-02-02T13:09:32.396482,0.016013412090420724,2026-02-02T13:09:31.707765067Z,lightOnInvocation,2026-02-02 13:09:31.718301+00:00,2026-02-02 13:09:31.718378+00:00
a397880a5f82e2f42585ecebaaed9219,2026-02-02T13:09:32.396482,0.016013412090420724,2026-02-02T13:09:31.707765067Z,lightOnInvocation,2026-02-02 13:09:31.716929+00:00,2026-02-02 13:09:31.717009+00:00
a397880a5f82e2f42585ecebaaed9219,2026-02-02T13:09:32.396482,0.016013412090420724,2026-02-02T13:09:31.707765067Z,lightOnAction,2026-02-02 13:09:33.717383+00:00,2026-02-02 13:09:33.717478+00:00
a397880a5f82e2f42585ecebaaed9219,2026-02-02T13:09:32.396482,0.016013412090420724,2026-02-02T13:09:31.707765067Z,gateDownInvocation,2026-02-02 13:09:31.716967+00:00,2026-02-02 13:09:31.717084+00:00
a397880a5f82e2f42585ecebaaed9219,2026-02-02T13:09:32.396482,0.016013412090420724,2026-02-02T13:09:31.707765067Z,bellOnInvocation,2026-02-02 13:09:31.718245+00:00,2026-02-02 13:09:31.718314+00:00
a397880a5f82e2f42585ecebaaed9219,2026-02-02T13:09:32.396482,0.016013412090420724,2026-02-02T13:09:31.707765067Z,bellOnAction,2026-02-02 13:09:33.718902+00:00,2026-02-02 13:09:33.718997+00:00
a397880a5f82e2f42585ecebaaed9219,2026-02-02T13:09:32.396482,0.016013412090420724,2026-02-02T13:09:31.707765067Z,bellOnInvocation,2026-02-02 13:09:31.718962+00:00,2026-02-02 13:09:31.719026+00:00
a397880a5f82e2f42585ecebaaed9219,2026-02-02T13:09:32.396482,0.016013412090420724,2026-02-02T13:09:31.707765067Z,gateDownAction,2026-02-02 13:09:33.718517+00:00,2026-02-02 13:09:33.718630+00:00
a397880a5f82e2f42585ecebaaed9219,2026-02-02T13:09:32.396482,0.016013412090420724,2026-02-02T13:09:31.707765067Z,lightOnAction,2026-02-02 13:09:33.718527+00:00,2026-02-02 13:09:33.718637+00:00
a397880a5f82e2f42585ecebaaed9219,2026-02-02T13:09:32.396482,0.016013412090420724,2026-02-02T13:09:31.707765067Z,gateDownAction,2026-02-02 13:09:33.717495+00:00,2026-02-02 13:09:33.717610+00:00
ed73fab746ba69160466762b1f5cc181,2026-02-02T13:15:14.164943,0.07314480400373936,2026-02-02T13:15:14.530450563Z,gateUpInvocation,2026-02-02 13:15:14.535890+00:00,2026-02-02 13:15:14.535982+00:00
ed73fab746ba69160466762b1f5cc181,2026-02-02T13:15:14.164943,0.07314480400373936,2026-02-02T13:15:14.530450563Z,gateUpInvocation,2026-02-02 13:15:14.535685+00:00,2026-02-02 13:15:14.535738+00:00
ed73fab746ba69160466762b1f5cc181,2026-02-02T13:15:14.164943,0.07314480400373936,2026-02-02T13:15:14.530450563Z,lightOffInvocation,2026-02-02 13:15:14.535894+00:00,2026-02-02 13:15:14.535988+00:00
ed73fab746ba69160466762b1f5cc181,2026-02-02T13:15:14.164943,0.07314480400373936,2026-02-02T13:15:14.530450563Z,bellOffInvocation,2026-02-02 13:15:14.538181+00:00,2026-02-02 13:15:14.538235+00:00
ed73fab746ba69160466762b1f5cc181,2026-02-02T13:15:14.164943,0.07314480400373936,2026-02-02T13:15:14.530450563Z,lightOffInvocation,2026-02-02 13:15:14.535701+00:00,2026-02-02 13:15:14.535757+00:00
ed73fab746ba69160466762b1f5cc181,2026-02-02T13:15:14.164943,0.07314480400373936,2026-02-02T13:15:14.530450563Z,bellOffInvocation,2026-02-02 13:15:14.537072+00:00,2026-02-02 13:15:14.537146+00:00
0af04a2c798d26820b6b9da3c616c0f9,2026-02-02T13:17:20.087534,0.09413328621964455,2026-02-02T13:17:20.474008915Z,gateUpInvocation,2026-02-02 13:17:20.480618+00:00,2026-02-02 13:17:20.480768+00:00
0af04a2c798d26820b6b9da3c616c0f9,2026-02-02T13:17:20.087534,0.09413328621964455,2026-02-02T13:17:20.474008915Z,gateUpInvocation,2026-02-02 13:17:20.485639+00:00,2026-02-02 13:17:20.485761+00:00
0af04a2c798d26820b6b9da3c616c0f9,2026-02-02T13:17:20.087534,0.09413328621964455,2026-02-02T13:17:20.474008915Z,bellOffInvocation,2026-02-02 13:17:20.485253+00:00,2026-02-02 13:17:20.485336+00:00
0af04a2c798d26820b6b9da3c616c0f9,2026-02-02T13:17:20.087534,0.09413328621964455,2026-02-02T13:17:20.474008915Z,lightOffInvocation,2026-02-02 13:17:20.482256+00:00,2026-02-02 13:17:20.482439+00:00
0af04a2c798d26820b6b9da3c616c0f9,2026-02-02T13:17:20.087534,0.09413328621964455,2026-02-02T13:17:20.474008915Z,lightOffInvocation,2026-02-02 13:17:20.484415+00:00,2026-02-02 13:17:20.484557+00:00
0af04a2c798d26820b6b9da3c616c0f9,2026-02-02T13:17:20.087534,0.09413328621964455,2026-02-02T13:17:20.474008915Z,bellOffInvocation,2026-02-02 13:17:20.487549+00:00,2026-02-02 13:17:20.487660+00:00
63a11c3bed401ec0dbe20850a5927d4d,2026-02-02T13:13:34.423248,0.056349080487966545,2026-02-02T13:13:33.746015134Z,gateDownAction,2026-02-02 13:13:35.755700+00:00,2026-02-02 13:13:35.755791+00:00
63a11c3bed401ec0dbe20850a5927d4d,2026-02-02T13:13:34.423248,0.056349080487966545,2026-02-02T13:13:33.746015134Z,gateDownInvocation,2026-02-02 13:13:33.756599+00:00,2026-02-02 13:13:33.756981+00:00
63a11c3bed401ec0dbe20850a5927d4d,2026-02-02T13:13:34.423248,0.056349080487966545,2026-02-02T13:13:33.746015134Z,gateDownAction,2026-02-02 13:13:35.758518+00:00,2026-02-02 13:13:35.758610+00:00
63a11c3bed401ec0dbe20850a5927d4d,2026-02-02T13:13:34.423248,0.056349080487966545,2026-02-02T13:13:33.746015134Z,bellOnAction,2026-02-02 13:13:35.761653+00:00,2026-02-02 13:13:35.761721+00:00
63a11c3bed401ec0dbe20850a5927d4d,2026-02-02T13:13:34.423248,0.056349080487966545,2026-02-02T13:13:33.746015134Z,lightOnInvocation,2026-02-02 13:13:33.758346+00:00,2026-02-02 13:13:33.758570+00:00
63a11c3bed401ec0dbe20850a5927d4d,2026-02-02T13:13:34.423248,0.056349080487966545,2026-02-02T13:13:33.746015134Z,lightOnInvocation,2026-02-02 13:13:33.754197+00:00,2026-02-02 13:13:33.754398+00:00
63a11c3bed401ec0dbe20850a5927d4d,2026-02-02T13:13:34.423248,0.056349080487966545,2026-02-02T13:13:33.746015134Z,gateDownInvocation,2026-02-02 13:13:33.753796+00:00,2026-02-02 13:13:33.754117+00:00
63a11c3bed401ec0dbe20850a5927d4d,2026-02-02T13:13:34.423248,0.056349080487966545,2026-02-02T13:13:33.746015134Z,bellOnAction,2026-02-02 13:13:35.759307+00:00,2026-02-02 13:13:35.759390+00:00
63a11c3bed401ec0dbe20850a5927d4d,2026-02-02T13:13:34.423248,0.056349080487966545,2026-02-02T13:13:33.746015134Z,bellOnInvocation,2026-02-02 13:13:33.760611+00:00,2026-02-02 13:13:33.760736+00:00
63a11c3bed401ec0dbe20850a5927d4d,2026-02-02T13:13:34.423248,0.056349080487966545,2026-02-02T13:13:33.746015134Z,bellOnInvocation,2026-02-02 13:13:33.757660+00:00,2026-02-02 13:13:33.757875+00:00
63a11c3bed401ec0dbe20850a5927d4d,2026-02-02T13:13:34.423248,0.056349080487966545,2026-02-02T13:13:33.746015134Z,lightOnAction,2026-02-02 13:13:35.760148+00:00,2026-02-02 13:13:35.760231+00:00
63a11c3bed401ec0dbe20850a5927d4d,2026-02-02T13:13:34.423248,0.056349080487966545,2026-02-02T13:13:33.746015134Z,lightOnAction,2026-02-02 13:13:35.756238+00:00,2026-02-02 13:13:35.756318+00:00
c3e9f7851e47fb4d24fabf05cf1037b3,2026-02-02T13:10:50.024103,0.02911580358988047,2026-02-02T13:10:50.329984798Z,gateUpInvocation,2026-02-02 13:10:50.339138+00:00,2026-02-02 13:10:50.339275+00:00
c3e9f7851e47fb4d24fabf05cf1037b3,2026-02-02T13:10:50.024103,0.02911580358988047,2026-02-02T13:10:50.329984798Z,bellOffInvocation,2026-02-02 13:10:50.341587+00:00,2026-02-02 13:10:50.341733+00:00
c3e9f7851e47fb4d24fabf05cf1037b3,2026-02-02T13:10:50.024103,0.02911580358988047,2026-02-02T13:10:50.329984798Z,lightOffInvocation,2026-02-02 13:10:50.339181+00:00,2026-02-02 13:10:50.339312+00:00
c3e9f7851e47fb4d24fabf05cf1037b3,2026-02-02T13:10:50.024103,0.02911580358988047,2026-02-02T13:10:50.329984798Z,bellOffInvocation,2026-02-02 13:10:50.342447+00:00,2026-02-02 13:10:50.342555+00:00
c3e9f7851e47fb4d24fabf05cf1037b3,2026-02-02T13:10:50.024103,0.02911580358988047,2026-02-02T13:10:50.329984798Z,gateUpInvocation,2026-02-02 13:10:50.339214+00:00,2026-02-02 13:10:50.339369+00:00
c3e9f7851e47fb4d24fabf05cf1037b3,2026-02-02T13:10:50.024103,0.02911580358988047,2026-02-02T13:10:50.329984798Z,lightOffInvocation,2026-02-02 13:10:50.339115+00:00,2026-02-02 13:10:50.339254+00:00
192ea8ecb791979c4b96397866d56e8b,2026-02-02T13:09:23.782537,0.014745088198494913,2026-02-02T13:09:24.097087086Z,gateUpInvocation,2026-02-02 13:09:24.108057+00:00,2026-02-02 13:09:24.108201+00:00
192ea8ecb791979c4b96397866d56e8b,2026-02-02T13:09:23.782537,0.014745088198494913,2026-02-02T13:09:24.097087086Z,gateUpInvocation,2026-02-02 13:09:24.109778+00:00,2026-02-02 13:09:24.109940+00:00
192ea8ecb791979c4b96397866d56e8b,2026-02-02T13:09:23.782537,0.014745088198494913,2026-02-02T13:09:24.097087086Z,lightOffInvocation,2026-02-02 13:09:24.111480+00:00,2026-02-02 13:09:24.111630+00:00
192ea8ecb791979c4b96397866d56e8b,2026-02-02T13:09:23.782537,0.014745088198494913,2026-02-02T13:09:24.097087086Z,lightOffInvocation,2026-02-02 13:09:24.107782+00:00,2026-02-02 13:09:24.108021+00:00
192ea8ecb791979c4b96397866d56e8b,2026-02-02T13:09:23.782537,0.014745088198494913,2026-02-02T13:09:24.097087086Z,bellOffInvocation,2026-02-02 13:09:24.115477+00:00,2026-02-02 13:09:24.115588+00:00
192ea8ecb791979c4b96397866d56e8b,2026-02-02T13:09:23.782537,0.014745088198494913,2026-02-02T13:09:24.097087086Z,bellOffInvocation,2026-02-02 13:09:24.112270+00:00,2026-02-02 13:09:24.112415+00:00
8b54f231c2d71940d50ebdd074abc1d3,2026-02-02T13:08:40.711473,0.007398494109559059,2026-02-02T13:08:40.013125602Z,lightOnAction,2026-02-02 13:08:42.027944+00:00,2026-02-02 13:08:42.028007+00:00
8b54f231c2d71940d50ebdd074abc1d3,2026-02-02T13:08:40.711473,0.007398494109559059,2026-02-02T13:08:40.013125602Z,gateDownInvocation,2026-02-02 13:08:40.024337+00:00,2026-02-02 13:08:40.024797+00:00
8b54f231c2d71940d50ebdd074abc1d3,2026-02-02T13:08:40.711473,0.007398494109559059,2026-02-02T13:08:40.013125602Z,lightOnInvocation,2026-02-02 13:08:40.027188+00:00,2026-02-02 13:08:40.027391+00:00
8b54f231c2d71940d50ebdd074abc1d3,2026-02-02T13:08:40.711473,0.007398494109559059,2026-02-02T13:08:40.013125602Z,gateDownInvocation,2026-02-02 13:08:40.024765+00:00,2026-02-02 13:08:40.025073+00:00
8b54f231c2d71940d50ebdd074abc1d3,2026-02-02T13:08:40.711473,0.007398494109559059,2026-02-02T13:08:40.013125602Z,lightOnInvocation,2026-02-02 13:08:40.025530+00:00,2026-02-02 13:08:40.025718+00:00
8b54f231c2d71940d50ebdd074abc1d3,2026-02-02T13:08:40.711473,0.007398494109559059,2026-02-02T13:08:40.013125602Z,bellOnAction,2026-02-02 13:08:42.031657+00:00,2026-02-02 13:08:42.031728+00:00
8b54f231c2d71940d50ebdd074abc1d3,2026-02-02T13:08:40.711473,0.007398494109559059,2026-02-02T13:08:40.013125602Z,gateDownAction,2026-02-02 13:08:42.026942+00:00,2026-02-02 13:08:42.027010+00:00
8b54f231c2d71940d50ebdd074abc1d3,2026-02-02T13:08:40.711473,0.007398494109559059,2026-02-02T13:08:40.013125602Z,bellOnAction,2026-02-02 13:08:42.029294+00:00,2026-02-02 13:08:42.029328+00:00
8b54f231c2d71940d50ebdd074abc1d3,2026-02-02T13:08:40.711473,0.007398494109559059,2026-02-02T13:08:40.013125602Z,gateDownAction,2026-02-02 13:08:42.025393+00:00,2026-02-02 13:08:42.025443+00:00
8b54f231c2d71940d50ebdd074abc1d3,2026-02-02T13:08:40.711473,0.007398494109559059,2026-02-02T13:08:40.013125602Z,bellOnInvocation,2026-02-02 13:08:40.030714+00:00,2026-02-02 13:08:40.030872+00:00
8b54f231c2d71940d50ebdd074abc1d3,2026-02-02T13:08:40.711473,0.007398494109559059,2026-02-02T13:08:40.013125602Z,lightOnAction,2026-02-02 13:08:42.029183+00:00,2026-02-02 13:08:42.029221+00:00
8b54f231c2d71940d50ebdd074abc1d3,2026-02-02T13:08:40.711473,0.007398494109559059,2026-02-02T13:08:40.013125602Z,bellOnInvocation,2026-02-02 13:08:40.028423+00:00,2026-02-02 13:08:40.028477+00:00
9691b334943e25cb051e1231c1bbf9d5,2026-02-02T13:09:28.084625,0.015459928406620027,2026-02-02T13:09:28.386576219Z,gateUpInvocation,2026-02-02 13:09:28.398416+00:00,2026-02-02 13:09:28.398553+00:00
9691b334943e25cb051e1231c1bbf9d5,2026-02-02T13:09:28.084625,0.015459928406620027,2026-02-02T13:09:28.386576219Z,gateUpInvocation,2026-02-02 13:09:28.400270+00:00,2026-02-02 13:09:28.400420+00:00
9691b334943e25cb051e1231c1bbf9d5,2026-02-02T13:09:28.084625,0.015459928406620027,2026-02-02T13:09:28.386576219Z,lightOffInvocation,2026-02-02 13:09:28.398236+00:00,2026-02-02 13:09:28.398375+00:00
9691b334943e25cb051e1231c1bbf9d5,2026-02-02T13:09:28.084625,0.015459928406620027,2026-02-02T13:09:28.386576219Z,bellOffInvocation,2026-02-02 13:09:28.401126+00:00,2026-02-02 13:09:28.401259+00:00
9691b334943e25cb051e1231c1bbf9d5,2026-02-02T13:09:28.084625,0.015459928406620027,2026-02-02T13:09:28.386576219Z,bellOffInvocation,2026-02-02 13:09:28.405128+00:00,2026-02-02 13:09:28.405220+00:00
9691b334943e25cb051e1231c1bbf9d5,2026-02-02T13:09:28.084625,0.015459928406620027,2026-02-02T13:09:28.386576219Z,lightOffInvocation,2026-02-02 13:09:28.398728+00:00,2026-02-02 13:09:28.398990+00:00
8e9ea34fcf80e5f098e932468024356b,2026-02-02T13:11:50.483551,0.039195058741116534,2026-02-02T13:11:50.811604719Z,gateUpInvocation,2026-02-02 13:11:50.820978+00:00,2026-02-02 13:11:50.821116+00:00
8e9ea34fcf80e5f098e932468024356b,2026-02-02T13:11:50.483551,0.039195058741116534,2026-02-02T13:11:50.811604719Z,lightOffInvocation,2026-02-02 13:11:50.819703+00:00,2026-02-02 13:11:50.819835+00:00
8e9ea34fcf80e5f098e932468024356b,2026-02-02T13:11:50.483551,0.039195058741116534,2026-02-02T13:11:50.811604719Z,lightOffInvocation,2026-02-02 13:11:50.821642+00:00,2026-02-02 13:11:50.821779+00:00
8e9ea34fcf80e5f098e932468024356b,2026-02-02T13:11:50.483551,0.039195058741116534,2026-02-02T13:11:50.811604719Z,gateUpInvocation,2026-02-02 13:11:50.819578+00:00,2026-02-02 13:11:50.819668+00:00
8e9ea34fcf80e5f098e932468024356b,2026-02-02T13:11:50.483551,0.039195058741116534,2026-02-02T13:11:50.811604719Z,bellOffInvocation,2026-02-02 13:11:50.823375+00:00,2026-02-02 13:11:50.823501+00:00
8e9ea34fcf80e5f098e932468024356b,2026-02-02T13:11:50.483551,0.039195058741116534,2026-02-02T13:11:50.811604719Z,bellOffInvocation,2026-02-02 13:11:50.823304+00:00,2026-02-02 13:11:50.823406+00:00
456a7744e097cb596d89e41b19c52074,2026-02-02T13:08:45.011716,0.00828267217861414,2026-02-02T13:08:45.318732354Z,gateUpInvocation,2026-02-02 13:08:45.332974+00:00,2026-02-02 13:08:45.333118+00:00
456a7744e097cb596d89e41b19c52074,2026-02-02T13:08:45.011716,0.00828267217861414,2026-02-02T13:08:45.318732354Z,bellOffInvocation,2026-02-02 13:08:45.342269+00:00,2026-02-02 13:08:45.342377+00:00
456a7744e097cb596d89e41b19c52074,2026-02-02T13:08:45.011716,0.00828267217861414,2026-02-02T13:08:45.318732354Z,gateUpInvocation,2026-02-02 13:08:45.336604+00:00,2026-02-02 13:08:45.336752+00:00
456a7744e097cb596d89e41b19c52074,2026-02-02T13:08:45.011716,0.00828267217861414,2026-02-02T13:08:45.318732354Z,bellOffInvocation,2026-02-02 13:08:45.340339+00:00,2026-02-02 13:08:45.340469+00:00
456a7744e097cb596d89e41b19c52074,2026-02-02T13:08:45.011716,0.00828267217861414,2026-02-02T13:08:45.318732354Z,lightOffInvocation,2026-02-02 13:08:45.336416+00:00,2026-02-02 13:08:45.336562+00:00
456a7744e097cb596d89e41b19c52074,2026-02-02T13:08:45.011716,0.00828267217861414,2026-02-02T13:08:45.318732354Z,lightOffInvocation,2026-02-02 13:08:45.333450+00:00,2026-02-02 13:08:45.333600+00:00
fd3ce1fefb7328eefba3d784a9c6e8a5,2026-02-02T13:10:19.842224,0.023921452247381212,2026-02-02T13:10:19.160650584Z,bellOnInvocation,2026-02-02 13:10:19.168310+00:00,2026-02-02 13:10:19.168349+00:00
fd3ce1fefb7328eefba3d784a9c6e8a5,2026-02-02T13:10:19.842224,0.023921452247381212,2026-02-02T13:10:19.160650584Z,bellOnAction,2026-02-02 13:10:21.167321+00:00,2026-02-02 13:10:21.167403+00:00
fd3ce1fefb7328eefba3d784a9c6e8a5,2026-02-02T13:10:19.842224,0.023921452247381212,2026-02-02T13:10:19.160650584Z,bellOnInvocation,2026-02-02 13:10:19.167263+00:00,2026-02-02 13:10:19.167341+00:00
fd3ce1fefb7328eefba3d784a9c6e8a5,2026-02-02T13:10:19.842224,0.023921452247381212,2026-02-02T13:10:19.160650584Z,lightOnAction,2026-02-02 13:10:21.166622+00:00,2026-02-02 13:10:21.166734+00:00
fd3ce1fefb7328eefba3d784a9c6e8a5,2026-02-02T13:10:19.842224,0.023921452247381212,2026-02-02T13:10:19.160650584Z,bellOnAction,2026-02-02 13:10:21.169343+00:00,2026-02-02 13:10:21.169412+00:00
fd3ce1fefb7328eefba3d784a9c6e8a5,2026-02-02T13:10:19.842224,0.023921452247381212,2026-02-02T13:10:19.160650584Z,gateDownAction,2026-02-02 13:10:21.166735+00:00,2026-02-02 13:10:21.166863+00:00
fd3ce1fefb7328eefba3d784a9c6e8a5,2026-02-02T13:10:19.842224,0.023921452247381212,2026-02-02T13:10:19.160650584Z,gateDownInvocation,2026-02-02 13:10:19.164476+00:00,2026-02-02 13:10:19.164622+00:00
fd3ce1fefb7328eefba3d784a9c6e8a5,2026-02-02T13:10:19.842224,0.023921452247381212,2026-02-02T13:10:19.160650584Z,gateDownAction,2026-02-02 13:10:21.168155+00:00,2026-02-02 13:10:21.168241+00:00
fd3ce1fefb7328eefba3d784a9c6e8a5,2026-02-02T13:10:19.842224,0.023921452247381212,2026-02-02T13:10:19.160650584Z,lightOnInvocation,2026-02-02 13:10:19.165847+00:00,2026-02-02 13:10:19.165908+00:00
fd3ce1fefb7328eefba3d784a9c6e8a5,2026-02-02T13:10:19.842224,0.023921452247381212,2026-02-02T13:10:19.160650584Z,gateDownInvocation,2026-02-02 13:10:19.166726+00:00,2026-02-02 13:10:19.166817+00:00
fd3ce1fefb7328eefba3d784a9c6e8a5,2026-02-02T13:10:19.842224,0.023921452247381212,2026-02-02T13:10:19.160650584Z,lightOnAction,2026-02-02 13:10:21.165733+00:00,2026-02-02 13:10:21.165814+00:00
fd3ce1fefb7328eefba3d784a9c6e8a5,2026-02-02T13:10:19.842224,0.023921452247381212,2026-02-02T13:10:19.160650584Z,lightOnInvocation,2026-02-02 13:10:19.165932+00:00,2026-02-02 13:10:19.166006+00:00
1ff7ae2d1c9aeab45309a737c69cece9,2026-02-02T13:16:19.275317,0.08399837292990685,2026-02-02T13:16:19.658357823Z,bellOffInvocation,2026-02-02 13:16:19.665440+00:00,2026-02-02 13:16:19.665570+00:00
1ff7ae2d1c9aeab45309a737c69cece9,2026-02-02T13:16:19.275317,0.08399837292990685,2026-02-02T13:16:19.658357823Z,gateUpInvocation,2026-02-02 13:16:19.664605+00:00,2026-02-02 13:16:19.664742+00:00
1ff7ae2d1c9aeab45309a737c69cece9,2026-02-02T13:16:19.275317,0.08399837292990685,2026-02-02T13:16:19.658357823Z,bellOffInvocation,2026-02-02 13:16:19.669159+00:00,2026-02-02 13:16:19.669238+00:00
1ff7ae2d1c9aeab45309a737c69cece9,2026-02-02T13:16:19.275317,0.08399837292990685,2026-02-02T13:16:19.658357823Z,lightOffInvocation,2026-02-02 13:16:19.666106+00:00,2026-02-02 13:16:19.666255+00:00
1ff7ae2d1c9aeab45309a737c69cece9,2026-02-02T13:16:19.275317,0.08399837292990685,2026-02-02T13:16:19.658357823Z,gateUpInvocation,2026-02-02 13:16:19.667705+00:00,2026-02-02 13:16:19.667830+00:00
1ff7ae2d1c9aeab45309a737c69cece9,2026-02-02T13:16:19.275317,0.08399837292990685,2026-02-02T13:16:19.658357823Z,lightOffInvocation,2026-02-02 13:16:19.664499+00:00,2026-02-02 13:16:19.664600+00:00
1614df00f7c2b7cefed5258dd8c02224,2026-02-02T13:08:14.883588,0.0032610690529584884,2026-02-02T13:08:15.186028898Z,bellOffInvocation,2026-02-02 13:08:15.203251+00:00,2026-02-02 13:08:15.203327+00:00
1614df00f7c2b7cefed5258dd8c02224,2026-02-02T13:08:14.883588,0.0032610690529584884,2026-02-02T13:08:15.186028898Z,lightOffInvocation,2026-02-02 13:08:15.197173+00:00,2026-02-02 13:08:15.197303+00:00
1614df00f7c2b7cefed5258dd8c02224,2026-02-02T13:08:14.883588,0.0032610690529584884,2026-02-02T13:08:15.186028898Z,gateUpInvocation,2026-02-02 13:08:15.201387+00:00,2026-02-02 13:08:15.201524+00:00
1614df00f7c2b7cefed5258dd8c02224,2026-02-02T13:08:14.883588,0.0032610690529584884,2026-02-02T13:08:15.186028898Z,lightOffInvocation,2026-02-02 13:08:15.201057+00:00,2026-02-02 13:08:15.201137+00:00
1614df00f7c2b7cefed5258dd8c02224,2026-02-02T13:08:14.883588,0.0032610690529584884,2026-02-02T13:08:15.186028898Z,bellOffInvocation,2026-02-02 13:08:15.204287+00:00,2026-02-02 13:08:15.204358+00:00
1614df00f7c2b7cefed5258dd8c02224,2026-02-02T13:08:14.883588,0.0032610690529584884,2026-02-02T13:08:15.186028898Z,gateUpInvocation,2026-02-02 13:08:15.197443+00:00,2026-02-02 13:08:15.197571+00:00
7193dd941004563fcc71ce5b0e1a4841,2026-02-02T13:16:58.356842,0.090511589278996,2026-02-02T13:16:58.741454408Z,bellOffInvocation,2026-02-02 13:16:58.746586+00:00,2026-02-02 13:16:58.746656+00:00
7193dd941004563fcc71ce5b0e1a4841,2026-02-02T13:16:58.356842,0.090511589278996,2026-02-02T13:16:58.741454408Z,lightOffInvocation,2026-02-02 13:16:58.746279+00:00,2026-02-02 13:16:58.746431+00:00
7193dd941004563fcc71ce5b0e1a4841,2026-02-02T13:16:58.356842,0.090511589278996,2026-02-02T13:16:58.741454408Z,gateUpInvocation,2026-02-02 13:16:58.746197+00:00,2026-02-02 13:16:58.746279+00:00
7193dd941004563fcc71ce5b0e1a4841,2026-02-02T13:16:58.356842,0.090511589278996,2026-02-02T13:16:58.741454408Z,lightOffInvocation,2026-02-02 13:16:58.748855+00:00,2026-02-02 13:16:58.748900+00:00
7193dd941004563fcc71ce5b0e1a4841,2026-02-02T13:16:58.356842,0.090511589278996,2026-02-02T13:16:58.741454408Z,bellOffInvocation,2026-02-02 13:16:58.749374+00:00,2026-02-02 13:16:58.749395+00:00
7193dd941004563fcc71ce5b0e1a4841,2026-02-02T13:16:58.356842,0.090511589278996,2026-02-02T13:16:58.741454408Z,gateUpInvocation,2026-02-02 13:16:58.747195+00:00,2026-02-02 13:16:58.747280+00:00
45869f18acda79c51062831d8670ec42,2026-02-02T13:07:57.677541,0.00039353386358022697,2026-02-02T13:07:57.979008503Z,lightOffInvocation,2026-02-02 13:07:57.995117+00:00,2026-02-02 13:07:57.995195+00:00
45869f18acda79c51062831d8670ec42,2026-02-02T13:07:57.677541,0.00039353386358022697,2026-02-02T13:07:57.979008503Z,bellOffInvocation,2026-02-02 13:07:58.005569+00:00,2026-02-02 13:07:58.005625+00:00
45869f18acda79c51062831d8670ec42,2026-02-02T13:07:57.677541,0.00039353386358022697,2026-02-02T13:07:57.979008503Z,gateUpInvocation,2026-02-02 13:07:57.995003+00:00,2026-02-02 13:07:57.995080+00:00
45869f18acda79c51062831d8670ec42,2026-02-02T13:07:57.677541,0.00039353386358022697,2026-02-02T13:07:57.979008503Z,gateUpInvocation,2026-02-02 13:07:57.999640+00:00,2026-02-02 13:07:57.999735+00:00
45869f18acda79c51062831d8670ec42,2026-02-02T13:07:57.677541,0.00039353386358022697,2026-02-02T13:07:57.979008503Z,lightOffInvocation,2026-02-02 13:07:57.999476+00:00,2026-02-02 13:07:57.999574+00:00
45869f18acda79c51062831d8670ec42,2026-02-02T13:07:57.677541,0.00039353386358022697,2026-02-02T13:07:57.979008503Z,bellOffInvocation,2026-02-02 13:07:58.004751+00:00,2026-02-02 13:07:58.004845+00:00
ac6b540564983512c9567d7bf100e529,2026-02-02T13:11:54.817085,0.03974815618571043,2026-02-02T13:11:54.130488037Z,lightOnInvocation,2026-02-02 13:11:54.137523+00:00,2026-02-02 13:11:54.137578+00:00
ac6b540564983512c9567d7bf100e529,2026-02-02T13:11:54.817085,0.03974815618571043,2026-02-02T13:11:54.130488037Z,gateDownAction,2026-02-02 13:11:56.137465+00:00,2026-02-02 13:11:56.137552+00:00
ac6b540564983512c9567d7bf100e529,2026-02-02T13:11:54.817085,0.03974815618571043,2026-02-02T13:11:54.130488037Z,gateDownAction,2026-02-02 13:11:56.137732+00:00,2026-02-02 13:11:56.137798+00:00
ac6b540564983512c9567d7bf100e529,2026-02-02T13:11:54.817085,0.03974815618571043,2026-02-02T13:11:54.130488037Z,bellOnAction,2026-02-02 13:11:56.140648+00:00,2026-02-02 13:11:56.140709+00:00
ac6b540564983512c9567d7bf100e529,2026-02-02T13:11:54.817085,0.03974815618571043,2026-02-02T13:11:54.130488037Z,gateDownInvocation,2026-02-02 13:11:54.137510+00:00,2026-02-02 13:11:54.137596+00:00
ac6b540564983512c9567d7bf100e529,2026-02-02T13:11:54.817085,0.03974815618571043,2026-02-02T13:11:54.130488037Z,bellOnInvocation,2026-02-02 13:11:54.139818+00:00,2026-02-02 13:11:54.139872+00:00
ac6b540564983512c9567d7bf100e529,2026-02-02T13:11:54.817085,0.03974815618571043,2026-02-02T13:11:54.130488037Z,bellOnInvocation,2026-02-02 13:11:54.139769+00:00,2026-02-02 13:11:54.139807+00:00
ac6b540564983512c9567d7bf100e529,2026-02-02T13:11:54.817085,0.03974815618571043,2026-02-02T13:11:54.130488037Z,lightOnInvocation,2026-02-02 13:11:54.137539+00:00,2026-02-02 13:11:54.137602+00:00
ac6b540564983512c9567d7bf100e529,2026-02-02T13:11:54.817085,0.03974815618571043,2026-02-02T13:11:54.130488037Z,gateDownInvocation,2026-02-02 13:11:54.137507+00:00,2026-02-02 13:11:54.137594+00:00
ac6b540564983512c9567d7bf100e529,2026-02-02T13:11:54.817085,0.03974815618571043,2026-02-02T13:11:54.130488037Z,lightOnAction,2026-02-02 13:11:56.139176+00:00,2026-02-02 13:11:56.139259+00:00
ac6b540564983512c9567d7bf100e529,2026-02-02T13:11:54.817085,0.03974815618571043,2026-02-02T13:11:54.130488037Z,lightOnAction,2026-02-02 13:11:56.137659+00:00,2026-02-02 13:11:56.137732+00:00
ac6b540564983512c9567d7bf100e529,2026-02-02T13:11:54.817085,0.03974815618571043,2026-02-02T13:11:54.130488037Z,bellOnAction,2026-02-02 13:11:56.140263+00:00,2026-02-02 13:11:56.140364+00:00
f511b6c8a6ea9724550c84fb5e57eedb,2026-02-02T13:11:28.867306,0.03559001720905305,2026-02-02T13:11:29.179291382Z,bellOffInvocation,2026-02-02 13:11:29.190108+00:00,2026-02-02 13:11:29.190144+00:00
f511b6c8a6ea9724550c84fb5e57eedb,2026-02-02T13:11:28.867306,0.03559001720905305,2026-02-02T13:11:29.179291382Z,bellOffInvocation,2026-02-02 13:11:29.190526+00:00,2026-02-02 13:11:29.190559+00:00
f511b6c8a6ea9724550c84fb5e57eedb,2026-02-02T13:11:28.867306,0.03559001720905305,2026-02-02T13:11:29.179291382Z,gateUpInvocation,2026-02-02 13:11:29.189438+00:00,2026-02-02 13:11:29.189486+00:00
f511b6c8a6ea9724550c84fb5e57eedb,2026-02-02T13:11:28.867306,0.03559001720905305,2026-02-02T13:11:29.179291382Z,lightOffInvocation,2026-02-02 13:11:29.189221+00:00,2026-02-02 13:11:29.189288+00:00
f511b6c8a6ea9724550c84fb5e57eedb,2026-02-02T13:11:28.867306,0.03559001720905305,2026-02-02T13:11:29.179291382Z,lightOffInvocation,2026-02-02 13:11:29.187497+00:00,2026-02-02 13:11:29.187662+00:00
f511b6c8a6ea9724550c84fb5e57eedb,2026-02-02T13:11:28.867306,0.03559001720905305,2026-02-02T13:11:29.179291382Z,gateUpInvocation,2026-02-02 13:11:29.188586+00:00,2026-02-02 13:11:29.188641+00:00
767bebcdbb4dcce8aeb0f5dc55091e00,2026-02-02T13:16:41.010995,0.0876094334125638,2026-02-02T13:16:41.326945626Z,gateUpInvocation,2026-02-02 13:16:41.334342+00:00,2026-02-02 13:16:41.334477+00:00
767bebcdbb4dcce8aeb0f5dc55091e00,2026-02-02T13:16:41.010995,0.0876094334125638,2026-02-02T13:16:41.326945626Z,lightOffInvocation,2026-02-02 13:16:41.332596+00:00,2026-02-02 13:16:41.332738+00:00
767bebcdbb4dcce8aeb0f5dc55091e00,2026-02-02T13:16:41.010995,0.0876094334125638,2026-02-02T13:16:41.326945626Z,gateUpInvocation,2026-02-02 13:16:41.332708+00:00,2026-02-02 13:16:41.332899+00:00
767bebcdbb4dcce8aeb0f5dc55091e00,2026-02-02T13:16:41.010995,0.0876094334125638,2026-02-02T13:16:41.326945626Z,bellOffInvocation,2026-02-02 13:16:41.338426+00:00,2026-02-02 13:16:41.338513+00:00
767bebcdbb4dcce8aeb0f5dc55091e00,2026-02-02T13:16:41.010995,0.0876094334125638,2026-02-02T13:16:41.326945626Z,bellOffInvocation,2026-02-02 13:16:41.336519+00:00,2026-02-02 13:16:41.336661+00:00
767bebcdbb4dcce8aeb0f5dc55091e00,2026-02-02T13:16:41.010995,0.0876094334125638,2026-02-02T13:16:41.326945626Z,lightOffInvocation,2026-02-02 13:16:41.334151+00:00,2026-02-02 13:16:41.334309+00:00
0ec39ecbfce6645f6275459132b89613,2026-02-02T13:17:54.930428,0.09976065855752231,2026-02-02T13:17:54.241606693Z,gateDownAction,2026-02-02 13:17:56.257401+00:00,2026-02-02 13:17:56.257440+00:00
0ec39ecbfce6645f6275459132b89613,2026-02-02T13:17:54.930428,0.09976065855752231,2026-02-02T13:17:54.241606693Z,gateDownInvocation,2026-02-02 13:17:54.253267+00:00,2026-02-02 13:17:54.253889+00:00
0ec39ecbfce6645f6275459132b89613,2026-02-02T13:17:54.930428,0.09976065855752231,2026-02-02T13:17:54.241606693Z,bellOnAction,2026-02-02 13:17:56.261812+00:00,2026-02-02 13:17:56.261831+00:00
0ec39ecbfce6645f6275459132b89613,2026-02-02T13:17:54.930428,0.09976065855752231,2026-02-02T13:17:54.241606693Z,lightOnInvocation,2026-02-02 13:17:54.254211+00:00,2026-02-02 13:17:54.254730+00:00
0ec39ecbfce6645f6275459132b89613,2026-02-02T13:17:54.930428,0.09976065855752231,2026-02-02T13:17:54.241606693Z,gateDownInvocation,2026-02-02 13:17:54.254874+00:00,2026-02-02 13:17:54.255693+00:00
0ec39ecbfce6645f6275459132b89613,2026-02-02T13:17:54.930428,0.09976065855752231,2026-02-02T13:17:54.241606693Z,lightOnAction,2026-02-02 13:17:56.260266+00:00,2026-02-02 13:17:56.260293+00:00
0ec39ecbfce6645f6275459132b89613,2026-02-02T13:17:54.930428,0.09976065855752231,2026-02-02T13:17:54.241606693Z,lightOnAction,2026-02-02 13:17:56.256562+00:00,2026-02-02 13:17:56.256593+00:00
0ec39ecbfce6645f6275459132b89613,2026-02-02T13:17:54.930428,0.09976065855752231,2026-02-02T13:17:54.241606693Z,bellOnInvocation,2026-02-02 13:17:54.258562+00:00,2026-02-02 13:17:54.258643+00:00
0ec39ecbfce6645f6275459132b89613,2026-02-02T13:17:54.930428,0.09976065855752231,2026-02-02T13:17:54.241606693Z,bellOnAction,2026-02-02 13:17:56.259637+00:00,2026-02-02 13:17:56.259658+00:00
0ec39ecbfce6645f6275459132b89613,2026-02-02T13:17:54.930428,0.09976065855752231,2026-02-02T13:17:54.241606693Z,gateDownAction,2026-02-02 13:17:56.257385+00:00,2026-02-02 13:17:56.257412+00:00
0ec39ecbfce6645f6275459132b89613,2026-02-02T13:17:54.930428,0.09976065855752231,2026-02-02T13:17:54.241606693Z,lightOnInvocation,2026-02-02 13:17:54.259343+00:00,2026-02-02 13:17:54.259637+00:00
0ec39ecbfce6645f6275459132b89613,2026-02-02T13:17:54.930428,0.09976065855752231,2026-02-02T13:17:54.241606693Z,bellOnInvocation,2026-02-02 13:17:54.260580+00:00,2026-02-02 13:17:54.260836+00:00
8d58effe17850e43e3f7b133272b0e56,2026-02-02T13:16:49.674927,0.08905677657436134,2026-02-02T13:16:50.011707273Z,lightOffInvocation,2026-02-02 13:16:50.014807+00:00,2026-02-02 13:16:50.014888+00:00
8d58effe17850e43e3f7b133272b0e56,2026-02-02T13:16:49.674927,0.08905677657436134,2026-02-02T13:16:50.011707273Z,bellOffInvocation,2026-02-02 13:16:50.016964+00:00,2026-02-02 13:16:50.017027+00:00
8d58effe17850e43e3f7b133272b0e56,2026-02-02T13:16:49.674927,0.08905677657436134,2026-02-02T13:16:50.011707273Z,lightOffInvocation,2026-02-02 13:16:50.015125+00:00,2026-02-02 13:16:50.015195+00:00
8d58effe17850e43e3f7b133272b0e56,2026-02-02T13:16:49.674927,0.08905677657436134,2026-02-02T13:16:50.011707273Z,bellOffInvocation,2026-02-02 13:16:50.016371+00:00,2026-02-02 13:16:50.016426+00:00
8d58effe17850e43e3f7b133272b0e56,2026-02-02T13:16:49.674927,0.08905677657436134,2026-02-02T13:16:50.011707273Z,gateUpInvocation,2026-02-02 13:16:50.015258+00:00,2026-02-02 13:16:50.015329+00:00
8d58effe17850e43e3f7b133272b0e56,2026-02-02T13:16:49.674927,0.08905677657436134,2026-02-02T13:16:50.011707273Z,gateUpInvocation,2026-02-02 13:16:50.015343+00:00,2026-02-02 13:16:50.015408+00:00
67d4c49d4978895086011387f0875a9d,2026-02-02T13:12:55.412340,0.049848473670911796,2026-02-02T13:12:54.738662418Z,bellOnInvocation,2026-02-02 13:12:54.756103+00:00,2026-02-02 13:12:54.756266+00:00
67d4c49d4978895086011387f0875a9d,2026-02-02T13:12:55.412340,0.049848473670911796,2026-02-02T13:12:54.738662418Z,gateDownAction,2026-02-02 13:12:56.751180+00:00,2026-02-02 13:12:56.751261+00:00
67d4c49d4978895086011387f0875a9d,2026-02-02T13:12:55.412340,0.049848473670911796,2026-02-02T13:12:54.738662418Z,gateDownAction,2026-02-02 13:12:56.749912+00:00,2026-02-02 13:12:56.750028+00:00
67d4c49d4978895086011387f0875a9d,2026-02-02T13:12:55.412340,0.049848473670911796,2026-02-02T13:12:54.738662418Z,lightOnInvocation,2026-02-02 13:12:54.747868+00:00,2026-02-02 13:12:54.748165+00:00
67d4c49d4978895086011387f0875a9d,2026-02-02T13:12:55.412340,0.049848473670911796,2026-02-02T13:12:54.738662418Z,bellOnAction,2026-02-02 13:12:56.761207+00:00,2026-02-02 13:12:56.761278+00:00
67d4c49d4978895086011387f0875a9d,2026-02-02T13:12:55.412340,0.049848473670911796,2026-02-02T13:12:54.738662418Z,lightOnInvocation,2026-02-02 13:12:54.750880+00:00,2026-02-02 13:12:54.751180+00:00
67d4c49d4978895086011387f0875a9d,2026-02-02T13:12:55.412340,0.049848473670911796,2026-02-02T13:12:54.738662418Z,gateDownInvocation,2026-02-02 13:12:54.747606+00:00,2026-02-02 13:12:54.747813+00:00
67d4c49d4978895086011387f0875a9d,2026-02-02T13:12:55.412340,0.049848473670911796,2026-02-02T13:12:54.738662418Z,lightOnAction,2026-02-02 13:12:56.752248+00:00,2026-02-02 13:12:56.752332+00:00
67d4c49d4978895086011387f0875a9d,2026-02-02T13:12:55.412340,0.049848473670911796,2026-02-02T13:12:54.738662418Z,bellOnAction,2026-02-02 13:12:56.757524+00:00,2026-02-02 13:12:56.757592+00:00
67d4c49d4978895086011387f0875a9d,2026-02-02T13:12:55.412340,0.049848473670911796,2026-02-02T13:12:54.738662418Z,gateDownInvocation,2026-02-02 13:12:54.748121+00:00,2026-02-02 13:12:54.748312+00:00
67d4c49d4978895086011387f0875a9d,2026-02-02T13:12:55.412340,0.049848473670911796,2026-02-02T13:12:54.738662418Z,lightOnAction,2026-02-02 13:12:56.749642+00:00,2026-02-02 13:12:56.749728+00:00
67d4c49d4978895086011387f0875a9d,2026-02-02T13:12:55.412340,0.049848473670911796,2026-02-02T13:12:54.738662418Z,bellOnInvocation,2026-02-02 13:12:54.759837+00:00,2026-02-02 13:12:54.760020+00:00
5433fec8b5f9a798342ba8d8459e6347,2026-02-02T13:11:20.238327,0.033988023328495036,2026-02-02T13:11:19.566368305Z,bellOnAction,2026-02-02 13:11:21.577552+00:00,2026-02-02 13:11:21.577621+00:00
5433fec8b5f9a798342ba8d8459e6347,2026-02-02T13:11:20.238327,0.033988023328495036,2026-02-02T13:11:19.566368305Z,lightOnAction,2026-02-02 13:11:21.576374+00:00,2026-02-02 13:11:21.576457+00:00
5433fec8b5f9a798342ba8d8459e6347,2026-02-02T13:11:20.238327,0.033988023328495036,2026-02-02T13:11:19.566368305Z,lightOnInvocation,2026-02-02 13:11:19.575868+00:00,2026-02-02 13:11:19.576001+00:00
5433fec8b5f9a798342ba8d8459e6347,2026-02-02T13:11:20.238327,0.033988023328495036,2026-02-02T13:11:19.566368305Z,lightOnAction,2026-02-02 13:11:21.576034+00:00,2026-02-02 13:11:21.576122+00:00
5433fec8b5f9a798342ba8d8459e6347,2026-02-02T13:11:20.238327,0.033988023328495036,2026-02-02T13:11:19.566368305Z,gateDownInvocation,2026-02-02 13:11:19.576042+00:00,2026-02-02 13:11:19.576161+00:00
5433fec8b5f9a798342ba8d8459e6347,2026-02-02T13:11:20.238327,0.033988023328495036,2026-02-02T13:11:19.566368305Z,gateDownInvocation,2026-02-02 13:11:19.575180+00:00,2026-02-02 13:11:19.575345+00:00
5433fec8b5f9a798342ba8d8459e6347,2026-02-02T13:11:20.238327,0.033988023328495036,2026-02-02T13:11:19.566368305Z,lightOnInvocation,2026-02-02 13:11:19.575155+00:00,2026-02-02 13:11:19.575239+00:00
5433fec8b5f9a798342ba8d8459e6347,2026-02-02T13:11:20.238327,0.033988023328495036,2026-02-02T13:11:19.566368305Z,gateDownAction,2026-02-02 13:11:21.577228+00:00,2026-02-02 13:11:21.577311+00:00
5433fec8b5f9a798342ba8d8459e6347,2026-02-02T13:11:20.238327,0.033988023328495036,2026-02-02T13:11:19.566368305Z,gateDownAction,2026-02-02 13:11:21.575689+00:00,2026-02-02 13:11:21.575779+00:00
5433fec8b5f9a798342ba8d8459e6347,2026-02-02T13:11:20.238327,0.033988023328495036,2026-02-02T13:11:19.566368305Z,bellOnInvocation,2026-02-02 13:11:19.577437+00:00,2026-02-02 13:11:19.577503+00:00
5433fec8b5f9a798342ba8d8459e6347,2026-02-02T13:11:20.238327,0.033988023328495036,2026-02-02T13:11:19.566368305Z,bellOnInvocation,2026-02-02 13:11:19.577121+00:00,2026-02-02 13:11:19.577225+00:00
5433fec8b5f9a798342ba8d8459e6347,2026-02-02T13:11:20.238327,0.033988023328495036,2026-02-02T13:11:19.566368305Z,bellOnAction,2026-02-02 13:11:21.577874+00:00,2026-02-02 13:11:21.577939+00:00
f87f4dee0e1bac1545bfb3e9fe5ea862,2026-02-02T13:15:09.792027,0.07241711431927682,2026-02-02T13:15:10.163805631Z,bellOffInvocation,2026-02-02 13:15:10.172397+00:00,2026-02-02 13:15:10.172427+00:00
f87f4dee0e1bac1545bfb3e9fe5ea862,2026-02-02T13:15:09.792027,0.07241711431927682,2026-02-02T13:15:10.163805631Z,bellOffInvocation,2026-02-02 13:15:10.169560+00:00,2026-02-02 13:15:10.169604+00:00
f87f4dee0e1bac1545bfb3e9fe5ea862,2026-02-02T13:15:09.792027,0.07241711431927682,2026-02-02T13:15:10.163805631Z,gateUpInvocation,2026-02-02 13:15:10.167328+00:00,2026-02-02 13:15:10.167379+00:00
f87f4dee0e1bac1545bfb3e9fe5ea862,2026-02-02T13:15:09.792027,0.07241711431927682,2026-02-02T13:15:10.163805631Z,lightOffInvocation,2026-02-02 13:15:10.170587+00:00,2026-02-02 13:15:10.170635+00:00
f87f4dee0e1bac1545bfb3e9fe5ea862,2026-02-02T13:15:09.792027,0.07241711431927682,2026-02-02T13:15:10.163805631Z,gateUpInvocation,2026-02-02 13:15:10.169550+00:00,2026-02-02 13:15:10.169600+00:00
f87f4dee0e1bac1545bfb3e9fe5ea862,2026-02-02T13:15:09.792027,0.07241711431927682,2026-02-02T13:15:10.163805631Z,lightOffInvocation,2026-02-02 13:15:10.168371+00:00,2026-02-02 13:15:10.168445+00:00
f95ea0fb8610a7fb4590b6b4107b2122,2026-02-02T13:13:17.065207,0.053621285539042954,2026-02-02T13:13:17.377682722Z,gateUpInvocation,2026-02-02 13:13:17.387027+00:00,2026-02-02 13:13:17.387254+00:00
f95ea0fb8610a7fb4590b6b4107b2122,2026-02-02T13:13:17.065207,0.053621285539042954,2026-02-02T13:13:17.377682722Z,lightOffInvocation,2026-02-02 13:13:17.385814+00:00,2026-02-02 13:13:17.386018+00:00
f95ea0fb8610a7fb4590b6b4107b2122,2026-02-02T13:13:17.065207,0.053621285539042954,2026-02-02T13:13:17.377682722Z,gateUpInvocation,2026-02-02 13:13:17.385816+00:00,2026-02-02 13:13:17.386031+00:00
f95ea0fb8610a7fb4590b6b4107b2122,2026-02-02T13:13:17.065207,0.053621285539042954,2026-02-02T13:13:17.377682722Z,bellOffInvocation,2026-02-02 13:13:17.390045+00:00,2026-02-02 13:13:17.390194+00:00
f95ea0fb8610a7fb4590b6b4107b2122,2026-02-02T13:13:17.065207,0.053621285539042954,2026-02-02T13:13:17.377682722Z,bellOffInvocation,2026-02-02 13:13:17.388641+00:00,2026-02-02 13:13:17.388741+00:00
f95ea0fb8610a7fb4590b6b4107b2122,2026-02-02T13:13:17.065207,0.053621285539042954,2026-02-02T13:13:17.377682722Z,lightOffInvocation,2026-02-02 13:13:17.386860+00:00,2026-02-02 13:13:17.387029+00:00
b3e71dd1d37490025e4bbbe449eec1e3,2026-02-02T13:13:04.072363,0.051460527213394655,2026-02-02T13:13:04.411731811Z,lightOffInvocation,2026-02-02 13:13:04.419221+00:00,2026-02-02 13:13:04.419365+00:00
b3e71dd1d37490025e4bbbe449eec1e3,2026-02-02T13:13:04.072363,0.051460527213394655,2026-02-02T13:13:04.411731811Z,gateUpInvocation,2026-02-02 13:13:04.420257+00:00,2026-02-02 13:13:04.420390+00:00
b3e71dd1d37490025e4bbbe449eec1e3,2026-02-02T13:13:04.072363,0.051460527213394655,2026-02-02T13:13:04.411731811Z,gateUpInvocation,2026-02-02 13:13:04.419220+00:00,2026-02-02 13:13:04.419369+00:00
b3e71dd1d37490025e4bbbe449eec1e3,2026-02-02T13:13:04.072363,0.051460527213394655,2026-02-02T13:13:04.411731811Z,bellOffInvocation,2026-02-02 13:13:04.422838+00:00,2026-02-02 13:13:04.422965+00:00
b3e71dd1d37490025e4bbbe449eec1e3,2026-02-02T13:13:04.072363,0.051460527213394655,2026-02-02T13:13:04.411731811Z,bellOffInvocation,2026-02-02 13:13:04.422203+00:00,2026-02-02 13:13:04.422344+00:00
b3e71dd1d37490025e4bbbe449eec1e3,2026-02-02T13:13:04.072363,0.051460527213394655,2026-02-02T13:13:04.411731811Z,lightOffInvocation,2026-02-02 13:13:04.420253+00:00,2026-02-02 13:13:04.420410+00:00
89b8be79fbce2b5e96f989acd46c84e4,2026-02-02T13:08:49.316294,0.008833383967339993,2026-02-02T13:08:48.623291485Z,bellOnInvocation,2026-02-02 13:08:48.639490+00:00,2026-02-02 13:08:48.639698+00:00
89b8be79fbce2b5e96f989acd46c84e4,2026-02-02T13:08:49.316294,0.008833383967339993,2026-02-02T13:08:48.623291485Z,bellOnAction,2026-02-02 13:08:50.640407+00:00,2026-02-02 13:08:50.640453+00:00
89b8be79fbce2b5e96f989acd46c84e4,2026-02-02T13:08:49.316294,0.008833383967339993,2026-02-02T13:08:48.623291485Z,lightOnAction,2026-02-02 13:08:50.637049+00:00,2026-02-02 13:08:50.637095+00:00
89b8be79fbce2b5e96f989acd46c84e4,2026-02-02T13:08:49.316294,0.008833383967339993,2026-02-02T13:08:48.623291485Z,gateDownInvocation,2026-02-02 13:08:48.637936+00:00,2026-02-02 13:08:48.638326+00:00
89b8be79fbce2b5e96f989acd46c84e4,2026-02-02T13:08:49.316294,0.008833383967339993,2026-02-02T13:08:48.623291485Z,lightOnAction,2026-02-02 13:08:50.637878+00:00,2026-02-02 13:08:50.637927+00:00
89b8be79fbce2b5e96f989acd46c84e4,2026-02-02T13:08:49.316294,0.008833383967339993,2026-02-02T13:08:48.623291485Z,gateDownAction,2026-02-02 13:08:50.639500+00:00,2026-02-02 13:08:50.639553+00:00
89b8be79fbce2b5e96f989acd46c84e4,2026-02-02T13:08:49.316294,0.008833383967339993,2026-02-02T13:08:48.623291485Z,bellOnInvocation,2026-02-02 13:08:48.642768+00:00,2026-02-02 13:08:48.642919+00:00
89b8be79fbce2b5e96f989acd46c84e4,2026-02-02T13:08:49.316294,0.008833383967339993,2026-02-02T13:08:48.623291485Z,gateDownAction,2026-02-02 13:08:50.636364+00:00,2026-02-02 13:08:50.636418+00:00
89b8be79fbce2b5e96f989acd46c84e4,2026-02-02T13:08:49.316294,0.008833383967339993,2026-02-02T13:08:48.623291485Z,lightOnInvocation,2026-02-02 13:08:48.635389+00:00,2026-02-02 13:08:48.635590+00:00
89b8be79fbce2b5e96f989acd46c84e4,2026-02-02T13:08:49.316294,0.008833383967339993,2026-02-02T13:08:48.623291485Z,bellOnAction,2026-02-02 13:08:50.643770+00:00,2026-02-02 13:08:50.643819+00:00
89b8be79fbce2b5e96f989acd46c84e4,2026-02-02T13:08:49.316294,0.008833383967339993,2026-02-02T13:08:48.623291485Z,gateDownInvocation,2026-02-02 13:08:48.635389+00:00,2026-02-02 13:08:48.635741+00:00
89b8be79fbce2b5e96f989acd46c84e4,2026-02-02T13:08:49.316294,0.008833383967339993,2026-02-02T13:08:48.623291485Z,lightOnInvocation,2026-02-02 13:08:48.635093+00:00,2026-02-02 13:08:48.635304+00:00
edd816f043058e5cf16cf3ca8649bd1f,2026-02-02T13:11:15.931533,0.03343720442106724,2026-02-02T13:11:16.260879199Z,gateUpInvocation,2026-02-02 13:11:16.264564+00:00,2026-02-02 13:11:16.264606+00:00
edd816f043058e5cf16cf3ca8649bd1f,2026-02-02T13:11:15.931533,0.03343720442106724,2026-02-02T13:11:16.260879199Z,bellOffInvocation,2026-02-02 13:11:16.265490+00:00,2026-02-02 13:11:16.265515+00:00
edd816f043058e5cf16cf3ca8649bd1f,2026-02-02T13:11:15.931533,0.03343720442106724,2026-02-02T13:11:16.260879199Z,bellOffInvocation,2026-02-02 13:11:16.265701+00:00,2026-02-02 13:11:16.265746+00:00
edd816f043058e5cf16cf3ca8649bd1f,2026-02-02T13:11:15.931533,0.03343720442106724,2026-02-02T13:11:16.260879199Z,lightOffInvocation,2026-02-02 13:11:16.264596+00:00,2026-02-02 13:11:16.264638+00:00
edd816f043058e5cf16cf3ca8649bd1f,2026-02-02T13:11:15.931533,0.03343720442106724,2026-02-02T13:11:16.260879199Z,lightOffInvocation,2026-02-02 13:11:16.264338+00:00,2026-02-02 13:11:16.264410+00:00
edd816f043058e5cf16cf3ca8649bd1f,2026-02-02T13:11:15.931533,0.03343720442106724,2026-02-02T13:11:16.260879199Z,gateUpInvocation,2026-02-02 13:11:16.264273+00:00,2026-02-02 13:11:16.264324+00:00
f9b23ffab10f10eee23a1a8084b450d9,2026-02-02T13:16:01.917727,0.08109239678781033,2026-02-02T13:16:02.220740825Z,gateUpInvocation,2026-02-02 13:16:02.228071+00:00,2026-02-02 13:16:02.228195+00:00
f9b23ffab10f10eee23a1a8084b450d9,2026-02-02T13:16:01.917727,0.08109239678781033,2026-02-02T13:16:02.220740825Z,lightOffInvocation,2026-02-02 13:16:02.228021+00:00,2026-02-02 13:16:02.228150+00:00
f9b23ffab10f10eee23a1a8084b450d9,2026-02-02T13:16:01.917727,0.08109239678781033,2026-02-02T13:16:02.220740825Z,gateUpInvocation,2026-02-02 13:16:02.227241+00:00,2026-02-02 13:16:02.227346+00:00
f9b23ffab10f10eee23a1a8084b450d9,2026-02-02T13:16:01.917727,0.08109239678781033,2026-02-02T13:16:02.220740825Z,lightOffInvocation,2026-02-02 13:16:02.227384+00:00,2026-02-02 13:16:02.227524+00:00
f9b23ffab10f10eee23a1a8084b450d9,2026-02-02T13:16:01.917727,0.08109239678781033,2026-02-02T13:16:02.220740825Z,bellOffInvocation,2026-02-02 13:16:02.230290+00:00,2026-02-02 13:16:02.230372+00:00
f9b23ffab10f10eee23a1a8084b450d9,2026-02-02T13:16:01.917727,0.08109239678781033,2026-02-02T13:16:02.220740825Z,bellOffInvocation,2026-02-02 13:16:02.231360+00:00,2026-02-02 13:16:02.231433+00:00
7b255f54bc881506eea9701964458de4,2026-02-02T13:10:02.583438,0.02104519999550581,2026-02-02T13:10:01.901488799Z,lightOnAction,2026-02-02 13:10:03.911220+00:00,2026-02-02 13:10:03.911311+00:00
7b255f54bc881506eea9701964458de4,2026-02-02T13:10:02.583438,0.02104519999550581,2026-02-02T13:10:01.901488799Z,gateDownInvocation,2026-02-02 13:10:01.911172+00:00,2026-02-02 13:10:01.911300+00:00
7b255f54bc881506eea9701964458de4,2026-02-02T13:10:02.583438,0.02104519999550581,2026-02-02T13:10:01.901488799Z,gateDownInvocation,2026-02-02 13:10:01.912958+00:00,2026-02-02 13:10:01.913077+00:00
7b255f54bc881506eea9701964458de4,2026-02-02T13:10:02.583438,0.02104519999550581,2026-02-02T13:10:01.901488799Z,bellOnInvocation,2026-02-02 13:10:01.913727+00:00,2026-02-02 13:10:01.913793+00:00
7b255f54bc881506eea9701964458de4,2026-02-02T13:10:02.583438,0.02104519999550581,2026-02-02T13:10:01.901488799Z,gateDownAction,2026-02-02 13:10:03.913481+00:00,2026-02-02 13:10:03.913536+00:00
7b255f54bc881506eea9701964458de4,2026-02-02T13:10:02.583438,0.02104519999550581,2026-02-02T13:10:01.901488799Z,gateDownAction,2026-02-02 13:10:03.911420+00:00,2026-02-02 13:10:03.911506+00:00
7b255f54bc881506eea9701964458de4,2026-02-02T13:10:02.583438,0.02104519999550581,2026-02-02T13:10:01.901488799Z,bellOnAction,2026-02-02 13:10:03.914902+00:00,2026-02-02 13:10:03.914995+00:00
7b255f54bc881506eea9701964458de4,2026-02-02T13:10:02.583438,0.02104519999550581,2026-02-02T13:10:01.901488799Z,lightOnInvocation,2026-02-02 13:10:01.912286+00:00,2026-02-02 13:10:01.912375+00:00
7b255f54bc881506eea9701964458de4,2026-02-02T13:10:02.583438,0.02104519999550581,2026-02-02T13:10:01.901488799Z,lightOnAction,2026-02-02 13:10:03.912616+00:00,2026-02-02 13:10:03.912699+00:00
7b255f54bc881506eea9701964458de4,2026-02-02T13:10:02.583438,0.02104519999550581,2026-02-02T13:10:01.901488799Z,bellOnInvocation,2026-02-02 13:10:01.912076+00:00,2026-02-02 13:10:01.912158+00:00
7b255f54bc881506eea9701964458de4,2026-02-02T13:10:02.583438,0.02104519999550581,2026-02-02T13:10:01.901488799Z,lightOnInvocation,2026-02-02 13:10:01.911175+00:00,2026-02-02 13:10:01.911280+00:00
7b255f54bc881506eea9701964458de4,2026-02-02T13:10:02.583438,0.02104519999550581,2026-02-02T13:10:01.901488799Z,bellOnAction,2026-02-02 13:10:03.913099+00:00,2026-02-02 13:10:03.913185+00:00
2ac5ff317ee21762b7d0570d638aaff0,2026-02-02T13:10:45.719912,0.0282322954497695,2026-02-02T13:10:45.02841676Z,bellOnInvocation,2026-02-02 13:10:45.042112+00:00,2026-02-02 13:10:45.042315+00:00
2ac5ff317ee21762b7d0570d638aaff0,2026-02-02T13:10:45.719912,0.0282322954497695,2026-02-02T13:10:45.02841676Z,lightOnInvocation,2026-02-02 13:10:45.038172+00:00,2026-02-02 13:10:45.038974+00:00
2ac5ff317ee21762b7d0570d638aaff0,2026-02-02T13:10:45.719912,0.0282322954497695,2026-02-02T13:10:45.02841676Z,bellOnAction,2026-02-02 13:10:47.042315+00:00,2026-02-02 13:10:47.042396+00:00
2ac5ff317ee21762b7d0570d638aaff0,2026-02-02T13:10:45.719912,0.0282322954497695,2026-02-02T13:10:45.02841676Z,lightOnAction,2026-02-02 13:10:47.039741+00:00,2026-02-02 13:10:47.039827+00:00
2ac5ff317ee21762b7d0570d638aaff0,2026-02-02T13:10:45.719912,0.0282322954497695,2026-02-02T13:10:45.02841676Z,gateDownAction,2026-02-02 13:10:47.040199+00:00,2026-02-02 13:10:47.040283+00:00
2ac5ff317ee21762b7d0570d638aaff0,2026-02-02T13:10:45.719912,0.0282322954497695,2026-02-02T13:10:45.02841676Z,lightOnInvocation,2026-02-02 13:10:45.038129+00:00,2026-02-02 13:10:45.038316+00:00
2ac5ff317ee21762b7d0570d638aaff0,2026-02-02T13:10:45.719912,0.0282322954497695,2026-02-02T13:10:45.02841676Z,gateDownAction,2026-02-02 13:10:47.040716+00:00,2026-02-02 13:10:47.040799+00:00
2ac5ff317ee21762b7d0570d638aaff0,2026-02-02T13:10:45.719912,0.0282322954497695,2026-02-02T13:10:45.02841676Z,lightOnAction,2026-02-02 13:10:47.041261+00:00,2026-02-02 13:10:47.041348+00:00
2ac5ff317ee21762b7d0570d638aaff0,2026-02-02T13:10:45.719912,0.0282322954497695,2026-02-02T13:10:45.02841676Z,gateDownInvocation,2026-02-02 13:10:45.038397+00:00,2026-02-02 13:10:45.038711+00:00
2ac5ff317ee21762b7d0570d638aaff0,2026-02-02T13:10:45.719912,0.0282322954497695,2026-02-02T13:10:45.02841676Z,gateDownInvocation,2026-02-02 13:10:45.037997+00:00,2026-02-02 13:10:45.038316+00:00
2ac5ff317ee21762b7d0570d638aaff0,2026-02-02T13:10:45.719912,0.0282322954497695,2026-02-02T13:10:45.02841676Z,bellOnAction,2026-02-02 13:10:47.043857+00:00,2026-02-02 13:10:47.043924+00:00
2ac5ff317ee21762b7d0570d638aaff0,2026-02-02T13:10:45.719912,0.0282322954497695,2026-02-02T13:10:45.02841676Z,bellOnInvocation,2026-02-02 13:10:45.041762+00:00,2026-02-02 13:10:45.041985+00:00
651d17eadccd630ca1608a504341a627,2026-02-02T13:13:43.085876,0.05796520156118871,2026-02-02T13:13:43.44361631Z,lightOffInvocation,2026-02-02 13:13:43.448674+00:00,2026-02-02 13:13:43.448735+00:00
651d17eadccd630ca1608a504341a627,2026-02-02T13:13:43.085876,0.05796520156118871,2026-02-02T13:13:43.44361631Z,bellOffInvocation,2026-02-02 13:13:43.448319+00:00,2026-02-02 13:13:43.448370+00:00
651d17eadccd630ca1608a504341a627,2026-02-02T13:13:43.085876,0.05796520156118871,2026-02-02T13:13:43.44361631Z,bellOffInvocation,2026-02-02 13:13:43.449643+00:00,2026-02-02 13:13:43.449704+00:00
651d17eadccd630ca1608a504341a627,2026-02-02T13:13:43.085876,0.05796520156118871,2026-02-02T13:13:43.44361631Z,gateUpInvocation,2026-02-02 13:13:43.447465+00:00,2026-02-02 13:13:43.447508+00:00
651d17eadccd630ca1608a504341a627,2026-02-02T13:13:43.085876,0.05796520156118871,2026-02-02T13:13:43.44361631Z,gateUpInvocation,2026-02-02 13:13:43.448645+00:00,2026-02-02 13:13:43.448713+00:00
651d17eadccd630ca1608a504341a627,2026-02-02T13:13:43.085876,0.05796520156118871,2026-02-02T13:13:43.44361631Z,lightOffInvocation,2026-02-02 13:13:43.447485+00:00,2026-02-02 13:13:43.447548+00:00
d26121bf1378cfd829f462a8463d668c,2026-02-02T13:15:05.423852,0.07168861858247519,2026-02-02T13:15:05.792407223Z,bellOffInvocation,2026-02-02 13:15:05.798889+00:00,2026-02-02 13:15:05.798951+00:00
d26121bf1378cfd829f462a8463d668c,2026-02-02T13:15:05.423852,0.07168861858247519,2026-02-02T13:15:05.792407223Z,bellOffInvocation,2026-02-02 13:15:05.800599+00:00,2026-02-02 13:15:05.800642+00:00
d26121bf1378cfd829f462a8463d668c,2026-02-02T13:15:05.423852,0.07168861858247519,2026-02-02T13:15:05.792407223Z,gateUpInvocation,2026-02-02 13:15:05.797766+00:00,2026-02-02 13:15:05.797845+00:00
d26121bf1378cfd829f462a8463d668c,2026-02-02T13:15:05.423852,0.07168861858247519,2026-02-02T13:15:05.792407223Z,lightOffInvocation,2026-02-02 13:15:05.798685+00:00,2026-02-02 13:15:05.798766+00:00
d26121bf1378cfd829f462a8463d668c,2026-02-02T13:15:05.423852,0.07168861858247519,2026-02-02T13:15:05.792407223Z,gateUpInvocation,2026-02-02 13:15:05.797305+00:00,2026-02-02 13:15:05.797398+00:00
d26121bf1378cfd829f462a8463d668c,2026-02-02T13:15:05.423852,0.07168861858247519,2026-02-02T13:15:05.792407223Z,lightOffInvocation,2026-02-02 13:15:05.797292+00:00,2026-02-02 13:15:05.797392+00:00
62c0c1b155f34e565545fc9d9b2ce82d,2026-02-02T13:12:03.453666,0.04118616218056679,2026-02-02T13:12:02.759416312Z,lightOnInvocation,2026-02-02 13:12:02.767602+00:00,2026-02-02 13:12:02.767796+00:00
62c0c1b155f34e565545fc9d9b2ce82d,2026-02-02T13:12:03.453666,0.04118616218056679,2026-02-02T13:12:02.759416312Z,gateDownInvocation,2026-02-02 13:12:02.768576+00:00,2026-02-02 13:12:02.770803+00:00
62c0c1b155f34e565545fc9d9b2ce82d,2026-02-02T13:12:03.453666,0.04118616218056679,2026-02-02T13:12:02.759416312Z,gateDownAction,2026-02-02 13:12:04.774438+00:00,2026-02-02 13:12:04.774499+00:00
62c0c1b155f34e565545fc9d9b2ce82d,2026-02-02T13:12:03.453666,0.04118616218056679,2026-02-02T13:12:02.759416312Z,gateDownInvocation,2026-02-02 13:12:02.766973+00:00,2026-02-02 13:12:02.767289+00:00
62c0c1b155f34e565545fc9d9b2ce82d,2026-02-02T13:12:03.453666,0.04118616218056679,2026-02-02T13:12:02.759416312Z,gateDownAction,2026-02-02 13:12:04.769440+00:00,2026-02-02 13:12:04.769495+00:00
62c0c1b155f34e565545fc9d9b2ce82d,2026-02-02T13:12:03.453666,0.04118616218056679,2026-02-02T13:12:02.759416312Z,lightOnAction,2026-02-02 13:12:04.768538+00:00,2026-02-02 13:12:04.768605+00:00
62c0c1b155f34e565545fc9d9b2ce82d,2026-02-02T13:12:03.453666,0.04118616218056679,2026-02-02T13:12:02.759416312Z,bellOnAction,2026-02-02 13:12:04.772098+00:00,2026-02-02 13:12:04.772165+00:00
62c0c1b155f34e565545fc9d9b2ce82d,2026-02-02T13:12:03.453666,0.04118616218056679,2026-02-02T13:12:02.759416312Z,bellOnInvocation,2026-02-02 13:12:02.770177+00:00,2026-02-02 13:12:02.770364+00:00
62c0c1b155f34e565545fc9d9b2ce82d,2026-02-02T13:12:03.453666,0.04118616218056679,2026-02-02T13:12:02.759416312Z,lightOnInvocation,2026-02-02 13:12:02.771734+00:00,2026-02-02 13:12:02.771944+00:00
62c0c1b155f34e565545fc9d9b2ce82d,2026-02-02T13:12:03.453666,0.04118616218056679,2026-02-02T13:12:02.759416312Z,lightOnAction,2026-02-02 13:12:04.772740+00:00,2026-02-02 13:12:04.772801+00:00
62c0c1b155f34e565545fc9d9b2ce82d,2026-02-02T13:12:03.453666,0.04118616218056679,2026-02-02T13:12:02.759416312Z,bellOnInvocation,2026-02-02 13:12:02.775118+00:00,2026-02-02 13:12:02.775272+00:00
62c0c1b155f34e565545fc9d9b2ce82d,2026-02-02T13:12:03.453666,0.04118616218056679,2026-02-02T13:12:02.759416312Z,bellOnAction,2026-02-02 13:12:04.775860+00:00,2026-02-02 13:12:04.775914+00:00
f040d9fc991c1eb674e7e49caf8c56aa,2026-02-02T13:16:58.356842,0.09034315874843599,2026-02-02T13:16:57.730957006Z,gateDownInvocation,2026-02-02 13:16:57.738886+00:00,2026-02-02 13:16:57.739368+00:00
f040d9fc991c1eb674e7e49caf8c56aa,2026-02-02T13:16:58.356842,0.09034315874843599,2026-02-02T13:16:57.730957006Z,gateDownAction,2026-02-02 13:16:59.741323+00:00,2026-02-02 13:16:59.741373+00:00
f040d9fc991c1eb674e7e49caf8c56aa,2026-02-02T13:16:58.356842,0.09034315874843599,2026-02-02T13:16:57.730957006Z,bellOnAction,2026-02-02 13:16:59.743816+00:00,2026-02-02 13:16:59.743834+00:00
f040d9fc991c1eb674e7e49caf8c56aa,2026-02-02T13:16:58.356842,0.09034315874843599,2026-02-02T13:16:57.730957006Z,lightOnInvocation,2026-02-02 13:16:57.739453+00:00,2026-02-02 13:16:57.739763+00:00
f040d9fc991c1eb674e7e49caf8c56aa,2026-02-02T13:16:58.356842,0.09034315874843599,2026-02-02T13:16:57.730957006Z,bellOnInvocation,2026-02-02 13:16:57.744849+00:00,2026-02-02 13:16:57.744935+00:00
f040d9fc991c1eb674e7e49caf8c56aa,2026-02-02T13:16:58.356842,0.09034315874843599,2026-02-02T13:16:57.730957006Z,gateDownInvocation,2026-02-02 13:16:57.739636+00:00,2026-02-02 13:16:57.740108+00:00
f040d9fc991c1eb674e7e49caf8c56aa,2026-02-02T13:16:58.356842,0.09034315874843599,2026-02-02T13:16:57.730957006Z,bellOnInvocation,2026-02-02 13:16:57.743357+00:00,2026-02-02 13:16:57.743467+00:00
f040d9fc991c1eb674e7e49caf8c56aa,2026-02-02T13:16:58.356842,0.09034315874843599,2026-02-02T13:16:57.730957006Z,lightOnAction,2026-02-02 13:16:59.742597+00:00,2026-02-02 13:16:59.742626+00:00
f040d9fc991c1eb674e7e49caf8c56aa,2026-02-02T13:16:58.356842,0.09034315874843599,2026-02-02T13:16:57.730957006Z,lightOnAction,2026-02-02 13:16:59.741342+00:00,2026-02-02 13:16:59.741379+00:00
f040d9fc991c1eb674e7e49caf8c56aa,2026-02-02T13:16:58.356842,0.09034315874843599,2026-02-02T13:16:57.730957006Z,lightOnInvocation,2026-02-02 13:16:57.740515+00:00,2026-02-02 13:16:57.740736+00:00
f040d9fc991c1eb674e7e49caf8c56aa,2026-02-02T13:16:58.356842,0.09034315874843599,2026-02-02T13:16:57.730957006Z,gateDownAction,2026-02-02 13:16:59.740953+00:00,2026-02-02 13:16:59.740993+00:00
f040d9fc991c1eb674e7e49caf8c56aa,2026-02-02T13:16:58.356842,0.09034315874843599,2026-02-02T13:16:57.730957006Z,bellOnAction,2026-02-02 13:16:59.745995+00:00,2026-02-02 13:16:59.746025+00:00
a804cecc7744cd8d372b6cb14fe7a66e,2026-02-02T13:10:11.211396,0.02248307471432686,2026-02-02T13:10:10.529615919Z,gateDownInvocation,2026-02-02 13:10:10.539091+00:00,2026-02-02 13:10:10.539393+00:00
a804cecc7744cd8d372b6cb14fe7a66e,2026-02-02T13:10:11.211396,0.02248307471432686,2026-02-02T13:10:10.529615919Z,bellOnInvocation,2026-02-02 13:10:10.545070+00:00,2026-02-02 13:10:10.545259+00:00
a804cecc7744cd8d372b6cb14fe7a66e,2026-02-02T13:10:11.211396,0.02248307471432686,2026-02-02T13:10:10.529615919Z,gateDownAction,2026-02-02 13:10:12.541871+00:00,2026-02-02 13:10:12.541912+00:00
a804cecc7744cd8d372b6cb14fe7a66e,2026-02-02T13:10:11.211396,0.02248307471432686,2026-02-02T13:10:10.529615919Z,bellOnAction,2026-02-02 13:10:12.543700+00:00,2026-02-02 13:10:12.543722+00:00
a804cecc7744cd8d372b6cb14fe7a66e,2026-02-02T13:10:11.211396,0.02248307471432686,2026-02-02T13:10:10.529615919Z,gateDownAction,2026-02-02 13:10:12.543972+00:00,2026-02-02 13:10:12.544022+00:00
a804cecc7744cd8d372b6cb14fe7a66e,2026-02-02T13:10:11.211396,0.02248307471432686,2026-02-02T13:10:10.529615919Z,lightOnInvocation,2026-02-02 13:10:10.539988+00:00,2026-02-02 13:10:10.540187+00:00
a804cecc7744cd8d372b6cb14fe7a66e,2026-02-02T13:10:11.211396,0.02248307471432686,2026-02-02T13:10:10.529615919Z,bellOnAction,2026-02-02 13:10:12.546245+00:00,2026-02-02 13:10:12.546273+00:00
a804cecc7744cd8d372b6cb14fe7a66e,2026-02-02T13:10:11.211396,0.02248307471432686,2026-02-02T13:10:10.529615919Z,bellOnInvocation,2026-02-02 13:10:10.542331+00:00,2026-02-02 13:10:10.542495+00:00
a804cecc7744cd8d372b6cb14fe7a66e,2026-02-02T13:10:11.211396,0.02248307471432686,2026-02-02T13:10:10.529615919Z,gateDownInvocation,2026-02-02 13:10:10.542194+00:00,2026-02-02 13:10:10.542416+00:00
a804cecc7744cd8d372b6cb14fe7a66e,2026-02-02T13:10:11.211396,0.02248307471432686,2026-02-02T13:10:10.529615919Z,lightOnAction,2026-02-02 13:10:12.541959+00:00,2026-02-02 13:10:12.542013+00:00
a804cecc7744cd8d372b6cb14fe7a66e,2026-02-02T13:10:11.211396,0.02248307471432686,2026-02-02T13:10:10.529615919Z,lightOnAction,2026-02-02 13:10:12.540450+00:00,2026-02-02 13:10:12.540487+00:00
a804cecc7744cd8d372b6cb14fe7a66e,2026-02-02T13:10:11.211396,0.02248307471432686,2026-02-02T13:10:10.529615919Z,lightOnInvocation,2026-02-02 13:10:10.539278+00:00,2026-02-02 13:10:10.539448+00:00
d5e142695fbd9661b318ed8b60c29602,2026-02-02T13:11:28.867306,0.035425375366854674,2026-02-02T13:11:28.191169531Z,gateDownAction,2026-02-02 13:11:30.199334+00:00,2026-02-02 13:11:30.199447+00:00
d5e142695fbd9661b318ed8b60c29602,2026-02-02T13:11:28.867306,0.035425375366854674,2026-02-02T13:11:28.191169531Z,gateDownAction,2026-02-02 13:11:30.199289+00:00,2026-02-02 13:11:30.199371+00:00
d5e142695fbd9661b318ed8b60c29602,2026-02-02T13:11:28.867306,0.035425375366854674,2026-02-02T13:11:28.191169531Z,bellOnAction,2026-02-02 13:11:30.203700+00:00,2026-02-02 13:11:30.203800+00:00
d5e142695fbd9661b318ed8b60c29602,2026-02-02T13:11:28.867306,0.035425375366854674,2026-02-02T13:11:28.191169531Z,gateDownInvocation,2026-02-02 13:11:28.197413+00:00,2026-02-02 13:11:28.197664+00:00
d5e142695fbd9661b318ed8b60c29602,2026-02-02T13:11:28.867306,0.035425375366854674,2026-02-02T13:11:28.191169531Z,lightOnInvocation,2026-02-02 13:11:28.195933+00:00,2026-02-02 13:11:28.196086+00:00
d5e142695fbd9661b318ed8b60c29602,2026-02-02T13:11:28.867306,0.035425375366854674,2026-02-02T13:11:28.191169531Z,lightOnAction,2026-02-02 13:11:30.196836+00:00,2026-02-02 13:11:30.196927+00:00
d5e142695fbd9661b318ed8b60c29602,2026-02-02T13:11:28.867306,0.035425375366854674,2026-02-02T13:11:28.191169531Z,gateDownInvocation,2026-02-02 13:11:28.197246+00:00,2026-02-02 13:11:28.197514+00:00
d5e142695fbd9661b318ed8b60c29602,2026-02-02T13:11:28.867306,0.035425375366854674,2026-02-02T13:11:28.191169531Z,bellOnInvocation,2026-02-02 13:11:28.199563+00:00,2026-02-02 13:11:28.199736+00:00
d5e142695fbd9661b318ed8b60c29602,2026-02-02T13:11:28.867306,0.035425375366854674,2026-02-02T13:11:28.191169531Z,bellOnInvocation,2026-02-02 13:11:28.202768+00:00,2026-02-02 13:11:28.202868+00:00
d5e142695fbd9661b318ed8b60c29602,2026-02-02T13:11:28.867306,0.035425375366854674,2026-02-02T13:11:28.191169531Z,lightOnInvocation,2026-02-02 13:11:28.199529+00:00,2026-02-02 13:11:28.199670+00:00
d5e142695fbd9661b318ed8b60c29602,2026-02-02T13:11:28.867306,0.035425375366854674,2026-02-02T13:11:28.191169531Z,bellOnAction,2026-02-02 13:11:30.200491+00:00,2026-02-02 13:11:30.200573+00:00
d5e142695fbd9661b318ed8b60c29602,2026-02-02T13:11:28.867306,0.035425375366854674,2026-02-02T13:11:28.191169531Z,lightOnAction,2026-02-02 13:11:30.201180+00:00,2026-02-02 13:11:30.201265+00:00
3e4d96aa7e5b1560ddc52be70c43817d,2026-02-02T13:12:29.407382,0.04567820536868573,2026-02-02T13:12:29.714328552Z,bellOffInvocation,2026-02-02 13:12:29.731048+00:00,2026-02-02 13:12:29.731188+00:00
3e4d96aa7e5b1560ddc52be70c43817d,2026-02-02T13:12:29.407382,0.04567820536868573,2026-02-02T13:12:29.714328552Z,gateUpInvocation,2026-02-02 13:12:29.730397+00:00,2026-02-02 13:12:29.730527+00:00
3e4d96aa7e5b1560ddc52be70c43817d,2026-02-02T13:12:29.407382,0.04567820536868573,2026-02-02T13:12:29.714328552Z,gateUpInvocation,2026-02-02 13:12:29.726929+00:00,2026-02-02 13:12:29.727064+00:00
3e4d96aa7e5b1560ddc52be70c43817d,2026-02-02T13:12:29.407382,0.04567820536868573,2026-02-02T13:12:29.714328552Z,lightOffInvocation,2026-02-02 13:12:29.725296+00:00,2026-02-02 13:12:29.725438+00:00
3e4d96aa7e5b1560ddc52be70c43817d,2026-02-02T13:12:29.407382,0.04567820536868573,2026-02-02T13:12:29.714328552Z,bellOffInvocation,2026-02-02 13:12:29.732629+00:00,2026-02-02 13:12:29.732969+00:00
3e4d96aa7e5b1560ddc52be70c43817d,2026-02-02T13:12:29.407382,0.04567820536868573,2026-02-02T13:12:29.714328552Z,lightOffInvocation,2026-02-02 13:12:29.724564+00:00,2026-02-02 13:12:29.724708+00:00
29a358f924e8543b1fa89b1523032631,2026-02-02T13:13:04.072363,0.05128951363612414,2026-02-02T13:13:03.385635079Z,gateDownAction,2026-02-02 13:13:05.394567+00:00,2026-02-02 13:13:05.394652+00:00
29a358f924e8543b1fa89b1523032631,2026-02-02T13:13:04.072363,0.05128951363612414,2026-02-02T13:13:03.385635079Z,gateDownInvocation,2026-02-02 13:13:03.392196+00:00,2026-02-02 13:13:03.392415+00:00
29a358f924e8543b1fa89b1523032631,2026-02-02T13:13:04.072363,0.05128951363612414,2026-02-02T13:13:03.385635079Z,lightOnInvocation,2026-02-02 13:13:03.392812+00:00,2026-02-02 13:13:03.392990+00:00
29a358f924e8543b1fa89b1523032631,2026-02-02T13:13:04.072363,0.05128951363612414,2026-02-02T13:13:03.385635079Z,bellOnInvocation,2026-02-02 13:13:03.396278+00:00,2026-02-02 13:13:03.396362+00:00
29a358f924e8543b1fa89b1523032631,2026-02-02T13:13:04.072363,0.05128951363612414,2026-02-02T13:13:03.385635079Z,gateDownAction,2026-02-02 13:13:05.393835+00:00,2026-02-02 13:13:05.393921+00:00
29a358f924e8543b1fa89b1523032631,2026-02-02T13:13:04.072363,0.05128951363612414,2026-02-02T13:13:03.385635079Z,lightOnAction,2026-02-02 13:13:05.395331+00:00,2026-02-02 13:13:05.395419+00:00
29a358f924e8543b1fa89b1523032631,2026-02-02T13:13:04.072363,0.05128951363612414,2026-02-02T13:13:03.385635079Z,bellOnAction,2026-02-02 13:13:05.399410+00:00,2026-02-02 13:13:05.399555+00:00
29a358f924e8543b1fa89b1523032631,2026-02-02T13:13:04.072363,0.05128951363612414,2026-02-02T13:13:03.385635079Z,gateDownInvocation,2026-02-02 13:13:03.392983+00:00,2026-02-02 13:13:03.393500+00:00
29a358f924e8543b1fa89b1523032631,2026-02-02T13:13:04.072363,0.05128951363612414,2026-02-02T13:13:03.385635079Z,bellOnInvocation,2026-02-02 13:13:03.398744+00:00,2026-02-02 13:13:03.398872+00:00
29a358f924e8543b1fa89b1523032631,2026-02-02T13:13:04.072363,0.05128951363612414,2026-02-02T13:13:03.385635079Z,lightOnAction,2026-02-02 13:13:05.395569+00:00,2026-02-02 13:13:05.395655+00:00
29a358f924e8543b1fa89b1523032631,2026-02-02T13:13:04.072363,0.05128951363612414,2026-02-02T13:13:03.385635079Z,lightOnInvocation,2026-02-02 13:13:03.395140+00:00,2026-02-02 13:13:03.395247+00:00
29a358f924e8543b1fa89b1523032631,2026-02-02T13:13:04.072363,0.05128951363612414,2026-02-02T13:13:03.385635079Z,bellOnAction,2026-02-02 13:13:05.396868+00:00,2026-02-02 13:13:05.396933+00:00
c7cbe0115ea07d0e7896f2ffccf0d8bf,2026-02-02T13:11:37.529077,0.0368704154765606,2026-02-02T13:11:36.862312679Z,lightOnInvocation,2026-02-02 13:11:36.872622+00:00,2026-02-02 13:11:36.872824+00:00
c7cbe0115ea07d0e7896f2ffccf0d8bf,2026-02-02T13:11:37.529077,0.0368704154765606,2026-02-02T13:11:36.862312679Z,lightOnAction,2026-02-02 13:11:38.872744+00:00,2026-02-02 13:11:38.872832+00:00
c7cbe0115ea07d0e7896f2ffccf0d8bf,2026-02-02T13:11:37.529077,0.0368704154765606,2026-02-02T13:11:36.862312679Z,gateDownAction,2026-02-02 13:11:38.874239+00:00,2026-02-02 13:11:38.874328+00:00
c7cbe0115ea07d0e7896f2ffccf0d8bf,2026-02-02T13:11:37.529077,0.0368704154765606,2026-02-02T13:11:36.862312679Z,gateDownAction,2026-02-02 13:11:38.877048+00:00,2026-02-02 13:11:38.877150+00:00
c7cbe0115ea07d0e7896f2ffccf0d8bf,2026-02-02T13:11:37.529077,0.0368704154765606,2026-02-02T13:11:36.862312679Z,lightOnInvocation,2026-02-02 13:11:36.871549+00:00,2026-02-02 13:11:36.871754+00:00
c7cbe0115ea07d0e7896f2ffccf0d8bf,2026-02-02T13:11:37.529077,0.0368704154765606,2026-02-02T13:11:36.862312679Z,lightOnAction,2026-02-02 13:11:38.874037+00:00,2026-02-02 13:11:38.874122+00:00
c7cbe0115ea07d0e7896f2ffccf0d8bf,2026-02-02T13:11:37.529077,0.0368704154765606,2026-02-02T13:11:36.862312679Z,gateDownInvocation,2026-02-02 13:11:36.875383+00:00,2026-02-02 13:11:36.875733+00:00
c7cbe0115ea07d0e7896f2ffccf0d8bf,2026-02-02T13:11:37.529077,0.0368704154765606,2026-02-02T13:11:36.862312679Z,bellOnInvocation,2026-02-02 13:11:36.879721+00:00,2026-02-02 13:11:36.879974+00:00
c7cbe0115ea07d0e7896f2ffccf0d8bf,2026-02-02T13:11:37.529077,0.0368704154765606,2026-02-02T13:11:36.862312679Z,bellOnAction,2026-02-02 13:11:38.880810+00:00,2026-02-02 13:11:38.880896+00:00
c7cbe0115ea07d0e7896f2ffccf0d8bf,2026-02-02T13:11:37.529077,0.0368704154765606,2026-02-02T13:11:36.862312679Z,bellOnInvocation,2026-02-02 13:11:36.876506+00:00,2026-02-02 13:11:36.876696+00:00
c7cbe0115ea07d0e7896f2ffccf0d8bf,2026-02-02T13:11:37.529077,0.0368704154765606,2026-02-02T13:11:36.862312679Z,bellOnAction,2026-02-02 13:11:38.877416+00:00,2026-02-02 13:11:38.877500+00:00
c7cbe0115ea07d0e7896f2ffccf0d8bf,2026-02-02T13:11:37.529077,0.0368704154765606,2026-02-02T13:11:36.862312679Z,gateDownInvocation,2026-02-02 13:11:36.872197+00:00,2026-02-02 13:11:36.872502+00:00
d1d01c214781e7502ef849b67deb58e8,2026-02-02T13:15:01.115559,0.0709644222550273,2026-02-02T13:15:01.446695305Z,bellOffInvocation,2026-02-02 13:15:01.450266+00:00,2026-02-02 13:15:01.450306+00:00
d1d01c214781e7502ef849b67deb58e8,2026-02-02T13:15:01.115559,0.0709644222550273,2026-02-02T13:15:01.446695305Z,gateUpInvocation,2026-02-02 13:15:01.449915+00:00,2026-02-02 13:15:01.449961+00:00
d1d01c214781e7502ef849b67deb58e8,2026-02-02T13:15:01.115559,0.0709644222550273,2026-02-02T13:15:01.446695305Z,lightOffInvocation,2026-02-02 13:15:01.449918+00:00,2026-02-02 13:15:01.449996+00:00
d1d01c214781e7502ef849b67deb58e8,2026-02-02T13:15:01.115559,0.0709644222550273,2026-02-02T13:15:01.446695305Z,bellOffInvocation,2026-02-02 13:15:01.451681+00:00,2026-02-02 13:15:01.451703+00:00
d1d01c214781e7502ef849b67deb58e8,2026-02-02T13:15:01.115559,0.0709644222550273,2026-02-02T13:15:01.446695305Z,gateUpInvocation,2026-02-02 13:15:01.450768+00:00,2026-02-02 13:15:01.450796+00:00
d1d01c214781e7502ef849b67deb58e8,2026-02-02T13:15:01.115559,0.0709644222550273,2026-02-02T13:15:01.446695305Z,lightOffInvocation,2026-02-02 13:15:01.450424+00:00,2026-02-02 13:15:01.450465+00:00
2f92f1291dccf07a0a0753573c56427c,2026-02-02T13:14:26.443804,0.06501713836425543,2026-02-02T13:14:25.759422525Z,gateDownInvocation,2026-02-02 13:14:25.763041+00:00,2026-02-02 13:14:25.763114+00:00
2f92f1291dccf07a0a0753573c56427c,2026-02-02T13:14:26.443804,0.06501713836425543,2026-02-02T13:14:25.759422525Z,lightOnInvocation,2026-02-02 13:14:25.763667+00:00,2026-02-02 13:14:25.763749+00:00
2f92f1291dccf07a0a0753573c56427c,2026-02-02T13:14:26.443804,0.06501713836425543,2026-02-02T13:14:25.759422525Z,gateDownInvocation,2026-02-02 13:14:25.764150+00:00,2026-02-02 13:14:25.764253+00:00
2f92f1291dccf07a0a0753573c56427c,2026-02-02T13:14:26.443804,0.06501713836425543,2026-02-02T13:14:25.759422525Z,gateDownAction,2026-02-02 13:14:27.764535+00:00,2026-02-02 13:14:27.764617+00:00
2f92f1291dccf07a0a0753573c56427c,2026-02-02T13:14:26.443804,0.06501713836425543,2026-02-02T13:14:25.759422525Z,lightOnInvocation,2026-02-02 13:14:25.763996+00:00,2026-02-02 13:14:25.764085+00:00
2f92f1291dccf07a0a0753573c56427c,2026-02-02T13:14:26.443804,0.06501713836425543,2026-02-02T13:14:25.759422525Z,bellOnAction,2026-02-02 13:14:27.765210+00:00,2026-02-02 13:14:27.765265+00:00
2f92f1291dccf07a0a0753573c56427c,2026-02-02T13:14:26.443804,0.06501713836425543,2026-02-02T13:14:25.759422525Z,gateDownAction,2026-02-02 13:14:27.763751+00:00,2026-02-02 13:14:27.763835+00:00
2f92f1291dccf07a0a0753573c56427c,2026-02-02T13:14:26.443804,0.06501713836425543,2026-02-02T13:14:25.759422525Z,bellOnInvocation,2026-02-02 13:14:25.765111+00:00,2026-02-02 13:14:25.765171+00:00
2f92f1291dccf07a0a0753573c56427c,2026-02-02T13:14:26.443804,0.06501713836425543,2026-02-02T13:14:25.759422525Z,bellOnInvocation,2026-02-02 13:14:25.764755+00:00,2026-02-02 13:14:25.764832+00:00
2f92f1291dccf07a0a0753573c56427c,2026-02-02T13:14:26.443804,0.06501713836425543,2026-02-02T13:14:25.759422525Z,lightOnAction,2026-02-02 13:14:27.764776+00:00,2026-02-02 13:14:27.764862+00:00
2f92f1291dccf07a0a0753573c56427c,2026-02-02T13:14:26.443804,0.06501713836425543,2026-02-02T13:14:25.759422525Z,lightOnAction,2026-02-02 13:14:27.765334+00:00,2026-02-02 13:14:27.765421+00:00
2f92f1291dccf07a0a0753573c56427c,2026-02-02T13:14:26.443804,0.06501713836425543,2026-02-02T13:14:25.759422525Z,bellOnAction,2026-02-02 13:14:27.765310+00:00,2026-02-02 13:14:27.765378+00:00
786f5f386b78d5dafa04129ef4930aca,2026-02-02T13:16:06.286262,0.08165787585906982,2026-02-02T13:16:05.613875415Z,gateDownAction,2026-02-02 13:16:07.624888+00:00,2026-02-02 13:16:07.624957+00:00
786f5f386b78d5dafa04129ef4930aca,2026-02-02T13:16:06.286262,0.08165787585906982,2026-02-02T13:16:05.613875415Z,lightOnAction,2026-02-02 13:16:07.623445+00:00,2026-02-02 13:16:07.623550+00:00
786f5f386b78d5dafa04129ef4930aca,2026-02-02T13:16:06.286262,0.08165787585906982,2026-02-02T13:16:05.613875415Z,gateDownInvocation,2026-02-02 13:16:05.624216+00:00,2026-02-02 13:16:05.624371+00:00
786f5f386b78d5dafa04129ef4930aca,2026-02-02T13:16:06.286262,0.08165787585906982,2026-02-02T13:16:05.613875415Z,lightOnInvocation,2026-02-02 13:16:05.622319+00:00,2026-02-02 13:16:05.622531+00:00
786f5f386b78d5dafa04129ef4930aca,2026-02-02T13:16:06.286262,0.08165787585906982,2026-02-02T13:16:05.613875415Z,lightOnAction,2026-02-02 13:16:07.620238+00:00,2026-02-02 13:16:07.620347+00:00
786f5f386b78d5dafa04129ef4930aca,2026-02-02T13:16:06.286262,0.08165787585906982,2026-02-02T13:16:05.613875415Z,lightOnInvocation,2026-02-02 13:16:05.618362+00:00,2026-02-02 13:16:05.618473+00:00
786f5f386b78d5dafa04129ef4930aca,2026-02-02T13:16:06.286262,0.08165787585906982,2026-02-02T13:16:05.613875415Z,gateDownInvocation,2026-02-02 13:16:05.618857+00:00,2026-02-02 13:16:05.619344+00:00
786f5f386b78d5dafa04129ef4930aca,2026-02-02T13:16:06.286262,0.08165787585906982,2026-02-02T13:16:05.613875415Z,bellOnAction,2026-02-02 13:16:07.625229+00:00,2026-02-02 13:16:07.625278+00:00
786f5f386b78d5dafa04129ef4930aca,2026-02-02T13:16:06.286262,0.08165787585906982,2026-02-02T13:16:05.613875415Z,bellOnInvocation,2026-02-02 13:16:05.625314+00:00,2026-02-02 13:16:05.625384+00:00
786f5f386b78d5dafa04129ef4930aca,2026-02-02T13:16:06.286262,0.08165787585906982,2026-02-02T13:16:05.613875415Z,gateDownAction,2026-02-02 13:16:07.621158+00:00,2026-02-02 13:16:07.621242+00:00
786f5f386b78d5dafa04129ef4930aca,2026-02-02T13:16:06.286262,0.08165787585906982,2026-02-02T13:16:05.613875415Z,bellOnInvocation,2026-02-02 13:16:05.621164+00:00,2026-02-02 13:16:05.621463+00:00
786f5f386b78d5dafa04129ef4930aca,2026-02-02T13:16:06.286262,0.08165787585906982,2026-02-02T13:16:05.613875415Z,bellOnAction,2026-02-02 13:16:07.623202+00:00,2026-02-02 13:16:07.623314+00:00
0aca9ed09f6056018a6a4df5b4236579,2026-02-02T13:15:35.865741,0.07658832201596498,2026-02-02T13:15:35.193593387Z,lightOnInvocation,2026-02-02 13:15:35.200216+00:00,2026-02-02 13:15:35.200434+00:00
0aca9ed09f6056018a6a4df5b4236579,2026-02-02T13:15:35.865741,0.07658832201596498,2026-02-02T13:15:35.193593387Z,bellOnInvocation,2026-02-02 13:15:35.203794+00:00,2026-02-02 13:15:35.203980+00:00
0aca9ed09f6056018a6a4df5b4236579,2026-02-02T13:15:35.865741,0.07658832201596498,2026-02-02T13:15:35.193593387Z,gateDownInvocation,2026-02-02 13:15:35.200019+00:00,2026-02-02 13:15:35.200329+00:00
0aca9ed09f6056018a6a4df5b4236579,2026-02-02T13:15:35.865741,0.07658832201596498,2026-02-02T13:15:35.193593387Z,gateDownInvocation,2026-02-02 13:15:35.200813+00:00,2026-02-02 13:15:35.201300+00:00
0aca9ed09f6056018a6a4df5b4236579,2026-02-02T13:15:35.865741,0.07658832201596498,2026-02-02T13:15:35.193593387Z,lightOnInvocation,2026-02-02 13:15:35.201051+00:00,2026-02-02 13:15:35.201240+00:00
0aca9ed09f6056018a6a4df5b4236579,2026-02-02T13:15:35.865741,0.07658832201596498,2026-02-02T13:15:35.193593387Z,bellOnAction,2026-02-02 13:15:37.206198+00:00,2026-02-02 13:15:37.206265+00:00
0aca9ed09f6056018a6a4df5b4236579,2026-02-02T13:15:35.865741,0.07658832201596498,2026-02-02T13:15:35.193593387Z,lightOnAction,2026-02-02 13:15:37.203006+00:00,2026-02-02 13:15:37.203099+00:00
0aca9ed09f6056018a6a4df5b4236579,2026-02-02T13:15:35.865741,0.07658832201596498,2026-02-02T13:15:35.193593387Z,bellOnInvocation,2026-02-02 13:15:35.205278+00:00,2026-02-02 13:15:35.205396+00:00
0aca9ed09f6056018a6a4df5b4236579,2026-02-02T13:15:35.865741,0.07658832201596498,2026-02-02T13:15:35.193593387Z,bellOnAction,2026-02-02 13:15:37.204676+00:00,2026-02-02 13:15:37.204742+00:00
0aca9ed09f6056018a6a4df5b4236579,2026-02-02T13:15:35.865741,0.07658832201596498,2026-02-02T13:15:35.193593387Z,gateDownAction,2026-02-02 13:15:37.201809+00:00,2026-02-02 13:15:37.201910+00:00
0aca9ed09f6056018a6a4df5b4236579,2026-02-02T13:15:35.865741,0.07658832201596498,2026-02-02T13:15:35.193593387Z,lightOnAction,2026-02-02 13:15:37.202272+00:00,2026-02-02 13:15:37.202361+00:00
0aca9ed09f6056018a6a4df5b4236579,2026-02-02T13:15:35.865741,0.07658832201596498,2026-02-02T13:15:35.193593387Z,gateDownAction,2026-02-02 13:15:37.203145+00:00,2026-02-02 13:15:37.203229+00:00
d7baa3de7498eb93e348d6d56edfbd73,2026-02-02T13:15:27.168436,0.07514601800239086,2026-02-02T13:15:26.538935466Z,gateDownAction,2026-02-02 13:15:28.546875+00:00,2026-02-02 13:15:28.546983+00:00
d7baa3de7498eb93e348d6d56edfbd73,2026-02-02T13:15:27.168436,0.07514601800239086,2026-02-02T13:15:26.538935466Z,bellOnInvocation,2026-02-02 13:15:26.550515+00:00,2026-02-02 13:15:26.550636+00:00
d7baa3de7498eb93e348d6d56edfbd73,2026-02-02T13:15:27.168436,0.07514601800239086,2026-02-02T13:15:26.538935466Z,lightOnInvocation,2026-02-02 13:15:26.545194+00:00,2026-02-02 13:15:26.545439+00:00
d7baa3de7498eb93e348d6d56edfbd73,2026-02-02T13:15:27.168436,0.07514601800239086,2026-02-02T13:15:26.538935466Z,gateDownInvocation,2026-02-02 13:15:26.548034+00:00,2026-02-02 13:15:26.548344+00:00
d7baa3de7498eb93e348d6d56edfbd73,2026-02-02T13:15:27.168436,0.07514601800239086,2026-02-02T13:15:26.538935466Z,lightOnAction,2026-02-02 13:15:28.550319+00:00,2026-02-02 13:15:28.550409+00:00
d7baa3de7498eb93e348d6d56edfbd73,2026-02-02T13:15:27.168436,0.07514601800239086,2026-02-02T13:15:26.538935466Z,lightOnAction,2026-02-02 13:15:28.546378+00:00,2026-02-02 13:15:28.546465+00:00
d7baa3de7498eb93e348d6d56edfbd73,2026-02-02T13:15:27.168436,0.07514601800239086,2026-02-02T13:15:26.538935466Z,gateDownInvocation,2026-02-02 13:15:26.545182+00:00,2026-02-02 13:15:26.545516+00:00
d7baa3de7498eb93e348d6d56edfbd73,2026-02-02T13:15:27.168436,0.07514601800239086,2026-02-02T13:15:26.538935466Z,bellOnAction,2026-02-02 13:15:28.551887+00:00,2026-02-02 13:15:28.551999+00:00
d7baa3de7498eb93e348d6d56edfbd73,2026-02-02T13:15:27.168436,0.07514601800239086,2026-02-02T13:15:26.538935466Z,bellOnInvocation,2026-02-02 13:15:26.551661+00:00,2026-02-02 13:15:26.551762+00:00
d7baa3de7498eb93e348d6d56edfbd73,2026-02-02T13:15:27.168436,0.07514601800239086,2026-02-02T13:15:26.538935466Z,lightOnInvocation,2026-02-02 13:15:26.546207+00:00,2026-02-02 13:15:26.546400+00:00
d7baa3de7498eb93e348d6d56edfbd73,2026-02-02T13:15:27.168436,0.07514601800239086,2026-02-02T13:15:26.538935466Z,gateDownAction,2026-02-02 13:15:28.550141+00:00,2026-02-02 13:15:28.550224+00:00
d7baa3de7498eb93e348d6d56edfbd73,2026-02-02T13:15:27.168436,0.07514601800239086,2026-02-02T13:15:26.538935466Z,bellOnAction,2026-02-02 13:15:28.552357+00:00,2026-02-02 13:15:28.552436+00:00
42130babf470a774706f388f8b5b1339,2026-02-02T13:11:24.547974,0.0347067470266223,2026-02-02T13:11:23.878975337Z,lightOnAction,2026-02-02 13:11:25.890461+00:00,2026-02-02 13:11:25.890544+00:00
42130babf470a774706f388f8b5b1339,2026-02-02T13:11:24.547974,0.0347067470266223,2026-02-02T13:11:23.878975337Z,bellOnAction,2026-02-02 13:11:25.894747+00:00,2026-02-02 13:11:25.894829+00:00
42130babf470a774706f388f8b5b1339,2026-02-02T13:11:24.547974,0.0347067470266223,2026-02-02T13:11:23.878975337Z,lightOnAction,2026-02-02 13:11:25.890847+00:00,2026-02-02 13:11:25.890964+00:00
42130babf470a774706f388f8b5b1339,2026-02-02T13:11:24.547974,0.0347067470266223,2026-02-02T13:11:23.878975337Z,gateDownInvocation,2026-02-02 13:11:23.892160+00:00,2026-02-02 13:11:23.892692+00:00
42130babf470a774706f388f8b5b1339,2026-02-02T13:11:24.547974,0.0347067470266223,2026-02-02T13:11:23.878975337Z,bellOnInvocation,2026-02-02 13:11:23.893269+00:00,2026-02-02 13:11:23.893469+00:00
42130babf470a774706f388f8b5b1339,2026-02-02T13:11:24.547974,0.0347067470266223,2026-02-02T13:11:23.878975337Z,gateDownAction,2026-02-02 13:11:25.892113+00:00,2026-02-02 13:11:25.892223+00:00
42130babf470a774706f388f8b5b1339,2026-02-02T13:11:24.547974,0.0347067470266223,2026-02-02T13:11:23.878975337Z,bellOnInvocation,2026-02-02 13:11:23.892637+00:00,2026-02-02 13:11:23.892828+00:00
42130babf470a774706f388f8b5b1339,2026-02-02T13:11:24.547974,0.0347067470266223,2026-02-02T13:11:23.878975337Z,gateDownInvocation,2026-02-02 13:11:23.890296+00:00,2026-02-02 13:11:23.890643+00:00
42130babf470a774706f388f8b5b1339,2026-02-02T13:11:24.547974,0.0347067470266223,2026-02-02T13:11:23.878975337Z,lightOnInvocation,2026-02-02 13:11:23.888118+00:00,2026-02-02 13:11:23.888342+00:00
42130babf470a774706f388f8b5b1339,2026-02-02T13:11:24.547974,0.0347067470266223,2026-02-02T13:11:23.878975337Z,gateDownAction,2026-02-02 13:11:25.893641+00:00,2026-02-02 13:11:25.893721+00:00
42130babf470a774706f388f8b5b1339,2026-02-02T13:11:24.547974,0.0347067470266223,2026-02-02T13:11:23.878975337Z,bellOnAction,2026-02-02 13:11:25.893503+00:00,2026-02-02 13:11:25.893582+00:00
42130babf470a774706f388f8b5b1339,2026-02-02T13:11:24.547974,0.0347067470266223,2026-02-02T13:11:23.878975337Z,lightOnInvocation,2026-02-02 13:11:23.889264+00:00,2026-02-02 13:11:23.889460+00:00
44607a5bca5acad1d10749a7126c1c32,2026-02-02T13:09:10.853560,0.012588656777060031,2026-02-02T13:09:11.157178078Z,lightOffInvocation,2026-02-02 13:09:11.168055+00:00,2026-02-02 13:09:11.168208+00:00
44607a5bca5acad1d10749a7126c1c32,2026-02-02T13:09:10.853560,0.012588656777060031,2026-02-02T13:09:11.157178078Z,gateUpInvocation,2026-02-02 13:09:11.167711+00:00,2026-02-02 13:09:11.167850+00:00
44607a5bca5acad1d10749a7126c1c32,2026-02-02T13:09:10.853560,0.012588656777060031,2026-02-02T13:09:11.157178078Z,gateUpInvocation,2026-02-02 13:09:11.169304+00:00,2026-02-02 13:09:11.169447+00:00
44607a5bca5acad1d10749a7126c1c32,2026-02-02T13:09:10.853560,0.012588656777060031,2026-02-02T13:09:11.157178078Z,bellOffInvocation,2026-02-02 13:09:11.172882+00:00,2026-02-02 13:09:11.173034+00:00
44607a5bca5acad1d10749a7126c1c32,2026-02-02T13:09:10.853560,0.012588656777060031,2026-02-02T13:09:11.157178078Z,bellOffInvocation,2026-02-02 13:09:11.170374+00:00,2026-02-02 13:09:11.170524+00:00
44607a5bca5acad1d10749a7126c1c32,2026-02-02T13:09:10.853560,0.012588656777060031,2026-02-02T13:09:11.157178078Z,lightOffInvocation,2026-02-02 13:09:11.167727+00:00,2026-02-02 13:09:11.167903+00:00
503c3be22d145474b92ad01b77eff051,2026-02-02T13:07:57.677541,0.00022687563896179203,2026-02-02T13:07:56.978991229Z,bellOnAction,2026-02-02 13:07:59.403107+00:00,2026-02-02 13:07:59.403178+00:00
503c3be22d145474b92ad01b77eff051,2026-02-02T13:07:57.677541,0.00022687563896179203,2026-02-02T13:07:56.978991229Z,bellOnAction,2026-02-02 13:07:59.324574+00:00,2026-02-02 13:07:59.324679+00:00
503c3be22d145474b92ad01b77eff051,2026-02-02T13:07:57.677541,0.00022687563896179203,2026-02-02T13:07:56.978991229Z,gateDownAction,2026-02-02 13:07:59.282579+00:00,2026-02-02 13:07:59.282659+00:00
503c3be22d145474b92ad01b77eff051,2026-02-02T13:07:57.677541,0.00022687563896179203,2026-02-02T13:07:56.978991229Z,lightOnAction,2026-02-02 13:07:59.295380+00:00,2026-02-02 13:07:59.295522+00:00
503c3be22d145474b92ad01b77eff051,2026-02-02T13:07:57.677541,0.00022687563896179203,2026-02-02T13:07:56.978991229Z,gateDownAction,2026-02-02 13:07:59.326374+00:00,2026-02-02 13:07:59.326439+00:00
503c3be22d145474b92ad01b77eff051,2026-02-02T13:07:57.677541,0.00022687563896179203,2026-02-02T13:07:56.978991229Z,lightOnInvocation,2026-02-02 13:07:57.326059+00:00,2026-02-02 13:07:57.326184+00:00
503c3be22d145474b92ad01b77eff051,2026-02-02T13:07:57.677541,0.00022687563896179203,2026-02-02T13:07:56.978991229Z,lightOnAction,2026-02-02 13:07:59.326523+00:00,2026-02-02 13:07:59.326595+00:00
503c3be22d145474b92ad01b77eff051,2026-02-02T13:07:57.677541,0.00022687563896179203,2026-02-02T13:07:56.978991229Z,lightOnInvocation,2026-02-02 13:07:57.295088+00:00,2026-02-02 13:07:57.295211+00:00
503c3be22d145474b92ad01b77eff051,2026-02-02T13:07:57.677541,0.00022687563896179203,2026-02-02T13:07:56.978991229Z,gateDownInvocation,2026-02-02 13:07:57.281422+00:00,2026-02-02 13:07:57.281567+00:00
503c3be22d145474b92ad01b77eff051,2026-02-02T13:07:57.677541,0.00022687563896179203,2026-02-02T13:07:56.978991229Z,bellOnInvocation,2026-02-02 13:07:57.324350+00:00,2026-02-02 13:07:57.324452+00:00
503c3be22d145474b92ad01b77eff051,2026-02-02T13:07:57.677541,0.00022687563896179203,2026-02-02T13:07:56.978991229Z,bellOnInvocation,2026-02-02 13:07:57.401932+00:00,2026-02-02 13:07:57.402026+00:00
503c3be22d145474b92ad01b77eff051,2026-02-02T13:07:57.677541,0.00022687563896179203,2026-02-02T13:07:56.978991229Z,gateDownInvocation,2026-02-02 13:07:57.325712+00:00,2026-02-02 13:07:57.325859+00:00
a8f73de44d0fff1c0b5ebd8bf661cded,2026-02-02T13:15:14.164943,0.0729724881554842,2026-02-02T13:15:13.496348809Z,bellOnAction,2026-02-02 13:15:15.503181+00:00,2026-02-02 13:15:15.503241+00:00
a8f73de44d0fff1c0b5ebd8bf661cded,2026-02-02T13:15:14.164943,0.0729724881554842,2026-02-02T13:15:13.496348809Z,gateDownInvocation,2026-02-02 13:15:13.500254+00:00,2026-02-02 13:15:13.500353+00:00
a8f73de44d0fff1c0b5ebd8bf661cded,2026-02-02T13:15:14.164943,0.0729724881554842,2026-02-02T13:15:13.496348809Z,gateDownInvocation,2026-02-02 13:15:13.501891+00:00,2026-02-02 13:15:13.501998+00:00
a8f73de44d0fff1c0b5ebd8bf661cded,2026-02-02T13:15:14.164943,0.0729724881554842,2026-02-02T13:15:13.496348809Z,gateDownAction,2026-02-02 13:15:15.502715+00:00,2026-02-02 13:15:15.502799+00:00
a8f73de44d0fff1c0b5ebd8bf661cded,2026-02-02T13:15:14.164943,0.0729724881554842,2026-02-02T13:15:13.496348809Z,gateDownAction,2026-02-02 13:15:15.500461+00:00,2026-02-02 13:15:15.500573+00:00
a8f73de44d0fff1c0b5ebd8bf661cded,2026-02-02T13:15:14.164943,0.0729724881554842,2026-02-02T13:15:13.496348809Z,lightOnAction,2026-02-02 13:15:15.500403+00:00,2026-02-02 13:15:15.500493+00:00
a8f73de44d0fff1c0b5ebd8bf661cded,2026-02-02T13:15:14.164943,0.0729724881554842,2026-02-02T13:15:13.496348809Z,lightOnInvocation,2026-02-02 13:15:13.501610+00:00,2026-02-02 13:15:13.501998+00:00
a8f73de44d0fff1c0b5ebd8bf661cded,2026-02-02T13:15:14.164943,0.0729724881554842,2026-02-02T13:15:13.496348809Z,lightOnInvocation,2026-02-02 13:15:13.500284+00:00,2026-02-02 13:15:13.500344+00:00
a8f73de44d0fff1c0b5ebd8bf661cded,2026-02-02T13:15:14.164943,0.0729724881554842,2026-02-02T13:15:13.496348809Z,bellOnAction,2026-02-02 13:15:15.505107+00:00,2026-02-02 13:15:15.505193+00:00
a8f73de44d0fff1c0b5ebd8bf661cded,2026-02-02T13:15:14.164943,0.0729724881554842,2026-02-02T13:15:13.496348809Z,bellOnInvocation,2026-02-02 13:15:13.503632+00:00,2026-02-02 13:15:13.503690+00:00
a8f73de44d0fff1c0b5ebd8bf661cded,2026-02-02T13:15:14.164943,0.0729724881554842,2026-02-02T13:15:13.496348809Z,lightOnAction,2026-02-02 13:15:15.502734+00:00,2026-02-02 13:15:15.502824+00:00
a8f73de44d0fff1c0b5ebd8bf661cded,2026-02-02T13:15:14.164943,0.0729724881554842,2026-02-02T13:15:13.496348809Z,bellOnInvocation,2026-02-02 13:15:13.504193+00:00,2026-02-02 13:15:13.504234+00:00
9d7676cde21e3aeea0fe1890a6fdc49d,2026-02-02T13:11:59.131631,0.040471502357792864,2026-02-02T13:11:58.47095897Z,bellOnInvocation,2026-02-02 13:11:58.478658+00:00,2026-02-02 13:11:58.478933+00:00
9d7676cde21e3aeea0fe1890a6fdc49d,2026-02-02T13:11:59.131631,0.040471502357792864,2026-02-02T13:11:58.47095897Z,bellOnAction,2026-02-02 13:12:00.478282+00:00,2026-02-02 13:12:00.478326+00:00
9d7676cde21e3aeea0fe1890a6fdc49d,2026-02-02T13:11:59.131631,0.040471502357792864,2026-02-02T13:11:58.47095897Z,gateDownInvocation,2026-02-02 13:11:58.477262+00:00,2026-02-02 13:11:58.477462+00:00
9d7676cde21e3aeea0fe1890a6fdc49d,2026-02-02T13:11:59.131631,0.040471502357792864,2026-02-02T13:11:58.47095897Z,gateDownAction,2026-02-02 13:12:00.479086+00:00,2026-02-02 13:12:00.479155+00:00
9d7676cde21e3aeea0fe1890a6fdc49d,2026-02-02T13:11:59.131631,0.040471502357792864,2026-02-02T13:11:58.47095897Z,bellOnAction,2026-02-02 13:12:00.479396+00:00,2026-02-02 13:12:00.479436+00:00
9d7676cde21e3aeea0fe1890a6fdc49d,2026-02-02T13:11:59.131631,0.040471502357792864,2026-02-02T13:11:58.47095897Z,lightOnAction,2026-02-02 13:12:00.477745+00:00,2026-02-02 13:12:00.477853+00:00
9d7676cde21e3aeea0fe1890a6fdc49d,2026-02-02T13:11:59.131631,0.040471502357792864,2026-02-02T13:11:58.47095897Z,lightOnAction,2026-02-02 13:12:00.478039+00:00,2026-02-02 13:12:00.478123+00:00
9d7676cde21e3aeea0fe1890a6fdc49d,2026-02-02T13:11:59.131631,0.040471502357792864,2026-02-02T13:11:58.47095897Z,bellOnInvocation,2026-02-02 13:11:58.478107+00:00,2026-02-02 13:11:58.478214+00:00
9d7676cde21e3aeea0fe1890a6fdc49d,2026-02-02T13:11:59.131631,0.040471502357792864,2026-02-02T13:11:58.47095897Z,gateDownInvocation,2026-02-02 13:11:58.476904+00:00,2026-02-02 13:11:58.477124+00:00
9d7676cde21e3aeea0fe1890a6fdc49d,2026-02-02T13:11:59.131631,0.040471502357792864,2026-02-02T13:11:58.47095897Z,lightOnInvocation,2026-02-02 13:11:58.477218+00:00,2026-02-02 13:11:58.477365+00:00
9d7676cde21e3aeea0fe1890a6fdc49d,2026-02-02T13:11:59.131631,0.040471502357792864,2026-02-02T13:11:58.47095897Z,gateDownAction,2026-02-02 13:12:00.477706+00:00,2026-02-02 13:12:00.477800+00:00
9d7676cde21e3aeea0fe1890a6fdc49d,2026-02-02T13:11:59.131631,0.040471502357792864,2026-02-02T13:11:58.47095897Z,lightOnInvocation,2026-02-02 13:11:58.476761+00:00,2026-02-02 13:11:58.476877+00:00
f342a3b813796e07f45474929f038637,2026-02-02T13:12:55.412340,0.050018705194246775,2026-02-02T13:12:55.759935294Z,bellOffInvocation,2026-02-02 13:12:55.770469+00:00,2026-02-02 13:12:55.770597+00:00
f342a3b813796e07f45474929f038637,2026-02-02T13:12:55.412340,0.050018705194246775,2026-02-02T13:12:55.759935294Z,bellOffInvocation,2026-02-02 13:12:55.772050+00:00,2026-02-02 13:12:55.772133+00:00
f342a3b813796e07f45474929f038637,2026-02-02T13:12:55.412340,0.050018705194246775,2026-02-02T13:12:55.759935294Z,lightOffInvocation,2026-02-02 13:12:55.765737+00:00,2026-02-02 13:12:55.768039+00:00
f342a3b813796e07f45474929f038637,2026-02-02T13:12:55.412340,0.050018705194246775,2026-02-02T13:12:55.759935294Z,lightOffInvocation,2026-02-02 13:12:55.766713+00:00,2026-02-02 13:12:55.766891+00:00
f342a3b813796e07f45474929f038637,2026-02-02T13:12:55.412340,0.050018705194246775,2026-02-02T13:12:55.759935294Z,gateUpInvocation,2026-02-02 13:12:55.767978+00:00,2026-02-02 13:12:55.768116+00:00
f342a3b813796e07f45474929f038637,2026-02-02T13:12:55.412340,0.050018705194246775,2026-02-02T13:12:55.759935294Z,gateUpInvocation,2026-02-02 13:12:55.769532+00:00,2026-02-02 13:12:55.769636+00:00
b1e4aec76cc0f2fa901f4c1ed7b5c09d,2026-02-02T13:08:10.581968,0.0023777405432820324,2026-02-02T13:08:09.885529583Z,bellOnAction,2026-02-02 13:08:11.911083+00:00,2026-02-02 13:08:11.911250+00:00
b1e4aec76cc0f2fa901f4c1ed7b5c09d,2026-02-02T13:08:10.581968,0.0023777405432820324,2026-02-02T13:08:09.885529583Z,bellOnAction,2026-02-02 13:08:11.909261+00:00,2026-02-02 13:08:11.909333+00:00
b1e4aec76cc0f2fa901f4c1ed7b5c09d,2026-02-02T13:08:10.581968,0.0023777405432820324,2026-02-02T13:08:09.885529583Z,lightOnAction,2026-02-02 13:08:11.904258+00:00,2026-02-02 13:08:11.904345+00:00
b1e4aec76cc0f2fa901f4c1ed7b5c09d,2026-02-02T13:08:10.581968,0.0023777405432820324,2026-02-02T13:08:09.885529583Z,lightOnInvocation,2026-02-02 13:08:09.902066+00:00,2026-02-02 13:08:09.902290+00:00
b1e4aec76cc0f2fa901f4c1ed7b5c09d,2026-02-02T13:08:10.581968,0.0023777405432820324,2026-02-02T13:08:09.885529583Z,gateDownInvocation,2026-02-02 13:08:09.900117+00:00,2026-02-02 13:08:09.900963+00:00
b1e4aec76cc0f2fa901f4c1ed7b5c09d,2026-02-02T13:08:10.581968,0.0023777405432820324,2026-02-02T13:08:09.885529583Z,gateDownInvocation,2026-02-02 13:08:09.903028+00:00,2026-02-02 13:08:09.903376+00:00
b1e4aec76cc0f2fa901f4c1ed7b5c09d,2026-02-02T13:08:10.581968,0.0023777405432820324,2026-02-02T13:08:09.885529583Z,lightOnAction,2026-02-02 13:08:11.901492+00:00,2026-02-02 13:08:11.901591+00:00
b1e4aec76cc0f2fa901f4c1ed7b5c09d,2026-02-02T13:08:10.581968,0.0023777405432820324,2026-02-02T13:08:09.885529583Z,lightOnInvocation,2026-02-02 13:08:09.900642+00:00,2026-02-02 13:08:09.900905+00:00
b1e4aec76cc0f2fa901f4c1ed7b5c09d,2026-02-02T13:08:10.581968,0.0023777405432820324,2026-02-02T13:08:09.885529583Z,bellOnInvocation,2026-02-02 13:08:09.908201+00:00,2026-02-02 13:08:09.908318+00:00
b1e4aec76cc0f2fa901f4c1ed7b5c09d,2026-02-02T13:08:10.581968,0.0023777405432820324,2026-02-02T13:08:09.885529583Z,bellOnInvocation,2026-02-02 13:08:09.909872+00:00,2026-02-02 13:08:09.909947+00:00
b1e4aec76cc0f2fa901f4c1ed7b5c09d,2026-02-02T13:08:10.581968,0.0023777405432820324,2026-02-02T13:08:09.885529583Z,gateDownAction,2026-02-02 13:08:11.902508+00:00,2026-02-02 13:08:11.902595+00:00
b1e4aec76cc0f2fa901f4c1ed7b5c09d,2026-02-02T13:08:10.581968,0.0023777405432820324,2026-02-02T13:08:09.885529583Z,gateDownAction,2026-02-02 13:08:11.905520+00:00,2026-02-02 13:08:11.905636+00:00
3d14c0dcb76b6335645d85f29439c706,2026-02-02T13:16:45.374573,0.088337334354496,2026-02-02T13:16:45.694719391Z,bellOffInvocation,2026-02-02 13:16:45.705081+00:00,2026-02-02 13:16:45.705159+00:00
3d14c0dcb76b6335645d85f29439c706,2026-02-02T13:16:45.374573,0.088337334354496,2026-02-02T13:16:45.694719391Z,gateUpInvocation,2026-02-02 13:16:45.700708+00:00,2026-02-02 13:16:45.700808+00:00
3d14c0dcb76b6335645d85f29439c706,2026-02-02T13:16:45.374573,0.088337334354496,2026-02-02T13:16:45.694719391Z,gateUpInvocation,2026-02-02 13:16:45.701167+00:00,2026-02-02 13:16:45.701294+00:00
3d14c0dcb76b6335645d85f29439c706,2026-02-02T13:16:45.374573,0.088337334354496,2026-02-02T13:16:45.694719391Z,lightOffInvocation,2026-02-02 13:16:45.701155+00:00,2026-02-02 13:16:45.701251+00:00
3d14c0dcb76b6335645d85f29439c706,2026-02-02T13:16:45.374573,0.088337334354496,2026-02-02T13:16:45.694719391Z,lightOffInvocation,2026-02-02 13:16:45.700746+00:00,2026-02-02 13:16:45.700869+00:00
3d14c0dcb76b6335645d85f29439c706,2026-02-02T13:16:45.374573,0.088337334354496,2026-02-02T13:16:45.694719391Z,bellOffInvocation,2026-02-02 13:16:45.703671+00:00,2026-02-02 13:16:45.703807+00:00
1516b3ec93b91c43ab3c4086f17f886b,2026-02-02T13:16:53.998718,0.08978139740337134,2026-02-02T13:16:54.359907592Z,lightOffInvocation,2026-02-02 13:16:54.364470+00:00,2026-02-02 13:16:54.364550+00:00
1516b3ec93b91c43ab3c4086f17f886b,2026-02-02T13:16:53.998718,0.08978139740337134,2026-02-02T13:16:54.359907592Z,gateUpInvocation,2026-02-02 13:16:54.365491+00:00,2026-02-02 13:16:54.365580+00:00
1516b3ec93b91c43ab3c4086f17f886b,2026-02-02T13:16:53.998718,0.08978139740337134,2026-02-02T13:16:54.359907592Z,gateUpInvocation,2026-02-02 13:16:54.364487+00:00,2026-02-02 13:16:54.364568+00:00
1516b3ec93b91c43ab3c4086f17f886b,2026-02-02T13:16:53.998718,0.08978139740337134,2026-02-02T13:16:54.359907592Z,bellOffInvocation,2026-02-02 13:16:54.367101+00:00,2026-02-02 13:16:54.367141+00:00
1516b3ec93b91c43ab3c4086f17f886b,2026-02-02T13:16:53.998718,0.08978139740337134,2026-02-02T13:16:54.359907592Z,bellOffInvocation,2026-02-02 13:16:54.365860+00:00,2026-02-02 13:16:54.365973+00:00
1516b3ec93b91c43ab3c4086f17f886b,2026-02-02T13:16:53.998718,0.08978139740337134,2026-02-02T13:16:54.359907592Z,lightOffInvocation,2026-02-02 13:16:54.364475+00:00,2026-02-02 13:16:54.364563+00:00
5a134e1d77e777ce39208a4a9b11a5d8,2026-02-02T13:14:13.447814,0.06301684007952213,2026-02-02T13:14:13.756448184Z,gateUpInvocation,2026-02-02 13:14:13.760522+00:00,2026-02-02 13:14:13.760581+00:00
5a134e1d77e777ce39208a4a9b11a5d8,2026-02-02T13:14:13.447814,0.06301684007952213,2026-02-02T13:14:13.756448184Z,lightOffInvocation,2026-02-02 13:14:13.760450+00:00,2026-02-02 13:14:13.760495+00:00
5a134e1d77e777ce39208a4a9b11a5d8,2026-02-02T13:14:13.447814,0.06301684007952213,2026-02-02T13:14:13.756448184Z,bellOffInvocation,2026-02-02 13:14:13.761403+00:00,2026-02-02 13:14:13.761436+00:00
5a134e1d77e777ce39208a4a9b11a5d8,2026-02-02T13:14:13.447814,0.06301684007952213,2026-02-02T13:14:13.756448184Z,gateUpInvocation,2026-02-02 13:14:13.759783+00:00,2026-02-02 13:14:13.759835+00:00
5a134e1d77e777ce39208a4a9b11a5d8,2026-02-02T13:14:13.447814,0.06301684007952213,2026-02-02T13:14:13.756448184Z,lightOffInvocation,2026-02-02 13:14:13.759793+00:00,2026-02-02 13:14:13.759851+00:00
5a134e1d77e777ce39208a4a9b11a5d8,2026-02-02T13:14:13.447814,0.06301684007952213,2026-02-02T13:14:13.756448184Z,bellOffInvocation,2026-02-02 13:14:13.761131+00:00,2026-02-02 13:14:13.761171+00:00
3d3cafd045c1f98b7e1643dc6c289b92,2026-02-02T13:14:30.758516,0.06574003647342921,2026-02-02T13:14:30.097776382Z,gateDownAction,2026-02-02 13:14:32.112205+00:00,2026-02-02 13:14:32.112323+00:00
3d3cafd045c1f98b7e1643dc6c289b92,2026-02-02T13:14:30.758516,0.06574003647342921,2026-02-02T13:14:30.097776382Z,gateDownInvocation,2026-02-02 13:14:30.110963+00:00,2026-02-02 13:14:30.111108+00:00
3d3cafd045c1f98b7e1643dc6c289b92,2026-02-02T13:14:30.758516,0.06574003647342921,2026-02-02T13:14:30.097776382Z,gateDownAction,2026-02-02 13:14:32.122359+00:00,2026-02-02 13:14:32.122437+00:00
3d3cafd045c1f98b7e1643dc6c289b92,2026-02-02T13:14:30.758516,0.06574003647342921,2026-02-02T13:14:30.097776382Z,lightOnAction,2026-02-02 13:14:32.112306+00:00,2026-02-02 13:14:32.112395+00:00
3d3cafd045c1f98b7e1643dc6c289b92,2026-02-02T13:14:30.758516,0.06574003647342921,2026-02-02T13:14:30.097776382Z,bellOnAction,2026-02-02 13:14:32.115740+00:00,2026-02-02 13:14:32.115837+00:00
3d3cafd045c1f98b7e1643dc6c289b92,2026-02-02T13:14:30.758516,0.06574003647342921,2026-02-02T13:14:30.097776382Z,lightOnInvocation,2026-02-02 13:14:30.110984+00:00,2026-02-02 13:14:30.111086+00:00
3d3cafd045c1f98b7e1643dc6c289b92,2026-02-02T13:14:30.758516,0.06574003647342921,2026-02-02T13:14:30.097776382Z,lightOnAction,2026-02-02 13:14:32.117179+00:00,2026-02-02 13:14:32.117273+00:00
3d3cafd045c1f98b7e1643dc6c289b92,2026-02-02T13:14:30.758516,0.06574003647342921,2026-02-02T13:14:30.097776382Z,gateDownInvocation,2026-02-02 13:14:30.120540+00:00,2026-02-02 13:14:30.120754+00:00
3d3cafd045c1f98b7e1643dc6c289b92,2026-02-02T13:14:30.758516,0.06574003647342921,2026-02-02T13:14:30.097776382Z,bellOnInvocation,2026-02-02 13:14:30.112270+00:00,2026-02-02 13:14:30.112451+00:00
3d3cafd045c1f98b7e1643dc6c289b92,2026-02-02T13:14:30.758516,0.06574003647342921,2026-02-02T13:14:30.097776382Z,bellOnAction,2026-02-02 13:14:32.122869+00:00,2026-02-02 13:14:32.122994+00:00
3d3cafd045c1f98b7e1643dc6c289b92,2026-02-02T13:14:30.758516,0.06574003647342921,2026-02-02T13:14:30.097776382Z,bellOnInvocation,2026-02-02 13:14:30.120879+00:00,2026-02-02 13:14:30.121163+00:00
3d3cafd045c1f98b7e1643dc6c289b92,2026-02-02T13:14:30.758516,0.06574003647342921,2026-02-02T13:14:30.097776382Z,lightOnInvocation,2026-02-02 13:14:30.114485+00:00,2026-02-02 13:14:30.114657+00:00
b7ff0e87574656cd6bc3a41b3cefb19c,2026-02-02T13:15:18.475484,0.0736951182295084,2026-02-02T13:15:17.832650868Z,bellOnInvocation,2026-02-02 13:15:17.845185+00:00,2026-02-02 13:15:17.845374+00:00
b7ff0e87574656cd6bc3a41b3cefb19c,2026-02-02T13:15:18.475484,0.0736951182295084,2026-02-02T13:15:17.832650868Z,gateDownInvocation,2026-02-02 13:15:17.840320+00:00,2026-02-02 13:15:17.840664+00:00
b7ff0e87574656cd6bc3a41b3cefb19c,2026-02-02T13:15:18.475484,0.0736951182295084,2026-02-02T13:15:17.832650868Z,bellOnAction,2026-02-02 13:15:19.847438+00:00,2026-02-02 13:15:19.847508+00:00
b7ff0e87574656cd6bc3a41b3cefb19c,2026-02-02T13:15:18.475484,0.0736951182295084,2026-02-02T13:15:17.832650868Z,lightOnInvocation,2026-02-02 13:15:17.840744+00:00,2026-02-02 13:15:17.840966+00:00
b7ff0e87574656cd6bc3a41b3cefb19c,2026-02-02T13:15:18.475484,0.0736951182295084,2026-02-02T13:15:17.832650868Z,gateDownInvocation,2026-02-02 13:15:17.840463+00:00,2026-02-02 13:15:17.841007+00:00
b7ff0e87574656cd6bc3a41b3cefb19c,2026-02-02T13:15:18.475484,0.0736951182295084,2026-02-02T13:15:17.832650868Z,gateDownAction,2026-02-02 13:15:19.842591+00:00,2026-02-02 13:15:19.842677+00:00
b7ff0e87574656cd6bc3a41b3cefb19c,2026-02-02T13:15:18.475484,0.0736951182295084,2026-02-02T13:15:17.832650868Z,bellOnAction,2026-02-02 13:15:19.845851+00:00,2026-02-02 13:15:19.845965+00:00
b7ff0e87574656cd6bc3a41b3cefb19c,2026-02-02T13:15:18.475484,0.0736951182295084,2026-02-02T13:15:17.832650868Z,lightOnInvocation,2026-02-02 13:15:17.841553+00:00,2026-02-02 13:15:17.841796+00:00
b7ff0e87574656cd6bc3a41b3cefb19c,2026-02-02T13:15:18.475484,0.0736951182295084,2026-02-02T13:15:17.832650868Z,gateDownAction,2026-02-02 13:15:19.844275+00:00,2026-02-02 13:15:19.844361+00:00
b7ff0e87574656cd6bc3a41b3cefb19c,2026-02-02T13:15:18.475484,0.0736951182295084,2026-02-02T13:15:17.832650868Z,lightOnAction,2026-02-02 13:15:19.842125+00:00,2026-02-02 13:15:19.842211+00:00
b7ff0e87574656cd6bc3a41b3cefb19c,2026-02-02T13:15:18.475484,0.0736951182295084,2026-02-02T13:15:17.832650868Z,bellOnInvocation,2026-02-02 13:15:17.846594+00:00,2026-02-02 13:15:17.846699+00:00
b7ff0e87574656cd6bc3a41b3cefb19c,2026-02-02T13:15:18.475484,0.0736951182295084,2026-02-02T13:15:17.832650868Z,lightOnAction,2026-02-02 13:15:19.842440+00:00,2026-02-02 13:15:19.842524+00:00
f1d8738e9ab5e903913e0f0b7df71b34,2026-02-02T13:10:02.583438,0.021210235546612742,2026-02-02T13:10:02.891805177Z,lightOffInvocation,2026-02-02 13:10:02.901138+00:00,2026-02-02 13:10:02.901250+00:00
f1d8738e9ab5e903913e0f0b7df71b34,2026-02-02T13:10:02.583438,0.021210235546612742,2026-02-02T13:10:02.891805177Z,gateUpInvocation,2026-02-02 13:10:02.903021+00:00,2026-02-02 13:10:02.903156+00:00
f1d8738e9ab5e903913e0f0b7df71b34,2026-02-02T13:10:02.583438,0.021210235546612742,2026-02-02T13:10:02.891805177Z,lightOffInvocation,2026-02-02 13:10:02.899363+00:00,2026-02-02 13:10:02.899502+00:00
f1d8738e9ab5e903913e0f0b7df71b34,2026-02-02T13:10:02.583438,0.021210235546612742,2026-02-02T13:10:02.891805177Z,bellOffInvocation,2026-02-02 13:10:02.905995+00:00,2026-02-02 13:10:02.906078+00:00
f1d8738e9ab5e903913e0f0b7df71b34,2026-02-02T13:10:02.583438,0.021210235546612742,2026-02-02T13:10:02.891805177Z,gateUpInvocation,2026-02-02 13:10:02.899292+00:00,2026-02-02 13:10:02.900966+00:00
f1d8738e9ab5e903913e0f0b7df71b34,2026-02-02T13:10:02.583438,0.021210235546612742,2026-02-02T13:10:02.891805177Z,bellOffInvocation,2026-02-02 13:10:02.905726+00:00,2026-02-02 13:10:02.905800+00:00
2d4bc46dbd6a050ee5f19bbce6f9114c,2026-02-02T13:08:06.279379,0.0018269974851131442,2026-02-02T13:08:06.580737593Z,bellOffInvocation,2026-02-02 13:08:06.594727+00:00,2026-02-02 13:08:06.594775+00:00
2d4bc46dbd6a050ee5f19bbce6f9114c,2026-02-02T13:08:06.279379,0.0018269974851131442,2026-02-02T13:08:06.580737593Z,gateUpInvocation,2026-02-02 13:08:06.591033+00:00,2026-02-02 13:08:06.591103+00:00
2d4bc46dbd6a050ee5f19bbce6f9114c,2026-02-02T13:08:06.279379,0.0018269974851131442,2026-02-02T13:08:06.580737593Z,bellOffInvocation,2026-02-02 13:08:06.592248+00:00,2026-02-02 13:08:06.592321+00:00
2d4bc46dbd6a050ee5f19bbce6f9114c,2026-02-02T13:08:06.279379,0.0018269974851131442,2026-02-02T13:08:06.580737593Z,lightOffInvocation,2026-02-02 13:08:06.590855+00:00,2026-02-02 13:08:06.590935+00:00
2d4bc46dbd6a050ee5f19bbce6f9114c,2026-02-02T13:08:06.279379,0.0018269974851131442,2026-02-02T13:08:06.580737593Z,gateUpInvocation,2026-02-02 13:08:06.589265+00:00,2026-02-02 13:08:06.589344+00:00
2d4bc46dbd6a050ee5f19bbce6f9114c,2026-02-02T13:08:06.279379,0.0018269974851131442,2026-02-02T13:08:06.580737593Z,lightOffInvocation,2026-02-02 13:08:06.589191+00:00,2026-02-02 13:08:06.589262+00:00
d58fab054f53301607047801dd624f68,2026-02-02T13:17:11.390209,0.09267907486573458,2026-02-02T13:17:11.747645379Z,gateUpInvocation,2026-02-02 13:17:11.750115+00:00,2026-02-02 13:17:11.750168+00:00
d58fab054f53301607047801dd624f68,2026-02-02T13:17:11.390209,0.09267907486573458,2026-02-02T13:17:11.747645379Z,gateUpInvocation,2026-02-02 13:17:11.750914+00:00,2026-02-02 13:17:11.751015+00:00
d58fab054f53301607047801dd624f68,2026-02-02T13:17:11.390209,0.09267907486573458,2026-02-02T13:17:11.747645379Z,bellOffInvocation,2026-02-02 13:17:11.750278+00:00,2026-02-02 13:17:11.750313+00:00
d58fab054f53301607047801dd624f68,2026-02-02T13:17:11.390209,0.09267907486573458,2026-02-02T13:17:11.747645379Z,lightOffInvocation,2026-02-02 13:17:11.750246+00:00,2026-02-02 13:17:11.750282+00:00
d58fab054f53301607047801dd624f68,2026-02-02T13:17:11.390209,0.09267907486573458,2026-02-02T13:17:11.747645379Z,lightOffInvocation,2026-02-02 13:17:11.750304+00:00,2026-02-02 13:17:11.750350+00:00
d58fab054f53301607047801dd624f68,2026-02-02T13:17:11.390209,0.09267907486573458,2026-02-02T13:17:11.747645379Z,bellOffInvocation,2026-02-02 13:17:11.752214+00:00,2026-02-02 13:17:11.752242+00:00
955e9659ee29f50cc6fa716382e9144b,2026-02-02T13:13:12.737890,0.05290217647582293,2026-02-02T13:13:13.062548236Z,bellOffInvocation,2026-02-02 13:13:13.073627+00:00,2026-02-02 13:13:13.073730+00:00
955e9659ee29f50cc6fa716382e9144b,2026-02-02T13:13:12.737890,0.05290217647582293,2026-02-02T13:13:13.062548236Z,gateUpInvocation,2026-02-02 13:13:13.069446+00:00,2026-02-02 13:13:13.069593+00:00
955e9659ee29f50cc6fa716382e9144b,2026-02-02T13:13:12.737890,0.05290217647582293,2026-02-02T13:13:13.062548236Z,gateUpInvocation,2026-02-02 13:13:13.070860+00:00,2026-02-02 13:13:13.071026+00:00
955e9659ee29f50cc6fa716382e9144b,2026-02-02T13:13:12.737890,0.05290217647582293,2026-02-02T13:13:13.062548236Z,lightOffInvocation,2026-02-02 13:13:13.069354+00:00,2026-02-02 13:13:13.069521+00:00
955e9659ee29f50cc6fa716382e9144b,2026-02-02T13:13:12.737890,0.05290217647582293,2026-02-02T13:13:13.062548236Z,lightOffInvocation,2026-02-02 13:13:13.070781+00:00,2026-02-02 13:13:13.070990+00:00
955e9659ee29f50cc6fa716382e9144b,2026-02-02T13:13:12.737890,0.05290217647582293,2026-02-02T13:13:13.062548236Z,bellOffInvocation,2026-02-02 13:13:13.071826+00:00,2026-02-02 13:13:13.071988+00:00
07872e123f3a167ba8eeab2fef55f61e,2026-02-02T13:09:41.011714,0.017614803189885616,2026-02-02T13:09:41.317114686Z,bellOffInvocation,2026-02-02 13:09:41.334992+00:00,2026-02-02 13:09:41.335095+00:00
07872e123f3a167ba8eeab2fef55f61e,2026-02-02T13:09:41.011714,0.017614803189885616,2026-02-02T13:09:41.317114686Z,lightOffInvocation,2026-02-02 13:09:41.326720+00:00,2026-02-02 13:09:41.326859+00:00
07872e123f3a167ba8eeab2fef55f61e,2026-02-02T13:09:41.011714,0.017614803189885616,2026-02-02T13:09:41.317114686Z,bellOffInvocation,2026-02-02 13:09:41.331640+00:00,2026-02-02 13:09:41.331772+00:00
07872e123f3a167ba8eeab2fef55f61e,2026-02-02T13:09:41.011714,0.017614803189885616,2026-02-02T13:09:41.317114686Z,gateUpInvocation,2026-02-02 13:09:41.329391+00:00,2026-02-02 13:09:41.329545+00:00
07872e123f3a167ba8eeab2fef55f61e,2026-02-02T13:09:41.011714,0.017614803189885616,2026-02-02T13:09:41.317114686Z,gateUpInvocation,2026-02-02 13:09:41.326711+00:00,2026-02-02 13:09:41.326859+00:00
07872e123f3a167ba8eeab2fef55f61e,2026-02-02T13:09:41.011714,0.017614803189885616,2026-02-02T13:09:41.317114686Z,lightOffInvocation,2026-02-02 13:09:41.331366+00:00,2026-02-02 13:09:41.331508+00:00
90de51ebd04971a9e57afa38e456d5c5,2026-02-02T13:15:48.945348,0.07877375153484345,2026-02-02T13:15:48.307545081Z,bellOnInvocation,2026-02-02 13:15:48.316691+00:00,2026-02-02 13:15:48.316747+00:00
90de51ebd04971a9e57afa38e456d5c5,2026-02-02T13:15:48.945348,0.07877375153484345,2026-02-02T13:15:48.307545081Z,lightOnInvocation,2026-02-02 13:15:48.314821+00:00,2026-02-02 13:15:48.314909+00:00
90de51ebd04971a9e57afa38e456d5c5,2026-02-02T13:15:48.945348,0.07877375153484345,2026-02-02T13:15:48.307545081Z,gateDownInvocation,2026-02-02 13:15:48.314141+00:00,2026-02-02 13:15:48.314431+00:00
90de51ebd04971a9e57afa38e456d5c5,2026-02-02T13:15:48.945348,0.07877375153484345,2026-02-02T13:15:48.307545081Z,bellOnAction,2026-02-02 13:15:50.316579+00:00,2026-02-02 13:15:50.316626+00:00
90de51ebd04971a9e57afa38e456d5c5,2026-02-02T13:15:48.945348,0.07877375153484345,2026-02-02T13:15:48.307545081Z,lightOnInvocation,2026-02-02 13:15:48.314135+00:00,2026-02-02 13:15:48.314322+00:00
90de51ebd04971a9e57afa38e456d5c5,2026-02-02T13:15:48.945348,0.07877375153484345,2026-02-02T13:15:48.307545081Z,bellOnAction,2026-02-02 13:15:50.316299+00:00,2026-02-02 13:15:50.316362+00:00
90de51ebd04971a9e57afa38e456d5c5,2026-02-02T13:15:48.945348,0.07877375153484345,2026-02-02T13:15:48.307545081Z,gateDownAction,2026-02-02 13:15:50.315891+00:00,2026-02-02 13:15:50.316017+00:00
90de51ebd04971a9e57afa38e456d5c5,2026-02-02T13:15:48.945348,0.07877375153484345,2026-02-02T13:15:48.307545081Z,gateDownAction,2026-02-02 13:15:50.315825+00:00,2026-02-02 13:15:50.315917+00:00
90de51ebd04971a9e57afa38e456d5c5,2026-02-02T13:15:48.945348,0.07877375153484345,2026-02-02T13:15:48.307545081Z,lightOnAction,2026-02-02 13:15:50.315478+00:00,2026-02-02 13:15:50.315582+00:00
90de51ebd04971a9e57afa38e456d5c5,2026-02-02T13:15:48.945348,0.07877375153484345,2026-02-02T13:15:48.307545081Z,lightOnAction,2026-02-02 13:15:50.315311+00:00,2026-02-02 13:15:50.315451+00:00
90de51ebd04971a9e57afa38e456d5c5,2026-02-02T13:15:48.945348,0.07877375153484345,2026-02-02T13:15:48.307545081Z,gateDownInvocation,2026-02-02 13:15:48.314741+00:00,2026-02-02 13:15:48.314908+00:00
90de51ebd04971a9e57afa38e456d5c5,2026-02-02T13:15:48.945348,0.07877375153484345,2026-02-02T13:15:48.307545081Z,bellOnInvocation,2026-02-02 13:15:48.316082+00:00,2026-02-02 13:15:48.316171+00:00
3e39d3e2932bfdb23790a150f4b19f9b,2026-02-02T13:10:24.154265,0.02464114080847502,2026-02-02T13:10:23.479371626Z,bellOnAction,2026-02-02 13:10:25.497276+00:00,2026-02-02 13:10:25.497351+00:00
3e39d3e2932bfdb23790a150f4b19f9b,2026-02-02T13:10:24.154265,0.02464114080847502,2026-02-02T13:10:23.479371626Z,gateDownAction,2026-02-02 13:10:25.489598+00:00,2026-02-02 13:10:25.489701+00:00
3e39d3e2932bfdb23790a150f4b19f9b,2026-02-02T13:10:24.154265,0.02464114080847502,2026-02-02T13:10:23.479371626Z,gateDownInvocation,2026-02-02 13:10:23.488189+00:00,2026-02-02 13:10:23.488390+00:00
3e39d3e2932bfdb23790a150f4b19f9b,2026-02-02T13:10:24.154265,0.02464114080847502,2026-02-02T13:10:23.479371626Z,lightOnAction,2026-02-02 13:10:25.489785+00:00,2026-02-02 13:10:25.489950+00:00
3e39d3e2932bfdb23790a150f4b19f9b,2026-02-02T13:10:24.154265,0.02464114080847502,2026-02-02T13:10:23.479371626Z,bellOnInvocation,2026-02-02 13:10:23.492464+00:00,2026-02-02 13:10:23.492655+00:00
3e39d3e2932bfdb23790a150f4b19f9b,2026-02-02T13:10:24.154265,0.02464114080847502,2026-02-02T13:10:23.479371626Z,lightOnInvocation,2026-02-02 13:10:23.488502+00:00,2026-02-02 13:10:23.488698+00:00
3e39d3e2932bfdb23790a150f4b19f9b,2026-02-02T13:10:24.154265,0.02464114080847502,2026-02-02T13:10:23.479371626Z,bellOnAction,2026-02-02 13:10:25.493811+00:00,2026-02-02 13:10:25.493880+00:00
3e39d3e2932bfdb23790a150f4b19f9b,2026-02-02T13:10:24.154265,0.02464114080847502,2026-02-02T13:10:23.479371626Z,gateDownAction,2026-02-02 13:10:25.490189+00:00,2026-02-02 13:10:25.490297+00:00
3e39d3e2932bfdb23790a150f4b19f9b,2026-02-02T13:10:24.154265,0.02464114080847502,2026-02-02T13:10:23.479371626Z,lightOnInvocation,2026-02-02 13:10:23.489288+00:00,2026-02-02 13:10:23.489483+00:00
3e39d3e2932bfdb23790a150f4b19f9b,2026-02-02T13:10:24.154265,0.02464114080847502,2026-02-02T13:10:23.479371626Z,gateDownInvocation,2026-02-02 13:10:23.488091+00:00,2026-02-02 13:10:23.488316+00:00
3e39d3e2932bfdb23790a150f4b19f9b,2026-02-02T13:10:24.154265,0.02464114080847502,2026-02-02T13:10:23.479371626Z,lightOnAction,2026-02-02 13:10:25.492242+00:00,2026-02-02 13:10:25.492328+00:00
3e39d3e2932bfdb23790a150f4b19f9b,2026-02-02T13:10:24.154265,0.02464114080847502,2026-02-02T13:10:23.479371626Z,bellOnInvocation,2026-02-02 13:10:23.495375+00:00,2026-02-02 13:10:23.495506+00:00
7591c2dca83076683c801dd9c6025e9a,2026-02-02T13:17:02.664178,0.09106119130048752,2026-02-02T13:17:02.039526371Z,bellOnAction,2026-02-02 13:17:04.049882+00:00,2026-02-02 13:17:04.050030+00:00
7591c2dca83076683c801dd9c6025e9a,2026-02-02T13:17:02.664178,0.09106119130048752,2026-02-02T13:17:02.039526371Z,lightOnInvocation,2026-02-02 13:17:02.046457+00:00,2026-02-02 13:17:02.046601+00:00
7591c2dca83076683c801dd9c6025e9a,2026-02-02T13:17:02.664178,0.09106119130048752,2026-02-02T13:17:02.039526371Z,lightOnAction,2026-02-02 13:17:04.047392+00:00,2026-02-02 13:17:04.047478+00:00
7591c2dca83076683c801dd9c6025e9a,2026-02-02T13:17:02.664178,0.09106119130048752,2026-02-02T13:17:02.039526371Z,lightOnAction,2026-02-02 13:17:04.047973+00:00,2026-02-02 13:17:04.048091+00:00
7591c2dca83076683c801dd9c6025e9a,2026-02-02T13:17:02.664178,0.09106119130048752,2026-02-02T13:17:02.039526371Z,bellOnAction,2026-02-02 13:17:04.051546+00:00,2026-02-02 13:17:04.051612+00:00
7591c2dca83076683c801dd9c6025e9a,2026-02-02T13:17:02.664178,0.09106119130048752,2026-02-02T13:17:02.039526371Z,gateDownInvocation,2026-02-02 13:17:02.045942+00:00,2026-02-02 13:17:02.046216+00:00
7591c2dca83076683c801dd9c6025e9a,2026-02-02T13:17:02.664178,0.09106119130048752,2026-02-02T13:17:02.039526371Z,lightOnInvocation,2026-02-02 13:17:02.046015+00:00,2026-02-02 13:17:02.046231+00:00
7591c2dca83076683c801dd9c6025e9a,2026-02-02T13:17:02.664178,0.09106119130048752,2026-02-02T13:17:02.039526371Z,gateDownAction,2026-02-02 13:17:04.047585+00:00,2026-02-02 13:17:04.047673+00:00
7591c2dca83076683c801dd9c6025e9a,2026-02-02T13:17:02.664178,0.09106119130048752,2026-02-02T13:17:02.039526371Z,bellOnInvocation,2026-02-02 13:17:02.049016+00:00,2026-02-02 13:17:02.049190+00:00
7591c2dca83076683c801dd9c6025e9a,2026-02-02T13:17:02.664178,0.09106119130048752,2026-02-02T13:17:02.039526371Z,gateDownAction,2026-02-02 13:17:04.048216+00:00,2026-02-02 13:17:04.048338+00:00
7591c2dca83076683c801dd9c6025e9a,2026-02-02T13:17:02.664178,0.09106119130048752,2026-02-02T13:17:02.039526371Z,bellOnInvocation,2026-02-02 13:17:02.050504+00:00,2026-02-02 13:17:02.050642+00:00
7591c2dca83076683c801dd9c6025e9a,2026-02-02T13:17:02.664178,0.09106119130048752,2026-02-02T13:17:02.039526371Z,gateDownInvocation,2026-02-02 13:17:02.046328+00:00,2026-02-02 13:17:02.046624+00:00
8f709c90fdae98b52c0f2638aeee6202,2026-02-02T13:09:45.326957,0.018335724331235887,2026-02-02T13:09:45.643012705Z,bellOffInvocation,2026-02-02 13:09:45.653222+00:00,2026-02-02 13:09:45.653265+00:00
8f709c90fdae98b52c0f2638aeee6202,2026-02-02T13:09:45.326957,0.018335724331235887,2026-02-02T13:09:45.643012705Z,gateUpInvocation,2026-02-02 13:09:45.650578+00:00,2026-02-02 13:09:45.650617+00:00
8f709c90fdae98b52c0f2638aeee6202,2026-02-02T13:09:45.326957,0.018335724331235887,2026-02-02T13:09:45.643012705Z,lightOffInvocation,2026-02-02 13:09:45.650642+00:00,2026-02-02 13:09:45.650695+00:00
8f709c90fdae98b52c0f2638aeee6202,2026-02-02T13:09:45.326957,0.018335724331235887,2026-02-02T13:09:45.643012705Z,lightOffInvocation,2026-02-02 13:09:45.651729+00:00,2026-02-02 13:09:45.651764+00:00
8f709c90fdae98b52c0f2638aeee6202,2026-02-02T13:09:45.326957,0.018335724331235887,2026-02-02T13:09:45.643012705Z,gateUpInvocation,2026-02-02 13:09:45.651687+00:00,2026-02-02 13:09:45.651739+00:00
8f709c90fdae98b52c0f2638aeee6202,2026-02-02T13:09:45.326957,0.018335724331235887,2026-02-02T13:09:45.643012705Z,bellOffInvocation,2026-02-02 13:09:45.652477+00:00,2026-02-02 13:09:45.652505+00:00
4e4380d36718dddda957a189b5b4963e,2026-02-02T13:17:37.551789,0.0970374821490407,2026-02-02T13:17:37.900830662Z,bellOffInvocation,2026-02-02 13:17:37.905610+00:00,2026-02-02 13:17:37.905631+00:00
4e4380d36718dddda957a189b5b4963e,2026-02-02T13:17:37.551789,0.0970374821490407,2026-02-02T13:17:37.900830662Z,lightOffInvocation,2026-02-02 13:17:37.904644+00:00,2026-02-02 13:17:37.904688+00:00
4e4380d36718dddda957a189b5b4963e,2026-02-02T13:17:37.551789,0.0970374821490407,2026-02-02T13:17:37.900830662Z,lightOffInvocation,2026-02-02 13:17:37.904859+00:00,2026-02-02 13:17:37.904918+00:00
4e4380d36718dddda957a189b5b4963e,2026-02-02T13:17:37.551789,0.0970374821490407,2026-02-02T13:17:37.900830662Z,gateUpInvocation,2026-02-02 13:17:37.904522+00:00,2026-02-02 13:17:37.904568+00:00
4e4380d36718dddda957a189b5b4963e,2026-02-02T13:17:37.551789,0.0970374821490407,2026-02-02T13:17:37.900830662Z,bellOffInvocation,2026-02-02 13:17:37.905251+00:00,2026-02-02 13:17:37.905286+00:00
4e4380d36718dddda957a189b5b4963e,2026-02-02T13:17:37.551789,0.0970374821490407,2026-02-02T13:17:37.900830662Z,gateUpInvocation,2026-02-02 13:17:37.904706+00:00,2026-02-02 13:17:37.904750+00:00
199f33ed2ca82a5ff5df5d49f10066fd,2026-02-02T13:14:22.105193,0.06446911252930165,2026-02-02T13:14:22.471335242Z,bellOffInvocation,2026-02-02 13:14:22.480703+00:00,2026-02-02 13:14:22.480776+00:00
199f33ed2ca82a5ff5df5d49f10066fd,2026-02-02T13:14:22.105193,0.06446911252930165,2026-02-02T13:14:22.471335242Z,gateUpInvocation,2026-02-02 13:14:22.478284+00:00,2026-02-02 13:14:22.478499+00:00
199f33ed2ca82a5ff5df5d49f10066fd,2026-02-02T13:14:22.105193,0.06446911252930165,2026-02-02T13:14:22.471335242Z,lightOffInvocation,2026-02-02 13:14:22.479565+00:00,2026-02-02 13:14:22.479662+00:00
199f33ed2ca82a5ff5df5d49f10066fd,2026-02-02T13:14:22.105193,0.06446911252930165,2026-02-02T13:14:22.471335242Z,bellOffInvocation,2026-02-02 13:14:22.481475+00:00,2026-02-02 13:14:22.481570+00:00
199f33ed2ca82a5ff5df5d49f10066fd,2026-02-02T13:14:22.105193,0.06446911252930165,2026-02-02T13:14:22.471335242Z,gateUpInvocation,2026-02-02 13:14:22.478802+00:00,2026-02-02 13:14:22.478910+00:00
199f33ed2ca82a5ff5df5d49f10066fd,2026-02-02T13:14:22.105193,0.06446911252930165,2026-02-02T13:14:22.471335242Z,lightOffInvocation,2026-02-02 13:14:22.478994+00:00,2026-02-02 13:14:22.479097+00:00
e988fdfe071c1caea657de4e5a63a51f,2026-02-02T13:15:53.276360,0.07949803559155465,2026-02-02T13:15:52.653874844Z,bellOnAction,2026-02-02 13:15:54.668429+00:00,2026-02-02 13:15:54.668459+00:00
e988fdfe071c1caea657de4e5a63a51f,2026-02-02T13:15:53.276360,0.07949803559155465,2026-02-02T13:15:52.653874844Z,lightOnInvocation,2026-02-02 13:15:52.662272+00:00,2026-02-02 13:15:52.662590+00:00
e988fdfe071c1caea657de4e5a63a51f,2026-02-02T13:15:53.276360,0.07949803559155465,2026-02-02T13:15:52.653874844Z,lightOnAction,2026-02-02 13:15:54.663937+00:00,2026-02-02 13:15:54.663973+00:00
e988fdfe071c1caea657de4e5a63a51f,2026-02-02T13:15:53.276360,0.07949803559155465,2026-02-02T13:15:52.653874844Z,lightOnAction,2026-02-02 13:15:54.663848+00:00,2026-02-02 13:15:54.663899+00:00
e988fdfe071c1caea657de4e5a63a51f,2026-02-02T13:15:53.276360,0.07949803559155465,2026-02-02T13:15:52.653874844Z,gateDownAction,2026-02-02 13:15:54.664143+00:00,2026-02-02 13:15:54.664187+00:00
e988fdfe071c1caea657de4e5a63a51f,2026-02-02T13:15:53.276360,0.07949803559155465,2026-02-02T13:15:52.653874844Z,bellOnInvocation,2026-02-02 13:15:52.664841+00:00,2026-02-02 13:15:52.665097+00:00
e988fdfe071c1caea657de4e5a63a51f,2026-02-02T13:15:53.276360,0.07949803559155465,2026-02-02T13:15:52.653874844Z,bellOnAction,2026-02-02 13:15:54.667136+00:00,2026-02-02 13:15:54.667176+00:00
e988fdfe071c1caea657de4e5a63a51f,2026-02-02T13:15:53.276360,0.07949803559155465,2026-02-02T13:15:52.653874844Z,bellOnInvocation,2026-02-02 13:15:52.668242+00:00,2026-02-02 13:15:52.668362+00:00
e988fdfe071c1caea657de4e5a63a51f,2026-02-02T13:15:53.276360,0.07949803559155465,2026-02-02T13:15:52.653874844Z,gateDownInvocation,2026-02-02 13:15:52.661785+00:00,2026-02-02 13:15:52.662244+00:00
e988fdfe071c1caea657de4e5a63a51f,2026-02-02T13:15:53.276360,0.07949803559155465,2026-02-02T13:15:52.653874844Z,gateDownAction,2026-02-02 13:15:54.663576+00:00,2026-02-02 13:15:54.663613+00:00
e988fdfe071c1caea657de4e5a63a51f,2026-02-02T13:15:53.276360,0.07949803559155465,2026-02-02T13:15:52.653874844Z,gateDownInvocation,2026-02-02 13:15:52.661696+00:00,2026-02-02 13:15:52.662169+00:00
e988fdfe071c1caea657de4e5a63a51f,2026-02-02T13:15:53.276360,0.07949803559155465,2026-02-02T13:15:52.653874844Z,lightOnInvocation,2026-02-02 13:15:52.661379+00:00,2026-02-02 13:15:52.661733+00:00
2e080862efd5580ce1ad847aab9b1006,2026-02-02T13:09:19.477012,0.01402599923989773,2026-02-02T13:09:19.782106381Z,gateUpInvocation,2026-02-02 13:09:19.791335+00:00,2026-02-02 13:09:19.791958+00:00
2e080862efd5580ce1ad847aab9b1006,2026-02-02T13:09:19.477012,0.01402599923989773,2026-02-02T13:09:19.782106381Z,lightOffInvocation,2026-02-02 13:09:19.793151+00:00,2026-02-02 13:09:19.793304+00:00
2e080862efd5580ce1ad847aab9b1006,2026-02-02T13:09:19.477012,0.01402599923989773,2026-02-02T13:09:19.782106381Z,gateUpInvocation,2026-02-02 13:09:19.796258+00:00,2026-02-02 13:09:19.796402+00:00
2e080862efd5580ce1ad847aab9b1006,2026-02-02T13:09:19.477012,0.01402599923989773,2026-02-02T13:09:19.782106381Z,bellOffInvocation,2026-02-02 13:09:19.797511+00:00,2026-02-02 13:09:19.797641+00:00
2e080862efd5580ce1ad847aab9b1006,2026-02-02T13:09:19.477012,0.01402599923989773,2026-02-02T13:09:19.782106381Z,bellOffInvocation,2026-02-02 13:09:19.795389+00:00,2026-02-02 13:09:19.795520+00:00
2e080862efd5580ce1ad847aab9b1006,2026-02-02T13:09:19.477012,0.01402599923989773,2026-02-02T13:09:19.782106381Z,lightOffInvocation,2026-02-02 13:09:19.791655+00:00,2026-02-02 13:09:19.791963+00:00
6351acef98cf1916543d175692877403,2026-02-02T13:09:10.853560,0.012423162395548821,2026-02-02T13:09:10.164123474Z,bellOnAction,2026-02-02 13:09:12.180641+00:00,2026-02-02 13:09:12.180711+00:00
6351acef98cf1916543d175692877403,2026-02-02T13:09:10.853560,0.012423162395548821,2026-02-02T13:09:10.164123474Z,bellOnInvocation,2026-02-02 13:09:10.180995+00:00,2026-02-02 13:09:10.181082+00:00
6351acef98cf1916543d175692877403,2026-02-02T13:09:10.853560,0.012423162395548821,2026-02-02T13:09:10.164123474Z,lightOnInvocation,2026-02-02 13:09:10.173124+00:00,2026-02-02 13:09:10.173279+00:00
6351acef98cf1916543d175692877403,2026-02-02T13:09:10.853560,0.012423162395548821,2026-02-02T13:09:10.164123474Z,gateDownAction,2026-02-02 13:09:12.174412+00:00,2026-02-02 13:09:12.174505+00:00
6351acef98cf1916543d175692877403,2026-02-02T13:09:10.853560,0.012423162395548821,2026-02-02T13:09:10.164123474Z,lightOnInvocation,2026-02-02 13:09:10.173907+00:00,2026-02-02 13:09:10.174063+00:00
6351acef98cf1916543d175692877403,2026-02-02T13:09:10.853560,0.012423162395548821,2026-02-02T13:09:10.164123474Z,gateDownInvocation,2026-02-02 13:09:10.172981+00:00,2026-02-02 13:09:10.173218+00:00
6351acef98cf1916543d175692877403,2026-02-02T13:09:10.853560,0.012423162395548821,2026-02-02T13:09:10.164123474Z,lightOnAction,2026-02-02 13:09:12.173449+00:00,2026-02-02 13:09:12.173537+00:00
6351acef98cf1916543d175692877403,2026-02-02T13:09:10.853560,0.012423162395548821,2026-02-02T13:09:10.164123474Z,gateDownInvocation,2026-02-02 13:09:10.173709+00:00,2026-02-02 13:09:10.173972+00:00
6351acef98cf1916543d175692877403,2026-02-02T13:09:10.853560,0.012423162395548821,2026-02-02T13:09:10.164123474Z,lightOnAction,2026-02-02 13:09:12.174736+00:00,2026-02-02 13:09:12.174822+00:00
6351acef98cf1916543d175692877403,2026-02-02T13:09:10.853560,0.012423162395548821,2026-02-02T13:09:10.164123474Z,bellOnAction,2026-02-02 13:09:12.182204+00:00,2026-02-02 13:09:12.182272+00:00
6351acef98cf1916543d175692877403,2026-02-02T13:09:10.853560,0.012423162395548821,2026-02-02T13:09:10.164123474Z,gateDownAction,2026-02-02 13:09:12.174106+00:00,2026-02-02 13:09:12.174190+00:00
6351acef98cf1916543d175692877403,2026-02-02T13:09:10.853560,0.012423162395548821,2026-02-02T13:09:10.164123474Z,bellOnInvocation,2026-02-02 13:09:10.179609+00:00,2026-02-02 13:09:10.179751+00:00
ea2abc03553dccdaa0c9a6aa5f6716a6,2026-02-02T13:08:57.929184,0.010435617116749287,2026-02-02T13:08:58.237671157Z,gateUpInvocation,2026-02-02 13:08:58.250368+00:00,2026-02-02 13:08:58.250455+00:00
ea2abc03553dccdaa0c9a6aa5f6716a6,2026-02-02T13:08:57.929184,0.010435617116749287,2026-02-02T13:08:58.237671157Z,bellOffInvocation,2026-02-02 13:08:58.249445+00:00,2026-02-02 13:08:58.249643+00:00
ea2abc03553dccdaa0c9a6aa5f6716a6,2026-02-02T13:08:57.929184,0.010435617116749287,2026-02-02T13:08:58.237671157Z,bellOffInvocation,2026-02-02 13:08:58.252142+00:00,2026-02-02 13:08:58.252179+00:00
ea2abc03553dccdaa0c9a6aa5f6716a6,2026-02-02T13:08:57.929184,0.010435617116749287,2026-02-02T13:08:58.237671157Z,gateUpInvocation,2026-02-02 13:08:58.246210+00:00,2026-02-02 13:08:58.246288+00:00
ea2abc03553dccdaa0c9a6aa5f6716a6,2026-02-02T13:08:57.929184,0.010435617116749287,2026-02-02T13:08:58.237671157Z,lightOffInvocation,2026-02-02 13:08:58.245548+00:00,2026-02-02 13:08:58.245632+00:00
ea2abc03553dccdaa0c9a6aa5f6716a6,2026-02-02T13:08:57.929184,0.010435617116749287,2026-02-02T13:08:58.237671157Z,lightOffInvocation,2026-02-02 13:08:58.245823+00:00,2026-02-02 13:08:58.245902+00:00
b2a3233d9f230eba97b97ebde1569d0d,2026-02-02T13:16:36.647010,0.0868820983402729,2026-02-02T13:16:36.962461483Z,bellOffInvocation,2026-02-02 13:16:36.972591+00:00,2026-02-02 13:16:36.972668+00:00
b2a3233d9f230eba97b97ebde1569d0d,2026-02-02T13:16:36.647010,0.0868820983402729,2026-02-02T13:16:36.962461483Z,bellOffInvocation,2026-02-02 13:16:36.971474+00:00,2026-02-02 13:16:36.971557+00:00
b2a3233d9f230eba97b97ebde1569d0d,2026-02-02T13:16:36.647010,0.0868820983402729,2026-02-02T13:16:36.962461483Z,lightOffInvocation,2026-02-02 13:16:36.968431+00:00,2026-02-02 13:16:36.968571+00:00
b2a3233d9f230eba97b97ebde1569d0d,2026-02-02T13:16:36.647010,0.0868820983402729,2026-02-02T13:16:36.962461483Z,gateUpInvocation,2026-02-02 13:16:36.968466+00:00,2026-02-02 13:16:36.968587+00:00
b2a3233d9f230eba97b97ebde1569d0d,2026-02-02T13:16:36.647010,0.0868820983402729,2026-02-02T13:16:36.962461483Z,lightOffInvocation,2026-02-02 13:16:36.969692+00:00,2026-02-02 13:16:36.969950+00:00
b2a3233d9f230eba97b97ebde1569d0d,2026-02-02T13:16:36.647010,0.0868820983402729,2026-02-02T13:16:36.962461483Z,gateUpInvocation,2026-02-02 13:16:36.969584+00:00,2026-02-02 13:16:36.969709+00:00
940a37ad307975081fd389d87503a810,2026-02-02T13:13:51.727455,0.05923542383013964,2026-02-02T13:13:51.065706166Z,bellOnInvocation,2026-02-02 13:13:51.071517+00:00,2026-02-02 13:13:51.071577+00:00
940a37ad307975081fd389d87503a810,2026-02-02T13:13:51.727455,0.05923542383013964,2026-02-02T13:13:51.065706166Z,gateDownAction,2026-02-02 13:13:53.070644+00:00,2026-02-02 13:13:53.070731+00:00
940a37ad307975081fd389d87503a810,2026-02-02T13:13:51.727455,0.05923542383013964,2026-02-02T13:13:51.065706166Z,bellOnInvocation,2026-02-02 13:13:51.070527+00:00,2026-02-02 13:13:51.070608+00:00
940a37ad307975081fd389d87503a810,2026-02-02T13:13:51.727455,0.05923542383013964,2026-02-02T13:13:51.065706166Z,gateDownAction,2026-02-02 13:13:53.071210+00:00,2026-02-02 13:13:53.071316+00:00
940a37ad307975081fd389d87503a810,2026-02-02T13:13:51.727455,0.05923542383013964,2026-02-02T13:13:51.065706166Z,lightOnInvocation,2026-02-02 13:13:51.069360+00:00,2026-02-02 13:13:51.069458+00:00
940a37ad307975081fd389d87503a810,2026-02-02T13:13:51.727455,0.05923542383013964,2026-02-02T13:13:51.065706166Z,lightOnAction,2026-02-02 13:13:53.070770+00:00,2026-02-02 13:13:53.070859+00:00
940a37ad307975081fd389d87503a810,2026-02-02T13:13:51.727455,0.05923542383013964,2026-02-02T13:13:51.065706166Z,bellOnAction,2026-02-02 13:13:53.071110+00:00,2026-02-02 13:13:53.071192+00:00
940a37ad307975081fd389d87503a810,2026-02-02T13:13:51.727455,0.05923542383013964,2026-02-02T13:13:51.065706166Z,bellOnAction,2026-02-02 13:13:53.071237+00:00,2026-02-02 13:13:53.071300+00:00
940a37ad307975081fd389d87503a810,2026-02-02T13:13:51.727455,0.05923542383013964,2026-02-02T13:13:51.065706166Z,gateDownInvocation,2026-02-02 13:13:51.069275+00:00,2026-02-02 13:13:51.069467+00:00
940a37ad307975081fd389d87503a810,2026-02-02T13:13:51.727455,0.05923542383013964,2026-02-02T13:13:51.065706166Z,lightOnAction,2026-02-02 13:13:53.069503+00:00,2026-02-02 13:13:53.069590+00:00
940a37ad307975081fd389d87503a810,2026-02-02T13:13:51.727455,0.05923542383013964,2026-02-02T13:13:51.065706166Z,gateDownInvocation,2026-02-02 13:13:51.070389+00:00,2026-02-02 13:13:51.070528+00:00
940a37ad307975081fd389d87503a810,2026-02-02T13:13:51.727455,0.05923542383013964,2026-02-02T13:13:51.065706166Z,lightOnInvocation,2026-02-02 13:13:51.069571+00:00,2026-02-02 13:13:51.069686+00:00
e366a7f5d7a8a63d62e9f44760845833,2026-02-02T13:11:02.991969,0.031111844661128527,2026-02-02T13:11:02.307491022Z,lightOnInvocation,2026-02-02 13:11:02.318248+00:00,2026-02-02 13:11:02.318441+00:00
e366a7f5d7a8a63d62e9f44760845833,2026-02-02T13:11:02.991969,0.031111844661128527,2026-02-02T13:11:02.307491022Z,bellOnInvocation,2026-02-02 13:11:02.324270+00:00,2026-02-02 13:11:02.324471+00:00
e366a7f5d7a8a63d62e9f44760845833,2026-02-02T13:11:02.991969,0.031111844661128527,2026-02-02T13:11:02.307491022Z,bellOnAction,2026-02-02 13:11:04.326245+00:00,2026-02-02 13:11:04.326364+00:00
e366a7f5d7a8a63d62e9f44760845833,2026-02-02T13:11:02.991969,0.031111844661128527,2026-02-02T13:11:02.307491022Z,gateDownAction,2026-02-02 13:11:04.320521+00:00,2026-02-02 13:11:04.320619+00:00
e366a7f5d7a8a63d62e9f44760845833,2026-02-02T13:11:02.991969,0.031111844661128527,2026-02-02T13:11:02.307491022Z,gateDownAction,2026-02-02 13:11:04.322315+00:00,2026-02-02 13:11:04.322430+00:00
e366a7f5d7a8a63d62e9f44760845833,2026-02-02T13:11:02.991969,0.031111844661128527,2026-02-02T13:11:02.307491022Z,lightOnAction,2026-02-02 13:11:04.319564+00:00,2026-02-02 13:11:04.319650+00:00
e366a7f5d7a8a63d62e9f44760845833,2026-02-02T13:11:02.991969,0.031111844661128527,2026-02-02T13:11:02.307491022Z,lightOnInvocation,2026-02-02 13:11:02.317575+00:00,2026-02-02 13:11:02.317709+00:00
e366a7f5d7a8a63d62e9f44760845833,2026-02-02T13:11:02.991969,0.031111844661128527,2026-02-02T13:11:02.307491022Z,gateDownInvocation,2026-02-02 13:11:02.317882+00:00,2026-02-02 13:11:02.318240+00:00
e366a7f5d7a8a63d62e9f44760845833,2026-02-02T13:11:02.991969,0.031111844661128527,2026-02-02T13:11:02.307491022Z,bellOnInvocation,2026-02-02 13:11:02.325851+00:00,2026-02-02 13:11:02.326026+00:00
e366a7f5d7a8a63d62e9f44760845833,2026-02-02T13:11:02.991969,0.031111844661128527,2026-02-02T13:11:02.307491022Z,bellOnAction,2026-02-02 13:11:04.327244+00:00,2026-02-02 13:11:04.327335+00:00
e366a7f5d7a8a63d62e9f44760845833,2026-02-02T13:11:02.991969,0.031111844661128527,2026-02-02T13:11:02.307491022Z,gateDownInvocation,2026-02-02 13:11:02.319548+00:00,2026-02-02 13:11:02.319925+00:00
e366a7f5d7a8a63d62e9f44760845833,2026-02-02T13:11:02.991969,0.031111844661128527,2026-02-02T13:11:02.307491022Z,lightOnAction,2026-02-02 13:11:04.318538+00:00,2026-02-02 13:11:04.318629+00:00
c26e5131fbb696955f00c49a0d000404,2026-02-02T13:13:21.410033,0.05434715154349805,2026-02-02T13:13:21.733230991Z,bellOffInvocation,2026-02-02 13:13:21.743303+00:00,2026-02-02 13:13:21.743434+00:00
c26e5131fbb696955f00c49a0d000404,2026-02-02T13:13:21.410033,0.05434715154349805,2026-02-02T13:13:21.733230991Z,gateUpInvocation,2026-02-02 13:13:21.740747+00:00,2026-02-02 13:13:21.740916+00:00
c26e5131fbb696955f00c49a0d000404,2026-02-02T13:13:21.410033,0.05434715154349805,2026-02-02T13:13:21.733230991Z,lightOffInvocation,2026-02-02 13:13:21.740659+00:00,2026-02-02 13:13:21.740797+00:00
c26e5131fbb696955f00c49a0d000404,2026-02-02T13:13:21.410033,0.05434715154349805,2026-02-02T13:13:21.733230991Z,lightOffInvocation,2026-02-02 13:13:21.740752+00:00,2026-02-02 13:13:21.740893+00:00
c26e5131fbb696955f00c49a0d000404,2026-02-02T13:13:21.410033,0.05434715154349805,2026-02-02T13:13:21.733230991Z,gateUpInvocation,2026-02-02 13:13:21.740747+00:00,2026-02-02 13:13:21.740916+00:00
c26e5131fbb696955f00c49a0d000404,2026-02-02T13:13:21.410033,0.05434715154349805,2026-02-02T13:13:21.733230991Z,bellOffInvocation,2026-02-02 13:13:21.743622+00:00,2026-02-02 13:13:21.743783+00:00
7f9515cb923946a992703c3a120dfee2,2026-02-02T13:11:41.847687,0.037587919348549846,2026-02-02T13:11:41.167682985Z,bellOnAction,2026-02-02 13:11:43.173825+00:00,2026-02-02 13:11:43.173875+00:00
7f9515cb923946a992703c3a120dfee2,2026-02-02T13:11:41.847687,0.037587919348549846,2026-02-02T13:11:41.167682985Z,bellOnAction,2026-02-02 13:11:43.175771+00:00,2026-02-02 13:11:43.175869+00:00
7f9515cb923946a992703c3a120dfee2,2026-02-02T13:11:41.847687,0.037587919348549846,2026-02-02T13:11:41.167682985Z,gateDownAction,2026-02-02 13:11:43.173481+00:00,2026-02-02 13:11:43.173561+00:00
7f9515cb923946a992703c3a120dfee2,2026-02-02T13:11:41.847687,0.037587919348549846,2026-02-02T13:11:41.167682985Z,gateDownInvocation,2026-02-02 13:11:41.171972+00:00,2026-02-02 13:11:41.172117+00:00
7f9515cb923946a992703c3a120dfee2,2026-02-02T13:11:41.847687,0.037587919348549846,2026-02-02T13:11:41.167682985Z,gateDownAction,2026-02-02 13:11:43.173153+00:00,2026-02-02 13:11:43.173268+00:00
7f9515cb923946a992703c3a120dfee2,2026-02-02T13:11:41.847687,0.037587919348549846,2026-02-02T13:11:41.167682985Z,lightOnInvocation,2026-02-02 13:11:41.172472+00:00,2026-02-02 13:11:41.172562+00:00
7f9515cb923946a992703c3a120dfee2,2026-02-02T13:11:41.847687,0.037587919348549846,2026-02-02T13:11:41.167682985Z,bellOnInvocation,2026-02-02 13:11:41.173583+00:00,2026-02-02 13:11:41.173634+00:00
7f9515cb923946a992703c3a120dfee2,2026-02-02T13:11:41.847687,0.037587919348549846,2026-02-02T13:11:41.167682985Z,bellOnInvocation,2026-02-02 13:11:41.173317+00:00,2026-02-02 13:11:41.173399+00:00
7f9515cb923946a992703c3a120dfee2,2026-02-02T13:11:41.847687,0.037587919348549846,2026-02-02T13:11:41.167682985Z,gateDownInvocation,2026-02-02 13:11:41.172425+00:00,2026-02-02 13:11:41.172558+00:00
7f9515cb923946a992703c3a120dfee2,2026-02-02T13:11:41.847687,0.037587919348549846,2026-02-02T13:11:41.167682985Z,lightOnAction,2026-02-02 13:11:43.173094+00:00,2026-02-02 13:11:43.173200+00:00
7f9515cb923946a992703c3a120dfee2,2026-02-02T13:11:41.847687,0.037587919348549846,2026-02-02T13:11:41.167682985Z,lightOnInvocation,2026-02-02 13:11:41.172524+00:00,2026-02-02 13:11:41.172609+00:00
7f9515cb923946a992703c3a120dfee2,2026-02-02T13:11:41.847687,0.037587919348549846,2026-02-02T13:11:41.167682985Z,lightOnAction,2026-02-02 13:11:43.173094+00:00,2026-02-02 13:11:43.173207+00:00
974c458025be11ef0100e2f67fcebe23,2026-02-02T13:08:32.100891,0.0061310689260602,2026-02-02T13:08:32.408033594Z,bellOffInvocation,2026-02-02 13:08:32.447557+00:00,2026-02-02 13:08:32.447590+00:00
974c458025be11ef0100e2f67fcebe23,2026-02-02T13:08:32.100891,0.0061310689260602,2026-02-02T13:08:32.408033594Z,gateUpInvocation,2026-02-02 13:08:32.441034+00:00,2026-02-02 13:08:32.441182+00:00
974c458025be11ef0100e2f67fcebe23,2026-02-02T13:08:32.100891,0.0061310689260602,2026-02-02T13:08:32.408033594Z,lightOffInvocation,2026-02-02 13:08:32.461075+00:00,2026-02-02 13:08:32.461171+00:00
974c458025be11ef0100e2f67fcebe23,2026-02-02T13:08:32.100891,0.0061310689260602,2026-02-02T13:08:32.408033594Z,gateUpInvocation,2026-02-02 13:08:32.461832+00:00,2026-02-02 13:08:32.461965+00:00
974c458025be11ef0100e2f67fcebe23,2026-02-02T13:08:32.100891,0.0061310689260602,2026-02-02T13:08:32.408033594Z,lightOffInvocation,2026-02-02 13:08:32.442694+00:00,2026-02-02 13:08:32.442921+00:00
974c458025be11ef0100e2f67fcebe23,2026-02-02T13:08:32.100891,0.0061310689260602,2026-02-02T13:08:32.408033594Z,bellOffInvocation,2026-02-02 13:08:32.469923+00:00,2026-02-02 13:08:32.469973+00:00
958fa604452467e3886e4c5fb9aa6e52,2026-02-02T13:09:15.165587,0.013307336213231087,2026-02-02T13:09:15.469664146Z,gateUpInvocation,2026-02-02 13:09:15.481299+00:00,2026-02-02 13:09:15.481442+00:00
958fa604452467e3886e4c5fb9aa6e52,2026-02-02T13:09:15.165587,0.013307336213231087,2026-02-02T13:09:15.469664146Z,bellOffInvocation,2026-02-02 13:09:15.483319+00:00,2026-02-02 13:09:15.483448+00:00
958fa604452467e3886e4c5fb9aa6e52,2026-02-02T13:09:15.165587,0.013307336213231087,2026-02-02T13:09:15.469664146Z,gateUpInvocation,2026-02-02 13:09:15.479281+00:00,2026-02-02 13:09:15.479424+00:00
958fa604452467e3886e4c5fb9aa6e52,2026-02-02T13:09:15.165587,0.013307336213231087,2026-02-02T13:09:15.469664146Z,lightOffInvocation,2026-02-02 13:09:15.479280+00:00,2026-02-02 13:09:15.479424+00:00
958fa604452467e3886e4c5fb9aa6e52,2026-02-02T13:09:15.165587,0.013307336213231087,2026-02-02T13:09:15.469664146Z,lightOffInvocation,2026-02-02 13:09:15.481055+00:00,2026-02-02 13:09:15.481193+00:00
958fa604452467e3886e4c5fb9aa6e52,2026-02-02T13:09:15.165587,0.013307336213231087,2026-02-02T13:09:15.469664146Z,bellOffInvocation,2026-02-02 13:09:15.486163+00:00,2026-02-02 13:09:15.486269+00:00
429147b3d99383e493d702ac1516e976,2026-02-02T13:16:49.674927,0.08889242942779065,2026-02-02T13:16:49.025494927Z,bellOnAction,2026-02-02 13:16:51.029629+00:00,2026-02-02 13:16:51.029659+00:00
429147b3d99383e493d702ac1516e976,2026-02-02T13:16:49.674927,0.08889242942779065,2026-02-02T13:16:49.025494927Z,bellOnInvocation,2026-02-02 13:16:49.030742+00:00,2026-02-02 13:16:49.030767+00:00
429147b3d99383e493d702ac1516e976,2026-02-02T13:16:49.674927,0.08889242942779065,2026-02-02T13:16:49.025494927Z,bellOnInvocation,2026-02-02 13:16:49.028667+00:00,2026-02-02 13:16:49.028735+00:00
429147b3d99383e493d702ac1516e976,2026-02-02T13:16:49.674927,0.08889242942779065,2026-02-02T13:16:49.025494927Z,bellOnAction,2026-02-02 13:16:51.030971+00:00,2026-02-02 13:16:51.030983+00:00
429147b3d99383e493d702ac1516e976,2026-02-02T13:16:49.674927,0.08889242942779065,2026-02-02T13:16:49.025494927Z,lightOnAction,2026-02-02 13:16:51.030850+00:00,2026-02-02 13:16:51.030879+00:00
429147b3d99383e493d702ac1516e976,2026-02-02T13:16:49.674927,0.08889242942779065,2026-02-02T13:16:49.025494927Z,lightOnAction,2026-02-02 13:16:51.029178+00:00,2026-02-02 13:16:51.029220+00:00
429147b3d99383e493d702ac1516e976,2026-02-02T13:16:49.674927,0.08889242942779065,2026-02-02T13:16:49.025494927Z,lightOnInvocation,2026-02-02 13:16:49.030221+00:00,2026-02-02 13:16:49.030279+00:00
429147b3d99383e493d702ac1516e976,2026-02-02T13:16:49.674927,0.08889242942779065,2026-02-02T13:16:49.025494927Z,gateDownAction,2026-02-02 13:16:51.029489+00:00,2026-02-02 13:16:51.029537+00:00
429147b3d99383e493d702ac1516e976,2026-02-02T13:16:49.674927,0.08889242942779065,2026-02-02T13:16:49.025494927Z,gateDownInvocation,2026-02-02 13:16:49.028424+00:00,2026-02-02 13:16:49.028533+00:00
429147b3d99383e493d702ac1516e976,2026-02-02T13:16:49.674927,0.08889242942779065,2026-02-02T13:16:49.025494927Z,lightOnInvocation,2026-02-02 13:16:49.028459+00:00,2026-02-02 13:16:49.028533+00:00
429147b3d99383e493d702ac1516e976,2026-02-02T13:16:49.674927,0.08889242942779065,2026-02-02T13:16:49.025494927Z,gateDownAction,2026-02-02 13:16:51.029185+00:00,2026-02-02 13:16:51.029224+00:00
429147b3d99383e493d702ac1516e976,2026-02-02T13:16:49.674927,0.08889242942779065,2026-02-02T13:16:49.025494927Z,gateDownInvocation,2026-02-02 13:16:49.029290+00:00,2026-02-02 13:16:49.029385+00:00
a19e8043e1ca908138c257d5e27efee6,2026-02-02T13:12:33.739605,0.04623619534873963,2026-02-02T13:12:33.062660805Z,lightOnInvocation,2026-02-02 13:12:33.069958+00:00,2026-02-02 13:12:33.070026+00:00
a19e8043e1ca908138c257d5e27efee6,2026-02-02T13:12:33.739605,0.04623619534873963,2026-02-02T13:12:33.062660805Z,bellOnAction,2026-02-02 13:12:35.071340+00:00,2026-02-02 13:12:35.071404+00:00
a19e8043e1ca908138c257d5e27efee6,2026-02-02T13:12:33.739605,0.04623619534873963,2026-02-02T13:12:33.062660805Z,lightOnInvocation,2026-02-02 13:12:33.069869+00:00,2026-02-02 13:12:33.069951+00:00
a19e8043e1ca908138c257d5e27efee6,2026-02-02T13:12:33.739605,0.04623619534873963,2026-02-02T13:12:33.062660805Z,bellOnInvocation,2026-02-02 13:12:33.070684+00:00,2026-02-02 13:12:33.070750+00:00
a19e8043e1ca908138c257d5e27efee6,2026-02-02T13:12:33.739605,0.04623619534873963,2026-02-02T13:12:33.062660805Z,gateDownAction,2026-02-02 13:12:35.070459+00:00,2026-02-02 13:12:35.070546+00:00
a19e8043e1ca908138c257d5e27efee6,2026-02-02T13:12:33.739605,0.04623619534873963,2026-02-02T13:12:33.062660805Z,lightOnAction,2026-02-02 13:12:35.070860+00:00,2026-02-02 13:12:35.070981+00:00
a19e8043e1ca908138c257d5e27efee6,2026-02-02T13:12:33.739605,0.04623619534873963,2026-02-02T13:12:33.062660805Z,gateDownAction,2026-02-02 13:12:35.071426+00:00,2026-02-02 13:12:35.071508+00:00
a19e8043e1ca908138c257d5e27efee6,2026-02-02T13:12:33.739605,0.04623619534873963,2026-02-02T13:12:33.062660805Z,gateDownInvocation,2026-02-02 13:12:33.069814+00:00,2026-02-02 13:12:33.069954+00:00
a19e8043e1ca908138c257d5e27efee6,2026-02-02T13:12:33.739605,0.04623619534873963,2026-02-02T13:12:33.062660805Z,lightOnAction,2026-02-02 13:12:35.070813+00:00,2026-02-02 13:12:35.070893+00:00
a19e8043e1ca908138c257d5e27efee6,2026-02-02T13:12:33.739605,0.04623619534873963,2026-02-02T13:12:33.062660805Z,gateDownInvocation,2026-02-02 13:12:33.069999+00:00,2026-02-02 13:12:33.070113+00:00
a19e8043e1ca908138c257d5e27efee6,2026-02-02T13:12:33.739605,0.04623619534873963,2026-02-02T13:12:33.062660805Z,bellOnInvocation,2026-02-02 13:12:33.072437+00:00,2026-02-02 13:12:33.072518+00:00
a19e8043e1ca908138c257d5e27efee6,2026-02-02T13:12:33.739605,0.04623619534873963,2026-02-02T13:12:33.062660805Z,bellOnAction,2026-02-02 13:12:35.072918+00:00,2026-02-02 13:12:35.073003+00:00
5529e70aa5fa68806d341f48bb71b3c8,2026-02-02T13:10:11.211396,0.022647941402494907,2026-02-02T13:10:11.51892505Z,lightOffInvocation,2026-02-02 13:10:11.530970+00:00,2026-02-02 13:10:11.531112+00:00
5529e70aa5fa68806d341f48bb71b3c8,2026-02-02T13:10:11.211396,0.022647941402494907,2026-02-02T13:10:11.51892505Z,lightOffInvocation,2026-02-02 13:10:11.528684+00:00,2026-02-02 13:10:11.528822+00:00
5529e70aa5fa68806d341f48bb71b3c8,2026-02-02T13:10:11.211396,0.022647941402494907,2026-02-02T13:10:11.51892505Z,gateUpInvocation,2026-02-02 13:10:11.534343+00:00,2026-02-02 13:10:11.534477+00:00
5529e70aa5fa68806d341f48bb71b3c8,2026-02-02T13:10:11.211396,0.022647941402494907,2026-02-02T13:10:11.51892505Z,bellOffInvocation,2026-02-02 13:10:11.534157+00:00,2026-02-02 13:10:11.534293+00:00
5529e70aa5fa68806d341f48bb71b3c8,2026-02-02T13:10:11.211396,0.022647941402494907,2026-02-02T13:10:11.51892505Z,bellOffInvocation,2026-02-02 13:10:11.534345+00:00,2026-02-02 13:10:11.534491+00:00
5529e70aa5fa68806d341f48bb71b3c8,2026-02-02T13:10:11.211396,0.022647941402494907,2026-02-02T13:10:11.51892505Z,gateUpInvocation,2026-02-02 13:10:11.529983+00:00,2026-02-02 13:10:11.530140+00:00
69e7962c2b40dd630d4b2a1f9d946a9e,2026-02-02T13:10:54.353964,0.029669939760077004,2026-02-02T13:10:53.655141016Z,bellOnInvocation,2026-02-02 13:10:53.665866+00:00,2026-02-02 13:10:53.666003+00:00
69e7962c2b40dd630d4b2a1f9d946a9e,2026-02-02T13:10:54.353964,0.029669939760077004,2026-02-02T13:10:53.655141016Z,gateDownAction,2026-02-02 13:10:55.663475+00:00,2026-02-02 13:10:55.663558+00:00
69e7962c2b40dd630d4b2a1f9d946a9e,2026-02-02T13:10:54.353964,0.029669939760077004,2026-02-02T13:10:53.655141016Z,gateDownInvocation,2026-02-02 13:10:53.662740+00:00,2026-02-02 13:10:53.663001+00:00
69e7962c2b40dd630d4b2a1f9d946a9e,2026-02-02T13:10:54.353964,0.029669939760077004,2026-02-02T13:10:53.655141016Z,lightOnInvocation,2026-02-02 13:10:53.663862+00:00,2026-02-02 13:10:53.664026+00:00
69e7962c2b40dd630d4b2a1f9d946a9e,2026-02-02T13:10:54.353964,0.029669939760077004,2026-02-02T13:10:53.655141016Z,lightOnAction,2026-02-02 13:10:55.664064+00:00,2026-02-02 13:10:55.664154+00:00
69e7962c2b40dd630d4b2a1f9d946a9e,2026-02-02T13:10:54.353964,0.029669939760077004,2026-02-02T13:10:53.655141016Z,bellOnInvocation,2026-02-02 13:10:53.666472+00:00,2026-02-02 13:10:53.666601+00:00
69e7962c2b40dd630d4b2a1f9d946a9e,2026-02-02T13:10:54.353964,0.029669939760077004,2026-02-02T13:10:53.655141016Z,gateDownAction,2026-02-02 13:10:55.663466+00:00,2026-02-02 13:10:55.663556+00:00
69e7962c2b40dd630d4b2a1f9d946a9e,2026-02-02T13:10:54.353964,0.029669939760077004,2026-02-02T13:10:53.655141016Z,gateDownInvocation,2026-02-02 13:10:53.663008+00:00,2026-02-02 13:10:53.663244+00:00
69e7962c2b40dd630d4b2a1f9d946a9e,2026-02-02T13:10:54.353964,0.029669939760077004,2026-02-02T13:10:53.655141016Z,bellOnAction,2026-02-02 13:10:55.668211+00:00,2026-02-02 13:10:55.668283+00:00
69e7962c2b40dd630d4b2a1f9d946a9e,2026-02-02T13:10:54.353964,0.029669939760077004,2026-02-02T13:10:53.655141016Z,bellOnAction,2026-02-02 13:10:55.666615+00:00,2026-02-02 13:10:55.666717+00:00
69e7962c2b40dd630d4b2a1f9d946a9e,2026-02-02T13:10:54.353964,0.029669939760077004,2026-02-02T13:10:53.655141016Z,lightOnAction,2026-02-02 13:10:55.665500+00:00,2026-02-02 13:10:55.665625+00:00
69e7962c2b40dd630d4b2a1f9d946a9e,2026-02-02T13:10:54.353964,0.029669939760077004,2026-02-02T13:10:53.655141016Z,lightOnInvocation,2026-02-02 13:10:53.662845+00:00,2026-02-02 13:10:53.663001+00:00
ce543148e4ecc00e448d84685739160d,2026-02-02T13:11:33.193163,0.03614782533365488,2026-02-02T13:11:32.526244406Z,bellOnInvocation,2026-02-02 13:11:32.535263+00:00,2026-02-02 13:11:32.535458+00:00
ce543148e4ecc00e448d84685739160d,2026-02-02T13:11:33.193163,0.03614782533365488,2026-02-02T13:11:32.526244406Z,bellOnAction,2026-02-02 13:11:34.536436+00:00,2026-02-02 13:11:34.536509+00:00
ce543148e4ecc00e448d84685739160d,2026-02-02T13:11:33.193163,0.03614782533365488,2026-02-02T13:11:32.526244406Z,gateDownAction,2026-02-02 13:11:34.532816+00:00,2026-02-02 13:11:34.532898+00:00
ce543148e4ecc00e448d84685739160d,2026-02-02T13:11:33.193163,0.03614782533365488,2026-02-02T13:11:32.526244406Z,gateDownInvocation,2026-02-02 13:11:32.532050+00:00,2026-02-02 13:11:32.532269+00:00
ce543148e4ecc00e448d84685739160d,2026-02-02T13:11:33.193163,0.03614782533365488,2026-02-02T13:11:32.526244406Z,gateDownInvocation,2026-02-02 13:11:32.535225+00:00,2026-02-02 13:11:32.535588+00:00
ce543148e4ecc00e448d84685739160d,2026-02-02T13:11:33.193163,0.03614782533365488,2026-02-02T13:11:32.526244406Z,bellOnAction,2026-02-02 13:11:34.539527+00:00,2026-02-02 13:11:34.539597+00:00
ce543148e4ecc00e448d84685739160d,2026-02-02T13:11:33.193163,0.03614782533365488,2026-02-02T13:11:32.526244406Z,lightOnAction,2026-02-02 13:11:34.532983+00:00,2026-02-02 13:11:34.533096+00:00
ce543148e4ecc00e448d84685739160d,2026-02-02T13:11:33.193163,0.03614782533365488,2026-02-02T13:11:32.526244406Z,lightOnAction,2026-02-02 13:11:34.537155+00:00,2026-02-02 13:11:34.537237+00:00
ce543148e4ecc00e448d84685739160d,2026-02-02T13:11:33.193163,0.03614782533365488,2026-02-02T13:11:32.526244406Z,lightOnInvocation,2026-02-02 13:11:32.534444+00:00,2026-02-02 13:11:32.534919+00:00
ce543148e4ecc00e448d84685739160d,2026-02-02T13:11:33.193163,0.03614782533365488,2026-02-02T13:11:32.526244406Z,gateDownAction,2026-02-02 13:11:34.537021+00:00,2026-02-02 13:11:34.537097+00:00
ce543148e4ecc00e448d84685739160d,2026-02-02T13:11:33.193163,0.03614782533365488,2026-02-02T13:11:32.526244406Z,lightOnInvocation,2026-02-02 13:11:32.532121+00:00,2026-02-02 13:11:32.532253+00:00
ce543148e4ecc00e448d84685739160d,2026-02-02T13:11:33.193163,0.03614782533365488,2026-02-02T13:11:32.526244406Z,bellOnInvocation,2026-02-02 13:11:32.538468+00:00,2026-02-02 13:11:32.538659+00:00
c3d956073500a4de41b2798c5d43e874,2026-02-02T13:09:58.266283,0.02049014362162352,2026-02-02T13:09:58.570746818Z,lightOffInvocation,2026-02-02 13:09:58.574919+00:00,2026-02-02 13:09:58.574990+00:00
c3d956073500a4de41b2798c5d43e874,2026-02-02T13:09:58.266283,0.02049014362162352,2026-02-02T13:09:58.570746818Z,bellOffInvocation,2026-02-02 13:09:58.577826+00:00,2026-02-02 13:09:58.577852+00:00
c3d956073500a4de41b2798c5d43e874,2026-02-02T13:09:58.266283,0.02049014362162352,2026-02-02T13:09:58.570746818Z,gateUpInvocation,2026-02-02 13:09:58.574924+00:00,2026-02-02 13:09:58.574990+00:00
c3d956073500a4de41b2798c5d43e874,2026-02-02T13:09:58.266283,0.02049014362162352,2026-02-02T13:09:58.570746818Z,bellOffInvocation,2026-02-02 13:09:58.577265+00:00,2026-02-02 13:09:58.577301+00:00
c3d956073500a4de41b2798c5d43e874,2026-02-02T13:09:58.266283,0.02049014362162352,2026-02-02T13:09:58.570746818Z,lightOffInvocation,2026-02-02 13:09:58.576576+00:00,2026-02-02 13:09:58.576617+00:00
c3d956073500a4de41b2798c5d43e874,2026-02-02T13:09:58.266283,0.02049014362162352,2026-02-02T13:09:58.570746818Z,gateUpInvocation,2026-02-02 13:09:58.576488+00:00,2026-02-02 13:09:58.576527+00:00
6c1d011a0dd646f0222ad07476258602,2026-02-02T13:11:46.177880,0.03831280233230591,2026-02-02T13:11:45.517642037Z,bellOnAction,2026-02-02 13:11:47.536461+00:00,2026-02-02 13:11:47.536538+00:00
6c1d011a0dd646f0222ad07476258602,2026-02-02T13:11:46.177880,0.03831280233230591,2026-02-02T13:11:45.517642037Z,lightOnAction,2026-02-02 13:11:47.531260+00:00,2026-02-02 13:11:47.531372+00:00
6c1d011a0dd646f0222ad07476258602,2026-02-02T13:11:46.177880,0.03831280233230591,2026-02-02T13:11:45.517642037Z,lightOnInvocation,2026-02-02 13:11:45.529443+00:00,2026-02-02 13:11:45.529643+00:00
6c1d011a0dd646f0222ad07476258602,2026-02-02T13:11:46.177880,0.03831280233230591,2026-02-02T13:11:45.517642037Z,bellOnInvocation,2026-02-02 13:11:45.533295+00:00,2026-02-02 13:11:45.533520+00:00
6c1d011a0dd646f0222ad07476258602,2026-02-02T13:11:46.177880,0.03831280233230591,2026-02-02T13:11:45.517642037Z,lightOnAction,2026-02-02 13:11:47.539830+00:00,2026-02-02 13:11:47.539901+00:00
6c1d011a0dd646f0222ad07476258602,2026-02-02T13:11:46.177880,0.03831280233230591,2026-02-02T13:11:45.517642037Z,gateDownInvocation,2026-02-02 13:11:45.526051+00:00,2026-02-02 13:11:45.528831+00:00
6c1d011a0dd646f0222ad07476258602,2026-02-02T13:11:46.177880,0.03831280233230591,2026-02-02T13:11:45.517642037Z,lightOnInvocation,2026-02-02 13:11:45.538318+00:00,2026-02-02 13:11:45.538463+00:00
6c1d011a0dd646f0222ad07476258602,2026-02-02T13:11:46.177880,0.03831280233230591,2026-02-02T13:11:45.517642037Z,gateDownAction,2026-02-02 13:11:47.535085+00:00,2026-02-02 13:11:47.535168+00:00
6c1d011a0dd646f0222ad07476258602,2026-02-02T13:11:46.177880,0.03831280233230591,2026-02-02T13:11:45.517642037Z,gateDownAction,2026-02-02 13:11:47.532806+00:00,2026-02-02 13:11:47.532894+00:00
6c1d011a0dd646f0222ad07476258602,2026-02-02T13:11:46.177880,0.03831280233230591,2026-02-02T13:11:45.517642037Z,bellOnInvocation,2026-02-02 13:11:45.533735+00:00,2026-02-02 13:11:45.533948+00:00
6c1d011a0dd646f0222ad07476258602,2026-02-02T13:11:46.177880,0.03831280233230591,2026-02-02T13:11:45.517642037Z,gateDownInvocation,2026-02-02 13:11:45.532391+00:00,2026-02-02 13:11:45.532701+00:00
6c1d011a0dd646f0222ad07476258602,2026-02-02T13:11:46.177880,0.03831280233230591,2026-02-02T13:11:45.517642037Z,bellOnAction,2026-02-02 13:11:47.536276+00:00,2026-02-02 13:11:47.536365+00:00
68ebc763b8cba683579bb8b9f66e1981,2026-02-02T13:15:40.239669,0.07748902727696896,2026-02-02T13:15:40.598373241Z,lightOffInvocation,2026-02-02 13:15:40.603491+00:00,2026-02-02 13:15:40.603567+00:00
68ebc763b8cba683579bb8b9f66e1981,2026-02-02T13:15:40.239669,0.07748902727696896,2026-02-02T13:15:40.598373241Z,lightOffInvocation,2026-02-02 13:15:40.603618+00:00,2026-02-02 13:15:40.603694+00:00
68ebc763b8cba683579bb8b9f66e1981,2026-02-02T13:15:40.239669,0.07748902727696896,2026-02-02T13:15:40.598373241Z,bellOffInvocation,2026-02-02 13:15:40.606675+00:00,2026-02-02 13:15:40.606714+00:00
68ebc763b8cba683579bb8b9f66e1981,2026-02-02T13:15:40.239669,0.07748902727696896,2026-02-02T13:15:40.598373241Z,gateUpInvocation,2026-02-02 13:15:40.605231+00:00,2026-02-02 13:15:40.605306+00:00
68ebc763b8cba683579bb8b9f66e1981,2026-02-02T13:15:40.239669,0.07748902727696896,2026-02-02T13:15:40.598373241Z,bellOffInvocation,2026-02-02 13:15:40.606036+00:00,2026-02-02 13:15:40.606087+00:00
68ebc763b8cba683579bb8b9f66e1981,2026-02-02T13:15:40.239669,0.07748902727696896,2026-02-02T13:15:40.598373241Z,gateUpInvocation,2026-02-02 13:15:40.603480+00:00,2026-02-02 13:15:40.603556+00:00
5b4afc590453ff6c569e3ba5c07fe669,2026-02-02T13:10:24.154265,0.024804921251022818,2026-02-02T13:10:24.462122247Z,bellOffInvocation,2026-02-02 13:10:24.476785+00:00,2026-02-02 13:10:24.476877+00:00
5b4afc590453ff6c569e3ba5c07fe669,2026-02-02T13:10:24.154265,0.024804921251022818,2026-02-02T13:10:24.462122247Z,gateUpInvocation,2026-02-02 13:10:24.471511+00:00,2026-02-02 13:10:24.471655+00:00
5b4afc590453ff6c569e3ba5c07fe669,2026-02-02T13:10:24.154265,0.024804921251022818,2026-02-02T13:10:24.462122247Z,lightOffInvocation,2026-02-02 13:10:24.474373+00:00,2026-02-02 13:10:24.474506+00:00
5b4afc590453ff6c569e3ba5c07fe669,2026-02-02T13:10:24.154265,0.024804921251022818,2026-02-02T13:10:24.462122247Z,gateUpInvocation,2026-02-02 13:10:24.474615+00:00,2026-02-02 13:10:24.474762+00:00
5b4afc590453ff6c569e3ba5c07fe669,2026-02-02T13:10:24.154265,0.024804921251022818,2026-02-02T13:10:24.462122247Z,bellOffInvocation,2026-02-02 13:10:24.476968+00:00,2026-02-02 13:10:24.477105+00:00
5b4afc590453ff6c569e3ba5c07fe669,2026-02-02T13:10:24.154265,0.024804921251022818,2026-02-02T13:10:24.462122247Z,lightOffInvocation,2026-02-02 13:10:24.471400+00:00,2026-02-02 13:10:24.471538+00:00
7215546bca9fcfd9b67f22ca7c77e8ca,2026-02-02T13:14:56.797575,0.07008162099504471,2026-02-02T13:14:56.149511121Z,bellOnInvocation,2026-02-02 13:14:56.157218+00:00,2026-02-02 13:14:56.157345+00:00
7215546bca9fcfd9b67f22ca7c77e8ca,2026-02-02T13:14:56.797575,0.07008162099504471,2026-02-02T13:14:56.149511121Z,gateDownInvocation,2026-02-02 13:14:56.156779+00:00,2026-02-02 13:14:56.156882+00:00
7215546bca9fcfd9b67f22ca7c77e8ca,2026-02-02T13:14:56.797575,0.07008162099504471,2026-02-02T13:14:56.149511121Z,lightOnInvocation,2026-02-02 13:14:56.155917+00:00,2026-02-02 13:14:56.156019+00:00
7215546bca9fcfd9b67f22ca7c77e8ca,2026-02-02T13:14:56.797575,0.07008162099504471,2026-02-02T13:14:56.149511121Z,gateDownAction,2026-02-02 13:14:58.157152+00:00,2026-02-02 13:14:58.157238+00:00
7215546bca9fcfd9b67f22ca7c77e8ca,2026-02-02T13:14:56.797575,0.07008162099504471,2026-02-02T13:14:56.149511121Z,bellOnAction,2026-02-02 13:14:58.158636+00:00,2026-02-02 13:14:58.158710+00:00
7215546bca9fcfd9b67f22ca7c77e8ca,2026-02-02T13:14:56.797575,0.07008162099504471,2026-02-02T13:14:56.149511121Z,gateDownAction,2026-02-02 13:14:58.156716+00:00,2026-02-02 13:14:58.156806+00:00
7215546bca9fcfd9b67f22ca7c77e8ca,2026-02-02T13:14:56.797575,0.07008162099504471,2026-02-02T13:14:56.149511121Z,gateDownInvocation,2026-02-02 13:14:56.155549+00:00,2026-02-02 13:14:56.155691+00:00
7215546bca9fcfd9b67f22ca7c77e8ca,2026-02-02T13:14:56.797575,0.07008162099504471,2026-02-02T13:14:56.149511121Z,lightOnAction,2026-02-02 13:14:58.156707+00:00,2026-02-02 13:14:58.156800+00:00
7215546bca9fcfd9b67f22ca7c77e8ca,2026-02-02T13:14:56.797575,0.07008162099504471,2026-02-02T13:14:56.149511121Z,bellOnAction,2026-02-02 13:14:58.157151+00:00,2026-02-02 13:14:58.157214+00:00
7215546bca9fcfd9b67f22ca7c77e8ca,2026-02-02T13:14:56.797575,0.07008162099504471,2026-02-02T13:14:56.149511121Z,lightOnAction,2026-02-02 13:14:58.156902+00:00,2026-02-02 13:14:58.157035+00:00
7215546bca9fcfd9b67f22ca7c77e8ca,2026-02-02T13:14:56.797575,0.07008162099504471,2026-02-02T13:14:56.149511121Z,lightOnInvocation,2026-02-02 13:14:56.155591+00:00,2026-02-02 13:14:56.155681+00:00
7215546bca9fcfd9b67f22ca7c77e8ca,2026-02-02T13:14:56.797575,0.07008162099504471,2026-02-02T13:14:56.149511121Z,bellOnInvocation,2026-02-02 13:14:56.158549+00:00,2026-02-02 13:14:56.158629+00:00
ed1ad258a7b40d1d48da880637703fbb,2026-02-02T13:16:19.275317,0.08382817255681753,2026-02-02T13:16:18.637027245Z,gateDownAction,2026-02-02 13:16:20.647558+00:00,2026-02-02 13:16:20.647614+00:00
ed1ad258a7b40d1d48da880637703fbb,2026-02-02T13:16:19.275317,0.08382817255681753,2026-02-02T13:16:18.637027245Z,lightOnInvocation,2026-02-02 13:16:18.645261+00:00,2026-02-02 13:16:18.645408+00:00
ed1ad258a7b40d1d48da880637703fbb,2026-02-02T13:16:19.275317,0.08382817255681753,2026-02-02T13:16:18.637027245Z,bellOnInvocation,2026-02-02 13:16:18.648240+00:00,2026-02-02 13:16:18.648343+00:00
ed1ad258a7b40d1d48da880637703fbb,2026-02-02T13:16:19.275317,0.08382817255681753,2026-02-02T13:16:18.637027245Z,lightOnInvocation,2026-02-02 13:16:18.642894+00:00,2026-02-02 13:16:18.643080+00:00
ed1ad258a7b40d1d48da880637703fbb,2026-02-02T13:16:19.275317,0.08382817255681753,2026-02-02T13:16:18.637027245Z,lightOnAction,2026-02-02 13:16:20.647833+00:00,2026-02-02 13:16:20.647913+00:00
ed1ad258a7b40d1d48da880637703fbb,2026-02-02T13:16:19.275317,0.08382817255681753,2026-02-02T13:16:18.637027245Z,lightOnAction,2026-02-02 13:16:20.643998+00:00,2026-02-02 13:16:20.644089+00:00
ed1ad258a7b40d1d48da880637703fbb,2026-02-02T13:16:19.275317,0.08382817255681753,2026-02-02T13:16:18.637027245Z,gateDownAction,2026-02-02 13:16:20.644274+00:00,2026-02-02 13:16:20.644358+00:00
ed1ad258a7b40d1d48da880637703fbb,2026-02-02T13:16:19.275317,0.08382817255681753,2026-02-02T13:16:18.637027245Z,bellOnAction,2026-02-02 13:16:20.649112+00:00,2026-02-02 13:16:20.649179+00:00
ed1ad258a7b40d1d48da880637703fbb,2026-02-02T13:16:19.275317,0.08382817255681753,2026-02-02T13:16:18.637027245Z,bellOnAction,2026-02-02 13:16:20.647128+00:00,2026-02-02 13:16:20.647212+00:00
ed1ad258a7b40d1d48da880637703fbb,2026-02-02T13:16:19.275317,0.08382817255681753,2026-02-02T13:16:18.637027245Z,gateDownInvocation,2026-02-02 13:16:18.646908+00:00,2026-02-02 13:16:18.647094+00:00
ed1ad258a7b40d1d48da880637703fbb,2026-02-02T13:16:19.275317,0.08382817255681753,2026-02-02T13:16:18.637027245Z,bellOnInvocation,2026-02-02 13:16:18.645061+00:00,2026-02-02 13:16:18.645256+00:00
ed1ad258a7b40d1d48da880637703fbb,2026-02-02T13:16:19.275317,0.08382817255681753,2026-02-02T13:16:18.637027245Z,gateDownInvocation,2026-02-02 13:16:18.642909+00:00,2026-02-02 13:16:18.643263+00:00
bfbcd8030d809cbfee218b9bf4c5421b,2026-02-02T13:09:36.701985,0.01689848644422293,2026-02-02T13:09:37.018690357Z,gateUpInvocation,2026-02-02 13:09:37.027488+00:00,2026-02-02 13:09:37.027627+00:00
bfbcd8030d809cbfee218b9bf4c5421b,2026-02-02T13:09:36.701985,0.01689848644422293,2026-02-02T13:09:37.018690357Z,gateUpInvocation,2026-02-02 13:09:37.027023+00:00,2026-02-02 13:09:37.027166+00:00
bfbcd8030d809cbfee218b9bf4c5421b,2026-02-02T13:09:36.701985,0.01689848644422293,2026-02-02T13:09:37.018690357Z,lightOffInvocation,2026-02-02 13:09:37.028649+00:00,2026-02-02 13:09:37.028784+00:00
bfbcd8030d809cbfee218b9bf4c5421b,2026-02-02T13:09:36.701985,0.01689848644422293,2026-02-02T13:09:37.018690357Z,bellOffInvocation,2026-02-02 13:09:37.033056+00:00,2026-02-02 13:09:37.033118+00:00
bfbcd8030d809cbfee218b9bf4c5421b,2026-02-02T13:09:36.701985,0.01689848644422293,2026-02-02T13:09:37.018690357Z,lightOffInvocation,2026-02-02 13:09:37.026950+00:00,2026-02-02 13:09:37.027078+00:00
bfbcd8030d809cbfee218b9bf4c5421b,2026-02-02T13:09:36.701985,0.01689848644422293,2026-02-02T13:09:37.018690357Z,bellOffInvocation,2026-02-02 13:09:37.031898+00:00,2026-02-02 13:09:37.031996+00:00
a6f3969b3b0df2f0948853099673128e,2026-02-02T13:11:07.318777,0.031998877268767364,2026-02-02T13:11:07.630171358Z,lightOffInvocation,2026-02-02 13:11:07.638684+00:00,2026-02-02 13:11:07.638779+00:00
a6f3969b3b0df2f0948853099673128e,2026-02-02T13:11:07.318777,0.031998877268767364,2026-02-02T13:11:07.630171358Z,gateUpInvocation,2026-02-02 13:11:07.638675+00:00,2026-02-02 13:11:07.638731+00:00
a6f3969b3b0df2f0948853099673128e,2026-02-02T13:11:07.318777,0.031998877268767364,2026-02-02T13:11:07.630171358Z,bellOffInvocation,2026-02-02 13:11:07.639350+00:00,2026-02-02 13:11:07.639413+00:00
a6f3969b3b0df2f0948853099673128e,2026-02-02T13:11:07.318777,0.031998877268767364,2026-02-02T13:11:07.630171358Z,lightOffInvocation,2026-02-02 13:11:07.638377+00:00,2026-02-02 13:11:07.638453+00:00
a6f3969b3b0df2f0948853099673128e,2026-02-02T13:11:07.318777,0.031998877268767364,2026-02-02T13:11:07.630171358Z,bellOffInvocation,2026-02-02 13:11:07.640091+00:00,2026-02-02 13:11:07.640162+00:00
a6f3969b3b0df2f0948853099673128e,2026-02-02T13:11:07.318777,0.031998877268767364,2026-02-02T13:11:07.630171358Z,gateUpInvocation,2026-02-02 13:11:07.638284+00:00,2026-02-02 13:11:07.638349+00:00
14305817bf50e32a4a8aa7f85a3fd907,2026-02-02T13:15:53.276360,0.0796600173855424,2026-02-02T13:15:53.625660937Z,bellOffInvocation,2026-02-02 13:15:53.634777+00:00,2026-02-02 13:15:53.634952+00:00
14305817bf50e32a4a8aa7f85a3fd907,2026-02-02T13:15:53.276360,0.0796600173855424,2026-02-02T13:15:53.625660937Z,gateUpInvocation,2026-02-02 13:15:53.632701+00:00,2026-02-02 13:15:53.632813+00:00
14305817bf50e32a4a8aa7f85a3fd907,2026-02-02T13:15:53.276360,0.0796600173855424,2026-02-02T13:15:53.625660937Z,gateUpInvocation,2026-02-02 13:15:53.632580+00:00,2026-02-02 13:15:53.632695+00:00
14305817bf50e32a4a8aa7f85a3fd907,2026-02-02T13:15:53.276360,0.0796600173855424,2026-02-02T13:15:53.625660937Z,bellOffInvocation,2026-02-02 13:15:53.636715+00:00,2026-02-02 13:15:53.636776+00:00
14305817bf50e32a4a8aa7f85a3fd907,2026-02-02T13:15:53.276360,0.0796600173855424,2026-02-02T13:15:53.625660937Z,lightOffInvocation,2026-02-02 13:15:53.632911+00:00,2026-02-02 13:15:53.633034+00:00
14305817bf50e32a4a8aa7f85a3fd907,2026-02-02T13:15:53.276360,0.0796600173855424,2026-02-02T13:15:53.625660937Z,lightOffInvocation,2026-02-02 13:15:53.632724+00:00,2026-02-02 13:15:53.632818+00:00
2d78edf4be1b3df591eda63167cb8f59,2026-02-02T13:10:41.400929,0.027681718711662296,2026-02-02T13:10:41.724626967Z,bellOffInvocation,2026-02-02 13:10:41.737370+00:00,2026-02-02 13:10:41.737527+00:00
2d78edf4be1b3df591eda63167cb8f59,2026-02-02T13:10:41.400929,0.027681718711662296,2026-02-02T13:10:41.724626967Z,lightOffInvocation,2026-02-02 13:10:41.734799+00:00,2026-02-02 13:10:41.734972+00:00
2d78edf4be1b3df591eda63167cb8f59,2026-02-02T13:10:41.400929,0.027681718711662296,2026-02-02T13:10:41.724626967Z,lightOffInvocation,2026-02-02 13:10:41.733975+00:00,2026-02-02 13:10:41.734142+00:00
2d78edf4be1b3df591eda63167cb8f59,2026-02-02T13:10:41.400929,0.027681718711662296,2026-02-02T13:10:41.724626967Z,gateUpInvocation,2026-02-02 13:10:41.736251+00:00,2026-02-02 13:10:41.736397+00:00
2d78edf4be1b3df591eda63167cb8f59,2026-02-02T13:10:41.400929,0.027681718711662296,2026-02-02T13:10:41.724626967Z,bellOffInvocation,2026-02-02 13:10:41.737877+00:00,2026-02-02 13:10:41.738035+00:00
2d78edf4be1b3df591eda63167cb8f59,2026-02-02T13:10:41.400929,0.027681718711662296,2026-02-02T13:10:41.724626967Z,gateUpInvocation,2026-02-02 13:10:41.734632+00:00,2026-02-02 13:10:41.734790+00:00
3d0e280dc780ad4b61ca536b35bd7c20,2026-02-02T13:15:09.792027,0.07224512936291695,2026-02-02T13:15:09.131954446Z,bellOnAction,2026-02-02 13:15:11.149052+00:00,2026-02-02 13:15:11.149079+00:00
3d0e280dc780ad4b61ca536b35bd7c20,2026-02-02T13:15:09.792027,0.07224512936291695,2026-02-02T13:15:09.131954446Z,gateDownInvocation,2026-02-02 13:15:09.142731+00:00,2026-02-02 13:15:09.142866+00:00
3d0e280dc780ad4b61ca536b35bd7c20,2026-02-02T13:15:09.792027,0.07224512936291695,2026-02-02T13:15:09.131954446Z,bellOnInvocation,2026-02-02 13:15:09.147643+00:00,2026-02-02 13:15:09.147724+00:00
3d0e280dc780ad4b61ca536b35bd7c20,2026-02-02T13:15:09.792027,0.07224512936291695,2026-02-02T13:15:09.131954446Z,gateDownAction,2026-02-02 13:15:11.144653+00:00,2026-02-02 13:15:11.144688+00:00
3d0e280dc780ad4b61ca536b35bd7c20,2026-02-02T13:15:09.792027,0.07224512936291695,2026-02-02T13:15:09.131954446Z,lightOnInvocation,2026-02-02 13:15:09.145505+00:00,2026-02-02 13:15:09.145563+00:00
3d0e280dc780ad4b61ca536b35bd7c20,2026-02-02T13:15:09.792027,0.07224512936291695,2026-02-02T13:15:09.131954446Z,lightOnInvocation,2026-02-02 13:15:09.143488+00:00,2026-02-02 13:15:09.143550+00:00
3d0e280dc780ad4b61ca536b35bd7c20,2026-02-02T13:15:09.792027,0.07224512936291695,2026-02-02T13:15:09.131954446Z,bellOnInvocation,2026-02-02 13:15:09.144752+00:00,2026-02-02 13:15:09.144802+00:00
3d0e280dc780ad4b61ca536b35bd7c20,2026-02-02T13:15:09.792027,0.07224512936291695,2026-02-02T13:15:09.131954446Z,gateDownAction,2026-02-02 13:15:11.144512+00:00,2026-02-02 13:15:11.144553+00:00
3d0e280dc780ad4b61ca536b35bd7c20,2026-02-02T13:15:09.792027,0.07224512936291695,2026-02-02T13:15:09.131954446Z,lightOnAction,2026-02-02 13:15:11.146323+00:00,2026-02-02 13:15:11.146355+00:00
3d0e280dc780ad4b61ca536b35bd7c20,2026-02-02T13:15:09.792027,0.07224512936291695,2026-02-02T13:15:09.131954446Z,lightOnAction,2026-02-02 13:15:11.143672+00:00,2026-02-02 13:15:11.143713+00:00
3d0e280dc780ad4b61ca536b35bd7c20,2026-02-02T13:15:09.792027,0.07224512936291695,2026-02-02T13:15:09.131954446Z,gateDownInvocation,2026-02-02 13:15:09.142755+00:00,2026-02-02 13:15:09.142857+00:00
3d0e280dc780ad4b61ca536b35bd7c20,2026-02-02T13:15:09.792027,0.07224512936291695,2026-02-02T13:15:09.131954446Z,bellOnAction,2026-02-02 13:15:11.147799+00:00,2026-02-02 13:15:11.147829+00:00
2864d5573f16f382afefa56e9545f06e,2026-02-02T13:15:57.577017,0.08038046312805415,2026-02-02T13:15:57.948809665Z,bellOffInvocation,2026-02-02 13:15:57.963277+00:00,2026-02-02 13:15:57.963365+00:00
2864d5573f16f382afefa56e9545f06e,2026-02-02T13:15:57.577017,0.08038046312805415,2026-02-02T13:15:57.948809665Z,gateUpInvocation,2026-02-02 13:15:57.959533+00:00,2026-02-02 13:15:57.959648+00:00
2864d5573f16f382afefa56e9545f06e,2026-02-02T13:15:57.577017,0.08038046312805415,2026-02-02T13:15:57.948809665Z,bellOffInvocation,2026-02-02 13:15:57.958514+00:00,2026-02-02 13:15:57.958594+00:00
2864d5573f16f382afefa56e9545f06e,2026-02-02T13:15:57.577017,0.08038046312805415,2026-02-02T13:15:57.948809665Z,lightOffInvocation,2026-02-02 13:15:57.961436+00:00,2026-02-02 13:15:57.961626+00:00
2864d5573f16f382afefa56e9545f06e,2026-02-02T13:15:57.577017,0.08038046312805415,2026-02-02T13:15:57.948809665Z,gateUpInvocation,2026-02-02 13:15:57.956271+00:00,2026-02-02 13:15:57.956540+00:00
2864d5573f16f382afefa56e9545f06e,2026-02-02T13:15:57.577017,0.08038046312805415,2026-02-02T13:15:57.948809665Z,lightOffInvocation,2026-02-02 13:15:57.955766+00:00,2026-02-02 13:15:57.955900+00:00
8759b9d3ab7837ebc2d96b4db34e4ff0,2026-02-02T13:17:07.007708,0.09194429671242238,2026-02-02T13:17:07.338674425Z,lightOffInvocation,2026-02-02 13:17:07.358295+00:00,2026-02-02 13:17:07.358380+00:00
8759b9d3ab7837ebc2d96b4db34e4ff0,2026-02-02T13:17:07.007708,0.09194429671242238,2026-02-02T13:17:07.338674425Z,gateUpInvocation,2026-02-02 13:17:07.356884+00:00,2026-02-02 13:17:07.356989+00:00
8759b9d3ab7837ebc2d96b4db34e4ff0,2026-02-02T13:17:07.007708,0.09194429671242238,2026-02-02T13:17:07.338674425Z,lightOffInvocation,2026-02-02 13:17:07.348831+00:00,2026-02-02 13:17:07.348921+00:00
8759b9d3ab7837ebc2d96b4db34e4ff0,2026-02-02T13:17:07.007708,0.09194429671242238,2026-02-02T13:17:07.338674425Z,bellOffInvocation,2026-02-02 13:17:07.356125+00:00,2026-02-02 13:17:07.356220+00:00
8759b9d3ab7837ebc2d96b4db34e4ff0,2026-02-02T13:17:07.007708,0.09194429671242238,2026-02-02T13:17:07.338674425Z,gateUpInvocation,2026-02-02 13:17:07.348795+00:00,2026-02-02 13:17:07.348873+00:00
8759b9d3ab7837ebc2d96b4db34e4ff0,2026-02-02T13:17:07.007708,0.09194429671242238,2026-02-02T13:17:07.338674425Z,bellOffInvocation,2026-02-02 13:17:07.354564+00:00,2026-02-02 13:17:07.354662+00:00
20d1f802f3391908072f66e6bf2255c0,2026-02-02T13:09:53.957281,0.019774453893852236,2026-02-02T13:09:54.276310131Z,lightOffInvocation,2026-02-02 13:09:54.285739+00:00,2026-02-02 13:09:54.285954+00:00
20d1f802f3391908072f66e6bf2255c0,2026-02-02T13:09:53.957281,0.019774453893852236,2026-02-02T13:09:54.276310131Z,bellOffInvocation,2026-02-02 13:09:54.290045+00:00,2026-02-02 13:09:54.290148+00:00
20d1f802f3391908072f66e6bf2255c0,2026-02-02T13:09:53.957281,0.019774453893852236,2026-02-02T13:09:54.276310131Z,lightOffInvocation,2026-02-02 13:09:54.285595+00:00,2026-02-02 13:09:54.285730+00:00
20d1f802f3391908072f66e6bf2255c0,2026-02-02T13:09:53.957281,0.019774453893852236,2026-02-02T13:09:54.276310131Z,bellOffInvocation,2026-02-02 13:09:54.291748+00:00,2026-02-02 13:09:54.291831+00:00
20d1f802f3391908072f66e6bf2255c0,2026-02-02T13:09:53.957281,0.019774453893852236,2026-02-02T13:09:54.276310131Z,gateUpInvocation,2026-02-02 13:09:54.285641+00:00,2026-02-02 13:09:54.285775+00:00
20d1f802f3391908072f66e6bf2255c0,2026-02-02T13:09:53.957281,0.019774453893852236,2026-02-02T13:09:54.276310131Z,gateUpInvocation,2026-02-02 13:09:54.285712+00:00,2026-02-02 13:09:54.285979+00:00
7a8ddaa51be755f4bb1a9de0ca928729,2026-02-02T13:15:18.475484,0.07385786407862903,2026-02-02T13:15:18.809285984Z,lightOffInvocation,2026-02-02 13:15:18.816440+00:00,2026-02-02 13:15:18.816521+00:00
7a8ddaa51be755f4bb1a9de0ca928729,2026-02-02T13:15:18.475484,0.07385786407862903,2026-02-02T13:15:18.809285984Z,lightOffInvocation,2026-02-02 13:15:18.815191+00:00,2026-02-02 13:15:18.815303+00:00
7a8ddaa51be755f4bb1a9de0ca928729,2026-02-02T13:15:18.475484,0.07385786407862903,2026-02-02T13:15:18.809285984Z,gateUpInvocation,2026-02-02 13:15:18.817925+00:00,2026-02-02 13:15:18.818036+00:00
7a8ddaa51be755f4bb1a9de0ca928729,2026-02-02T13:15:18.475484,0.07385786407862903,2026-02-02T13:15:18.809285984Z,bellOffInvocation,2026-02-02 13:15:18.820026+00:00,2026-02-02 13:15:18.820108+00:00
7a8ddaa51be755f4bb1a9de0ca928729,2026-02-02T13:15:18.475484,0.07385786407862903,2026-02-02T13:15:18.809285984Z,gateUpInvocation,2026-02-02 13:15:18.815192+00:00,2026-02-02 13:15:18.815309+00:00
7a8ddaa51be755f4bb1a9de0ca928729,2026-02-02T13:15:18.475484,0.07385786407862903,2026-02-02T13:15:18.809285984Z,bellOffInvocation,2026-02-02 13:15:18.818874+00:00,2026-02-02 13:15:18.818945+00:00
5d0396304312ed440bb9cecfe6a7de80,2026-02-02T13:08:27.799356,0.0054131272024035455,2026-02-02T13:08:28.099670633Z,lightOffInvocation,2026-02-02 13:08:28.113090+00:00,2026-02-02 13:08:28.115030+00:00
5d0396304312ed440bb9cecfe6a7de80,2026-02-02T13:08:27.799356,0.0054131272024035455,2026-02-02T13:08:28.099670633Z,gateUpInvocation,2026-02-02 13:08:28.119046+00:00,2026-02-02 13:08:28.119143+00:00
5d0396304312ed440bb9cecfe6a7de80,2026-02-02T13:08:27.799356,0.0054131272024035455,2026-02-02T13:08:28.099670633Z,bellOffInvocation,2026-02-02 13:08:28.118933+00:00,2026-02-02 13:08:28.119022+00:00
5d0396304312ed440bb9cecfe6a7de80,2026-02-02T13:08:27.799356,0.0054131272024035455,2026-02-02T13:08:28.099670633Z,bellOffInvocation,2026-02-02 13:08:28.115802+00:00,2026-02-02 13:08:28.115877+00:00
5d0396304312ed440bb9cecfe6a7de80,2026-02-02T13:08:27.799356,0.0054131272024035455,2026-02-02T13:08:28.099670633Z,gateUpInvocation,2026-02-02 13:08:28.112799+00:00,2026-02-02 13:08:28.113009+00:00
5d0396304312ed440bb9cecfe6a7de80,2026-02-02T13:08:27.799356,0.0054131272024035455,2026-02-02T13:08:28.099670633Z,lightOffInvocation,2026-02-02 13:08:28.112265+00:00,2026-02-02 13:08:28.112448+00:00
2e6709eed2c3265d26000374bf42e2c8,2026-02-02T13:10:32.778246,0.02624208595085144,2026-02-02T13:10:33.08606061Z,lightOffInvocation,2026-02-02 13:10:33.095801+00:00,2026-02-02 13:10:33.095898+00:00
2e6709eed2c3265d26000374bf42e2c8,2026-02-02T13:10:32.778246,0.02624208595085144,2026-02-02T13:10:33.08606061Z,lightOffInvocation,2026-02-02 13:10:33.095793+00:00,2026-02-02 13:10:33.095893+00:00
2e6709eed2c3265d26000374bf42e2c8,2026-02-02T13:10:32.778246,0.02624208595085144,2026-02-02T13:10:33.08606061Z,bellOffInvocation,2026-02-02 13:10:33.101033+00:00,2026-02-02 13:10:33.101408+00:00
2e6709eed2c3265d26000374bf42e2c8,2026-02-02T13:10:32.778246,0.02624208595085144,2026-02-02T13:10:33.08606061Z,gateUpInvocation,2026-02-02 13:10:33.095766+00:00,2026-02-02 13:10:33.095874+00:00
2e6709eed2c3265d26000374bf42e2c8,2026-02-02T13:10:32.778246,0.02624208595085144,2026-02-02T13:10:33.08606061Z,gateUpInvocation,2026-02-02 13:10:33.095767+00:00,2026-02-02 13:10:33.095884+00:00
2e6709eed2c3265d26000374bf42e2c8,2026-02-02T13:10:32.778246,0.02624208595085144,2026-02-02T13:10:33.08606061Z,bellOffInvocation,2026-02-02 13:10:33.105541+00:00,2026-02-02 13:10:33.105617+00:00
179ba8787549b8b9b6e1abd4f4715d16,2026-02-02T13:10:58.661667,0.03055692774816752,2026-02-02T13:10:58.977572956Z,lightOffInvocation,2026-02-02 13:10:58.988769+00:00,2026-02-02 13:10:58.988941+00:00
179ba8787549b8b9b6e1abd4f4715d16,2026-02-02T13:10:58.661667,0.03055692774816752,2026-02-02T13:10:58.977572956Z,bellOffInvocation,2026-02-02 13:10:59.001999+00:00,2026-02-02 13:10:59.002145+00:00
179ba8787549b8b9b6e1abd4f4715d16,2026-02-02T13:10:58.661667,0.03055692774816752,2026-02-02T13:10:58.977572956Z,lightOffInvocation,2026-02-02 13:10:58.992135+00:00,2026-02-02 13:10:58.992304+00:00
179ba8787549b8b9b6e1abd4f4715d16,2026-02-02T13:10:58.661667,0.03055692774816752,2026-02-02T13:10:58.977572956Z,bellOffInvocation,2026-02-02 13:10:58.995186+00:00,2026-02-02 13:10:58.995336+00:00
179ba8787549b8b9b6e1abd4f4715d16,2026-02-02T13:10:58.661667,0.03055692774816752,2026-02-02T13:10:58.977572956Z,gateUpInvocation,2026-02-02 13:10:58.992164+00:00,2026-02-02 13:10:58.992328+00:00
179ba8787549b8b9b6e1abd4f4715d16,2026-02-02T13:10:58.661667,0.03055692774816752,2026-02-02T13:10:58.977572956Z,gateUpInvocation,2026-02-02 13:10:58.989080+00:00,2026-02-02 13:10:58.989221+00:00
6d5d585c23b73b343b5c1b3cf623a81b,2026-02-02T13:12:33.739605,0.046403978200531014,2026-02-02T13:12:34.069514416Z,bellOffInvocation,2026-02-02 13:12:34.086227+00:00,2026-02-02 13:12:34.086324+00:00
6d5d585c23b73b343b5c1b3cf623a81b,2026-02-02T13:12:33.739605,0.046403978200531014,2026-02-02T13:12:34.069514416Z,lightOffInvocation,2026-02-02 13:12:34.082278+00:00,2026-02-02 13:12:34.082407+00:00
6d5d585c23b73b343b5c1b3cf623a81b,2026-02-02T13:12:33.739605,0.046403978200531014,2026-02-02T13:12:34.069514416Z,bellOffInvocation,2026-02-02 13:12:34.087001+00:00,2026-02-02 13:12:34.087179+00:00
6d5d585c23b73b343b5c1b3cf623a81b,2026-02-02T13:12:33.739605,0.046403978200531014,2026-02-02T13:12:34.069514416Z,gateUpInvocation,2026-02-02 13:12:34.081694+00:00,2026-02-02 13:12:34.081821+00:00
6d5d585c23b73b343b5c1b3cf623a81b,2026-02-02T13:12:33.739605,0.046403978200531014,2026-02-02T13:12:34.069514416Z,gateUpInvocation,2026-02-02 13:12:34.078402+00:00,2026-02-02 13:12:34.078514+00:00
6d5d585c23b73b343b5c1b3cf623a81b,2026-02-02T13:12:33.739605,0.046403978200531014,2026-02-02T13:12:34.069514416Z,lightOffInvocation,2026-02-02 13:12:34.080122+00:00,2026-02-02 13:12:34.080231+00:00
edc6eb9ccce97f37e3c018e3ab832940,2026-02-02T13:12:16.424526,0.04335318087121249,2026-02-02T13:12:15.762869267Z,bellOnAction,2026-02-02 13:12:17.773409+00:00,2026-02-02 13:12:17.773478+00:00
edc6eb9ccce97f37e3c018e3ab832940,2026-02-02T13:12:16.424526,0.04335318087121249,2026-02-02T13:12:15.762869267Z,lightOnAction,2026-02-02 13:12:17.771837+00:00,2026-02-02 13:12:17.771917+00:00
edc6eb9ccce97f37e3c018e3ab832940,2026-02-02T13:12:16.424526,0.04335318087121249,2026-02-02T13:12:15.762869267Z,gateDownInvocation,2026-02-02 13:12:15.770767+00:00,2026-02-02 13:12:15.770885+00:00
edc6eb9ccce97f37e3c018e3ab832940,2026-02-02T13:12:16.424526,0.04335318087121249,2026-02-02T13:12:15.762869267Z,bellOnAction,2026-02-02 13:12:17.772972+00:00,2026-02-02 13:12:17.773068+00:00
edc6eb9ccce97f37e3c018e3ab832940,2026-02-02T13:12:16.424526,0.04335318087121249,2026-02-02T13:12:15.762869267Z,gateDownAction,2026-02-02 13:12:17.772171+00:00,2026-02-02 13:12:17.772251+00:00
edc6eb9ccce97f37e3c018e3ab832940,2026-02-02T13:12:16.424526,0.04335318087121249,2026-02-02T13:12:15.762869267Z,bellOnInvocation,2026-02-02 13:12:15.771996+00:00,2026-02-02 13:12:15.772058+00:00
edc6eb9ccce97f37e3c018e3ab832940,2026-02-02T13:12:16.424526,0.04335318087121249,2026-02-02T13:12:15.762869267Z,gateDownAction,2026-02-02 13:12:17.771451+00:00,2026-02-02 13:12:17.771541+00:00
edc6eb9ccce97f37e3c018e3ab832940,2026-02-02T13:12:16.424526,0.04335318087121249,2026-02-02T13:12:15.762869267Z,gateDownInvocation,2026-02-02 13:12:15.770757+00:00,2026-02-02 13:12:15.770988+00:00
edc6eb9ccce97f37e3c018e3ab832940,2026-02-02T13:12:16.424526,0.04335318087121249,2026-02-02T13:12:15.762869267Z,lightOnAction,2026-02-02 13:12:17.772282+00:00,2026-02-02 13:12:17.772362+00:00
edc6eb9ccce97f37e3c018e3ab832940,2026-02-02T13:12:16.424526,0.04335318087121249,2026-02-02T13:12:15.762869267Z,lightOnInvocation,2026-02-02 13:12:15.770869+00:00,2026-02-02 13:12:15.770965+00:00
edc6eb9ccce97f37e3c018e3ab832940,2026-02-02T13:12:16.424526,0.04335318087121249,2026-02-02T13:12:15.762869267Z,bellOnInvocation,2026-02-02 13:12:15.773514+00:00,2026-02-02 13:12:15.773578+00:00
edc6eb9ccce97f37e3c018e3ab832940,2026-02-02T13:12:16.424526,0.04335318087121249,2026-02-02T13:12:15.762869267Z,lightOnInvocation,2026-02-02 13:12:15.770813+00:00,2026-02-02 13:12:15.770888+00:00
cbee9bed4ea9fe9f8cb2e06a63bcc21f,2026-02-02T13:10:45.719912,0.02840154220417738,2026-02-02T13:10:46.044004306Z,bellOffInvocation,2026-02-02 13:10:46.057323+00:00,2026-02-02 13:10:46.057415+00:00
cbee9bed4ea9fe9f8cb2e06a63bcc21f,2026-02-02T13:10:45.719912,0.02840154220417738,2026-02-02T13:10:46.044004306Z,bellOffInvocation,2026-02-02 13:10:46.055732+00:00,2026-02-02 13:10:46.055859+00:00
cbee9bed4ea9fe9f8cb2e06a63bcc21f,2026-02-02T13:10:45.719912,0.02840154220417738,2026-02-02T13:10:46.044004306Z,lightOffInvocation,2026-02-02 13:10:46.054661+00:00,2026-02-02 13:10:46.054817+00:00
cbee9bed4ea9fe9f8cb2e06a63bcc21f,2026-02-02T13:10:45.719912,0.02840154220417738,2026-02-02T13:10:46.044004306Z,gateUpInvocation,2026-02-02 13:10:46.052750+00:00,2026-02-02 13:10:46.052893+00:00
cbee9bed4ea9fe9f8cb2e06a63bcc21f,2026-02-02T13:10:45.719912,0.02840154220417738,2026-02-02T13:10:46.044004306Z,gateUpInvocation,2026-02-02 13:10:46.053102+00:00,2026-02-02 13:10:46.053374+00:00
cbee9bed4ea9fe9f8cb2e06a63bcc21f,2026-02-02T13:10:45.719912,0.02840154220417738,2026-02-02T13:10:46.044004306Z,lightOffInvocation,2026-02-02 13:10:46.050758+00:00,2026-02-02 13:10:46.052991+00:00
3a8a8f289b7fecb8457ceded2e1a16f8,2026-02-02T13:16:10.603807,0.08237882707788945,2026-02-02T13:16:09.940184106Z,lightOnInvocation,2026-02-02 13:16:09.947401+00:00,2026-02-02 13:16:09.947618+00:00
3a8a8f289b7fecb8457ceded2e1a16f8,2026-02-02T13:16:10.603807,0.08237882707788945,2026-02-02T13:16:09.940184106Z,gateDownAction,2026-02-02 13:16:11.948551+00:00,2026-02-02 13:16:11.948594+00:00
3a8a8f289b7fecb8457ceded2e1a16f8,2026-02-02T13:16:10.603807,0.08237882707788945,2026-02-02T13:16:09.940184106Z,bellOnInvocation,2026-02-02 13:16:09.951910+00:00,2026-02-02 13:16:09.952077+00:00
3a8a8f289b7fecb8457ceded2e1a16f8,2026-02-02T13:16:10.603807,0.08237882707788945,2026-02-02T13:16:09.940184106Z,lightOnAction,2026-02-02 13:16:11.948103+00:00,2026-02-02 13:16:11.948148+00:00
3a8a8f289b7fecb8457ceded2e1a16f8,2026-02-02T13:16:10.603807,0.08237882707788945,2026-02-02T13:16:09.940184106Z,gateDownInvocation,2026-02-02 13:16:09.946602+00:00,2026-02-02 13:16:09.946869+00:00
3a8a8f289b7fecb8457ceded2e1a16f8,2026-02-02T13:16:10.603807,0.08237882707788945,2026-02-02T13:16:09.940184106Z,lightOnInvocation,2026-02-02 13:16:09.946749+00:00,2026-02-02 13:16:09.946942+00:00
3a8a8f289b7fecb8457ceded2e1a16f8,2026-02-02T13:16:10.603807,0.08237882707788945,2026-02-02T13:16:09.940184106Z,gateDownAction,2026-02-02 13:16:11.947824+00:00,2026-02-02 13:16:11.947873+00:00
3a8a8f289b7fecb8457ceded2e1a16f8,2026-02-02T13:16:10.603807,0.08237882707788945,2026-02-02T13:16:09.940184106Z,bellOnAction,2026-02-02 13:16:11.950493+00:00,2026-02-02 13:16:11.950526+00:00
3a8a8f289b7fecb8457ceded2e1a16f8,2026-02-02T13:16:10.603807,0.08237882707788945,2026-02-02T13:16:09.940184106Z,bellOnInvocation,2026-02-02 13:16:09.949880+00:00,2026-02-02 13:16:09.950086+00:00
3a8a8f289b7fecb8457ceded2e1a16f8,2026-02-02T13:16:10.603807,0.08237882707788945,2026-02-02T13:16:09.940184106Z,lightOnAction,2026-02-02 13:16:11.949153+00:00,2026-02-02 13:16:11.949204+00:00
3a8a8f289b7fecb8457ceded2e1a16f8,2026-02-02T13:16:10.603807,0.08237882707788945,2026-02-02T13:16:09.940184106Z,bellOnAction,2026-02-02 13:16:11.952782+00:00,2026-02-02 13:16:11.952814+00:00
3a8a8f289b7fecb8457ceded2e1a16f8,2026-02-02T13:16:10.603807,0.08237882707788945,2026-02-02T13:16:09.940184106Z,gateDownInvocation,2026-02-02 13:16:09.947367+00:00,2026-02-02 13:16:09.947673+00:00
2b4e0e3e2496a875f6ba3be0bcf11dee,2026-02-02T13:10:15.527224,0.023202790730547908,2026-02-02T13:10:14.848328934Z,bellOnAction,2026-02-02 13:10:16.861481+00:00,2026-02-02 13:10:16.861520+00:00
2b4e0e3e2496a875f6ba3be0bcf11dee,2026-02-02T13:10:15.527224,0.023202790730547908,2026-02-02T13:10:14.848328934Z,bellOnInvocation,2026-02-02 13:10:14.862576+00:00,2026-02-02 13:10:14.862773+00:00
2b4e0e3e2496a875f6ba3be0bcf11dee,2026-02-02T13:10:15.527224,0.023202790730547908,2026-02-02T13:10:14.848328934Z,gateDownInvocation,2026-02-02 13:10:14.859842+00:00,2026-02-02 13:10:14.860167+00:00
2b4e0e3e2496a875f6ba3be0bcf11dee,2026-02-02T13:10:15.527224,0.023202790730547908,2026-02-02T13:10:14.848328934Z,gateDownAction,2026-02-02 13:10:16.859563+00:00,2026-02-02 13:10:16.859609+00:00
2b4e0e3e2496a875f6ba3be0bcf11dee,2026-02-02T13:10:15.527224,0.023202790730547908,2026-02-02T13:10:14.848328934Z,lightOnInvocation,2026-02-02 13:10:14.859855+00:00,2026-02-02 13:10:14.860025+00:00
2b4e0e3e2496a875f6ba3be0bcf11dee,2026-02-02T13:10:15.527224,0.023202790730547908,2026-02-02T13:10:14.848328934Z,gateDownAction,2026-02-02 13:10:16.861829+00:00,2026-02-02 13:10:16.861883+00:00
2b4e0e3e2496a875f6ba3be0bcf11dee,2026-02-02T13:10:15.527224,0.023202790730547908,2026-02-02T13:10:14.848328934Z,bellOnInvocation,2026-02-02 13:10:14.860344+00:00,2026-02-02 13:10:14.860532+00:00
2b4e0e3e2496a875f6ba3be0bcf11dee,2026-02-02T13:10:15.527224,0.023202790730547908,2026-02-02T13:10:14.848328934Z,gateDownInvocation,2026-02-02 13:10:14.858300+00:00,2026-02-02 13:10:14.858552+00:00
2b4e0e3e2496a875f6ba3be0bcf11dee,2026-02-02T13:10:15.527224,0.023202790730547908,2026-02-02T13:10:14.848328934Z,lightOnAction,2026-02-02 13:10:16.862600+00:00,2026-02-02 13:10:16.862651+00:00
2b4e0e3e2496a875f6ba3be0bcf11dee,2026-02-02T13:10:15.527224,0.023202790730547908,2026-02-02T13:10:14.848328934Z,lightOnInvocation,2026-02-02 13:10:14.858186+00:00,2026-02-02 13:10:14.858306+00:00
2b4e0e3e2496a875f6ba3be0bcf11dee,2026-02-02T13:10:15.527224,0.023202790730547908,2026-02-02T13:10:14.848328934Z,bellOnAction,2026-02-02 13:10:16.863278+00:00,2026-02-02 13:10:16.863320+00:00
2b4e0e3e2496a875f6ba3be0bcf11dee,2026-02-02T13:10:15.527224,0.023202790730547908,2026-02-02T13:10:14.848328934Z,lightOnAction,2026-02-02 13:10:16.859132+00:00,2026-02-02 13:10:16.859180+00:00
fc2c363b0f9aca859586e40d9c96e596,2026-02-02T13:14:43.780630,0.06807745992091895,2026-02-02T13:14:44.123362057Z,bellOffInvocation,2026-02-02 13:14:44.130582+00:00,2026-02-02 13:14:44.130643+00:00
fc2c363b0f9aca859586e40d9c96e596,2026-02-02T13:14:43.780630,0.06807745992091895,2026-02-02T13:14:44.123362057Z,gateUpInvocation,2026-02-02 13:14:44.132075+00:00,2026-02-02 13:14:44.132140+00:00
fc2c363b0f9aca859586e40d9c96e596,2026-02-02T13:14:43.780630,0.06807745992091895,2026-02-02T13:14:44.123362057Z,gateUpInvocation,2026-02-02 13:14:44.127718+00:00,2026-02-02 13:14:44.127779+00:00
fc2c363b0f9aca859586e40d9c96e596,2026-02-02T13:14:43.780630,0.06807745992091895,2026-02-02T13:14:44.123362057Z,lightOffInvocation,2026-02-02 13:14:44.128505+00:00,2026-02-02 13:14:44.128585+00:00
fc2c363b0f9aca859586e40d9c96e596,2026-02-02T13:14:43.780630,0.06807745992091895,2026-02-02T13:14:44.123362057Z,lightOffInvocation,2026-02-02 13:14:44.129298+00:00,2026-02-02 13:14:44.129359+00:00
fc2c363b0f9aca859586e40d9c96e596,2026-02-02T13:14:43.780630,0.06807745992091895,2026-02-02T13:14:44.123362057Z,bellOffInvocation,2026-02-02 13:14:44.134421+00:00,2026-02-02 13:14:44.134501+00:00
efd62a34ceea7876861fd4927b28f69b,2026-02-02T13:09:32.396482,0.016179488314020635,2026-02-02T13:09:32.704302811Z,gateUpInvocation,2026-02-02 13:09:32.712072+00:00,2026-02-02 13:09:32.712217+00:00
efd62a34ceea7876861fd4927b28f69b,2026-02-02T13:09:32.396482,0.016179488314020635,2026-02-02T13:09:32.704302811Z,gateUpInvocation,2026-02-02 13:09:32.713781+00:00,2026-02-02 13:09:32.713894+00:00
efd62a34ceea7876861fd4927b28f69b,2026-02-02T13:09:32.396482,0.016179488314020635,2026-02-02T13:09:32.704302811Z,lightOffInvocation,2026-02-02 13:09:32.712034+00:00,2026-02-02 13:09:32.712180+00:00
efd62a34ceea7876861fd4927b28f69b,2026-02-02T13:09:32.396482,0.016179488314020635,2026-02-02T13:09:32.704302811Z,lightOffInvocation,2026-02-02 13:09:32.713648+00:00,2026-02-02 13:09:32.713944+00:00
efd62a34ceea7876861fd4927b28f69b,2026-02-02T13:09:32.396482,0.016179488314020635,2026-02-02T13:09:32.704302811Z,bellOffInvocation,2026-02-02 13:09:32.717456+00:00,2026-02-02 13:09:32.717524+00:00
efd62a34ceea7876861fd4927b28f69b,2026-02-02T13:09:32.396482,0.016179488314020635,2026-02-02T13:09:32.704302811Z,bellOffInvocation,2026-02-02 13:09:32.715821+00:00,2026-02-02 13:09:32.715927+00:00
7af385b2bd6f2c6d0e21b8f4c0481f4e,2026-02-02T13:14:39.445687,0.06735523388624191,2026-02-02T13:14:39.7894752Z,gateUpInvocation,2026-02-02 13:14:39.792909+00:00,2026-02-02 13:14:39.792960+00:00
7af385b2bd6f2c6d0e21b8f4c0481f4e,2026-02-02T13:14:39.445687,0.06735523388624191,2026-02-02T13:14:39.7894752Z,gateUpInvocation,2026-02-02 13:14:39.794042+00:00,2026-02-02 13:14:39.794093+00:00
7af385b2bd6f2c6d0e21b8f4c0481f4e,2026-02-02T13:14:39.445687,0.06735523388624191,2026-02-02T13:14:39.7894752Z,bellOffInvocation,2026-02-02 13:14:39.794803+00:00,2026-02-02 13:14:39.794834+00:00
7af385b2bd6f2c6d0e21b8f4c0481f4e,2026-02-02T13:14:39.445687,0.06735523388624191,2026-02-02T13:14:39.7894752Z,bellOffInvocation,2026-02-02 13:14:39.794931+00:00,2026-02-02 13:14:39.794977+00:00
7af385b2bd6f2c6d0e21b8f4c0481f4e,2026-02-02T13:14:39.445687,0.06735523388624191,2026-02-02T13:14:39.7894752Z,lightOffInvocation,2026-02-02 13:14:39.792904+00:00,2026-02-02 13:14:39.792957+00:00
7af385b2bd6f2c6d0e21b8f4c0481f4e,2026-02-02T13:14:39.445687,0.06735523388624191,2026-02-02T13:14:39.7894752Z,lightOffInvocation,2026-02-02 13:14:39.794059+00:00,2026-02-02 13:14:39.794109+00:00
c58785ab788f1390eff9505dd40a2ed9,2026-02-02T13:12:46.718164,0.04856933309457303,2026-02-02T13:12:47.062903537Z,bellOffInvocation,2026-02-02 13:12:47.075064+00:00,2026-02-02 13:12:47.075160+00:00
c58785ab788f1390eff9505dd40a2ed9,2026-02-02T13:12:46.718164,0.04856933309457303,2026-02-02T13:12:47.062903537Z,bellOffInvocation,2026-02-02 13:12:47.073736+00:00,2026-02-02 13:12:47.073867+00:00
c58785ab788f1390eff9505dd40a2ed9,2026-02-02T13:12:46.718164,0.04856933309457303,2026-02-02T13:12:47.062903537Z,lightOffInvocation,2026-02-02 13:12:47.071494+00:00,2026-02-02 13:12:47.071640+00:00
c58785ab788f1390eff9505dd40a2ed9,2026-02-02T13:12:46.718164,0.04856933309457303,2026-02-02T13:12:47.062903537Z,lightOffInvocation,2026-02-02 13:12:47.071467+00:00,2026-02-02 13:12:47.071610+00:00
c58785ab788f1390eff9505dd40a2ed9,2026-02-02T13:12:46.718164,0.04856933309457303,2026-02-02T13:12:47.062903537Z,gateUpInvocation,2026-02-02 13:12:47.071130+00:00,2026-02-02 13:12:47.071271+00:00
c58785ab788f1390eff9505dd40a2ed9,2026-02-02T13:12:46.718164,0.04856933309457303,2026-02-02T13:12:47.062903537Z,gateUpInvocation,2026-02-02 13:12:47.072197+00:00,2026-02-02 13:12:47.072358+00:00
dfdaa2f28ee3a0a474fc53ecb492cc37,2026-02-02T13:15:48.945348,0.07893400389420986,2026-02-02T13:15:49.269167422Z,lightOffInvocation,2026-02-02 13:15:49.276030+00:00,2026-02-02 13:15:49.276125+00:00
dfdaa2f28ee3a0a474fc53ecb492cc37,2026-02-02T13:15:48.945348,0.07893400389420986,2026-02-02T13:15:49.269167422Z,bellOffInvocation,2026-02-02 13:15:49.277278+00:00,2026-02-02 13:15:49.277332+00:00
dfdaa2f28ee3a0a474fc53ecb492cc37,2026-02-02T13:15:48.945348,0.07893400389420986,2026-02-02T13:15:49.269167422Z,lightOffInvocation,2026-02-02 13:15:49.275833+00:00,2026-02-02 13:15:49.276031+00:00
dfdaa2f28ee3a0a474fc53ecb492cc37,2026-02-02T13:15:48.945348,0.07893400389420986,2026-02-02T13:15:49.269167422Z,bellOffInvocation,2026-02-02 13:15:49.278447+00:00,2026-02-02 13:15:49.278501+00:00
dfdaa2f28ee3a0a474fc53ecb492cc37,2026-02-02T13:15:48.945348,0.07893400389420986,2026-02-02T13:15:49.269167422Z,gateUpInvocation,2026-02-02 13:15:49.276129+00:00,2026-02-02 13:15:49.276199+00:00
dfdaa2f28ee3a0a474fc53ecb492cc37,2026-02-02T13:15:48.945348,0.07893400389420986,2026-02-02T13:15:49.269167422Z,gateUpInvocation,2026-02-02 13:15:49.276041+00:00,2026-02-02 13:15:49.276111+00:00
0dc54cec29e3aaa2b3d5330294481971,2026-02-02T13:14:22.105193,0.0642932057411194,2026-02-02T13:14:21.415639923Z,gateDownInvocation,2026-02-02 13:14:21.425494+00:00,2026-02-02 13:14:21.425700+00:00
0dc54cec29e3aaa2b3d5330294481971,2026-02-02T13:14:22.105193,0.0642932057411194,2026-02-02T13:14:21.415639923Z,gateDownAction,2026-02-02 13:14:23.427144+00:00,2026-02-02 13:14:23.427170+00:00
0dc54cec29e3aaa2b3d5330294481971,2026-02-02T13:14:22.105193,0.0642932057411194,2026-02-02T13:14:21.415639923Z,bellOnInvocation,2026-02-02 13:14:21.427255+00:00,2026-02-02 13:14:21.427394+00:00
0dc54cec29e3aaa2b3d5330294481971,2026-02-02T13:14:22.105193,0.0642932057411194,2026-02-02T13:14:21.415639923Z,lightOnInvocation,2026-02-02 13:14:21.425672+00:00,2026-02-02 13:14:21.425907+00:00
0dc54cec29e3aaa2b3d5330294481971,2026-02-02T13:14:22.105193,0.0642932057411194,2026-02-02T13:14:21.415639923Z,gateDownAction,2026-02-02 13:14:23.426449+00:00,2026-02-02 13:14:23.426476+00:00
0dc54cec29e3aaa2b3d5330294481971,2026-02-02T13:14:22.105193,0.0642932057411194,2026-02-02T13:14:21.415639923Z,bellOnAction,2026-02-02 13:14:23.429368+00:00,2026-02-02 13:14:23.429390+00:00
0dc54cec29e3aaa2b3d5330294481971,2026-02-02T13:14:22.105193,0.0642932057411194,2026-02-02T13:14:21.415639923Z,lightOnAction,2026-02-02 13:14:23.426285+00:00,2026-02-02 13:14:23.426314+00:00
0dc54cec29e3aaa2b3d5330294481971,2026-02-02T13:14:22.105193,0.0642932057411194,2026-02-02T13:14:21.415639923Z,lightOnInvocation,2026-02-02 13:14:21.425539+00:00,2026-02-02 13:14:21.425705+00:00
0dc54cec29e3aaa2b3d5330294481971,2026-02-02T13:14:22.105193,0.0642932057411194,2026-02-02T13:14:21.415639923Z,bellOnAction,2026-02-02 13:14:23.428683+00:00,2026-02-02 13:14:23.428705+00:00
0dc54cec29e3aaa2b3d5330294481971,2026-02-02T13:14:22.105193,0.0642932057411194,2026-02-02T13:14:21.415639923Z,bellOnInvocation,2026-02-02 13:14:21.428832+00:00,2026-02-02 13:14:21.428988+00:00
0dc54cec29e3aaa2b3d5330294481971,2026-02-02T13:14:22.105193,0.0642932057411194,2026-02-02T13:14:21.415639923Z,gateDownInvocation,2026-02-02 13:14:21.424886+00:00,2026-02-02 13:14:21.425162+00:00
0dc54cec29e3aaa2b3d5330294481971,2026-02-02T13:14:22.105193,0.0642932057411194,2026-02-02T13:14:21.415639923Z,lightOnAction,2026-02-02 13:14:23.426930+00:00,2026-02-02 13:14:23.426954+00:00
9a34f7b92a226797607997da2c70676e,2026-02-02T13:15:35.865741,0.07675752554146052,2026-02-02T13:15:36.208937801Z,gateUpInvocation,2026-02-02 13:15:36.217007+00:00,2026-02-02 13:15:36.217144+00:00
9a34f7b92a226797607997da2c70676e,2026-02-02T13:15:35.865741,0.07675752554146052,2026-02-02T13:15:36.208937801Z,lightOffInvocation,2026-02-02 13:15:36.216701+00:00,2026-02-02 13:15:36.216856+00:00
9a34f7b92a226797607997da2c70676e,2026-02-02T13:15:35.865741,0.07675752554146052,2026-02-02T13:15:36.208937801Z,bellOffInvocation,2026-02-02 13:15:36.220436+00:00,2026-02-02 13:15:36.220486+00:00
9a34f7b92a226797607997da2c70676e,2026-02-02T13:15:35.865741,0.07675752554146052,2026-02-02T13:15:36.208937801Z,bellOffInvocation,2026-02-02 13:15:36.218521+00:00,2026-02-02 13:15:36.218592+00:00
9a34f7b92a226797607997da2c70676e,2026-02-02T13:15:35.865741,0.07675752554146052,2026-02-02T13:15:36.208937801Z,lightOffInvocation,2026-02-02 13:15:36.217736+00:00,2026-02-02 13:15:36.217924+00:00
9a34f7b92a226797607997da2c70676e,2026-02-02T13:15:35.865741,0.07675752554146052,2026-02-02T13:15:36.208937801Z,gateUpInvocation,2026-02-02 13:15:36.216570+00:00,2026-02-02 13:15:36.216726+00:00
0d966142390a862b6d03077b13706aec,2026-02-02T13:13:08.409582,0.052181475650942326,2026-02-02T13:13:08.737896543Z,bellOffInvocation,2026-02-02 13:13:08.749497+00:00,2026-02-02 13:13:08.749544+00:00
0d966142390a862b6d03077b13706aec,2026-02-02T13:13:08.409582,0.052181475650942326,2026-02-02T13:13:08.737896543Z,bellOffInvocation,2026-02-02 13:13:08.746220+00:00,2026-02-02 13:13:08.746307+00:00
0d966142390a862b6d03077b13706aec,2026-02-02T13:13:08.409582,0.052181475650942326,2026-02-02T13:13:08.737896543Z,gateUpInvocation,2026-02-02 13:13:08.744638+00:00,2026-02-02 13:13:08.744748+00:00
0d966142390a862b6d03077b13706aec,2026-02-02T13:13:08.409582,0.052181475650942326,2026-02-02T13:13:08.737896543Z,lightOffInvocation,2026-02-02 13:13:08.746224+00:00,2026-02-02 13:13:08.746335+00:00
0d966142390a862b6d03077b13706aec,2026-02-02T13:13:08.409582,0.052181475650942326,2026-02-02T13:13:08.737896543Z,lightOffInvocation,2026-02-02 13:13:08.744675+00:00,2026-02-02 13:13:08.744756+00:00
0d966142390a862b6d03077b13706aec,2026-02-02T13:13:08.409582,0.052181475650942326,2026-02-02T13:13:08.737896543Z,gateUpInvocation,2026-02-02 13:13:08.747097+00:00,2026-02-02 13:13:08.747193+00:00
ef590ba8cdf4ed2a1f565ffa619ad029,2026-02-02T13:10:41.400929,0.027512210676622396,2026-02-02T13:10:40.707492643Z,gateDownAction,2026-02-02 13:10:42.716783+00:00,2026-02-02 13:10:42.716965+00:00
ef590ba8cdf4ed2a1f565ffa619ad029,2026-02-02T13:10:41.400929,0.027512210676622396,2026-02-02T13:10:40.707492643Z,gateDownInvocation,2026-02-02 13:10:40.715805+00:00,2026-02-02 13:10:40.715917+00:00
ef590ba8cdf4ed2a1f565ffa619ad029,2026-02-02T13:10:41.400929,0.027512210676622396,2026-02-02T13:10:40.707492643Z,gateDownAction,2026-02-02 13:10:42.714633+00:00,2026-02-02 13:10:42.714725+00:00
ef590ba8cdf4ed2a1f565ffa619ad029,2026-02-02T13:10:41.400929,0.027512210676622396,2026-02-02T13:10:40.707492643Z,lightOnInvocation,2026-02-02 13:10:40.714372+00:00,2026-02-02 13:10:40.714434+00:00
ef590ba8cdf4ed2a1f565ffa619ad029,2026-02-02T13:10:41.400929,0.027512210676622396,2026-02-02T13:10:40.707492643Z,gateDownInvocation,2026-02-02 13:10:40.714485+00:00,2026-02-02 13:10:40.714552+00:00
ef590ba8cdf4ed2a1f565ffa619ad029,2026-02-02T13:10:41.400929,0.027512210676622396,2026-02-02T13:10:40.707492643Z,bellOnAction,2026-02-02 13:10:42.717815+00:00,2026-02-02 13:10:42.717877+00:00
ef590ba8cdf4ed2a1f565ffa619ad029,2026-02-02T13:10:41.400929,0.027512210676622396,2026-02-02T13:10:40.707492643Z,bellOnInvocation,2026-02-02 13:10:40.717395+00:00,2026-02-02 13:10:40.717470+00:00
ef590ba8cdf4ed2a1f565ffa619ad029,2026-02-02T13:10:41.400929,0.027512210676622396,2026-02-02T13:10:40.707492643Z,lightOnInvocation,2026-02-02 13:10:40.714637+00:00,2026-02-02 13:10:40.714723+00:00
ef590ba8cdf4ed2a1f565ffa619ad029,2026-02-02T13:10:41.400929,0.027512210676622396,2026-02-02T13:10:40.707492643Z,bellOnInvocation,2026-02-02 13:10:40.715491+00:00,2026-02-02 13:10:40.715561+00:00
ef590ba8cdf4ed2a1f565ffa619ad029,2026-02-02T13:10:41.400929,0.027512210676622396,2026-02-02T13:10:40.707492643Z,lightOnAction,2026-02-02 13:10:42.716275+00:00,2026-02-02 13:10:42.716357+00:00
ef590ba8cdf4ed2a1f565ffa619ad029,2026-02-02T13:10:41.400929,0.027512210676622396,2026-02-02T13:10:40.707492643Z,bellOnAction,2026-02-02 13:10:42.715537+00:00,2026-02-02 13:10:42.715612+00:00
ef590ba8cdf4ed2a1f565ffa619ad029,2026-02-02T13:10:41.400929,0.027512210676622396,2026-02-02T13:10:40.707492643Z,lightOnAction,2026-02-02 13:10:42.714858+00:00,2026-02-02 13:10:42.715036+00:00
71d4502f3c544572175a36b9c62f8cdc,2026-02-02T13:11:41.847687,0.03775731780147553,2026-02-02T13:11:42.184319035Z,lightOffInvocation,2026-02-02 13:11:42.192586+00:00,2026-02-02 13:11:42.192741+00:00
71d4502f3c544572175a36b9c62f8cdc,2026-02-02T13:11:41.847687,0.03775731780147553,2026-02-02T13:11:42.184319035Z,bellOffInvocation,2026-02-02 13:11:42.198796+00:00,2026-02-02 13:11:42.198968+00:00
71d4502f3c544572175a36b9c62f8cdc,2026-02-02T13:11:41.847687,0.03775731780147553,2026-02-02T13:11:42.184319035Z,lightOffInvocation,2026-02-02 13:11:42.194106+00:00,2026-02-02 13:11:42.194238+00:00
71d4502f3c544572175a36b9c62f8cdc,2026-02-02T13:11:41.847687,0.03775731780147553,2026-02-02T13:11:42.184319035Z,gateUpInvocation,2026-02-02 13:11:42.194279+00:00,2026-02-02 13:11:42.194428+00:00
71d4502f3c544572175a36b9c62f8cdc,2026-02-02T13:11:41.847687,0.03775731780147553,2026-02-02T13:11:42.184319035Z,gateUpInvocation,2026-02-02 13:11:42.192569+00:00,2026-02-02 13:11:42.192707+00:00
71d4502f3c544572175a36b9c62f8cdc,2026-02-02T13:11:41.847687,0.03775731780147553,2026-02-02T13:11:42.184319035Z,bellOffInvocation,2026-02-02 13:11:42.198181+00:00,2026-02-02 13:11:42.198318+00:00
3f4e58d0ad63accc52bd8dede61042da,2026-02-02T13:11:46.177880,0.038473000496602065,2026-02-02T13:11:46.478789165Z,bellOffInvocation,2026-02-02 13:11:46.491237+00:00,2026-02-02 13:11:46.491388+00:00
3f4e58d0ad63accc52bd8dede61042da,2026-02-02T13:11:46.177880,0.038473000496602065,2026-02-02T13:11:46.478789165Z,lightOffInvocation,2026-02-02 13:11:46.489507+00:00,2026-02-02 13:11:46.489647+00:00
3f4e58d0ad63accc52bd8dede61042da,2026-02-02T13:11:46.177880,0.038473000496602065,2026-02-02T13:11:46.478789165Z,gateUpInvocation,2026-02-02 13:11:46.487509+00:00,2026-02-02 13:11:46.487647+00:00
3f4e58d0ad63accc52bd8dede61042da,2026-02-02T13:11:46.177880,0.038473000496602065,2026-02-02T13:11:46.478789165Z,bellOffInvocation,2026-02-02 13:11:46.490485+00:00,2026-02-02 13:11:46.491014+00:00
3f4e58d0ad63accc52bd8dede61042da,2026-02-02T13:11:46.177880,0.038473000496602065,2026-02-02T13:11:46.478789165Z,lightOffInvocation,2026-02-02 13:11:46.487504+00:00,2026-02-02 13:11:46.487647+00:00
3f4e58d0ad63accc52bd8dede61042da,2026-02-02T13:11:46.177880,0.038473000496602065,2026-02-02T13:11:46.478789165Z,gateUpInvocation,2026-02-02 13:11:46.487498+00:00,2026-02-02 13:11:46.487641+00:00
3d505b7a74582c4ad186b2e88f17a148,2026-02-02T13:12:42.390090,0.04784259182384015,2026-02-02T13:12:42.70195104Z,bellOffInvocation,2026-02-02 13:12:42.710628+00:00,2026-02-02 13:12:42.710714+00:00
3d505b7a74582c4ad186b2e88f17a148,2026-02-02T13:12:42.390090,0.04784259182384015,2026-02-02T13:12:42.70195104Z,bellOffInvocation,2026-02-02 13:12:42.710246+00:00,2026-02-02 13:12:42.710390+00:00
3d505b7a74582c4ad186b2e88f17a148,2026-02-02T13:12:42.390090,0.04784259182384015,2026-02-02T13:12:42.70195104Z,gateUpInvocation,2026-02-02 13:12:42.708564+00:00,2026-02-02 13:12:42.708607+00:00
3d505b7a74582c4ad186b2e88f17a148,2026-02-02T13:12:42.390090,0.04784259182384015,2026-02-02T13:12:42.70195104Z,gateUpInvocation,2026-02-02 13:12:42.708310+00:00,2026-02-02 13:12:42.708365+00:00
3d505b7a74582c4ad186b2e88f17a148,2026-02-02T13:12:42.390090,0.04784259182384015,2026-02-02T13:12:42.70195104Z,lightOffInvocation,2026-02-02 13:12:42.708548+00:00,2026-02-02 13:12:42.708660+00:00
3d505b7a74582c4ad186b2e88f17a148,2026-02-02T13:12:42.390090,0.04784259182384015,2026-02-02T13:12:42.70195104Z,lightOffInvocation,2026-02-02 13:12:42.708263+00:00,2026-02-02 13:12:42.708310+00:00
400d767482cd9e11b7b426fa4002f197,2026-02-02T13:17:33.164701,0.09630343137780428,2026-02-02T13:17:33.496193668Z,gateUpInvocation,2026-02-02 13:17:33.502590+00:00,2026-02-02 13:17:33.502656+00:00
400d767482cd9e11b7b426fa4002f197,2026-02-02T13:17:33.164701,0.09630343137780428,2026-02-02T13:17:33.496193668Z,bellOffInvocation,2026-02-02 13:17:33.503599+00:00,2026-02-02 13:17:33.503675+00:00
400d767482cd9e11b7b426fa4002f197,2026-02-02T13:17:33.164701,0.09630343137780428,2026-02-02T13:17:33.496193668Z,lightOffInvocation,2026-02-02 13:17:33.502671+00:00,2026-02-02 13:17:33.502721+00:00
400d767482cd9e11b7b426fa4002f197,2026-02-02T13:17:33.164701,0.09630343137780428,2026-02-02T13:17:33.496193668Z,lightOffInvocation,2026-02-02 13:17:33.502550+00:00,2026-02-02 13:17:33.502611+00:00
400d767482cd9e11b7b426fa4002f197,2026-02-02T13:17:33.164701,0.09630343137780428,2026-02-02T13:17:33.496193668Z,bellOffInvocation,2026-02-02 13:17:33.503299+00:00,2026-02-02 13:17:33.503320+00:00
400d767482cd9e11b7b426fa4002f197,2026-02-02T13:17:33.164701,0.09630343137780428,2026-02-02T13:17:33.496193668Z,gateUpInvocation,2026-02-02 13:17:33.502712+00:00,2026-02-02 13:17:33.502743+00:00
151343601cc951956b62d6f8d33ddedc,2026-02-02T13:13:47.398154,0.05867697279466391,2026-02-02T13:13:47.714662036Z,gateUpInvocation,2026-02-02 13:13:47.718768+00:00,2026-02-02 13:13:47.718835+00:00
151343601cc951956b62d6f8d33ddedc,2026-02-02T13:13:47.398154,0.05867697279466391,2026-02-02T13:13:47.714662036Z,lightOffInvocation,2026-02-02 13:13:47.718713+00:00,2026-02-02 13:13:47.718766+00:00
151343601cc951956b62d6f8d33ddedc,2026-02-02T13:13:47.398154,0.05867697279466391,2026-02-02T13:13:47.714662036Z,gateUpInvocation,2026-02-02 13:13:47.718630+00:00,2026-02-02 13:13:47.718695+00:00
151343601cc951956b62d6f8d33ddedc,2026-02-02T13:13:47.398154,0.05867697279466391,2026-02-02T13:13:47.714662036Z,bellOffInvocation,2026-02-02 13:13:47.719691+00:00,2026-02-02 13:13:47.719739+00:00
151343601cc951956b62d6f8d33ddedc,2026-02-02T13:13:47.398154,0.05867697279466391,2026-02-02T13:13:47.714662036Z,bellOffInvocation,2026-02-02 13:13:47.720069+00:00,2026-02-02 13:13:47.720137+00:00
151343601cc951956b62d6f8d33ddedc,2026-02-02T13:13:47.398154,0.05867697279466391,2026-02-02T13:13:47.714662036Z,lightOffInvocation,2026-02-02 13:13:47.718632+00:00,2026-02-02 13:13:47.718688+00:00
21d315610c939ec703d3c2a3ae6fcb1a,2026-02-02T13:15:22.837037,0.07458798856800795,2026-02-02T13:15:23.190401256Z,gateUpInvocation,2026-02-02 13:15:23.198203+00:00,2026-02-02 13:15:23.198357+00:00
21d315610c939ec703d3c2a3ae6fcb1a,2026-02-02T13:15:22.837037,0.07458798856800795,2026-02-02T13:15:23.190401256Z,bellOffInvocation,2026-02-02 13:15:23.200690+00:00,2026-02-02 13:15:23.200765+00:00
21d315610c939ec703d3c2a3ae6fcb1a,2026-02-02T13:15:22.837037,0.07458798856800795,2026-02-02T13:15:23.190401256Z,lightOffInvocation,2026-02-02 13:15:23.197166+00:00,2026-02-02 13:15:23.197309+00:00
21d315610c939ec703d3c2a3ae6fcb1a,2026-02-02T13:15:22.837037,0.07458798856800795,2026-02-02T13:15:23.190401256Z,gateUpInvocation,2026-02-02 13:15:23.197543+00:00,2026-02-02 13:15:23.197635+00:00
21d315610c939ec703d3c2a3ae6fcb1a,2026-02-02T13:15:22.837037,0.07458798856800795,2026-02-02T13:15:23.190401256Z,bellOffInvocation,2026-02-02 13:15:23.197581+00:00,2026-02-02 13:15:23.197672+00:00
21d315610c939ec703d3c2a3ae6fcb1a,2026-02-02T13:15:22.837037,0.07458798856800795,2026-02-02T13:15:23.190401256Z,lightOffInvocation,2026-02-02 13:15:23.199240+00:00,2026-02-02 13:15:23.199323+00:00
08764e63f63b3c3d2957faf51ea193e7,2026-02-02T13:09:49.645560,0.019054013038432602,2026-02-02T13:09:49.953094868Z,lightOffInvocation,2026-02-02 13:09:49.959595+00:00,2026-02-02 13:09:49.959677+00:00
08764e63f63b3c3d2957faf51ea193e7,2026-02-02T13:09:49.645560,0.019054013038432602,2026-02-02T13:09:49.953094868Z,bellOffInvocation,2026-02-02 13:09:49.961459+00:00,2026-02-02 13:09:49.961504+00:00
08764e63f63b3c3d2957faf51ea193e7,2026-02-02T13:09:49.645560,0.019054013038432602,2026-02-02T13:09:49.953094868Z,gateUpInvocation,2026-02-02 13:09:49.959324+00:00,2026-02-02 13:09:49.959381+00:00
08764e63f63b3c3d2957faf51ea193e7,2026-02-02T13:09:49.645560,0.019054013038432602,2026-02-02T13:09:49.953094868Z,gateUpInvocation,2026-02-02 13:09:49.959396+00:00,2026-02-02 13:09:49.959471+00:00
08764e63f63b3c3d2957faf51ea193e7,2026-02-02T13:09:49.645560,0.019054013038432602,2026-02-02T13:09:49.953094868Z,lightOffInvocation,2026-02-02 13:09:49.959259+00:00,2026-02-02 13:09:49.959335+00:00
08764e63f63b3c3d2957faf51ea193e7,2026-02-02T13:09:49.645560,0.019054013038432602,2026-02-02T13:09:49.953094868Z,bellOffInvocation,2026-02-02 13:09:49.960484+00:00,2026-02-02 13:09:49.960555+00:00
0b6a17c8bc7646f4675abe23aa96cc43,2026-02-02T13:17:24.483985,0.09486749361622333,2026-02-02T13:17:24.879497426Z,lightOffInvocation,2026-02-02 13:17:24.884039+00:00,2026-02-02 13:17:24.884082+00:00
0b6a17c8bc7646f4675abe23aa96cc43,2026-02-02T13:17:24.483985,0.09486749361622333,2026-02-02T13:17:24.879497426Z,gateUpInvocation,2026-02-02 13:17:24.883711+00:00,2026-02-02 13:17:24.883748+00:00
0b6a17c8bc7646f4675abe23aa96cc43,2026-02-02T13:17:24.483985,0.09486749361622333,2026-02-02T13:17:24.879497426Z,lightOffInvocation,2026-02-02 13:17:24.883737+00:00,2026-02-02 13:17:24.883778+00:00
0b6a17c8bc7646f4675abe23aa96cc43,2026-02-02T13:17:24.483985,0.09486749361622333,2026-02-02T13:17:24.879497426Z,bellOffInvocation,2026-02-02 13:17:24.885649+00:00,2026-02-02 13:17:24.885676+00:00
0b6a17c8bc7646f4675abe23aa96cc43,2026-02-02T13:17:24.483985,0.09486749361622333,2026-02-02T13:17:24.879497426Z,bellOffInvocation,2026-02-02 13:17:24.883687+00:00,2026-02-02 13:17:24.883716+00:00
0b6a17c8bc7646f4675abe23aa96cc43,2026-02-02T13:17:24.483985,0.09486749361622333,2026-02-02T13:17:24.879497426Z,gateUpInvocation,2026-02-02 13:17:24.884410+00:00,2026-02-02 13:17:24.884442+00:00
8729d1e9d197413f37bc9a218fdd1701,2026-02-02T13:08:36.403651,0.006847091413152218,2026-02-02T13:08:36.704319991Z,bellOffInvocation,2026-02-02 13:08:36.721963+00:00,2026-02-02 13:08:36.722105+00:00
8729d1e9d197413f37bc9a218fdd1701,2026-02-02T13:08:36.403651,0.006847091413152218,2026-02-02T13:08:36.704319991Z,lightOffInvocation,2026-02-02 13:08:36.718517+00:00,2026-02-02 13:08:36.718647+00:00
8729d1e9d197413f37bc9a218fdd1701,2026-02-02T13:08:36.403651,0.006847091413152218,2026-02-02T13:08:36.704319991Z,lightOffInvocation,2026-02-02 13:08:36.716564+00:00,2026-02-02 13:08:36.716707+00:00
8729d1e9d197413f37bc9a218fdd1701,2026-02-02T13:08:36.403651,0.006847091413152218,2026-02-02T13:08:36.704319991Z,bellOffInvocation,2026-02-02 13:08:36.725463+00:00,2026-02-02 13:08:36.725576+00:00
8729d1e9d197413f37bc9a218fdd1701,2026-02-02T13:08:36.403651,0.006847091413152218,2026-02-02T13:08:36.704319991Z,gateUpInvocation,2026-02-02 13:08:36.717583+00:00,2026-02-02 13:08:36.717745+00:00
8729d1e9d197413f37bc9a218fdd1701,2026-02-02T13:08:36.403651,0.006847091413152218,2026-02-02T13:08:36.704319991Z,gateUpInvocation,2026-02-02 13:08:36.716509+00:00,2026-02-02 13:08:36.716653+00:00
27800c8e19ef72ff579b3ca9481881bf,2026-02-02T13:08:10.581968,0.0025444134291768075,2026-02-02T13:08:10.885668258Z,bellOffInvocation,2026-02-02 13:08:10.898208+00:00,2026-02-02 13:08:10.898279+00:00
27800c8e19ef72ff579b3ca9481881bf,2026-02-02T13:08:10.581968,0.0025444134291768075,2026-02-02T13:08:10.885668258Z,bellOffInvocation,2026-02-02 13:08:10.894842+00:00,2026-02-02 13:08:10.894881+00:00
27800c8e19ef72ff579b3ca9481881bf,2026-02-02T13:08:10.581968,0.0025444134291768075,2026-02-02T13:08:10.885668258Z,gateUpInvocation,2026-02-02 13:08:10.893457+00:00,2026-02-02 13:08:10.893499+00:00
27800c8e19ef72ff579b3ca9481881bf,2026-02-02T13:08:10.581968,0.0025444134291768075,2026-02-02T13:08:10.885668258Z,lightOffInvocation,2026-02-02 13:08:10.892681+00:00,2026-02-02 13:08:10.892720+00:00
27800c8e19ef72ff579b3ca9481881bf,2026-02-02T13:08:10.581968,0.0025444134291768075,2026-02-02T13:08:10.885668258Z,gateUpInvocation,2026-02-02 13:08:10.892029+00:00,2026-02-02 13:08:10.892090+00:00
27800c8e19ef72ff579b3ca9481881bf,2026-02-02T13:08:10.581968,0.0025444134291768075,2026-02-02T13:08:10.885668258Z,lightOffInvocation,2026-02-02 13:08:10.895963+00:00,2026-02-02 13:08:10.896001+00:00
7e38f481f40091c90a8e0b932eab1e1b,2026-02-02T13:12:03.453666,0.04135720655049086,2026-02-02T13:12:03.785760532Z,gateUpInvocation,2026-02-02 13:12:03.793618+00:00,2026-02-02 13:12:03.793754+00:00
7e38f481f40091c90a8e0b932eab1e1b,2026-02-02T13:12:03.453666,0.04135720655049086,2026-02-02T13:12:03.785760532Z,bellOffInvocation,2026-02-02 13:12:03.796127+00:00,2026-02-02 13:12:03.796258+00:00
7e38f481f40091c90a8e0b932eab1e1b,2026-02-02T13:12:03.453666,0.04135720655049086,2026-02-02T13:12:03.785760532Z,bellOffInvocation,2026-02-02 13:12:03.795678+00:00,2026-02-02 13:12:03.795806+00:00
7e38f481f40091c90a8e0b932eab1e1b,2026-02-02T13:12:03.453666,0.04135720655049086,2026-02-02T13:12:03.785760532Z,gateUpInvocation,2026-02-02 13:12:03.793192+00:00,2026-02-02 13:12:03.793348+00:00
7e38f481f40091c90a8e0b932eab1e1b,2026-02-02T13:12:03.453666,0.04135720655049086,2026-02-02T13:12:03.785760532Z,lightOffInvocation,2026-02-02 13:12:03.793180+00:00,2026-02-02 13:12:03.793316+00:00
7e38f481f40091c90a8e0b932eab1e1b,2026-02-02T13:12:03.453666,0.04135720655049086,2026-02-02T13:12:03.785760532Z,lightOffInvocation,2026-02-02 13:12:03.793763+00:00,2026-02-02 13:12:03.793940+00:00
de81d29c12550a09929bec959f7fceb3,2026-02-02T13:17:54.930428,0.0999291836513281,2026-02-02T13:17:55.252654959Z,lightOffInvocation,2026-02-02 13:17:55.255137+00:00,2026-02-02 13:17:55.255195+00:00
de81d29c12550a09929bec959f7fceb3,2026-02-02T13:17:54.930428,0.0999291836513281,2026-02-02T13:17:55.252654959Z,gateUpInvocation,2026-02-02 13:17:55.255132+00:00,2026-02-02 13:17:55.255195+00:00
de81d29c12550a09929bec959f7fceb3,2026-02-02T13:17:54.930428,0.0999291836513281,2026-02-02T13:17:55.252654959Z,gateUpInvocation,2026-02-02 13:17:55.255625+00:00,2026-02-02 13:17:55.255697+00:00
de81d29c12550a09929bec959f7fceb3,2026-02-02T13:17:54.930428,0.0999291836513281,2026-02-02T13:17:55.252654959Z,bellOffInvocation,2026-02-02 13:17:55.258312+00:00,2026-02-02 13:17:55.258355+00:00
de81d29c12550a09929bec959f7fceb3,2026-02-02T13:17:54.930428,0.0999291836513281,2026-02-02T13:17:55.252654959Z,bellOffInvocation,2026-02-02 13:17:55.257286+00:00,2026-02-02 13:17:55.257352+00:00
de81d29c12550a09929bec959f7fceb3,2026-02-02T13:17:54.930428,0.0999291836513281,2026-02-02T13:17:55.252654959Z,lightOffInvocation,2026-02-02 13:17:55.255617+00:00,2026-02-02 13:17:55.255691+00:00
17612cdf221c600f514bd5a12ca600eb,2026-02-02T13:15:27.168436,0.0753118770881176,2026-02-02T13:15:27.534219322Z,gateUpInvocation,2026-02-02 13:15:27.541385+00:00,2026-02-02 13:15:27.541550+00:00
17612cdf221c600f514bd5a12ca600eb,2026-02-02T13:15:27.168436,0.0753118770881176,2026-02-02T13:15:27.534219322Z,lightOffInvocation,2026-02-02 13:15:27.541797+00:00,2026-02-02 13:15:27.541994+00:00
17612cdf221c600f514bd5a12ca600eb,2026-02-02T13:15:27.168436,0.0753118770881176,2026-02-02T13:15:27.534219322Z,bellOffInvocation,2026-02-02 13:15:27.544335+00:00,2026-02-02 13:15:27.544440+00:00
17612cdf221c600f514bd5a12ca600eb,2026-02-02T13:15:27.168436,0.0753118770881176,2026-02-02T13:15:27.534219322Z,gateUpInvocation,2026-02-02 13:15:27.540706+00:00,2026-02-02 13:15:27.540808+00:00
17612cdf221c600f514bd5a12ca600eb,2026-02-02T13:15:27.168436,0.0753118770881176,2026-02-02T13:15:27.534219322Z,bellOffInvocation,2026-02-02 13:15:27.546017+00:00,2026-02-02 13:15:27.546107+00:00
17612cdf221c600f514bd5a12ca600eb,2026-02-02T13:15:27.168436,0.0753118770881176,2026-02-02T13:15:27.534219322Z,lightOffInvocation,2026-02-02 13:15:27.540687+00:00,2026-02-02 13:15:27.540832+00:00
5901f58ba3d94624e22751f5c1d6f667,2026-02-02T13:14:48.137932,0.06879739359153508,2026-02-02T13:14:48.443513811Z,bellOffInvocation,2026-02-02 13:14:48.465171+00:00,2026-02-02 13:14:48.465420+00:00
5901f58ba3d94624e22751f5c1d6f667,2026-02-02T13:14:48.137932,0.06879739359153508,2026-02-02T13:14:48.443513811Z,lightOffInvocation,2026-02-02 13:14:48.458497+00:00,2026-02-02 13:14:48.458840+00:00
5901f58ba3d94624e22751f5c1d6f667,2026-02-02T13:14:48.137932,0.06879739359153508,2026-02-02T13:14:48.443513811Z,bellOffInvocation,2026-02-02 13:14:48.466135+00:00,2026-02-02 13:14:48.466343+00:00
5901f58ba3d94624e22751f5c1d6f667,2026-02-02T13:14:48.137932,0.06879739359153508,2026-02-02T13:14:48.443513811Z,gateUpInvocation,2026-02-02 13:14:48.454671+00:00,2026-02-02 13:14:48.454917+00:00
5901f58ba3d94624e22751f5c1d6f667,2026-02-02T13:14:48.137932,0.06879739359153508,2026-02-02T13:14:48.443513811Z,gateUpInvocation,2026-02-02 13:14:48.458050+00:00,2026-02-02 13:14:48.458098+00:00
5901f58ba3d94624e22751f5c1d6f667,2026-02-02T13:14:48.137932,0.06879739359153508,2026-02-02T13:14:48.443513811Z,lightOffInvocation,2026-02-02 13:14:48.454394+00:00,2026-02-02 13:14:48.454536+00:00
a41ac0f8aa9e1968a50e5fd80972bb9d,2026-02-02T13:14:17.748900,0.06373771405844689,2026-02-02T13:14:18.082497876Z,bellOffInvocation,2026-02-02 13:14:18.100841+00:00,2026-02-02 13:14:18.101005+00:00
a41ac0f8aa9e1968a50e5fd80972bb9d,2026-02-02T13:14:17.748900,0.06373771405844689,2026-02-02T13:14:18.082497876Z,lightOffInvocation,2026-02-02 13:14:18.095657+00:00,2026-02-02 13:14:18.095744+00:00
a41ac0f8aa9e1968a50e5fd80972bb9d,2026-02-02T13:14:17.748900,0.06373771405844689,2026-02-02T13:14:18.082497876Z,lightOffInvocation,2026-02-02 13:14:18.092805+00:00,2026-02-02 13:14:18.092995+00:00
a41ac0f8aa9e1968a50e5fd80972bb9d,2026-02-02T13:14:17.748900,0.06373771405844689,2026-02-02T13:14:18.082497876Z,gateUpInvocation,2026-02-02 13:14:18.092821+00:00,2026-02-02 13:14:18.092995+00:00
a41ac0f8aa9e1968a50e5fd80972bb9d,2026-02-02T13:14:17.748900,0.06373771405844689,2026-02-02T13:14:18.082497876Z,bellOffInvocation,2026-02-02 13:14:18.097465+00:00,2026-02-02 13:14:18.097592+00:00
a41ac0f8aa9e1968a50e5fd80972bb9d,2026-02-02T13:14:17.748900,0.06373771405844689,2026-02-02T13:14:18.082497876Z,gateUpInvocation,2026-02-02 13:14:18.095692+00:00,2026-02-02 13:14:18.095788+00:00
d9df664eae4711e5c5e35f79ce013587,2026-02-02T13:14:26.443804,0.06518278937110901,2026-02-02T13:14:26.75370836Z,bellOffInvocation,2026-02-02 13:14:26.782462+00:00,2026-02-02 13:14:26.782595+00:00
d9df664eae4711e5c5e35f79ce013587,2026-02-02T13:14:26.443804,0.06518278937110901,2026-02-02T13:14:26.75370836Z,gateUpInvocation,2026-02-02 13:14:26.776708+00:00,2026-02-02 13:14:26.776753+00:00
d9df664eae4711e5c5e35f79ce013587,2026-02-02T13:14:26.443804,0.06518278937110901,2026-02-02T13:14:26.75370836Z,bellOffInvocation,2026-02-02 13:14:26.777725+00:00,2026-02-02 13:14:26.777789+00:00
d9df664eae4711e5c5e35f79ce013587,2026-02-02T13:14:26.443804,0.06518278937110901,2026-02-02T13:14:26.75370836Z,gateUpInvocation,2026-02-02 13:14:26.772341+00:00,2026-02-02 13:14:26.772559+00:00
d9df664eae4711e5c5e35f79ce013587,2026-02-02T13:14:26.443804,0.06518278937110901,2026-02-02T13:14:26.75370836Z,lightOffInvocation,2026-02-02 13:14:26.776263+00:00,2026-02-02 13:14:26.776309+00:00
d9df664eae4711e5c5e35f79ce013587,2026-02-02T13:14:26.443804,0.06518278937110901,2026-02-02T13:14:26.75370836Z,lightOffInvocation,2026-02-02 13:14:26.773193+00:00,2026-02-02 13:14:26.773464+00:00
5a095f430f93e164554674d6c97b1447,2026-02-02T13:16:10.603807,0.08254689111627342,2026-02-02T13:16:10.94859929Z,bellOffInvocation,2026-02-02 13:16:10.959403+00:00,2026-02-02 13:16:10.959489+00:00
5a095f430f93e164554674d6c97b1447,2026-02-02T13:16:10.603807,0.08254689111627342,2026-02-02T13:16:10.94859929Z,gateUpInvocation,2026-02-02 13:16:10.954976+00:00,2026-02-02 13:16:10.955121+00:00
5a095f430f93e164554674d6c97b1447,2026-02-02T13:16:10.603807,0.08254689111627342,2026-02-02T13:16:10.94859929Z,lightOffInvocation,2026-02-02 13:16:10.955546+00:00,2026-02-02 13:16:10.955637+00:00
5a095f430f93e164554674d6c97b1447,2026-02-02T13:16:10.603807,0.08254689111627342,2026-02-02T13:16:10.94859929Z,gateUpInvocation,2026-02-02 13:16:10.955569+00:00,2026-02-02 13:16:10.955696+00:00
5a095f430f93e164554674d6c97b1447,2026-02-02T13:16:10.603807,0.08254689111627342,2026-02-02T13:16:10.94859929Z,lightOffInvocation,2026-02-02 13:16:10.954990+00:00,2026-02-02 13:16:10.955160+00:00
5a095f430f93e164554674d6c97b1447,2026-02-02T13:16:10.603807,0.08254689111627342,2026-02-02T13:16:10.94859929Z,bellOffInvocation,2026-02-02 13:16:10.957701+00:00,2026-02-02 13:16:10.957824+00:00
dfc3fcc7a7f0cd4af7d9dfd82ea829a4,2026-02-02T13:13:30.086731,0.055624754632711416,2026-02-02T13:13:29.399636039Z,bellOnAction,2026-02-02 13:13:31.408420+00:00,2026-02-02 13:13:31.408518+00:00
dfc3fcc7a7f0cd4af7d9dfd82ea829a4,2026-02-02T13:13:30.086731,0.055624754632711416,2026-02-02T13:13:29.399636039Z,lightOnAction,2026-02-02 13:13:31.407726+00:00,2026-02-02 13:13:31.407819+00:00
dfc3fcc7a7f0cd4af7d9dfd82ea829a4,2026-02-02T13:13:30.086731,0.055624754632711416,2026-02-02T13:13:29.399636039Z,gateDownAction,2026-02-02 13:13:31.407602+00:00,2026-02-02 13:13:31.407688+00:00
dfc3fcc7a7f0cd4af7d9dfd82ea829a4,2026-02-02T13:13:30.086731,0.055624754632711416,2026-02-02T13:13:29.399636039Z,bellOnInvocation,2026-02-02 13:13:29.407750+00:00,2026-02-02 13:13:29.407844+00:00
dfc3fcc7a7f0cd4af7d9dfd82ea829a4,2026-02-02T13:13:30.086731,0.055624754632711416,2026-02-02T13:13:29.399636039Z,gateDownInvocation,2026-02-02 13:13:29.405886+00:00,2026-02-02 13:13:29.406028+00:00
dfc3fcc7a7f0cd4af7d9dfd82ea829a4,2026-02-02T13:13:30.086731,0.055624754632711416,2026-02-02T13:13:29.399636039Z,bellOnInvocation,2026-02-02 13:13:29.407587+00:00,2026-02-02 13:13:29.407686+00:00
dfc3fcc7a7f0cd4af7d9dfd82ea829a4,2026-02-02T13:13:30.086731,0.055624754632711416,2026-02-02T13:13:29.399636039Z,lightOnInvocation,2026-02-02 13:13:29.406339+00:00,2026-02-02 13:13:29.406448+00:00
dfc3fcc7a7f0cd4af7d9dfd82ea829a4,2026-02-02T13:13:30.086731,0.055624754632711416,2026-02-02T13:13:29.399636039Z,gateDownInvocation,2026-02-02 13:13:29.406507+00:00,2026-02-02 13:13:29.406627+00:00
dfc3fcc7a7f0cd4af7d9dfd82ea829a4,2026-02-02T13:13:30.086731,0.055624754632711416,2026-02-02T13:13:29.399636039Z,bellOnAction,2026-02-02 13:13:31.408209+00:00,2026-02-02 13:13:31.408308+00:00
dfc3fcc7a7f0cd4af7d9dfd82ea829a4,2026-02-02T13:13:30.086731,0.055624754632711416,2026-02-02T13:13:29.399636039Z,lightOnInvocation,2026-02-02 13:13:29.406033+00:00,2026-02-02 13:13:29.406133+00:00
dfc3fcc7a7f0cd4af7d9dfd82ea829a4,2026-02-02T13:13:30.086731,0.055624754632711416,2026-02-02T13:13:29.399636039Z,gateDownAction,2026-02-02 13:13:31.406565+00:00,2026-02-02 13:13:31.406649+00:00
dfc3fcc7a7f0cd4af7d9dfd82ea829a4,2026-02-02T13:13:30.086731,0.055624754632711416,2026-02-02T13:13:29.399636039Z,lightOnAction,2026-02-02 13:13:31.406826+00:00,2026-02-02 13:13:31.406911+00:00
b2312788a9f2621fcb51f6b9002bf3af,2026-02-02T13:11:02.991969,0.03127793991657496,2026-02-02T13:11:03.304698684Z,gateUpInvocation,2026-02-02 13:11:03.320241+00:00,2026-02-02 13:11:03.320374+00:00
b2312788a9f2621fcb51f6b9002bf3af,2026-02-02T13:11:02.991969,0.03127793991657496,2026-02-02T13:11:03.304698684Z,gateUpInvocation,2026-02-02 13:11:03.316685+00:00,2026-02-02 13:11:03.316824+00:00
b2312788a9f2621fcb51f6b9002bf3af,2026-02-02T13:11:02.991969,0.03127793991657496,2026-02-02T13:11:03.304698684Z,bellOffInvocation,2026-02-02 13:11:03.320111+00:00,2026-02-02 13:11:03.320217+00:00
b2312788a9f2621fcb51f6b9002bf3af,2026-02-02T13:11:02.991969,0.03127793991657496,2026-02-02T13:11:03.304698684Z,lightOffInvocation,2026-02-02 13:11:03.316556+00:00,2026-02-02 13:11:03.316693+00:00
b2312788a9f2621fcb51f6b9002bf3af,2026-02-02T13:11:02.991969,0.03127793991657496,2026-02-02T13:11:03.304698684Z,lightOffInvocation,2026-02-02 13:11:03.317713+00:00,2026-02-02 13:11:03.317875+00:00
b2312788a9f2621fcb51f6b9002bf3af,2026-02-02T13:11:02.991969,0.03127793991657496,2026-02-02T13:11:03.304698684Z,bellOffInvocation,2026-02-02 13:11:03.322291+00:00,2026-02-02 13:11:03.322401+00:00
e0541c64d2fe5a3932bf99c853055b1c,2026-02-02T13:10:37.080988,0.026959553785502913,2026-02-02T13:10:37.391130034Z,lightOffInvocation,2026-02-02 13:10:37.397804+00:00,2026-02-02 13:10:37.397847+00:00
e0541c64d2fe5a3932bf99c853055b1c,2026-02-02T13:10:37.080988,0.026959553785502913,2026-02-02T13:10:37.391130034Z,bellOffInvocation,2026-02-02 13:10:37.403536+00:00,2026-02-02 13:10:37.403577+00:00
e0541c64d2fe5a3932bf99c853055b1c,2026-02-02T13:10:37.080988,0.026959553785502913,2026-02-02T13:10:37.391130034Z,gateUpInvocation,2026-02-02 13:10:37.400628+00:00,2026-02-02 13:10:37.400672+00:00
e0541c64d2fe5a3932bf99c853055b1c,2026-02-02T13:10:37.080988,0.026959553785502913,2026-02-02T13:10:37.391130034Z,lightOffInvocation,2026-02-02 13:10:37.400626+00:00,2026-02-02 13:10:37.400665+00:00
e0541c64d2fe5a3932bf99c853055b1c,2026-02-02T13:10:37.080988,0.026959553785502913,2026-02-02T13:10:37.391130034Z,bellOffInvocation,2026-02-02 13:10:37.405520+00:00,2026-02-02 13:10:37.405564+00:00
e0541c64d2fe5a3932bf99c853055b1c,2026-02-02T13:10:37.080988,0.026959553785502913,2026-02-02T13:10:37.391130034Z,gateUpInvocation,2026-02-02 13:10:37.399537+00:00,2026-02-02 13:10:37.399580+00:00
c727e331f14f6eca66d02eeec29eb8b9,2026-02-02T13:14:09.107705,0.06230175631144048,2026-02-02T13:14:09.465774484Z,lightOffInvocation,2026-02-02 13:14:09.491067+00:00,2026-02-02 13:14:09.491221+00:00
c727e331f14f6eca66d02eeec29eb8b9,2026-02-02T13:14:09.107705,0.06230175631144048,2026-02-02T13:14:09.465774484Z,bellOffInvocation,2026-02-02 13:14:09.497743+00:00,2026-02-02 13:14:09.497808+00:00
c727e331f14f6eca66d02eeec29eb8b9,2026-02-02T13:14:09.107705,0.06230175631144048,2026-02-02T13:14:09.465774484Z,bellOffInvocation,2026-02-02 13:14:09.501582+00:00,2026-02-02 13:14:09.501636+00:00
c727e331f14f6eca66d02eeec29eb8b9,2026-02-02T13:14:09.107705,0.06230175631144048,2026-02-02T13:14:09.465774484Z,gateUpInvocation,2026-02-02 13:14:09.482548+00:00,2026-02-02 13:14:09.482597+00:00
c727e331f14f6eca66d02eeec29eb8b9,2026-02-02T13:14:09.107705,0.06230175631144048,2026-02-02T13:14:09.465774484Z,lightOffInvocation,2026-02-02 13:14:09.482594+00:00,2026-02-02 13:14:09.482643+00:00
c727e331f14f6eca66d02eeec29eb8b9,2026-02-02T13:14:09.107705,0.06230175631144048,2026-02-02T13:14:09.465774484Z,gateUpInvocation,2026-02-02 13:14:09.496755+00:00,2026-02-02 13:14:09.496841+00:00
f8c53883711e1700de9b6e2b9de476ba,2026-02-02T13:17:02.664178,0.09123061971168518,2026-02-02T13:17:03.056341107Z,gateUpInvocation,2026-02-02 13:17:03.064200+00:00,2026-02-02 13:17:03.064370+00:00
f8c53883711e1700de9b6e2b9de476ba,2026-02-02T13:17:02.664178,0.09123061971168518,2026-02-02T13:17:03.056341107Z,lightOffInvocation,2026-02-02 13:17:03.063141+00:00,2026-02-02 13:17:03.063273+00:00
f8c53883711e1700de9b6e2b9de476ba,2026-02-02T13:17:02.664178,0.09123061971168518,2026-02-02T13:17:03.056341107Z,bellOffInvocation,2026-02-02 13:17:03.067245+00:00,2026-02-02 13:17:03.067361+00:00
f8c53883711e1700de9b6e2b9de476ba,2026-02-02T13:17:02.664178,0.09123061971168518,2026-02-02T13:17:03.056341107Z,bellOffInvocation,2026-02-02 13:17:03.065294+00:00,2026-02-02 13:17:03.065412+00:00
f8c53883711e1700de9b6e2b9de476ba,2026-02-02T13:17:02.664178,0.09123061971168518,2026-02-02T13:17:03.056341107Z,gateUpInvocation,2026-02-02 13:17:03.063282+00:00,2026-02-02 13:17:03.063376+00:00
f8c53883711e1700de9b6e2b9de476ba,2026-02-02T13:17:02.664178,0.09123061971168518,2026-02-02T13:17:03.056341107Z,lightOffInvocation,2026-02-02 13:17:03.063597+00:00,2026-02-02 13:17:03.063738+00:00
25c72c535e4f4081079c2684ce6d013c,2026-02-02T13:11:59.131631,0.04063238169531823,2026-02-02T13:11:59.436283052Z,bellOffInvocation,2026-02-02 13:11:59.442376+00:00,2026-02-02 13:11:59.442419+00:00
25c72c535e4f4081079c2684ce6d013c,2026-02-02T13:11:59.131631,0.04063238169531823,2026-02-02T13:11:59.436283052Z,bellOffInvocation,2026-02-02 13:11:59.442166+00:00,2026-02-02 13:11:59.442196+00:00
25c72c535e4f4081079c2684ce6d013c,2026-02-02T13:11:59.131631,0.04063238169531823,2026-02-02T13:11:59.436283052Z,lightOffInvocation,2026-02-02 13:11:59.441028+00:00,2026-02-02 13:11:59.441092+00:00
25c72c535e4f4081079c2684ce6d013c,2026-02-02T13:11:59.131631,0.04063238169531823,2026-02-02T13:11:59.436283052Z,gateUpInvocation,2026-02-02 13:11:59.440947+00:00,2026-02-02 13:11:59.441035+00:00
25c72c535e4f4081079c2684ce6d013c,2026-02-02T13:11:59.131631,0.04063238169531823,2026-02-02T13:11:59.436283052Z,lightOffInvocation,2026-02-02 13:11:59.442041+00:00,2026-02-02 13:11:59.442102+00:00
25c72c535e4f4081079c2684ce6d013c,2026-02-02T13:11:59.131631,0.04063238169531823,2026-02-02T13:11:59.436283052Z,gateUpInvocation,2026-02-02 13:11:59.441646+00:00,2026-02-02 13:11:59.441697+00:00
