trace_id,calc_train_arrival,interval,published_time,type,start_time,end_time
6f5ee62aba12d29d9e8ff616997772d7,2026-02-02T13:09:45.326957,0.01816700506491661,2026-02-02T13:09:44.630609222Z,gateDownAction,2026-02-02 13:09:46.641813+00:00,2026-02-02 13:09:46.641896+00:00
6f5ee62aba12d29d9e8ff616997772d7,2026-02-02T13:09:45.326957,0.01816700506491661,2026-02-02T13:09:44.630609222Z,lightOnAction,2026-02-02 13:09:46.641735+00:00,2026-02-02 13:09:46.641840+00:00
6f5ee62aba12d29d9e8ff616997772d7,2026-02-02T13:09:45.326957,0.01816700506491661,2026-02-02T13:09:44.630609222Z,gateDownAction,2026-02-02 13:09:46.641403+00:00,2026-02-02 13:09:46.641530+00:00
6f5ee62aba12d29d9e8ff616997772d7,2026-02-02T13:09:45.326957,0.01816700506491661,2026-02-02T13:09:44.630609222Z,lightOnAction,2026-02-02 13:09:46.642294+00:00,2026-02-02 13:09:46.642378+00:00
6f5ee62aba12d29d9e8ff616997772d7,2026-02-02T13:09:45.326957,0.01816700506491661,2026-02-02T13:09:44.630609222Z,bellOnInvocation,2026-02-02 13:09:44.646467+00:00,2026-02-02 13:09:44.646584+00:00
6f5ee62aba12d29d9e8ff616997772d7,2026-02-02T13:09:45.326957,0.01816700506491661,2026-02-02T13:09:44.630609222Z,lightOnInvocation,2026-02-02 13:09:44.640651+00:00,2026-02-02 13:09:44.640885+00:00
6f5ee62aba12d29d9e8ff616997772d7,2026-02-02T13:09:45.326957,0.01816700506491661,2026-02-02T13:09:44.630609222Z,bellOnAction,2026-02-02 13:09:46.647930+00:00,2026-02-02 13:09:46.648021+00:00
6f5ee62aba12d29d9e8ff616997772d7,2026-02-02T13:09:45.326957,0.01816700506491661,2026-02-02T13:09:44.630609222Z,lightOnInvocation,2026-02-02 13:09:44.640375+00:00,2026-02-02 13:09:44.640570+00:00
6f5ee62aba12d29d9e8ff616997772d7,2026-02-02T13:09:45.326957,0.01816700506491661,2026-02-02T13:09:44.630609222Z,gateDownInvocation,2026-02-02 13:09:44.640366+00:00,2026-02-02 13:09:44.640811+00:00
6f5ee62aba12d29d9e8ff616997772d7,2026-02-02T13:09:45.326957,0.01816700506491661,2026-02-02T13:09:44.630609222Z,bellOnAction,2026-02-02 13:09:46.645457+00:00,2026-02-02 13:09:46.645526+00:00
6f5ee62aba12d29d9e8ff616997772d7,2026-02-02T13:09:45.326957,0.01816700506491661,2026-02-02T13:09:44.630609222Z,bellOnInvocation,2026-02-02 13:09:44.644238+00:00,2026-02-02 13:09:44.644396+00:00
6f5ee62aba12d29d9e8ff616997772d7,2026-02-02T13:09:45.326957,0.01816700506491661,2026-02-02T13:09:44.630609222Z,gateDownInvocation,2026-02-02 13:09:44.640352+00:00,2026-02-02 13:09:44.640718+00:00
2ac9b4a53eb2b74afab7c775f71b6fae,2026-02-02T13:10:32.778246,0.026077798879754546,2026-02-02T13:10:32.100124721Z,lightOnInvocation,2026-02-02 13:10:32.116196+00:00,2026-02-02 13:10:32.116367+00:00
2ac9b4a53eb2b74afab7c775f71b6fae,2026-02-02T13:10:32.778246,0.026077798879754546,2026-02-02T13:10:32.100124721Z,gateDownInvocation,2026-02-02 13:10:32.123620+00:00,2026-02-02 13:10:32.123942+00:00
2ac9b4a53eb2b74afab7c775f71b6fae,2026-02-02T13:10:32.778246,0.026077798879754546,2026-02-02T13:10:32.100124721Z,gateDownInvocation,2026-02-02 13:10:32.122971+00:00,2026-02-02 13:10:32.123270+00:00
2ac9b4a53eb2b74afab7c775f71b6fae,2026-02-02T13:10:32.778246,0.026077798879754546,2026-02-02T13:10:32.100124721Z,bellOnInvocation,2026-02-02 13:10:32.120794+00:00,2026-02-02 13:10:32.120981+00:00
2ac9b4a53eb2b74afab7c775f71b6fae,2026-02-02T13:10:32.778246,0.026077798879754546,2026-02-02T13:10:32.100124721Z,bellOnInvocation,2026-02-02 13:10:32.126614+00:00,2026-02-02 13:10:32.126896+00:00
2ac9b4a53eb2b74afab7c775f71b6fae,2026-02-02T13:10:32.778246,0.026077798879754546,2026-02-02T13:10:32.100124721Z,gateDownAction,2026-02-02 13:10:34.124445+00:00,2026-02-02 13:10:34.124507+00:00
2ac9b4a53eb2b74afab7c775f71b6fae,2026-02-02T13:10:32.778246,0.026077798879754546,2026-02-02T13:10:32.100124721Z,gateDownAction,2026-02-02 13:10:34.124693+00:00,2026-02-02 13:10:34.124775+00:00
2ac9b4a53eb2b74afab7c775f71b6fae,2026-02-02T13:10:32.778246,0.026077798879754546,2026-02-02T13:10:32.100124721Z,lightOnAction,2026-02-02 13:10:34.125687+00:00,2026-02-02 13:10:34.125746+00:00
2ac9b4a53eb2b74afab7c775f71b6fae,2026-02-02T13:10:32.778246,0.026077798879754546,2026-02-02T13:10:32.100124721Z,lightOnInvocation,2026-02-02 13:10:32.124343+00:00,2026-02-02 13:10:32.124566+00:00
2ac9b4a53eb2b74afab7c775f71b6fae,2026-02-02T13:10:32.778246,0.026077798879754546,2026-02-02T13:10:32.100124721Z,lightOnAction,2026-02-02 13:10:34.119467+00:00,2026-02-02 13:10:34.119569+00:00
2ac9b4a53eb2b74afab7c775f71b6fae,2026-02-02T13:10:32.778246,0.026077798879754546,2026-02-02T13:10:32.100124721Z,bellOnAction,2026-02-02 13:10:34.128155+00:00,2026-02-02 13:10:34.128251+00:00
2ac9b4a53eb2b74afab7c775f71b6fae,2026-02-02T13:10:32.778246,0.026077798879754546,2026-02-02T13:10:32.100124721Z,bellOnAction,2026-02-02 13:10:34.123110+00:00,2026-02-02 13:10:34.123191+00:00
bfbc0b3a925d7e0206eb06e02defe153,2026-02-02T13:10:28.458288,0.02535607379188538,2026-02-02T13:10:27.769244814Z,bellOnAction,2026-02-02 13:10:29.775747+00:00,2026-02-02 13:10:29.775777+00:00
bfbc0b3a925d7e0206eb06e02defe153,2026-02-02T13:10:28.458288,0.02535607379188538,2026-02-02T13:10:27.769244814Z,bellOnInvocation,2026-02-02 13:10:27.775191+00:00,2026-02-02 13:10:27.775259+00:00
bfbc0b3a925d7e0206eb06e02defe153,2026-02-02T13:10:28.458288,0.02535607379188538,2026-02-02T13:10:27.769244814Z,bellOnInvocation,2026-02-02 13:10:27.775482+00:00,2026-02-02 13:10:27.775553+00:00
bfbc0b3a925d7e0206eb06e02defe153,2026-02-02T13:10:28.458288,0.02535607379188538,2026-02-02T13:10:27.769244814Z,gateDownAction,2026-02-02 13:10:29.773286+00:00,2026-02-02 13:10:29.773319+00:00
bfbc0b3a925d7e0206eb06e02defe153,2026-02-02T13:10:28.458288,0.02535607379188538,2026-02-02T13:10:27.769244814Z,gateDownInvocation,2026-02-02 13:10:27.773035+00:00,2026-02-02 13:10:27.773139+00:00
bfbc0b3a925d7e0206eb06e02defe153,2026-02-02T13:10:28.458288,0.02535607379188538,2026-02-02T13:10:27.769244814Z,lightOnAction,2026-02-02 13:10:29.774107+00:00,2026-02-02 13:10:29.774145+00:00
bfbc0b3a925d7e0206eb06e02defe153,2026-02-02T13:10:28.458288,0.02535607379188538,2026-02-02T13:10:27.769244814Z,lightOnAction,2026-02-02 13:10:29.773461+00:00,2026-02-02 13:10:29.773504+00:00
bfbc0b3a925d7e0206eb06e02defe153,2026-02-02T13:10:28.458288,0.02535607379188538,2026-02-02T13:10:27.769244814Z,gateDownAction,2026-02-02 13:10:29.774132+00:00,2026-02-02 13:10:29.774165+00:00
bfbc0b3a925d7e0206eb06e02defe153,2026-02-02T13:10:28.458288,0.02535607379188538,2026-02-02T13:10:27.769244814Z,lightOnInvocation,2026-02-02 13:10:27.773072+00:00,2026-02-02 13:10:27.773135+00:00
bfbc0b3a925d7e0206eb06e02defe153,2026-02-02T13:10:28.458288,0.02535607379188538,2026-02-02T13:10:27.769244814Z,lightOnInvocation,2026-02-02 13:10:27.773479+00:00,2026-02-02 13:10:27.773536+00:00
bfbc0b3a925d7e0206eb06e02defe153,2026-02-02T13:10:28.458288,0.02535607379188538,2026-02-02T13:10:27.769244814Z,bellOnAction,2026-02-02 13:10:29.775543+00:00,2026-02-02 13:10:29.775571+00:00
bfbc0b3a925d7e0206eb06e02defe153,2026-02-02T13:10:28.458288,0.02535607379188538,2026-02-02T13:10:27.769244814Z,gateDownInvocation,2026-02-02 13:10:27.773497+00:00,2026-02-02 13:10:27.773584+00:00
b972ffdb3f3466b7d6175f31680a15b4,2026-02-02T13:09:06.542327,0.011704282310473919,2026-02-02T13:09:05.85031156Z,gateDownInvocation,2026-02-02 13:09:05.858667+00:00,2026-02-02 13:09:05.858883+00:00
b972ffdb3f3466b7d6175f31680a15b4,2026-02-02T13:09:06.542327,0.011704282310473919,2026-02-02T13:09:05.85031156Z,lightOnInvocation,2026-02-02 13:09:05.859180+00:00,2026-02-02 13:09:05.859294+00:00
b972ffdb3f3466b7d6175f31680a15b4,2026-02-02T13:09:06.542327,0.011704282310473919,2026-02-02T13:09:05.85031156Z,gateDownInvocation,2026-02-02 13:09:05.859236+00:00,2026-02-02 13:09:05.859406+00:00
b972ffdb3f3466b7d6175f31680a15b4,2026-02-02T13:09:06.542327,0.011704282310473919,2026-02-02T13:09:05.85031156Z,lightOnInvocation,2026-02-02 13:09:05.856773+00:00,2026-02-02 13:09:05.856895+00:00
b972ffdb3f3466b7d6175f31680a15b4,2026-02-02T13:09:06.542327,0.011704282310473919,2026-02-02T13:09:05.85031156Z,bellOnInvocation,2026-02-02 13:09:05.862416+00:00,2026-02-02 13:09:05.862460+00:00
b972ffdb3f3466b7d6175f31680a15b4,2026-02-02T13:09:06.542327,0.011704282310473919,2026-02-02T13:09:05.85031156Z,bellOnAction,2026-02-02 13:09:07.861556+00:00,2026-02-02 13:09:07.861626+00:00
b972ffdb3f3466b7d6175f31680a15b4,2026-02-02T13:09:06.542327,0.011704282310473919,2026-02-02T13:09:05.85031156Z,bellOnInvocation,2026-02-02 13:09:05.860904+00:00,2026-02-02 13:09:05.860946+00:00
b972ffdb3f3466b7d6175f31680a15b4,2026-02-02T13:09:06.542327,0.011704282310473919,2026-02-02T13:09:05.85031156Z,gateDownAction,2026-02-02 13:09:07.859413+00:00,2026-02-02 13:09:07.859496+00:00
b972ffdb3f3466b7d6175f31680a15b4,2026-02-02T13:09:06.542327,0.011704282310473919,2026-02-02T13:09:05.85031156Z,lightOnAction,2026-02-02 13:09:07.858263+00:00,2026-02-02 13:09:07.858361+00:00
b972ffdb3f3466b7d6175f31680a15b4,2026-02-02T13:09:06.542327,0.011704282310473919,2026-02-02T13:09:05.85031156Z,lightOnAction,2026-02-02 13:09:07.859835+00:00,2026-02-02 13:09:07.859965+00:00
b972ffdb3f3466b7d6175f31680a15b4,2026-02-02T13:09:06.542327,0.011704282310473919,2026-02-02T13:09:05.85031156Z,gateDownAction,2026-02-02 13:09:07.859825+00:00,2026-02-02 13:09:07.859983+00:00
b972ffdb3f3466b7d6175f31680a15b4,2026-02-02T13:09:06.542327,0.011704282310473919,2026-02-02T13:09:05.85031156Z,bellOnAction,2026-02-02 13:09:07.863019+00:00,2026-02-02 13:09:07.863135+00:00
55c6c0df6d271ebbf251f2bf951c65f4,2026-02-02T13:15:22.837037,0.07442359211345911,2026-02-02T13:15:22.203878654Z,gateDownAction,2026-02-02 13:15:24.211914+00:00,2026-02-02 13:15:24.212036+00:00
55c6c0df6d271ebbf251f2bf951c65f4,2026-02-02T13:15:22.837037,0.07442359211345911,2026-02-02T13:15:22.203878654Z,lightOnInvocation,2026-02-02 13:15:22.210217+00:00,2026-02-02 13:15:22.210351+00:00
55c6c0df6d271ebbf251f2bf951c65f4,2026-02-02T13:15:22.837037,0.07442359211345911,2026-02-02T13:15:22.203878654Z,bellOnAction,2026-02-02 13:15:24.213597+00:00,2026-02-02 13:15:24.213673+00:00
55c6c0df6d271ebbf251f2bf951c65f4,2026-02-02T13:15:22.837037,0.07442359211345911,2026-02-02T13:15:22.203878654Z,bellOnAction,2026-02-02 13:15:24.216156+00:00,2026-02-02 13:15:24.216230+00:00
55c6c0df6d271ebbf251f2bf951c65f4,2026-02-02T13:15:22.837037,0.07442359211345911,2026-02-02T13:15:22.203878654Z,gateDownInvocation,2026-02-02 13:15:22.211137+00:00,2026-02-02 13:15:22.211409+00:00
55c6c0df6d271ebbf251f2bf951c65f4,2026-02-02T13:15:22.837037,0.07442359211345911,2026-02-02T13:15:22.203878654Z,gateDownInvocation,2026-02-02 13:15:22.210021+00:00,2026-02-02 13:15:22.210271+00:00
55c6c0df6d271ebbf251f2bf951c65f4,2026-02-02T13:15:22.837037,0.07442359211345911,2026-02-02T13:15:22.203878654Z,bellOnInvocation,2026-02-02 13:15:22.214374+00:00,2026-02-02 13:15:22.214508+00:00
55c6c0df6d271ebbf251f2bf951c65f4,2026-02-02T13:15:22.837037,0.07442359211345911,2026-02-02T13:15:22.203878654Z,bellOnInvocation,2026-02-02 13:15:22.212975+00:00,2026-02-02 13:15:22.213130+00:00
55c6c0df6d271ebbf251f2bf951c65f4,2026-02-02T13:15:22.837037,0.07442359211345911,2026-02-02T13:15:22.203878654Z,lightOnInvocation,2026-02-02 13:15:22.209084+00:00,2026-02-02 13:15:22.209244+00:00
55c6c0df6d271ebbf251f2bf951c65f4,2026-02-02T13:15:22.837037,0.07442359211345911,2026-02-02T13:15:22.203878654Z,lightOnAction,2026-02-02 13:15:24.210767+00:00,2026-02-02 13:15:24.210852+00:00
55c6c0df6d271ebbf251f2bf951c65f4,2026-02-02T13:15:22.837037,0.07442359211345911,2026-02-02T13:15:22.203878654Z,gateDownAction,2026-02-02 13:15:24.212673+00:00,2026-02-02 13:15:24.212757+00:00
55c6c0df6d271ebbf251f2bf951c65f4,2026-02-02T13:15:22.837037,0.07442359211345911,2026-02-02T13:15:22.203878654Z,lightOnAction,2026-02-02 13:15:24.209867+00:00,2026-02-02 13:15:24.209949+00:00
4a41cd75d3cebbee443bcf6efd168cad,2026-02-02T13:16:27.921672,0.08527209844925404,2026-02-02T13:16:27.301450761Z,bellOnAction,2026-02-02 13:16:29.312194+00:00,2026-02-02 13:16:29.312261+00:00
4a41cd75d3cebbee443bcf6efd168cad,2026-02-02T13:16:27.921672,0.08527209844925404,2026-02-02T13:16:27.301450761Z,lightOnInvocation,2026-02-02 13:16:27.308383+00:00,2026-02-02 13:16:27.308599+00:00
4a41cd75d3cebbee443bcf6efd168cad,2026-02-02T13:16:27.921672,0.08527209844925404,2026-02-02T13:16:27.301450761Z,lightOnInvocation,2026-02-02 13:16:27.307365+00:00,2026-02-02 13:16:27.307563+00:00
4a41cd75d3cebbee443bcf6efd168cad,2026-02-02T13:16:27.921672,0.08527209844925404,2026-02-02T13:16:27.301450761Z,bellOnAction,2026-02-02 13:16:29.312486+00:00,2026-02-02 13:16:29.312535+00:00
4a41cd75d3cebbee443bcf6efd168cad,2026-02-02T13:16:27.921672,0.08527209844925404,2026-02-02T13:16:27.301450761Z,bellOnInvocation,2026-02-02 13:16:27.312175+00:00,2026-02-02 13:16:27.312278+00:00
4a41cd75d3cebbee443bcf6efd168cad,2026-02-02T13:16:27.921672,0.08527209844925404,2026-02-02T13:16:27.301450761Z,lightOnAction,2026-02-02 13:16:29.309567+00:00,2026-02-02 13:16:29.309652+00:00
4a41cd75d3cebbee443bcf6efd168cad,2026-02-02T13:16:27.921672,0.08527209844925404,2026-02-02T13:16:27.301450761Z,gateDownAction,2026-02-02 13:16:29.308900+00:00,2026-02-02 13:16:29.309032+00:00
4a41cd75d3cebbee443bcf6efd168cad,2026-02-02T13:16:27.921672,0.08527209844925404,2026-02-02T13:16:27.301450761Z,gateDownAction,2026-02-02 13:16:29.310069+00:00,2026-02-02 13:16:29.310157+00:00
4a41cd75d3cebbee443bcf6efd168cad,2026-02-02T13:16:27.921672,0.08527209844925404,2026-02-02T13:16:27.301450761Z,gateDownInvocation,2026-02-02 13:16:27.308171+00:00,2026-02-02 13:16:27.308474+00:00
4a41cd75d3cebbee443bcf6efd168cad,2026-02-02T13:16:27.921672,0.08527209844925404,2026-02-02T13:16:27.301450761Z,lightOnAction,2026-02-02 13:16:29.308509+00:00,2026-02-02 13:16:29.308626+00:00
4a41cd75d3cebbee443bcf6efd168cad,2026-02-02T13:16:27.921672,0.08527209844925404,2026-02-02T13:16:27.301450761Z,gateDownInvocation,2026-02-02 13:16:27.307219+00:00,2026-02-02 13:16:27.307540+00:00
4a41cd75d3cebbee443bcf6efd168cad,2026-02-02T13:16:27.921672,0.08527209844925404,2026-02-02T13:16:27.301450761Z,bellOnInvocation,2026-02-02 13:16:27.310778+00:00,2026-02-02 13:16:27.310948+00:00
a2464fd1ccf7d0b06a0d9284c535783e,2026-02-02T13:17:46.227336,0.09832375120481254,2026-02-02T13:17:45.619280173Z,lightOnInvocation,2026-02-02 13:17:45.627186+00:00,2026-02-02 13:17:45.627382+00:00
a2464fd1ccf7d0b06a0d9284c535783e,2026-02-02T13:17:46.227336,0.09832375120481254,2026-02-02T13:17:45.619280173Z,gateDownInvocation,2026-02-02 13:17:45.626290+00:00,2026-02-02 13:17:45.626621+00:00
a2464fd1ccf7d0b06a0d9284c535783e,2026-02-02T13:17:46.227336,0.09832375120481254,2026-02-02T13:17:45.619280173Z,gateDownAction,2026-02-02 13:17:47.627323+00:00,2026-02-02 13:17:47.627356+00:00
a2464fd1ccf7d0b06a0d9284c535783e,2026-02-02T13:17:46.227336,0.09832375120481254,2026-02-02T13:17:45.619280173Z,bellOnInvocation,2026-02-02 13:17:45.629010+00:00,2026-02-02 13:17:45.629160+00:00
a2464fd1ccf7d0b06a0d9284c535783e,2026-02-02T13:17:46.227336,0.09832375120481254,2026-02-02T13:17:45.619280173Z,gateDownInvocation,2026-02-02 13:17:45.625399+00:00,2026-02-02 13:17:45.625719+00:00
a2464fd1ccf7d0b06a0d9284c535783e,2026-02-02T13:17:46.227336,0.09832375120481254,2026-02-02T13:17:45.619280173Z,bellOnAction,2026-02-02 13:17:47.631251+00:00,2026-02-02 13:17:47.631276+00:00
a2464fd1ccf7d0b06a0d9284c535783e,2026-02-02T13:17:46.227336,0.09832375120481254,2026-02-02T13:17:45.619280173Z,lightOnAction,2026-02-02 13:17:47.627821+00:00,2026-02-02 13:17:47.627850+00:00
a2464fd1ccf7d0b06a0d9284c535783e,2026-02-02T13:17:46.227336,0.09832375120481254,2026-02-02T13:17:45.619280173Z,lightOnAction,2026-02-02 13:17:47.628699+00:00,2026-02-02 13:17:47.628736+00:00
a2464fd1ccf7d0b06a0d9284c535783e,2026-02-02T13:17:46.227336,0.09832375120481254,2026-02-02T13:17:45.619280173Z,lightOnInvocation,2026-02-02 13:17:45.625802+00:00,2026-02-02 13:17:45.626024+00:00
a2464fd1ccf7d0b06a0d9284c535783e,2026-02-02T13:17:46.227336,0.09832375120481254,2026-02-02T13:17:45.619280173Z,bellOnInvocation,2026-02-02 13:17:45.630801+00:00,2026-02-02 13:17:45.630912+00:00
a2464fd1ccf7d0b06a0d9284c535783e,2026-02-02T13:17:46.227336,0.09832375120481254,2026-02-02T13:17:45.619280173Z,bellOnAction,2026-02-02 13:17:47.629998+00:00,2026-02-02 13:17:47.630038+00:00
a2464fd1ccf7d0b06a0d9284c535783e,2026-02-02T13:17:46.227336,0.09832375120481254,2026-02-02T13:17:45.619280173Z,gateDownAction,2026-02-02 13:17:47.627979+00:00,2026-02-02 13:17:47.628017+00:00
724226a4624ea68742ed491166d82962,2026-02-02T13:17:41.868892,0.09759646496371031,2026-02-02T13:17:41.255123512Z,lightOnAction,2026-02-02 13:17:43.261196+00:00,2026-02-02 13:17:43.261290+00:00
724226a4624ea68742ed491166d82962,2026-02-02T13:17:41.868892,0.09759646496371031,2026-02-02T13:17:41.255123512Z,gateDownAction,2026-02-02 13:17:43.261190+00:00,2026-02-02 13:17:43.261277+00:00
724226a4624ea68742ed491166d82962,2026-02-02T13:17:41.868892,0.09759646496371031,2026-02-02T13:17:41.255123512Z,lightOnAction,2026-02-02 13:17:43.260774+00:00,2026-02-02 13:17:43.260922+00:00
724226a4624ea68742ed491166d82962,2026-02-02T13:17:41.868892,0.09759646496371031,2026-02-02T13:17:41.255123512Z,lightOnInvocation,2026-02-02 13:17:41.259937+00:00,2026-02-02 13:17:41.260068+00:00
724226a4624ea68742ed491166d82962,2026-02-02T13:17:41.868892,0.09759646496371031,2026-02-02T13:17:41.255123512Z,gateDownInvocation,2026-02-02 13:17:41.260109+00:00,2026-02-02 13:17:41.260282+00:00
724226a4624ea68742ed491166d82962,2026-02-02T13:17:41.868892,0.09759646496371031,2026-02-02T13:17:41.255123512Z,bellOnAction,2026-02-02 13:17:43.263360+00:00,2026-02-02 13:17:43.263442+00:00
724226a4624ea68742ed491166d82962,2026-02-02T13:17:41.868892,0.09759646496371031,2026-02-02T13:17:41.255123512Z,bellOnInvocation,2026-02-02 13:17:41.262818+00:00,2026-02-02 13:17:41.262894+00:00
724226a4624ea68742ed491166d82962,2026-02-02T13:17:41.868892,0.09759646496371031,2026-02-02T13:17:41.255123512Z,gateDownInvocation,2026-02-02 13:17:41.259786+00:00,2026-02-02 13:17:41.260010+00:00
724226a4624ea68742ed491166d82962,2026-02-02T13:17:41.868892,0.09759646496371031,2026-02-02T13:17:41.255123512Z,bellOnAction,2026-02-02 13:17:43.264896+00:00,2026-02-02 13:17:43.264994+00:00
724226a4624ea68742ed491166d82962,2026-02-02T13:17:41.868892,0.09759646496371031,2026-02-02T13:17:41.255123512Z,gateDownAction,2026-02-02 13:17:43.260592+00:00,2026-02-02 13:17:43.260732+00:00
724226a4624ea68742ed491166d82962,2026-02-02T13:17:41.868892,0.09759646496371031,2026-02-02T13:17:41.255123512Z,bellOnInvocation,2026-02-02 13:17:41.263969+00:00,2026-02-02 13:17:41.264076+00:00
724226a4624ea68742ed491166d82962,2026-02-02T13:17:41.868892,0.09759646496371031,2026-02-02T13:17:41.255123512Z,lightOnInvocation,2026-02-02 13:17:41.260028+00:00,2026-02-02 13:17:41.260147+00:00
8fb0bad87d157bffe7bdef479a7f8d8f,2026-02-02T13:09:15.165587,0.013141238216245176,2026-02-02T13:09:14.472975308Z,gateDownInvocation,2026-02-02 13:09:14.485306+00:00,2026-02-02 13:09:14.485848+00:00
8fb0bad87d157bffe7bdef479a7f8d8f,2026-02-02T13:09:15.165587,0.013141238216245176,2026-02-02T13:09:14.472975308Z,bellOnAction,2026-02-02 13:09:16.494321+00:00,2026-02-02 13:09:16.494373+00:00
8fb0bad87d157bffe7bdef479a7f8d8f,2026-02-02T13:09:15.165587,0.013141238216245176,2026-02-02T13:09:14.472975308Z,gateDownAction,2026-02-02 13:09:16.493913+00:00,2026-02-02 13:09:16.494021+00:00
8fb0bad87d157bffe7bdef479a7f8d8f,2026-02-02T13:09:15.165587,0.013141238216245176,2026-02-02T13:09:14.472975308Z,bellOnAction,2026-02-02 13:09:16.489401+00:00,2026-02-02 13:09:16.489485+00:00
8fb0bad87d157bffe7bdef479a7f8d8f,2026-02-02T13:09:15.165587,0.013141238216245176,2026-02-02T13:09:14.472975308Z,gateDownAction,2026-02-02 13:09:16.487733+00:00,2026-02-02 13:09:16.487818+00:00
8fb0bad87d157bffe7bdef479a7f8d8f,2026-02-02T13:09:15.165587,0.013141238216245176,2026-02-02T13:09:14.472975308Z,bellOnInvocation,2026-02-02 13:09:14.485671+00:00,2026-02-02 13:09:14.485892+00:00
8fb0bad87d157bffe7bdef479a7f8d8f,2026-02-02T13:09:15.165587,0.013141238216245176,2026-02-02T13:09:14.472975308Z,bellOnInvocation,2026-02-02 13:09:14.494321+00:00,2026-02-02 13:09:14.494428+00:00
8fb0bad87d157bffe7bdef479a7f8d8f,2026-02-02T13:09:15.165587,0.013141238216245176,2026-02-02T13:09:14.472975308Z,lightOnInvocation,2026-02-02 13:09:14.488166+00:00,2026-02-02 13:09:14.488396+00:00
8fb0bad87d157bffe7bdef479a7f8d8f,2026-02-02T13:09:15.165587,0.013141238216245176,2026-02-02T13:09:14.472975308Z,lightOnAction,2026-02-02 13:09:16.491125+00:00,2026-02-02 13:09:16.491211+00:00
8fb0bad87d157bffe7bdef479a7f8d8f,2026-02-02T13:09:15.165587,0.013141238216245176,2026-02-02T13:09:14.472975308Z,lightOnAction,2026-02-02 13:09:16.491055+00:00,2026-02-02 13:09:16.491141+00:00
8fb0bad87d157bffe7bdef479a7f8d8f,2026-02-02T13:09:15.165587,0.013141238216245176,2026-02-02T13:09:14.472975308Z,lightOnInvocation,2026-02-02 13:09:14.489039+00:00,2026-02-02 13:09:14.489248+00:00
8fb0bad87d157bffe7bdef479a7f8d8f,2026-02-02T13:09:15.165587,0.013141238216245176,2026-02-02T13:09:14.472975308Z,gateDownInvocation,2026-02-02 13:09:14.492383+00:00,2026-02-02 13:09:14.492748+00:00
c337d6657c943b49dfd2e662e9ae0e24,2026-02-02T13:12:12.104462,0.04279973469485045,2026-02-02T13:12:12.441813697Z,lightOffInvocation,2026-02-02 13:12:12.450262+00:00,2026-02-02 13:12:12.450421+00:00
c337d6657c943b49dfd2e662e9ae0e24,2026-02-02T13:12:12.104462,0.04279973469485045,2026-02-02T13:12:12.441813697Z,gateUpInvocation,2026-02-02 13:12:12.451737+00:00,2026-02-02 13:12:12.451885+00:00
c337d6657c943b49dfd2e662e9ae0e24,2026-02-02T13:12:12.104462,0.04279973469485045,2026-02-02T13:12:12.441813697Z,bellOffInvocation,2026-02-02 13:12:12.454505+00:00,2026-02-02 13:12:12.454647+00:00
c337d6657c943b49dfd2e662e9ae0e24,2026-02-02T13:12:12.104462,0.04279973469485045,2026-02-02T13:12:12.441813697Z,lightOffInvocation,2026-02-02 13:12:12.451382+00:00,2026-02-02 13:12:12.451529+00:00
c337d6657c943b49dfd2e662e9ae0e24,2026-02-02T13:12:12.104462,0.04279973469485045,2026-02-02T13:12:12.441813697Z,bellOffInvocation,2026-02-02 13:12:12.456432+00:00,2026-02-02 13:12:12.456529+00:00
c337d6657c943b49dfd2e662e9ae0e24,2026-02-02T13:12:12.104462,0.04279973469485045,2026-02-02T13:12:12.441813697Z,gateUpInvocation,2026-02-02 13:12:12.450291+00:00,2026-02-02 13:12:12.450445+00:00
62914e7bfff3f75e28c8261981090253,2026-02-02T13:13:17.065207,0.053455660159623636,2026-02-02T13:13:16.383785516Z,lightOnInvocation,2026-02-02 13:13:16.391213+00:00,2026-02-02 13:13:16.391407+00:00
62914e7bfff3f75e28c8261981090253,2026-02-02T13:13:17.065207,0.053455660159623636,2026-02-02T13:13:16.383785516Z,gateDownAction,2026-02-02 13:13:18.393277+00:00,2026-02-02 13:13:18.393400+00:00
62914e7bfff3f75e28c8261981090253,2026-02-02T13:13:17.065207,0.053455660159623636,2026-02-02T13:13:16.383785516Z,bellOnAction,2026-02-02 13:13:18.395883+00:00,2026-02-02 13:13:18.396034+00:00
62914e7bfff3f75e28c8261981090253,2026-02-02T13:13:17.065207,0.053455660159623636,2026-02-02T13:13:16.383785516Z,gateDownAction,2026-02-02 13:13:18.392422+00:00,2026-02-02 13:13:18.392512+00:00
62914e7bfff3f75e28c8261981090253,2026-02-02T13:13:17.065207,0.053455660159623636,2026-02-02T13:13:16.383785516Z,bellOnAction,2026-02-02 13:13:18.395781+00:00,2026-02-02 13:13:18.395849+00:00
62914e7bfff3f75e28c8261981090253,2026-02-02T13:13:17.065207,0.053455660159623636,2026-02-02T13:13:16.383785516Z,bellOnInvocation,2026-02-02 13:13:16.394123+00:00,2026-02-02 13:13:16.394325+00:00
62914e7bfff3f75e28c8261981090253,2026-02-02T13:13:17.065207,0.053455660159623636,2026-02-02T13:13:16.383785516Z,lightOnAction,2026-02-02 13:13:18.392559+00:00,2026-02-02 13:13:18.392670+00:00
62914e7bfff3f75e28c8261981090253,2026-02-02T13:13:17.065207,0.053455660159623636,2026-02-02T13:13:16.383785516Z,lightOnAction,2026-02-02 13:13:18.393147+00:00,2026-02-02 13:13:18.393249+00:00
62914e7bfff3f75e28c8261981090253,2026-02-02T13:13:17.065207,0.053455660159623636,2026-02-02T13:13:16.383785516Z,gateDownInvocation,2026-02-02 13:13:16.391357+00:00,2026-02-02 13:13:16.391654+00:00
62914e7bfff3f75e28c8261981090253,2026-02-02T13:13:17.065207,0.053455660159623636,2026-02-02T13:13:16.383785516Z,lightOnInvocation,2026-02-02 13:13:16.391469+00:00,2026-02-02 13:13:16.391631+00:00
62914e7bfff3f75e28c8261981090253,2026-02-02T13:13:17.065207,0.053455660159623636,2026-02-02T13:13:16.383785516Z,gateDownInvocation,2026-02-02 13:13:16.391279+00:00,2026-02-02 13:13:16.391565+00:00
62914e7bfff3f75e28c8261981090253,2026-02-02T13:13:17.065207,0.053455660159623636,2026-02-02T13:13:16.383785516Z,bellOnInvocation,2026-02-02 13:13:16.393964+00:00,2026-02-02 13:13:16.394196+00:00
fcaa9cb685b53e358bae20de7b311b2c,2026-02-02T13:13:38.758090,0.05707323652670384,2026-02-02T13:13:38.091398812Z,gateDownInvocation,2026-02-02 13:13:38.099124+00:00,2026-02-02 13:13:38.099429+00:00
fcaa9cb685b53e358bae20de7b311b2c,2026-02-02T13:13:38.758090,0.05707323652670384,2026-02-02T13:13:38.091398812Z,bellOnAction,2026-02-02 13:13:40.102753+00:00,2026-02-02 13:13:40.102822+00:00
fcaa9cb685b53e358bae20de7b311b2c,2026-02-02T13:13:38.758090,0.05707323652670384,2026-02-02T13:13:38.091398812Z,bellOnAction,2026-02-02 13:13:40.101781+00:00,2026-02-02 13:13:40.101868+00:00
fcaa9cb685b53e358bae20de7b311b2c,2026-02-02T13:13:38.758090,0.05707323652670384,2026-02-02T13:13:38.091398812Z,lightOnInvocation,2026-02-02 13:13:38.099412+00:00,2026-02-02 13:13:38.099601+00:00
fcaa9cb685b53e358bae20de7b311b2c,2026-02-02T13:13:38.758090,0.05707323652670384,2026-02-02T13:13:38.091398812Z,gateDownAction,2026-02-02 13:13:40.104381+00:00,2026-02-02 13:13:40.104456+00:00
fcaa9cb685b53e358bae20de7b311b2c,2026-02-02T13:13:38.758090,0.05707323652670384,2026-02-02T13:13:38.091398812Z,bellOnInvocation,2026-02-02 13:13:38.101715+00:00,2026-02-02 13:13:38.101871+00:00
fcaa9cb685b53e358bae20de7b311b2c,2026-02-02T13:13:38.758090,0.05707323652670384,2026-02-02T13:13:38.091398812Z,lightOnInvocation,2026-02-02 13:13:38.099538+00:00,2026-02-02 13:13:38.099730+00:00
fcaa9cb685b53e358bae20de7b311b2c,2026-02-02T13:13:38.758090,0.05707323652670384,2026-02-02T13:13:38.091398812Z,bellOnInvocation,2026-02-02 13:13:38.100175+00:00,2026-02-02 13:13:38.100400+00:00
fcaa9cb685b53e358bae20de7b311b2c,2026-02-02T13:13:38.758090,0.05707323652670384,2026-02-02T13:13:38.091398812Z,lightOnAction,2026-02-02 13:13:40.101152+00:00,2026-02-02 13:13:40.101239+00:00
fcaa9cb685b53e358bae20de7b311b2c,2026-02-02T13:13:38.758090,0.05707323652670384,2026-02-02T13:13:38.091398812Z,gateDownAction,2026-02-02 13:13:40.101214+00:00,2026-02-02 13:13:40.101299+00:00
fcaa9cb685b53e358bae20de7b311b2c,2026-02-02T13:13:38.758090,0.05707323652670384,2026-02-02T13:13:38.091398812Z,lightOnAction,2026-02-02 13:13:40.100655+00:00,2026-02-02 13:13:40.100752+00:00
fcaa9cb685b53e358bae20de7b311b2c,2026-02-02T13:13:38.758090,0.05707323652670384,2026-02-02T13:13:38.091398812Z,gateDownInvocation,2026-02-02 13:13:38.102685+00:00,2026-02-02 13:13:38.103033+00:00
6f6a77a08b68ca0a89f305fc95ed51fa,2026-02-02T13:11:11.627417,0.03255260276429654,2026-02-02T13:11:10.952839499Z,bellOnInvocation,2026-02-02 13:11:10.965222+00:00,2026-02-02 13:11:10.965396+00:00
6f6a77a08b68ca0a89f305fc95ed51fa,2026-02-02T13:11:11.627417,0.03255260276429654,2026-02-02T13:11:10.952839499Z,lightOnAction,2026-02-02 13:11:12.962678+00:00,2026-02-02 13:11:12.962762+00:00
6f6a77a08b68ca0a89f305fc95ed51fa,2026-02-02T13:11:11.627417,0.03255260276429654,2026-02-02T13:11:10.952839499Z,gateDownAction,2026-02-02 13:11:12.964322+00:00,2026-02-02 13:11:12.964405+00:00
6f6a77a08b68ca0a89f305fc95ed51fa,2026-02-02T13:11:11.627417,0.03255260276429654,2026-02-02T13:11:10.952839499Z,lightOnInvocation,2026-02-02 13:11:10.961404+00:00,2026-02-02 13:11:10.961524+00:00
6f6a77a08b68ca0a89f305fc95ed51fa,2026-02-02T13:11:11.627417,0.03255260276429654,2026-02-02T13:11:10.952839499Z,bellOnInvocation,2026-02-02 13:11:10.963535+00:00,2026-02-02 13:11:10.963689+00:00
6f6a77a08b68ca0a89f305fc95ed51fa,2026-02-02T13:11:11.627417,0.03255260276429654,2026-02-02T13:11:10.952839499Z,lightOnInvocation,2026-02-02 13:11:10.961579+00:00,2026-02-02 13:11:10.961750+00:00
6f6a77a08b68ca0a89f305fc95ed51fa,2026-02-02T13:11:11.627417,0.03255260276429654,2026-02-02T13:11:10.952839499Z,bellOnAction,2026-02-02 13:11:12.966849+00:00,2026-02-02 13:11:12.966918+00:00
6f6a77a08b68ca0a89f305fc95ed51fa,2026-02-02T13:11:11.627417,0.03255260276429654,2026-02-02T13:11:10.952839499Z,gateDownInvocation,2026-02-02 13:11:10.962593+00:00,2026-02-02 13:11:10.962892+00:00
6f6a77a08b68ca0a89f305fc95ed51fa,2026-02-02T13:11:11.627417,0.03255260276429654,2026-02-02T13:11:10.952839499Z,bellOnAction,2026-02-02 13:11:12.964766+00:00,2026-02-02 13:11:12.964848+00:00
6f6a77a08b68ca0a89f305fc95ed51fa,2026-02-02T13:11:11.627417,0.03255260276429654,2026-02-02T13:11:10.952839499Z,gateDownAction,2026-02-02 13:11:12.963232+00:00,2026-02-02 13:11:12.963318+00:00
6f6a77a08b68ca0a89f305fc95ed51fa,2026-02-02T13:11:11.627417,0.03255260276429654,2026-02-02T13:11:10.952839499Z,gateDownInvocation,2026-02-02 13:11:10.961237+00:00,2026-02-02 13:11:10.961543+00:00
6f6a77a08b68ca0a89f305fc95ed51fa,2026-02-02T13:11:11.627417,0.03255260276429654,2026-02-02T13:11:10.952839499Z,lightOnAction,2026-02-02 13:11:12.963091+00:00,2026-02-02 13:11:12.963175+00:00
5a4173ab8f926b7aaa3ff7e03df99ee8,2026-02-02T13:13:38.758090,0.05723839890381098,2026-02-02T13:13:39.082467656Z,bellOffInvocation,2026-02-02 13:13:39.094339+00:00,2026-02-02 13:13:39.094478+00:00
5a4173ab8f926b7aaa3ff7e03df99ee8,2026-02-02T13:13:38.758090,0.05723839890381098,2026-02-02T13:13:39.082467656Z,lightOffInvocation,2026-02-02 13:13:39.095616+00:00,2026-02-02 13:13:39.095755+00:00
5a4173ab8f926b7aaa3ff7e03df99ee8,2026-02-02T13:13:38.758090,0.05723839890381098,2026-02-02T13:13:39.082467656Z,bellOffInvocation,2026-02-02 13:13:39.092756+00:00,2026-02-02 13:13:39.092883+00:00
5a4173ab8f926b7aaa3ff7e03df99ee8,2026-02-02T13:13:38.758090,0.05723839890381098,2026-02-02T13:13:39.082467656Z,gateUpInvocation,2026-02-02 13:13:39.090494+00:00,2026-02-02 13:13:39.090635+00:00
5a4173ab8f926b7aaa3ff7e03df99ee8,2026-02-02T13:13:38.758090,0.05723839890381098,2026-02-02T13:13:39.082467656Z,gateUpInvocation,2026-02-02 13:13:39.097721+00:00,2026-02-02 13:13:39.098002+00:00
5a4173ab8f926b7aaa3ff7e03df99ee8,2026-02-02T13:13:38.758090,0.05723839890381098,2026-02-02T13:13:39.082467656Z,lightOffInvocation,2026-02-02 13:13:39.090571+00:00,2026-02-02 13:13:39.090724+00:00
7a9625477f45ba9dbad366135d6b20da,2026-02-02T13:13:43.085876,0.05779850872960092,2026-02-02T13:13:42.44347047Z,lightOnInvocation,2026-02-02 13:13:42.451208+00:00,2026-02-02 13:13:42.451397+00:00
7a9625477f45ba9dbad366135d6b20da,2026-02-02T13:13:43.085876,0.05779850872960092,2026-02-02T13:13:42.44347047Z,lightOnAction,2026-02-02 13:13:44.452806+00:00,2026-02-02 13:13:44.452892+00:00
7a9625477f45ba9dbad366135d6b20da,2026-02-02T13:13:43.085876,0.05779850872960092,2026-02-02T13:13:42.44347047Z,gateDownInvocation,2026-02-02 13:13:42.451712+00:00,2026-02-02 13:13:42.452034+00:00
7a9625477f45ba9dbad366135d6b20da,2026-02-02T13:13:43.085876,0.05779850872960092,2026-02-02T13:13:42.44347047Z,bellOnAction,2026-02-02 13:13:44.455084+00:00,2026-02-02 13:13:44.455169+00:00
7a9625477f45ba9dbad366135d6b20da,2026-02-02T13:13:43.085876,0.05779850872960092,2026-02-02T13:13:42.44347047Z,gateDownAction,2026-02-02 13:13:44.453091+00:00,2026-02-02 13:13:44.453171+00:00
7a9625477f45ba9dbad366135d6b20da,2026-02-02T13:13:43.085876,0.05779850872960092,2026-02-02T13:13:42.44347047Z,lightOnInvocation,2026-02-02 13:13:42.451703+00:00,2026-02-02 13:13:42.451830+00:00
7a9625477f45ba9dbad366135d6b20da,2026-02-02T13:13:43.085876,0.05779850872960092,2026-02-02T13:13:42.44347047Z,bellOnInvocation,2026-02-02 13:13:42.453504+00:00,2026-02-02 13:13:42.453684+00:00
7a9625477f45ba9dbad366135d6b20da,2026-02-02T13:13:43.085876,0.05779850872960092,2026-02-02T13:13:42.44347047Z,bellOnInvocation,2026-02-02 13:13:42.453656+00:00,2026-02-02 13:13:42.453861+00:00
7a9625477f45ba9dbad366135d6b20da,2026-02-02T13:13:43.085876,0.05779850872960092,2026-02-02T13:13:42.44347047Z,bellOnAction,2026-02-02 13:13:44.454352+00:00,2026-02-02 13:13:44.454451+00:00
7a9625477f45ba9dbad366135d6b20da,2026-02-02T13:13:43.085876,0.05779850872960092,2026-02-02T13:13:42.44347047Z,gateDownInvocation,2026-02-02 13:13:42.451072+00:00,2026-02-02 13:13:42.451385+00:00
7a9625477f45ba9dbad366135d6b20da,2026-02-02T13:13:43.085876,0.05779850872960092,2026-02-02T13:13:42.44347047Z,lightOnAction,2026-02-02 13:13:44.452514+00:00,2026-02-02 13:13:44.452599+00:00
7a9625477f45ba9dbad366135d6b20da,2026-02-02T13:13:43.085876,0.05779850872960092,2026-02-02T13:13:42.44347047Z,gateDownAction,2026-02-02 13:13:44.453426+00:00,2026-02-02 13:13:44.453511+00:00
521e1c8c26d817cbf63ba70ebfaebb00,2026-02-02T13:11:54.817085,0.03991928645720483,2026-02-02T13:11:55.15734226Z,bellOffInvocation,2026-02-02 13:11:55.167687+00:00,2026-02-02 13:11:55.167743+00:00
521e1c8c26d817cbf63ba70ebfaebb00,2026-02-02T13:11:54.817085,0.03991928645720483,2026-02-02T13:11:55.15734226Z,lightOffInvocation,2026-02-02 13:11:55.166237+00:00,2026-02-02 13:11:55.166308+00:00
521e1c8c26d817cbf63ba70ebfaebb00,2026-02-02T13:11:54.817085,0.03991928645720483,2026-02-02T13:11:55.15734226Z,gateUpInvocation,2026-02-02 13:11:55.162680+00:00,2026-02-02 13:11:55.162748+00:00
521e1c8c26d817cbf63ba70ebfaebb00,2026-02-02T13:11:54.817085,0.03991928645720483,2026-02-02T13:11:55.15734226Z,lightOffInvocation,2026-02-02 13:11:55.162317+00:00,2026-02-02 13:11:55.162404+00:00
521e1c8c26d817cbf63ba70ebfaebb00,2026-02-02T13:11:54.817085,0.03991928645720483,2026-02-02T13:11:55.15734226Z,bellOffInvocation,2026-02-02 13:11:55.163705+00:00,2026-02-02 13:11:55.163748+00:00
521e1c8c26d817cbf63ba70ebfaebb00,2026-02-02T13:11:54.817085,0.03991928645720483,2026-02-02T13:11:55.15734226Z,gateUpInvocation,2026-02-02 13:11:55.166255+00:00,2026-02-02 13:11:55.166331+00:00
7cffd0f0aee82a975476182220f93fc6,2026-02-02T13:11:33.193163,0.036312417510283,2026-02-02T13:11:33.514002153Z,lightOffInvocation,2026-02-02 13:11:33.522175+00:00,2026-02-02 13:11:33.522220+00:00
7cffd0f0aee82a975476182220f93fc6,2026-02-02T13:11:33.193163,0.036312417510283,2026-02-02T13:11:33.514002153Z,lightOffInvocation,2026-02-02 13:11:33.523345+00:00,2026-02-02 13:11:33.523408+00:00
7cffd0f0aee82a975476182220f93fc6,2026-02-02T13:11:33.193163,0.036312417510283,2026-02-02T13:11:33.514002153Z,bellOffInvocation,2026-02-02 13:11:33.524088+00:00,2026-02-02 13:11:33.524158+00:00
7cffd0f0aee82a975476182220f93fc6,2026-02-02T13:11:33.193163,0.036312417510283,2026-02-02T13:11:33.514002153Z,bellOffInvocation,2026-02-02 13:11:33.525367+00:00,2026-02-02 13:11:33.525410+00:00
7cffd0f0aee82a975476182220f93fc6,2026-02-02T13:11:33.193163,0.036312417510283,2026-02-02T13:11:33.514002153Z,gateUpInvocation,2026-02-02 13:11:33.522253+00:00,2026-02-02 13:11:33.522334+00:00
7cffd0f0aee82a975476182220f93fc6,2026-02-02T13:11:33.193163,0.036312417510283,2026-02-02T13:11:33.514002153Z,gateUpInvocation,2026-02-02 13:11:33.522922+00:00,2026-02-02 13:11:33.523017+00:00
7b23f4b346a70238a4c693ea73f394bb,2026-02-02T13:10:50.024103,0.028951223889243607,2026-02-02T13:10:49.342476321Z,bellOnAction,2026-02-02 13:10:51.358506+00:00,2026-02-02 13:10:51.358566+00:00
7b23f4b346a70238a4c693ea73f394bb,2026-02-02T13:10:50.024103,0.028951223889243607,2026-02-02T13:10:49.342476321Z,bellOnAction,2026-02-02 13:10:51.360451+00:00,2026-02-02 13:10:51.360518+00:00
7b23f4b346a70238a4c693ea73f394bb,2026-02-02T13:10:50.024103,0.028951223889243607,2026-02-02T13:10:49.342476321Z,gateDownInvocation,2026-02-02 13:10:49.353579+00:00,2026-02-02 13:10:49.353913+00:00
7b23f4b346a70238a4c693ea73f394bb,2026-02-02T13:10:50.024103,0.028951223889243607,2026-02-02T13:10:49.342476321Z,gateDownAction,2026-02-02 13:10:51.354645+00:00,2026-02-02 13:10:51.354769+00:00
7b23f4b346a70238a4c693ea73f394bb,2026-02-02T13:10:50.024103,0.028951223889243607,2026-02-02T13:10:49.342476321Z,lightOnInvocation,2026-02-02 13:10:49.355492+00:00,2026-02-02 13:10:49.355636+00:00
7b23f4b346a70238a4c693ea73f394bb,2026-02-02T13:10:50.024103,0.028951223889243607,2026-02-02T13:10:49.342476321Z,lightOnAction,2026-02-02 13:10:51.358821+00:00,2026-02-02 13:10:51.358962+00:00
7b23f4b346a70238a4c693ea73f394bb,2026-02-02T13:10:50.024103,0.028951223889243607,2026-02-02T13:10:49.342476321Z,gateDownAction,2026-02-02 13:10:51.355722+00:00,2026-02-02 13:10:51.355802+00:00
7b23f4b346a70238a4c693ea73f394bb,2026-02-02T13:10:50.024103,0.028951223889243607,2026-02-02T13:10:49.342476321Z,lightOnInvocation,2026-02-02 13:10:49.355413+00:00,2026-02-02 13:10:49.355627+00:00
7b23f4b346a70238a4c693ea73f394bb,2026-02-02T13:10:50.024103,0.028951223889243607,2026-02-02T13:10:49.342476321Z,gateDownInvocation,2026-02-02 13:10:49.354315+00:00,2026-02-02 13:10:49.354648+00:00
7b23f4b346a70238a4c693ea73f394bb,2026-02-02T13:10:50.024103,0.028951223889243607,2026-02-02T13:10:49.342476321Z,bellOnInvocation,2026-02-02 13:10:49.357625+00:00,2026-02-02 13:10:49.357804+00:00
7b23f4b346a70238a4c693ea73f394bb,2026-02-02T13:10:50.024103,0.028951223889243607,2026-02-02T13:10:49.342476321Z,bellOnInvocation,2026-02-02 13:10:49.359554+00:00,2026-02-02 13:10:49.359742+00:00
7b23f4b346a70238a4c693ea73f394bb,2026-02-02T13:10:50.024103,0.028951223889243607,2026-02-02T13:10:49.342476321Z,lightOnAction,2026-02-02 13:10:51.356901+00:00,2026-02-02 13:10:51.357033+00:00
9481bb0448607d7a43e1aed9187cb46c,2026-02-02T13:13:30.086731,0.05579604240366221,2026-02-02T13:13:30.427463246Z,gateUpInvocation,2026-02-02 13:13:30.435234+00:00,2026-02-02 13:13:30.435368+00:00
9481bb0448607d7a43e1aed9187cb46c,2026-02-02T13:13:30.086731,0.05579604240366221,2026-02-02T13:13:30.427463246Z,bellOffInvocation,2026-02-02 13:13:30.437688+00:00,2026-02-02 13:13:30.437805+00:00
9481bb0448607d7a43e1aed9187cb46c,2026-02-02T13:13:30.086731,0.05579604240366221,2026-02-02T13:13:30.427463246Z,lightOffInvocation,2026-02-02 13:13:30.436588+00:00,2026-02-02 13:13:30.436723+00:00
9481bb0448607d7a43e1aed9187cb46c,2026-02-02T13:13:30.086731,0.05579604240366221,2026-02-02T13:13:30.427463246Z,bellOffInvocation,2026-02-02 13:13:30.438709+00:00,2026-02-02 13:13:30.438831+00:00
9481bb0448607d7a43e1aed9187cb46c,2026-02-02T13:13:30.086731,0.05579604240366221,2026-02-02T13:13:30.427463246Z,lightOffInvocation,2026-02-02 13:13:30.435532+00:00,2026-02-02 13:13:30.435665+00:00
9481bb0448607d7a43e1aed9187cb46c,2026-02-02T13:13:30.086731,0.05579604240366221,2026-02-02T13:13:30.427463246Z,gateUpInvocation,2026-02-02 13:13:30.436395+00:00,2026-02-02 13:13:30.436512+00:00
eefab991784f410f2738c11cf9602bcd,2026-02-02T13:12:51.065545,0.049287393459343916,2026-02-02T13:12:51.371714882Z,gateUpInvocation,2026-02-02 13:12:51.379677+00:00,2026-02-02 13:12:51.379832+00:00
eefab991784f410f2738c11cf9602bcd,2026-02-02T13:12:51.065545,0.049287393459343916,2026-02-02T13:12:51.371714882Z,gateUpInvocation,2026-02-02 13:12:51.383043+00:00,2026-02-02 13:12:51.383178+00:00
eefab991784f410f2738c11cf9602bcd,2026-02-02T13:12:51.065545,0.049287393459343916,2026-02-02T13:12:51.371714882Z,bellOffInvocation,2026-02-02 13:12:51.381735+00:00,2026-02-02 13:12:51.381913+00:00
eefab991784f410f2738c11cf9602bcd,2026-02-02T13:12:51.065545,0.049287393459343916,2026-02-02T13:12:51.371714882Z,bellOffInvocation,2026-02-02 13:12:51.385016+00:00,2026-02-02 13:12:51.385160+00:00
eefab991784f410f2738c11cf9602bcd,2026-02-02T13:12:51.065545,0.049287393459343916,2026-02-02T13:12:51.371714882Z,lightOffInvocation,2026-02-02 13:12:51.379535+00:00,2026-02-02 13:12:51.379677+00:00
eefab991784f410f2738c11cf9602bcd,2026-02-02T13:12:51.065545,0.049287393459343916,2026-02-02T13:12:51.371714882Z,lightOffInvocation,2026-02-02 13:12:51.379526+00:00,2026-02-02 13:12:51.379672+00:00
4650da8346f7d023aa6cb5b282e975c7,2026-02-02T13:08:32.100891,0.005963653082966805,2026-02-02T13:08:31.403321814Z,lightOnAction,2026-02-02 13:08:33.420738+00:00,2026-02-02 13:08:33.420910+00:00
4650da8346f7d023aa6cb5b282e975c7,2026-02-02T13:08:32.100891,0.005963653082966805,2026-02-02T13:08:31.403321814Z,gateDownInvocation,2026-02-02 13:08:31.419623+00:00,2026-02-02 13:08:31.420198+00:00
4650da8346f7d023aa6cb5b282e975c7,2026-02-02T13:08:32.100891,0.005963653082966805,2026-02-02T13:08:31.403321814Z,lightOnAction,2026-02-02 13:08:33.422299+00:00,2026-02-02 13:08:33.422348+00:00
4650da8346f7d023aa6cb5b282e975c7,2026-02-02T13:08:32.100891,0.005963653082966805,2026-02-02T13:08:31.403321814Z,gateDownAction,2026-02-02 13:08:33.431640+00:00,2026-02-02 13:08:33.431759+00:00
4650da8346f7d023aa6cb5b282e975c7,2026-02-02T13:08:32.100891,0.005963653082966805,2026-02-02T13:08:31.403321814Z,gateDownInvocation,2026-02-02 13:08:31.428339+00:00,2026-02-02 13:08:31.428607+00:00
4650da8346f7d023aa6cb5b282e975c7,2026-02-02T13:08:32.100891,0.005963653082966805,2026-02-02T13:08:31.403321814Z,bellOnAction,2026-02-02 13:08:33.436050+00:00,2026-02-02 13:08:33.436108+00:00
4650da8346f7d023aa6cb5b282e975c7,2026-02-02T13:08:32.100891,0.005963653082966805,2026-02-02T13:08:31.403321814Z,gateDownAction,2026-02-02 13:08:33.429790+00:00,2026-02-02 13:08:33.429884+00:00
4650da8346f7d023aa6cb5b282e975c7,2026-02-02T13:08:32.100891,0.005963653082966805,2026-02-02T13:08:31.403321814Z,bellOnInvocation,2026-02-02 13:08:31.432286+00:00,2026-02-02 13:08:31.432679+00:00
4650da8346f7d023aa6cb5b282e975c7,2026-02-02T13:08:32.100891,0.005963653082966805,2026-02-02T13:08:31.403321814Z,bellOnInvocation,2026-02-02 13:08:31.434282+00:00,2026-02-02 13:08:31.434396+00:00
4650da8346f7d023aa6cb5b282e975c7,2026-02-02T13:08:32.100891,0.005963653082966805,2026-02-02T13:08:31.403321814Z,lightOnInvocation,2026-02-02 13:08:31.420669+00:00,2026-02-02 13:08:31.420895+00:00
4650da8346f7d023aa6cb5b282e975c7,2026-02-02T13:08:32.100891,0.005963653082966805,2026-02-02T13:08:31.403321814Z,lightOnInvocation,2026-02-02 13:08:31.419050+00:00,2026-02-02 13:08:31.419277+00:00
4650da8346f7d023aa6cb5b282e975c7,2026-02-02T13:08:32.100891,0.005963653082966805,2026-02-02T13:08:31.403321814Z,bellOnAction,2026-02-02 13:08:33.434353+00:00,2026-02-02 13:08:33.434460+00:00
f726c4864d614b4157bc5bff8c24a19f,2026-02-02T13:16:14.963797,0.08327558615107536,2026-02-02T13:16:15.321240747Z,lightOffInvocation,2026-02-02 13:16:15.328228+00:00,2026-02-02 13:16:15.328388+00:00
f726c4864d614b4157bc5bff8c24a19f,2026-02-02T13:16:14.963797,0.08327558615107536,2026-02-02T13:16:15.321240747Z,lightOffInvocation,2026-02-02 13:16:15.327137+00:00,2026-02-02 13:16:15.327279+00:00
f726c4864d614b4157bc5bff8c24a19f,2026-02-02T13:16:14.963797,0.08327558615107536,2026-02-02T13:16:15.321240747Z,gateUpInvocation,2026-02-02 13:16:15.327213+00:00,2026-02-02 13:16:15.327370+00:00
f726c4864d614b4157bc5bff8c24a19f,2026-02-02T13:16:14.963797,0.08327558615107536,2026-02-02T13:16:15.321240747Z,bellOffInvocation,2026-02-02 13:16:15.332268+00:00,2026-02-02 13:16:15.332401+00:00
f726c4864d614b4157bc5bff8c24a19f,2026-02-02T13:16:14.963797,0.08327558615107536,2026-02-02T13:16:15.321240747Z,bellOffInvocation,2026-02-02 13:16:15.330438+00:00,2026-02-02 13:16:15.330537+00:00
f726c4864d614b4157bc5bff8c24a19f,2026-02-02T13:16:14.963797,0.08327558615107536,2026-02-02T13:16:15.321240747Z,gateUpInvocation,2026-02-02 13:16:15.328161+00:00,2026-02-02 13:16:15.328338+00:00
e64177eeb426f8a4907973c44fbc90eb,2026-02-02T13:14:17.748900,0.06357471221311092,2026-02-02T13:14:17.104092125Z,bellOnAction,2026-02-02 13:14:19.113749+00:00,2026-02-02 13:14:19.114010+00:00
e64177eeb426f8a4907973c44fbc90eb,2026-02-02T13:14:17.748900,0.06357471221311092,2026-02-02T13:14:17.104092125Z,bellOnAction,2026-02-02 13:14:19.114281+00:00,2026-02-02 13:14:19.114437+00:00
e64177eeb426f8a4907973c44fbc90eb,2026-02-02T13:14:17.748900,0.06357471221311092,2026-02-02T13:14:17.104092125Z,lightOnInvocation,2026-02-02 13:14:17.108881+00:00,2026-02-02 13:14:17.108939+00:00
e64177eeb426f8a4907973c44fbc90eb,2026-02-02T13:14:17.748900,0.06357471221311092,2026-02-02T13:14:17.104092125Z,lightOnInvocation,2026-02-02 13:14:17.109783+00:00,2026-02-02 13:14:17.109837+00:00
e64177eeb426f8a4907973c44fbc90eb,2026-02-02T13:14:17.748900,0.06357471221311092,2026-02-02T13:14:17.104092125Z,gateDownAction,2026-02-02 13:14:19.111256+00:00,2026-02-02 13:14:19.111525+00:00
e64177eeb426f8a4907973c44fbc90eb,2026-02-02T13:14:17.748900,0.06357471221311092,2026-02-02T13:14:17.104092125Z,gateDownInvocation,2026-02-02 13:14:17.110616+00:00,2026-02-02 13:14:17.110702+00:00
e64177eeb426f8a4907973c44fbc90eb,2026-02-02T13:14:17.748900,0.06357471221311092,2026-02-02T13:14:17.104092125Z,gateDownAction,2026-02-02 13:14:19.111274+00:00,2026-02-02 13:14:19.111538+00:00
e64177eeb426f8a4907973c44fbc90eb,2026-02-02T13:14:17.748900,0.06357471221311092,2026-02-02T13:14:17.104092125Z,bellOnInvocation,2026-02-02 13:14:17.112280+00:00,2026-02-02 13:14:17.112341+00:00
e64177eeb426f8a4907973c44fbc90eb,2026-02-02T13:14:17.748900,0.06357471221311092,2026-02-02T13:14:17.104092125Z,bellOnInvocation,2026-02-02 13:14:17.113493+00:00,2026-02-02 13:14:17.113545+00:00
e64177eeb426f8a4907973c44fbc90eb,2026-02-02T13:14:17.748900,0.06357471221311092,2026-02-02T13:14:17.104092125Z,lightOnAction,2026-02-02 13:14:19.111581+00:00,2026-02-02 13:14:19.111885+00:00
e64177eeb426f8a4907973c44fbc90eb,2026-02-02T13:14:17.748900,0.06357471221311092,2026-02-02T13:14:17.104092125Z,gateDownInvocation,2026-02-02 13:14:17.109663+00:00,2026-02-02 13:14:17.109750+00:00
e64177eeb426f8a4907973c44fbc90eb,2026-02-02T13:14:17.748900,0.06357471221311092,2026-02-02T13:14:17.104092125Z,lightOnAction,2026-02-02 13:14:19.113189+00:00,2026-02-02 13:14:19.113436+00:00
352ec10fb270ee95fad7d4e7d17cd7c5,2026-02-02T13:15:40.239669,0.0773178987934351,2026-02-02T13:15:39.571534759Z,gateDownInvocation,2026-02-02 13:15:39.578477+00:00,2026-02-02 13:15:39.578832+00:00
352ec10fb270ee95fad7d4e7d17cd7c5,2026-02-02T13:15:40.239669,0.0773178987934351,2026-02-02T13:15:39.571534759Z,gateDownAction,2026-02-02 13:15:41.580136+00:00,2026-02-02 13:15:41.580223+00:00
352ec10fb270ee95fad7d4e7d17cd7c5,2026-02-02T13:15:40.239669,0.0773178987934351,2026-02-02T13:15:39.571534759Z,gateDownAction,2026-02-02 13:15:41.579494+00:00,2026-02-02 13:15:41.579583+00:00
352ec10fb270ee95fad7d4e7d17cd7c5,2026-02-02T13:15:40.239669,0.0773178987934351,2026-02-02T13:15:39.571534759Z,bellOnAction,2026-02-02 13:15:41.583073+00:00,2026-02-02 13:15:41.583144+00:00
352ec10fb270ee95fad7d4e7d17cd7c5,2026-02-02T13:15:40.239669,0.0773178987934351,2026-02-02T13:15:39.571534759Z,bellOnInvocation,2026-02-02 13:15:39.582395+00:00,2026-02-02 13:15:39.582471+00:00
352ec10fb270ee95fad7d4e7d17cd7c5,2026-02-02T13:15:40.239669,0.0773178987934351,2026-02-02T13:15:39.571534759Z,bellOnInvocation,2026-02-02 13:15:39.581532+00:00,2026-02-02 13:15:39.581619+00:00
352ec10fb270ee95fad7d4e7d17cd7c5,2026-02-02T13:15:40.239669,0.0773178987934351,2026-02-02T13:15:39.571534759Z,lightOnAction,2026-02-02 13:15:41.581147+00:00,2026-02-02 13:15:41.581230+00:00
352ec10fb270ee95fad7d4e7d17cd7c5,2026-02-02T13:15:40.239669,0.0773178987934351,2026-02-02T13:15:39.571534759Z,lightOnInvocation,2026-02-02 13:15:39.579169+00:00,2026-02-02 13:15:39.579381+00:00
352ec10fb270ee95fad7d4e7d17cd7c5,2026-02-02T13:15:40.239669,0.0773178987934351,2026-02-02T13:15:39.571534759Z,gateDownInvocation,2026-02-02 13:15:39.578426+00:00,2026-02-02 13:15:39.578726+00:00
352ec10fb270ee95fad7d4e7d17cd7c5,2026-02-02T13:15:40.239669,0.0773178987934351,2026-02-02T13:15:39.571534759Z,lightOnAction,2026-02-02 13:15:41.579463+00:00,2026-02-02 13:15:41.579548+00:00
352ec10fb270ee95fad7d4e7d17cd7c5,2026-02-02T13:15:40.239669,0.0773178987934351,2026-02-02T13:15:39.571534759Z,lightOnInvocation,2026-02-02 13:15:39.578648+00:00,2026-02-02 13:15:39.578832+00:00
352ec10fb270ee95fad7d4e7d17cd7c5,2026-02-02T13:15:40.239669,0.0773178987934351,2026-02-02T13:15:39.571534759Z,bellOnAction,2026-02-02 13:15:41.583389+00:00,2026-02-02 13:15:41.583441+00:00
ccc3b23a0396dfddcd13a3a3f05b87a6,2026-02-02T13:12:29.407382,0.04551315654693843,2026-02-02T13:12:28.72394159Z,lightOnInvocation,2026-02-02 13:12:28.735132+00:00,2026-02-02 13:12:28.735969+00:00
ccc3b23a0396dfddcd13a3a3f05b87a6,2026-02-02T13:12:29.407382,0.04551315654693843,2026-02-02T13:12:28.72394159Z,bellOnInvocation,2026-02-02 13:12:28.736442+00:00,2026-02-02 13:12:28.736530+00:00
ccc3b23a0396dfddcd13a3a3f05b87a6,2026-02-02T13:12:29.407382,0.04551315654693843,2026-02-02T13:12:28.72394159Z,gateDownInvocation,2026-02-02 13:12:28.731622+00:00,2026-02-02 13:12:28.731815+00:00
ccc3b23a0396dfddcd13a3a3f05b87a6,2026-02-02T13:12:29.407382,0.04551315654693843,2026-02-02T13:12:28.72394159Z,gateDownAction,2026-02-02 13:12:30.733134+00:00,2026-02-02 13:12:30.733264+00:00
ccc3b23a0396dfddcd13a3a3f05b87a6,2026-02-02T13:12:29.407382,0.04551315654693843,2026-02-02T13:12:28.72394159Z,bellOnAction,2026-02-02 13:12:30.736748+00:00,2026-02-02 13:12:30.736775+00:00
ccc3b23a0396dfddcd13a3a3f05b87a6,2026-02-02T13:12:29.407382,0.04551315654693843,2026-02-02T13:12:28.72394159Z,lightOnAction,2026-02-02 13:12:30.737531+00:00,2026-02-02 13:12:30.737570+00:00
ccc3b23a0396dfddcd13a3a3f05b87a6,2026-02-02T13:12:29.407382,0.04551315654693843,2026-02-02T13:12:28.72394159Z,lightOnInvocation,2026-02-02 13:12:28.731437+00:00,2026-02-02 13:12:28.731592+00:00
ccc3b23a0396dfddcd13a3a3f05b87a6,2026-02-02T13:12:29.407382,0.04551315654693843,2026-02-02T13:12:28.72394159Z,gateDownAction,2026-02-02 13:12:30.733137+00:00,2026-02-02 13:12:30.733285+00:00
ccc3b23a0396dfddcd13a3a3f05b87a6,2026-02-02T13:12:29.407382,0.04551315654693843,2026-02-02T13:12:28.72394159Z,bellOnAction,2026-02-02 13:12:30.736768+00:00,2026-02-02 13:12:30.736818+00:00
ccc3b23a0396dfddcd13a3a3f05b87a6,2026-02-02T13:12:29.407382,0.04551315654693843,2026-02-02T13:12:28.72394159Z,bellOnInvocation,2026-02-02 13:12:28.736309+00:00,2026-02-02 13:12:28.736389+00:00
ccc3b23a0396dfddcd13a3a3f05b87a6,2026-02-02T13:12:29.407382,0.04551315654693843,2026-02-02T13:12:28.72394159Z,gateDownInvocation,2026-02-02 13:12:28.732219+00:00,2026-02-02 13:12:28.732379+00:00
ccc3b23a0396dfddcd13a3a3f05b87a6,2026-02-02T13:12:29.407382,0.04551315654693843,2026-02-02T13:12:28.72394159Z,lightOnAction,2026-02-02 13:12:30.735291+00:00,2026-02-02 13:12:30.735366+00:00
7cf3dfa8257460046c13a2824fd86cdc,2026-02-02T13:13:08.409582,0.05201035463711024,2026-02-02T13:13:07.711105191Z,gateDownInvocation,2026-02-02 13:13:07.718870+00:00,2026-02-02 13:13:07.719179+00:00
7cf3dfa8257460046c13a2824fd86cdc,2026-02-02T13:13:08.409582,0.05201035463711024,2026-02-02T13:13:07.711105191Z,bellOnInvocation,2026-02-02 13:13:07.721773+00:00,2026-02-02 13:13:07.721966+00:00
7cf3dfa8257460046c13a2824fd86cdc,2026-02-02T13:13:08.409582,0.05201035463711024,2026-02-02T13:13:07.711105191Z,bellOnAction,2026-02-02 13:13:09.722449+00:00,2026-02-02 13:13:09.722525+00:00
7cf3dfa8257460046c13a2824fd86cdc,2026-02-02T13:13:08.409582,0.05201035463711024,2026-02-02T13:13:07.711105191Z,bellOnInvocation,2026-02-02 13:13:07.721264+00:00,2026-02-02 13:13:07.721422+00:00
7cf3dfa8257460046c13a2824fd86cdc,2026-02-02T13:13:08.409582,0.05201035463711024,2026-02-02T13:13:07.711105191Z,lightOnInvocation,2026-02-02 13:13:07.718327+00:00,2026-02-02 13:13:07.718523+00:00
7cf3dfa8257460046c13a2824fd86cdc,2026-02-02T13:13:08.409582,0.05201035463711024,2026-02-02T13:13:07.711105191Z,bellOnAction,2026-02-02 13:13:09.722759+00:00,2026-02-02 13:13:09.722883+00:00
7cf3dfa8257460046c13a2824fd86cdc,2026-02-02T13:13:08.409582,0.05201035463711024,2026-02-02T13:13:07.711105191Z,lightOnInvocation,2026-02-02 13:13:07.718759+00:00,2026-02-02 13:13:07.718990+00:00
7cf3dfa8257460046c13a2824fd86cdc,2026-02-02T13:13:08.409582,0.05201035463711024,2026-02-02T13:13:07.711105191Z,gateDownAction,2026-02-02 13:13:09.721150+00:00,2026-02-02 13:13:09.721288+00:00
7cf3dfa8257460046c13a2824fd86cdc,2026-02-02T13:13:08.409582,0.05201035463711024,2026-02-02T13:13:07.711105191Z,gateDownInvocation,2026-02-02 13:13:07.718206+00:00,2026-02-02 13:13:07.718522+00:00
7cf3dfa8257460046c13a2824fd86cdc,2026-02-02T13:13:08.409582,0.05201035463711024,2026-02-02T13:13:07.711105191Z,lightOnAction,2026-02-02 13:13:09.720760+00:00,2026-02-02 13:13:09.720861+00:00
7cf3dfa8257460046c13a2824fd86cdc,2026-02-02T13:13:08.409582,0.05201035463711024,2026-02-02T13:13:07.711105191Z,gateDownAction,2026-02-02 13:13:09.719834+00:00,2026-02-02 13:13:09.720028+00:00
7cf3dfa8257460046c13a2824fd86cdc,2026-02-02T13:13:08.409582,0.05201035463711024,2026-02-02T13:13:07.711105191Z,lightOnAction,2026-02-02 13:13:09.720175+00:00,2026-02-02 13:13:09.720301+00:00
2434f2df73c639e2b5d2d615ac2d8dad,2026-02-02T13:14:56.797575,0.07024789413269758,2026-02-02T13:14:57.147309836Z,bellOffInvocation,2026-02-02 13:14:57.161400+00:00,2026-02-02 13:14:57.161475+00:00
2434f2df73c639e2b5d2d615ac2d8dad,2026-02-02T13:14:56.797575,0.07024789413269758,2026-02-02T13:14:57.147309836Z,lightOffInvocation,2026-02-02 13:14:57.155063+00:00,2026-02-02 13:14:57.155221+00:00
2434f2df73c639e2b5d2d615ac2d8dad,2026-02-02T13:14:56.797575,0.07024789413269758,2026-02-02T13:14:57.147309836Z,gateUpInvocation,2026-02-02 13:14:57.155074+00:00,2026-02-02 13:14:57.155235+00:00
2434f2df73c639e2b5d2d615ac2d8dad,2026-02-02T13:14:56.797575,0.07024789413269758,2026-02-02T13:14:57.147309836Z,gateUpInvocation,2026-02-02 13:14:57.156639+00:00,2026-02-02 13:14:57.156775+00:00
2434f2df73c639e2b5d2d615ac2d8dad,2026-02-02T13:14:56.797575,0.07024789413269758,2026-02-02T13:14:57.147309836Z,bellOffInvocation,2026-02-02 13:14:57.160271+00:00,2026-02-02 13:14:57.160358+00:00
2434f2df73c639e2b5d2d615ac2d8dad,2026-02-02T13:14:56.797575,0.07024789413269758,2026-02-02T13:14:57.147309836Z,lightOffInvocation,2026-02-02 13:14:57.158262+00:00,2026-02-02 13:14:57.158396+00:00
b58b2846059cf7fc13c520f72c64e8c2,2026-02-02T13:17:07.007708,0.09177328794277907,2026-02-02T13:17:06.312553208Z,gateDownInvocation,2026-02-02 13:17:06.328314+00:00,2026-02-02 13:17:06.328490+00:00
b58b2846059cf7fc13c520f72c64e8c2,2026-02-02T13:17:07.007708,0.09177328794277907,2026-02-02T13:17:06.312553208Z,bellOnAction,2026-02-02 13:17:08.333849+00:00,2026-02-02 13:17:08.333863+00:00
b58b2846059cf7fc13c520f72c64e8c2,2026-02-02T13:17:07.007708,0.09177328794277907,2026-02-02T13:17:06.312553208Z,gateDownAction,2026-02-02 13:17:08.326812+00:00,2026-02-02 13:17:08.326951+00:00
b58b2846059cf7fc13c520f72c64e8c2,2026-02-02T13:17:07.007708,0.09177328794277907,2026-02-02T13:17:06.312553208Z,gateDownAction,2026-02-02 13:17:08.330240+00:00,2026-02-02 13:17:08.330320+00:00
b58b2846059cf7fc13c520f72c64e8c2,2026-02-02T13:17:07.007708,0.09177328794277907,2026-02-02T13:17:06.312553208Z,lightOnInvocation,2026-02-02 13:17:06.328334+00:00,2026-02-02 13:17:06.328415+00:00
b58b2846059cf7fc13c520f72c64e8c2,2026-02-02T13:17:07.007708,0.09177328794277907,2026-02-02T13:17:06.312553208Z,lightOnAction,2026-02-02 13:17:08.327275+00:00,2026-02-02 13:17:08.327365+00:00
b58b2846059cf7fc13c520f72c64e8c2,2026-02-02T13:17:07.007708,0.09177328794277907,2026-02-02T13:17:06.312553208Z,bellOnInvocation,2026-02-02 13:17:06.332778+00:00,2026-02-02 13:17:06.332883+00:00
b58b2846059cf7fc13c520f72c64e8c2,2026-02-02T13:17:07.007708,0.09177328794277907,2026-02-02T13:17:06.312553208Z,bellOnInvocation,2026-02-02 13:17:06.329001+00:00,2026-02-02 13:17:06.329113+00:00
b58b2846059cf7fc13c520f72c64e8c2,2026-02-02T13:17:07.007708,0.09177328794277907,2026-02-02T13:17:06.312553208Z,bellOnAction,2026-02-02 13:17:08.329475+00:00,2026-02-02 13:17:08.329544+00:00
b58b2846059cf7fc13c520f72c64e8c2,2026-02-02T13:17:07.007708,0.09177328794277907,2026-02-02T13:17:06.312553208Z,lightOnInvocation,2026-02-02 13:17:06.325390+00:00,2026-02-02 13:17:06.325529+00:00
b58b2846059cf7fc13c520f72c64e8c2,2026-02-02T13:17:07.007708,0.09177328794277907,2026-02-02T13:17:06.312553208Z,gateDownInvocation,2026-02-02 13:17:06.325294+00:00,2026-02-02 13:17:06.325482+00:00
b58b2846059cf7fc13c520f72c64e8c2,2026-02-02T13:17:07.007708,0.09177328794277907,2026-02-02T13:17:06.312553208Z,lightOnAction,2026-02-02 13:17:08.328395+00:00,2026-02-02 13:17:08.328482+00:00
856475570446c4dac2dfe20bbeb98a42,2026-02-02T13:14:13.447814,0.0628576264854908,2026-02-02T13:14:12.80116112Z,gateDownInvocation,2026-02-02 13:14:12.809452+00:00,2026-02-02 13:14:12.809600+00:00
856475570446c4dac2dfe20bbeb98a42,2026-02-02T13:14:13.447814,0.0628576264854908,2026-02-02T13:14:12.80116112Z,bellOnAction,2026-02-02 13:14:14.818335+00:00,2026-02-02 13:14:14.818379+00:00
856475570446c4dac2dfe20bbeb98a42,2026-02-02T13:14:13.447814,0.0628576264854908,2026-02-02T13:14:12.80116112Z,lightOnInvocation,2026-02-02 13:14:12.808731+00:00,2026-02-02 13:14:12.808832+00:00
856475570446c4dac2dfe20bbeb98a42,2026-02-02T13:14:13.447814,0.0628576264854908,2026-02-02T13:14:12.80116112Z,lightOnAction,2026-02-02 13:14:14.811994+00:00,2026-02-02 13:14:14.812048+00:00
856475570446c4dac2dfe20bbeb98a42,2026-02-02T13:14:13.447814,0.0628576264854908,2026-02-02T13:14:12.80116112Z,lightOnInvocation,2026-02-02 13:14:12.808657+00:00,2026-02-02 13:14:12.810023+00:00
856475570446c4dac2dfe20bbeb98a42,2026-02-02T13:14:13.447814,0.0628576264854908,2026-02-02T13:14:12.80116112Z,gateDownAction,2026-02-02 13:14:14.815491+00:00,2026-02-02 13:14:14.815519+00:00
856475570446c4dac2dfe20bbeb98a42,2026-02-02T13:14:13.447814,0.0628576264854908,2026-02-02T13:14:12.80116112Z,bellOnInvocation,2026-02-02 13:14:12.822637+00:00,2026-02-02 13:14:12.822881+00:00
856475570446c4dac2dfe20bbeb98a42,2026-02-02T13:14:13.447814,0.0628576264854908,2026-02-02T13:14:12.80116112Z,gateDownInvocation,2026-02-02 13:14:12.813244+00:00,2026-02-02 13:14:12.813492+00:00
856475570446c4dac2dfe20bbeb98a42,2026-02-02T13:14:13.447814,0.0628576264854908,2026-02-02T13:14:12.80116112Z,gateDownAction,2026-02-02 13:14:14.814938+00:00,2026-02-02 13:14:14.814980+00:00
856475570446c4dac2dfe20bbeb98a42,2026-02-02T13:14:13.447814,0.0628576264854908,2026-02-02T13:14:12.80116112Z,lightOnAction,2026-02-02 13:14:14.818284+00:00,2026-02-02 13:14:14.818322+00:00
856475570446c4dac2dfe20bbeb98a42,2026-02-02T13:14:13.447814,0.0628576264854908,2026-02-02T13:14:12.80116112Z,bellOnInvocation,2026-02-02 13:14:12.815561+00:00,2026-02-02 13:14:12.815755+00:00
856475570446c4dac2dfe20bbeb98a42,2026-02-02T13:14:13.447814,0.0628576264854908,2026-02-02T13:14:12.80116112Z,bellOnAction,2026-02-02 13:14:14.823596+00:00,2026-02-02 13:14:14.823643+00:00
d8d5f94d2c0f9b54e668f4ad653ace90,2026-02-02T13:16:01.917727,0.08092786548130512,2026-02-02T13:16:01.233569978Z,gateDownInvocation,2026-02-02 13:16:01.240770+00:00,2026-02-02 13:16:01.241146+00:00
d8d5f94d2c0f9b54e668f4ad653ace90,2026-02-02T13:16:01.917727,0.08092786548130512,2026-02-02T13:16:01.233569978Z,bellOnInvocation,2026-02-02 13:16:01.244252+00:00,2026-02-02 13:16:01.244554+00:00
d8d5f94d2c0f9b54e668f4ad653ace90,2026-02-02T13:16:01.917727,0.08092786548130512,2026-02-02T13:16:01.233569978Z,gateDownAction,2026-02-02 13:16:03.242850+00:00,2026-02-02 13:16:03.242935+00:00
d8d5f94d2c0f9b54e668f4ad653ace90,2026-02-02T13:16:01.917727,0.08092786548130512,2026-02-02T13:16:01.233569978Z,bellOnAction,2026-02-02 13:16:03.246312+00:00,2026-02-02 13:16:03.246423+00:00
d8d5f94d2c0f9b54e668f4ad653ace90,2026-02-02T13:16:01.917727,0.08092786548130512,2026-02-02T13:16:01.233569978Z,lightOnAction,2026-02-02 13:16:03.243909+00:00,2026-02-02 13:16:03.244032+00:00
d8d5f94d2c0f9b54e668f4ad653ace90,2026-02-02T13:16:01.917727,0.08092786548130512,2026-02-02T13:16:01.233569978Z,gateDownInvocation,2026-02-02 13:16:01.247378+00:00,2026-02-02 13:16:01.247637+00:00
d8d5f94d2c0f9b54e668f4ad653ace90,2026-02-02T13:16:01.917727,0.08092786548130512,2026-02-02T13:16:01.233569978Z,lightOnInvocation,2026-02-02 13:16:01.243464+00:00,2026-02-02 13:16:01.243528+00:00
d8d5f94d2c0f9b54e668f4ad653ace90,2026-02-02T13:16:01.917727,0.08092786548130512,2026-02-02T13:16:01.233569978Z,bellOnInvocation,2026-02-02 13:16:01.249259+00:00,2026-02-02 13:16:01.249431+00:00
d8d5f94d2c0f9b54e668f4ad653ace90,2026-02-02T13:16:01.917727,0.08092786548130512,2026-02-02T13:16:01.233569978Z,lightOnInvocation,2026-02-02 13:16:01.241006+00:00,2026-02-02 13:16:01.241305+00:00
d8d5f94d2c0f9b54e668f4ad653ace90,2026-02-02T13:16:01.917727,0.08092786548130512,2026-02-02T13:16:01.233569978Z,gateDownAction,2026-02-02 13:16:03.248928+00:00,2026-02-02 13:16:03.248981+00:00
d8d5f94d2c0f9b54e668f4ad653ace90,2026-02-02T13:16:01.917727,0.08092786548130512,2026-02-02T13:16:01.233569978Z,bellOnAction,2026-02-02 13:16:03.250283+00:00,2026-02-02 13:16:03.250316+00:00
d8d5f94d2c0f9b54e668f4ad653ace90,2026-02-02T13:16:01.917727,0.08092786548130512,2026-02-02T13:16:01.233569978Z,lightOnAction,2026-02-02 13:16:03.242469+00:00,2026-02-02 13:16:03.242554+00:00
7d3c5db43fc430fcbde25b378c9269df,2026-02-02T13:15:01.115559,0.07079470951837302,2026-02-02T13:15:00.428323262Z,lightOnAction,2026-02-02 13:15:02.433311+00:00,2026-02-02 13:15:02.433438+00:00
7d3c5db43fc430fcbde25b378c9269df,2026-02-02T13:15:01.115559,0.07079470951837302,2026-02-02T13:15:00.428323262Z,bellOnAction,2026-02-02 13:15:02.433829+00:00,2026-02-02 13:15:02.433956+00:00
7d3c5db43fc430fcbde25b378c9269df,2026-02-02T13:15:01.115559,0.07079470951837302,2026-02-02T13:15:00.428323262Z,lightOnInvocation,2026-02-02 13:15:00.431386+00:00,2026-02-02 13:15:00.431465+00:00
7d3c5db43fc430fcbde25b378c9269df,2026-02-02T13:15:01.115559,0.07079470951837302,2026-02-02T13:15:00.428323262Z,lightOnInvocation,2026-02-02 13:15:00.432224+00:00,2026-02-02 13:15:00.432279+00:00
7d3c5db43fc430fcbde25b378c9269df,2026-02-02T13:15:01.115559,0.07079470951837302,2026-02-02T13:15:00.428323262Z,bellOnInvocation,2026-02-02 13:15:00.432856+00:00,2026-02-02 13:15:00.432907+00:00
7d3c5db43fc430fcbde25b378c9269df,2026-02-02T13:15:01.115559,0.07079470951837302,2026-02-02T13:15:00.428323262Z,bellOnInvocation,2026-02-02 13:15:00.433398+00:00,2026-02-02 13:15:00.433433+00:00
7d3c5db43fc430fcbde25b378c9269df,2026-02-02T13:15:01.115559,0.07079470951837302,2026-02-02T13:15:00.428323262Z,gateDownInvocation,2026-02-02 13:15:00.431357+00:00,2026-02-02 13:15:00.431456+00:00
7d3c5db43fc430fcbde25b378c9269df,2026-02-02T13:15:01.115559,0.07079470951837302,2026-02-02T13:15:00.428323262Z,gateDownAction,2026-02-02 13:15:02.432790+00:00,2026-02-02 13:15:02.432879+00:00
7d3c5db43fc430fcbde25b378c9269df,2026-02-02T13:15:01.115559,0.07079470951837302,2026-02-02T13:15:00.428323262Z,gateDownAction,2026-02-02 13:15:02.432274+00:00,2026-02-02 13:15:02.432373+00:00
7d3c5db43fc430fcbde25b378c9269df,2026-02-02T13:15:01.115559,0.07079470951837302,2026-02-02T13:15:00.428323262Z,gateDownInvocation,2026-02-02 13:15:00.432216+00:00,2026-02-02 13:15:00.432279+00:00
7d3c5db43fc430fcbde25b378c9269df,2026-02-02T13:15:01.115559,0.07079470951837302,2026-02-02T13:15:00.428323262Z,bellOnAction,2026-02-02 13:15:02.434338+00:00,2026-02-02 13:15:02.434423+00:00
7d3c5db43fc430fcbde25b378c9269df,2026-02-02T13:15:01.115559,0.07079470951837302,2026-02-02T13:15:00.428323262Z,lightOnAction,2026-02-02 13:15:02.431654+00:00,2026-02-02 13:15:02.431766+00:00
15fc8dcf77bdda99a136924d4d3f1b5b,2026-02-02T13:17:15.723102,0.09322814045933485,2026-02-02T13:17:15.042577739Z,bellOnAction,2026-02-02 13:17:17.054703+00:00,2026-02-02 13:17:17.054771+00:00
15fc8dcf77bdda99a136924d4d3f1b5b,2026-02-02T13:17:15.723102,0.09322814045933485,2026-02-02T13:17:15.042577739Z,gateDownInvocation,2026-02-02 13:17:15.049389+00:00,2026-02-02 13:17:15.049649+00:00
15fc8dcf77bdda99a136924d4d3f1b5b,2026-02-02T13:17:15.723102,0.09322814045933485,2026-02-02T13:17:15.042577739Z,gateDownAction,2026-02-02 13:17:17.055229+00:00,2026-02-02 13:17:17.055315+00:00
15fc8dcf77bdda99a136924d4d3f1b5b,2026-02-02T13:17:15.723102,0.09322814045933485,2026-02-02T13:17:15.042577739Z,lightOnInvocation,2026-02-02 13:17:15.051717+00:00,2026-02-02 13:17:15.051956+00:00
15fc8dcf77bdda99a136924d4d3f1b5b,2026-02-02T13:17:15.723102,0.09322814045933485,2026-02-02T13:17:15.042577739Z,gateDownAction,2026-02-02 13:17:17.050387+00:00,2026-02-02 13:17:17.050487+00:00
15fc8dcf77bdda99a136924d4d3f1b5b,2026-02-02T13:17:15.723102,0.09322814045933485,2026-02-02T13:17:15.042577739Z,lightOnInvocation,2026-02-02 13:17:15.048728+00:00,2026-02-02 13:17:15.048945+00:00
15fc8dcf77bdda99a136924d4d3f1b5b,2026-02-02T13:17:15.723102,0.09322814045933485,2026-02-02T13:17:15.042577739Z,bellOnAction,2026-02-02 13:17:17.050774+00:00,2026-02-02 13:17:17.050855+00:00
15fc8dcf77bdda99a136924d4d3f1b5b,2026-02-02T13:17:15.723102,0.09322814045933485,2026-02-02T13:17:15.042577739Z,lightOnAction,2026-02-02 13:17:17.052292+00:00,2026-02-02 13:17:17.052351+00:00
15fc8dcf77bdda99a136924d4d3f1b5b,2026-02-02T13:17:15.723102,0.09322814045933485,2026-02-02T13:17:15.042577739Z,gateDownInvocation,2026-02-02 13:17:15.053033+00:00,2026-02-02 13:17:15.053310+00:00
15fc8dcf77bdda99a136924d4d3f1b5b,2026-02-02T13:17:15.723102,0.09322814045933485,2026-02-02T13:17:15.042577739Z,bellOnInvocation,2026-02-02 13:17:15.049535+00:00,2026-02-02 13:17:15.049714+00:00
15fc8dcf77bdda99a136924d4d3f1b5b,2026-02-02T13:17:15.723102,0.09322814045933485,2026-02-02T13:17:15.042577739Z,lightOnAction,2026-02-02 13:17:17.049757+00:00,2026-02-02 13:17:17.049859+00:00
15fc8dcf77bdda99a136924d4d3f1b5b,2026-02-02T13:17:15.723102,0.09322814045933485,2026-02-02T13:17:15.042577739Z,bellOnInvocation,2026-02-02 13:17:15.053406+00:00,2026-02-02 13:17:15.053558+00:00
7cc1c84d4fc02491b68040c5af15780f,2026-02-02T13:10:54.353964,0.02984002705459595,2026-02-02T13:10:54.675740265Z,bellOffInvocation,2026-02-02 13:10:54.690612+00:00,2026-02-02 13:10:54.690756+00:00
7cc1c84d4fc02491b68040c5af15780f,2026-02-02T13:10:54.353964,0.02984002705459595,2026-02-02T13:10:54.675740265Z,lightOffInvocation,2026-02-02 13:10:54.688179+00:00,2026-02-02 13:10:54.688329+00:00
7cc1c84d4fc02491b68040c5af15780f,2026-02-02T13:10:54.353964,0.02984002705459595,2026-02-02T13:10:54.675740265Z,gateUpInvocation,2026-02-02 13:10:54.688161+00:00,2026-02-02 13:10:54.688296+00:00
7cc1c84d4fc02491b68040c5af15780f,2026-02-02T13:10:54.353964,0.02984002705459595,2026-02-02T13:10:54.675740265Z,lightOffInvocation,2026-02-02 13:10:54.685383+00:00,2026-02-02 13:10:54.685525+00:00
7cc1c84d4fc02491b68040c5af15780f,2026-02-02T13:10:54.353964,0.02984002705459595,2026-02-02T13:10:54.675740265Z,gateUpInvocation,2026-02-02 13:10:54.685097+00:00,2026-02-02 13:10:54.685224+00:00
7cc1c84d4fc02491b68040c5af15780f,2026-02-02T13:10:54.353964,0.02984002705459595,2026-02-02T13:10:54.675740265Z,bellOffInvocation,2026-02-02 13:10:54.693712+00:00,2026-02-02 13:10:54.693890+00:00
0ffd28861a14225f940671ad96e91097,2026-02-02T13:09:41.011714,0.017447672268235685,2026-02-02T13:09:40.314197283Z,lightOnInvocation,2026-02-02 13:09:40.323988+00:00,2026-02-02 13:09:40.324180+00:00
0ffd28861a14225f940671ad96e91097,2026-02-02T13:09:41.011714,0.017447672268235685,2026-02-02T13:09:40.314197283Z,lightOnAction,2026-02-02 13:09:42.325831+00:00,2026-02-02 13:09:42.325912+00:00
0ffd28861a14225f940671ad96e91097,2026-02-02T13:09:41.011714,0.017447672268235685,2026-02-02T13:09:40.314197283Z,gateDownInvocation,2026-02-02 13:09:40.323916+00:00,2026-02-02 13:09:40.324245+00:00
0ffd28861a14225f940671ad96e91097,2026-02-02T13:09:41.011714,0.017447672268235685,2026-02-02T13:09:40.314197283Z,bellOnAction,2026-02-02 13:09:42.330056+00:00,2026-02-02 13:09:42.330152+00:00
0ffd28861a14225f940671ad96e91097,2026-02-02T13:09:41.011714,0.017447672268235685,2026-02-02T13:09:40.314197283Z,lightOnAction,2026-02-02 13:09:42.326179+00:00,2026-02-02 13:09:42.326298+00:00
0ffd28861a14225f940671ad96e91097,2026-02-02T13:09:41.011714,0.017447672268235685,2026-02-02T13:09:40.314197283Z,gateDownAction,2026-02-02 13:09:42.326180+00:00,2026-02-02 13:09:42.326298+00:00
0ffd28861a14225f940671ad96e91097,2026-02-02T13:09:41.011714,0.017447672268235685,2026-02-02T13:09:40.314197283Z,gateDownAction,2026-02-02 13:09:42.326300+00:00,2026-02-02 13:09:42.326386+00:00
0ffd28861a14225f940671ad96e91097,2026-02-02T13:09:41.011714,0.017447672268235685,2026-02-02T13:09:40.314197283Z,bellOnAction,2026-02-02 13:09:42.327516+00:00,2026-02-02 13:09:42.327583+00:00
0ffd28861a14225f940671ad96e91097,2026-02-02T13:09:41.011714,0.017447672268235685,2026-02-02T13:09:40.314197283Z,lightOnInvocation,2026-02-02 13:09:40.324100+00:00,2026-02-02 13:09:40.324287+00:00
0ffd28861a14225f940671ad96e91097,2026-02-02T13:09:41.011714,0.017447672268235685,2026-02-02T13:09:40.314197283Z,bellOnInvocation,2026-02-02 13:09:40.326492+00:00,2026-02-02 13:09:40.326605+00:00
0ffd28861a14225f940671ad96e91097,2026-02-02T13:09:41.011714,0.017447672268235685,2026-02-02T13:09:40.314197283Z,bellOnInvocation,2026-02-02 13:09:40.328149+00:00,2026-02-02 13:09:40.328314+00:00
0ffd28861a14225f940671ad96e91097,2026-02-02T13:09:41.011714,0.017447672268235685,2026-02-02T13:09:40.314197283Z,gateDownInvocation,2026-02-02 13:09:40.323947+00:00,2026-02-02 13:09:40.324241+00:00
a77bd554439553e91916e8b12cdc33cf,2026-02-02T13:12:51.065545,0.04911990359468461,2026-02-02T13:12:50.366573309Z,gateDownInvocation,2026-02-02 13:12:50.372437+00:00,2026-02-02 13:12:50.372649+00:00
a77bd554439553e91916e8b12cdc33cf,2026-02-02T13:12:51.065545,0.04911990359468461,2026-02-02T13:12:50.366573309Z,lightOnAction,2026-02-02 13:12:52.373362+00:00,2026-02-02 13:12:52.373499+00:00
a77bd554439553e91916e8b12cdc33cf,2026-02-02T13:12:51.065545,0.04911990359468461,2026-02-02T13:12:50.366573309Z,lightOnAction,2026-02-02 13:12:52.373560+00:00,2026-02-02 13:12:52.373648+00:00
a77bd554439553e91916e8b12cdc33cf,2026-02-02T13:12:51.065545,0.04911990359468461,2026-02-02T13:12:50.366573309Z,bellOnInvocation,2026-02-02 13:12:50.375872+00:00,2026-02-02 13:12:50.376001+00:00
a77bd554439553e91916e8b12cdc33cf,2026-02-02T13:12:51.065545,0.04911990359468461,2026-02-02T13:12:50.366573309Z,bellOnAction,2026-02-02 13:12:52.378087+00:00,2026-02-02 13:12:52.378175+00:00
a77bd554439553e91916e8b12cdc33cf,2026-02-02T13:12:51.065545,0.04911990359468461,2026-02-02T13:12:50.366573309Z,gateDownInvocation,2026-02-02 13:12:50.372218+00:00,2026-02-02 13:12:50.372377+00:00
a77bd554439553e91916e8b12cdc33cf,2026-02-02T13:12:51.065545,0.04911990359468461,2026-02-02T13:12:50.366573309Z,bellOnAction,2026-02-02 13:12:52.376339+00:00,2026-02-02 13:12:52.376407+00:00
a77bd554439553e91916e8b12cdc33cf,2026-02-02T13:12:51.065545,0.04911990359468461,2026-02-02T13:12:50.366573309Z,gateDownAction,2026-02-02 13:12:52.373284+00:00,2026-02-02 13:12:52.373397+00:00
a77bd554439553e91916e8b12cdc33cf,2026-02-02T13:12:51.065545,0.04911990359468461,2026-02-02T13:12:50.366573309Z,gateDownAction,2026-02-02 13:12:52.373787+00:00,2026-02-02 13:12:52.373870+00:00
a77bd554439553e91916e8b12cdc33cf,2026-02-02T13:12:51.065545,0.04911990359468461,2026-02-02T13:12:50.366573309Z,lightOnInvocation,2026-02-02 13:12:50.372351+00:00,2026-02-02 13:12:50.372505+00:00
a77bd554439553e91916e8b12cdc33cf,2026-02-02T13:12:51.065545,0.04911990359468461,2026-02-02T13:12:50.366573309Z,bellOnInvocation,2026-02-02 13:12:50.376603+00:00,2026-02-02 13:12:50.376730+00:00
a77bd554439553e91916e8b12cdc33cf,2026-02-02T13:12:51.065545,0.04911990359468461,2026-02-02T13:12:50.366573309Z,lightOnInvocation,2026-02-02 13:12:50.372466+00:00,2026-02-02 13:12:50.372585+00:00
0d62c37b83f12f94287ed75361cfffd4,2026-02-02T13:12:20.738417,0.04406717898966075,2026-02-02T13:12:20.04729031Z,gateDownInvocation,2026-02-02 13:12:20.055511+00:00,2026-02-02 13:12:20.055894+00:00
0d62c37b83f12f94287ed75361cfffd4,2026-02-02T13:12:20.738417,0.04406717898966075,2026-02-02T13:12:20.04729031Z,lightOnInvocation,2026-02-02 13:12:20.055570+00:00,2026-02-02 13:12:20.055766+00:00
0d62c37b83f12f94287ed75361cfffd4,2026-02-02T13:12:20.738417,0.04406717898966075,2026-02-02T13:12:20.04729031Z,bellOnAction,2026-02-02 13:12:22.060912+00:00,2026-02-02 13:12:22.061010+00:00
0d62c37b83f12f94287ed75361cfffd4,2026-02-02T13:12:20.738417,0.04406717898966075,2026-02-02T13:12:20.04729031Z,lightOnAction,2026-02-02 13:12:22.057307+00:00,2026-02-02 13:12:22.057398+00:00
0d62c37b83f12f94287ed75361cfffd4,2026-02-02T13:12:20.738417,0.04406717898966075,2026-02-02T13:12:20.04729031Z,lightOnInvocation,2026-02-02 13:12:20.057528+00:00,2026-02-02 13:12:20.057720+00:00
0d62c37b83f12f94287ed75361cfffd4,2026-02-02T13:12:20.738417,0.04406717898966075,2026-02-02T13:12:20.04729031Z,bellOnInvocation,2026-02-02 13:12:20.060297+00:00,2026-02-02 13:12:20.060498+00:00
0d62c37b83f12f94287ed75361cfffd4,2026-02-02T13:12:20.738417,0.04406717898966075,2026-02-02T13:12:20.04729031Z,lightOnAction,2026-02-02 13:12:22.059345+00:00,2026-02-02 13:12:22.059448+00:00
0d62c37b83f12f94287ed75361cfffd4,2026-02-02T13:12:20.738417,0.04406717898966075,2026-02-02T13:12:20.04729031Z,gateDownAction,2026-02-02 13:12:22.059296+00:00,2026-02-02 13:12:22.059418+00:00
0d62c37b83f12f94287ed75361cfffd4,2026-02-02T13:12:20.738417,0.04406717898966075,2026-02-02T13:12:20.04729031Z,gateDownAction,2026-02-02 13:12:22.057417+00:00,2026-02-02 13:12:22.057511+00:00
0d62c37b83f12f94287ed75361cfffd4,2026-02-02T13:12:20.738417,0.04406717898966075,2026-02-02T13:12:20.04729031Z,gateDownInvocation,2026-02-02 13:12:20.057400+00:00,2026-02-02 13:12:20.057773+00:00
0d62c37b83f12f94287ed75361cfffd4,2026-02-02T13:12:20.738417,0.04406717898966075,2026-02-02T13:12:20.04729031Z,bellOnInvocation,2026-02-02 13:12:20.059950+00:00,2026-02-02 13:12:20.060133+00:00
0d62c37b83f12f94287ed75361cfffd4,2026-02-02T13:12:20.738417,0.04406717898966075,2026-02-02T13:12:20.04729031Z,bellOnAction,2026-02-02 13:12:22.061860+00:00,2026-02-02 13:12:22.061990+00:00
68a0603c94d09da18036279d20e578a3,2026-02-02T13:09:23.782537,0.014578242396950722,2026-02-02T13:09:23.095769304Z,gateDownInvocation,2026-02-02 13:09:23.099640+00:00,2026-02-02 13:09:23.099704+00:00
68a0603c94d09da18036279d20e578a3,2026-02-02T13:09:23.782537,0.014578242396950722,2026-02-02T13:09:23.095769304Z,lightOnAction,2026-02-02 13:09:25.100230+00:00,2026-02-02 13:09:25.100349+00:00
68a0603c94d09da18036279d20e578a3,2026-02-02T13:09:23.782537,0.014578242396950722,2026-02-02T13:09:23.095769304Z,lightOnInvocation,2026-02-02 13:09:23.099516+00:00,2026-02-02 13:09:23.099582+00:00
68a0603c94d09da18036279d20e578a3,2026-02-02T13:09:23.782537,0.014578242396950722,2026-02-02T13:09:23.095769304Z,gateDownAction,2026-02-02 13:09:25.099344+00:00,2026-02-02 13:09:25.099429+00:00
68a0603c94d09da18036279d20e578a3,2026-02-02T13:09:23.782537,0.014578242396950722,2026-02-02T13:09:23.095769304Z,gateDownAction,2026-02-02 13:09:25.099548+00:00,2026-02-02 13:09:25.099659+00:00
68a0603c94d09da18036279d20e578a3,2026-02-02T13:09:23.782537,0.014578242396950722,2026-02-02T13:09:23.095769304Z,bellOnAction,2026-02-02 13:09:25.102868+00:00,2026-02-02 13:09:25.102989+00:00
68a0603c94d09da18036279d20e578a3,2026-02-02T13:09:23.782537,0.014578242396950722,2026-02-02T13:09:23.095769304Z,bellOnInvocation,2026-02-02 13:09:23.102054+00:00,2026-02-02 13:09:23.102114+00:00
68a0603c94d09da18036279d20e578a3,2026-02-02T13:09:23.782537,0.014578242396950722,2026-02-02T13:09:23.095769304Z,lightOnInvocation,2026-02-02 13:09:23.099595+00:00,2026-02-02 13:09:23.099655+00:00
68a0603c94d09da18036279d20e578a3,2026-02-02T13:09:23.782537,0.014578242396950722,2026-02-02T13:09:23.095769304Z,bellOnInvocation,2026-02-02 13:09:23.101230+00:00,2026-02-02 13:09:23.101287+00:00
68a0603c94d09da18036279d20e578a3,2026-02-02T13:09:23.782537,0.014578242396950722,2026-02-02T13:09:23.095769304Z,gateDownInvocation,2026-02-02 13:09:23.099554+00:00,2026-02-02 13:09:23.099639+00:00
68a0603c94d09da18036279d20e578a3,2026-02-02T13:09:23.782537,0.014578242396950722,2026-02-02T13:09:23.095769304Z,bellOnAction,2026-02-02 13:09:25.102188+00:00,2026-02-02 13:09:25.102259+00:00
68a0603c94d09da18036279d20e578a3,2026-02-02T13:09:23.782537,0.014578242396950722,2026-02-02T13:09:23.095769304Z,lightOnAction,2026-02-02 13:09:25.100030+00:00,2026-02-02 13:09:25.100151+00:00
62998c8fa7f77e624a4208689cec4d32,2026-02-02T13:17:28.801892,0.0954140333381176,2026-02-02T13:17:28.159409669Z,gateDownInvocation,2026-02-02 13:17:28.169375+00:00,2026-02-02 13:17:28.169655+00:00
62998c8fa7f77e624a4208689cec4d32,2026-02-02T13:17:28.801892,0.0954140333381176,2026-02-02T13:17:28.159409669Z,gateDownInvocation,2026-02-02 13:17:28.171319+00:00,2026-02-02 13:17:28.171572+00:00
62998c8fa7f77e624a4208689cec4d32,2026-02-02T13:17:28.801892,0.0954140333381176,2026-02-02T13:17:28.159409669Z,lightOnAction,2026-02-02 13:17:30.173745+00:00,2026-02-02 13:17:30.173831+00:00
62998c8fa7f77e624a4208689cec4d32,2026-02-02T13:17:28.801892,0.0954140333381176,2026-02-02T13:17:28.159409669Z,lightOnInvocation,2026-02-02 13:17:28.167338+00:00,2026-02-02 13:17:28.168781+00:00
62998c8fa7f77e624a4208689cec4d32,2026-02-02T13:17:28.801892,0.0954140333381176,2026-02-02T13:17:28.159409669Z,bellOnAction,2026-02-02 13:17:30.175588+00:00,2026-02-02 13:17:30.175657+00:00
62998c8fa7f77e624a4208689cec4d32,2026-02-02T13:17:28.801892,0.0954140333381176,2026-02-02T13:17:28.159409669Z,lightOnAction,2026-02-02 13:17:30.171028+00:00,2026-02-02 13:17:30.171115+00:00
62998c8fa7f77e624a4208689cec4d32,2026-02-02T13:17:28.801892,0.0954140333381176,2026-02-02T13:17:28.159409669Z,gateDownAction,2026-02-02 13:17:30.170310+00:00,2026-02-02 13:17:30.170394+00:00
62998c8fa7f77e624a4208689cec4d32,2026-02-02T13:17:28.801892,0.0954140333381176,2026-02-02T13:17:28.159409669Z,bellOnInvocation,2026-02-02 13:17:28.174102+00:00,2026-02-02 13:17:28.174177+00:00
62998c8fa7f77e624a4208689cec4d32,2026-02-02T13:17:28.801892,0.0954140333381176,2026-02-02T13:17:28.159409669Z,lightOnInvocation,2026-02-02 13:17:28.168788+00:00,2026-02-02 13:17:28.169096+00:00
62998c8fa7f77e624a4208689cec4d32,2026-02-02T13:17:28.801892,0.0954140333381176,2026-02-02T13:17:28.159409669Z,bellOnInvocation,2026-02-02 13:17:28.175272+00:00,2026-02-02 13:17:28.175368+00:00
62998c8fa7f77e624a4208689cec4d32,2026-02-02T13:17:28.801892,0.0954140333381176,2026-02-02T13:17:28.159409669Z,bellOnAction,2026-02-02 13:17:30.174170+00:00,2026-02-02 13:17:30.174227+00:00
62998c8fa7f77e624a4208689cec4d32,2026-02-02T13:17:28.801892,0.0954140333381176,2026-02-02T13:17:28.159409669Z,gateDownAction,2026-02-02 13:17:30.172662+00:00,2026-02-02 13:17:30.172744+00:00
21bb4d1ed4c87cef6b693cef06fc55af,2026-02-02T13:10:28.458288,0.025523232446789744,2026-02-02T13:10:28.772713338Z,bellOffInvocation,2026-02-02 13:10:28.817486+00:00,2026-02-02 13:10:28.817601+00:00
21bb4d1ed4c87cef6b693cef06fc55af,2026-02-02T13:10:28.458288,0.025523232446789744,2026-02-02T13:10:28.772713338Z,lightOffInvocation,2026-02-02 13:10:28.807403+00:00,2026-02-02 13:10:28.807581+00:00
21bb4d1ed4c87cef6b693cef06fc55af,2026-02-02T13:10:28.458288,0.025523232446789744,2026-02-02T13:10:28.772713338Z,gateUpInvocation,2026-02-02 13:10:28.791868+00:00,2026-02-02 13:10:28.791932+00:00
21bb4d1ed4c87cef6b693cef06fc55af,2026-02-02T13:10:28.458288,0.025523232446789744,2026-02-02T13:10:28.772713338Z,lightOffInvocation,2026-02-02 13:10:28.794730+00:00,2026-02-02 13:10:28.798026+00:00
21bb4d1ed4c87cef6b693cef06fc55af,2026-02-02T13:10:28.458288,0.025523232446789744,2026-02-02T13:10:28.772713338Z,gateUpInvocation,2026-02-02 13:10:28.803175+00:00,2026-02-02 13:10:28.803229+00:00
21bb4d1ed4c87cef6b693cef06fc55af,2026-02-02T13:10:28.458288,0.025523232446789744,2026-02-02T13:10:28.772713338Z,bellOffInvocation,2026-02-02 13:10:28.817560+00:00,2026-02-02 13:10:28.817662+00:00
65f490e0ef99f8a4e23a81e64f73220d,2026-02-02T13:13:21.410033,0.05417986598312856,2026-02-02T13:13:20.729388748Z,lightOnInvocation,2026-02-02 13:13:20.736794+00:00,2026-02-02 13:13:20.736914+00:00
65f490e0ef99f8a4e23a81e64f73220d,2026-02-02T13:13:21.410033,0.05417986598312856,2026-02-02T13:13:20.729388748Z,gateDownInvocation,2026-02-02 13:13:20.736611+00:00,2026-02-02 13:13:20.736915+00:00
65f490e0ef99f8a4e23a81e64f73220d,2026-02-02T13:13:21.410033,0.05417986598312856,2026-02-02T13:13:20.729388748Z,lightOnAction,2026-02-02 13:13:22.737265+00:00,2026-02-02 13:13:22.737377+00:00
65f490e0ef99f8a4e23a81e64f73220d,2026-02-02T13:13:21.410033,0.05417986598312856,2026-02-02T13:13:20.729388748Z,gateDownAction,2026-02-02 13:13:22.738282+00:00,2026-02-02 13:13:22.738368+00:00
65f490e0ef99f8a4e23a81e64f73220d,2026-02-02T13:13:21.410033,0.05417986598312856,2026-02-02T13:13:20.729388748Z,gateDownAction,2026-02-02 13:13:22.739252+00:00,2026-02-02 13:13:22.739342+00:00
65f490e0ef99f8a4e23a81e64f73220d,2026-02-02T13:13:21.410033,0.05417986598312856,2026-02-02T13:13:20.729388748Z,bellOnAction,2026-02-02 13:13:22.740293+00:00,2026-02-02 13:13:22.740361+00:00
65f490e0ef99f8a4e23a81e64f73220d,2026-02-02T13:13:21.410033,0.05417986598312856,2026-02-02T13:13:20.729388748Z,bellOnInvocation,2026-02-02 13:13:20.738858+00:00,2026-02-02 13:13:20.738992+00:00
65f490e0ef99f8a4e23a81e64f73220d,2026-02-02T13:13:21.410033,0.05417986598312856,2026-02-02T13:13:20.729388748Z,bellOnAction,2026-02-02 13:13:22.739887+00:00,2026-02-02 13:13:22.739993+00:00
65f490e0ef99f8a4e23a81e64f73220d,2026-02-02T13:13:21.410033,0.05417986598312856,2026-02-02T13:13:20.729388748Z,lightOnInvocation,2026-02-02 13:13:20.735553+00:00,2026-02-02 13:13:20.735688+00:00
65f490e0ef99f8a4e23a81e64f73220d,2026-02-02T13:13:21.410033,0.05417986598312856,2026-02-02T13:13:20.729388748Z,gateDownInvocation,2026-02-02 13:13:20.737923+00:00,2026-02-02 13:13:20.738082+00:00
65f490e0ef99f8a4e23a81e64f73220d,2026-02-02T13:13:21.410033,0.05417986598312856,2026-02-02T13:13:20.729388748Z,lightOnAction,2026-02-02 13:13:22.737736+00:00,2026-02-02 13:13:22.737816+00:00
65f490e0ef99f8a4e23a81e64f73220d,2026-02-02T13:13:21.410033,0.05417986598312856,2026-02-02T13:13:20.729388748Z,bellOnInvocation,2026-02-02 13:13:20.738502+00:00,2026-02-02 13:13:20.738620+00:00
518b31a89c03eed03041d054eab84509,2026-02-02T13:17:20.087534,0.09395855614788533,2026-02-02T13:17:19.425663163Z,bellOnInvocation,2026-02-02 13:17:19.443500+00:00,2026-02-02 13:17:19.443708+00:00
518b31a89c03eed03041d054eab84509,2026-02-02T13:17:20.087534,0.09395855614788533,2026-02-02T13:17:19.425663163Z,bellOnInvocation,2026-02-02 13:17:19.442113+00:00,2026-02-02 13:17:19.442206+00:00
518b31a89c03eed03041d054eab84509,2026-02-02T13:17:20.087534,0.09395855614788533,2026-02-02T13:17:19.425663163Z,bellOnAction,2026-02-02 13:17:21.443195+00:00,2026-02-02 13:17:21.443270+00:00
518b31a89c03eed03041d054eab84509,2026-02-02T13:17:20.087534,0.09395855614788533,2026-02-02T13:17:19.425663163Z,gateDownInvocation,2026-02-02 13:17:19.438352+00:00,2026-02-02 13:17:19.438830+00:00
518b31a89c03eed03041d054eab84509,2026-02-02T13:17:20.087534,0.09395855614788533,2026-02-02T13:17:19.425663163Z,lightOnAction,2026-02-02 13:17:21.438885+00:00,2026-02-02 13:17:21.439013+00:00
518b31a89c03eed03041d054eab84509,2026-02-02T13:17:20.087534,0.09395855614788533,2026-02-02T13:17:19.425663163Z,gateDownAction,2026-02-02 13:17:21.440449+00:00,2026-02-02 13:17:21.440538+00:00
518b31a89c03eed03041d054eab84509,2026-02-02T13:17:20.087534,0.09395855614788533,2026-02-02T13:17:19.425663163Z,gateDownAction,2026-02-02 13:17:21.440602+00:00,2026-02-02 13:17:21.440688+00:00
518b31a89c03eed03041d054eab84509,2026-02-02T13:17:20.087534,0.09395855614788533,2026-02-02T13:17:19.425663163Z,lightOnInvocation,2026-02-02 13:17:19.438414+00:00,2026-02-02 13:17:19.438706+00:00
518b31a89c03eed03041d054eab84509,2026-02-02T13:17:20.087534,0.09395855614788533,2026-02-02T13:17:19.425663163Z,lightOnAction,2026-02-02 13:17:21.439555+00:00,2026-02-02 13:17:21.439640+00:00
518b31a89c03eed03041d054eab84509,2026-02-02T13:17:20.087534,0.09395855614788533,2026-02-02T13:17:19.425663163Z,gateDownInvocation,2026-02-02 13:17:19.434004+00:00,2026-02-02 13:17:19.436635+00:00
518b31a89c03eed03041d054eab84509,2026-02-02T13:17:20.087534,0.09395855614788533,2026-02-02T13:17:19.425663163Z,bellOnAction,2026-02-02 13:17:21.444699+00:00,2026-02-02 13:17:21.444768+00:00
518b31a89c03eed03041d054eab84509,2026-02-02T13:17:20.087534,0.09395855614788533,2026-02-02T13:17:19.425663163Z,lightOnInvocation,2026-02-02 13:17:19.437228+00:00,2026-02-02 13:17:19.437419+00:00
6a4f00e1b6c35b86e0403094cf03c7ff,2026-02-02T13:12:07.764431,0.04207537006071806,2026-02-02T13:12:08.095381722Z,bellOffInvocation,2026-02-02 13:12:08.113560+00:00,2026-02-02 13:12:08.113663+00:00
6a4f00e1b6c35b86e0403094cf03c7ff,2026-02-02T13:12:07.764431,0.04207537006071806,2026-02-02T13:12:08.095381722Z,bellOffInvocation,2026-02-02 13:12:08.113719+00:00,2026-02-02 13:12:08.113839+00:00
6a4f00e1b6c35b86e0403094cf03c7ff,2026-02-02T13:12:07.764431,0.04207537006071806,2026-02-02T13:12:08.095381722Z,lightOffInvocation,2026-02-02 13:12:08.111870+00:00,2026-02-02 13:12:08.111900+00:00
6a4f00e1b6c35b86e0403094cf03c7ff,2026-02-02T13:12:07.764431,0.04207537006071806,2026-02-02T13:12:08.095381722Z,gateUpInvocation,2026-02-02 13:12:08.110320+00:00,2026-02-02 13:12:08.110448+00:00
6a4f00e1b6c35b86e0403094cf03c7ff,2026-02-02T13:12:07.764431,0.04207537006071806,2026-02-02T13:12:08.095381722Z,lightOffInvocation,2026-02-02 13:12:08.105356+00:00,2026-02-02 13:12:08.106012+00:00
6a4f00e1b6c35b86e0403094cf03c7ff,2026-02-02T13:12:07.764431,0.04207537006071806,2026-02-02T13:12:08.095381722Z,gateUpInvocation,2026-02-02 13:12:08.110762+00:00,2026-02-02 13:12:08.110813+00:00
1d2fd37f0c37b00081e13b206340abb2,2026-02-02T13:09:36.701985,0.01673152907394171,2026-02-02T13:09:36.016887196Z,bellOnInvocation,2026-02-02 13:09:36.026975+00:00,2026-02-02 13:09:36.027099+00:00
1d2fd37f0c37b00081e13b206340abb2,2026-02-02T13:09:36.701985,0.01673152907394171,2026-02-02T13:09:36.016887196Z,lightOnInvocation,2026-02-02 13:09:36.024529+00:00,2026-02-02 13:09:36.024722+00:00
1d2fd37f0c37b00081e13b206340abb2,2026-02-02T13:09:36.701985,0.01673152907394171,2026-02-02T13:09:36.016887196Z,gateDownAction,2026-02-02 13:09:38.025289+00:00,2026-02-02 13:09:38.025415+00:00
1d2fd37f0c37b00081e13b206340abb2,2026-02-02T13:09:36.701985,0.01673152907394171,2026-02-02T13:09:36.016887196Z,lightOnInvocation,2026-02-02 13:09:36.023406+00:00,2026-02-02 13:09:36.023561+00:00
1d2fd37f0c37b00081e13b206340abb2,2026-02-02T13:09:36.701985,0.01673152907394171,2026-02-02T13:09:36.016887196Z,gateDownInvocation,2026-02-02 13:09:36.024273+00:00,2026-02-02 13:09:36.024576+00:00
1d2fd37f0c37b00081e13b206340abb2,2026-02-02T13:09:36.701985,0.01673152907394171,2026-02-02T13:09:36.016887196Z,bellOnAction,2026-02-02 13:09:38.028249+00:00,2026-02-02 13:09:38.028318+00:00
1d2fd37f0c37b00081e13b206340abb2,2026-02-02T13:09:36.701985,0.01673152907394171,2026-02-02T13:09:36.016887196Z,bellOnAction,2026-02-02 13:09:38.030724+00:00,2026-02-02 13:09:38.030790+00:00
1d2fd37f0c37b00081e13b206340abb2,2026-02-02T13:09:36.701985,0.01673152907394171,2026-02-02T13:09:36.016887196Z,gateDownInvocation,2026-02-02 13:09:36.023218+00:00,2026-02-02 13:09:36.023532+00:00
1d2fd37f0c37b00081e13b206340abb2,2026-02-02T13:09:36.701985,0.01673152907394171,2026-02-02T13:09:36.016887196Z,gateDownAction,2026-02-02 13:09:38.025602+00:00,2026-02-02 13:09:38.025724+00:00
1d2fd37f0c37b00081e13b206340abb2,2026-02-02T13:09:36.701985,0.01673152907394171,2026-02-02T13:09:36.016887196Z,lightOnAction,2026-02-02 13:09:38.025821+00:00,2026-02-02 13:09:38.025967+00:00
1d2fd37f0c37b00081e13b206340abb2,2026-02-02T13:09:36.701985,0.01673152907394171,2026-02-02T13:09:36.016887196Z,bellOnInvocation,2026-02-02 13:09:36.029391+00:00,2026-02-02 13:09:36.029568+00:00
1d2fd37f0c37b00081e13b206340abb2,2026-02-02T13:09:36.701985,0.01673152907394171,2026-02-02T13:09:36.016887196Z,lightOnAction,2026-02-02 13:09:38.025211+00:00,2026-02-02 13:09:38.025307+00:00
edcb4719521cc33e5e311d11c126dd89,2026-02-02T13:14:43.780630,0.06790529736047983,2026-02-02T13:14:43.090129098Z,bellOnAction,2026-02-02 13:14:45.094176+00:00,2026-02-02 13:14:45.094190+00:00
edcb4719521cc33e5e311d11c126dd89,2026-02-02T13:14:43.780630,0.06790529736047983,2026-02-02T13:14:43.090129098Z,gateDownAction,2026-02-02 13:14:45.093975+00:00,2026-02-02 13:14:45.094029+00:00
edcb4719521cc33e5e311d11c126dd89,2026-02-02T13:14:43.780630,0.06790529736047983,2026-02-02T13:14:43.090129098Z,lightOnInvocation,2026-02-02 13:14:43.093131+00:00,2026-02-02 13:14:43.093190+00:00
edcb4719521cc33e5e311d11c126dd89,2026-02-02T13:14:43.780630,0.06790529736047983,2026-02-02T13:14:43.090129098Z,bellOnAction,2026-02-02 13:14:45.094224+00:00,2026-02-02 13:14:45.094267+00:00
edcb4719521cc33e5e311d11c126dd89,2026-02-02T13:14:43.780630,0.06790529736047983,2026-02-02T13:14:43.090129098Z,lightOnAction,2026-02-02 13:14:45.093992+00:00,2026-02-02 13:14:45.094050+00:00
edcb4719521cc33e5e311d11c126dd89,2026-02-02T13:14:43.780630,0.06790529736047983,2026-02-02T13:14:43.090129098Z,bellOnInvocation,2026-02-02 13:14:43.093600+00:00,2026-02-02 13:14:43.093657+00:00
edcb4719521cc33e5e311d11c126dd89,2026-02-02T13:14:43.780630,0.06790529736047983,2026-02-02T13:14:43.090129098Z,lightOnAction,2026-02-02 13:14:45.093532+00:00,2026-02-02 13:14:45.093578+00:00
edcb4719521cc33e5e311d11c126dd89,2026-02-02T13:14:43.780630,0.06790529736047983,2026-02-02T13:14:43.090129098Z,lightOnInvocation,2026-02-02 13:14:43.092801+00:00,2026-02-02 13:14:43.092847+00:00
edcb4719521cc33e5e311d11c126dd89,2026-02-02T13:14:43.780630,0.06790529736047983,2026-02-02T13:14:43.090129098Z,bellOnInvocation,2026-02-02 13:14:43.093961+00:00,2026-02-02 13:14:43.094029+00:00
edcb4719521cc33e5e311d11c126dd89,2026-02-02T13:14:43.780630,0.06790529736047983,2026-02-02T13:14:43.090129098Z,gateDownInvocation,2026-02-02 13:14:43.093071+00:00,2026-02-02 13:14:43.093156+00:00
edcb4719521cc33e5e311d11c126dd89,2026-02-02T13:14:43.780630,0.06790529736047983,2026-02-02T13:14:43.090129098Z,gateDownInvocation,2026-02-02 13:14:43.092761+00:00,2026-02-02 13:14:43.092848+00:00
edcb4719521cc33e5e311d11c126dd89,2026-02-02T13:14:43.780630,0.06790529736047983,2026-02-02T13:14:43.090129098Z,gateDownAction,2026-02-02 13:14:45.093900+00:00,2026-02-02 13:14:45.093948+00:00
8227c1d2031759b76ed40bc7ffcead07,2026-02-02T13:08:27.799356,0.005247171646273137,2026-02-02T13:08:27.103798256Z,lightOnAction,2026-02-02 13:08:29.119505+00:00,2026-02-02 13:08:29.119638+00:00
8227c1d2031759b76ed40bc7ffcead07,2026-02-02T13:08:27.799356,0.005247171646273137,2026-02-02T13:08:27.103798256Z,gateDownAction,2026-02-02 13:08:29.123619+00:00,2026-02-02 13:08:29.123664+00:00
8227c1d2031759b76ed40bc7ffcead07,2026-02-02T13:08:27.799356,0.005247171646273137,2026-02-02T13:08:27.103798256Z,bellOnAction,2026-02-02 13:08:29.124484+00:00,2026-02-02 13:08:29.124529+00:00
8227c1d2031759b76ed40bc7ffcead07,2026-02-02T13:08:27.799356,0.005247171646273137,2026-02-02T13:08:27.103798256Z,bellOnInvocation,2026-02-02 13:08:27.127536+00:00,2026-02-02 13:08:27.127593+00:00
8227c1d2031759b76ed40bc7ffcead07,2026-02-02T13:08:27.799356,0.005247171646273137,2026-02-02T13:08:27.103798256Z,lightOnAction,2026-02-02 13:08:29.118741+00:00,2026-02-02 13:08:29.118877+00:00
8227c1d2031759b76ed40bc7ffcead07,2026-02-02T13:08:27.799356,0.005247171646273137,2026-02-02T13:08:27.103798256Z,lightOnInvocation,2026-02-02 13:08:27.112621+00:00,2026-02-02 13:08:27.112690+00:00
8227c1d2031759b76ed40bc7ffcead07,2026-02-02T13:08:27.799356,0.005247171646273137,2026-02-02T13:08:27.103798256Z,gateDownAction,2026-02-02 13:08:29.118837+00:00,2026-02-02 13:08:29.118930+00:00
8227c1d2031759b76ed40bc7ffcead07,2026-02-02T13:08:27.799356,0.005247171646273137,2026-02-02T13:08:27.103798256Z,lightOnInvocation,2026-02-02 13:08:27.116929+00:00,2026-02-02 13:08:27.117003+00:00
8227c1d2031759b76ed40bc7ffcead07,2026-02-02T13:08:27.799356,0.005247171646273137,2026-02-02T13:08:27.103798256Z,bellOnAction,2026-02-02 13:08:29.128253+00:00,2026-02-02 13:08:29.128342+00:00
8227c1d2031759b76ed40bc7ffcead07,2026-02-02T13:08:27.799356,0.005247171646273137,2026-02-02T13:08:27.103798256Z,gateDownInvocation,2026-02-02 13:08:27.118621+00:00,2026-02-02 13:08:27.118728+00:00
8227c1d2031759b76ed40bc7ffcead07,2026-02-02T13:08:27.799356,0.005247171646273137,2026-02-02T13:08:27.103798256Z,bellOnInvocation,2026-02-02 13:08:27.123636+00:00,2026-02-02 13:08:27.123728+00:00
8227c1d2031759b76ed40bc7ffcead07,2026-02-02T13:08:27.799356,0.005247171646273137,2026-02-02T13:08:27.103798256Z,gateDownInvocation,2026-02-02 13:08:27.115022+00:00,2026-02-02 13:08:27.115140+00:00
36c2185ca3ef893fcf879b8f49f81642,2026-02-02T13:11:11.627417,0.032716307556247715,2026-02-02T13:11:11.935027943Z,bellOffInvocation,2026-02-02 13:11:11.939717+00:00,2026-02-02 13:11:11.939759+00:00
36c2185ca3ef893fcf879b8f49f81642,2026-02-02T13:11:11.627417,0.032716307556247715,2026-02-02T13:11:11.935027943Z,gateUpInvocation,2026-02-02 13:11:11.938927+00:00,2026-02-02 13:11:11.938982+00:00
36c2185ca3ef893fcf879b8f49f81642,2026-02-02T13:11:11.627417,0.032716307556247715,2026-02-02T13:11:11.935027943Z,lightOffInvocation,2026-02-02 13:11:11.938998+00:00,2026-02-02 13:11:11.939066+00:00
36c2185ca3ef893fcf879b8f49f81642,2026-02-02T13:11:11.627417,0.032716307556247715,2026-02-02T13:11:11.935027943Z,gateUpInvocation,2026-02-02 13:11:11.938902+00:00,2026-02-02 13:11:11.938945+00:00
36c2185ca3ef893fcf879b8f49f81642,2026-02-02T13:11:11.627417,0.032716307556247715,2026-02-02T13:11:11.935027943Z,lightOffInvocation,2026-02-02 13:11:11.940469+00:00,2026-02-02 13:11:11.940505+00:00
36c2185ca3ef893fcf879b8f49f81642,2026-02-02T13:11:11.627417,0.032716307556247715,2026-02-02T13:11:11.935027943Z,bellOffInvocation,2026-02-02 13:11:11.939766+00:00,2026-02-02 13:11:11.939796+00:00
4325d7c724e61d9706307ef98114ce65,2026-02-02T13:17:11.390209,0.09250608237375021,2026-02-02T13:17:10.709753505Z,bellOnInvocation,2026-02-02 13:17:10.722073+00:00,2026-02-02 13:17:10.722171+00:00
4325d7c724e61d9706307ef98114ce65,2026-02-02T13:17:11.390209,0.09250608237375021,2026-02-02T13:17:10.709753505Z,lightOnAction,2026-02-02 13:17:12.720831+00:00,2026-02-02 13:17:12.720920+00:00
4325d7c724e61d9706307ef98114ce65,2026-02-02T13:17:11.390209,0.09250608237375021,2026-02-02T13:17:10.709753505Z,lightOnAction,2026-02-02 13:17:12.720837+00:00,2026-02-02 13:17:12.720978+00:00
4325d7c724e61d9706307ef98114ce65,2026-02-02T13:17:11.390209,0.09250608237375021,2026-02-02T13:17:10.709753505Z,lightOnInvocation,2026-02-02 13:17:10.719025+00:00,2026-02-02 13:17:10.719303+00:00
4325d7c724e61d9706307ef98114ce65,2026-02-02T13:17:11.390209,0.09250608237375021,2026-02-02T13:17:10.709753505Z,bellOnInvocation,2026-02-02 13:17:10.723445+00:00,2026-02-02 13:17:10.723532+00:00
4325d7c724e61d9706307ef98114ce65,2026-02-02T13:17:11.390209,0.09250608237375021,2026-02-02T13:17:10.709753505Z,bellOnAction,2026-02-02 13:17:12.724176+00:00,2026-02-02 13:17:12.724264+00:00
4325d7c724e61d9706307ef98114ce65,2026-02-02T13:17:11.390209,0.09250608237375021,2026-02-02T13:17:10.709753505Z,gateDownAction,2026-02-02 13:17:12.723254+00:00,2026-02-02 13:17:12.723326+00:00
4325d7c724e61d9706307ef98114ce65,2026-02-02T13:17:11.390209,0.09250608237375021,2026-02-02T13:17:10.709753505Z,gateDownAction,2026-02-02 13:17:12.720933+00:00,2026-02-02 13:17:12.721038+00:00
4325d7c724e61d9706307ef98114ce65,2026-02-02T13:17:11.390209,0.09250608237375021,2026-02-02T13:17:10.709753505Z,gateDownInvocation,2026-02-02 13:17:10.719535+00:00,2026-02-02 13:17:10.719894+00:00
4325d7c724e61d9706307ef98114ce65,2026-02-02T13:17:11.390209,0.09250608237375021,2026-02-02T13:17:10.709753505Z,bellOnAction,2026-02-02 13:17:12.722539+00:00,2026-02-02 13:17:12.722625+00:00
4325d7c724e61d9706307ef98114ce65,2026-02-02T13:17:11.390209,0.09250608237375021,2026-02-02T13:17:10.709753505Z,gateDownInvocation,2026-02-02 13:17:10.720695+00:00,2026-02-02 13:17:10.721038+00:00
4325d7c724e61d9706307ef98114ce65,2026-02-02T13:17:11.390209,0.09250608237375021,2026-02-02T13:17:10.709753505Z,lightOnInvocation,2026-02-02 13:17:10.719560+00:00,2026-02-02 13:17:10.719744+00:00
5f4b5d4c3e12ebdd6b8b0c4eb536740c,2026-02-02T13:08:06.279379,0.0016605109444379808,2026-02-02T13:08:05.581721244Z,bellOnAction,2026-02-02 13:08:07.598505+00:00,2026-02-02 13:08:07.598578+00:00
5f4b5d4c3e12ebdd6b8b0c4eb536740c,2026-02-02T13:08:06.279379,0.0016605109444379808,2026-02-02T13:08:05.581721244Z,gateDownAction,2026-02-02 13:08:07.594841+00:00,2026-02-02 13:08:07.594990+00:00
5f4b5d4c3e12ebdd6b8b0c4eb536740c,2026-02-02T13:08:06.279379,0.0016605109444379808,2026-02-02T13:08:05.581721244Z,bellOnInvocation,2026-02-02 13:08:05.598440+00:00,2026-02-02 13:08:05.598509+00:00
5f4b5d4c3e12ebdd6b8b0c4eb536740c,2026-02-02T13:08:06.279379,0.0016605109444379808,2026-02-02T13:08:05.581721244Z,bellOnInvocation,2026-02-02 13:08:05.598821+00:00,2026-02-02 13:08:05.598911+00:00
5f4b5d4c3e12ebdd6b8b0c4eb536740c,2026-02-02T13:08:06.279379,0.0016605109444379808,2026-02-02T13:08:05.581721244Z,lightOnAction,2026-02-02 13:08:07.600813+00:00,2026-02-02 13:08:07.600906+00:00
5f4b5d4c3e12ebdd6b8b0c4eb536740c,2026-02-02T13:08:06.279379,0.0016605109444379808,2026-02-02T13:08:05.581721244Z,lightOnInvocation,2026-02-02 13:08:05.595645+00:00,2026-02-02 13:08:05.595729+00:00
5f4b5d4c3e12ebdd6b8b0c4eb536740c,2026-02-02T13:08:06.279379,0.0016605109444379808,2026-02-02T13:08:05.581721244Z,gateDownAction,2026-02-02 13:08:07.599728+00:00,2026-02-02 13:08:07.599847+00:00
5f4b5d4c3e12ebdd6b8b0c4eb536740c,2026-02-02T13:08:06.279379,0.0016605109444379808,2026-02-02T13:08:05.581721244Z,gateDownInvocation,2026-02-02 13:08:05.598725+00:00,2026-02-02 13:08:05.598860+00:00
5f4b5d4c3e12ebdd6b8b0c4eb536740c,2026-02-02T13:08:06.279379,0.0016605109444379808,2026-02-02T13:08:05.581721244Z,gateDownInvocation,2026-02-02 13:08:05.594105+00:00,2026-02-02 13:08:05.594288+00:00
5f4b5d4c3e12ebdd6b8b0c4eb536740c,2026-02-02T13:08:06.279379,0.0016605109444379808,2026-02-02T13:08:05.581721244Z,lightOnAction,2026-02-02 13:08:07.596724+00:00,2026-02-02 13:08:07.596878+00:00
5f4b5d4c3e12ebdd6b8b0c4eb536740c,2026-02-02T13:08:06.279379,0.0016605109444379808,2026-02-02T13:08:05.581721244Z,bellOnAction,2026-02-02 13:08:07.599631+00:00,2026-02-02 13:08:07.599757+00:00
5f4b5d4c3e12ebdd6b8b0c4eb536740c,2026-02-02T13:08:06.279379,0.0016605109444379808,2026-02-02T13:08:05.581721244Z,lightOnInvocation,2026-02-02 13:08:05.599816+00:00,2026-02-02 13:08:05.599961+00:00
739fcda60c06360d7962bf1d04738371,2026-02-02T13:08:23.494266,0.004529256106305122,2026-02-02T13:08:22.795915218Z,bellOnAction,2026-02-02 13:08:24.825343+00:00,2026-02-02 13:08:24.825410+00:00
739fcda60c06360d7962bf1d04738371,2026-02-02T13:08:23.494266,0.004529256106305122,2026-02-02T13:08:22.795915218Z,bellOnAction,2026-02-02 13:08:24.818786+00:00,2026-02-02 13:08:24.818854+00:00
739fcda60c06360d7962bf1d04738371,2026-02-02T13:08:23.494266,0.004529256106305122,2026-02-02T13:08:22.795915218Z,lightOnInvocation,2026-02-02 13:08:22.813648+00:00,2026-02-02 13:08:22.813898+00:00
739fcda60c06360d7962bf1d04738371,2026-02-02T13:08:23.494266,0.004529256106305122,2026-02-02T13:08:22.795915218Z,gateDownAction,2026-02-02 13:08:24.821840+00:00,2026-02-02 13:08:24.821961+00:00
739fcda60c06360d7962bf1d04738371,2026-02-02T13:08:23.494266,0.004529256106305122,2026-02-02T13:08:22.795915218Z,lightOnAction,2026-02-02 13:08:24.813240+00:00,2026-02-02 13:08:24.813330+00:00
739fcda60c06360d7962bf1d04738371,2026-02-02T13:08:23.494266,0.004529256106305122,2026-02-02T13:08:22.795915218Z,lightOnAction,2026-02-02 13:08:24.814570+00:00,2026-02-02 13:08:24.814690+00:00
739fcda60c06360d7962bf1d04738371,2026-02-02T13:08:23.494266,0.004529256106305122,2026-02-02T13:08:22.795915218Z,gateDownAction,2026-02-02 13:08:24.816278+00:00,2026-02-02 13:08:24.816363+00:00
739fcda60c06360d7962bf1d04738371,2026-02-02T13:08:23.494266,0.004529256106305122,2026-02-02T13:08:22.795915218Z,gateDownInvocation,2026-02-02 13:08:22.818339+00:00,2026-02-02 13:08:22.819745+00:00
739fcda60c06360d7962bf1d04738371,2026-02-02T13:08:23.494266,0.004529256106305122,2026-02-02T13:08:22.795915218Z,gateDownInvocation,2026-02-02 13:08:22.814179+00:00,2026-02-02 13:08:22.814518+00:00
739fcda60c06360d7962bf1d04738371,2026-02-02T13:08:23.494266,0.004529256106305122,2026-02-02T13:08:22.795915218Z,lightOnInvocation,2026-02-02 13:08:22.811175+00:00,2026-02-02 13:08:22.811378+00:00
739fcda60c06360d7962bf1d04738371,2026-02-02T13:08:23.494266,0.004529256106305122,2026-02-02T13:08:22.795915218Z,bellOnInvocation,2026-02-02 13:08:22.823415+00:00,2026-02-02 13:08:22.823561+00:00
739fcda60c06360d7962bf1d04738371,2026-02-02T13:08:23.494266,0.004529256106305122,2026-02-02T13:08:22.795915218Z,bellOnInvocation,2026-02-02 13:08:22.817260+00:00,2026-02-02 13:08:22.817469+00:00
1c102a247e1056c86a3542ca374cdc52,2026-02-02T13:09:49.645560,0.01888831832587719,2026-02-02T13:09:48.958961341Z,bellOnAction,2026-02-02 13:09:50.977301+00:00,2026-02-02 13:09:50.977369+00:00
1c102a247e1056c86a3542ca374cdc52,2026-02-02T13:09:49.645560,0.01888831832587719,2026-02-02T13:09:48.958961341Z,bellOnAction,2026-02-02 13:09:50.975811+00:00,2026-02-02 13:09:50.975881+00:00
1c102a247e1056c86a3542ca374cdc52,2026-02-02T13:09:49.645560,0.01888831832587719,2026-02-02T13:09:48.958961341Z,bellOnInvocation,2026-02-02 13:09:48.976539+00:00,2026-02-02 13:09:48.976651+00:00
1c102a247e1056c86a3542ca374cdc52,2026-02-02T13:09:49.645560,0.01888831832587719,2026-02-02T13:09:48.958961341Z,gateDownAction,2026-02-02 13:09:50.974307+00:00,2026-02-02 13:09:50.974427+00:00
1c102a247e1056c86a3542ca374cdc52,2026-02-02T13:09:49.645560,0.01888831832587719,2026-02-02T13:09:48.958961341Z,lightOnAction,2026-02-02 13:09:50.969795+00:00,2026-02-02 13:09:50.969876+00:00
1c102a247e1056c86a3542ca374cdc52,2026-02-02T13:09:49.645560,0.01888831832587719,2026-02-02T13:09:48.958961341Z,gateDownAction,2026-02-02 13:09:50.969552+00:00,2026-02-02 13:09:50.969664+00:00
1c102a247e1056c86a3542ca374cdc52,2026-02-02T13:09:49.645560,0.01888831832587719,2026-02-02T13:09:48.958961341Z,bellOnInvocation,2026-02-02 13:09:48.974866+00:00,2026-02-02 13:09:48.975086+00:00
1c102a247e1056c86a3542ca374cdc52,2026-02-02T13:09:49.645560,0.01888831832587719,2026-02-02T13:09:48.958961341Z,lightOnInvocation,2026-02-02 13:09:48.970665+00:00,2026-02-02 13:09:48.970816+00:00
1c102a247e1056c86a3542ca374cdc52,2026-02-02T13:09:49.645560,0.01888831832587719,2026-02-02T13:09:48.958961341Z,lightOnAction,2026-02-02 13:09:50.972271+00:00,2026-02-02 13:09:50.972357+00:00
1c102a247e1056c86a3542ca374cdc52,2026-02-02T13:09:49.645560,0.01888831832587719,2026-02-02T13:09:48.958961341Z,gateDownInvocation,2026-02-02 13:09:48.972428+00:00,2026-02-02 13:09:48.972768+00:00
1c102a247e1056c86a3542ca374cdc52,2026-02-02T13:09:49.645560,0.01888831832587719,2026-02-02T13:09:48.958961341Z,lightOnInvocation,2026-02-02 13:09:48.968552+00:00,2026-02-02 13:09:48.968687+00:00
1c102a247e1056c86a3542ca374cdc52,2026-02-02T13:09:49.645560,0.01888831832587719,2026-02-02T13:09:48.958961341Z,gateDownInvocation,2026-02-02 13:09:48.968360+00:00,2026-02-02 13:09:48.968677+00:00
a3f6d68cdc782db115604e63b6a98499,2026-02-02T13:09:02.240340,0.01098697328644991,2026-02-02T13:09:01.546012527Z,lightOnAction,2026-02-02 13:09:03.551787+00:00,2026-02-02 13:09:03.551875+00:00
a3f6d68cdc782db115604e63b6a98499,2026-02-02T13:09:02.240340,0.01098697328644991,2026-02-02T13:09:01.546012527Z,lightOnInvocation,2026-02-02 13:09:01.551485+00:00,2026-02-02 13:09:01.551569+00:00
a3f6d68cdc782db115604e63b6a98499,2026-02-02T13:09:02.240340,0.01098697328644991,2026-02-02T13:09:01.546012527Z,gateDownAction,2026-02-02 13:09:03.552149+00:00,2026-02-02 13:09:03.552286+00:00
a3f6d68cdc782db115604e63b6a98499,2026-02-02T13:09:02.240340,0.01098697328644991,2026-02-02T13:09:01.546012527Z,gateDownAction,2026-02-02 13:09:03.553669+00:00,2026-02-02 13:09:03.553733+00:00
a3f6d68cdc782db115604e63b6a98499,2026-02-02T13:09:02.240340,0.01098697328644991,2026-02-02T13:09:01.546012527Z,bellOnAction,2026-02-02 13:09:03.553959+00:00,2026-02-02 13:09:03.554020+00:00
a3f6d68cdc782db115604e63b6a98499,2026-02-02T13:09:02.240340,0.01098697328644991,2026-02-02T13:09:01.546012527Z,gateDownInvocation,2026-02-02 13:09:01.550854+00:00,2026-02-02 13:09:01.550984+00:00
a3f6d68cdc782db115604e63b6a98499,2026-02-02T13:09:02.240340,0.01098697328644991,2026-02-02T13:09:01.546012527Z,bellOnInvocation,2026-02-02 13:09:01.553650+00:00,2026-02-02 13:09:01.553714+00:00
a3f6d68cdc782db115604e63b6a98499,2026-02-02T13:09:02.240340,0.01098697328644991,2026-02-02T13:09:01.546012527Z,bellOnAction,2026-02-02 13:09:03.554224+00:00,2026-02-02 13:09:03.554256+00:00
a3f6d68cdc782db115604e63b6a98499,2026-02-02T13:09:02.240340,0.01098697328644991,2026-02-02T13:09:01.546012527Z,lightOnInvocation,2026-02-02 13:09:01.551077+00:00,2026-02-02 13:09:01.551153+00:00
a3f6d68cdc782db115604e63b6a98499,2026-02-02T13:09:02.240340,0.01098697328644991,2026-02-02T13:09:01.546012527Z,gateDownInvocation,2026-02-02 13:09:01.551119+00:00,2026-02-02 13:09:01.551224+00:00
a3f6d68cdc782db115604e63b6a98499,2026-02-02T13:09:02.240340,0.01098697328644991,2026-02-02T13:09:01.546012527Z,bellOnInvocation,2026-02-02 13:09:01.554259+00:00,2026-02-02 13:09:01.554294+00:00
a3f6d68cdc782db115604e63b6a98499,2026-02-02T13:09:02.240340,0.01098697328644991,2026-02-02T13:09:01.546012527Z,lightOnAction,2026-02-02 13:09:03.552171+00:00,2026-02-02 13:09:03.552356+00:00
466758e6d95df049cb3abdea0bba4bab,2026-02-02T13:10:06.906364,0.021764378550791743,2026-02-02T13:10:06.21699158Z,lightOnInvocation,2026-02-02 13:10:06.228332+00:00,2026-02-02 13:10:06.228525+00:00
466758e6d95df049cb3abdea0bba4bab,2026-02-02T13:10:06.906364,0.021764378550791743,2026-02-02T13:10:06.21699158Z,lightOnAction,2026-02-02 13:10:08.229560+00:00,2026-02-02 13:10:08.229674+00:00
466758e6d95df049cb3abdea0bba4bab,2026-02-02T13:10:06.906364,0.021764378550791743,2026-02-02T13:10:06.21699158Z,bellOnInvocation,2026-02-02 13:10:06.233590+00:00,2026-02-02 13:10:06.233765+00:00
466758e6d95df049cb3abdea0bba4bab,2026-02-02T13:10:06.906364,0.021764378550791743,2026-02-02T13:10:06.21699158Z,gateDownInvocation,2026-02-02 13:10:06.230317+00:00,2026-02-02 13:10:06.230631+00:00
466758e6d95df049cb3abdea0bba4bab,2026-02-02T13:10:06.906364,0.021764378550791743,2026-02-02T13:10:06.21699158Z,gateDownAction,2026-02-02 13:10:08.227576+00:00,2026-02-02 13:10:08.227666+00:00
466758e6d95df049cb3abdea0bba4bab,2026-02-02T13:10:06.906364,0.021764378550791743,2026-02-02T13:10:06.21699158Z,lightOnAction,2026-02-02 13:10:08.233047+00:00,2026-02-02 13:10:08.233130+00:00
466758e6d95df049cb3abdea0bba4bab,2026-02-02T13:10:06.906364,0.021764378550791743,2026-02-02T13:10:06.21699158Z,bellOnAction,2026-02-02 13:10:08.234780+00:00,2026-02-02 13:10:08.234867+00:00
466758e6d95df049cb3abdea0bba4bab,2026-02-02T13:10:06.906364,0.021764378550791743,2026-02-02T13:10:06.21699158Z,bellOnAction,2026-02-02 13:10:08.236221+00:00,2026-02-02 13:10:08.236308+00:00
466758e6d95df049cb3abdea0bba4bab,2026-02-02T13:10:06.906364,0.021764378550791743,2026-02-02T13:10:06.21699158Z,gateDownInvocation,2026-02-02 13:10:06.225887+00:00,2026-02-02 13:10:06.226212+00:00
466758e6d95df049cb3abdea0bba4bab,2026-02-02T13:10:06.906364,0.021764378550791743,2026-02-02T13:10:06.21699158Z,lightOnInvocation,2026-02-02 13:10:06.230786+00:00,2026-02-02 13:10:06.231014+00:00
466758e6d95df049cb3abdea0bba4bab,2026-02-02T13:10:06.906364,0.021764378550791743,2026-02-02T13:10:06.21699158Z,bellOnInvocation,2026-02-02 13:10:06.234927+00:00,2026-02-02 13:10:06.235095+00:00
466758e6d95df049cb3abdea0bba4bab,2026-02-02T13:10:06.906364,0.021764378550791743,2026-02-02T13:10:06.21699158Z,gateDownAction,2026-02-02 13:10:08.233123+00:00,2026-02-02 13:10:08.233239+00:00
436099ae11fd7f793a9c86f5da3b8188,2026-02-02T13:14:35.115165,0.06663227796634436,2026-02-02T13:14:35.451262676Z,gateUpInvocation,2026-02-02 13:14:35.454489+00:00,2026-02-02 13:14:35.454547+00:00
436099ae11fd7f793a9c86f5da3b8188,2026-02-02T13:14:35.115165,0.06663227796634436,2026-02-02T13:14:35.451262676Z,bellOffInvocation,2026-02-02 13:14:35.457251+00:00,2026-02-02 13:14:35.457294+00:00
436099ae11fd7f793a9c86f5da3b8188,2026-02-02T13:14:35.115165,0.06663227796634436,2026-02-02T13:14:35.451262676Z,gateUpInvocation,2026-02-02 13:14:35.455646+00:00,2026-02-02 13:14:35.455689+00:00
436099ae11fd7f793a9c86f5da3b8188,2026-02-02T13:14:35.115165,0.06663227796634436,2026-02-02T13:14:35.451262676Z,bellOffInvocation,2026-02-02 13:14:35.458611+00:00,2026-02-02 13:14:35.458651+00:00
436099ae11fd7f793a9c86f5da3b8188,2026-02-02T13:14:35.115165,0.06663227796634436,2026-02-02T13:14:35.451262676Z,lightOffInvocation,2026-02-02 13:14:35.456163+00:00,2026-02-02 13:14:35.456208+00:00
436099ae11fd7f793a9c86f5da3b8188,2026-02-02T13:14:35.115165,0.06663227796634436,2026-02-02T13:14:35.451262676Z,lightOffInvocation,2026-02-02 13:14:35.454471+00:00,2026-02-02 13:14:35.454518+00:00
4a2dea76bb81c1f551004a67710629e2,2026-02-02T13:17:50.608560,0.09920559352196456,2026-02-02T13:17:50.910823071Z,bellOffInvocation,2026-02-02 13:17:50.921881+00:00,2026-02-02 13:17:50.922031+00:00
4a2dea76bb81c1f551004a67710629e2,2026-02-02T13:17:50.608560,0.09920559352196456,2026-02-02T13:17:50.910823071Z,gateUpInvocation,2026-02-02 13:17:50.918466+00:00,2026-02-02 13:17:50.918612+00:00
4a2dea76bb81c1f551004a67710629e2,2026-02-02T13:17:50.608560,0.09920559352196456,2026-02-02T13:17:50.910823071Z,gateUpInvocation,2026-02-02 13:17:50.917087+00:00,2026-02-02 13:17:50.917239+00:00
4a2dea76bb81c1f551004a67710629e2,2026-02-02T13:17:50.608560,0.09920559352196456,2026-02-02T13:17:50.910823071Z,lightOffInvocation,2026-02-02 13:17:50.916822+00:00,2026-02-02 13:17:50.917014+00:00
4a2dea76bb81c1f551004a67710629e2,2026-02-02T13:17:50.608560,0.09920559352196456,2026-02-02T13:17:50.910823071Z,bellOffInvocation,2026-02-02 13:17:50.920102+00:00,2026-02-02 13:17:50.920202+00:00
4a2dea76bb81c1f551004a67710629e2,2026-02-02T13:17:50.608560,0.09920559352196456,2026-02-02T13:17:50.910823071Z,lightOffInvocation,2026-02-02 13:17:50.917756+00:00,2026-02-02 13:17:50.917940+00:00
77c1f1d398d6703aa67f2be784ca5ef6,2026-02-02T13:08:57.929184,0.010268916219472886,2026-02-02T13:08:57.237273581Z,gateDownAction,2026-02-02 13:08:59.250835+00:00,2026-02-02 13:08:59.250867+00:00
77c1f1d398d6703aa67f2be784ca5ef6,2026-02-02T13:08:57.929184,0.010268916219472886,2026-02-02T13:08:57.237273581Z,lightOnInvocation,2026-02-02 13:08:57.251545+00:00,2026-02-02 13:08:57.251604+00:00
77c1f1d398d6703aa67f2be784ca5ef6,2026-02-02T13:08:57.929184,0.010268916219472886,2026-02-02T13:08:57.237273581Z,bellOnInvocation,2026-02-02 13:08:57.248917+00:00,2026-02-02 13:08:57.248974+00:00
77c1f1d398d6703aa67f2be784ca5ef6,2026-02-02T13:08:57.929184,0.010268916219472886,2026-02-02T13:08:57.237273581Z,lightOnAction,2026-02-02 13:08:59.252541+00:00,2026-02-02 13:08:59.252591+00:00
77c1f1d398d6703aa67f2be784ca5ef6,2026-02-02T13:08:57.929184,0.010268916219472886,2026-02-02T13:08:57.237273581Z,bellOnAction,2026-02-02 13:08:59.251161+00:00,2026-02-02 13:08:59.251208+00:00
77c1f1d398d6703aa67f2be784ca5ef6,2026-02-02T13:08:57.929184,0.010268916219472886,2026-02-02T13:08:57.237273581Z,lightOnInvocation,2026-02-02 13:08:57.251832+00:00,2026-02-02 13:08:57.251925+00:00
77c1f1d398d6703aa67f2be784ca5ef6,2026-02-02T13:08:57.929184,0.010268916219472886,2026-02-02T13:08:57.237273581Z,gateDownAction,2026-02-02 13:08:59.249887+00:00,2026-02-02 13:08:59.249924+00:00
77c1f1d398d6703aa67f2be784ca5ef6,2026-02-02T13:08:57.929184,0.010268916219472886,2026-02-02T13:08:57.237273581Z,gateDownInvocation,2026-02-02 13:08:57.248864+00:00,2026-02-02 13:08:57.248974+00:00
77c1f1d398d6703aa67f2be784ca5ef6,2026-02-02T13:08:57.929184,0.010268916219472886,2026-02-02T13:08:57.237273581Z,bellOnInvocation,2026-02-02 13:08:57.252245+00:00,2026-02-02 13:08:57.252292+00:00
77c1f1d398d6703aa67f2be784ca5ef6,2026-02-02T13:08:57.929184,0.010268916219472886,2026-02-02T13:08:57.237273581Z,bellOnAction,2026-02-02 13:08:59.252582+00:00,2026-02-02 13:08:59.252605+00:00
77c1f1d398d6703aa67f2be784ca5ef6,2026-02-02T13:08:57.929184,0.010268916219472886,2026-02-02T13:08:57.237273581Z,lightOnAction,2026-02-02 13:08:59.251349+00:00,2026-02-02 13:08:59.251376+00:00
77c1f1d398d6703aa67f2be784ca5ef6,2026-02-02T13:08:57.929184,0.010268916219472886,2026-02-02T13:08:57.237273581Z,gateDownInvocation,2026-02-02 13:08:57.250334+00:00,2026-02-02 13:08:57.250499+00:00
d3f922589b94c6853c5b0230de80fcb6,2026-02-02T13:14:04.759948,0.06140376465799809,2026-02-02T13:14:04.07712457Z,lightOnInvocation,2026-02-02 13:14:04.087397+00:00,2026-02-02 13:14:04.087467+00:00
d3f922589b94c6853c5b0230de80fcb6,2026-02-02T13:14:04.759948,0.06140376465799809,2026-02-02T13:14:04.07712457Z,bellOnInvocation,2026-02-02 13:14:04.088119+00:00,2026-02-02 13:14:04.088186+00:00
d3f922589b94c6853c5b0230de80fcb6,2026-02-02T13:14:04.759948,0.06140376465799809,2026-02-02T13:14:04.07712457Z,lightOnAction,2026-02-02 13:14:06.088153+00:00,2026-02-02 13:14:06.088199+00:00
d3f922589b94c6853c5b0230de80fcb6,2026-02-02T13:14:04.759948,0.06140376465799809,2026-02-02T13:14:04.07712457Z,gateDownInvocation,2026-02-02 13:14:04.087000+00:00,2026-02-02 13:14:04.087128+00:00
d3f922589b94c6853c5b0230de80fcb6,2026-02-02T13:14:04.759948,0.06140376465799809,2026-02-02T13:14:04.07712457Z,lightOnInvocation,2026-02-02 13:14:04.081446+00:00,2026-02-02 13:14:04.081542+00:00
d3f922589b94c6853c5b0230de80fcb6,2026-02-02T13:14:04.759948,0.06140376465799809,2026-02-02T13:14:04.07712457Z,bellOnAction,2026-02-02 13:14:06.085325+00:00,2026-02-02 13:14:06.085374+00:00
d3f922589b94c6853c5b0230de80fcb6,2026-02-02T13:14:04.759948,0.06140376465799809,2026-02-02T13:14:04.07712457Z,gateDownAction,2026-02-02 13:14:06.083267+00:00,2026-02-02 13:14:06.083319+00:00
d3f922589b94c6853c5b0230de80fcb6,2026-02-02T13:14:04.759948,0.06140376465799809,2026-02-02T13:14:04.07712457Z,bellOnAction,2026-02-02 13:14:06.088212+00:00,2026-02-02 13:14:06.088232+00:00
d3f922589b94c6853c5b0230de80fcb6,2026-02-02T13:14:04.759948,0.06140376465799809,2026-02-02T13:14:04.07712457Z,gateDownAction,2026-02-02 13:14:06.088017+00:00,2026-02-02 13:14:06.088064+00:00
d3f922589b94c6853c5b0230de80fcb6,2026-02-02T13:14:04.759948,0.06140376465799809,2026-02-02T13:14:04.07712457Z,bellOnInvocation,2026-02-02 13:14:04.085310+00:00,2026-02-02 13:14:04.085376+00:00
d3f922589b94c6853c5b0230de80fcb6,2026-02-02T13:14:04.759948,0.06140376465799809,2026-02-02T13:14:04.07712457Z,lightOnAction,2026-02-02 13:14:06.081991+00:00,2026-02-02 13:14:06.082190+00:00
d3f922589b94c6853c5b0230de80fcb6,2026-02-02T13:14:04.759948,0.06140376465799809,2026-02-02T13:14:04.07712457Z,gateDownInvocation,2026-02-02 13:14:04.081464+00:00,2026-02-02 13:14:04.081615+00:00
7a6a4dd2960970d230e6c19843c63b5d,2026-02-02T13:16:36.647010,0.0867190044348359,2026-02-02T13:16:35.983808221Z,bellOnAction,2026-02-02 13:16:37.997770+00:00,2026-02-02 13:16:37.997838+00:00
7a6a4dd2960970d230e6c19843c63b5d,2026-02-02T13:16:36.647010,0.0867190044348359,2026-02-02T13:16:35.983808221Z,bellOnInvocation,2026-02-02 13:16:35.996744+00:00,2026-02-02 13:16:35.996949+00:00
7a6a4dd2960970d230e6c19843c63b5d,2026-02-02T13:16:36.647010,0.0867190044348359,2026-02-02T13:16:35.983808221Z,lightOnAction,2026-02-02 13:16:37.993599+00:00,2026-02-02 13:16:37.993687+00:00
7a6a4dd2960970d230e6c19843c63b5d,2026-02-02T13:16:36.647010,0.0867190044348359,2026-02-02T13:16:35.983808221Z,gateDownAction,2026-02-02 13:16:37.994705+00:00,2026-02-02 13:16:37.994822+00:00
7a6a4dd2960970d230e6c19843c63b5d,2026-02-02T13:16:36.647010,0.0867190044348359,2026-02-02T13:16:35.983808221Z,lightOnInvocation,2026-02-02 13:16:35.991459+00:00,2026-02-02 13:16:35.991942+00:00
7a6a4dd2960970d230e6c19843c63b5d,2026-02-02T13:16:36.647010,0.0867190044348359,2026-02-02T13:16:35.983808221Z,gateDownInvocation,2026-02-02 13:16:35.990017+00:00,2026-02-02 13:16:35.990381+00:00
7a6a4dd2960970d230e6c19843c63b5d,2026-02-02T13:16:36.647010,0.0867190044348359,2026-02-02T13:16:35.983808221Z,gateDownAction,2026-02-02 13:16:37.995280+00:00,2026-02-02 13:16:37.995363+00:00
7a6a4dd2960970d230e6c19843c63b5d,2026-02-02T13:16:36.647010,0.0867190044348359,2026-02-02T13:16:35.983808221Z,gateDownInvocation,2026-02-02 13:16:35.993051+00:00,2026-02-02 13:16:35.993613+00:00
7a6a4dd2960970d230e6c19843c63b5d,2026-02-02T13:16:36.647010,0.0867190044348359,2026-02-02T13:16:35.983808221Z,lightOnInvocation,2026-02-02 13:16:35.992158+00:00,2026-02-02 13:16:35.992508+00:00
7a6a4dd2960970d230e6c19843c63b5d,2026-02-02T13:16:36.647010,0.0867190044348359,2026-02-02T13:16:35.983808221Z,bellOnAction,2026-02-02 13:16:37.996196+00:00,2026-02-02 13:16:37.996264+00:00
7a6a4dd2960970d230e6c19843c63b5d,2026-02-02T13:16:36.647010,0.0867190044348359,2026-02-02T13:16:35.983808221Z,bellOnInvocation,2026-02-02 13:16:35.995106+00:00,2026-02-02 13:16:35.995221+00:00
7a6a4dd2960970d230e6c19843c63b5d,2026-02-02T13:16:36.647010,0.0867190044348359,2026-02-02T13:16:35.983808221Z,lightOnAction,2026-02-02 13:16:37.994853+00:00,2026-02-02 13:16:37.995007+00:00
41e44b9732841b64f756692956b22af6,2026-02-02T13:14:30.758516,0.0659073476215005,2026-02-02T13:14:31.10135759Z,gateUpInvocation,2026-02-02 13:14:31.106454+00:00,2026-02-02 13:14:31.106608+00:00
41e44b9732841b64f756692956b22af6,2026-02-02T13:14:30.758516,0.0659073476215005,2026-02-02T13:14:31.10135759Z,gateUpInvocation,2026-02-02 13:14:31.106627+00:00,2026-02-02 13:14:31.106718+00:00
41e44b9732841b64f756692956b22af6,2026-02-02T13:14:30.758516,0.0659073476215005,2026-02-02T13:14:31.10135759Z,bellOffInvocation,2026-02-02 13:14:31.109847+00:00,2026-02-02 13:14:31.109969+00:00
41e44b9732841b64f756692956b22af6,2026-02-02T13:14:30.758516,0.0659073476215005,2026-02-02T13:14:31.10135759Z,lightOffInvocation,2026-02-02 13:14:31.106482+00:00,2026-02-02 13:14:31.106581+00:00
41e44b9732841b64f756692956b22af6,2026-02-02T13:14:30.758516,0.0659073476215005,2026-02-02T13:14:31.10135759Z,bellOffInvocation,2026-02-02 13:14:31.108905+00:00,2026-02-02 13:14:31.109079+00:00
41e44b9732841b64f756692956b22af6,2026-02-02T13:14:30.758516,0.0659073476215005,2026-02-02T13:14:31.10135759Z,lightOffInvocation,2026-02-02 13:14:31.106769+00:00,2026-02-02 13:14:31.106900+00:00
82f4f95d3cf7d1960278d173928db963,2026-02-02T13:08:36.403651,0.006681054008162021,2026-02-02T13:08:35.707992331Z,lightOnInvocation,2026-02-02 13:08:35.720050+00:00,2026-02-02 13:08:35.720181+00:00
82f4f95d3cf7d1960278d173928db963,2026-02-02T13:08:36.403651,0.006681054008162021,2026-02-02T13:08:35.707992331Z,bellOnAction,2026-02-02 13:08:37.726677+00:00,2026-02-02 13:08:37.726741+00:00
82f4f95d3cf7d1960278d173928db963,2026-02-02T13:08:36.403651,0.006681054008162021,2026-02-02T13:08:35.707992331Z,lightOnInvocation,2026-02-02 13:08:35.723464+00:00,2026-02-02 13:08:35.723580+00:00
82f4f95d3cf7d1960278d173928db963,2026-02-02T13:08:36.403651,0.006681054008162021,2026-02-02T13:08:35.707992331Z,gateDownAction,2026-02-02 13:08:37.723020+00:00,2026-02-02 13:08:37.723113+00:00
82f4f95d3cf7d1960278d173928db963,2026-02-02T13:08:36.403651,0.006681054008162021,2026-02-02T13:08:35.707992331Z,gateDownInvocation,2026-02-02 13:08:35.721607+00:00,2026-02-02 13:08:35.721795+00:00
82f4f95d3cf7d1960278d173928db963,2026-02-02T13:08:36.403651,0.006681054008162021,2026-02-02T13:08:35.707992331Z,lightOnAction,2026-02-02 13:08:37.725227+00:00,2026-02-02 13:08:37.725315+00:00
82f4f95d3cf7d1960278d173928db963,2026-02-02T13:08:36.403651,0.006681054008162021,2026-02-02T13:08:35.707992331Z,lightOnAction,2026-02-02 13:08:37.720388+00:00,2026-02-02 13:08:37.720472+00:00
82f4f95d3cf7d1960278d173928db963,2026-02-02T13:08:36.403651,0.006681054008162021,2026-02-02T13:08:35.707992331Z,bellOnInvocation,2026-02-02 13:08:35.725718+00:00,2026-02-02 13:08:35.725807+00:00
82f4f95d3cf7d1960278d173928db963,2026-02-02T13:08:36.403651,0.006681054008162021,2026-02-02T13:08:35.707992331Z,bellOnInvocation,2026-02-02 13:08:35.721550+00:00,2026-02-02 13:08:35.721652+00:00
82f4f95d3cf7d1960278d173928db963,2026-02-02T13:08:36.403651,0.006681054008162021,2026-02-02T13:08:35.707992331Z,gateDownAction,2026-02-02 13:08:37.719593+00:00,2026-02-02 13:08:37.719678+00:00
82f4f95d3cf7d1960278d173928db963,2026-02-02T13:08:36.403651,0.006681054008162021,2026-02-02T13:08:35.707992331Z,gateDownInvocation,2026-02-02 13:08:35.718549+00:00,2026-02-02 13:08:35.718725+00:00
82f4f95d3cf7d1960278d173928db963,2026-02-02T13:08:36.403651,0.006681054008162021,2026-02-02T13:08:35.707992331Z,bellOnAction,2026-02-02 13:08:37.723189+00:00,2026-02-02 13:08:37.723256+00:00
f4c54614556c2b58fab56f8f3321a33f,2026-02-02T13:12:38.086625,0.04696479371447564,2026-02-02T13:12:37.434738193Z,gateDownAction,2026-02-02 13:12:39.443045+00:00,2026-02-02 13:12:39.443087+00:00
f4c54614556c2b58fab56f8f3321a33f,2026-02-02T13:12:38.086625,0.04696479371447564,2026-02-02T13:12:37.434738193Z,gateDownAction,2026-02-02 13:12:39.443830+00:00,2026-02-02 13:12:39.443878+00:00
f4c54614556c2b58fab56f8f3321a33f,2026-02-02T13:12:38.086625,0.04696479371447564,2026-02-02T13:12:37.434738193Z,lightOnAction,2026-02-02 13:12:39.444761+00:00,2026-02-02 13:12:39.444851+00:00
f4c54614556c2b58fab56f8f3321a33f,2026-02-02T13:12:38.086625,0.04696479371447564,2026-02-02T13:12:37.434738193Z,lightOnInvocation,2026-02-02 13:12:37.442222+00:00,2026-02-02 13:12:37.442326+00:00
f4c54614556c2b58fab56f8f3321a33f,2026-02-02T13:12:38.086625,0.04696479371447564,2026-02-02T13:12:37.434738193Z,bellOnInvocation,2026-02-02 13:12:37.448120+00:00,2026-02-02 13:12:37.448180+00:00
f4c54614556c2b58fab56f8f3321a33f,2026-02-02T13:12:38.086625,0.04696479371447564,2026-02-02T13:12:37.434738193Z,bellOnAction,2026-02-02 13:12:39.449186+00:00,2026-02-02 13:12:39.449231+00:00
f4c54614556c2b58fab56f8f3321a33f,2026-02-02T13:12:38.086625,0.04696479371447564,2026-02-02T13:12:37.434738193Z,lightOnAction,2026-02-02 13:12:39.444758+00:00,2026-02-02 13:12:39.444888+00:00
f4c54614556c2b58fab56f8f3321a33f,2026-02-02T13:12:38.086625,0.04696479371447564,2026-02-02T13:12:37.434738193Z,gateDownInvocation,2026-02-02 13:12:37.443316+00:00,2026-02-02 13:12:37.443455+00:00
f4c54614556c2b58fab56f8f3321a33f,2026-02-02T13:12:38.086625,0.04696479371447564,2026-02-02T13:12:37.434738193Z,gateDownInvocation,2026-02-02 13:12:37.441863+00:00,2026-02-02 13:12:37.442014+00:00
f4c54614556c2b58fab56f8f3321a33f,2026-02-02T13:12:38.086625,0.04696479371447564,2026-02-02T13:12:37.434738193Z,bellOnInvocation,2026-02-02 13:12:37.445707+00:00,2026-02-02 13:12:37.445798+00:00
f4c54614556c2b58fab56f8f3321a33f,2026-02-02T13:12:38.086625,0.04696479371447564,2026-02-02T13:12:37.434738193Z,lightOnInvocation,2026-02-02 13:12:37.443848+00:00,2026-02-02 13:12:37.443938+00:00
f4c54614556c2b58fab56f8f3321a33f,2026-02-02T13:12:38.086625,0.04696479371447564,2026-02-02T13:12:37.434738193Z,bellOnAction,2026-02-02 13:12:39.446413+00:00,2026-02-02 13:12:39.446482+00:00
778fae205a620817d3a4836d691fd753,2026-02-02T13:13:25.750294,0.05507542970536948,2026-02-02T13:13:26.103495675Z,lightOffInvocation,2026-02-02 13:13:26.114395+00:00,2026-02-02 13:13:26.114539+00:00
778fae205a620817d3a4836d691fd753,2026-02-02T13:13:25.750294,0.05507542970536948,2026-02-02T13:13:26.103495675Z,gateUpInvocation,2026-02-02 13:13:26.114824+00:00,2026-02-02 13:13:26.114945+00:00
778fae205a620817d3a4836d691fd753,2026-02-02T13:13:25.750294,0.05507542970536948,2026-02-02T13:13:26.103495675Z,lightOffInvocation,2026-02-02 13:13:26.114868+00:00,2026-02-02 13:13:26.114965+00:00
778fae205a620817d3a4836d691fd753,2026-02-02T13:13:25.750294,0.05507542970536948,2026-02-02T13:13:26.103495675Z,gateUpInvocation,2026-02-02 13:13:26.112544+00:00,2026-02-02 13:13:26.112679+00:00
778fae205a620817d3a4836d691fd753,2026-02-02T13:13:25.750294,0.05507542970536948,2026-02-02T13:13:26.103495675Z,bellOffInvocation,2026-02-02 13:13:26.118131+00:00,2026-02-02 13:13:26.118204+00:00
778fae205a620817d3a4836d691fd753,2026-02-02T13:13:25.750294,0.05507542970536948,2026-02-02T13:13:26.103495675Z,bellOffInvocation,2026-02-02 13:13:26.118492+00:00,2026-02-02 13:13:26.118602+00:00
0349a5ec0600e1609c82a46daa7054c0,2026-02-02T13:14:52.474169,0.06952490618844032,2026-02-02T13:14:52.808731661Z,lightOffInvocation,2026-02-02 13:14:52.811800+00:00,2026-02-02 13:14:52.811870+00:00
0349a5ec0600e1609c82a46daa7054c0,2026-02-02T13:14:52.474169,0.06952490618844032,2026-02-02T13:14:52.808731661Z,gateUpInvocation,2026-02-02 13:14:52.811801+00:00,2026-02-02 13:14:52.811869+00:00
0349a5ec0600e1609c82a46daa7054c0,2026-02-02T13:14:52.474169,0.06952490618844032,2026-02-02T13:14:52.808731661Z,lightOffInvocation,2026-02-02 13:14:52.812273+00:00,2026-02-02 13:14:52.812337+00:00
0349a5ec0600e1609c82a46daa7054c0,2026-02-02T13:14:52.474169,0.06952490618844032,2026-02-02T13:14:52.808731661Z,gateUpInvocation,2026-02-02 13:14:52.812921+00:00,2026-02-02 13:14:52.812993+00:00
0349a5ec0600e1609c82a46daa7054c0,2026-02-02T13:14:52.474169,0.06952490618844032,2026-02-02T13:14:52.808731661Z,bellOffInvocation,2026-02-02 13:14:52.813062+00:00,2026-02-02 13:14:52.813106+00:00
0349a5ec0600e1609c82a46daa7054c0,2026-02-02T13:14:52.474169,0.06952490618844032,2026-02-02T13:14:52.808731661Z,bellOffInvocation,2026-02-02 13:14:52.816463+00:00,2026-02-02 13:14:52.816490+00:00
5771779455e5174c3043e01e3bfd4402,2026-02-02T13:10:37.080988,0.02679221700999737,2026-02-02T13:10:36.387105848Z,lightOnAction,2026-02-02 13:10:38.395852+00:00,2026-02-02 13:10:38.395896+00:00
5771779455e5174c3043e01e3bfd4402,2026-02-02T13:10:37.080988,0.02679221700999737,2026-02-02T13:10:36.387105848Z,lightOnInvocation,2026-02-02 13:10:36.395280+00:00,2026-02-02 13:10:36.395401+00:00
5771779455e5174c3043e01e3bfd4402,2026-02-02T13:10:37.080988,0.02679221700999737,2026-02-02T13:10:36.387105848Z,lightOnAction,2026-02-02 13:10:38.395730+00:00,2026-02-02 13:10:38.395798+00:00
5771779455e5174c3043e01e3bfd4402,2026-02-02T13:10:37.080988,0.02679221700999737,2026-02-02T13:10:36.387105848Z,bellOnAction,2026-02-02 13:10:38.397128+00:00,2026-02-02 13:10:38.397155+00:00
5771779455e5174c3043e01e3bfd4402,2026-02-02T13:10:37.080988,0.02679221700999737,2026-02-02T13:10:36.387105848Z,gateDownInvocation,2026-02-02 13:10:36.395155+00:00,2026-02-02 13:10:36.395340+00:00
5771779455e5174c3043e01e3bfd4402,2026-02-02T13:10:37.080988,0.02679221700999737,2026-02-02T13:10:36.387105848Z,lightOnInvocation,2026-02-02 13:10:36.394633+00:00,2026-02-02 13:10:36.394732+00:00
5771779455e5174c3043e01e3bfd4402,2026-02-02T13:10:37.080988,0.02679221700999737,2026-02-02T13:10:36.387105848Z,gateDownAction,2026-02-02 13:10:38.395824+00:00,2026-02-02 13:10:38.395866+00:00
5771779455e5174c3043e01e3bfd4402,2026-02-02T13:10:37.080988,0.02679221700999737,2026-02-02T13:10:36.387105848Z,gateDownAction,2026-02-02 13:10:38.395733+00:00,2026-02-02 13:10:38.395799+00:00
5771779455e5174c3043e01e3bfd4402,2026-02-02T13:10:37.080988,0.02679221700999737,2026-02-02T13:10:36.387105848Z,bellOnInvocation,2026-02-02 13:10:36.396479+00:00,2026-02-02 13:10:36.396547+00:00
5771779455e5174c3043e01e3bfd4402,2026-02-02T13:10:37.080988,0.02679221700999737,2026-02-02T13:10:36.387105848Z,gateDownInvocation,2026-02-02 13:10:36.395210+00:00,2026-02-02 13:10:36.395386+00:00
5771779455e5174c3043e01e3bfd4402,2026-02-02T13:10:37.080988,0.02679221700999737,2026-02-02T13:10:36.387105848Z,bellOnInvocation,2026-02-02 13:10:36.397429+00:00,2026-02-02 13:10:36.397491+00:00
5771779455e5174c3043e01e3bfd4402,2026-02-02T13:10:37.080988,0.02679221700999737,2026-02-02T13:10:36.387105848Z,bellOnAction,2026-02-02 13:10:38.398143+00:00,2026-02-02 13:10:38.398169+00:00
f3775b4d2e94cfef26db28afb8da0318,2026-02-02T13:11:50.483551,0.03902812616388798,2026-02-02T13:11:49.809876221Z,bellOnAction,2026-02-02 13:11:51.822168+00:00,2026-02-02 13:11:51.822239+00:00
f3775b4d2e94cfef26db28afb8da0318,2026-02-02T13:11:50.483551,0.03902812616388798,2026-02-02T13:11:49.809876221Z,gateDownAction,2026-02-02 13:11:51.824003+00:00,2026-02-02 13:11:51.824116+00:00
f3775b4d2e94cfef26db28afb8da0318,2026-02-02T13:11:50.483551,0.03902812616388798,2026-02-02T13:11:49.809876221Z,bellOnInvocation,2026-02-02 13:11:49.820185+00:00,2026-02-02 13:11:49.820345+00:00
f3775b4d2e94cfef26db28afb8da0318,2026-02-02T13:11:50.483551,0.03902812616388798,2026-02-02T13:11:49.809876221Z,lightOnInvocation,2026-02-02 13:11:49.817994+00:00,2026-02-02 13:11:49.818179+00:00
f3775b4d2e94cfef26db28afb8da0318,2026-02-02T13:11:50.483551,0.03902812616388798,2026-02-02T13:11:49.809876221Z,bellOnInvocation,2026-02-02 13:11:49.822758+00:00,2026-02-02 13:11:49.822951+00:00
f3775b4d2e94cfef26db28afb8da0318,2026-02-02T13:11:50.483551,0.03902812616388798,2026-02-02T13:11:49.809876221Z,lightOnAction,2026-02-02 13:11:51.819459+00:00,2026-02-02 13:11:51.819577+00:00
f3775b4d2e94cfef26db28afb8da0318,2026-02-02T13:11:50.483551,0.03902812616388798,2026-02-02T13:11:49.809876221Z,gateDownAction,2026-02-02 13:11:51.819135+00:00,2026-02-02 13:11:51.819228+00:00
f3775b4d2e94cfef26db28afb8da0318,2026-02-02T13:11:50.483551,0.03902812616388798,2026-02-02T13:11:49.809876221Z,gateDownInvocation,2026-02-02 13:11:49.821935+00:00,2026-02-02 13:11:49.822193+00:00
f3775b4d2e94cfef26db28afb8da0318,2026-02-02T13:11:50.483551,0.03902812616388798,2026-02-02T13:11:49.809876221Z,bellOnAction,2026-02-02 13:11:51.824068+00:00,2026-02-02 13:11:51.824143+00:00
f3775b4d2e94cfef26db28afb8da0318,2026-02-02T13:11:50.483551,0.03902812616388798,2026-02-02T13:11:49.809876221Z,lightOnAction,2026-02-02 13:11:51.819501+00:00,2026-02-02 13:11:51.819585+00:00
f3775b4d2e94cfef26db28afb8da0318,2026-02-02T13:11:50.483551,0.03902812616388798,2026-02-02T13:11:49.809876221Z,gateDownInvocation,2026-02-02 13:11:49.817261+00:00,2026-02-02 13:11:49.817486+00:00
f3775b4d2e94cfef26db28afb8da0318,2026-02-02T13:11:50.483551,0.03902812616388798,2026-02-02T13:11:49.809876221Z,lightOnInvocation,2026-02-02 13:11:49.818945+00:00,2026-02-02 13:11:49.819109+00:00
d26caddbee3f9dd217cd0769c30cb590,2026-02-02T13:16:14.963797,0.08310697181817293,2026-02-02T13:16:14.30933077Z,gateDownInvocation,2026-02-02 13:16:14.313149+00:00,2026-02-02 13:16:14.313346+00:00
d26caddbee3f9dd217cd0769c30cb590,2026-02-02T13:16:14.963797,0.08310697181817293,2026-02-02T13:16:14.30933077Z,gateDownAction,2026-02-02 13:16:16.314520+00:00,2026-02-02 13:16:16.314553+00:00
d26caddbee3f9dd217cd0769c30cb590,2026-02-02T13:16:14.963797,0.08310697181817293,2026-02-02T13:16:14.30933077Z,gateDownInvocation,2026-02-02 13:16:14.313673+00:00,2026-02-02 13:16:14.313892+00:00
d26caddbee3f9dd217cd0769c30cb590,2026-02-02T13:16:14.963797,0.08310697181817293,2026-02-02T13:16:14.30933077Z,lightOnAction,2026-02-02 13:16:16.314750+00:00,2026-02-02 13:16:16.314786+00:00
d26caddbee3f9dd217cd0769c30cb590,2026-02-02T13:16:14.963797,0.08310697181817293,2026-02-02T13:16:14.30933077Z,bellOnInvocation,2026-02-02 13:16:14.316912+00:00,2026-02-02 13:16:14.316970+00:00
d26caddbee3f9dd217cd0769c30cb590,2026-02-02T13:16:14.963797,0.08310697181817293,2026-02-02T13:16:14.30933077Z,bellOnAction,2026-02-02 13:16:16.317339+00:00,2026-02-02 13:16:16.317363+00:00
d26caddbee3f9dd217cd0769c30cb590,2026-02-02T13:16:14.963797,0.08310697181817293,2026-02-02T13:16:14.30933077Z,lightOnInvocation,2026-02-02 13:16:14.313633+00:00,2026-02-02 13:16:14.313739+00:00
d26caddbee3f9dd217cd0769c30cb590,2026-02-02T13:16:14.963797,0.08310697181817293,2026-02-02T13:16:14.30933077Z,bellOnInvocation,2026-02-02 13:16:14.315866+00:00,2026-02-02 13:16:14.315935+00:00
d26caddbee3f9dd217cd0769c30cb590,2026-02-02T13:16:14.963797,0.08310697181817293,2026-02-02T13:16:14.30933077Z,lightOnInvocation,2026-02-02 13:16:14.313215+00:00,2026-02-02 13:16:14.313328+00:00
d26caddbee3f9dd217cd0769c30cb590,2026-02-02T13:16:14.963797,0.08310697181817293,2026-02-02T13:16:14.30933077Z,bellOnAction,2026-02-02 13:16:16.317139+00:00,2026-02-02 13:16:16.317182+00:00
d26caddbee3f9dd217cd0769c30cb590,2026-02-02T13:16:14.963797,0.08310697181817293,2026-02-02T13:16:14.30933077Z,lightOnAction,2026-02-02 13:16:16.313314+00:00,2026-02-02 13:16:16.313349+00:00
d26caddbee3f9dd217cd0769c30cb590,2026-02-02T13:16:14.963797,0.08310697181817293,2026-02-02T13:16:14.30933077Z,gateDownAction,2026-02-02 13:16:16.313767+00:00,2026-02-02 13:16:16.313795+00:00
ffcc0259f0fa91b57f89eefd5138cc6f,2026-02-02T13:11:24.547974,0.03486869822661877,2026-02-02T13:11:24.85078765Z,gateUpInvocation,2026-02-02 13:11:24.862528+00:00,2026-02-02 13:11:24.862662+00:00
ffcc0259f0fa91b57f89eefd5138cc6f,2026-02-02T13:11:24.547974,0.03486869822661877,2026-02-02T13:11:24.85078765Z,gateUpInvocation,2026-02-02 13:11:24.859336+00:00,2026-02-02 13:11:24.859475+00:00
ffcc0259f0fa91b57f89eefd5138cc6f,2026-02-02T13:11:24.547974,0.03486869822661877,2026-02-02T13:11:24.85078765Z,lightOffInvocation,2026-02-02 13:11:24.862508+00:00,2026-02-02 13:11:24.862652+00:00
ffcc0259f0fa91b57f89eefd5138cc6f,2026-02-02T13:11:24.547974,0.03486869822661877,2026-02-02T13:11:24.85078765Z,lightOffInvocation,2026-02-02 13:11:24.859362+00:00,2026-02-02 13:11:24.859517+00:00
ffcc0259f0fa91b57f89eefd5138cc6f,2026-02-02T13:11:24.547974,0.03486869822661877,2026-02-02T13:11:24.85078765Z,bellOffInvocation,2026-02-02 13:11:24.865364+00:00,2026-02-02 13:11:24.865487+00:00
ffcc0259f0fa91b57f89eefd5138cc6f,2026-02-02T13:11:24.547974,0.03486869822661877,2026-02-02T13:11:24.85078765Z,bellOffInvocation,2026-02-02 13:11:24.868154+00:00,2026-02-02 13:11:24.868326+00:00
35e7545fc2bef32ecbb1b9ebc46882a2,2026-02-02T13:16:45.374573,0.08817312782108784,2026-02-02T13:16:44.709387765Z,lightOnInvocation,2026-02-02 13:16:44.715681+00:00,2026-02-02 13:16:44.715910+00:00
35e7545fc2bef32ecbb1b9ebc46882a2,2026-02-02T13:16:45.374573,0.08817312782108784,2026-02-02T13:16:44.709387765Z,bellOnInvocation,2026-02-02 13:16:44.720252+00:00,2026-02-02 13:16:44.720427+00:00
35e7545fc2bef32ecbb1b9ebc46882a2,2026-02-02T13:16:45.374573,0.08817312782108784,2026-02-02T13:16:44.709387765Z,lightOnInvocation,2026-02-02 13:16:44.716328+00:00,2026-02-02 13:16:44.716543+00:00
35e7545fc2bef32ecbb1b9ebc46882a2,2026-02-02T13:16:45.374573,0.08817312782108784,2026-02-02T13:16:44.709387765Z,gateDownAction,2026-02-02 13:16:46.716847+00:00,2026-02-02 13:16:46.717007+00:00
35e7545fc2bef32ecbb1b9ebc46882a2,2026-02-02T13:16:45.374573,0.08817312782108784,2026-02-02T13:16:44.709387765Z,gateDownInvocation,2026-02-02 13:16:44.716164+00:00,2026-02-02 13:16:44.716483+00:00
35e7545fc2bef32ecbb1b9ebc46882a2,2026-02-02T13:16:45.374573,0.08817312782108784,2026-02-02T13:16:44.709387765Z,bellOnAction,2026-02-02 13:16:46.719678+00:00,2026-02-02 13:16:46.719728+00:00
35e7545fc2bef32ecbb1b9ebc46882a2,2026-02-02T13:16:45.374573,0.08817312782108784,2026-02-02T13:16:44.709387765Z,gateDownAction,2026-02-02 13:16:46.717514+00:00,2026-02-02 13:16:46.717619+00:00
35e7545fc2bef32ecbb1b9ebc46882a2,2026-02-02T13:16:45.374573,0.08817312782108784,2026-02-02T13:16:44.709387765Z,bellOnAction,2026-02-02 13:16:46.722068+00:00,2026-02-02 13:16:46.722127+00:00
35e7545fc2bef32ecbb1b9ebc46882a2,2026-02-02T13:16:45.374573,0.08817312782108784,2026-02-02T13:16:44.709387765Z,bellOnInvocation,2026-02-02 13:16:44.718858+00:00,2026-02-02 13:16:44.719026+00:00
35e7545fc2bef32ecbb1b9ebc46882a2,2026-02-02T13:16:45.374573,0.08817312782108784,2026-02-02T13:16:44.709387765Z,lightOnAction,2026-02-02 13:16:46.717110+00:00,2026-02-02 13:16:46.717228+00:00
35e7545fc2bef32ecbb1b9ebc46882a2,2026-02-02T13:16:45.374573,0.08817312782108784,2026-02-02T13:16:44.709387765Z,lightOnAction,2026-02-02 13:16:46.717984+00:00,2026-02-02 13:16:46.718112+00:00
35e7545fc2bef32ecbb1b9ebc46882a2,2026-02-02T13:16:45.374573,0.08817312782108784,2026-02-02T13:16:44.709387765Z,gateDownInvocation,2026-02-02 13:16:44.715560+00:00,2026-02-02 13:16:44.715774+00:00
e64c3b60df30a9bec0ec0e52236f7ae6,2026-02-02T13:14:09.107705,0.0621310940088153,2026-02-02T13:14:08.441869824Z,lightOnAction,2026-02-02 13:14:10.461407+00:00,2026-02-02 13:14:10.461461+00:00
e64c3b60df30a9bec0ec0e52236f7ae6,2026-02-02T13:14:09.107705,0.0621310940088153,2026-02-02T13:14:08.441869824Z,gateDownAction,2026-02-02 13:14:10.452706+00:00,2026-02-02 13:14:10.452755+00:00
e64c3b60df30a9bec0ec0e52236f7ae6,2026-02-02T13:14:09.107705,0.0621310940088153,2026-02-02T13:14:08.441869824Z,gateDownInvocation,2026-02-02 13:14:08.454610+00:00,2026-02-02 13:14:08.454739+00:00
e64c3b60df30a9bec0ec0e52236f7ae6,2026-02-02T13:14:09.107705,0.0621310940088153,2026-02-02T13:14:08.441869824Z,gateDownInvocation,2026-02-02 13:14:08.451883+00:00,2026-02-02 13:14:08.452034+00:00
e64c3b60df30a9bec0ec0e52236f7ae6,2026-02-02T13:14:09.107705,0.0621310940088153,2026-02-02T13:14:08.441869824Z,lightOnInvocation,2026-02-02 13:14:08.459632+00:00,2026-02-02 13:14:08.459711+00:00
e64c3b60df30a9bec0ec0e52236f7ae6,2026-02-02T13:14:09.107705,0.0621310940088153,2026-02-02T13:14:08.441869824Z,bellOnInvocation,2026-02-02 13:14:08.455223+00:00,2026-02-02 13:14:08.456686+00:00
e64c3b60df30a9bec0ec0e52236f7ae6,2026-02-02T13:14:09.107705,0.0621310940088153,2026-02-02T13:14:08.441869824Z,bellOnAction,2026-02-02 13:14:10.468172+00:00,2026-02-02 13:14:10.468221+00:00
e64c3b60df30a9bec0ec0e52236f7ae6,2026-02-02T13:14:09.107705,0.0621310940088153,2026-02-02T13:14:08.441869824Z,lightOnInvocation,2026-02-02 13:14:08.458608+00:00,2026-02-02 13:14:08.458667+00:00
e64c3b60df30a9bec0ec0e52236f7ae6,2026-02-02T13:14:09.107705,0.0621310940088153,2026-02-02T13:14:08.441869824Z,gateDownAction,2026-02-02 13:14:10.457709+00:00,2026-02-02 13:14:10.457755+00:00
e64c3b60df30a9bec0ec0e52236f7ae6,2026-02-02T13:14:09.107705,0.0621310940088153,2026-02-02T13:14:08.441869824Z,bellOnInvocation,2026-02-02 13:14:08.466792+00:00,2026-02-02 13:14:08.466972+00:00
e64c3b60df30a9bec0ec0e52236f7ae6,2026-02-02T13:14:09.107705,0.0621310940088153,2026-02-02T13:14:08.441869824Z,bellOnAction,2026-02-02 13:14:10.459077+00:00,2026-02-02 13:14:10.459118+00:00
e64c3b60df30a9bec0ec0e52236f7ae6,2026-02-02T13:14:09.107705,0.0621310940088153,2026-02-02T13:14:08.441869824Z,lightOnAction,2026-02-02 13:14:10.458396+00:00,2026-02-02 13:14:10.458436+00:00
7881ae0ad842f5f521983df1d5e2cf8f,2026-02-02T13:16:41.010995,0.08744614414263964,2026-02-02T13:16:40.347113054Z,bellOnAction,2026-02-02 13:16:42.358171+00:00,2026-02-02 13:16:42.358249+00:00
7881ae0ad842f5f521983df1d5e2cf8f,2026-02-02T13:16:41.010995,0.08744614414263964,2026-02-02T13:16:40.347113054Z,lightOnAction,2026-02-02 13:16:42.356213+00:00,2026-02-02 13:16:42.356299+00:00
7881ae0ad842f5f521983df1d5e2cf8f,2026-02-02T13:16:41.010995,0.08744614414263964,2026-02-02T13:16:40.347113054Z,gateDownAction,2026-02-02 13:16:42.355513+00:00,2026-02-02 13:16:42.355600+00:00
7881ae0ad842f5f521983df1d5e2cf8f,2026-02-02T13:16:41.010995,0.08744614414263964,2026-02-02T13:16:40.347113054Z,gateDownInvocation,2026-02-02 13:16:40.356559+00:00,2026-02-02 13:16:40.356792+00:00
7881ae0ad842f5f521983df1d5e2cf8f,2026-02-02T13:16:41.010995,0.08744614414263964,2026-02-02T13:16:40.347113054Z,gateDownInvocation,2026-02-02 13:16:40.354305+00:00,2026-02-02 13:16:40.354610+00:00
7881ae0ad842f5f521983df1d5e2cf8f,2026-02-02T13:16:41.010995,0.08744614414263964,2026-02-02T13:16:40.347113054Z,bellOnInvocation,2026-02-02 13:16:40.357163+00:00,2026-02-02 13:16:40.357324+00:00
7881ae0ad842f5f521983df1d5e2cf8f,2026-02-02T13:16:41.010995,0.08744614414263964,2026-02-02T13:16:40.347113054Z,bellOnInvocation,2026-02-02 13:16:40.358607+00:00,2026-02-02 13:16:40.358725+00:00
7881ae0ad842f5f521983df1d5e2cf8f,2026-02-02T13:16:41.010995,0.08744614414263964,2026-02-02T13:16:40.347113054Z,lightOnInvocation,2026-02-02 13:16:40.353945+00:00,2026-02-02 13:16:40.354151+00:00
7881ae0ad842f5f521983df1d5e2cf8f,2026-02-02T13:16:41.010995,0.08744614414263964,2026-02-02T13:16:40.347113054Z,gateDownAction,2026-02-02 13:16:42.358130+00:00,2026-02-02 13:16:42.358215+00:00
7881ae0ad842f5f521983df1d5e2cf8f,2026-02-02T13:16:41.010995,0.08744614414263964,2026-02-02T13:16:40.347113054Z,lightOnInvocation,2026-02-02 13:16:40.354733+00:00,2026-02-02 13:16:40.354981+00:00
7881ae0ad842f5f521983df1d5e2cf8f,2026-02-02T13:16:41.010995,0.08744614414263964,2026-02-02T13:16:40.347113054Z,bellOnAction,2026-02-02 13:16:42.359688+00:00,2026-02-02 13:16:42.359761+00:00
7881ae0ad842f5f521983df1d5e2cf8f,2026-02-02T13:16:41.010995,0.08744614414263964,2026-02-02T13:16:40.347113054Z,lightOnAction,2026-02-02 13:16:42.355536+00:00,2026-02-02 13:16:42.355625+00:00
2076646ef03c22d0cb144ead5418f39e,2026-02-02T13:16:32.261256,0.08615711840932369,2026-02-02T13:16:32.612232251Z,lightOffInvocation,2026-02-02 13:16:32.617735+00:00,2026-02-02 13:16:32.617816+00:00
2076646ef03c22d0cb144ead5418f39e,2026-02-02T13:16:32.261256,0.08615711840932369,2026-02-02T13:16:32.612232251Z,bellOffInvocation,2026-02-02 13:16:32.620856+00:00,2026-02-02 13:16:32.620913+00:00
2076646ef03c22d0cb144ead5418f39e,2026-02-02T13:16:32.261256,0.08615711840932369,2026-02-02T13:16:32.612232251Z,gateUpInvocation,2026-02-02 13:16:32.617576+00:00,2026-02-02 13:16:32.617655+00:00
2076646ef03c22d0cb144ead5418f39e,2026-02-02T13:16:32.261256,0.08615711840932369,2026-02-02T13:16:32.612232251Z,lightOffInvocation,2026-02-02 13:16:32.617518+00:00,2026-02-02 13:16:32.617591+00:00
2076646ef03c22d0cb144ead5418f39e,2026-02-02T13:16:32.261256,0.08615711840932369,2026-02-02T13:16:32.612232251Z,gateUpInvocation,2026-02-02 13:16:32.617490+00:00,2026-02-02 13:16:32.617595+00:00
2076646ef03c22d0cb144ead5418f39e,2026-02-02T13:16:32.261256,0.08615711840932369,2026-02-02T13:16:32.612232251Z,bellOffInvocation,2026-02-02 13:16:32.621622+00:00,2026-02-02 13:16:32.621669+00:00
6d8a45b1eee0b9e74913b2b3d88b5249,2026-02-02T13:13:34.423248,0.05651336322822571,2026-02-02T13:13:34.731777682Z,lightOffInvocation,2026-02-02 13:13:34.739088+00:00,2026-02-02 13:13:34.739184+00:00
6d8a45b1eee0b9e74913b2b3d88b5249,2026-02-02T13:13:34.423248,0.05651336322822571,2026-02-02T13:13:34.731777682Z,bellOffInvocation,2026-02-02 13:13:34.744249+00:00,2026-02-02 13:13:34.744367+00:00
6d8a45b1eee0b9e74913b2b3d88b5249,2026-02-02T13:13:34.423248,0.05651336322822571,2026-02-02T13:13:34.731777682Z,gateUpInvocation,2026-02-02 13:13:34.742298+00:00,2026-02-02 13:13:34.742431+00:00
6d8a45b1eee0b9e74913b2b3d88b5249,2026-02-02T13:13:34.423248,0.05651336322822571,2026-02-02T13:13:34.731777682Z,gateUpInvocation,2026-02-02 13:13:34.739466+00:00,2026-02-02 13:13:34.739560+00:00
6d8a45b1eee0b9e74913b2b3d88b5249,2026-02-02T13:13:34.423248,0.05651336322822571,2026-02-02T13:13:34.731777682Z,bellOffInvocation,2026-02-02 13:13:34.741801+00:00,2026-02-02 13:13:34.741968+00:00
6d8a45b1eee0b9e74913b2b3d88b5249,2026-02-02T13:13:34.423248,0.05651336322822571,2026-02-02T13:13:34.731777682Z,lightOffInvocation,2026-02-02 13:13:34.742367+00:00,2026-02-02 13:13:34.742510+00:00
0826667e2c576ecdd9233f1c29e27a46,2026-02-02T13:14:35.115165,0.06646027302455902,2026-02-02T13:14:34.419483041Z,lightOnAction,2026-02-02 13:14:36.434192+00:00,2026-02-02 13:14:36.434226+00:00
0826667e2c576ecdd9233f1c29e27a46,2026-02-02T13:14:35.115165,0.06646027302455902,2026-02-02T13:14:34.419483041Z,bellOnInvocation,2026-02-02 13:14:34.436100+00:00,2026-02-02 13:14:34.436188+00:00
0826667e2c576ecdd9233f1c29e27a46,2026-02-02T13:14:35.115165,0.06646027302455902,2026-02-02T13:14:34.419483041Z,bellOnAction,2026-02-02 13:14:36.436491+00:00,2026-02-02 13:14:36.436520+00:00
0826667e2c576ecdd9233f1c29e27a46,2026-02-02T13:14:35.115165,0.06646027302455902,2026-02-02T13:14:34.419483041Z,gateDownInvocation,2026-02-02 13:14:34.433261+00:00,2026-02-02 13:14:34.433780+00:00
0826667e2c576ecdd9233f1c29e27a46,2026-02-02T13:14:35.115165,0.06646027302455902,2026-02-02T13:14:34.419483041Z,gateDownAction,2026-02-02 13:14:36.434740+00:00,2026-02-02 13:14:36.434773+00:00
0826667e2c576ecdd9233f1c29e27a46,2026-02-02T13:14:35.115165,0.06646027302455902,2026-02-02T13:14:34.419483041Z,gateDownInvocation,2026-02-02 13:14:34.434739+00:00,2026-02-02 13:14:34.434876+00:00
0826667e2c576ecdd9233f1c29e27a46,2026-02-02T13:14:35.115165,0.06646027302455902,2026-02-02T13:14:34.419483041Z,lightOnAction,2026-02-02 13:14:36.435706+00:00,2026-02-02 13:14:36.435741+00:00
0826667e2c576ecdd9233f1c29e27a46,2026-02-02T13:14:35.115165,0.06646027302455902,2026-02-02T13:14:34.419483041Z,lightOnInvocation,2026-02-02 13:14:34.431790+00:00,2026-02-02 13:14:34.432115+00:00
0826667e2c576ecdd9233f1c29e27a46,2026-02-02T13:14:35.115165,0.06646027302455902,2026-02-02T13:14:34.419483041Z,bellOnInvocation,2026-02-02 13:14:34.436549+00:00,2026-02-02 13:14:34.436644+00:00
0826667e2c576ecdd9233f1c29e27a46,2026-02-02T13:14:35.115165,0.06646027302455902,2026-02-02T13:14:34.419483041Z,bellOnAction,2026-02-02 13:14:36.436968+00:00,2026-02-02 13:14:36.437001+00:00
0826667e2c576ecdd9233f1c29e27a46,2026-02-02T13:14:35.115165,0.06646027302455902,2026-02-02T13:14:34.419483041Z,gateDownAction,2026-02-02 13:14:36.436813+00:00,2026-02-02 13:14:36.436850+00:00
0826667e2c576ecdd9233f1c29e27a46,2026-02-02T13:14:35.115165,0.06646027302455902,2026-02-02T13:14:34.419483041Z,lightOnInvocation,2026-02-02 13:14:34.433305+00:00,2026-02-02 13:14:34.433646+00:00
8bd78e58333763d042f08932e381dff5,2026-02-02T13:11:20.238327,0.034151187441182146,2026-02-02T13:11:20.545292143Z,bellOffInvocation,2026-02-02 13:11:20.558158+00:00,2026-02-02 13:11:20.558235+00:00
8bd78e58333763d042f08932e381dff5,2026-02-02T13:11:20.238327,0.034151187441182146,2026-02-02T13:11:20.545292143Z,bellOffInvocation,2026-02-02 13:11:20.559017+00:00,2026-02-02 13:11:20.559131+00:00
8bd78e58333763d042f08932e381dff5,2026-02-02T13:11:20.238327,0.034151187441182146,2026-02-02T13:11:20.545292143Z,lightOffInvocation,2026-02-02 13:11:20.555182+00:00,2026-02-02 13:11:20.555304+00:00
8bd78e58333763d042f08932e381dff5,2026-02-02T13:11:20.238327,0.034151187441182146,2026-02-02T13:11:20.545292143Z,gateUpInvocation,2026-02-02 13:11:20.554872+00:00,2026-02-02 13:11:20.555005+00:00
8bd78e58333763d042f08932e381dff5,2026-02-02T13:11:20.238327,0.034151187441182146,2026-02-02T13:11:20.545292143Z,lightOffInvocation,2026-02-02 13:11:20.555582+00:00,2026-02-02 13:11:20.555718+00:00
8bd78e58333763d042f08932e381dff5,2026-02-02T13:11:20.238327,0.034151187441182146,2026-02-02T13:11:20.545292143Z,gateUpInvocation,2026-02-02 13:11:20.554369+00:00,2026-02-02 13:11:20.554530+00:00
88a5e303eff41b106dd6f9c82bde1a33,2026-02-02T13:14:00.422351,0.0608527738282323,2026-02-02T13:14:00.770735849Z,bellOffInvocation,2026-02-02 13:14:00.776882+00:00,2026-02-02 13:14:00.776924+00:00
88a5e303eff41b106dd6f9c82bde1a33,2026-02-02T13:14:00.422351,0.0608527738282323,2026-02-02T13:14:00.770735849Z,gateUpInvocation,2026-02-02 13:14:00.773878+00:00,2026-02-02 13:14:00.773938+00:00
88a5e303eff41b106dd6f9c82bde1a33,2026-02-02T13:14:00.422351,0.0608527738282323,2026-02-02T13:14:00.770735849Z,gateUpInvocation,2026-02-02 13:14:00.774861+00:00,2026-02-02 13:14:00.774926+00:00
88a5e303eff41b106dd6f9c82bde1a33,2026-02-02T13:14:00.422351,0.0608527738282323,2026-02-02T13:14:00.770735849Z,lightOffInvocation,2026-02-02 13:14:00.774835+00:00,2026-02-02 13:14:00.774889+00:00
88a5e303eff41b106dd6f9c82bde1a33,2026-02-02T13:14:00.422351,0.0608527738282323,2026-02-02T13:14:00.770735849Z,bellOffInvocation,2026-02-02 13:14:00.776200+00:00,2026-02-02 13:14:00.776256+00:00
88a5e303eff41b106dd6f9c82bde1a33,2026-02-02T13:14:00.422351,0.0608527738282323,2026-02-02T13:14:00.770735849Z,lightOffInvocation,2026-02-02 13:14:00.773656+00:00,2026-02-02 13:14:00.773714+00:00
96f53219a36f7400e50af909bc4d0874,2026-02-02T13:08:19.191666,0.003979080586540698,2026-02-02T13:08:19.494532419Z,bellOffInvocation,2026-02-02 13:08:19.512320+00:00,2026-02-02 13:08:19.512399+00:00
96f53219a36f7400e50af909bc4d0874,2026-02-02T13:08:19.191666,0.003979080586540698,2026-02-02T13:08:19.494532419Z,lightOffInvocation,2026-02-02 13:08:19.510333+00:00,2026-02-02 13:08:19.510418+00:00
96f53219a36f7400e50af909bc4d0874,2026-02-02T13:08:19.191666,0.003979080586540698,2026-02-02T13:08:19.494532419Z,bellOffInvocation,2026-02-02 13:08:19.516584+00:00,2026-02-02 13:08:19.516695+00:00
96f53219a36f7400e50af909bc4d0874,2026-02-02T13:08:19.191666,0.003979080586540698,2026-02-02T13:08:19.494532419Z,lightOffInvocation,2026-02-02 13:08:19.513007+00:00,2026-02-02 13:08:19.513089+00:00
96f53219a36f7400e50af909bc4d0874,2026-02-02T13:08:19.191666,0.003979080586540698,2026-02-02T13:08:19.494532419Z,gateUpInvocation,2026-02-02 13:08:19.509304+00:00,2026-02-02 13:08:19.509418+00:00
96f53219a36f7400e50af909bc4d0874,2026-02-02T13:08:19.191666,0.003979080586540698,2026-02-02T13:08:19.494532419Z,gateUpInvocation,2026-02-02 13:08:19.510524+00:00,2026-02-02 13:08:19.510603+00:00
734eac33e0ca84f3292b299fae68bad6,2026-02-02T13:15:05.423852,0.07151596949810982,2026-02-02T13:15:04.75646162Z,bellOnInvocation,2026-02-02 13:15:04.765902+00:00,2026-02-02 13:15:04.765984+00:00
734eac33e0ca84f3292b299fae68bad6,2026-02-02T13:15:05.423852,0.07151596949810982,2026-02-02T13:15:04.75646162Z,lightOnInvocation,2026-02-02 13:15:04.764741+00:00,2026-02-02 13:15:04.764843+00:00
734eac33e0ca84f3292b299fae68bad6,2026-02-02T13:15:05.423852,0.07151596949810982,2026-02-02T13:15:04.75646162Z,lightOnAction,2026-02-02 13:15:06.765718+00:00,2026-02-02 13:15:06.765804+00:00
734eac33e0ca84f3292b299fae68bad6,2026-02-02T13:15:05.423852,0.07151596949810982,2026-02-02T13:15:04.75646162Z,gateDownAction,2026-02-02 13:15:06.763460+00:00,2026-02-02 13:15:06.763572+00:00
734eac33e0ca84f3292b299fae68bad6,2026-02-02T13:15:05.423852,0.07151596949810982,2026-02-02T13:15:04.75646162Z,gateDownInvocation,2026-02-02 13:15:04.762359+00:00,2026-02-02 13:15:04.762530+00:00
734eac33e0ca84f3292b299fae68bad6,2026-02-02T13:15:05.423852,0.07151596949810982,2026-02-02T13:15:04.75646162Z,gateDownInvocation,2026-02-02 13:15:04.763936+00:00,2026-02-02 13:15:04.764092+00:00
734eac33e0ca84f3292b299fae68bad6,2026-02-02T13:15:05.423852,0.07151596949810982,2026-02-02T13:15:04.75646162Z,gateDownAction,2026-02-02 13:15:06.765302+00:00,2026-02-02 13:15:06.765386+00:00
734eac33e0ca84f3292b299fae68bad6,2026-02-02T13:15:05.423852,0.07151596949810982,2026-02-02T13:15:04.75646162Z,bellOnInvocation,2026-02-02 13:15:04.765172+00:00,2026-02-02 13:15:04.765266+00:00
734eac33e0ca84f3292b299fae68bad6,2026-02-02T13:15:05.423852,0.07151596949810982,2026-02-02T13:15:04.75646162Z,lightOnAction,2026-02-02 13:15:06.764268+00:00,2026-02-02 13:15:06.764352+00:00
734eac33e0ca84f3292b299fae68bad6,2026-02-02T13:15:05.423852,0.07151596949810982,2026-02-02T13:15:04.75646162Z,lightOnInvocation,2026-02-02 13:15:04.762475+00:00,2026-02-02 13:15:04.762628+00:00
734eac33e0ca84f3292b299fae68bad6,2026-02-02T13:15:05.423852,0.07151596949810982,2026-02-02T13:15:04.75646162Z,bellOnAction,2026-02-02 13:15:06.765666+00:00,2026-02-02 13:15:06.765722+00:00
734eac33e0ca84f3292b299fae68bad6,2026-02-02T13:15:05.423852,0.07151596949810982,2026-02-02T13:15:04.75646162Z,bellOnAction,2026-02-02 13:15:06.767184+00:00,2026-02-02 13:15:06.767272+00:00
2895bed629a8745bc12af801c52c4777,2026-02-02T13:17:37.551789,0.09687446739065647,2026-02-02T13:17:36.922509096Z,gateDownAction,2026-02-02 13:17:38.928160+00:00,2026-02-02 13:17:38.928238+00:00
2895bed629a8745bc12af801c52c4777,2026-02-02T13:17:37.551789,0.09687446739065647,2026-02-02T13:17:36.922509096Z,lightOnAction,2026-02-02 13:17:38.928078+00:00,2026-02-02 13:17:38.928178+00:00
2895bed629a8745bc12af801c52c4777,2026-02-02T13:17:37.551789,0.09687446739065647,2026-02-02T13:17:36.922509096Z,lightOnInvocation,2026-02-02 13:17:36.927177+00:00,2026-02-02 13:17:36.927243+00:00
2895bed629a8745bc12af801c52c4777,2026-02-02T13:17:37.551789,0.09687446739065647,2026-02-02T13:17:36.922509096Z,lightOnAction,2026-02-02 13:17:38.928078+00:00,2026-02-02 13:17:38.928178+00:00
2895bed629a8745bc12af801c52c4777,2026-02-02T13:17:37.551789,0.09687446739065647,2026-02-02T13:17:36.922509096Z,bellOnAction,2026-02-02 13:17:38.927812+00:00,2026-02-02 13:17:38.927882+00:00
2895bed629a8745bc12af801c52c4777,2026-02-02T13:17:37.551789,0.09687446739065647,2026-02-02T13:17:36.922509096Z,gateDownInvocation,2026-02-02 13:17:36.928050+00:00,2026-02-02 13:17:36.928135+00:00
2895bed629a8745bc12af801c52c4777,2026-02-02T13:17:37.551789,0.09687446739065647,2026-02-02T13:17:36.922509096Z,gateDownInvocation,2026-02-02 13:17:36.926840+00:00,2026-02-02 13:17:36.927009+00:00
2895bed629a8745bc12af801c52c4777,2026-02-02T13:17:37.551789,0.09687446739065647,2026-02-02T13:17:36.922509096Z,bellOnAction,2026-02-02 13:17:38.929587+00:00,2026-02-02 13:17:38.929650+00:00
2895bed629a8745bc12af801c52c4777,2026-02-02T13:17:37.551789,0.09687446739065647,2026-02-02T13:17:36.922509096Z,gateDownAction,2026-02-02 13:17:38.928167+00:00,2026-02-02 13:17:38.928222+00:00
2895bed629a8745bc12af801c52c4777,2026-02-02T13:17:37.551789,0.09687446739065647,2026-02-02T13:17:36.922509096Z,lightOnInvocation,2026-02-02 13:17:36.926901+00:00,2026-02-02 13:17:36.926994+00:00
2895bed629a8745bc12af801c52c4777,2026-02-02T13:17:37.551789,0.09687446739065647,2026-02-02T13:17:36.922509096Z,bellOnInvocation,2026-02-02 13:17:36.928758+00:00,2026-02-02 13:17:36.928881+00:00
2895bed629a8745bc12af801c52c4777,2026-02-02T13:17:37.551789,0.09687446739065647,2026-02-02T13:17:36.922509096Z,bellOnInvocation,2026-02-02 13:17:36.927191+00:00,2026-02-02 13:17:36.927270+00:00
7f5c7a8f3997b1a1caf450b8bd1ce043,2026-02-02T13:16:32.261256,0.08598286290202141,2026-02-02T13:16:31.566507392Z,gateDownInvocation,2026-02-02 13:16:31.571177+00:00,2026-02-02 13:16:31.571350+00:00
7f5c7a8f3997b1a1caf450b8bd1ce043,2026-02-02T13:16:32.261256,0.08598286290202141,2026-02-02T13:16:31.566507392Z,bellOnAction,2026-02-02 13:16:33.575072+00:00,2026-02-02 13:16:33.575168+00:00
7f5c7a8f3997b1a1caf450b8bd1ce043,2026-02-02T13:16:32.261256,0.08598286290202141,2026-02-02T13:16:31.566507392Z,lightOnAction,2026-02-02 13:16:33.572321+00:00,2026-02-02 13:16:33.572431+00:00
7f5c7a8f3997b1a1caf450b8bd1ce043,2026-02-02T13:16:32.261256,0.08598286290202141,2026-02-02T13:16:31.566507392Z,bellOnInvocation,2026-02-02 13:16:31.572837+00:00,2026-02-02 13:16:31.572961+00:00
7f5c7a8f3997b1a1caf450b8bd1ce043,2026-02-02T13:16:32.261256,0.08598286290202141,2026-02-02T13:16:31.566507392Z,lightOnAction,2026-02-02 13:16:33.572321+00:00,2026-02-02 13:16:33.572434+00:00
7f5c7a8f3997b1a1caf450b8bd1ce043,2026-02-02T13:16:32.261256,0.08598286290202141,2026-02-02T13:16:31.566507392Z,gateDownAction,2026-02-02 13:16:33.572329+00:00,2026-02-02 13:16:33.572437+00:00
7f5c7a8f3997b1a1caf450b8bd1ce043,2026-02-02T13:16:32.261256,0.08598286290202141,2026-02-02T13:16:31.566507392Z,bellOnAction,2026-02-02 13:16:33.573555+00:00,2026-02-02 13:16:33.573623+00:00
7f5c7a8f3997b1a1caf450b8bd1ce043,2026-02-02T13:16:32.261256,0.08598286290202141,2026-02-02T13:16:31.566507392Z,gateDownInvocation,2026-02-02 13:16:31.570798+00:00,2026-02-02 13:16:31.571030+00:00
7f5c7a8f3997b1a1caf450b8bd1ce043,2026-02-02T13:16:32.261256,0.08598286290202141,2026-02-02T13:16:31.566507392Z,lightOnInvocation,2026-02-02 13:16:31.570980+00:00,2026-02-02 13:16:31.571123+00:00
7f5c7a8f3997b1a1caf450b8bd1ce043,2026-02-02T13:16:32.261256,0.08598286290202141,2026-02-02T13:16:31.566507392Z,bellOnInvocation,2026-02-02 13:16:31.573753+00:00,2026-02-02 13:16:31.573822+00:00
7f5c7a8f3997b1a1caf450b8bd1ce043,2026-02-02T13:16:32.261256,0.08598286290202141,2026-02-02T13:16:31.566507392Z,gateDownAction,2026-02-02 13:16:33.572020+00:00,2026-02-02 13:16:33.572106+00:00
7f5c7a8f3997b1a1caf450b8bd1ce043,2026-02-02T13:16:32.261256,0.08598286290202141,2026-02-02T13:16:31.566507392Z,lightOnInvocation,2026-02-02 13:16:31.571273+00:00,2026-02-02 13:16:31.571407+00:00
b1e50dba7d94857bb11b30200221d097,2026-02-02T13:08:40.711473,0.0075655174357175834,2026-02-02T13:08:41.015229495Z,bellOffInvocation,2026-02-02 13:08:41.021399+00:00,2026-02-02 13:08:41.021439+00:00
b1e50dba7d94857bb11b30200221d097,2026-02-02T13:08:40.711473,0.0075655174357175834,2026-02-02T13:08:41.015229495Z,gateUpInvocation,2026-02-02 13:08:41.019485+00:00,2026-02-02 13:08:41.019526+00:00
b1e50dba7d94857bb11b30200221d097,2026-02-02T13:08:40.711473,0.0075655174357175834,2026-02-02T13:08:41.015229495Z,bellOffInvocation,2026-02-02 13:08:41.022617+00:00,2026-02-02 13:08:41.022641+00:00
b1e50dba7d94857bb11b30200221d097,2026-02-02T13:08:40.711473,0.0075655174357175834,2026-02-02T13:08:41.015229495Z,lightOffInvocation,2026-02-02 13:08:41.019560+00:00,2026-02-02 13:08:41.019624+00:00
b1e50dba7d94857bb11b30200221d097,2026-02-02T13:08:40.711473,0.0075655174357175834,2026-02-02T13:08:41.015229495Z,gateUpInvocation,2026-02-02 13:08:41.019482+00:00,2026-02-02 13:08:41.019526+00:00
b1e50dba7d94857bb11b30200221d097,2026-02-02T13:08:40.711473,0.0075655174357175834,2026-02-02T13:08:41.015229495Z,lightOffInvocation,2026-02-02 13:08:41.019480+00:00,2026-02-02 13:08:41.019526+00:00
a7f38203a73d1448146d0b2b31fd035a,2026-02-02T13:14:04.759948,0.06157133251746894,2026-02-02T13:14:05.082690564Z,gateUpInvocation,2026-02-02 13:14:05.094532+00:00,2026-02-02 13:14:05.094667+00:00
a7f38203a73d1448146d0b2b31fd035a,2026-02-02T13:14:04.759948,0.06157133251746894,2026-02-02T13:14:05.082690564Z,gateUpInvocation,2026-02-02 13:14:05.091677+00:00,2026-02-02 13:14:05.091812+00:00
a7f38203a73d1448146d0b2b31fd035a,2026-02-02T13:14:04.759948,0.06157133251746894,2026-02-02T13:14:05.082690564Z,lightOffInvocation,2026-02-02 13:14:05.091688+00:00,2026-02-02 13:14:05.091843+00:00
a7f38203a73d1448146d0b2b31fd035a,2026-02-02T13:14:04.759948,0.06157133251746894,2026-02-02T13:14:05.082690564Z,bellOffInvocation,2026-02-02 13:14:05.094592+00:00,2026-02-02 13:14:05.094925+00:00
a7f38203a73d1448146d0b2b31fd035a,2026-02-02T13:14:04.759948,0.06157133251746894,2026-02-02T13:14:05.082690564Z,lightOffInvocation,2026-02-02 13:14:05.094525+00:00,2026-02-02 13:14:05.094664+00:00
a7f38203a73d1448146d0b2b31fd035a,2026-02-02T13:14:04.759948,0.06157133251746894,2026-02-02T13:14:05.082690564Z,bellOffInvocation,2026-02-02 13:14:05.096755+00:00,2026-02-02 13:14:05.096879+00:00
b16fe953e169389c01894d0461d1fbaf,2026-02-02T13:10:06.906364,0.021932100611925128,2026-02-02T13:10:07.223357176Z,bellOffInvocation,2026-02-02 13:10:07.233236+00:00,2026-02-02 13:10:07.233280+00:00
b16fe953e169389c01894d0461d1fbaf,2026-02-02T13:10:06.906364,0.021932100611925128,2026-02-02T13:10:07.223357176Z,lightOffInvocation,2026-02-02 13:10:07.227611+00:00,2026-02-02 13:10:07.227653+00:00
b16fe953e169389c01894d0461d1fbaf,2026-02-02T13:10:06.906364,0.021932100611925128,2026-02-02T13:10:07.223357176Z,lightOffInvocation,2026-02-02 13:10:07.227782+00:00,2026-02-02 13:10:07.227838+00:00
b16fe953e169389c01894d0461d1fbaf,2026-02-02T13:10:06.906364,0.021932100611925128,2026-02-02T13:10:07.223357176Z,gateUpInvocation,2026-02-02 13:10:07.227456+00:00,2026-02-02 13:10:07.227515+00:00
b16fe953e169389c01894d0461d1fbaf,2026-02-02T13:10:06.906364,0.021932100611925128,2026-02-02T13:10:07.223357176Z,gateUpInvocation,2026-02-02 13:10:07.227476+00:00,2026-02-02 13:10:07.227540+00:00
b16fe953e169389c01894d0461d1fbaf,2026-02-02T13:10:06.906364,0.021932100611925128,2026-02-02T13:10:07.223357176Z,bellOffInvocation,2026-02-02 13:10:07.229077+00:00,2026-02-02 13:10:07.229121+00:00
6fbba125814ecd1f33ea49cf217eacb8,2026-02-02T13:17:28.801892,0.0955757184895873,2026-02-02T13:17:29.129237022Z,gateUpInvocation,2026-02-02 13:17:29.132554+00:00,2026-02-02 13:17:29.132597+00:00
6fbba125814ecd1f33ea49cf217eacb8,2026-02-02T13:17:28.801892,0.0955757184895873,2026-02-02T13:17:29.129237022Z,bellOffInvocation,2026-02-02 13:17:29.133769+00:00,2026-02-02 13:17:29.133813+00:00
6fbba125814ecd1f33ea49cf217eacb8,2026-02-02T13:17:28.801892,0.0955757184895873,2026-02-02T13:17:29.129237022Z,bellOffInvocation,2026-02-02 13:17:29.134432+00:00,2026-02-02 13:17:29.134468+00:00
6fbba125814ecd1f33ea49cf217eacb8,2026-02-02T13:17:28.801892,0.0955757184895873,2026-02-02T13:17:29.129237022Z,lightOffInvocation,2026-02-02 13:17:29.132337+00:00,2026-02-02 13:17:29.132389+00:00
6fbba125814ecd1f33ea49cf217eacb8,2026-02-02T13:17:28.801892,0.0955757184895873,2026-02-02T13:17:29.129237022Z,lightOffInvocation,2026-02-02 13:17:29.131817+00:00,2026-02-02 13:17:29.131867+00:00
6fbba125814ecd1f33ea49cf217eacb8,2026-02-02T13:17:28.801892,0.0955757184895873,2026-02-02T13:17:29.129237022Z,gateUpInvocation,2026-02-02 13:17:29.131812+00:00,2026-02-02 13:17:29.131855+00:00
075fd8e2d6ba5acbdfd9bde72a7ac61c,2026-02-02T13:16:23.621416,0.08455473022387029,2026-02-02T13:16:22.996845822Z,bellOnAction,2026-02-02 13:16:25.009138+00:00,2026-02-02 13:16:25.009208+00:00
075fd8e2d6ba5acbdfd9bde72a7ac61c,2026-02-02T13:16:23.621416,0.08455473022387029,2026-02-02T13:16:22.996845822Z,gateDownInvocation,2026-02-02 13:16:23.006214+00:00,2026-02-02 13:16:23.006378+00:00
075fd8e2d6ba5acbdfd9bde72a7ac61c,2026-02-02T13:16:23.621416,0.08455473022387029,2026-02-02T13:16:22.996845822Z,gateDownAction,2026-02-02 13:16:25.003463+00:00,2026-02-02 13:16:25.003585+00:00
075fd8e2d6ba5acbdfd9bde72a7ac61c,2026-02-02T13:16:23.621416,0.08455473022387029,2026-02-02T13:16:22.996845822Z,lightOnInvocation,2026-02-02 13:16:23.002759+00:00,2026-02-02 13:16:23.002942+00:00
075fd8e2d6ba5acbdfd9bde72a7ac61c,2026-02-02T13:16:23.621416,0.08455473022387029,2026-02-02T13:16:22.996845822Z,gateDownAction,2026-02-02 13:16:25.007250+00:00,2026-02-02 13:16:25.007334+00:00
075fd8e2d6ba5acbdfd9bde72a7ac61c,2026-02-02T13:16:23.621416,0.08455473022387029,2026-02-02T13:16:22.996845822Z,bellOnInvocation,2026-02-02 13:16:23.007576+00:00,2026-02-02 13:16:23.007663+00:00
075fd8e2d6ba5acbdfd9bde72a7ac61c,2026-02-02T13:16:23.621416,0.08455473022387029,2026-02-02T13:16:22.996845822Z,gateDownInvocation,2026-02-02 13:16:23.002947+00:00,2026-02-02 13:16:23.003136+00:00
075fd8e2d6ba5acbdfd9bde72a7ac61c,2026-02-02T13:16:23.621416,0.08455473022387029,2026-02-02T13:16:22.996845822Z,lightOnInvocation,2026-02-02 13:16:23.006503+00:00,2026-02-02 13:16:23.006601+00:00
075fd8e2d6ba5acbdfd9bde72a7ac61c,2026-02-02T13:16:23.621416,0.08455473022387029,2026-02-02T13:16:22.996845822Z,lightOnAction,2026-02-02 13:16:25.007582+00:00,2026-02-02 13:16:25.007659+00:00
075fd8e2d6ba5acbdfd9bde72a7ac61c,2026-02-02T13:16:23.621416,0.08455473022387029,2026-02-02T13:16:22.996845822Z,lightOnAction,2026-02-02 13:16:25.003524+00:00,2026-02-02 13:16:25.003625+00:00
075fd8e2d6ba5acbdfd9bde72a7ac61c,2026-02-02T13:16:23.621416,0.08455473022387029,2026-02-02T13:16:22.996845822Z,bellOnAction,2026-02-02 13:16:25.005963+00:00,2026-02-02 13:16:25.006077+00:00
075fd8e2d6ba5acbdfd9bde72a7ac61c,2026-02-02T13:16:23.621416,0.08455473022387029,2026-02-02T13:16:22.996845822Z,bellOnInvocation,2026-02-02 13:16:23.003389+00:00,2026-02-02 13:16:23.003543+00:00
048de527e8b4956d47a67da6f40585c4,2026-02-02T13:17:50.608560,0.09905519469254016,2026-02-02T13:17:50.008200201Z,bellOnInvocation,2026-02-02 13:17:50.010900+00:00,2026-02-02 13:17:50.010983+00:00
048de527e8b4956d47a67da6f40585c4,2026-02-02T13:17:50.608560,0.09905519469254016,2026-02-02T13:17:50.008200201Z,lightOnAction,2026-02-02 13:17:52.012225+00:00,2026-02-02 13:17:52.012316+00:00
048de527e8b4956d47a67da6f40585c4,2026-02-02T13:17:50.608560,0.09905519469254016,2026-02-02T13:17:50.008200201Z,gateDownInvocation,2026-02-02 13:17:50.011682+00:00,2026-02-02 13:17:50.011741+00:00
048de527e8b4956d47a67da6f40585c4,2026-02-02T13:17:50.608560,0.09905519469254016,2026-02-02T13:17:50.008200201Z,gateDownAction,2026-02-02 13:17:52.011749+00:00,2026-02-02 13:17:52.011831+00:00
048de527e8b4956d47a67da6f40585c4,2026-02-02T13:17:50.608560,0.09905519469254016,2026-02-02T13:17:50.008200201Z,gateDownInvocation,2026-02-02 13:17:50.010759+00:00,2026-02-02 13:17:50.010857+00:00
048de527e8b4956d47a67da6f40585c4,2026-02-02T13:17:50.608560,0.09905519469254016,2026-02-02T13:17:50.008200201Z,bellOnAction,2026-02-02 13:17:52.011477+00:00,2026-02-02 13:17:52.011569+00:00
048de527e8b4956d47a67da6f40585c4,2026-02-02T13:17:50.608560,0.09905519469254016,2026-02-02T13:17:50.008200201Z,lightOnInvocation,2026-02-02 13:17:50.010792+00:00,2026-02-02 13:17:50.010877+00:00
048de527e8b4956d47a67da6f40585c4,2026-02-02T13:17:50.608560,0.09905519469254016,2026-02-02T13:17:50.008200201Z,lightOnAction,2026-02-02 13:17:52.011693+00:00,2026-02-02 13:17:52.011779+00:00
048de527e8b4956d47a67da6f40585c4,2026-02-02T13:17:50.608560,0.09905519469254016,2026-02-02T13:17:50.008200201Z,bellOnAction,2026-02-02 13:17:52.012281+00:00,2026-02-02 13:17:52.012337+00:00
048de527e8b4956d47a67da6f40585c4,2026-02-02T13:17:50.608560,0.09905519469254016,2026-02-02T13:17:50.008200201Z,lightOnInvocation,2026-02-02 13:17:50.011058+00:00,2026-02-02 13:17:50.011128+00:00
048de527e8b4956d47a67da6f40585c4,2026-02-02T13:17:50.608560,0.09905519469254016,2026-02-02T13:17:50.008200201Z,gateDownAction,2026-02-02 13:17:52.011868+00:00,2026-02-02 13:17:52.011947+00:00
048de527e8b4956d47a67da6f40585c4,2026-02-02T13:17:50.608560,0.09905519469254016,2026-02-02T13:17:50.008200201Z,bellOnInvocation,2026-02-02 13:17:50.012337+00:00,2026-02-02 13:17:50.012384+00:00
cc703a6fea2b27e4d55ad74b5ddecba7,2026-02-02T13:08:49.316294,0.00900034304611683,2026-02-02T13:08:49.625211979Z,gateUpInvocation,2026-02-02 13:08:49.638436+00:00,2026-02-02 13:08:49.638572+00:00
cc703a6fea2b27e4d55ad74b5ddecba7,2026-02-02T13:08:49.316294,0.00900034304611683,2026-02-02T13:08:49.625211979Z,lightOffInvocation,2026-02-02 13:08:49.637884+00:00,2026-02-02 13:08:49.638958+00:00
cc703a6fea2b27e4d55ad74b5ddecba7,2026-02-02T13:08:49.316294,0.00900034304611683,2026-02-02T13:08:49.625211979Z,bellOffInvocation,2026-02-02 13:08:49.642073+00:00,2026-02-02 13:08:49.642200+00:00
cc703a6fea2b27e4d55ad74b5ddecba7,2026-02-02T13:08:49.316294,0.00900034304611683,2026-02-02T13:08:49.625211979Z,lightOffInvocation,2026-02-02 13:08:49.642420+00:00,2026-02-02 13:08:49.642570+00:00
cc703a6fea2b27e4d55ad74b5ddecba7,2026-02-02T13:08:49.316294,0.00900034304611683,2026-02-02T13:08:49.625211979Z,bellOffInvocation,2026-02-02 13:08:49.648763+00:00,2026-02-02 13:08:49.648872+00:00
cc703a6fea2b27e4d55ad74b5ddecba7,2026-02-02T13:08:49.316294,0.00900034304611683,2026-02-02T13:08:49.625211979Z,gateUpInvocation,2026-02-02 13:08:49.639216+00:00,2026-02-02 13:08:49.639360+00:00
0addfc8673f1066913419fbdeaf2ff96,2026-02-02T13:15:44.576014,0.07821349871194364,2026-02-02T13:15:44.945674418Z,lightOffInvocation,2026-02-02 13:15:44.952402+00:00,2026-02-02 13:15:44.952559+00:00
0addfc8673f1066913419fbdeaf2ff96,2026-02-02T13:15:44.576014,0.07821349871194364,2026-02-02T13:15:44.945674418Z,gateUpInvocation,2026-02-02 13:15:44.952632+00:00,2026-02-02 13:15:44.952800+00:00
0addfc8673f1066913419fbdeaf2ff96,2026-02-02T13:15:44.576014,0.07821349871194364,2026-02-02T13:15:44.945674418Z,bellOffInvocation,2026-02-02 13:15:44.956284+00:00,2026-02-02 13:15:44.956366+00:00
0addfc8673f1066913419fbdeaf2ff96,2026-02-02T13:15:44.576014,0.07821349871194364,2026-02-02T13:15:44.945674418Z,gateUpInvocation,2026-02-02 13:15:44.952281+00:00,2026-02-02 13:15:44.952423+00:00
0addfc8673f1066913419fbdeaf2ff96,2026-02-02T13:15:44.576014,0.07821349871194364,2026-02-02T13:15:44.945674418Z,bellOffInvocation,2026-02-02 13:15:44.954987+00:00,2026-02-02 13:15:44.955090+00:00
0addfc8673f1066913419fbdeaf2ff96,2026-02-02T13:15:44.576014,0.07821349871194364,2026-02-02T13:15:44.945674418Z,lightOffInvocation,2026-02-02 13:15:44.952572+00:00,2026-02-02 13:15:44.952710+00:00
b63002b50add0753828db2521a910e3b,2026-02-02T13:13:56.062644,0.06012216507967711,2026-02-02T13:13:56.386713602Z,bellOffInvocation,2026-02-02 13:13:56.408649+00:00,2026-02-02 13:13:56.408996+00:00
b63002b50add0753828db2521a910e3b,2026-02-02T13:13:56.062644,0.06012216507967711,2026-02-02T13:13:56.386713602Z,lightOffInvocation,2026-02-02 13:13:56.398159+00:00,2026-02-02 13:13:56.398222+00:00
b63002b50add0753828db2521a910e3b,2026-02-02T13:13:56.062644,0.06012216507967711,2026-02-02T13:13:56.386713602Z,bellOffInvocation,2026-02-02 13:13:56.408090+00:00,2026-02-02 13:13:56.408301+00:00
b63002b50add0753828db2521a910e3b,2026-02-02T13:13:56.062644,0.06012216507967711,2026-02-02T13:13:56.386713602Z,lightOffInvocation,2026-02-02 13:13:56.403472+00:00,2026-02-02 13:13:56.403703+00:00
b63002b50add0753828db2521a910e3b,2026-02-02T13:13:56.062644,0.06012216507967711,2026-02-02T13:13:56.386713602Z,gateUpInvocation,2026-02-02 13:13:56.398146+00:00,2026-02-02 13:13:56.398209+00:00
b63002b50add0753828db2521a910e3b,2026-02-02T13:13:56.062644,0.06012216507967711,2026-02-02T13:13:56.386713602Z,gateUpInvocation,2026-02-02 13:13:56.402706+00:00,2026-02-02 13:13:56.402960+00:00
cff9e2e544485c2b27c762d6320865dc,2026-02-02T13:12:59.757136,0.0505762130209446,2026-02-02T13:12:59.105351685Z,lightOnInvocation,2026-02-02 13:12:59.113403+00:00,2026-02-02 13:12:59.113460+00:00
cff9e2e544485c2b27c762d6320865dc,2026-02-02T13:12:59.757136,0.0505762130209446,2026-02-02T13:12:59.105351685Z,bellOnInvocation,2026-02-02 13:12:59.113666+00:00,2026-02-02 13:12:59.113704+00:00
cff9e2e544485c2b27c762d6320865dc,2026-02-02T13:12:59.757136,0.0505762130209446,2026-02-02T13:12:59.105351685Z,lightOnInvocation,2026-02-02 13:12:59.112355+00:00,2026-02-02 13:12:59.112517+00:00
cff9e2e544485c2b27c762d6320865dc,2026-02-02T13:12:59.757136,0.0505762130209446,2026-02-02T13:12:59.105351685Z,bellOnAction,2026-02-02 13:13:01.114271+00:00,2026-02-02 13:13:01.114376+00:00
cff9e2e544485c2b27c762d6320865dc,2026-02-02T13:12:59.757136,0.0505762130209446,2026-02-02T13:12:59.105351685Z,bellOnInvocation,2026-02-02 13:12:59.114068+00:00,2026-02-02 13:12:59.114114+00:00
cff9e2e544485c2b27c762d6320865dc,2026-02-02T13:12:59.757136,0.0505762130209446,2026-02-02T13:12:59.105351685Z,gateDownAction,2026-02-02 13:13:01.114236+00:00,2026-02-02 13:13:01.114326+00:00
cff9e2e544485c2b27c762d6320865dc,2026-02-02T13:12:59.757136,0.0505762130209446,2026-02-02T13:12:59.105351685Z,lightOnAction,2026-02-02 13:13:01.113733+00:00,2026-02-02 13:13:01.113856+00:00
cff9e2e544485c2b27c762d6320865dc,2026-02-02T13:12:59.757136,0.0505762130209446,2026-02-02T13:12:59.105351685Z,bellOnAction,2026-02-02 13:13:01.114305+00:00,2026-02-02 13:13:01.114404+00:00
cff9e2e544485c2b27c762d6320865dc,2026-02-02T13:12:59.757136,0.0505762130209446,2026-02-02T13:12:59.105351685Z,gateDownInvocation,2026-02-02 13:12:59.113369+00:00,2026-02-02 13:12:59.113458+00:00
cff9e2e544485c2b27c762d6320865dc,2026-02-02T13:12:59.757136,0.0505762130209446,2026-02-02T13:12:59.105351685Z,lightOnAction,2026-02-02 13:13:01.113644+00:00,2026-02-02 13:13:01.113768+00:00
cff9e2e544485c2b27c762d6320865dc,2026-02-02T13:12:59.757136,0.0505762130209446,2026-02-02T13:12:59.105351685Z,gateDownInvocation,2026-02-02 13:12:59.112201+00:00,2026-02-02 13:12:59.112522+00:00
cff9e2e544485c2b27c762d6320865dc,2026-02-02T13:12:59.757136,0.0505762130209446,2026-02-02T13:12:59.105351685Z,gateDownAction,2026-02-02 13:13:01.113796+00:00,2026-02-02 13:13:01.113887+00:00
b98d25a0dfaa7b56d58c46fdfb96cd21,2026-02-02T13:14:39.445687,0.06718308864915372,2026-02-02T13:14:38.756428577Z,bellOnInvocation,2026-02-02 13:14:38.760870+00:00,2026-02-02 13:14:38.760951+00:00
b98d25a0dfaa7b56d58c46fdfb96cd21,2026-02-02T13:14:39.445687,0.06718308864915372,2026-02-02T13:14:38.756428577Z,bellOnAction,2026-02-02 13:14:40.760884+00:00,2026-02-02 13:14:40.760896+00:00
b98d25a0dfaa7b56d58c46fdfb96cd21,2026-02-02T13:14:39.445687,0.06718308864915372,2026-02-02T13:14:38.756428577Z,lightOnInvocation,2026-02-02 13:14:38.759277+00:00,2026-02-02 13:14:38.759335+00:00
b98d25a0dfaa7b56d58c46fdfb96cd21,2026-02-02T13:14:39.445687,0.06718308864915372,2026-02-02T13:14:38.756428577Z,gateDownAction,2026-02-02 13:14:40.761188+00:00,2026-02-02 13:14:40.761217+00:00
b98d25a0dfaa7b56d58c46fdfb96cd21,2026-02-02T13:14:39.445687,0.06718308864915372,2026-02-02T13:14:38.756428577Z,gateDownInvocation,2026-02-02 13:14:38.759767+00:00,2026-02-02 13:14:38.759860+00:00
b98d25a0dfaa7b56d58c46fdfb96cd21,2026-02-02T13:14:39.445687,0.06718308864915372,2026-02-02T13:14:38.756428577Z,lightOnAction,2026-02-02 13:14:40.759230+00:00,2026-02-02 13:14:40.759260+00:00
b98d25a0dfaa7b56d58c46fdfb96cd21,2026-02-02T13:14:39.445687,0.06718308864915372,2026-02-02T13:14:38.756428577Z,bellOnAction,2026-02-02 13:14:40.761300+00:00,2026-02-02 13:14:40.761312+00:00
b98d25a0dfaa7b56d58c46fdfb96cd21,2026-02-02T13:14:39.445687,0.06718308864915372,2026-02-02T13:14:38.756428577Z,bellOnInvocation,2026-02-02 13:14:38.760876+00:00,2026-02-02 13:14:38.760920+00:00
b98d25a0dfaa7b56d58c46fdfb96cd21,2026-02-02T13:14:39.445687,0.06718308864915372,2026-02-02T13:14:38.756428577Z,lightOnAction,2026-02-02 13:14:40.760771+00:00,2026-02-02 13:14:40.760799+00:00
b98d25a0dfaa7b56d58c46fdfb96cd21,2026-02-02T13:14:39.445687,0.06718308864915372,2026-02-02T13:14:38.756428577Z,lightOnInvocation,2026-02-02 13:14:38.759827+00:00,2026-02-02 13:14:38.759922+00:00
b98d25a0dfaa7b56d58c46fdfb96cd21,2026-02-02T13:14:39.445687,0.06718308864915372,2026-02-02T13:14:38.756428577Z,gateDownInvocation,2026-02-02 13:14:38.759365+00:00,2026-02-02 13:14:38.759487+00:00
b98d25a0dfaa7b56d58c46fdfb96cd21,2026-02-02T13:14:39.445687,0.06718308864915372,2026-02-02T13:14:38.756428577Z,gateDownAction,2026-02-02 13:14:40.760835+00:00,2026-02-02 13:14:40.760864+00:00
63cb9d981cf41e9a66090fd18ca8bdbe,2026-02-02T13:17:33.164701,0.09614121365249158,2026-02-02T13:17:32.522597409Z,lightOnAction,2026-02-02 13:17:34.527679+00:00,2026-02-02 13:17:34.527708+00:00
63cb9d981cf41e9a66090fd18ca8bdbe,2026-02-02T13:17:33.164701,0.09614121365249158,2026-02-02T13:17:32.522597409Z,bellOnInvocation,2026-02-02 13:17:32.528225+00:00,2026-02-02 13:17:32.528305+00:00
63cb9d981cf41e9a66090fd18ca8bdbe,2026-02-02T13:17:33.164701,0.09614121365249158,2026-02-02T13:17:32.522597409Z,bellOnInvocation,2026-02-02 13:17:32.529176+00:00,2026-02-02 13:17:32.529240+00:00
63cb9d981cf41e9a66090fd18ca8bdbe,2026-02-02T13:17:33.164701,0.09614121365249158,2026-02-02T13:17:32.522597409Z,gateDownInvocation,2026-02-02 13:17:32.526020+00:00,2026-02-02 13:17:32.526127+00:00
63cb9d981cf41e9a66090fd18ca8bdbe,2026-02-02T13:17:33.164701,0.09614121365249158,2026-02-02T13:17:32.522597409Z,lightOnInvocation,2026-02-02 13:17:32.526135+00:00,2026-02-02 13:17:32.526189+00:00
63cb9d981cf41e9a66090fd18ca8bdbe,2026-02-02T13:17:33.164701,0.09614121365249158,2026-02-02T13:17:32.522597409Z,gateDownInvocation,2026-02-02 13:17:32.526097+00:00,2026-02-02 13:17:32.526170+00:00
63cb9d981cf41e9a66090fd18ca8bdbe,2026-02-02T13:17:33.164701,0.09614121365249158,2026-02-02T13:17:32.522597409Z,bellOnAction,2026-02-02 13:17:34.530083+00:00,2026-02-02 13:17:34.530100+00:00
63cb9d981cf41e9a66090fd18ca8bdbe,2026-02-02T13:17:33.164701,0.09614121365249158,2026-02-02T13:17:32.522597409Z,lightOnAction,2026-02-02 13:17:34.526406+00:00,2026-02-02 13:17:34.526492+00:00
63cb9d981cf41e9a66090fd18ca8bdbe,2026-02-02T13:17:33.164701,0.09614121365249158,2026-02-02T13:17:32.522597409Z,bellOnAction,2026-02-02 13:17:34.528869+00:00,2026-02-02 13:17:34.528894+00:00
63cb9d981cf41e9a66090fd18ca8bdbe,2026-02-02T13:17:33.164701,0.09614121365249158,2026-02-02T13:17:32.522597409Z,lightOnInvocation,2026-02-02 13:17:32.527005+00:00,2026-02-02 13:17:32.527178+00:00
63cb9d981cf41e9a66090fd18ca8bdbe,2026-02-02T13:17:33.164701,0.09614121365249158,2026-02-02T13:17:32.522597409Z,gateDownAction,2026-02-02 13:17:34.526763+00:00,2026-02-02 13:17:34.526793+00:00
63cb9d981cf41e9a66090fd18ca8bdbe,2026-02-02T13:17:33.164701,0.09614121365249158,2026-02-02T13:17:32.522597409Z,gateDownAction,2026-02-02 13:17:34.527143+00:00,2026-02-02 13:17:34.527172+00:00
0b4b97c6d351ba770702a6806ec18b6f,2026-02-02T13:13:12.737890,0.05274008148406745,2026-02-02T13:13:12.08986122Z,gateDownAction,2026-02-02 13:13:14.098596+00:00,2026-02-02 13:13:14.098685+00:00
0b4b97c6d351ba770702a6806ec18b6f,2026-02-02T13:13:12.737890,0.05274008148406745,2026-02-02T13:13:12.08986122Z,bellOnAction,2026-02-02 13:13:14.102206+00:00,2026-02-02 13:13:14.102293+00:00
0b4b97c6d351ba770702a6806ec18b6f,2026-02-02T13:13:12.737890,0.05274008148406745,2026-02-02T13:13:12.08986122Z,lightOnInvocation,2026-02-02 13:13:12.097463+00:00,2026-02-02 13:13:12.097660+00:00
0b4b97c6d351ba770702a6806ec18b6f,2026-02-02T13:13:12.737890,0.05274008148406745,2026-02-02T13:13:12.08986122Z,gateDownInvocation,2026-02-02 13:13:12.098106+00:00,2026-02-02 13:13:12.098850+00:00
0b4b97c6d351ba770702a6806ec18b6f,2026-02-02T13:13:12.737890,0.05274008148406745,2026-02-02T13:13:12.08986122Z,bellOnAction,2026-02-02 13:13:14.104810+00:00,2026-02-02 13:13:14.104879+00:00
0b4b97c6d351ba770702a6806ec18b6f,2026-02-02T13:13:12.737890,0.05274008148406745,2026-02-02T13:13:12.08986122Z,lightOnInvocation,2026-02-02 13:13:12.098751+00:00,2026-02-02 13:13:12.098977+00:00
0b4b97c6d351ba770702a6806ec18b6f,2026-02-02T13:13:12.737890,0.05274008148406745,2026-02-02T13:13:12.08986122Z,bellOnInvocation,2026-02-02 13:13:12.100452+00:00,2026-02-02 13:13:12.100639+00:00
0b4b97c6d351ba770702a6806ec18b6f,2026-02-02T13:13:12.737890,0.05274008148406745,2026-02-02T13:13:12.08986122Z,lightOnAction,2026-02-02 13:13:14.098259+00:00,2026-02-02 13:13:14.098340+00:00
0b4b97c6d351ba770702a6806ec18b6f,2026-02-02T13:13:12.737890,0.05274008148406745,2026-02-02T13:13:12.08986122Z,lightOnAction,2026-02-02 13:13:14.099239+00:00,2026-02-02 13:13:14.099322+00:00
0b4b97c6d351ba770702a6806ec18b6f,2026-02-02T13:13:12.737890,0.05274008148406745,2026-02-02T13:13:12.08986122Z,gateDownInvocation,2026-02-02 13:13:12.097420+00:00,2026-02-02 13:13:12.097799+00:00
0b4b97c6d351ba770702a6806ec18b6f,2026-02-02T13:13:12.737890,0.05274008148406745,2026-02-02T13:13:12.08986122Z,bellOnInvocation,2026-02-02 13:13:12.102988+00:00,2026-02-02 13:13:12.103174+00:00
0b4b97c6d351ba770702a6806ec18b6f,2026-02-02T13:13:12.737890,0.05274008148406745,2026-02-02T13:13:12.08986122Z,gateDownAction,2026-02-02 13:13:14.101683+00:00,2026-02-02 13:13:14.101775+00:00
dd864927a40963f4cb1a7b6fcb062f43,2026-02-02T13:12:46.718164,0.04840235399063826,2026-02-02T13:12:46.060921639Z,bellOnInvocation,2026-02-02 13:12:46.075058+00:00,2026-02-02 13:12:46.075238+00:00
dd864927a40963f4cb1a7b6fcb062f43,2026-02-02T13:12:46.718164,0.04840235399063826,2026-02-02T13:12:46.060921639Z,gateDownInvocation,2026-02-02 13:12:46.069914+00:00,2026-02-02 13:12:46.070204+00:00
dd864927a40963f4cb1a7b6fcb062f43,2026-02-02T13:12:46.718164,0.04840235399063826,2026-02-02T13:12:46.060921639Z,bellOnInvocation,2026-02-02 13:12:46.074672+00:00,2026-02-02 13:12:46.074924+00:00
dd864927a40963f4cb1a7b6fcb062f43,2026-02-02T13:12:46.718164,0.04840235399063826,2026-02-02T13:12:46.060921639Z,gateDownInvocation,2026-02-02 13:12:46.071989+00:00,2026-02-02 13:12:46.072366+00:00
dd864927a40963f4cb1a7b6fcb062f43,2026-02-02T13:12:46.718164,0.04840235399063826,2026-02-02T13:12:46.060921639Z,lightOnInvocation,2026-02-02 13:12:46.070071+00:00,2026-02-02 13:12:46.070316+00:00
dd864927a40963f4cb1a7b6fcb062f43,2026-02-02T13:12:46.718164,0.04840235399063826,2026-02-02T13:12:46.060921639Z,lightOnAction,2026-02-02 13:12:48.071988+00:00,2026-02-02 13:12:48.072079+00:00
dd864927a40963f4cb1a7b6fcb062f43,2026-02-02T13:12:46.718164,0.04840235399063826,2026-02-02T13:12:46.060921639Z,bellOnAction,2026-02-02 13:12:48.075919+00:00,2026-02-02 13:12:48.076037+00:00
dd864927a40963f4cb1a7b6fcb062f43,2026-02-02T13:12:46.718164,0.04840235399063826,2026-02-02T13:12:46.060921639Z,gateDownAction,2026-02-02 13:12:48.072252+00:00,2026-02-02 13:12:48.072366+00:00
dd864927a40963f4cb1a7b6fcb062f43,2026-02-02T13:12:46.718164,0.04840235399063826,2026-02-02T13:12:46.060921639Z,gateDownAction,2026-02-02 13:12:48.074235+00:00,2026-02-02 13:12:48.074325+00:00
dd864927a40963f4cb1a7b6fcb062f43,2026-02-02T13:12:46.718164,0.04840235399063826,2026-02-02T13:12:46.060921639Z,lightOnAction,2026-02-02 13:12:48.072291+00:00,2026-02-02 13:12:48.072397+00:00
dd864927a40963f4cb1a7b6fcb062f43,2026-02-02T13:12:46.718164,0.04840235399063826,2026-02-02T13:12:46.060921639Z,lightOnInvocation,2026-02-02 13:12:46.070007+00:00,2026-02-02 13:12:46.070201+00:00
dd864927a40963f4cb1a7b6fcb062f43,2026-02-02T13:12:46.718164,0.04840235399063826,2026-02-02T13:12:46.060921639Z,bellOnAction,2026-02-02 13:12:48.076820+00:00,2026-02-02 13:12:48.076900+00:00
97dc89330688c6606439f5171a774e70,2026-02-02T13:12:25.072796,0.044961680385220054,2026-02-02T13:12:25.414638149Z,gateUpInvocation,2026-02-02 13:12:25.419059+00:00,2026-02-02 13:12:25.419106+00:00
97dc89330688c6606439f5171a774e70,2026-02-02T13:12:25.072796,0.044961680385220054,2026-02-02T13:12:25.414638149Z,gateUpInvocation,2026-02-02 13:12:25.419861+00:00,2026-02-02 13:12:25.419905+00:00
97dc89330688c6606439f5171a774e70,2026-02-02T13:12:25.072796,0.044961680385220054,2026-02-02T13:12:25.414638149Z,lightOffInvocation,2026-02-02 13:12:25.418592+00:00,2026-02-02 13:12:25.418635+00:00
97dc89330688c6606439f5171a774e70,2026-02-02T13:12:25.072796,0.044961680385220054,2026-02-02T13:12:25.414638149Z,bellOffInvocation,2026-02-02 13:12:25.422750+00:00,2026-02-02 13:12:25.422792+00:00
97dc89330688c6606439f5171a774e70,2026-02-02T13:12:25.072796,0.044961680385220054,2026-02-02T13:12:25.414638149Z,bellOffInvocation,2026-02-02 13:12:25.423302+00:00,2026-02-02 13:12:25.423348+00:00
97dc89330688c6606439f5171a774e70,2026-02-02T13:12:25.072796,0.044961680385220054,2026-02-02T13:12:25.414638149Z,lightOffInvocation,2026-02-02 13:12:25.420658+00:00,2026-02-02 13:12:25.420700+00:00
b74b449b6d0c5b12f28bdb2c6f56cb4d,2026-02-02T13:15:44.576014,0.07804218018807173,2026-02-02T13:15:43.917636745Z,gateDownInvocation,2026-02-02 13:15:43.924531+00:00,2026-02-02 13:15:43.924875+00:00
b74b449b6d0c5b12f28bdb2c6f56cb4d,2026-02-02T13:15:44.576014,0.07804218018807173,2026-02-02T13:15:43.917636745Z,lightOnAction,2026-02-02 13:15:45.925151+00:00,2026-02-02 13:15:45.925274+00:00
b74b449b6d0c5b12f28bdb2c6f56cb4d,2026-02-02T13:15:44.576014,0.07804218018807173,2026-02-02T13:15:43.917636745Z,lightOnInvocation,2026-02-02 13:15:43.924726+00:00,2026-02-02 13:15:43.924946+00:00
b74b449b6d0c5b12f28bdb2c6f56cb4d,2026-02-02T13:15:44.576014,0.07804218018807173,2026-02-02T13:15:43.917636745Z,bellOnInvocation,2026-02-02 13:15:43.926664+00:00,2026-02-02 13:15:43.926704+00:00
b74b449b6d0c5b12f28bdb2c6f56cb4d,2026-02-02T13:15:44.576014,0.07804218018807173,2026-02-02T13:15:43.917636745Z,bellOnInvocation,2026-02-02 13:15:43.926140+00:00,2026-02-02 13:15:43.926184+00:00
b74b449b6d0c5b12f28bdb2c6f56cb4d,2026-02-02T13:15:44.576014,0.07804218018807173,2026-02-02T13:15:43.917636745Z,gateDownInvocation,2026-02-02 13:15:43.924619+00:00,2026-02-02 13:15:43.924970+00:00
b74b449b6d0c5b12f28bdb2c6f56cb4d,2026-02-02T13:15:44.576014,0.07804218018807173,2026-02-02T13:15:43.917636745Z,bellOnAction,2026-02-02 13:15:45.927197+00:00,2026-02-02 13:15:45.927268+00:00
b74b449b6d0c5b12f28bdb2c6f56cb4d,2026-02-02T13:15:44.576014,0.07804218018807173,2026-02-02T13:15:43.917636745Z,gateDownAction,2026-02-02 13:15:45.925205+00:00,2026-02-02 13:15:45.925294+00:00
b74b449b6d0c5b12f28bdb2c6f56cb4d,2026-02-02T13:15:44.576014,0.07804218018807173,2026-02-02T13:15:43.917636745Z,gateDownAction,2026-02-02 13:15:45.925266+00:00,2026-02-02 13:15:45.925373+00:00
b74b449b6d0c5b12f28bdb2c6f56cb4d,2026-02-02T13:15:44.576014,0.07804218018807173,2026-02-02T13:15:43.917636745Z,bellOnAction,2026-02-02 13:15:45.927504+00:00,2026-02-02 13:15:45.927558+00:00
b74b449b6d0c5b12f28bdb2c6f56cb4d,2026-02-02T13:15:44.576014,0.07804218018807173,2026-02-02T13:15:43.917636745Z,lightOnAction,2026-02-02 13:15:45.925565+00:00,2026-02-02 13:15:45.925649+00:00
b74b449b6d0c5b12f28bdb2c6f56cb4d,2026-02-02T13:15:44.576014,0.07804218018807173,2026-02-02T13:15:43.917636745Z,lightOnInvocation,2026-02-02 13:15:43.924719+00:00,2026-02-02 13:15:43.924934+00:00
4958e0a808508191d4fc803eb6c17cb3,2026-02-02T13:10:19.842224,0.024087142390704155,2026-02-02T13:10:20.154972697Z,lightOffInvocation,2026-02-02 13:10:20.164360+00:00,2026-02-02 13:10:20.164494+00:00
4958e0a808508191d4fc803eb6c17cb3,2026-02-02T13:10:19.842224,0.024087142390704155,2026-02-02T13:10:20.154972697Z,gateUpInvocation,2026-02-02 13:10:20.168026+00:00,2026-02-02 13:10:20.168211+00:00
4958e0a808508191d4fc803eb6c17cb3,2026-02-02T13:10:19.842224,0.024087142390704155,2026-02-02T13:10:20.154972697Z,bellOffInvocation,2026-02-02 13:10:20.167221+00:00,2026-02-02 13:10:20.167368+00:00
4958e0a808508191d4fc803eb6c17cb3,2026-02-02T13:10:19.842224,0.024087142390704155,2026-02-02T13:10:20.154972697Z,lightOffInvocation,2026-02-02 13:10:20.164402+00:00,2026-02-02 13:10:20.164594+00:00
4958e0a808508191d4fc803eb6c17cb3,2026-02-02T13:10:19.842224,0.024087142390704155,2026-02-02T13:10:20.154972697Z,bellOffInvocation,2026-02-02 13:10:20.168354+00:00,2026-02-02 13:10:20.168490+00:00
4958e0a808508191d4fc803eb6c17cb3,2026-02-02T13:10:19.842224,0.024087142390704155,2026-02-02T13:10:20.154972697Z,gateUpInvocation,2026-02-02 13:10:20.164369+00:00,2026-02-02 13:10:20.164498+00:00
31d2be242e2b878f0cce656b379e5941,2026-02-02T13:09:02.240340,0.01115452537213564,2026-02-02T13:09:02.551515292Z,gateUpInvocation,2026-02-02 13:09:02.562829+00:00,2026-02-02 13:09:02.562997+00:00
31d2be242e2b878f0cce656b379e5941,2026-02-02T13:09:02.240340,0.01115452537213564,2026-02-02T13:09:02.551515292Z,bellOffInvocation,2026-02-02 13:09:02.576051+00:00,2026-02-02 13:09:02.576208+00:00
31d2be242e2b878f0cce656b379e5941,2026-02-02T13:09:02.240340,0.01115452537213564,2026-02-02T13:09:02.551515292Z,lightOffInvocation,2026-02-02 13:09:02.566065+00:00,2026-02-02 13:09:02.566219+00:00
31d2be242e2b878f0cce656b379e5941,2026-02-02T13:09:02.240340,0.01115452537213564,2026-02-02T13:09:02.551515292Z,bellOffInvocation,2026-02-02 13:09:02.570995+00:00,2026-02-02 13:09:02.571129+00:00
31d2be242e2b878f0cce656b379e5941,2026-02-02T13:09:02.240340,0.01115452537213564,2026-02-02T13:09:02.551515292Z,lightOffInvocation,2026-02-02 13:09:02.562856+00:00,2026-02-02 13:09:02.563035+00:00
31d2be242e2b878f0cce656b379e5941,2026-02-02T13:09:02.240340,0.01115452537213564,2026-02-02T13:09:02.551515292Z,gateUpInvocation,2026-02-02 13:09:02.564388+00:00,2026-02-02 13:09:02.564529+00:00
d39947d00eb0496e2e50aefa7a849a7f,2026-02-02T13:09:28.084625,0.015294269055950643,2026-02-02T13:09:27.392453058Z,bellOnInvocation,2026-02-02 13:09:27.413075+00:00,2026-02-02 13:09:27.413268+00:00
d39947d00eb0496e2e50aefa7a849a7f,2026-02-02T13:09:28.084625,0.015294269055950643,2026-02-02T13:09:27.392453058Z,gateDownAction,2026-02-02 13:09:29.406030+00:00,2026-02-02 13:09:29.406120+00:00
d39947d00eb0496e2e50aefa7a849a7f,2026-02-02T13:09:28.084625,0.015294269055950643,2026-02-02T13:09:27.392453058Z,bellOnAction,2026-02-02 13:09:29.414448+00:00,2026-02-02 13:09:29.414515+00:00
d39947d00eb0496e2e50aefa7a849a7f,2026-02-02T13:09:28.084625,0.015294269055950643,2026-02-02T13:09:27.392453058Z,lightOnInvocation,2026-02-02 13:09:27.403970+00:00,2026-02-02 13:09:27.404174+00:00
d39947d00eb0496e2e50aefa7a849a7f,2026-02-02T13:09:28.084625,0.015294269055950643,2026-02-02T13:09:27.392453058Z,lightOnAction,2026-02-02 13:09:29.405389+00:00,2026-02-02 13:09:29.405478+00:00
d39947d00eb0496e2e50aefa7a849a7f,2026-02-02T13:09:28.084625,0.015294269055950643,2026-02-02T13:09:27.392453058Z,gateDownInvocation,2026-02-02 13:09:27.403392+00:00,2026-02-02 13:09:27.404011+00:00
d39947d00eb0496e2e50aefa7a849a7f,2026-02-02T13:09:28.084625,0.015294269055950643,2026-02-02T13:09:27.392453058Z,gateDownInvocation,2026-02-02 13:09:27.407203+00:00,2026-02-02 13:09:27.407460+00:00
d39947d00eb0496e2e50aefa7a849a7f,2026-02-02T13:09:28.084625,0.015294269055950643,2026-02-02T13:09:27.392453058Z,bellOnAction,2026-02-02 13:09:29.411919+00:00,2026-02-02 13:09:29.412010+00:00
d39947d00eb0496e2e50aefa7a849a7f,2026-02-02T13:09:28.084625,0.015294269055950643,2026-02-02T13:09:27.392453058Z,lightOnInvocation,2026-02-02 13:09:27.407384+00:00,2026-02-02 13:09:27.407943+00:00
d39947d00eb0496e2e50aefa7a849a7f,2026-02-02T13:09:28.084625,0.015294269055950643,2026-02-02T13:09:27.392453058Z,lightOnAction,2026-02-02 13:09:29.410245+00:00,2026-02-02 13:09:29.410357+00:00
d39947d00eb0496e2e50aefa7a849a7f,2026-02-02T13:09:28.084625,0.015294269055950643,2026-02-02T13:09:27.392453058Z,bellOnInvocation,2026-02-02 13:09:27.409091+00:00,2026-02-02 13:09:27.409843+00:00
d39947d00eb0496e2e50aefa7a849a7f,2026-02-02T13:09:28.084625,0.015294269055950643,2026-02-02T13:09:27.392453058Z,gateDownAction,2026-02-02 13:09:29.411218+00:00,2026-02-02 13:09:29.411318+00:00
e91ec8332f3c4a85fe3781a8cd9c8886,2026-02-02T13:12:59.757136,0.050741220759332184,2026-02-02T13:13:00.095523769Z,bellOffInvocation,2026-02-02 13:13:00.104762+00:00,2026-02-02 13:13:00.104900+00:00
e91ec8332f3c4a85fe3781a8cd9c8886,2026-02-02T13:12:59.757136,0.050741220759332184,2026-02-02T13:13:00.095523769Z,gateUpInvocation,2026-02-02 13:13:00.102748+00:00,2026-02-02 13:13:00.102854+00:00
e91ec8332f3c4a85fe3781a8cd9c8886,2026-02-02T13:12:59.757136,0.050741220759332184,2026-02-02T13:13:00.095523769Z,bellOffInvocation,2026-02-02 13:13:00.104398+00:00,2026-02-02 13:13:00.104452+00:00
e91ec8332f3c4a85fe3781a8cd9c8886,2026-02-02T13:12:59.757136,0.050741220759332184,2026-02-02T13:13:00.095523769Z,lightOffInvocation,2026-02-02 13:13:00.102250+00:00,2026-02-02 13:13:00.102408+00:00
e91ec8332f3c4a85fe3781a8cd9c8886,2026-02-02T13:12:59.757136,0.050741220759332184,2026-02-02T13:13:00.095523769Z,lightOffInvocation,2026-02-02 13:13:00.103085+00:00,2026-02-02 13:13:00.103175+00:00
e91ec8332f3c4a85fe3781a8cd9c8886,2026-02-02T13:12:59.757136,0.050741220759332184,2026-02-02T13:13:00.095523769Z,gateUpInvocation,2026-02-02 13:13:00.103304+00:00,2026-02-02 13:13:00.103406+00:00
abc880c39f839b03110aa3f7f2b9cf26,2026-02-02T13:08:53.623867,0.009718141931593418,2026-02-02T13:08:53.932252983Z,bellOffInvocation,2026-02-02 13:08:53.939740+00:00,2026-02-02 13:08:53.939784+00:00
abc880c39f839b03110aa3f7f2b9cf26,2026-02-02T13:08:53.623867,0.009718141931593418,2026-02-02T13:08:53.932252983Z,lightOffInvocation,2026-02-02 13:08:53.938015+00:00,2026-02-02 13:08:53.938063+00:00
abc880c39f839b03110aa3f7f2b9cf26,2026-02-02T13:08:53.623867,0.009718141931593418,2026-02-02T13:08:53.932252983Z,lightOffInvocation,2026-02-02 13:08:53.937075+00:00,2026-02-02 13:08:53.937120+00:00
abc880c39f839b03110aa3f7f2b9cf26,2026-02-02T13:08:53.623867,0.009718141931593418,2026-02-02T13:08:53.932252983Z,gateUpInvocation,2026-02-02 13:08:53.937900+00:00,2026-02-02 13:08:53.937943+00:00
abc880c39f839b03110aa3f7f2b9cf26,2026-02-02T13:08:53.623867,0.009718141931593418,2026-02-02T13:08:53.932252983Z,gateUpInvocation,2026-02-02 13:08:53.937239+00:00,2026-02-02 13:08:53.937268+00:00
abc880c39f839b03110aa3f7f2b9cf26,2026-02-02T13:08:53.623867,0.009718141931593418,2026-02-02T13:08:53.932252983Z,bellOffInvocation,2026-02-02 13:08:53.938081+00:00,2026-02-02 13:08:53.938116+00:00
fc965600829dcadb7834e82f17ff2489,2026-02-02T13:11:37.529077,0.037035343352711206,2026-02-02T13:11:37.851994192Z,lightOffInvocation,2026-02-02 13:11:37.860970+00:00,2026-02-02 13:11:37.861112+00:00
fc965600829dcadb7834e82f17ff2489,2026-02-02T13:11:37.529077,0.037035343352711206,2026-02-02T13:11:37.851994192Z,gateUpInvocation,2026-02-02 13:11:37.864647+00:00,2026-02-02 13:11:37.864784+00:00
fc965600829dcadb7834e82f17ff2489,2026-02-02T13:11:37.529077,0.037035343352711206,2026-02-02T13:11:37.851994192Z,lightOffInvocation,2026-02-02 13:11:37.861502+00:00,2026-02-02 13:11:37.861647+00:00
fc965600829dcadb7834e82f17ff2489,2026-02-02T13:11:37.529077,0.037035343352711206,2026-02-02T13:11:37.851994192Z,gateUpInvocation,2026-02-02 13:11:37.861064+00:00,2026-02-02 13:11:37.861174+00:00
fc965600829dcadb7834e82f17ff2489,2026-02-02T13:11:37.529077,0.037035343352711206,2026-02-02T13:11:37.851994192Z,bellOffInvocation,2026-02-02 13:11:37.864069+00:00,2026-02-02 13:11:37.864224+00:00
fc965600829dcadb7834e82f17ff2489,2026-02-02T13:11:37.529077,0.037035343352711206,2026-02-02T13:11:37.851994192Z,bellOffInvocation,2026-02-02 13:11:37.865239+00:00,2026-02-02 13:11:37.865372+00:00
b3b3300880c6f7cf8238707a319306b4,2026-02-02T13:14:52.474169,0.06935948936468363,2026-02-02T13:14:51.816316727Z,gateDownAction,2026-02-02 13:14:53.822375+00:00,2026-02-02 13:14:53.822459+00:00
b3b3300880c6f7cf8238707a319306b4,2026-02-02T13:14:52.474169,0.06935948936468363,2026-02-02T13:14:51.816316727Z,gateDownInvocation,2026-02-02 13:14:51.821545+00:00,2026-02-02 13:14:51.821715+00:00
b3b3300880c6f7cf8238707a319306b4,2026-02-02T13:14:52.474169,0.06935948936468363,2026-02-02T13:14:51.816316727Z,lightOnAction,2026-02-02 13:14:53.822677+00:00,2026-02-02 13:14:53.822781+00:00
b3b3300880c6f7cf8238707a319306b4,2026-02-02T13:14:52.474169,0.06935948936468363,2026-02-02T13:14:51.816316727Z,bellOnAction,2026-02-02 13:14:53.826289+00:00,2026-02-02 13:14:53.826378+00:00
b3b3300880c6f7cf8238707a319306b4,2026-02-02T13:14:52.474169,0.06935948936468363,2026-02-02T13:14:51.816316727Z,gateDownAction,2026-02-02 13:14:53.826234+00:00,2026-02-02 13:14:53.826320+00:00
b3b3300880c6f7cf8238707a319306b4,2026-02-02T13:14:52.474169,0.06935948936468363,2026-02-02T13:14:51.816316727Z,bellOnInvocation,2026-02-02 13:14:51.825319+00:00,2026-02-02 13:14:51.825429+00:00
b3b3300880c6f7cf8238707a319306b4,2026-02-02T13:14:52.474169,0.06935948936468363,2026-02-02T13:14:51.816316727Z,bellOnAction,2026-02-02 13:14:53.824763+00:00,2026-02-02 13:14:53.824835+00:00
b3b3300880c6f7cf8238707a319306b4,2026-02-02T13:14:52.474169,0.06935948936468363,2026-02-02T13:14:51.816316727Z,lightOnAction,2026-02-02 13:14:53.828572+00:00,2026-02-02 13:14:53.828662+00:00
b3b3300880c6f7cf8238707a319306b4,2026-02-02T13:14:52.474169,0.06935948936468363,2026-02-02T13:14:51.816316727Z,lightOnInvocation,2026-02-02 13:14:51.821627+00:00,2026-02-02 13:14:51.821756+00:00
b3b3300880c6f7cf8238707a319306b4,2026-02-02T13:14:52.474169,0.06935948936468363,2026-02-02T13:14:51.816316727Z,bellOnInvocation,2026-02-02 13:14:51.824121+00:00,2026-02-02 13:14:51.824241+00:00
b3b3300880c6f7cf8238707a319306b4,2026-02-02T13:14:52.474169,0.06935948936468363,2026-02-02T13:14:51.816316727Z,lightOnInvocation,2026-02-02 13:14:51.827470+00:00,2026-02-02 13:14:51.827573+00:00
b3b3300880c6f7cf8238707a319306b4,2026-02-02T13:14:52.474169,0.06935948936468363,2026-02-02T13:14:51.816316727Z,gateDownInvocation,2026-02-02 13:14:51.826059+00:00,2026-02-02 13:14:51.826207+00:00
8836a1eb98315b65dfb3e5c07daced09,2026-02-02T13:08:19.191666,0.0038123577569484715,2026-02-02T13:08:18.494104276Z,gateDownInvocation,2026-02-02 13:08:18.508907+00:00,2026-02-02 13:08:18.509080+00:00
8836a1eb98315b65dfb3e5c07daced09,2026-02-02T13:08:19.191666,0.0038123577569484715,2026-02-02T13:08:18.494104276Z,bellOnInvocation,2026-02-02 13:08:18.512163+00:00,2026-02-02 13:08:18.512267+00:00
8836a1eb98315b65dfb3e5c07daced09,2026-02-02T13:08:19.191666,0.0038123577569484715,2026-02-02T13:08:18.494104276Z,lightOnInvocation,2026-02-02 13:08:18.508512+00:00,2026-02-02 13:08:18.508694+00:00
8836a1eb98315b65dfb3e5c07daced09,2026-02-02T13:08:19.191666,0.0038123577569484715,2026-02-02T13:08:18.494104276Z,gateDownAction,2026-02-02 13:08:20.510859+00:00,2026-02-02 13:08:20.510946+00:00
8836a1eb98315b65dfb3e5c07daced09,2026-02-02T13:08:19.191666,0.0038123577569484715,2026-02-02T13:08:18.494104276Z,lightOnAction,2026-02-02 13:08:20.511765+00:00,2026-02-02 13:08:20.511935+00:00
8836a1eb98315b65dfb3e5c07daced09,2026-02-02T13:08:19.191666,0.0038123577569484715,2026-02-02T13:08:18.494104276Z,gateDownInvocation,2026-02-02 13:08:18.509499+00:00,2026-02-02 13:08:18.509655+00:00
8836a1eb98315b65dfb3e5c07daced09,2026-02-02T13:08:19.191666,0.0038123577569484715,2026-02-02T13:08:18.494104276Z,gateDownAction,2026-02-02 13:08:20.512223+00:00,2026-02-02 13:08:20.512322+00:00
8836a1eb98315b65dfb3e5c07daced09,2026-02-02T13:08:19.191666,0.0038123577569484715,2026-02-02T13:08:18.494104276Z,bellOnAction,2026-02-02 13:08:20.512651+00:00,2026-02-02 13:08:20.512706+00:00
8836a1eb98315b65dfb3e5c07daced09,2026-02-02T13:08:19.191666,0.0038123577569484715,2026-02-02T13:08:18.494104276Z,lightOnAction,2026-02-02 13:08:20.509453+00:00,2026-02-02 13:08:20.509540+00:00
8836a1eb98315b65dfb3e5c07daced09,2026-02-02T13:08:19.191666,0.0038123577569484715,2026-02-02T13:08:18.494104276Z,bellOnInvocation,2026-02-02 13:08:18.510578+00:00,2026-02-02 13:08:18.510669+00:00
8836a1eb98315b65dfb3e5c07daced09,2026-02-02T13:08:19.191666,0.0038123577569484715,2026-02-02T13:08:18.494104276Z,lightOnInvocation,2026-02-02 13:08:18.507163+00:00,2026-02-02 13:08:18.507374+00:00
8836a1eb98315b65dfb3e5c07daced09,2026-02-02T13:08:19.191666,0.0038123577569484715,2026-02-02T13:08:18.494104276Z,bellOnAction,2026-02-02 13:08:20.515155+00:00,2026-02-02 13:08:20.515218+00:00
15ab258c5ccd47c59caf83825702d339,2026-02-02T13:12:25.072796,0.04479371055248976,2026-02-02T13:12:24.406759012Z,lightOnAction,2026-02-02 13:12:26.414205+00:00,2026-02-02 13:12:26.414296+00:00
15ab258c5ccd47c59caf83825702d339,2026-02-02T13:12:25.072796,0.04479371055248976,2026-02-02T13:12:24.406759012Z,bellOnInvocation,2026-02-02 13:12:24.411871+00:00,2026-02-02 13:12:24.411931+00:00
15ab258c5ccd47c59caf83825702d339,2026-02-02T13:12:25.072796,0.04479371055248976,2026-02-02T13:12:24.406759012Z,lightOnInvocation,2026-02-02 13:12:24.411669+00:00,2026-02-02 13:12:24.411747+00:00
15ab258c5ccd47c59caf83825702d339,2026-02-02T13:12:25.072796,0.04479371055248976,2026-02-02T13:12:24.406759012Z,gateDownInvocation,2026-02-02 13:12:24.410441+00:00,2026-02-02 13:12:24.410543+00:00
15ab258c5ccd47c59caf83825702d339,2026-02-02T13:12:25.072796,0.04479371055248976,2026-02-02T13:12:24.406759012Z,gateDownInvocation,2026-02-02 13:12:24.412266+00:00,2026-02-02 13:12:24.412407+00:00
15ab258c5ccd47c59caf83825702d339,2026-02-02T13:12:25.072796,0.04479371055248976,2026-02-02T13:12:24.406759012Z,bellOnAction,2026-02-02 13:12:26.415074+00:00,2026-02-02 13:12:26.415159+00:00
15ab258c5ccd47c59caf83825702d339,2026-02-02T13:12:25.072796,0.04479371055248976,2026-02-02T13:12:24.406759012Z,gateDownAction,2026-02-02 13:12:26.411614+00:00,2026-02-02 13:12:26.411709+00:00
15ab258c5ccd47c59caf83825702d339,2026-02-02T13:12:25.072796,0.04479371055248976,2026-02-02T13:12:24.406759012Z,gateDownAction,2026-02-02 13:12:26.412451+00:00,2026-02-02 13:12:26.412540+00:00
15ab258c5ccd47c59caf83825702d339,2026-02-02T13:12:25.072796,0.04479371055248976,2026-02-02T13:12:24.406759012Z,lightOnInvocation,2026-02-02 13:12:24.410554+00:00,2026-02-02 13:12:24.410636+00:00
15ab258c5ccd47c59caf83825702d339,2026-02-02T13:12:25.072796,0.04479371055248976,2026-02-02T13:12:24.406759012Z,lightOnAction,2026-02-02 13:12:26.411812+00:00,2026-02-02 13:12:26.411895+00:00
15ab258c5ccd47c59caf83825702d339,2026-02-02T13:12:25.072796,0.04479371055248976,2026-02-02T13:12:24.406759012Z,bellOnAction,2026-02-02 13:12:26.413228+00:00,2026-02-02 13:12:26.413326+00:00
15ab258c5ccd47c59caf83825702d339,2026-02-02T13:12:25.072796,0.04479371055248976,2026-02-02T13:12:24.406759012Z,bellOnInvocation,2026-02-02 13:12:24.413785+00:00,2026-02-02 13:12:24.413834+00:00
9db05d442bdf77d2295d5aa513a878f7,2026-02-02T13:17:24.483985,0.09469192785171271,2026-02-02T13:17:23.826087855Z,bellOnInvocation,2026-02-02 13:17:23.833187+00:00,2026-02-02 13:17:23.833324+00:00
9db05d442bdf77d2295d5aa513a878f7,2026-02-02T13:17:24.483985,0.09469192785171271,2026-02-02T13:17:23.826087855Z,bellOnAction,2026-02-02 13:17:25.834073+00:00,2026-02-02 13:17:25.834161+00:00
9db05d442bdf77d2295d5aa513a878f7,2026-02-02T13:17:24.483985,0.09469192785171271,2026-02-02T13:17:23.826087855Z,gateDownAction,2026-02-02 13:17:25.831608+00:00,2026-02-02 13:17:25.831845+00:00
9db05d442bdf77d2295d5aa513a878f7,2026-02-02T13:17:24.483985,0.09469192785171271,2026-02-02T13:17:23.826087855Z,gateDownAction,2026-02-02 13:17:25.833200+00:00,2026-02-02 13:17:25.833312+00:00
9db05d442bdf77d2295d5aa513a878f7,2026-02-02T13:17:24.483985,0.09469192785171271,2026-02-02T13:17:23.826087855Z,gateDownInvocation,2026-02-02 13:17:23.830485+00:00,2026-02-02 13:17:23.830722+00:00
9db05d442bdf77d2295d5aa513a878f7,2026-02-02T13:17:24.483985,0.09469192785171271,2026-02-02T13:17:23.826087855Z,lightOnAction,2026-02-02 13:17:25.832056+00:00,2026-02-02 13:17:25.832181+00:00
9db05d442bdf77d2295d5aa513a878f7,2026-02-02T13:17:24.483985,0.09469192785171271,2026-02-02T13:17:23.826087855Z,bellOnAction,2026-02-02 13:17:25.835736+00:00,2026-02-02 13:17:25.835856+00:00
9db05d442bdf77d2295d5aa513a878f7,2026-02-02T13:17:24.483985,0.09469192785171271,2026-02-02T13:17:23.826087855Z,lightOnInvocation,2026-02-02 13:17:23.830578+00:00,2026-02-02 13:17:23.830701+00:00
9db05d442bdf77d2295d5aa513a878f7,2026-02-02T13:17:24.483985,0.09469192785171271,2026-02-02T13:17:23.826087855Z,gateDownInvocation,2026-02-02 13:17:23.830766+00:00,2026-02-02 13:17:23.831135+00:00
9db05d442bdf77d2295d5aa513a878f7,2026-02-02T13:17:24.483985,0.09469192785171271,2026-02-02T13:17:23.826087855Z,lightOnAction,2026-02-02 13:17:25.831475+00:00,2026-02-02 13:17:25.831661+00:00
9db05d442bdf77d2295d5aa513a878f7,2026-02-02T13:17:24.483985,0.09469192785171271,2026-02-02T13:17:23.826087855Z,bellOnInvocation,2026-02-02 13:17:23.834444+00:00,2026-02-02 13:17:23.834559+00:00
9db05d442bdf77d2295d5aa513a878f7,2026-02-02T13:17:24.483985,0.09469192785171271,2026-02-02T13:17:23.826087855Z,lightOnInvocation,2026-02-02 13:17:23.830940+00:00,2026-02-02 13:17:23.831072+00:00
93b3ad6b451ee13c896e613820e0fc52,2026-02-02T13:12:42.390090,0.04767922277114392,2026-02-02T13:12:41.721747906Z,bellOnAction,2026-02-02 13:12:43.730569+00:00,2026-02-02 13:12:43.730635+00:00
93b3ad6b451ee13c896e613820e0fc52,2026-02-02T13:12:42.390090,0.04767922277114392,2026-02-02T13:12:41.721747906Z,gateDownInvocation,2026-02-02 13:12:41.728886+00:00,2026-02-02 13:12:41.729005+00:00
93b3ad6b451ee13c896e613820e0fc52,2026-02-02T13:12:42.390090,0.04767922277114392,2026-02-02T13:12:41.721747906Z,gateDownInvocation,2026-02-02 13:12:41.730283+00:00,2026-02-02 13:12:41.730368+00:00
93b3ad6b451ee13c896e613820e0fc52,2026-02-02T13:12:42.390090,0.04767922277114392,2026-02-02T13:12:41.721747906Z,bellOnInvocation,2026-02-02 13:12:41.730907+00:00,2026-02-02 13:12:41.730981+00:00
93b3ad6b451ee13c896e613820e0fc52,2026-02-02T13:12:42.390090,0.04767922277114392,2026-02-02T13:12:41.721747906Z,lightOnAction,2026-02-02 13:12:43.730075+00:00,2026-02-02 13:12:43.730180+00:00
93b3ad6b451ee13c896e613820e0fc52,2026-02-02T13:12:42.390090,0.04767922277114392,2026-02-02T13:12:41.721747906Z,bellOnInvocation,2026-02-02 13:12:41.730612+00:00,2026-02-02 13:12:41.730676+00:00
93b3ad6b451ee13c896e613820e0fc52,2026-02-02T13:12:42.390090,0.04767922277114392,2026-02-02T13:12:41.721747906Z,lightOnInvocation,2026-02-02 13:12:41.730141+00:00,2026-02-02 13:12:41.730207+00:00
93b3ad6b451ee13c896e613820e0fc52,2026-02-02T13:12:42.390090,0.04767922277114392,2026-02-02T13:12:41.721747906Z,gateDownAction,2026-02-02 13:12:43.730304+00:00,2026-02-02 13:12:43.730381+00:00
93b3ad6b451ee13c896e613820e0fc52,2026-02-02T13:12:42.390090,0.04767922277114392,2026-02-02T13:12:41.721747906Z,bellOnAction,2026-02-02 13:12:43.731673+00:00,2026-02-02 13:12:43.731735+00:00
93b3ad6b451ee13c896e613820e0fc52,2026-02-02T13:12:42.390090,0.04767922277114392,2026-02-02T13:12:41.721747906Z,gateDownAction,2026-02-02 13:12:43.730073+00:00,2026-02-02 13:12:43.730180+00:00
93b3ad6b451ee13c896e613820e0fc52,2026-02-02T13:12:42.390090,0.04767922277114392,2026-02-02T13:12:41.721747906Z,lightOnAction,2026-02-02 13:12:43.730418+00:00,2026-02-02 13:12:43.730490+00:00
93b3ad6b451ee13c896e613820e0fc52,2026-02-02T13:12:42.390090,0.04767922277114392,2026-02-02T13:12:41.721747906Z,lightOnInvocation,2026-02-02 13:12:41.729341+00:00,2026-02-02 13:12:41.729405+00:00
f52696bae2a3e338214e0a697c9e6624,2026-02-02T13:08:53.623867,0.009551500633001328,2026-02-02T13:08:52.93255936Z,lightOnInvocation,2026-02-02 13:08:52.951224+00:00,2026-02-02 13:08:52.951310+00:00
f52696bae2a3e338214e0a697c9e6624,2026-02-02T13:08:53.623867,0.009551500633001328,2026-02-02T13:08:52.93255936Z,lightOnInvocation,2026-02-02 13:08:52.946111+00:00,2026-02-02 13:08:52.946292+00:00
f52696bae2a3e338214e0a697c9e6624,2026-02-02T13:08:53.623867,0.009551500633001328,2026-02-02T13:08:52.93255936Z,gateDownInvocation,2026-02-02 13:08:52.944513+00:00,2026-02-02 13:08:52.945848+00:00
f52696bae2a3e338214e0a697c9e6624,2026-02-02T13:08:53.623867,0.009551500633001328,2026-02-02T13:08:52.93255936Z,lightOnAction,2026-02-02 13:08:54.952700+00:00,2026-02-02 13:08:54.952797+00:00
f52696bae2a3e338214e0a697c9e6624,2026-02-02T13:08:53.623867,0.009551500633001328,2026-02-02T13:08:52.93255936Z,lightOnAction,2026-02-02 13:08:54.947777+00:00,2026-02-02 13:08:54.947846+00:00
f52696bae2a3e338214e0a697c9e6624,2026-02-02T13:08:53.623867,0.009551500633001328,2026-02-02T13:08:52.93255936Z,bellOnInvocation,2026-02-02 13:08:52.957462+00:00,2026-02-02 13:08:52.957551+00:00
f52696bae2a3e338214e0a697c9e6624,2026-02-02T13:08:53.623867,0.009551500633001328,2026-02-02T13:08:52.93255936Z,bellOnAction,2026-02-02 13:08:54.955275+00:00,2026-02-02 13:08:54.955342+00:00
f52696bae2a3e338214e0a697c9e6624,2026-02-02T13:08:53.623867,0.009551500633001328,2026-02-02T13:08:52.93255936Z,bellOnAction,2026-02-02 13:08:54.958260+00:00,2026-02-02 13:08:54.958324+00:00
f52696bae2a3e338214e0a697c9e6624,2026-02-02T13:08:53.623867,0.009551500633001328,2026-02-02T13:08:52.93255936Z,gateDownAction,2026-02-02 13:08:54.947514+00:00,2026-02-02 13:08:54.947581+00:00
f52696bae2a3e338214e0a697c9e6624,2026-02-02T13:08:53.623867,0.009551500633001328,2026-02-02T13:08:52.93255936Z,bellOnInvocation,2026-02-02 13:08:52.955553+00:00,2026-02-02 13:08:52.955631+00:00
f52696bae2a3e338214e0a697c9e6624,2026-02-02T13:08:53.623867,0.009551500633001328,2026-02-02T13:08:52.93255936Z,gateDownInvocation,2026-02-02 13:08:52.951230+00:00,2026-02-02 13:08:52.951358+00:00
f52696bae2a3e338214e0a697c9e6624,2026-02-02T13:08:53.623867,0.009551500633001328,2026-02-02T13:08:52.93255936Z,gateDownAction,2026-02-02 13:08:54.952098+00:00,2026-02-02 13:08:54.952173+00:00
7331960abea099be5fa263cabea10313,2026-02-02T13:09:19.477012,0.013859828095459938,2026-02-02T13:09:18.784950869Z,gateDownAction,2026-02-02 13:09:20.800675+00:00,2026-02-02 13:09:20.800759+00:00
7331960abea099be5fa263cabea10313,2026-02-02T13:09:19.477012,0.013859828095459938,2026-02-02T13:09:18.784950869Z,bellOnAction,2026-02-02 13:09:20.804235+00:00,2026-02-02 13:09:20.804304+00:00
7331960abea099be5fa263cabea10313,2026-02-02T13:09:19.477012,0.013859828095459938,2026-02-02T13:09:18.784950869Z,lightOnInvocation,2026-02-02 13:09:18.795622+00:00,2026-02-02 13:09:18.795815+00:00
7331960abea099be5fa263cabea10313,2026-02-02T13:09:19.477012,0.013859828095459938,2026-02-02T13:09:18.784950869Z,lightOnAction,2026-02-02 13:09:20.800891+00:00,2026-02-02 13:09:20.801025+00:00
7331960abea099be5fa263cabea10313,2026-02-02T13:09:19.477012,0.013859828095459938,2026-02-02T13:09:18.784950869Z,lightOnInvocation,2026-02-02 13:09:18.799751+00:00,2026-02-02 13:09:18.799978+00:00
7331960abea099be5fa263cabea10313,2026-02-02T13:09:19.477012,0.013859828095459938,2026-02-02T13:09:18.784950869Z,gateDownInvocation,2026-02-02 13:09:18.799285+00:00,2026-02-02 13:09:18.799593+00:00
7331960abea099be5fa263cabea10313,2026-02-02T13:09:19.477012,0.013859828095459938,2026-02-02T13:09:18.784950869Z,gateDownInvocation,2026-02-02 13:09:18.797573+00:00,2026-02-02 13:09:18.797889+00:00
7331960abea099be5fa263cabea10313,2026-02-02T13:09:19.477012,0.013859828095459938,2026-02-02T13:09:18.784950869Z,bellOnAction,2026-02-02 13:09:20.805710+00:00,2026-02-02 13:09:20.805777+00:00
7331960abea099be5fa263cabea10313,2026-02-02T13:09:19.477012,0.013859828095459938,2026-02-02T13:09:18.784950869Z,lightOnAction,2026-02-02 13:09:20.797687+00:00,2026-02-02 13:09:20.797773+00:00
7331960abea099be5fa263cabea10313,2026-02-02T13:09:19.477012,0.013859828095459938,2026-02-02T13:09:18.784950869Z,gateDownAction,2026-02-02 13:09:20.798694+00:00,2026-02-02 13:09:20.798780+00:00
7331960abea099be5fa263cabea10313,2026-02-02T13:09:19.477012,0.013859828095459938,2026-02-02T13:09:18.784950869Z,bellOnInvocation,2026-02-02 13:09:18.804122+00:00,2026-02-02 13:09:18.804293+00:00
7331960abea099be5fa263cabea10313,2026-02-02T13:09:19.477012,0.013859828095459938,2026-02-02T13:09:18.784950869Z,bellOnInvocation,2026-02-02 13:09:18.802309+00:00,2026-02-02 13:09:18.802491+00:00
282adb3d9adbbff3fdde1748ef81fc24,2026-02-02T13:13:25.750294,0.05490735096597673,2026-02-02T13:13:25.094794443Z,bellOnAction,2026-02-02 13:13:27.106898+00:00,2026-02-02 13:13:27.106997+00:00
282adb3d9adbbff3fdde1748ef81fc24,2026-02-02T13:13:25.750294,0.05490735096597673,2026-02-02T13:13:25.094794443Z,lightOnInvocation,2026-02-02 13:13:25.103234+00:00,2026-02-02 13:13:25.103416+00:00
282adb3d9adbbff3fdde1748ef81fc24,2026-02-02T13:13:25.750294,0.05490735096597673,2026-02-02T13:13:25.094794443Z,bellOnInvocation,2026-02-02 13:13:25.105546+00:00,2026-02-02 13:13:25.105746+00:00
282adb3d9adbbff3fdde1748ef81fc24,2026-02-02T13:13:25.750294,0.05490735096597673,2026-02-02T13:13:25.094794443Z,gateDownAction,2026-02-02 13:13:27.105125+00:00,2026-02-02 13:13:27.105240+00:00
282adb3d9adbbff3fdde1748ef81fc24,2026-02-02T13:13:25.750294,0.05490735096597673,2026-02-02T13:13:25.094794443Z,lightOnAction,2026-02-02 13:13:27.105277+00:00,2026-02-02 13:13:27.105399+00:00
282adb3d9adbbff3fdde1748ef81fc24,2026-02-02T13:13:25.750294,0.05490735096597673,2026-02-02T13:13:25.094794443Z,bellOnInvocation,2026-02-02 13:13:25.105566+00:00,2026-02-02 13:13:25.105737+00:00
282adb3d9adbbff3fdde1748ef81fc24,2026-02-02T13:13:25.750294,0.05490735096597673,2026-02-02T13:13:25.094794443Z,bellOnAction,2026-02-02 13:13:27.106295+00:00,2026-02-02 13:13:27.106365+00:00
282adb3d9adbbff3fdde1748ef81fc24,2026-02-02T13:13:25.750294,0.05490735096597673,2026-02-02T13:13:25.094794443Z,gateDownAction,2026-02-02 13:13:27.104441+00:00,2026-02-02 13:13:27.104523+00:00
282adb3d9adbbff3fdde1748ef81fc24,2026-02-02T13:13:25.750294,0.05490735096597673,2026-02-02T13:13:25.094794443Z,lightOnAction,2026-02-02 13:13:27.103749+00:00,2026-02-02 13:13:27.103835+00:00
282adb3d9adbbff3fdde1748ef81fc24,2026-02-02T13:13:25.750294,0.05490735096597673,2026-02-02T13:13:25.094794443Z,gateDownInvocation,2026-02-02 13:13:25.102470+00:00,2026-02-02 13:13:25.102845+00:00
282adb3d9adbbff3fdde1748ef81fc24,2026-02-02T13:13:25.750294,0.05490735096597673,2026-02-02T13:13:25.094794443Z,gateDownInvocation,2026-02-02 13:13:25.103123+00:00,2026-02-02 13:13:25.103438+00:00
282adb3d9adbbff3fdde1748ef81fc24,2026-02-02T13:13:25.750294,0.05490735096597673,2026-02-02T13:13:25.094794443Z,lightOnInvocation,2026-02-02 13:13:25.102476+00:00,2026-02-02 13:13:25.102849+00:00
e3e1d5e62d569e5c5e4e6bbfb0cd40b6,2026-02-02T13:14:00.422351,0.060688229767608654,2026-02-02T13:13:59.783409049Z,gateDownAction,2026-02-02 13:14:01.791631+00:00,2026-02-02 13:14:01.791717+00:00
e3e1d5e62d569e5c5e4e6bbfb0cd40b6,2026-02-02T13:14:00.422351,0.060688229767608654,2026-02-02T13:13:59.783409049Z,gateDownInvocation,2026-02-02 13:13:59.789772+00:00,2026-02-02 13:13:59.789859+00:00
e3e1d5e62d569e5c5e4e6bbfb0cd40b6,2026-02-02T13:14:00.422351,0.060688229767608654,2026-02-02T13:13:59.783409049Z,bellOnAction,2026-02-02 13:14:01.791837+00:00,2026-02-02 13:14:01.791927+00:00
e3e1d5e62d569e5c5e4e6bbfb0cd40b6,2026-02-02T13:14:00.422351,0.060688229767608654,2026-02-02T13:13:59.783409049Z,lightOnInvocation,2026-02-02 13:13:59.787341+00:00,2026-02-02 13:13:59.787401+00:00
e3e1d5e62d569e5c5e4e6bbfb0cd40b6,2026-02-02T13:14:00.422351,0.060688229767608654,2026-02-02T13:13:59.783409049Z,gateDownInvocation,2026-02-02 13:13:59.790427+00:00,2026-02-02 13:13:59.790501+00:00
e3e1d5e62d569e5c5e4e6bbfb0cd40b6,2026-02-02T13:14:00.422351,0.060688229767608654,2026-02-02T13:13:59.783409049Z,lightOnAction,2026-02-02 13:14:01.793551+00:00,2026-02-02 13:14:01.793668+00:00
e3e1d5e62d569e5c5e4e6bbfb0cd40b6,2026-02-02T13:14:00.422351,0.060688229767608654,2026-02-02T13:13:59.783409049Z,lightOnInvocation,2026-02-02 13:13:59.792234+00:00,2026-02-02 13:13:59.792293+00:00
e3e1d5e62d569e5c5e4e6bbfb0cd40b6,2026-02-02T13:14:00.422351,0.060688229767608654,2026-02-02T13:13:59.783409049Z,bellOnAction,2026-02-02 13:14:01.793968+00:00,2026-02-02 13:14:01.794089+00:00
e3e1d5e62d569e5c5e4e6bbfb0cd40b6,2026-02-02T13:14:00.422351,0.060688229767608654,2026-02-02T13:13:59.783409049Z,lightOnAction,2026-02-02 13:14:01.788291+00:00,2026-02-02 13:14:01.788376+00:00
e3e1d5e62d569e5c5e4e6bbfb0cd40b6,2026-02-02T13:14:00.422351,0.060688229767608654,2026-02-02T13:13:59.783409049Z,bellOnInvocation,2026-02-02 13:13:59.790730+00:00,2026-02-02 13:13:59.790780+00:00
e3e1d5e62d569e5c5e4e6bbfb0cd40b6,2026-02-02T13:14:00.422351,0.060688229767608654,2026-02-02T13:13:59.783409049Z,bellOnInvocation,2026-02-02 13:13:59.793166+00:00,2026-02-02 13:13:59.793223+00:00
e3e1d5e62d569e5c5e4e6bbfb0cd40b6,2026-02-02T13:14:00.422351,0.060688229767608654,2026-02-02T13:13:59.783409049Z,gateDownAction,2026-02-02 13:14:01.790520+00:00,2026-02-02 13:14:01.790603+00:00
bf399b789f1163b7ccdf6ebaa0dd83fd,2026-02-02T13:08:45.011716,0.008115678492867947,2026-02-02T13:08:44.316599935Z,bellOnInvocation,2026-02-02 13:08:44.325727+00:00,2026-02-02 13:08:44.325798+00:00
bf399b789f1163b7ccdf6ebaa0dd83fd,2026-02-02T13:08:45.011716,0.008115678492867947,2026-02-02T13:08:44.316599935Z,gateDownAction,2026-02-02 13:08:46.325759+00:00,2026-02-02 13:08:46.325841+00:00
bf399b789f1163b7ccdf6ebaa0dd83fd,2026-02-02T13:08:45.011716,0.008115678492867947,2026-02-02T13:08:44.316599935Z,lightOnAction,2026-02-02 13:08:46.325517+00:00,2026-02-02 13:08:46.325601+00:00
bf399b789f1163b7ccdf6ebaa0dd83fd,2026-02-02T13:08:45.011716,0.008115678492867947,2026-02-02T13:08:44.316599935Z,gateDownInvocation,2026-02-02 13:08:44.324747+00:00,2026-02-02 13:08:44.324835+00:00
bf399b789f1163b7ccdf6ebaa0dd83fd,2026-02-02T13:08:45.011716,0.008115678492867947,2026-02-02T13:08:44.316599935Z,lightOnInvocation,2026-02-02 13:08:44.324830+00:00,2026-02-02 13:08:44.324909+00:00
bf399b789f1163b7ccdf6ebaa0dd83fd,2026-02-02T13:08:45.011716,0.008115678492867947,2026-02-02T13:08:44.316599935Z,lightOnAction,2026-02-02 13:08:46.324784+00:00,2026-02-02 13:08:46.324870+00:00
bf399b789f1163b7ccdf6ebaa0dd83fd,2026-02-02T13:08:45.011716,0.008115678492867947,2026-02-02T13:08:44.316599935Z,lightOnInvocation,2026-02-02 13:08:44.324650+00:00,2026-02-02 13:08:44.324717+00:00
bf399b789f1163b7ccdf6ebaa0dd83fd,2026-02-02T13:08:45.011716,0.008115678492867947,2026-02-02T13:08:44.316599935Z,bellOnAction,2026-02-02 13:08:46.328137+00:00,2026-02-02 13:08:46.328230+00:00
bf399b789f1163b7ccdf6ebaa0dd83fd,2026-02-02T13:08:45.011716,0.008115678492867947,2026-02-02T13:08:44.316599935Z,bellOnInvocation,2026-02-02 13:08:44.327833+00:00,2026-02-02 13:08:44.327969+00:00
bf399b789f1163b7ccdf6ebaa0dd83fd,2026-02-02T13:08:45.011716,0.008115678492867947,2026-02-02T13:08:44.316599935Z,bellOnAction,2026-02-02 13:08:46.328606+00:00,2026-02-02 13:08:46.328665+00:00
bf399b789f1163b7ccdf6ebaa0dd83fd,2026-02-02T13:08:45.011716,0.008115678492867947,2026-02-02T13:08:44.316599935Z,gateDownInvocation,2026-02-02 13:08:44.324628+00:00,2026-02-02 13:08:44.324717+00:00
bf399b789f1163b7ccdf6ebaa0dd83fd,2026-02-02T13:08:45.011716,0.008115678492867947,2026-02-02T13:08:44.316599935Z,gateDownAction,2026-02-02 13:08:46.325245+00:00,2026-02-02 13:08:46.325331+00:00
2ecb20bd55f1930536f654fddc34cae0,2026-02-02T13:16:53.998718,0.0896149321592927,2026-02-02T13:16:53.36116332Z,bellOnInvocation,2026-02-02 13:16:53.367385+00:00,2026-02-02 13:16:53.367430+00:00
2ecb20bd55f1930536f654fddc34cae0,2026-02-02T13:16:53.998718,0.0896149321592927,2026-02-02T13:16:53.36116332Z,bellOnAction,2026-02-02 13:16:55.367178+00:00,2026-02-02 13:16:55.367234+00:00
2ecb20bd55f1930536f654fddc34cae0,2026-02-02T13:16:53.998718,0.0896149321592927,2026-02-02T13:16:53.36116332Z,lightOnAction,2026-02-02 13:16:55.366781+00:00,2026-02-02 13:16:55.366838+00:00
2ecb20bd55f1930536f654fddc34cae0,2026-02-02T13:16:53.998718,0.0896149321592927,2026-02-02T13:16:53.36116332Z,lightOnInvocation,2026-02-02 13:16:53.365643+00:00,2026-02-02 13:16:53.365729+00:00
2ecb20bd55f1930536f654fddc34cae0,2026-02-02T13:16:53.998718,0.0896149321592927,2026-02-02T13:16:53.36116332Z,bellOnInvocation,2026-02-02 13:16:53.365669+00:00,2026-02-02 13:16:53.365755+00:00
2ecb20bd55f1930536f654fddc34cae0,2026-02-02T13:16:53.998718,0.0896149321592927,2026-02-02T13:16:53.36116332Z,gateDownAction,2026-02-02 13:16:55.366708+00:00,2026-02-02 13:16:55.366792+00:00
2ecb20bd55f1930536f654fddc34cae0,2026-02-02T13:16:53.998718,0.0896149321592927,2026-02-02T13:16:53.36116332Z,lightOnAction,2026-02-02 13:16:55.367437+00:00,2026-02-02 13:16:55.367474+00:00
2ecb20bd55f1930536f654fddc34cae0,2026-02-02T13:16:53.998718,0.0896149321592927,2026-02-02T13:16:53.36116332Z,gateDownInvocation,2026-02-02 13:16:53.366073+00:00,2026-02-02 13:16:53.366153+00:00
2ecb20bd55f1930536f654fddc34cae0,2026-02-02T13:16:53.998718,0.0896149321592927,2026-02-02T13:16:53.36116332Z,bellOnAction,2026-02-02 13:16:55.367638+00:00,2026-02-02 13:16:55.367670+00:00
2ecb20bd55f1930536f654fddc34cae0,2026-02-02T13:16:53.998718,0.0896149321592927,2026-02-02T13:16:53.36116332Z,gateDownAction,2026-02-02 13:16:55.366401+00:00,2026-02-02 13:16:55.366587+00:00
2ecb20bd55f1930536f654fddc34cae0,2026-02-02T13:16:53.998718,0.0896149321592927,2026-02-02T13:16:53.36116332Z,gateDownInvocation,2026-02-02 13:16:53.365467+00:00,2026-02-02 13:16:53.365591+00:00
2ecb20bd55f1930536f654fddc34cae0,2026-02-02T13:16:53.998718,0.0896149321592927,2026-02-02T13:16:53.36116332Z,lightOnInvocation,2026-02-02 13:16:53.366645+00:00,2026-02-02 13:16:53.366694+00:00
94270f260a78cefb0cf09f8f3c2a7c83,2026-02-02T13:15:31.537934,0.07603114067085982,2026-02-02T13:15:31.850253337Z,gateUpInvocation,2026-02-02 13:15:31.857027+00:00,2026-02-02 13:15:31.857157+00:00
94270f260a78cefb0cf09f8f3c2a7c83,2026-02-02T13:15:31.537934,0.07603114067085982,2026-02-02T13:15:31.850253337Z,bellOffInvocation,2026-02-02 13:15:31.859546+00:00,2026-02-02 13:15:31.859687+00:00
94270f260a78cefb0cf09f8f3c2a7c83,2026-02-02T13:15:31.537934,0.07603114067085982,2026-02-02T13:15:31.850253337Z,gateUpInvocation,2026-02-02 13:15:31.856905+00:00,2026-02-02 13:15:31.857079+00:00
94270f260a78cefb0cf09f8f3c2a7c83,2026-02-02T13:15:31.537934,0.07603114067085982,2026-02-02T13:15:31.850253337Z,bellOffInvocation,2026-02-02 13:15:31.861103+00:00,2026-02-02 13:15:31.861190+00:00
94270f260a78cefb0cf09f8f3c2a7c83,2026-02-02T13:15:31.537934,0.07603114067085982,2026-02-02T13:15:31.850253337Z,lightOffInvocation,2026-02-02 13:15:31.857219+00:00,2026-02-02 13:15:31.857390+00:00
94270f260a78cefb0cf09f8f3c2a7c83,2026-02-02T13:15:31.537934,0.07603114067085982,2026-02-02T13:15:31.850253337Z,lightOffInvocation,2026-02-02 13:15:31.857192+00:00,2026-02-02 13:15:31.857329+00:00
68bf7db42b64fd9c33b934c32d2533bc,2026-02-02T13:16:27.921672,0.08543171465226412,2026-02-02T13:16:28.259271585Z,lightOffInvocation,2026-02-02 13:16:28.265787+00:00,2026-02-02 13:16:28.265897+00:00
68bf7db42b64fd9c33b934c32d2533bc,2026-02-02T13:16:27.921672,0.08543171465226412,2026-02-02T13:16:28.259271585Z,lightOffInvocation,2026-02-02 13:16:28.266381+00:00,2026-02-02 13:16:28.266527+00:00
68bf7db42b64fd9c33b934c32d2533bc,2026-02-02T13:16:27.921672,0.08543171465226412,2026-02-02T13:16:28.259271585Z,gateUpInvocation,2026-02-02 13:16:28.267676+00:00,2026-02-02 13:16:28.267801+00:00
68bf7db42b64fd9c33b934c32d2533bc,2026-02-02T13:16:27.921672,0.08543171465226412,2026-02-02T13:16:28.259271585Z,bellOffInvocation,2026-02-02 13:16:28.269156+00:00,2026-02-02 13:16:28.269276+00:00
68bf7db42b64fd9c33b934c32d2533bc,2026-02-02T13:16:27.921672,0.08543171465226412,2026-02-02T13:16:28.259271585Z,gateUpInvocation,2026-02-02 13:16:28.264880+00:00,2026-02-02 13:16:28.265038+00:00
68bf7db42b64fd9c33b934c32d2533bc,2026-02-02T13:16:27.921672,0.08543171465226412,2026-02-02T13:16:28.259271585Z,bellOffInvocation,2026-02-02 13:16:28.270889+00:00,2026-02-02 13:16:28.270981+00:00
d9f127eff0d7f12b4f594578511a1978,2026-02-02T13:17:46.227336,0.09849023353384734,2026-02-02T13:17:46.618103021Z,bellOffInvocation,2026-02-02 13:17:46.621628+00:00,2026-02-02 13:17:46.621658+00:00
d9f127eff0d7f12b4f594578511a1978,2026-02-02T13:17:46.227336,0.09849023353384734,2026-02-02T13:17:46.618103021Z,bellOffInvocation,2026-02-02 13:17:46.622134+00:00,2026-02-02 13:17:46.622170+00:00
d9f127eff0d7f12b4f594578511a1978,2026-02-02T13:17:46.227336,0.09849023353384734,2026-02-02T13:17:46.618103021Z,lightOffInvocation,2026-02-02 13:17:46.620890+00:00,2026-02-02 13:17:46.620949+00:00
d9f127eff0d7f12b4f594578511a1978,2026-02-02T13:17:46.227336,0.09849023353384734,2026-02-02T13:17:46.618103021Z,lightOffInvocation,2026-02-02 13:17:46.620541+00:00,2026-02-02 13:17:46.620602+00:00
d9f127eff0d7f12b4f594578511a1978,2026-02-02T13:17:46.227336,0.09849023353384734,2026-02-02T13:17:46.618103021Z,gateUpInvocation,2026-02-02 13:17:46.620912+00:00,2026-02-02 13:17:46.620986+00:00
d9f127eff0d7f12b4f594578511a1978,2026-02-02T13:17:46.227336,0.09849023353384734,2026-02-02T13:17:46.618103021Z,gateUpInvocation,2026-02-02 13:17:46.620544+00:00,2026-02-02 13:17:46.620603+00:00
c5ac4a249e20ccd98de965583641a942,2026-02-02T13:15:31.537934,0.075864210596776,2026-02-02T13:15:30.848538771Z,bellOnInvocation,2026-02-02 13:15:30.860172+00:00,2026-02-02 13:15:30.860318+00:00
c5ac4a249e20ccd98de965583641a942,2026-02-02T13:15:31.537934,0.075864210596776,2026-02-02T13:15:30.848538771Z,lightOnAction,2026-02-02 13:15:32.856628+00:00,2026-02-02 13:15:32.856750+00:00
c5ac4a249e20ccd98de965583641a942,2026-02-02T13:15:31.537934,0.075864210596776,2026-02-02T13:15:30.848538771Z,gateDownInvocation,2026-02-02 13:15:30.855813+00:00,2026-02-02 13:15:30.856115+00:00
c5ac4a249e20ccd98de965583641a942,2026-02-02T13:15:31.537934,0.075864210596776,2026-02-02T13:15:30.848538771Z,gateDownAction,2026-02-02 13:15:32.857494+00:00,2026-02-02 13:15:32.857576+00:00
c5ac4a249e20ccd98de965583641a942,2026-02-02T13:15:31.537934,0.075864210596776,2026-02-02T13:15:30.848538771Z,gateDownInvocation,2026-02-02 13:15:30.855626+00:00,2026-02-02 13:15:30.856013+00:00
c5ac4a249e20ccd98de965583641a942,2026-02-02T13:15:31.537934,0.075864210596776,2026-02-02T13:15:30.848538771Z,bellOnAction,2026-02-02 13:15:32.859472+00:00,2026-02-02 13:15:32.859538+00:00
c5ac4a249e20ccd98de965583641a942,2026-02-02T13:15:31.537934,0.075864210596776,2026-02-02T13:15:30.848538771Z,lightOnAction,2026-02-02 13:15:32.856792+00:00,2026-02-02 13:15:32.856945+00:00
c5ac4a249e20ccd98de965583641a942,2026-02-02T13:15:31.537934,0.075864210596776,2026-02-02T13:15:30.848538771Z,bellOnAction,2026-02-02 13:15:32.860928+00:00,2026-02-02 13:15:32.861029+00:00
c5ac4a249e20ccd98de965583641a942,2026-02-02T13:15:31.537934,0.075864210596776,2026-02-02T13:15:30.848538771Z,lightOnInvocation,2026-02-02 13:15:30.855883+00:00,2026-02-02 13:15:30.856077+00:00
c5ac4a249e20ccd98de965583641a942,2026-02-02T13:15:31.537934,0.075864210596776,2026-02-02T13:15:30.848538771Z,bellOnInvocation,2026-02-02 13:15:30.858326+00:00,2026-02-02 13:15:30.858465+00:00
c5ac4a249e20ccd98de965583641a942,2026-02-02T13:15:31.537934,0.075864210596776,2026-02-02T13:15:30.848538771Z,gateDownAction,2026-02-02 13:15:32.857570+00:00,2026-02-02 13:15:32.857673+00:00
c5ac4a249e20ccd98de965583641a942,2026-02-02T13:15:31.537934,0.075864210596776,2026-02-02T13:15:30.848538771Z,lightOnInvocation,2026-02-02 13:15:30.855345+00:00,2026-02-02 13:15:30.855569+00:00
2703c3655dfbe6590677d2b737680a83,2026-02-02T13:14:48.137932,0.06863409613672496,2026-02-02T13:14:47.463340076Z,lightOnInvocation,2026-02-02 13:14:47.467012+00:00,2026-02-02 13:14:47.467096+00:00
2703c3655dfbe6590677d2b737680a83,2026-02-02T13:14:48.137932,0.06863409613672496,2026-02-02T13:14:47.463340076Z,gateDownInvocation,2026-02-02 13:14:47.466916+00:00,2026-02-02 13:14:47.467021+00:00
2703c3655dfbe6590677d2b737680a83,2026-02-02T13:14:48.137932,0.06863409613672496,2026-02-02T13:14:47.463340076Z,gateDownAction,2026-02-02 13:14:49.467545+00:00,2026-02-02 13:14:49.467628+00:00
2703c3655dfbe6590677d2b737680a83,2026-02-02T13:14:48.137932,0.06863409613672496,2026-02-02T13:14:47.463340076Z,bellOnAction,2026-02-02 13:14:49.469363+00:00,2026-02-02 13:14:49.469385+00:00
2703c3655dfbe6590677d2b737680a83,2026-02-02T13:14:48.137932,0.06863409613672496,2026-02-02T13:14:47.463340076Z,gateDownAction,2026-02-02 13:14:49.468457+00:00,2026-02-02 13:14:49.468487+00:00
2703c3655dfbe6590677d2b737680a83,2026-02-02T13:14:48.137932,0.06863409613672496,2026-02-02T13:14:47.463340076Z,lightOnAction,2026-02-02 13:14:49.468697+00:00,2026-02-02 13:14:49.468723+00:00
2703c3655dfbe6590677d2b737680a83,2026-02-02T13:14:48.137932,0.06863409613672496,2026-02-02T13:14:47.463340076Z,gateDownInvocation,2026-02-02 13:14:47.465933+00:00,2026-02-02 13:14:47.466944+00:00
2703c3655dfbe6590677d2b737680a83,2026-02-02T13:14:48.137932,0.06863409613672496,2026-02-02T13:14:47.463340076Z,bellOnInvocation,2026-02-02 13:14:47.468839+00:00,2026-02-02 13:14:47.469030+00:00
2703c3655dfbe6590677d2b737680a83,2026-02-02T13:14:48.137932,0.06863409613672496,2026-02-02T13:14:47.463340076Z,bellOnInvocation,2026-02-02 13:14:47.469434+00:00,2026-02-02 13:14:47.469518+00:00
2703c3655dfbe6590677d2b737680a83,2026-02-02T13:14:48.137932,0.06863409613672496,2026-02-02T13:14:47.463340076Z,bellOnAction,2026-02-02 13:14:49.469696+00:00,2026-02-02 13:14:49.469719+00:00
2703c3655dfbe6590677d2b737680a83,2026-02-02T13:14:48.137932,0.06863409613672496,2026-02-02T13:14:47.463340076Z,lightOnInvocation,2026-02-02 13:14:47.468219+00:00,2026-02-02 13:14:47.468305+00:00
2703c3655dfbe6590677d2b737680a83,2026-02-02T13:14:48.137932,0.06863409613672496,2026-02-02T13:14:47.463340076Z,lightOnAction,2026-02-02 13:14:49.468109+00:00,2026-02-02 13:14:49.468146+00:00
8714e1c3364155e7cc4f32f4288887d1,2026-02-02T13:17:41.868892,0.09776154573035241,2026-02-02T13:17:42.245622716Z,lightOffInvocation,2026-02-02 13:17:42.252447+00:00,2026-02-02 13:17:42.252616+00:00
8714e1c3364155e7cc4f32f4288887d1,2026-02-02T13:17:41.868892,0.09776154573035241,2026-02-02T13:17:42.245622716Z,gateUpInvocation,2026-02-02 13:17:42.252537+00:00,2026-02-02 13:17:42.252707+00:00
8714e1c3364155e7cc4f32f4288887d1,2026-02-02T13:17:41.868892,0.09776154573035241,2026-02-02T13:17:42.245622716Z,bellOffInvocation,2026-02-02 13:17:42.254900+00:00,2026-02-02 13:17:42.255036+00:00
8714e1c3364155e7cc4f32f4288887d1,2026-02-02T13:17:41.868892,0.09776154573035241,2026-02-02T13:17:42.245622716Z,gateUpInvocation,2026-02-02 13:17:42.251362+00:00,2026-02-02 13:17:42.251535+00:00
8714e1c3364155e7cc4f32f4288887d1,2026-02-02T13:17:41.868892,0.09776154573035241,2026-02-02T13:17:42.245622716Z,bellOffInvocation,2026-02-02 13:17:42.256760+00:00,2026-02-02 13:17:42.256918+00:00
8714e1c3364155e7cc4f32f4288887d1,2026-02-02T13:17:41.868892,0.09776154573035241,2026-02-02T13:17:42.245622716Z,lightOffInvocation,2026-02-02 13:17:42.252208+00:00,2026-02-02 13:17:42.252354+00:00
bff269bb4516627cedb70c524aa62a8e,2026-02-02T13:08:01.978555,0.0011102447154760363,2026-02-02T13:08:02.279796455Z,gateUpInvocation,2026-02-02 13:08:02.293619+00:00,2026-02-02 13:08:02.293701+00:00
bff269bb4516627cedb70c524aa62a8e,2026-02-02T13:08:01.978555,0.0011102447154760363,2026-02-02T13:08:02.279796455Z,bellOffInvocation,2026-02-02 13:08:02.294447+00:00,2026-02-02 13:08:02.294489+00:00
bff269bb4516627cedb70c524aa62a8e,2026-02-02T13:08:01.978555,0.0011102447154760363,2026-02-02T13:08:02.279796455Z,bellOffInvocation,2026-02-02 13:08:02.294463+00:00,2026-02-02 13:08:02.294521+00:00
bff269bb4516627cedb70c524aa62a8e,2026-02-02T13:08:01.978555,0.0011102447154760363,2026-02-02T13:08:02.279796455Z,lightOffInvocation,2026-02-02 13:08:02.292053+00:00,2026-02-02 13:08:02.292105+00:00
bff269bb4516627cedb70c524aa62a8e,2026-02-02T13:08:01.978555,0.0011102447154760363,2026-02-02T13:08:02.279796455Z,lightOffInvocation,2026-02-02 13:08:02.294151+00:00,2026-02-02 13:08:02.294220+00:00
bff269bb4516627cedb70c524aa62a8e,2026-02-02T13:08:01.978555,0.0011102447154760363,2026-02-02T13:08:02.279796455Z,gateUpInvocation,2026-02-02 13:08:02.292789+00:00,2026-02-02 13:08:02.292854+00:00
4defb7b0a38844c63d678280fb9bfbde,2026-02-02T13:12:07.764431,0.04190989431372882,2026-02-02T13:12:07.102367356Z,gateDownAction,2026-02-02 13:12:09.113608+00:00,2026-02-02 13:12:09.113642+00:00
4defb7b0a38844c63d678280fb9bfbde,2026-02-02T13:12:07.764431,0.04190989431372882,2026-02-02T13:12:07.102367356Z,bellOnInvocation,2026-02-02 13:12:07.115605+00:00,2026-02-02 13:12:07.115937+00:00
4defb7b0a38844c63d678280fb9bfbde,2026-02-02T13:12:07.764431,0.04190989431372882,2026-02-02T13:12:07.102367356Z,lightOnAction,2026-02-02 13:12:09.113366+00:00,2026-02-02 13:12:09.113419+00:00
4defb7b0a38844c63d678280fb9bfbde,2026-02-02T13:12:07.764431,0.04190989431372882,2026-02-02T13:12:07.102367356Z,gateDownAction,2026-02-02 13:12:09.116243+00:00,2026-02-02 13:12:09.116288+00:00
4defb7b0a38844c63d678280fb9bfbde,2026-02-02T13:12:07.764431,0.04190989431372882,2026-02-02T13:12:07.102367356Z,lightOnInvocation,2026-02-02 13:12:07.112111+00:00,2026-02-02 13:12:07.112300+00:00
4defb7b0a38844c63d678280fb9bfbde,2026-02-02T13:12:07.764431,0.04190989431372882,2026-02-02T13:12:07.102367356Z,lightOnAction,2026-02-02 13:12:09.113970+00:00,2026-02-02 13:12:09.114022+00:00
4defb7b0a38844c63d678280fb9bfbde,2026-02-02T13:12:07.764431,0.04190989431372882,2026-02-02T13:12:07.102367356Z,bellOnAction,2026-02-02 13:12:09.116290+00:00,2026-02-02 13:12:09.116324+00:00
4defb7b0a38844c63d678280fb9bfbde,2026-02-02T13:12:07.764431,0.04190989431372882,2026-02-02T13:12:07.102367356Z,bellOnAction,2026-02-02 13:12:09.117717+00:00,2026-02-02 13:12:09.117748+00:00
4defb7b0a38844c63d678280fb9bfbde,2026-02-02T13:12:07.764431,0.04190989431372882,2026-02-02T13:12:07.102367356Z,gateDownInvocation,2026-02-02 13:12:07.111930+00:00,2026-02-02 13:12:07.112233+00:00
4defb7b0a38844c63d678280fb9bfbde,2026-02-02T13:12:07.764431,0.04190989431372882,2026-02-02T13:12:07.102367356Z,gateDownInvocation,2026-02-02 13:12:07.114560+00:00,2026-02-02 13:12:07.114933+00:00
4defb7b0a38844c63d678280fb9bfbde,2026-02-02T13:12:07.764431,0.04190989431372882,2026-02-02T13:12:07.102367356Z,lightOnInvocation,2026-02-02 13:12:07.111282+00:00,2026-02-02 13:12:07.112023+00:00
4defb7b0a38844c63d678280fb9bfbde,2026-02-02T13:12:07.764431,0.04190989431372882,2026-02-02T13:12:07.102367356Z,bellOnInvocation,2026-02-02 13:12:07.115257+00:00,2026-02-02 13:12:07.115437+00:00
9fd9df3a0f053cb565f6626483636bd1,2026-02-02T13:17:15.723102,0.09340225161862374,2026-02-02T13:17:16.087367001Z,lightOffInvocation,2026-02-02 13:17:16.093117+00:00,2026-02-02 13:17:16.093272+00:00
9fd9df3a0f053cb565f6626483636bd1,2026-02-02T13:17:15.723102,0.09340225161862374,2026-02-02T13:17:16.087367001Z,bellOffInvocation,2026-02-02 13:17:16.099662+00:00,2026-02-02 13:17:16.099766+00:00
9fd9df3a0f053cb565f6626483636bd1,2026-02-02T13:17:15.723102,0.09340225161862374,2026-02-02T13:17:16.087367001Z,gateUpInvocation,2026-02-02 13:17:16.095512+00:00,2026-02-02 13:17:16.095643+00:00
9fd9df3a0f053cb565f6626483636bd1,2026-02-02T13:17:15.723102,0.09340225161862374,2026-02-02T13:17:16.087367001Z,bellOffInvocation,2026-02-02 13:17:16.095624+00:00,2026-02-02 13:17:16.095714+00:00
9fd9df3a0f053cb565f6626483636bd1,2026-02-02T13:17:15.723102,0.09340225161862374,2026-02-02T13:17:16.087367001Z,gateUpInvocation,2026-02-02 13:17:16.096273+00:00,2026-02-02 13:17:16.096429+00:00
9fd9df3a0f053cb565f6626483636bd1,2026-02-02T13:17:15.723102,0.09340225161862374,2026-02-02T13:17:16.087367001Z,lightOffInvocation,2026-02-02 13:17:16.097807+00:00,2026-02-02 13:17:16.097922+00:00
388822428fc67364064f0f0356f62d00,2026-02-02T13:08:01.978555,0.0009435247466206552,2026-02-02T13:08:01.279313391Z,gateDownAction,2026-02-02 13:08:03.292576+00:00,2026-02-02 13:08:03.292783+00:00
388822428fc67364064f0f0356f62d00,2026-02-02T13:08:01.978555,0.0009435247466206552,2026-02-02T13:08:01.279313391Z,gateDownAction,2026-02-02 13:08:03.292292+00:00,2026-02-02 13:08:03.292479+00:00
388822428fc67364064f0f0356f62d00,2026-02-02T13:08:01.978555,0.0009435247466206552,2026-02-02T13:08:01.279313391Z,bellOnAction,2026-02-02 13:08:03.292613+00:00,2026-02-02 13:08:03.292720+00:00
388822428fc67364064f0f0356f62d00,2026-02-02T13:08:01.978555,0.0009435247466206552,2026-02-02T13:08:01.279313391Z,lightOnAction,2026-02-02 13:08:03.291462+00:00,2026-02-02 13:08:03.291632+00:00
388822428fc67364064f0f0356f62d00,2026-02-02T13:08:01.978555,0.0009435247466206552,2026-02-02T13:08:01.279313391Z,gateDownInvocation,2026-02-02 13:08:01.290131+00:00,2026-02-02 13:08:01.290287+00:00
388822428fc67364064f0f0356f62d00,2026-02-02T13:08:01.978555,0.0009435247466206552,2026-02-02T13:08:01.279313391Z,bellOnInvocation,2026-02-02 13:08:01.291475+00:00,2026-02-02 13:08:01.291548+00:00
388822428fc67364064f0f0356f62d00,2026-02-02T13:08:01.978555,0.0009435247466206552,2026-02-02T13:08:01.279313391Z,lightOnAction,2026-02-02 13:08:03.290836+00:00,2026-02-02 13:08:03.291030+00:00
388822428fc67364064f0f0356f62d00,2026-02-02T13:08:01.978555,0.0009435247466206552,2026-02-02T13:08:01.279313391Z,gateDownInvocation,2026-02-02 13:08:01.291768+00:00,2026-02-02 13:08:01.291878+00:00
388822428fc67364064f0f0356f62d00,2026-02-02T13:08:01.978555,0.0009435247466206552,2026-02-02T13:08:01.279313391Z,lightOnInvocation,2026-02-02 13:08:01.289854+00:00,2026-02-02 13:08:01.289920+00:00
388822428fc67364064f0f0356f62d00,2026-02-02T13:08:01.978555,0.0009435247466206552,2026-02-02T13:08:01.279313391Z,bellOnAction,2026-02-02 13:08:03.291450+00:00,2026-02-02 13:08:03.291506+00:00
388822428fc67364064f0f0356f62d00,2026-02-02T13:08:01.978555,0.0009435247466206552,2026-02-02T13:08:01.279313391Z,bellOnInvocation,2026-02-02 13:08:01.291812+00:00,2026-02-02 13:08:01.291897+00:00
388822428fc67364064f0f0356f62d00,2026-02-02T13:08:01.978555,0.0009435247466206552,2026-02-02T13:08:01.279313391Z,lightOnInvocation,2026-02-02 13:08:01.289665+00:00,2026-02-02 13:08:01.289770+00:00
40f23ec3abc91c82c06755f23373211e,2026-02-02T13:12:20.738417,0.044233344055032736,2026-02-02T13:12:21.044196142Z,gateUpInvocation,2026-02-02 13:12:21.047215+00:00,2026-02-02 13:12:21.047258+00:00
40f23ec3abc91c82c06755f23373211e,2026-02-02T13:12:20.738417,0.044233344055032736,2026-02-02T13:12:21.044196142Z,lightOffInvocation,2026-02-02 13:12:21.046854+00:00,2026-02-02 13:12:21.046896+00:00
40f23ec3abc91c82c06755f23373211e,2026-02-02T13:12:20.738417,0.044233344055032736,2026-02-02T13:12:21.044196142Z,gateUpInvocation,2026-02-02 13:12:21.046849+00:00,2026-02-02 13:12:21.046895+00:00
40f23ec3abc91c82c06755f23373211e,2026-02-02T13:12:20.738417,0.044233344055032736,2026-02-02T13:12:21.044196142Z,bellOffInvocation,2026-02-02 13:12:21.048636+00:00,2026-02-02 13:12:21.048660+00:00
40f23ec3abc91c82c06755f23373211e,2026-02-02T13:12:20.738417,0.044233344055032736,2026-02-02T13:12:21.044196142Z,lightOffInvocation,2026-02-02 13:12:21.047330+00:00,2026-02-02 13:12:21.047386+00:00
40f23ec3abc91c82c06755f23373211e,2026-02-02T13:12:20.738417,0.044233344055032736,2026-02-02T13:12:21.044196142Z,bellOffInvocation,2026-02-02 13:12:21.047600+00:00,2026-02-02 13:12:21.047636+00:00
d4f6b37fca12ba0b55aa93d6ec96ba90,2026-02-02T13:13:51.727455,0.05939834891237022,2026-02-02T13:13:52.043493399Z,gateUpInvocation,2026-02-02 13:13:52.052239+00:00,2026-02-02 13:13:52.052359+00:00
d4f6b37fca12ba0b55aa93d6ec96ba90,2026-02-02T13:13:51.727455,0.05939834891237022,2026-02-02T13:13:52.043493399Z,lightOffInvocation,2026-02-02 13:13:52.050803+00:00,2026-02-02 13:13:52.050940+00:00
d4f6b37fca12ba0b55aa93d6ec96ba90,2026-02-02T13:13:51.727455,0.05939834891237022,2026-02-02T13:13:52.043493399Z,bellOffInvocation,2026-02-02 13:13:52.054267+00:00,2026-02-02 13:13:52.054405+00:00
d4f6b37fca12ba0b55aa93d6ec96ba90,2026-02-02T13:13:51.727455,0.05939834891237022,2026-02-02T13:13:52.043493399Z,lightOffInvocation,2026-02-02 13:13:52.052752+00:00,2026-02-02 13:13:52.052882+00:00
d4f6b37fca12ba0b55aa93d6ec96ba90,2026-02-02T13:13:51.727455,0.05939834891237022,2026-02-02T13:13:52.043493399Z,bellOffInvocation,2026-02-02 13:13:52.053406+00:00,2026-02-02 13:13:52.053544+00:00
d4f6b37fca12ba0b55aa93d6ec96ba90,2026-02-02T13:13:51.727455,0.05939834891237022,2026-02-02T13:13:52.043493399Z,gateUpInvocation,2026-02-02 13:13:52.051050+00:00,2026-02-02 13:13:52.051195+00:00
4929708f6ef69a0f7031082e78a1743d,2026-02-02T13:09:53.957281,0.019607397470557692,2026-02-02T13:09:53.27381679Z,bellOnAction,2026-02-02 13:09:55.291203+00:00,2026-02-02 13:09:55.291269+00:00
4929708f6ef69a0f7031082e78a1743d,2026-02-02T13:09:53.957281,0.019607397470557692,2026-02-02T13:09:53.27381679Z,gateDownAction,2026-02-02 13:09:55.287097+00:00,2026-02-02 13:09:55.287190+00:00
4929708f6ef69a0f7031082e78a1743d,2026-02-02T13:09:53.957281,0.019607397470557692,2026-02-02T13:09:53.27381679Z,gateDownAction,2026-02-02 13:09:55.286876+00:00,2026-02-02 13:09:55.286989+00:00
4929708f6ef69a0f7031082e78a1743d,2026-02-02T13:09:53.957281,0.019607397470557692,2026-02-02T13:09:53.27381679Z,lightOnAction,2026-02-02 13:09:55.286381+00:00,2026-02-02 13:09:55.286467+00:00
4929708f6ef69a0f7031082e78a1743d,2026-02-02T13:09:53.957281,0.019607397470557692,2026-02-02T13:09:53.27381679Z,lightOnAction,2026-02-02 13:09:55.286595+00:00,2026-02-02 13:09:55.286681+00:00
4929708f6ef69a0f7031082e78a1743d,2026-02-02T13:09:53.957281,0.019607397470557692,2026-02-02T13:09:53.27381679Z,bellOnInvocation,2026-02-02 13:09:53.290964+00:00,2026-02-02 13:09:53.291153+00:00
4929708f6ef69a0f7031082e78a1743d,2026-02-02T13:09:53.957281,0.019607397470557692,2026-02-02T13:09:53.27381679Z,lightOnInvocation,2026-02-02 13:09:53.285145+00:00,2026-02-02 13:09:53.285337+00:00
4929708f6ef69a0f7031082e78a1743d,2026-02-02T13:09:53.957281,0.019607397470557692,2026-02-02T13:09:53.27381679Z,bellOnInvocation,2026-02-02 13:09:53.288500+00:00,2026-02-02 13:09:53.288695+00:00
4929708f6ef69a0f7031082e78a1743d,2026-02-02T13:09:53.957281,0.019607397470557692,2026-02-02T13:09:53.27381679Z,bellOnAction,2026-02-02 13:09:55.289678+00:00,2026-02-02 13:09:55.289750+00:00
4929708f6ef69a0f7031082e78a1743d,2026-02-02T13:09:53.957281,0.019607397470557692,2026-02-02T13:09:53.27381679Z,lightOnInvocation,2026-02-02 13:09:53.284953+00:00,2026-02-02 13:09:53.285155+00:00
4929708f6ef69a0f7031082e78a1743d,2026-02-02T13:09:53.957281,0.019607397470557692,2026-02-02T13:09:53.27381679Z,gateDownInvocation,2026-02-02 13:09:53.284530+00:00,2026-02-02 13:09:53.285022+00:00
4929708f6ef69a0f7031082e78a1743d,2026-02-02T13:09:53.957281,0.019607397470557692,2026-02-02T13:09:53.27381679Z,gateDownInvocation,2026-02-02 13:09:53.285157+00:00,2026-02-02 13:09:53.285460+00:00
cafe9e9b07bb38a2d7b9631e2afaa7c3,2026-02-02T13:12:12.104462,0.042630737460267555,2026-02-02T13:12:11.427694589Z,lightOnInvocation,2026-02-02 13:12:11.435995+00:00,2026-02-02 13:12:11.436143+00:00
cafe9e9b07bb38a2d7b9631e2afaa7c3,2026-02-02T13:12:12.104462,0.042630737460267555,2026-02-02T13:12:11.427694589Z,gateDownAction,2026-02-02 13:12:13.437761+00:00,2026-02-02 13:12:13.437845+00:00
cafe9e9b07bb38a2d7b9631e2afaa7c3,2026-02-02T13:12:12.104462,0.042630737460267555,2026-02-02T13:12:11.427694589Z,bellOnInvocation,2026-02-02 13:12:11.437686+00:00,2026-02-02 13:12:11.437789+00:00
cafe9e9b07bb38a2d7b9631e2afaa7c3,2026-02-02T13:12:12.104462,0.042630737460267555,2026-02-02T13:12:11.427694589Z,bellOnAction,2026-02-02 13:12:13.439171+00:00,2026-02-02 13:12:13.439238+00:00
cafe9e9b07bb38a2d7b9631e2afaa7c3,2026-02-02T13:12:12.104462,0.042630737460267555,2026-02-02T13:12:11.427694589Z,lightOnAction,2026-02-02 13:12:13.435658+00:00,2026-02-02 13:12:13.435744+00:00
cafe9e9b07bb38a2d7b9631e2afaa7c3,2026-02-02T13:12:12.104462,0.042630737460267555,2026-02-02T13:12:11.427694589Z,lightOnInvocation,2026-02-02 13:12:11.434737+00:00,2026-02-02 13:12:11.434930+00:00
cafe9e9b07bb38a2d7b9631e2afaa7c3,2026-02-02T13:12:12.104462,0.042630737460267555,2026-02-02T13:12:11.427694589Z,gateDownInvocation,2026-02-02 13:12:11.436445+00:00,2026-02-02 13:12:11.436672+00:00
cafe9e9b07bb38a2d7b9631e2afaa7c3,2026-02-02T13:12:12.104462,0.042630737460267555,2026-02-02T13:12:11.427694589Z,gateDownAction,2026-02-02 13:12:13.437527+00:00,2026-02-02 13:12:13.437607+00:00
cafe9e9b07bb38a2d7b9631e2afaa7c3,2026-02-02T13:12:12.104462,0.042630737460267555,2026-02-02T13:12:11.427694589Z,lightOnAction,2026-02-02 13:12:13.436644+00:00,2026-02-02 13:12:13.436726+00:00
cafe9e9b07bb38a2d7b9631e2afaa7c3,2026-02-02T13:12:12.104462,0.042630737460267555,2026-02-02T13:12:11.427694589Z,bellOnAction,2026-02-02 13:12:13.438223+00:00,2026-02-02 13:12:13.438311+00:00
cafe9e9b07bb38a2d7b9631e2afaa7c3,2026-02-02T13:12:12.104462,0.042630737460267555,2026-02-02T13:12:11.427694589Z,gateDownInvocation,2026-02-02 13:12:11.435308+00:00,2026-02-02 13:12:11.435575+00:00
cafe9e9b07bb38a2d7b9631e2afaa7c3,2026-02-02T13:12:12.104462,0.042630737460267555,2026-02-02T13:12:11.427694589Z,bellOnInvocation,2026-02-02 13:12:11.436541+00:00,2026-02-02 13:12:11.436674+00:00
5b8a7ea95a8f3298fa8eb055c164fdad,2026-02-02T13:09:58.266283,0.02032371183227301,2026-02-02T13:09:57.572162551Z,bellOnInvocation,2026-02-02 13:09:57.585747+00:00,2026-02-02 13:09:57.585988+00:00
5b8a7ea95a8f3298fa8eb055c164fdad,2026-02-02T13:09:58.266283,0.02032371183227301,2026-02-02T13:09:57.572162551Z,lightOnInvocation,2026-02-02 13:09:57.582047+00:00,2026-02-02 13:09:57.582250+00:00
5b8a7ea95a8f3298fa8eb055c164fdad,2026-02-02T13:09:58.266283,0.02032371183227301,2026-02-02T13:09:57.572162551Z,gateDownAction,2026-02-02 13:09:59.585220+00:00,2026-02-02 13:09:59.585333+00:00
5b8a7ea95a8f3298fa8eb055c164fdad,2026-02-02T13:09:58.266283,0.02032371183227301,2026-02-02T13:09:57.572162551Z,lightOnAction,2026-02-02 13:09:59.583244+00:00,2026-02-02 13:09:59.583327+00:00
5b8a7ea95a8f3298fa8eb055c164fdad,2026-02-02T13:09:58.266283,0.02032371183227301,2026-02-02T13:09:57.572162551Z,gateDownInvocation,2026-02-02 13:09:57.583306+00:00,2026-02-02 13:09:57.583617+00:00
5b8a7ea95a8f3298fa8eb055c164fdad,2026-02-02T13:09:58.266283,0.02032371183227301,2026-02-02T13:09:57.572162551Z,gateDownInvocation,2026-02-02 13:09:57.583830+00:00,2026-02-02 13:09:57.584132+00:00
5b8a7ea95a8f3298fa8eb055c164fdad,2026-02-02T13:09:58.266283,0.02032371183227301,2026-02-02T13:09:57.572162551Z,bellOnAction,2026-02-02 13:09:59.588298+00:00,2026-02-02 13:09:59.588366+00:00
5b8a7ea95a8f3298fa8eb055c164fdad,2026-02-02T13:09:58.266283,0.02032371183227301,2026-02-02T13:09:57.572162551Z,lightOnAction,2026-02-02 13:09:59.584087+00:00,2026-02-02 13:09:59.584175+00:00
5b8a7ea95a8f3298fa8eb055c164fdad,2026-02-02T13:09:58.266283,0.02032371183227301,2026-02-02T13:09:57.572162551Z,gateDownAction,2026-02-02 13:09:59.585484+00:00,2026-02-02 13:09:59.585596+00:00
5b8a7ea95a8f3298fa8eb055c164fdad,2026-02-02T13:09:58.266283,0.02032371183227301,2026-02-02T13:09:57.572162551Z,lightOnInvocation,2026-02-02 13:09:57.581431+00:00,2026-02-02 13:09:57.581575+00:00
5b8a7ea95a8f3298fa8eb055c164fdad,2026-02-02T13:09:58.266283,0.02032371183227301,2026-02-02T13:09:57.572162551Z,bellOnInvocation,2026-02-02 13:09:57.587534+00:00,2026-02-02 13:09:57.587699+00:00
5b8a7ea95a8f3298fa8eb055c164fdad,2026-02-02T13:09:58.266283,0.02032371183227301,2026-02-02T13:09:57.572162551Z,bellOnAction,2026-02-02 13:09:59.586823+00:00,2026-02-02 13:09:59.586888+00:00
a2738f3c52354ba419ff45fabf86ddc1,2026-02-02T13:11:15.931533,0.03327053236955405,2026-02-02T13:11:15.26073476Z,lightOnInvocation,2026-02-02 13:11:15.264481+00:00,2026-02-02 13:11:15.264541+00:00
a2738f3c52354ba419ff45fabf86ddc1,2026-02-02T13:11:15.931533,0.03327053236955405,2026-02-02T13:11:15.26073476Z,bellOnAction,2026-02-02 13:11:17.266220+00:00,2026-02-02 13:11:17.266247+00:00
a2738f3c52354ba419ff45fabf86ddc1,2026-02-02T13:11:15.931533,0.03327053236955405,2026-02-02T13:11:15.26073476Z,gateDownInvocation,2026-02-02 13:11:15.265048+00:00,2026-02-02 13:11:15.265133+00:00
a2738f3c52354ba419ff45fabf86ddc1,2026-02-02T13:11:15.931533,0.03327053236955405,2026-02-02T13:11:15.26073476Z,lightOnInvocation,2026-02-02 13:11:15.264678+00:00,2026-02-02 13:11:15.264722+00:00
a2738f3c52354ba419ff45fabf86ddc1,2026-02-02T13:11:15.931533,0.03327053236955405,2026-02-02T13:11:15.26073476Z,gateDownInvocation,2026-02-02 13:11:15.264451+00:00,2026-02-02 13:11:15.264575+00:00
a2738f3c52354ba419ff45fabf86ddc1,2026-02-02T13:11:15.931533,0.03327053236955405,2026-02-02T13:11:15.26073476Z,bellOnInvocation,2026-02-02 13:11:15.265614+00:00,2026-02-02 13:11:15.265652+00:00
a2738f3c52354ba419ff45fabf86ddc1,2026-02-02T13:11:15.931533,0.03327053236955405,2026-02-02T13:11:15.26073476Z,gateDownAction,2026-02-02 13:11:17.266039+00:00,2026-02-02 13:11:17.266088+00:00
a2738f3c52354ba419ff45fabf86ddc1,2026-02-02T13:11:15.931533,0.03327053236955405,2026-02-02T13:11:15.26073476Z,lightOnAction,2026-02-02 13:11:17.265669+00:00,2026-02-02 13:11:17.265702+00:00
a2738f3c52354ba419ff45fabf86ddc1,2026-02-02T13:11:15.931533,0.03327053236955405,2026-02-02T13:11:15.26073476Z,gateDownAction,2026-02-02 13:11:17.265957+00:00,2026-02-02 13:11:17.265993+00:00
a2738f3c52354ba419ff45fabf86ddc1,2026-02-02T13:11:15.931533,0.03327053236955405,2026-02-02T13:11:15.26073476Z,lightOnAction,2026-02-02 13:11:17.264722+00:00,2026-02-02 13:11:17.264749+00:00
a2738f3c52354ba419ff45fabf86ddc1,2026-02-02T13:11:15.931533,0.03327053236955405,2026-02-02T13:11:15.26073476Z,bellOnAction,2026-02-02 13:11:17.265806+00:00,2026-02-02 13:11:17.265822+00:00
a2738f3c52354ba419ff45fabf86ddc1,2026-02-02T13:11:15.931533,0.03327053236955405,2026-02-02T13:11:15.26073476Z,bellOnInvocation,2026-02-02 13:11:15.265745+00:00,2026-02-02 13:11:15.265786+00:00
e025d623a5eab6055b1550ffb80365c1,2026-02-02T13:08:14.883588,0.003094539839625359,2026-02-02T13:08:14.186754704Z,bellOnInvocation,2026-02-02 13:08:14.205655+00:00,2026-02-02 13:08:14.205774+00:00
e025d623a5eab6055b1550ffb80365c1,2026-02-02T13:08:14.883588,0.003094539839625359,2026-02-02T13:08:14.186754704Z,bellOnAction,2026-02-02 13:08:16.206901+00:00,2026-02-02 13:08:16.207005+00:00
e025d623a5eab6055b1550ffb80365c1,2026-02-02T13:08:14.883588,0.003094539839625359,2026-02-02T13:08:14.186754704Z,lightOnAction,2026-02-02 13:08:16.201294+00:00,2026-02-02 13:08:16.201383+00:00
e025d623a5eab6055b1550ffb80365c1,2026-02-02T13:08:14.883588,0.003094539839625359,2026-02-02T13:08:14.186754704Z,lightOnAction,2026-02-02 13:08:16.201801+00:00,2026-02-02 13:08:16.201916+00:00
e025d623a5eab6055b1550ffb80365c1,2026-02-02T13:08:14.883588,0.003094539839625359,2026-02-02T13:08:14.186754704Z,gateDownAction,2026-02-02 13:08:16.202492+00:00,2026-02-02 13:08:16.202579+00:00
e025d623a5eab6055b1550ffb80365c1,2026-02-02T13:08:14.883588,0.003094539839625359,2026-02-02T13:08:14.186754704Z,gateDownInvocation,2026-02-02 13:08:14.201171+00:00,2026-02-02 13:08:14.201524+00:00
e025d623a5eab6055b1550ffb80365c1,2026-02-02T13:08:14.883588,0.003094539839625359,2026-02-02T13:08:14.186754704Z,gateDownAction,2026-02-02 13:08:16.201764+00:00,2026-02-02 13:08:16.201888+00:00
e025d623a5eab6055b1550ffb80365c1,2026-02-02T13:08:14.883588,0.003094539839625359,2026-02-02T13:08:14.186754704Z,bellOnInvocation,2026-02-02 13:08:14.207822+00:00,2026-02-02 13:08:14.208027+00:00
e025d623a5eab6055b1550ffb80365c1,2026-02-02T13:08:14.883588,0.003094539839625359,2026-02-02T13:08:14.186754704Z,gateDownInvocation,2026-02-02 13:08:14.200852+00:00,2026-02-02 13:08:14.201191+00:00
e025d623a5eab6055b1550ffb80365c1,2026-02-02T13:08:14.883588,0.003094539839625359,2026-02-02T13:08:14.186754704Z,bellOnAction,2026-02-02 13:08:16.208565+00:00,2026-02-02 13:08:16.208643+00:00
e025d623a5eab6055b1550ffb80365c1,2026-02-02T13:08:14.883588,0.003094539839625359,2026-02-02T13:08:14.186754704Z,lightOnInvocation,2026-02-02 13:08:14.200120+00:00,2026-02-02 13:08:14.200336+00:00
e025d623a5eab6055b1550ffb80365c1,2026-02-02T13:08:14.883588,0.003094539839625359,2026-02-02T13:08:14.186754704Z,lightOnInvocation,2026-02-02 13:08:14.200054+00:00,2026-02-02 13:08:14.200263+00:00
4be48872e1efc2a9069412aaad84a22b,2026-02-02T13:09:06.542327,0.011870958653092385,2026-02-02T13:09:06.850545963Z,gateUpInvocation,2026-02-02 13:09:06.858125+00:00,2026-02-02 13:09:06.858204+00:00
4be48872e1efc2a9069412aaad84a22b,2026-02-02T13:09:06.542327,0.011870958653092385,2026-02-02T13:09:06.850545963Z,gateUpInvocation,2026-02-02 13:09:06.857793+00:00,2026-02-02 13:09:06.857876+00:00
4be48872e1efc2a9069412aaad84a22b,2026-02-02T13:09:06.542327,0.011870958653092385,2026-02-02T13:09:06.850545963Z,lightOffInvocation,2026-02-02 13:09:06.858840+00:00,2026-02-02 13:09:06.858906+00:00
4be48872e1efc2a9069412aaad84a22b,2026-02-02T13:09:06.542327,0.011870958653092385,2026-02-02T13:09:06.850545963Z,lightOffInvocation,2026-02-02 13:09:06.857821+00:00,2026-02-02 13:09:06.857943+00:00
4be48872e1efc2a9069412aaad84a22b,2026-02-02T13:09:06.542327,0.011870958653092385,2026-02-02T13:09:06.850545963Z,bellOffInvocation,2026-02-02 13:09:06.865338+00:00,2026-02-02 13:09:06.865368+00:00
4be48872e1efc2a9069412aaad84a22b,2026-02-02T13:09:06.542327,0.011870958653092385,2026-02-02T13:09:06.850545963Z,bellOffInvocation,2026-02-02 13:09:06.861525+00:00,2026-02-02 13:09:06.861604+00:00
043df61d364dc4695863ffd0aed5964a,2026-02-02T13:16:23.621416,0.08471232487924099,2026-02-02T13:16:23.94253708Z,bellOffInvocation,2026-02-02 13:16:23.951245+00:00,2026-02-02 13:16:23.951330+00:00
043df61d364dc4695863ffd0aed5964a,2026-02-02T13:16:23.621416,0.08471232487924099,2026-02-02T13:16:23.94253708Z,gateUpInvocation,2026-02-02 13:16:23.948705+00:00,2026-02-02 13:16:23.948850+00:00
043df61d364dc4695863ffd0aed5964a,2026-02-02T13:16:23.621416,0.08471232487924099,2026-02-02T13:16:23.94253708Z,gateUpInvocation,2026-02-02 13:16:23.949321+00:00,2026-02-02 13:16:23.949455+00:00
043df61d364dc4695863ffd0aed5964a,2026-02-02T13:16:23.621416,0.08471232487924099,2026-02-02T13:16:23.94253708Z,lightOffInvocation,2026-02-02 13:16:23.949246+00:00,2026-02-02 13:16:23.949383+00:00
043df61d364dc4695863ffd0aed5964a,2026-02-02T13:16:23.621416,0.08471232487924099,2026-02-02T13:16:23.94253708Z,bellOffInvocation,2026-02-02 13:16:23.952632+00:00,2026-02-02 13:16:23.952710+00:00
043df61d364dc4695863ffd0aed5964a,2026-02-02T13:16:23.621416,0.08471232487924099,2026-02-02T13:16:23.94253708Z,lightOffInvocation,2026-02-02 13:16:23.948676+00:00,2026-02-02 13:16:23.948816+00:00
10cc625fd76ade5513e7a10f502fdcce,2026-02-02T13:16:06.286262,0.08182405785046816,2026-02-02T13:16:06.611073997Z,lightOffInvocation,2026-02-02 13:16:06.614594+00:00,2026-02-02 13:16:06.614660+00:00
10cc625fd76ade5513e7a10f502fdcce,2026-02-02T13:16:06.286262,0.08182405785046816,2026-02-02T13:16:06.611073997Z,bellOffInvocation,2026-02-02 13:16:06.615603+00:00,2026-02-02 13:16:06.615661+00:00
10cc625fd76ade5513e7a10f502fdcce,2026-02-02T13:16:06.286262,0.08182405785046816,2026-02-02T13:16:06.611073997Z,gateUpInvocation,2026-02-02 13:16:06.614624+00:00,2026-02-02 13:16:06.614688+00:00
10cc625fd76ade5513e7a10f502fdcce,2026-02-02T13:16:06.286262,0.08182405785046816,2026-02-02T13:16:06.611073997Z,gateUpInvocation,2026-02-02 13:16:06.615393+00:00,2026-02-02 13:16:06.615462+00:00
10cc625fd76ade5513e7a10f502fdcce,2026-02-02T13:16:06.286262,0.08182405785046816,2026-02-02T13:16:06.611073997Z,lightOffInvocation,2026-02-02 13:16:06.614582+00:00,2026-02-02 13:16:06.614651+00:00
10cc625fd76ade5513e7a10f502fdcce,2026-02-02T13:16:06.286262,0.08182405785046816,2026-02-02T13:16:06.611073997Z,bellOffInvocation,2026-02-02 13:16:06.617659+00:00,2026-02-02 13:16:06.617701+00:00
9d0ccb514c7785d51019ffd1f2d9c12d,2026-02-02T13:15:57.577017,0.08020274712247849,2026-02-02T13:15:56.882199398Z,bellOnInvocation,2026-02-02 13:15:56.886465+00:00,2026-02-02 13:15:56.886497+00:00
9d0ccb514c7785d51019ffd1f2d9c12d,2026-02-02T13:15:57.577017,0.08020274712247849,2026-02-02T13:15:56.882199398Z,gateDownInvocation,2026-02-02 13:15:56.885851+00:00,2026-02-02 13:15:56.885924+00:00
9d0ccb514c7785d51019ffd1f2d9c12d,2026-02-02T13:15:57.577017,0.08020274712247849,2026-02-02T13:15:56.882199398Z,lightOnInvocation,2026-02-02 13:15:56.884835+00:00,2026-02-02 13:15:56.884892+00:00
9d0ccb514c7785d51019ffd1f2d9c12d,2026-02-02T13:15:57.577017,0.08020274712247849,2026-02-02T13:15:56.882199398Z,lightOnAction,2026-02-02 13:15:58.886339+00:00,2026-02-02 13:15:58.886438+00:00
9d0ccb514c7785d51019ffd1f2d9c12d,2026-02-02T13:15:57.577017,0.08020274712247849,2026-02-02T13:15:56.882199398Z,bellOnAction,2026-02-02 13:15:58.887192+00:00,2026-02-02 13:15:58.887257+00:00
9d0ccb514c7785d51019ffd1f2d9c12d,2026-02-02T13:15:57.577017,0.08020274712247849,2026-02-02T13:15:56.882199398Z,bellOnAction,2026-02-02 13:15:58.886112+00:00,2026-02-02 13:15:58.886221+00:00
9d0ccb514c7785d51019ffd1f2d9c12d,2026-02-02T13:15:57.577017,0.08020274712247849,2026-02-02T13:15:56.882199398Z,lightOnAction,2026-02-02 13:15:58.886099+00:00,2026-02-02 13:15:58.886224+00:00
9d0ccb514c7785d51019ffd1f2d9c12d,2026-02-02T13:15:57.577017,0.08020274712247849,2026-02-02T13:15:56.882199398Z,gateDownAction,2026-02-02 13:15:58.886277+00:00,2026-02-02 13:15:58.886391+00:00
9d0ccb514c7785d51019ffd1f2d9c12d,2026-02-02T13:15:57.577017,0.08020274712247849,2026-02-02T13:15:56.882199398Z,lightOnInvocation,2026-02-02 13:15:56.885269+00:00,2026-02-02 13:15:56.885327+00:00
9d0ccb514c7785d51019ffd1f2d9c12d,2026-02-02T13:15:57.577017,0.08020274712247849,2026-02-02T13:15:56.882199398Z,gateDownAction,2026-02-02 13:15:58.886715+00:00,2026-02-02 13:15:58.886792+00:00
9d0ccb514c7785d51019ffd1f2d9c12d,2026-02-02T13:15:57.577017,0.08020274712247849,2026-02-02T13:15:56.882199398Z,gateDownInvocation,2026-02-02 13:15:56.884775+00:00,2026-02-02 13:15:56.884924+00:00
9d0ccb514c7785d51019ffd1f2d9c12d,2026-02-02T13:15:57.577017,0.08020274712247849,2026-02-02T13:15:56.882199398Z,bellOnInvocation,2026-02-02 13:15:56.885138+00:00,2026-02-02 13:15:56.885225+00:00
870d25a6ff687fc190c06dede69b7234,2026-02-02T13:08:23.494266,0.00469638782260418,2026-02-02T13:08:23.798803777Z,gateUpInvocation,2026-02-02 13:08:23.807117+00:00,2026-02-02 13:08:23.807192+00:00
870d25a6ff687fc190c06dede69b7234,2026-02-02T13:08:23.494266,0.00469638782260418,2026-02-02T13:08:23.798803777Z,lightOffInvocation,2026-02-02 13:08:23.808503+00:00,2026-02-02 13:08:23.808582+00:00
870d25a6ff687fc190c06dede69b7234,2026-02-02T13:08:23.494266,0.00469638782260418,2026-02-02T13:08:23.798803777Z,bellOffInvocation,2026-02-02 13:08:23.810647+00:00,2026-02-02 13:08:23.810720+00:00
870d25a6ff687fc190c06dede69b7234,2026-02-02T13:08:23.494266,0.00469638782260418,2026-02-02T13:08:23.798803777Z,gateUpInvocation,2026-02-02 13:08:23.809850+00:00,2026-02-02 13:08:23.809930+00:00
870d25a6ff687fc190c06dede69b7234,2026-02-02T13:08:23.494266,0.00469638782260418,2026-02-02T13:08:23.798803777Z,bellOffInvocation,2026-02-02 13:08:23.813933+00:00,2026-02-02 13:08:23.813994+00:00
870d25a6ff687fc190c06dede69b7234,2026-02-02T13:08:23.494266,0.00469638782260418,2026-02-02T13:08:23.798803777Z,lightOffInvocation,2026-02-02 13:08:23.807117+00:00,2026-02-02 13:08:23.807192+00:00
3d56370d45992651bcaac771374988dd,2026-02-02T13:10:58.661667,0.030392509401035314,2026-02-02T13:10:57.990958494Z,lightOnInvocation,2026-02-02 13:10:57.999106+00:00,2026-02-02 13:10:57.999278+00:00
3d56370d45992651bcaac771374988dd,2026-02-02T13:10:58.661667,0.030392509401035314,2026-02-02T13:10:57.990958494Z,lightOnAction,2026-02-02 13:11:00.002636+00:00,2026-02-02 13:11:00.002679+00:00
3d56370d45992651bcaac771374988dd,2026-02-02T13:10:58.661667,0.030392509401035314,2026-02-02T13:10:57.990958494Z,bellOnAction,2026-02-02 13:11:00.006603+00:00,2026-02-02 13:11:00.006634+00:00
3d56370d45992651bcaac771374988dd,2026-02-02T13:10:58.661667,0.030392509401035314,2026-02-02T13:10:57.990958494Z,bellOnAction,2026-02-02 13:11:00.005917+00:00,2026-02-02 13:11:00.005942+00:00
3d56370d45992651bcaac771374988dd,2026-02-02T13:10:58.661667,0.030392509401035314,2026-02-02T13:10:57.990958494Z,gateDownAction,2026-02-02 13:11:00.004017+00:00,2026-02-02 13:11:00.004064+00:00
3d56370d45992651bcaac771374988dd,2026-02-02T13:10:58.661667,0.030392509401035314,2026-02-02T13:10:57.990958494Z,gateDownInvocation,2026-02-02 13:10:57.998359+00:00,2026-02-02 13:10:57.999761+00:00
3d56370d45992651bcaac771374988dd,2026-02-02T13:10:58.661667,0.030392509401035314,2026-02-02T13:10:57.990958494Z,gateDownAction,2026-02-02 13:11:00.001709+00:00,2026-02-02 13:11:00.001756+00:00
3d56370d45992651bcaac771374988dd,2026-02-02T13:10:58.661667,0.030392509401035314,2026-02-02T13:10:57.990958494Z,lightOnAction,2026-02-02 13:11:00.000267+00:00,2026-02-02 13:11:00.000317+00:00
3d56370d45992651bcaac771374988dd,2026-02-02T13:10:58.661667,0.030392509401035314,2026-02-02T13:10:57.990958494Z,bellOnInvocation,2026-02-02 13:10:58.005740+00:00,2026-02-02 13:10:58.005968+00:00
3d56370d45992651bcaac771374988dd,2026-02-02T13:10:58.661667,0.030392509401035314,2026-02-02T13:10:57.990958494Z,gateDownInvocation,2026-02-02 13:10:58.002135+00:00,2026-02-02 13:10:58.002439+00:00
3d56370d45992651bcaac771374988dd,2026-02-02T13:10:58.661667,0.030392509401035314,2026-02-02T13:10:57.990958494Z,lightOnInvocation,2026-02-02 13:10:57.999043+00:00,2026-02-02 13:10:57.999247+00:00
3d56370d45992651bcaac771374988dd,2026-02-02T13:10:58.661667,0.030392509401035314,2026-02-02T13:10:57.990958494Z,bellOnInvocation,2026-02-02 13:10:58.004302+00:00,2026-02-02 13:10:58.004496+00:00
05e274bdbbfb3b50c668eaffe9d960f8,2026-02-02T13:13:47.398154,0.05851448103460074,2026-02-02T13:13:46.739769956Z,lightOnAction,2026-02-02 13:13:48.748208+00:00,2026-02-02 13:13:48.748296+00:00
05e274bdbbfb3b50c668eaffe9d960f8,2026-02-02T13:13:47.398154,0.05851448103460074,2026-02-02T13:13:46.739769956Z,lightOnInvocation,2026-02-02 13:13:46.746857+00:00,2026-02-02 13:13:46.746915+00:00
05e274bdbbfb3b50c668eaffe9d960f8,2026-02-02T13:13:47.398154,0.05851448103460074,2026-02-02T13:13:46.739769956Z,lightOnInvocation,2026-02-02 13:13:46.746787+00:00,2026-02-02 13:13:46.746849+00:00
05e274bdbbfb3b50c668eaffe9d960f8,2026-02-02T13:13:47.398154,0.05851448103460074,2026-02-02T13:13:46.739769956Z,bellOnAction,2026-02-02 13:13:48.750390+00:00,2026-02-02 13:13:48.750468+00:00
05e274bdbbfb3b50c668eaffe9d960f8,2026-02-02T13:13:47.398154,0.05851448103460074,2026-02-02T13:13:46.739769956Z,gateDownInvocation,2026-02-02 13:13:46.746954+00:00,2026-02-02 13:13:46.747112+00:00
05e274bdbbfb3b50c668eaffe9d960f8,2026-02-02T13:13:47.398154,0.05851448103460074,2026-02-02T13:13:46.739769956Z,bellOnAction,2026-02-02 13:13:48.748603+00:00,2026-02-02 13:13:48.748657+00:00
05e274bdbbfb3b50c668eaffe9d960f8,2026-02-02T13:13:47.398154,0.05851448103460074,2026-02-02T13:13:46.739769956Z,bellOnInvocation,2026-02-02 13:13:46.749813+00:00,2026-02-02 13:13:46.749975+00:00
05e274bdbbfb3b50c668eaffe9d960f8,2026-02-02T13:13:47.398154,0.05851448103460074,2026-02-02T13:13:46.739769956Z,gateDownInvocation,2026-02-02 13:13:46.746772+00:00,2026-02-02 13:13:46.746867+00:00
05e274bdbbfb3b50c668eaffe9d960f8,2026-02-02T13:13:47.398154,0.05851448103460074,2026-02-02T13:13:46.739769956Z,bellOnInvocation,2026-02-02 13:13:46.748085+00:00,2026-02-02 13:13:46.748209+00:00
05e274bdbbfb3b50c668eaffe9d960f8,2026-02-02T13:13:47.398154,0.05851448103460074,2026-02-02T13:13:46.739769956Z,lightOnAction,2026-02-02 13:13:48.747621+00:00,2026-02-02 13:13:48.747741+00:00
05e274bdbbfb3b50c668eaffe9d960f8,2026-02-02T13:13:47.398154,0.05851448103460074,2026-02-02T13:13:46.739769956Z,gateDownAction,2026-02-02 13:13:48.747536+00:00,2026-02-02 13:13:48.747631+00:00
05e274bdbbfb3b50c668eaffe9d960f8,2026-02-02T13:13:47.398154,0.05851448103460074,2026-02-02T13:13:46.739769956Z,gateDownAction,2026-02-02 13:13:48.747476+00:00,2026-02-02 13:13:48.747567+00:00
e0efee4cba3b9888f23ac1c970bd00bb,2026-02-02T13:12:38.086625,0.04712543378314973,2026-02-02T13:12:38.39861169Z,bellOffInvocation,2026-02-02 13:12:38.412157+00:00,2026-02-02 13:12:38.412264+00:00
e0efee4cba3b9888f23ac1c970bd00bb,2026-02-02T13:12:38.086625,0.04712543378314973,2026-02-02T13:12:38.39861169Z,gateUpInvocation,2026-02-02 13:12:38.406759+00:00,2026-02-02 13:12:38.406874+00:00
e0efee4cba3b9888f23ac1c970bd00bb,2026-02-02T13:12:38.086625,0.04712543378314973,2026-02-02T13:12:38.39861169Z,gateUpInvocation,2026-02-02 13:12:38.413669+00:00,2026-02-02 13:12:38.413835+00:00
e0efee4cba3b9888f23ac1c970bd00bb,2026-02-02T13:12:38.086625,0.04712543378314973,2026-02-02T13:12:38.39861169Z,lightOffInvocation,2026-02-02 13:12:38.413512+00:00,2026-02-02 13:12:38.413641+00:00
e0efee4cba3b9888f23ac1c970bd00bb,2026-02-02T13:12:38.086625,0.04712543378314973,2026-02-02T13:12:38.39861169Z,bellOffInvocation,2026-02-02 13:12:38.416580+00:00,2026-02-02 13:12:38.416627+00:00
e0efee4cba3b9888f23ac1c970bd00bb,2026-02-02T13:12:38.086625,0.04712543378314973,2026-02-02T13:12:38.39861169Z,lightOffInvocation,2026-02-02 13:12:38.406750+00:00,2026-02-02 13:12:38.406847+00:00
3a7877164411a316280472b90e2aefa7,2026-02-02T13:12:16.424526,0.04351767550466062,2026-02-02T13:12:16.749767801Z,lightOffInvocation,2026-02-02 13:12:16.756691+00:00,2026-02-02 13:12:16.756822+00:00
3a7877164411a316280472b90e2aefa7,2026-02-02T13:12:16.424526,0.04351767550466062,2026-02-02T13:12:16.749767801Z,gateUpInvocation,2026-02-02 13:12:16.756683+00:00,2026-02-02 13:12:16.756853+00:00
3a7877164411a316280472b90e2aefa7,2026-02-02T13:12:16.424526,0.04351767550466062,2026-02-02T13:12:16.749767801Z,bellOffInvocation,2026-02-02 13:12:16.759272+00:00,2026-02-02 13:12:16.759414+00:00
3a7877164411a316280472b90e2aefa7,2026-02-02T13:12:16.424526,0.04351767550466062,2026-02-02T13:12:16.749767801Z,lightOffInvocation,2026-02-02 13:12:16.755975+00:00,2026-02-02 13:12:16.756122+00:00
3a7877164411a316280472b90e2aefa7,2026-02-02T13:12:16.424526,0.04351767550466062,2026-02-02T13:12:16.749767801Z,bellOffInvocation,2026-02-02 13:12:16.758208+00:00,2026-02-02 13:12:16.758296+00:00
3a7877164411a316280472b90e2aefa7,2026-02-02T13:12:16.424526,0.04351767550466062,2026-02-02T13:12:16.749767801Z,gateUpInvocation,2026-02-02 13:12:16.756005+00:00,2026-02-02 13:12:16.756116+00:00
e4e3577640eeb77502b80434c31d788f,2026-02-02T13:11:07.318777,0.031834052855932715,2026-02-02T13:11:06.641157449Z,gateDownInvocation,2026-02-02 13:11:06.650457+00:00,2026-02-02 13:11:06.651405+00:00
e4e3577640eeb77502b80434c31d788f,2026-02-02T13:11:07.318777,0.031834052855932715,2026-02-02T13:11:06.641157449Z,gateDownAction,2026-02-02 13:11:08.653347+00:00,2026-02-02 13:11:08.653432+00:00
e4e3577640eeb77502b80434c31d788f,2026-02-02T13:11:07.318777,0.031834052855932715,2026-02-02T13:11:06.641157449Z,gateDownInvocation,2026-02-02 13:11:06.654099+00:00,2026-02-02 13:11:06.654374+00:00
e4e3577640eeb77502b80434c31d788f,2026-02-02T13:11:07.318777,0.031834052855932715,2026-02-02T13:11:06.641157449Z,lightOnInvocation,2026-02-02 13:11:06.651218+00:00,2026-02-02 13:11:06.651443+00:00
e4e3577640eeb77502b80434c31d788f,2026-02-02T13:11:07.318777,0.031834052855932715,2026-02-02T13:11:06.641157449Z,lightOnAction,2026-02-02 13:11:08.653104+00:00,2026-02-02 13:11:08.653192+00:00
e4e3577640eeb77502b80434c31d788f,2026-02-02T13:11:07.318777,0.031834052855932715,2026-02-02T13:11:06.641157449Z,lightOnAction,2026-02-02 13:11:08.652450+00:00,2026-02-02 13:11:08.652533+00:00
e4e3577640eeb77502b80434c31d788f,2026-02-02T13:11:07.318777,0.031834052855932715,2026-02-02T13:11:06.641157449Z,bellOnAction,2026-02-02 13:11:08.656679+00:00,2026-02-02 13:11:08.656769+00:00
e4e3577640eeb77502b80434c31d788f,2026-02-02T13:11:07.318777,0.031834052855932715,2026-02-02T13:11:06.641157449Z,bellOnInvocation,2026-02-02 13:11:06.654940+00:00,2026-02-02 13:11:06.655086+00:00
e4e3577640eeb77502b80434c31d788f,2026-02-02T13:11:07.318777,0.031834052855932715,2026-02-02T13:11:06.641157449Z,lightOnInvocation,2026-02-02 13:11:06.650963+00:00,2026-02-02 13:11:06.651195+00:00
e4e3577640eeb77502b80434c31d788f,2026-02-02T13:11:07.318777,0.031834052855932715,2026-02-02T13:11:06.641157449Z,bellOnInvocation,2026-02-02 13:11:06.655239+00:00,2026-02-02 13:11:06.655445+00:00
e4e3577640eeb77502b80434c31d788f,2026-02-02T13:11:07.318777,0.031834052855932715,2026-02-02T13:11:06.641157449Z,gateDownAction,2026-02-02 13:11:08.655751+00:00,2026-02-02 13:11:08.655852+00:00
e4e3577640eeb77502b80434c31d788f,2026-02-02T13:11:07.318777,0.031834052855932715,2026-02-02T13:11:06.641157449Z,bellOnAction,2026-02-02 13:11:08.655865+00:00,2026-02-02 13:11:08.655935+00:00
8b88fb962c73166838590e40963d0195,2026-02-02T13:10:15.527224,0.02336820159443617,2026-02-02T13:10:15.84113121Z,lightOffInvocation,2026-02-02 13:10:15.848972+00:00,2026-02-02 13:10:15.849141+00:00
8b88fb962c73166838590e40963d0195,2026-02-02T13:10:15.527224,0.02336820159443617,2026-02-02T13:10:15.84113121Z,bellOffInvocation,2026-02-02 13:10:15.852340+00:00,2026-02-02 13:10:15.852460+00:00
8b88fb962c73166838590e40963d0195,2026-02-02T13:10:15.527224,0.02336820159443617,2026-02-02T13:10:15.84113121Z,gateUpInvocation,2026-02-02 13:10:15.846954+00:00,2026-02-02 13:10:15.846985+00:00
8b88fb962c73166838590e40963d0195,2026-02-02T13:10:15.527224,0.02336820159443617,2026-02-02T13:10:15.84113121Z,lightOffInvocation,2026-02-02 13:10:15.844520+00:00,2026-02-02 13:10:15.844559+00:00
8b88fb962c73166838590e40963d0195,2026-02-02T13:10:15.527224,0.02336820159443617,2026-02-02T13:10:15.84113121Z,bellOffInvocation,2026-02-02 13:10:15.847017+00:00,2026-02-02 13:10:15.847069+00:00
8b88fb962c73166838590e40963d0195,2026-02-02T13:10:15.527224,0.02336820159443617,2026-02-02T13:10:15.84113121Z,gateUpInvocation,2026-02-02 13:10:15.844485+00:00,2026-02-02 13:10:15.844529+00:00
bd8b56ee2cc32f77ad06dd7006a1b209,2026-02-02T13:13:56.062644,0.0599596112177849,2026-02-02T13:13:55.411251299Z,gateDownAction,2026-02-02 13:13:57.417642+00:00,2026-02-02 13:13:57.417678+00:00
bd8b56ee2cc32f77ad06dd7006a1b209,2026-02-02T13:13:56.062644,0.0599596112177849,2026-02-02T13:13:55.411251299Z,gateDownAction,2026-02-02 13:13:57.416106+00:00,2026-02-02 13:13:57.416133+00:00
bd8b56ee2cc32f77ad06dd7006a1b209,2026-02-02T13:13:56.062644,0.0599596112177849,2026-02-02T13:13:55.411251299Z,lightOnAction,2026-02-02 13:13:57.415663+00:00,2026-02-02 13:13:57.415694+00:00
bd8b56ee2cc32f77ad06dd7006a1b209,2026-02-02T13:13:56.062644,0.0599596112177849,2026-02-02T13:13:55.411251299Z,lightOnAction,2026-02-02 13:13:57.417454+00:00,2026-02-02 13:13:57.417481+00:00
bd8b56ee2cc32f77ad06dd7006a1b209,2026-02-02T13:13:56.062644,0.0599596112177849,2026-02-02T13:13:55.411251299Z,gateDownInvocation,2026-02-02 13:13:55.415074+00:00,2026-02-02 13:13:55.415176+00:00
bd8b56ee2cc32f77ad06dd7006a1b209,2026-02-02T13:13:56.062644,0.0599596112177849,2026-02-02T13:13:55.411251299Z,bellOnInvocation,2026-02-02 13:13:55.414595+00:00,2026-02-02 13:13:55.415998+00:00
bd8b56ee2cc32f77ad06dd7006a1b209,2026-02-02T13:13:56.062644,0.0599596112177849,2026-02-02T13:13:55.411251299Z,bellOnInvocation,2026-02-02 13:13:55.418113+00:00,2026-02-02 13:13:55.418172+00:00
bd8b56ee2cc32f77ad06dd7006a1b209,2026-02-02T13:13:56.062644,0.0599596112177849,2026-02-02T13:13:55.411251299Z,bellOnAction,2026-02-02 13:13:57.418870+00:00,2026-02-02 13:13:57.418892+00:00
bd8b56ee2cc32f77ad06dd7006a1b209,2026-02-02T13:13:56.062644,0.0599596112177849,2026-02-02T13:13:55.411251299Z,bellOnAction,2026-02-02 13:13:57.418308+00:00,2026-02-02 13:13:57.418353+00:00
bd8b56ee2cc32f77ad06dd7006a1b209,2026-02-02T13:13:56.062644,0.0599596112177849,2026-02-02T13:13:55.411251299Z,lightOnInvocation,2026-02-02 13:13:55.414990+00:00,2026-02-02 13:13:55.415062+00:00
bd8b56ee2cc32f77ad06dd7006a1b209,2026-02-02T13:13:56.062644,0.0599596112177849,2026-02-02T13:13:55.411251299Z,lightOnInvocation,2026-02-02 13:13:55.416002+00:00,2026-02-02 13:13:55.416117+00:00
bd8b56ee2cc32f77ad06dd7006a1b209,2026-02-02T13:13:56.062644,0.0599596112177849,2026-02-02T13:13:55.411251299Z,gateDownInvocation,2026-02-02 13:13:55.415514+00:00,2026-02-02 13:13:55.415661+00:00
a397880a5f82e2f42585ecebaaed9219,2026-02-02T13:09:32.396482,0.016013412090420724,2026-02-02T13:09:31.707765067Z,gateDownInvocation,2026-02-02 13:09:31.718265+00:00,2026-02-02 13:09:31.718387+00:00
a397880a5f82e2f42585ecebaaed9219,2026-02-02T13:09:32.396482,0.016013412090420724,2026-02-02T13:09:31.707765067Z,bellOnAction,2026-02-02 13:09:33.719273+00:00,2026-02-02 13:09:33.719324+00:00
a397880a5f82e2f42585ecebaaed9219,2026-02-02T13:09:32.396482,0.016013412090420724,2026-02-02T13:09:31.707765067Z,lightOnInvocation,2026-02-02 13:09:31.718301+00:00,2026-02-02 13:09:31.718378+00:00
a397880a5f82e2f42585ecebaaed9219,2026-02-02T13:09:32.396482,0.016013412090420724,2026-02-02T13:09:31.707765067Z,lightOnInvocation,2026-02-02 13:09:31.716929+00:00,2026-02-02 13:09:31.717009+00:00
a397880a5f82e2f42585ecebaaed9219,2026-02-02T13:09:32.396482,0.016013412090420724,2026-02-02T13:09:31.707765067Z,lightOnAction,2026-02-02 13:09:33.717383+00:00,2026-02-02 13:09:33.717478+00:00
a397880a5f82e2f42585ecebaaed9219,2026-02-02T13:09:32.396482,0.016013412090420724,2026-02-02T13:09:31.707765067Z,gateDownInvocation,2026-02-02 13:09:31.716967+00:00,2026-02-02 13:09:31.717084+00:00
a397880a5f82e2f42585ecebaaed9219,2026-02-02T13:09:32.396482,0.016013412090420724,2026-02-02T13:09:31.707765067Z,bellOnInvocation,2026-02-02 13:09:31.718245+00:00,2026-02-02 13:09:31.718314+00:00
a397880a5f82e2f42585ecebaaed9219,2026-02-02T13:09:32.396482,0.016013412090420724,2026-02-02T13:09:31.707765067Z,bellOnAction,2026-02-02 13:09:33.718902+00:00,2026-02-02 13:09:33.718997+00:00
a397880a5f82e2f42585ecebaaed9219,2026-02-02T13:09:32.396482,0.016013412090420724,2026-02-02T13:09:31.707765067Z,bellOnInvocation,2026-02-02 13:09:31.718962+00:00,2026-02-02 13:09:31.719026+00:00
a397880a5f82e2f42585ecebaaed9219,2026-02-02T13:09:32.396482,0.016013412090420724,2026-02-02T13:09:31.707765067Z,gateDownAction,2026-02-02 13:09:33.718517+00:00,2026-02-02 13:09:33.718630+00:00
a397880a5f82e2f42585ecebaaed9219,2026-02-02T13:09:32.396482,0.016013412090420724,2026-02-02T13:09:31.707765067Z,lightOnAction,2026-02-02 13:09:33.718527+00:00,2026-02-02 13:09:33.718637+00:00
a397880a5f82e2f42585ecebaaed9219,2026-02-02T13:09:32.396482,0.016013412090420724,2026-02-02T13:09:31.707765067Z,gateDownAction,2026-02-02 13:09:33.717495+00:00,2026-02-02 13:09:33.717610+00:00
ed73fab746ba69160466762b1f5cc181,2026-02-02T13:15:14.164943,0.07314480400373936,2026-02-02T13:15:14.530450563Z,gateUpInvocation,2026-02-02 13:15:14.535890+00:00,2026-02-02 13:15:14.535982+00:00
ed73fab746ba69160466762b1f5cc181,2026-02-02T13:15:14.164943,0.07314480400373936,2026-02-02T13:15:14.530450563Z,gateUpInvocation,2026-02-02 13:15:14.535685+00:00,2026-02-02 13:15:14.535738+00:00
ed73fab746ba69160466762b1f5cc181,2026-02-02T13:15:14.164943,0.07314480400373936,2026-02-02T13:15:14.530450563Z,lightOffInvocation,2026-02-02 13:15:14.535894+00:00,2026-02-02 13:15:14.535988+00:00
ed73fab746ba69160466762b1f5cc181,2026-02-02T13:15:14.164943,0.07314480400373936,2026-02-02T13:15:14.530450563Z,bellOffInvocation,2026-02-02 13:15:14.538181+00:00,2026-02-02 13:15:14.538235+00:00
ed73fab746ba69160466762b1f5cc181,2026-02-02T13:15:14.164943,0.07314480400373936,2026-02-02T13:15:14.530450563Z,lightOffInvocation,2026-02-02 13:15:14.535701+00:00,2026-02-02 13:15:14.535757+00:00
ed73fab746ba69160466762b1f5cc181,2026-02-02T13:15:14.164943,0.07314480400373936,2026-02-02T13:15:14.530450563Z,bellOffInvocation,2026-02-02 13:15:14.537072+00:00,2026-02-02 13:15:14.537146+00:00
0af04a2c798d26820b6b9da3c616c0f9,2026-02-02T13:17:20.087534,0.09413328621964455,2026-02-02T13:17:20.474008915Z,gateUpInvocation,2026-02-02 13:17:20.480618+00:00,2026-02-02 13:17:20.480768+00:00
0af04a2c798d26820b6b9da3c616c0f9,2026-02-02T13:17:20.087534,0.09413328621964455,2026-02-02T13:17:20.474008915Z,gateUpInvocation,2026-02-02 13:17:20.485639+00:00,2026-02-02 13:17:20.485761+00:00
0af04a2c798d26820b6b9da3c616c0f9,2026-02-02T13:17:20.087534,0.09413328621964455,2026-02-02T13:17:20.474008915Z,bellOffInvocation,2026-02-02 13:17:20.485253+00:00,2026-02-02 13:17:20.485336+00:00
0af04a2c798d26820b6b9da3c616c0f9,2026-02-02T13:17:20.087534,0.09413328621964455,2026-02-02T13:17:20.474008915Z,lightOffInvocation,2026-02-02 13:17:20.482256+00:00,2026-02-02 13:17:20.482439+00:00
0af04a2c798d26820b6b9da3c616c0f9,2026-02-02T13:17:20.087534,0.09413328621964455,2026-02-02T13:17:20.474008915Z,lightOffInvocation,2026-02-02 13:17:20.484415+00:00,2026-02-02 13:17:20.484557+00:00
0af04a2c798d26820b6b9da3c616c0f9,2026-02-02T13:17:20.087534,0.09413328621964455,2026-02-02T13:17:20.474008915Z,bellOffInvocation,2026-02-02 13:17:20.487549+00:00,2026-02-02 13:17:20.487660+00:00
63a11c3bed401ec0dbe20850a5927d4d,2026-02-02T13:13:34.423248,0.056349080487966545,2026-02-02T13:13:33.746015134Z,gateDownAction,2026-02-02 13:13:35.755700+00:00,2026-02-02 13:13:35.755791+00:00
63a11c3bed401ec0dbe20850a5927d4d,2026-02-02T13:13:34.423248,0.056349080487966545,2026-02-02T13:13:33.746015134Z,gateDownInvocation,2026-02-02 13:13:33.756599+00:00,2026-02-02 13:13:33.756981+00:00
63a11c3bed401ec0dbe20850a5927d4d,2026-02-02T13:13:34.423248,0.056349080487966545,2026-02-02T13:13:33.746015134Z,gateDownAction,2026-02-02 13:13:35.758518+00:00,2026-02-02 13:13:35.758610+00:00
63a11c3bed401ec0dbe20850a5927d4d,2026-02-02T13:13:34.423248,0.056349080487966545,2026-02-02T13:13:33.746015134Z,bellOnAction,2026-02-02 13:13:35.761653+00:00,2026-02-02 13:13:35.761721+00:00
63a11c3bed401ec0dbe20850a5927d4d,2026-02-02T13:13:34.423248,0.056349080487966545,2026-02-02T13:13:33.746015134Z,lightOnInvocation,2026-02-02 13:13:33.758346+00:00,2026-02-02 13:13:33.758570+00:00
63a11c3bed401ec0dbe20850a5927d4d,2026-02-02T13:13:34.423248,0.056349080487966545,2026-02-02T13:13:33.746015134Z,lightOnInvocation,2026-02-02 13:13:33.754197+00:00,2026-02-02 13:13:33.754398+00:00
63a11c3bed401ec0dbe20850a5927d4d,2026-02-02T13:13:34.423248,0.056349080487966545,2026-02-02T13:13:33.746015134Z,gateDownInvocation,2026-02-02 13:13:33.753796+00:00,2026-02-02 13:13:33.754117+00:00
63a11c3bed401ec0dbe20850a5927d4d,2026-02-02T13:13:34.423248,0.056349080487966545,2026-02-02T13:13:33.746015134Z,bellOnAction,2026-02-02 13:13:35.759307+00:00,2026-02-02 13:13:35.759390+00:00
63a11c3bed401ec0dbe20850a5927d4d,2026-02-02T13:13:34.423248,0.056349080487966545,2026-02-02T13:13:33.746015134Z,bellOnInvocation,2026-02-02 13:13:33.760611+00:00,2026-02-02 13:13:33.760736+00:00
63a11c3bed401ec0dbe20850a5927d4d,2026-02-02T13:13:34.423248,0.056349080487966545,2026-02-02T13:13:33.746015134Z,bellOnInvocation,2026-02-02 13:13:33.757660+00:00,2026-02-02 13:13:33.757875+00:00
63a11c3bed401ec0dbe20850a5927d4d,2026-02-02T13:13:34.423248,0.056349080487966545,2026-02-02T13:13:33.746015134Z,lightOnAction,2026-02-02 13:13:35.760148+00:00,2026-02-02 13:13:35.760231+00:00
63a11c3bed401ec0dbe20850a5927d4d,2026-02-02T13:13:34.423248,0.056349080487966545,2026-02-02T13:13:33.746015134Z,lightOnAction,2026-02-02 13:13:35.756238+00:00,2026-02-02 13:13:35.756318+00:00
c3e9f7851e47fb4d24fabf05cf1037b3,2026-02-02T13:10:50.024103,0.02911580358988047,2026-02-02T13:10:50.329984798Z,gateUpInvocation,2026-02-02 13:10:50.339138+00:00,2026-02-02 13:10:50.339275+00:00
c3e9f7851e47fb4d24fabf05cf1037b3,2026-02-02T13:10:50.024103,0.02911580358988047,2026-02-02T13:10:50.329984798Z,bellOffInvocation,2026-02-02 13:10:50.341587+00:00,2026-02-02 13:10:50.341733+00:00
c3e9f7851e47fb4d24fabf05cf1037b3,2026-02-02T13:10:50.024103,0.02911580358988047,2026-02-02T13:10:50.329984798Z,lightOffInvocation,2026-02-02 13:10:50.339181+00:00,2026-02-02 13:10:50.339312+00:00
c3e9f7851e47fb4d24fabf05cf1037b3,2026-02-02T13:10:50.024103,0.02911580358988047,2026-02-02T13:10:50.329984798Z,bellOffInvocation,2026-02-02 13:10:50.342447+00:00,2026-02-02 13:10:50.342555+00:00
c3e9f7851e47fb4d24fabf05cf1037b3,2026-02-02T13:10:50.024103,0.02911580358988047,2026-02-02T13:10:50.329984798Z,gateUpInvocation,2026-02-02 13:10:50.339214+00:00,2026-02-02 13:10:50.339369+00:00
c3e9f7851e47fb4d24fabf05cf1037b3,2026-02-02T13:10:50.024103,0.02911580358988047,2026-02-02T13:10:50.329984798Z,lightOffInvocation,2026-02-02 13:10:50.339115+00:00,2026-02-02 13:10:50.339254+00:00
192ea8ecb791979c4b96397866d56e8b,2026-02-02T13:09:23.782537,0.014745088198494913,2026-02-02T13:09:24.097087086Z,gateUpInvocation,2026-02-02 13:09:24.108057+00:00,2026-02-02 13:09:24.108201+00:00
192ea8ecb791979c4b96397866d56e8b,2026-02-02T13:09:23.782537,0.014745088198494913,2026-02-02T13:09:24.097087086Z,gateUpInvocation,2026-02-02 13:09:24.109778+00:00,2026-02-02 13:09:24.109940+00:00
192ea8ecb791979c4b96397866d56e8b,2026-02-02T13:09:23.782537,0.014745088198494913,2026-02-02T13:09:24.097087086Z,lightOffInvocation,2026-02-02 13:09:24.111480+00:00,2026-02-02 13:09:24.111630+00:00
192ea8ecb791979c4b96397866d56e8b,2026-02-02T13:09:23.782537,0.014745088198494913,2026-02-02T13:09:24.097087086Z,lightOffInvocation,2026-02-02 13:09:24.107782+00:00,2026-02-02 13:09:24.108021+00:00
192ea8ecb791979c4b96397866d56e8b,2026-02-02T13:09:23.782537,0.014745088198494913,2026-02-02T13:09:24.097087086Z,bellOffInvocation,2026-02-02 13:09:24.115477+00:00,2026-02-02 13:09:24.115588+00:00
192ea8ecb791979c4b96397866d56e8b,2026-02-02T13:09:23.782537,0.014745088198494913,2026-02-02T13:09:24.097087086Z,bellOffInvocation,2026-02-02 13:09:24.112270+00:00,2026-02-02 13:09:24.112415+00:00
8b54f231c2d71940d50ebdd074abc1d3,2026-02-02T13:08:40.711473,0.007398494109559059,2026-02-02T13:08:40.013125602Z,lightOnAction,2026-02-02 13:08:42.027944+00:00,2026-02-02 13:08:42.028007+00:00
8b54f231c2d71940d50ebdd074abc1d3,2026-02-02T13:08:40.711473,0.007398494109559059,2026-02-02T13:08:40.013125602Z,gateDownInvocation,2026-02-02 13:08:40.024337+00:00,2026-02-02 13:08:40.024797+00:00
8b54f231c2d71940d50ebdd074abc1d3,2026-02-02T13:08:40.711473,0.007398494109559059,2026-02-02T13:08:40.013125602Z,lightOnInvocation,2026-02-02 13:08:40.027188+00:00,2026-02-02 13:08:40.027391+00:00
8b54f231c2d71940d50ebdd074abc1d3,2026-02-02T13:08:40.711473,0.007398494109559059,2026-02-02T13:08:40.013125602Z,gateDownInvocation,2026-02-02 13:08:40.024765+00:00,2026-02-02 13:08:40.025073+00:00
8b54f231c2d71940d50ebdd074abc1d3,2026-02-02T13:08:40.711473,0.007398494109559059,2026-02-02T13:08:40.013125602Z,lightOnInvocation,2026-02-02 13:08:40.025530+00:00,2026-02-02 13:08:40.025718+00:00
8b54f231c2d71940d50ebdd074abc1d3,2026-02-02T13:08:40.711473,0.007398494109559059,2026-02-02T13:08:40.013125602Z,bellOnAction,2026-02-02 13:08:42.031657+00:00,2026-02-02 13:08:42.031728+00:00
8b54f231c2d71940d50ebdd074abc1d3,2026-02-02T13:08:40.711473,0.007398494109559059,2026-02-02T13:08:40.013125602Z,gateDownAction,2026-02-02 13:08:42.026942+00:00,2026-02-02 13:08:42.027010+00:00
8b54f231c2d71940d50ebdd074abc1d3,2026-02-02T13:08:40.711473,0.007398494109559059,2026-02-02T13:08:40.013125602Z,bellOnAction,2026-02-02 13:08:42.029294+00:00,2026-02-02 13:08:42.029328+00:00
8b54f231c2d71940d50ebdd074abc1d3,2026-02-02T13:08:40.711473,0.007398494109559059,2026-02-02T13:08:40.013125602Z,gateDownAction,2026-02-02 13:08:42.025393+00:00,2026-02-02 13:08:42.025443+00:00
8b54f231c2d71940d50ebdd074abc1d3,2026-02-02T13:08:40.711473,0.007398494109559059,2026-02-02T13:08:40.013125602Z,bellOnInvocation,2026-02-02 13:08:40.030714+00:00,2026-02-02 13:08:40.030872+00:00
8b54f231c2d71940d50ebdd074abc1d3,2026-02-02T13:08:40.711473,0.007398494109559059,2026-02-02T13:08:40.013125602Z,lightOnAction,2026-02-02 13:08:42.029183+00:00,2026-02-02 13:08:42.029221+00:00
8b54f231c2d71940d50ebdd074abc1d3,2026-02-02T13:08:40.711473,0.007398494109559059,2026-02-02T13:08:40.013125602Z,bellOnInvocation,2026-02-02 13:08:40.028423+00:00,2026-02-02 13:08:40.028477+00:00
9691b334943e25cb051e1231c1bbf9d5,2026-02-02T13:09:28.084625,0.015459928406620027,2026-02-02T13:09:28.386576219Z,gateUpInvocation,2026-02-02 13:09:28.398416+00:00,2026-02-02 13:09:28.398553+00:00
9691b334943e25cb051e1231c1bbf9d5,2026-02-02T13:09:28.084625,0.015459928406620027,2026-02-02T13:09:28.386576219Z,gateUpInvocation,2026-02-02 13:09:28.400270+00:00,2026-02-02 13:09:28.400420+00:00
9691b334943e25cb051e1231c1bbf9d5,2026-02-02T13:09:28.084625,0.015459928406620027,2026-02-02T13:09:28.386576219Z,lightOffInvocation,2026-02-02 13:09:28.398236+00:00,2026-02-02 13:09:28.398375+00:00
9691b334943e25cb051e1231c1bbf9d5,2026-02-02T13:09:28.084625,0.015459928406620027,2026-02-02T13:09:28.386576219Z,bellOffInvocation,2026-02-02 13:09:28.401126+00:00,2026-02-02 13:09:28.401259+00:00
9691b334943e25cb051e1231c1bbf9d5,2026-02-02T13:09:28.084625,0.015459928406620027,2026-02-02T13:09:28.386576219Z,bellOffInvocation,2026-02-02 13:09:28.405128+00:00,2026-02-02 13:09:28.405220+00:00
9691b334943e25cb051e1231c1bbf9d5,2026-02-02T13:09:28.084625,0.015459928406620027,2026-02-02T13:09:28.386576219Z,lightOffInvocation,2026-02-02 13:09:28.398728+00:00,2026-02-02 13:09:28.398990+00:00
8e9ea34fcf80e5f098e932468024356b,2026-02-02T13:11:50.483551,0.039195058741116534,2026-02-02T13:11:50.811604719Z,gateUpInvocation,2026-02-02 13:11:50.820978+00:00,2026-02-02 13:11:50.821116+00:00
8e9ea34fcf80e5f098e932468024356b,2026-02-02T13:11:50.483551,0.039195058741116534,2026-02-02T13:11:50.811604719Z,lightOffInvocation,2026-02-02 13:11:50.819703+00:00,2026-02-02 13:11:50.819835+00:00
8e9ea34fcf80e5f098e932468024356b,2026-02-02T13:11:50.483551,0.039195058741116534,2026-02-02T13:11:50.811604719Z,lightOffInvocation,2026-02-02 13:11:50.821642+00:00,2026-02-02 13:11:50.821779+00:00
8e9ea34fcf80e5f098e932468024356b,2026-02-02T13:11:50.483551,0.039195058741116534,2026-02-02T13:11:50.811604719Z,gateUpInvocation,2026-02-02 13:11:50.819578+00:00,2026-02-02 13:11:50.819668+00:00
8e9ea34fcf80e5f098e932468024356b,2026-02-02T13:11:50.483551,0.039195058741116534,2026-02-02T13:11:50.811604719Z,bellOffInvocation,2026-02-02 13:11:50.823375+00:00,2026-02-02 13:11:50.823501+00:00
8e9ea34fcf80e5f098e932468024356b,2026-02-02T13:11:50.483551,0.039195058741116534,2026-02-02T13:11:50.811604719Z,bellOffInvocation,2026-02-02 13:11:50.823304+00:00,2026-02-02 13:11:50.823406+00:00
456a7744e097cb596d89e41b19c52074,2026-02-02T13:08:45.011716,0.00828267217861414,2026-02-02T13:08:45.318732354Z,gateUpInvocation,2026-02-02 13:08:45.332974+00:00,2026-02-02 13:08:45.333118+00:00
456a7744e097cb596d89e41b19c52074,2026-02-02T13:08:45.011716,0.00828267217861414,2026-02-02T13:08:45.318732354Z,bellOffInvocation,2026-02-02 13:08:45.342269+00:00,2026-02-02 13:08:45.342377+00:00
456a7744e097cb596d89e41b19c52074,2026-02-02T13:08:45.011716,0.00828267217861414,2026-02-02T13:08:45.318732354Z,gateUpInvocation,2026-02-02 13:08:45.336604+00:00,2026-02-02 13:08:45.336752+00:00
456a7744e097cb596d89e41b19c52074,2026-02-02T13:08:45.011716,0.00828267217861414,2026-02-02T13:08:45.318732354Z,bellOffInvocation,2026-02-02 13:08:45.340339+00:00,2026-02-02 13:08:45.340469+00:00
456a7744e097cb596d89e41b19c52074,2026-02-02T13:08:45.011716,0.00828267217861414,2026-02-02T13:08:45.318732354Z,lightOffInvocation,2026-02-02 13:08:45.336416+00:00,2026-02-02 13:08:45.336562+00:00
456a7744e097cb596d89e41b19c52074,2026-02-02T13:08:45.011716,0.00828267217861414,2026-02-02T13:08:45.318732354Z,lightOffInvocation,2026-02-02 13:08:45.333450+00:00,2026-02-02 13:08:45.333600+00:00
fd3ce1fefb7328eefba3d784a9c6e8a5,2026-02-02T13:10:19.842224,0.023921452247381212,2026-02-02T13:10:19.160650584Z,bellOnInvocation,2026-02-02 13:10:19.168310+00:00,2026-02-02 13:10:19.168349+00:00
fd3ce1fefb7328eefba3d784a9c6e8a5,2026-02-02T13:10:19.842224,0.023921452247381212,2026-02-02T13:10:19.160650584Z,bellOnAction,2026-02-02 13:10:21.167321+00:00,2026-02-02 13:10:21.167403+00:00
fd3ce1fefb7328eefba3d784a9c6e8a5,2026-02-02T13:10:19.842224,0.023921452247381212,2026-02-02T13:10:19.160650584Z,bellOnInvocation,2026-02-02 13:10:19.167263+00:00,2026-02-02 13:10:19.167341+00:00
fd3ce1fefb7328eefba3d784a9c6e8a5,2026-02-02T13:10:19.842224,0.023921452247381212,2026-02-02T13:10:19.160650584Z,lightOnAction,2026-02-02 13:10:21.166622+00:00,2026-02-02 13:10:21.166734+00:00
fd3ce1fefb7328eefba3d784a9c6e8a5,2026-02-02T13:10:19.842224,0.023921452247381212,2026-02-02T13:10:19.160650584Z,bellOnAction,2026-02-02 13:10:21.169343+00:00,2026-02-02 13:10:21.169412+00:00
fd3ce1fefb7328eefba3d784a9c6e8a5,2026-02-02T13:10:19.842224,0.023921452247381212,2026-02-02T13:10:19.160650584Z,gateDownAction,2026-02-02 13:10:21.166735+00:00,2026-02-02 13:10:21.166863+00:00
fd3ce1fefb7328eefba3d784a9c6e8a5,2026-02-02T13:10:19.842224,0.023921452247381212,2026-02-02T13:10:19.160650584Z,gateDownInvocation,2026-02-02 13:10:19.164476+00:00,2026-02-02 13:10:19.164622+00:00
fd3ce1fefb7328eefba3d784a9c6e8a5,2026-02-02T13:10:19.842224,0.023921452247381212,2026-02-02T13:10:19.160650584Z,gateDownAction,2026-02-02 13:10:21.168155+00:00,2026-02-02 13:10:21.168241+00:00
fd3ce1fefb7328eefba3d784a9c6e8a5,2026-02-02T13:10:19.842224,0.023921452247381212,2026-02-02T13:10:19.160650584Z,lightOnInvocation,2026-02-02 13:10:19.165847+00:00,2026-02-02 13:10:19.165908+00:00
fd3ce1fefb7328eefba3d784a9c6e8a5,2026-02-02T13:10:19.842224,0.023921452247381212,2026-02-02T13:10:19.160650584Z,gateDownInvocation,2026-02-02 13:10:19.166726+00:00,2026-02-02 13:10:19.166817+00:00
fd3ce1fefb7328eefba3d784a9c6e8a5,2026-02-02T13:10:19.842224,0.023921452247381212,2026-02-02T13:10:19.160650584Z,lightOnAction,2026-02-02 13:10:21.165733+00:00,2026-02-02 13:10:21.165814+00:00
fd3ce1fefb7328eefba3d784a9c6e8a5,2026-02-02T13:10:19.842224,0.023921452247381212,2026-02-02T13:10:19.160650584Z,lightOnInvocation,2026-02-02 13:10:19.165932+00:00,2026-02-02 13:10:19.166006+00:00
1ff7ae2d1c9aeab45309a737c69cece9,2026-02-02T13:16:19.275317,0.08399837292990685,2026-02-02T13:16:19.658357823Z,bellOffInvocation,2026-02-02 13:16:19.665440+00:00,2026-02-02 13:16:19.665570+00:00
1ff7ae2d1c9aeab45309a737c69cece9,2026-02-02T13:16:19.275317,0.08399837292990685,2026-02-02T13:16:19.658357823Z,gateUpInvocation,2026-02-02 13:16:19.664605+00:00,2026-02-02 13:16:19.664742+00:00
1ff7ae2d1c9aeab45309a737c69cece9,2026-02-02T13:16:19.275317,0.08399837292990685,2026-02-02T13:16:19.658357823Z,bellOffInvocation,2026-02-02 13:16:19.669159+00:00,2026-02-02 13:16:19.669238+00:00
1ff7ae2d1c9aeab45309a737c69cece9,2026-02-02T13:16:19.275317,0.08399837292990685,2026-02-02T13:16:19.658357823Z,lightOffInvocation,2026-02-02 13:16:19.666106+00:00,2026-02-02 13:16:19.666255+00:00
1ff7ae2d1c9aeab45309a737c69cece9,2026-02-02T13:16:19.275317,0.08399837292990685,2026-02-02T13:16:19.658357823Z,gateUpInvocation,2026-02-02 13:16:19.667705+00:00,2026-02-02 13:16:19.667830+00:00
1ff7ae2d1c9aeab45309a737c69cece9,2026-02-02T13:16:19.275317,0.08399837292990685,2026-02-02T13:16:19.658357823Z,lightOffInvocation,2026-02-02 13:16:19.664499+00:00,2026-02-02 13:16:19.664600+00:00
1614df00f7c2b7cefed5258dd8c02224,2026-02-02T13:08:14.883588,0.0032610690529584884,2026-02-02T13:08:15.186028898Z,bellOffInvocation,2026-02-02 13:08:15.203251+00:00,2026-02-02 13:08:15.203327+00:00
1614df00f7c2b7cefed5258dd8c02224,2026-02-02T13:08:14.883588,0.0032610690529584884,2026-02-02T13:08:15.186028898Z,lightOffInvocation,2026-02-02 13:08:15.197173+00:00,2026-02-02 13:08:15.197303+00:00
1614df00f7c2b7cefed5258dd8c02224,2026-02-02T13:08:14.883588,0.0032610690529584884,2026-02-02T13:08:15.186028898Z,gateUpInvocation,2026-02-02 13:08:15.201387+00:00,2026-02-02 13:08:15.201524+00:00
1614df00f7c2b7cefed5258dd8c02224,2026-02-02T13:08:14.883588,0.0032610690529584884,2026-02-02T13:08:15.186028898Z,lightOffInvocation,2026-02-02 13:08:15.201057+00:00,2026-02-02 13:08:15.201137+00:00
1614df00f7c2b7cefed5258dd8c02224,2026-02-02T13:08:14.883588,0.0032610690529584884,2026-02-02T13:08:15.186028898Z,bellOffInvocation,2026-02-02 13:08:15.204287+00:00,2026-02-02 13:08:15.204358+00:00
1614df00f7c2b7cefed5258dd8c02224,2026-02-02T13:08:14.883588,0.0032610690529584884,2026-02-02T13:08:15.186028898Z,gateUpInvocation,2026-02-02 13:08:15.197443+00:00,2026-02-02 13:08:15.197571+00:00
7193dd941004563fcc71ce5b0e1a4841,2026-02-02T13:16:58.356842,0.090511589278996,2026-02-02T13:16:58.741454408Z,bellOffInvocation,2026-02-02 13:16:58.746586+00:00,2026-02-02 13:16:58.746656+00:00
7193dd941004563fcc71ce5b0e1a4841,2026-02-02T13:16:58.356842,0.090511589278996,2026-02-02T13:16:58.741454408Z,lightOffInvocation,2026-02-02 13:16:58.746279+00:00,2026-02-02 13:16:58.746431+00:00
7193dd941004563fcc71ce5b0e1a4841,2026-02-02T13:16:58.356842,0.090511589278996,2026-02-02T13:16:58.741454408Z,gateUpInvocation,2026-02-02 13:16:58.746197+00:00,2026-02-02 13:16:58.746279+00:00
7193dd941004563fcc71ce5b0e1a4841,2026-02-02T13:16:58.356842,0.090511589278996,2026-02-02T13:16:58.741454408Z,lightOffInvocation,2026-02-02 13:16:58.748855+00:00,2026-02-02 13:16:58.748900+00:00
7193dd941004563fcc71ce5b0e1a4841,2026-02-02T13:16:58.356842,0.090511589278996,2026-02-02T13:16:58.741454408Z,bellOffInvocation,2026-02-02 13:16:58.749374+00:00,2026-02-02 13:16:58.749395+00:00
7193dd941004563fcc71ce5b0e1a4841,2026-02-02T13:16:58.356842,0.090511589278996,2026-02-02T13:16:58.741454408Z,gateUpInvocation,2026-02-02 13:16:58.747195+00:00,2026-02-02 13:16:58.747280+00:00
45869f18acda79c51062831d8670ec42,2026-02-02T13:07:57.677541,0.00039353386358022697,2026-02-02T13:07:57.979008503Z,lightOffInvocation,2026-02-02 13:07:57.995117+00:00,2026-02-02 13:07:57.995195+00:00
45869f18acda79c51062831d8670ec42,2026-02-02T13:07:57.677541,0.00039353386358022697,2026-02-02T13:07:57.979008503Z,bellOffInvocation,2026-02-02 13:07:58.005569+00:00,2026-02-02 13:07:58.005625+00:00
45869f18acda79c51062831d8670ec42,2026-02-02T13:07:57.677541,0.00039353386358022697,2026-02-02T13:07:57.979008503Z,gateUpInvocation,2026-02-02 13:07:57.995003+00:00,2026-02-02 13:07:57.995080+00:00
45869f18acda79c51062831d8670ec42,2026-02-02T13:07:57.677541,0.00039353386358022697,2026-02-02T13:07:57.979008503Z,gateUpInvocation,2026-02-02 13:07:57.999640+00:00,2026-02-02 13:07:57.999735+00:00
45869f18acda79c51062831d8670ec42,2026-02-02T13:07:57.677541,0.00039353386358022697,2026-02-02T13:07:57.979008503Z,lightOffInvocation,2026-02-02 13:07:57.999476+00:00,2026-02-02 13:07:57.999574+00:00
45869f18acda79c51062831d8670ec42,2026-02-02T13:07:57.677541,0.00039353386358022697,2026-02-02T13:07:57.979008503Z,bellOffInvocation,2026-02-02 13:07:58.004751+00:00,2026-02-02 13:07:58.004845+00:00
ac6b540564983512c9567d7bf100e529,2026-02-02T13:11:54.817085,0.03974815618571043,2026-02-02T13:11:54.130488037Z,lightOnInvocation,2026-02-02 13:11:54.137523+00:00,2026-02-02 13:11:54.137578+00:00
ac6b540564983512c9567d7bf100e529,2026-02-02T13:11:54.817085,0.03974815618571043,2026-02-02T13:11:54.130488037Z,gateDownAction,2026-02-02 13:11:56.137465+00:00,2026-02-02 13:11:56.137552+00:00
ac6b540564983512c9567d7bf100e529,2026-02-02T13:11:54.817085,0.03974815618571043,2026-02-02T13:11:54.130488037Z,gateDownAction,2026-02-02 13:11:56.137732+00:00,2026-02-02 13:11:56.137798+00:00
ac6b540564983512c9567d7bf100e529,2026-02-02T13:11:54.817085,0.03974815618571043,2026-02-02T13:11:54.130488037Z,bellOnAction,2026-02-02 13:11:56.140648+00:00,2026-02-02 13:11:56.140709+00:00
ac6b540564983512c9567d7bf100e529,2026-02-02T13:11:54.817085,0.03974815618571043,2026-02-02T13:11:54.130488037Z,gateDownInvocation,2026-02-02 13:11:54.137510+00:00,2026-02-02 13:11:54.137596+00:00
ac6b540564983512c9567d7bf100e529,2026-02-02T13:11:54.817085,0.03974815618571043,2026-02-02T13:11:54.130488037Z,bellOnInvocation,2026-02-02 13:11:54.139818+00:00,2026-02-02 13:11:54.139872+00:00
ac6b540564983512c9567d7bf100e529,2026-02-02T13:11:54.817085,0.03974815618571043,2026-02-02T13:11:54.130488037Z,bellOnInvocation,2026-02-02 13:11:54.139769+00:00,2026-02-02 13:11:54.139807+00:00
ac6b540564983512c9567d7bf100e529,2026-02-02T13:11:54.817085,0.03974815618571043,2026-02-02T13:11:54.130488037Z,lightOnInvocation,2026-02-02 13:11:54.137539+00:00,2026-02-02 13:11:54.137602+00:00
ac6b540564983512c9567d7bf100e529,2026-02-02T13:11:54.817085,0.03974815618571043,2026-02-02T13:11:54.130488037Z,gateDownInvocation,2026-02-02 13:11:54.137507+00:00,2026-02-02 13:11:54.137594+00:00
ac6b540564983512c9567d7bf100e529,2026-02-02T13:11:54.817085,0.03974815618571043,2026-02-02T13:11:54.130488037Z,lightOnAction,2026-02-02 13:11:56.139176+00:00,2026-02-02 13:11:56.139259+00:00
ac6b540564983512c9567d7bf100e529,2026-02-02T13:11:54.817085,0.03974815618571043,2026-02-02T13:11:54.130488037Z,lightOnAction,2026-02-02 13:11:56.137659+00:00,2026-02-02 13:11:56.137732+00:00
ac6b540564983512c9567d7bf100e529,2026-02-02T13:11:54.817085,0.03974815618571043,2026-02-02T13:11:54.130488037Z,bellOnAction,2026-02-02 13:11:56.140263+00:00,2026-02-02 13:11:56.140364+00:00
f511b6c8a6ea9724550c84fb5e57eedb,2026-02-02T13:11:28.867306,0.03559001720905305,2026-02-02T13:11:29.179291382Z,bellOffInvocation,2026-02-02 13:11:29.190108+00:00,2026-02-02 13:11:29.190144+00:00
f511b6c8a6ea9724550c84fb5e57eedb,2026-02-02T13:11:28.867306,0.03559001720905305,2026-02-02T13:11:29.179291382Z,bellOffInvocation,2026-02-02 13:11:29.190526+00:00,2026-02-02 13:11:29.190559+00:00
f511b6c8a6ea9724550c84fb5e57eedb,2026-02-02T13:11:28.867306,0.03559001720905305,2026-02-02T13:11:29.179291382Z,gateUpInvocation,2026-02-02 13:11:29.189438+00:00,2026-02-02 13:11:29.189486+00:00
f511b6c8a6ea9724550c84fb5e57eedb,2026-02-02T13:11:28.867306,0.03559001720905305,2026-02-02T13:11:29.179291382Z,lightOffInvocation,2026-02-02 13:11:29.189221+00:00,2026-02-02 13:11:29.189288+00:00
f511b6c8a6ea9724550c84fb5e57eedb,2026-02-02T13:11:28.867306,0.03559001720905305,2026-02-02T13:11:29.179291382Z,lightOffInvocation,2026-02-02 13:11:29.187497+00:00,2026-02-02 13:11:29.187662+00:00
f511b6c8a6ea9724550c84fb5e57eedb,2026-02-02T13:11:28.867306,0.03559001720905305,2026-02-02T13:11:29.179291382Z,gateUpInvocation,2026-02-02 13:11:29.188586+00:00,2026-02-02 13:11:29.188641+00:00
767bebcdbb4dcce8aeb0f5dc55091e00,2026-02-02T13:16:41.010995,0.0876094334125638,2026-02-02T13:16:41.326945626Z,gateUpInvocation,2026-02-02 13:16:41.334342+00:00,2026-02-02 13:16:41.334477+00:00
767bebcdbb4dcce8aeb0f5dc55091e00,2026-02-02T13:16:41.010995,0.0876094334125638,2026-02-02T13:16:41.326945626Z,lightOffInvocation,2026-02-02 13:16:41.332596+00:00,2026-02-02 13:16:41.332738+00:00
767bebcdbb4dcce8aeb0f5dc55091e00,2026-02-02T13:16:41.010995,0.0876094334125638,2026-02-02T13:16:41.326945626Z,gateUpInvocation,2026-02-02 13:16:41.332708+00:00,2026-02-02 13:16:41.332899+00:00
767bebcdbb4dcce8aeb0f5dc55091e00,2026-02-02T13:16:41.010995,0.0876094334125638,2026-02-02T13:16:41.326945626Z,bellOffInvocation,2026-02-02 13:16:41.338426+00:00,2026-02-02 13:16:41.338513+00:00
767bebcdbb4dcce8aeb0f5dc55091e00,2026-02-02T13:16:41.010995,0.0876094334125638,2026-02-02T13:16:41.326945626Z,bellOffInvocation,2026-02-02 13:16:41.336519+00:00,2026-02-02 13:16:41.336661+00:00
767bebcdbb4dcce8aeb0f5dc55091e00,2026-02-02T13:16:41.010995,0.0876094334125638,2026-02-02T13:16:41.326945626Z,lightOffInvocation,2026-02-02 13:16:41.334151+00:00,2026-02-02 13:16:41.334309+00:00
0ec39ecbfce6645f6275459132b89613,2026-02-02T13:17:54.930428,0.09976065855752231,2026-02-02T13:17:54.241606693Z,gateDownAction,2026-02-02 13:17:56.257401+00:00,2026-02-02 13:17:56.257440+00:00
0ec39ecbfce6645f6275459132b89613,2026-02-02T13:17:54.930428,0.09976065855752231,2026-02-02T13:17:54.241606693Z,gateDownInvocation,2026-02-02 13:17:54.253267+00:00,2026-02-02 13:17:54.253889+00:00
0ec39ecbfce6645f6275459132b89613,2026-02-02T13:17:54.930428,0.09976065855752231,2026-02-02T13:17:54.241606693Z,bellOnAction,2026-02-02 13:17:56.261812+00:00,2026-02-02 13:17:56.261831+00:00
0ec39ecbfce6645f6275459132b89613,2026-02-02T13:17:54.930428,0.09976065855752231,2026-02-02T13:17:54.241606693Z,lightOnInvocation,2026-02-02 13:17:54.254211+00:00,2026-02-02 13:17:54.254730+00:00
0ec39ecbfce6645f6275459132b89613,2026-02-02T13:17:54.930428,0.09976065855752231,2026-02-02T13:17:54.241606693Z,gateDownInvocation,2026-02-02 13:17:54.254874+00:00,2026-02-02 13:17:54.255693+00:00
0ec39ecbfce6645f6275459132b89613,2026-02-02T13:17:54.930428,0.09976065855752231,2026-02-02T13:17:54.241606693Z,lightOnAction,2026-02-02 13:17:56.260266+00:00,2026-02-02 13:17:56.260293+00:00
0ec39ecbfce6645f6275459132b89613,2026-02-02T13:17:54.930428,0.09976065855752231,2026-02-02T13:17:54.241606693Z,lightOnAction,2026-02-02 13:17:56.256562+00:00,2026-02-02 13:17:56.256593+00:00
0ec39ecbfce6645f6275459132b89613,2026-02-02T13:17:54.930428,0.09976065855752231,2026-02-02T13:17:54.241606693Z,bellOnInvocation,2026-02-02 13:17:54.258562+00:00,2026-02-02 13:17:54.258643+00:00
0ec39ecbfce6645f6275459132b89613,2026-02-02T13:17:54.930428,0.09976065855752231,2026-02-02T13:17:54.241606693Z,bellOnAction,2026-02-02 13:17:56.259637+00:00,2026-02-02 13:17:56.259658+00:00
0ec39ecbfce6645f6275459132b89613,2026-02-02T13:17:54.930428,0.09976065855752231,2026-02-02T13:17:54.241606693Z,gateDownAction,2026-02-02 13:17:56.257385+00:00,2026-02-02 13:17:56.257412+00:00
0ec39ecbfce6645f6275459132b89613,2026-02-02T13:17:54.930428,0.09976065855752231,2026-02-02T13:17:54.241606693Z,lightOnInvocation,2026-02-02 13:17:54.259343+00:00,2026-02-02 13:17:54.259637+00:00
0ec39ecbfce6645f6275459132b89613,2026-02-02T13:17:54.930428,0.09976065855752231,2026-02-02T13:17:54.241606693Z,bellOnInvocation,2026-02-02 13:17:54.260580+00:00,2026-02-02 13:17:54.260836+00:00
8d58effe17850e43e3f7b133272b0e56,2026-02-02T13:16:49.674927,0.08905677657436134,2026-02-02T13:16:50.011707273Z,lightOffInvocation,2026-02-02 13:16:50.014807+00:00,2026-02-02 13:16:50.014888+00:00
8d58effe17850e43e3f7b133272b0e56,2026-02-02T13:16:49.674927,0.08905677657436134,2026-02-02T13:16:50.011707273Z,bellOffInvocation,2026-02-02 13:16:50.016964+00:00,2026-02-02 13:16:50.017027+00:00
8d58effe17850e43e3f7b133272b0e56,2026-02-02T13:16:49.674927,0.08905677657436134,2026-02-02T13:16:50.011707273Z,lightOffInvocation,2026-02-02 13:16:50.015125+00:00,2026-02-02 13:16:50.015195+00:00
8d58effe17850e43e3f7b133272b0e56,2026-02-02T13:16:49.674927,0.08905677657436134,2026-02-02T13:16:50.011707273Z,bellOffInvocation,2026-02-02 13:16:50.016371+00:00,2026-02-02 13:16:50.016426+00:00
8d58effe17850e43e3f7b133272b0e56,2026-02-02T13:16:49.674927,0.08905677657436134,2026-02-02T13:16:50.011707273Z,gateUpInvocation,2026-02-02 13:16:50.015258+00:00,2026-02-02 13:16:50.015329+00:00
8d58effe17850e43e3f7b133272b0e56,2026-02-02T13:16:49.674927,0.08905677657436134,2026-02-02T13:16:50.011707273Z,gateUpInvocation,2026-02-02 13:16:50.015343+00:00,2026-02-02 13:16:50.015408+00:00
67d4c49d4978895086011387f0875a9d,2026-02-02T13:12:55.412340,0.049848473670911796,2026-02-02T13:12:54.738662418Z,bellOnInvocation,2026-02-02 13:12:54.756103+00:00,2026-02-02 13:12:54.756266+00:00
67d4c49d4978895086011387f0875a9d,2026-02-02T13:12:55.412340,0.049848473670911796,2026-02-02T13:12:54.738662418Z,gateDownAction,2026-02-02 13:12:56.751180+00:00,2026-02-02 13:12:56.751261+00:00
67d4c49d4978895086011387f0875a9d,2026-02-02T13:12:55.412340,0.049848473670911796,2026-02-02T13:12:54.738662418Z,gateDownAction,2026-02-02 13:12:56.749912+00:00,2026-02-02 13:12:56.750028+00:00
67d4c49d4978895086011387f0875a9d,2026-02-02T13:12:55.412340,0.049848473670911796,2026-02-02T13:12:54.738662418Z,lightOnInvocation,2026-02-02 13:12:54.747868+00:00,2026-02-02 13:12:54.748165+00:00
67d4c49d4978895086011387f0875a9d,2026-02-02T13:12:55.412340,0.049848473670911796,2026-02-02T13:12:54.738662418Z,bellOnAction,2026-02-02 13:12:56.761207+00:00,2026-02-02 13:12:56.761278+00:00
67d4c49d4978895086011387f0875a9d,2026-02-02T13:12:55.412340,0.049848473670911796,2026-02-02T13:12:54.738662418Z,lightOnInvocation,2026-02-02 13:12:54.750880+00:00,2026-02-02 13:12:54.751180+00:00
67d4c49d4978895086011387f0875a9d,2026-02-02T13:12:55.412340,0.049848473670911796,2026-02-02T13:12:54.738662418Z,gateDownInvocation,2026-02-02 13:12:54.747606+00:00,2026-02-02 13:12:54.747813+00:00
67d4c49d4978895086011387f0875a9d,2026-02-02T13:12:55.412340,0.049848473670911796,2026-02-02T13:12:54.738662418Z,lightOnAction,2026-02-02 13:12:56.752248+00:00,2026-02-02 13:12:56.752332+00:00
67d4c49d4978895086011387f0875a9d,2026-02-02T13:12:55.412340,0.049848473670911796,2026-02-02T13:12:54.738662418Z,bellOnAction,2026-02-02 13:12:56.757524+00:00,2026-02-02 13:12:56.757592+00:00
67d4c49d4978895086011387f0875a9d,2026-02-02T13:12:55.412340,0.049848473670911796,2026-02-02T13:12:54.738662418Z,gateDownInvocation,2026-02-02 13:12:54.748121+00:00,2026-02-02 13:12:54.748312+00:00
67d4c49d4978895086011387f0875a9d,2026-02-02T13:12:55.412340,0.049848473670911796,2026-02-02T13:12:54.738662418Z,lightOnAction,2026-02-02 13:12:56.749642+00:00,2026-02-02 13:12:56.749728+00:00
67d4c49d4978895086011387f0875a9d,2026-02-02T13:12:55.412340,0.049848473670911796,2026-02-02T13:12:54.738662418Z,bellOnInvocation,2026-02-02 13:12:54.759837+00:00,2026-02-02 13:12:54.760020+00:00
5433fec8b5f9a798342ba8d8459e6347,2026-02-02T13:11:20.238327,0.033988023328495036,2026-02-02T13:11:19.566368305Z,bellOnAction,2026-02-02 13:11:21.577552+00:00,2026-02-02 13:11:21.577621+00:00
5433fec8b5f9a798342ba8d8459e6347,2026-02-02T13:11:20.238327,0.033988023328495036,2026-02-02T13:11:19.566368305Z,lightOnAction,2026-02-02 13:11:21.576374+00:00,2026-02-02 13:11:21.576457+00:00
5433fec8b5f9a798342ba8d8459e6347,2026-02-02T13:11:20.238327,0.033988023328495036,2026-02-02T13:11:19.566368305Z,lightOnInvocation,2026-02-02 13:11:19.575868+00:00,2026-02-02 13:11:19.576001+00:00
5433fec8b5f9a798342ba8d8459e6347,2026-02-02T13:11:20.238327,0.033988023328495036,2026-02-02T13:11:19.566368305Z,lightOnAction,2026-02-02 13:11:21.576034+00:00,2026-02-02 13:11:21.576122+00:00
5433fec8b5f9a798342ba8d8459e6347,2026-02-02T13:11:20.238327,0.033988023328495036,2026-02-02T13:11:19.566368305Z,gateDownInvocation,2026-02-02 13:11:19.576042+00:00,2026-02-02 13:11:19.576161+00:00
5433fec8b5f9a798342ba8d8459e6347,2026-02-02T13:11:20.238327,0.033988023328495036,2026-02-02T13:11:19.566368305Z,gateDownInvocation,2026-02-02 13:11:19.575180+00:00,2026-02-02 13:11:19.575345+00:00
5433fec8b5f9a798342ba8d8459e6347,2026-02-02T13:11:20.238327,0.033988023328495036,2026-02-02T13:11:19.566368305Z,lightOnInvocation,2026-02-02 13:11:19.575155+00:00,2026-02-02 13:11:19.575239+00:00
5433fec8b5f9a798342ba8d8459e6347,2026-02-02T13:11:20.238327,0.033988023328495036,2026-02-02T13:11:19.566368305Z,gateDownAction,2026-02-02 13:11:21.577228+00:00,2026-02-02 13:11:21.577311+00:00
5433fec8b5f9a798342ba8d8459e6347,2026-02-02T13:11:20.238327,0.033988023328495036,2026-02-02T13:11:19.566368305Z,gateDownAction,2026-02-02 13:11:21.575689+00:00,2026-02-02 13:11:21.575779+00:00
5433fec8b5f9a798342ba8d8459e6347,2026-02-02T13:11:20.238327,0.033988023328495036,2026-02-02T13:11:19.566368305Z,bellOnInvocation,2026-02-02 13:11:19.577437+00:00,2026-02-02 13:11:19.577503+00:00
5433fec8b5f9a798342ba8d8459e6347,2026-02-02T13:11:20.238327,0.033988023328495036,2026-02-02T13:11:19.566368305Z,bellOnInvocation,2026-02-02 13:11:19.577121+00:00,2026-02-02 13:11:19.577225+00:00
5433fec8b5f9a798342ba8d8459e6347,2026-02-02T13:11:20.238327,0.033988023328495036,2026-02-02T13:11:19.566368305Z,bellOnAction,2026-02-02 13:11:21.577874+00:00,2026-02-02 13:11:21.577939+00:00
f87f4dee0e1bac1545bfb3e9fe5ea862,2026-02-02T13:15:09.792027,0.07241711431927682,2026-02-02T13:15:10.163805631Z,bellOffInvocation,2026-02-02 13:15:10.172397+00:00,2026-02-02 13:15:10.172427+00:00
f87f4dee0e1bac1545bfb3e9fe5ea862,2026-02-02T13:15:09.792027,0.07241711431927682,2026-02-02T13:15:10.163805631Z,bellOffInvocation,2026-02-02 13:15:10.169560+00:00,2026-02-02 13:15:10.169604+00:00
f87f4dee0e1bac1545bfb3e9fe5ea862,2026-02-02T13:15:09.792027,0.07241711431927682,2026-02-02T13:15:10.163805631Z,gateUpInvocation,2026-02-02 13:15:10.167328+00:00,2026-02-02 13:15:10.167379+00:00
f87f4dee0e1bac1545bfb3e9fe5ea862,2026-02-02T13:15:09.792027,0.07241711431927682,2026-02-02T13:15:10.163805631Z,lightOffInvocation,2026-02-02 13:15:10.170587+00:00,2026-02-02 13:15:10.170635+00:00
f87f4dee0e1bac1545bfb3e9fe5ea862,2026-02-02T13:15:09.792027,0.07241711431927682,2026-02-02T13:15:10.163805631Z,gateUpInvocation,2026-02-02 13:15:10.169550+00:00,2026-02-02 13:15:10.169600+00:00
f87f4dee0e1bac1545bfb3e9fe5ea862,2026-02-02T13:15:09.792027,0.07241711431927682,2026-02-02T13:15:10.163805631Z,lightOffInvocation,2026-02-02 13:15:10.168371+00:00,2026-02-02 13:15:10.168445+00:00
f95ea0fb8610a7fb4590b6b4107b2122,2026-02-02T13:13:17.065207,0.053621285539042954,2026-02-02T13:13:17.377682722Z,gateUpInvocation,2026-02-02 13:13:17.387027+00:00,2026-02-02 13:13:17.387254+00:00
f95ea0fb8610a7fb4590b6b4107b2122,2026-02-02T13:13:17.065207,0.053621285539042954,2026-02-02T13:13:17.377682722Z,lightOffInvocation,2026-02-02 13:13:17.385814+00:00,2026-02-02 13:13:17.386018+00:00
f95ea0fb8610a7fb4590b6b4107b2122,2026-02-02T13:13:17.065207,0.053621285539042954,2026-02-02T13:13:17.377682722Z,gateUpInvocation,2026-02-02 13:13:17.385816+00:00,2026-02-02 13:13:17.386031+00:00
f95ea0fb8610a7fb4590b6b4107b2122,2026-02-02T13:13:17.065207,0.053621285539042954,2026-02-02T13:13:17.377682722Z,bellOffInvocation,2026-02-02 13:13:17.390045+00:00,2026-02-02 13:13:17.390194+00:00
f95ea0fb8610a7fb4590b6b4107b2122,2026-02-02T13:13:17.065207,0.053621285539042954,2026-02-02T13:13:17.377682722Z,bellOffInvocation,2026-02-02 13:13:17.388641+00:00,2026-02-02 13:13:17.388741+00:00
f95ea0fb8610a7fb4590b6b4107b2122,2026-02-02T13:13:17.065207,0.053621285539042954,2026-02-02T13:13:17.377682722Z,lightOffInvocation,2026-02-02 13:13:17.386860+00:00,2026-02-02 13:13:17.387029+00:00
b3e71dd1d37490025e4bbbe449eec1e3,2026-02-02T13:13:04.072363,0.051460527213394655,2026-02-02T13:13:04.411731811Z,lightOffInvocation,2026-02-02 13:13:04.419221+00:00,2026-02-02 13:13:04.419365+00:00
b3e71dd1d37490025e4bbbe449eec1e3,2026-02-02T13:13:04.072363,0.051460527213394655,2026-02-02T13:13:04.411731811Z,gateUpInvocation,2026-02-02 13:13:04.420257+00:00,2026-02-02 13:13:04.420390+00:00
b3e71dd1d37490025e4bbbe449eec1e3,2026-02-02T13:13:04.072363,0.051460527213394655,2026-02-02T13:13:04.411731811Z,gateUpInvocation,2026-02-02 13:13:04.419220+00:00,2026-02-02 13:13:04.419369+00:00
b3e71dd1d37490025e4bbbe449eec1e3,2026-02-02T13:13:04.072363,0.051460527213394655,2026-02-02T13:13:04.411731811Z,bellOffInvocation,2026-02-02 13:13:04.422838+00:00,2026-02-02 13:13:04.422965+00:00
b3e71dd1d37490025e4bbbe449eec1e3,2026-02-02T13:13:04.072363,0.051460527213394655,2026-02-02T13:13:04.411731811Z,bellOffInvocation,2026-02-02 13:13:04.422203+00:00,2026-02-02 13:13:04.422344+00:00
b3e71dd1d37490025e4bbbe449eec1e3,2026-02-02T13:13:04.072363,0.051460527213394655,2026-02-02T13:13:04.411731811Z,lightOffInvocation,2026-02-02 13:13:04.420253+00:00,2026-02-02 13:13:04.420410+00:00
89b8be79fbce2b5e96f989acd46c84e4,2026-02-02T13:08:49.316294,0.008833383967339993,2026-02-02T13:08:48.623291485Z,bellOnInvocation,2026-02-02 13:08:48.639490+00:00,2026-02-02 13:08:48.639698+00:00
89b8be79fbce2b5e96f989acd46c84e4,2026-02-02T13:08:49.316294,0.008833383967339993,2026-02-02T13:08:48.623291485Z,bellOnAction,2026-02-02 13:08:50.640407+00:00,2026-02-02 13:08:50.640453+00:00
89b8be79fbce2b5e96f989acd46c84e4,2026-02-02T13:08:49.316294,0.008833383967339993,2026-02-02T13:08:48.623291485Z,lightOnAction,2026-02-02 13:08:50.637049+00:00,2026-02-02 13:08:50.637095+00:00
89b8be79fbce2b5e96f989acd46c84e4,2026-02-02T13:08:49.316294,0.008833383967339993,2026-02-02T13:08:48.623291485Z,gateDownInvocation,2026-02-02 13:08:48.637936+00:00,2026-02-02 13:08:48.638326+00:00
89b8be79fbce2b5e96f989acd46c84e4,2026-02-02T13:08:49.316294,0.008833383967339993,2026-02-02T13:08:48.623291485Z,lightOnAction,2026-02-02 13:08:50.637878+00:00,2026-02-02 13:08:50.637927+00:00
89b8be79fbce2b5e96f989acd46c84e4,2026-02-02T13:08:49.316294,0.008833383967339993,2026-02-02T13:08:48.623291485Z,gateDownAction,2026-02-02 13:08:50.639500+00:00,2026-02-02 13:08:50.639553+00:00
89b8be79fbce2b5e96f989acd46c84e4,2026-02-02T13:08:49.316294,0.008833383967339993,2026-02-02T13:08:48.623291485Z,bellOnInvocation,2026-02-02 13:08:48.642768+00:00,2026-02-02 13:08:48.642919+00:00
89b8be79fbce2b5e96f989acd46c84e4,2026-02-02T13:08:49.316294,0.008833383967339993,2026-02-02T13:08:48.623291485Z,gateDownAction,2026-02-02 13:08:50.636364+00:00,2026-02-02 13:08:50.636418+00:00
89b8be79fbce2b5e96f989acd46c84e4,2026-02-02T13:08:49.316294,0.008833383967339993,2026-02-02T13:08:48.623291485Z,lightOnInvocation,2026-02-02 13:08:48.635389+00:00,2026-02-02 13:08:48.635590+00:00
89b8be79fbce2b5e96f989acd46c84e4,2026-02-02T13:08:49.316294,0.008833383967339993,2026-02-02T13:08:48.623291485Z,bellOnAction,2026-02-02 13:08:50.643770+00:00,2026-02-02 13:08:50.643819+00:00
89b8be79fbce2b5e96f989acd46c84e4,2026-02-02T13:08:49.316294,0.008833383967339993,2026-02-02T13:08:48.623291485Z,gateDownInvocation,2026-02-02 13:08:48.635389+00:00,2026-02-02 13:08:48.635741+00:00
89b8be79fbce2b5e96f989acd46c84e4,2026-02-02T13:08:49.316294,0.008833383967339993,2026-02-02T13:08:48.623291485Z,lightOnInvocation,2026-02-02 13:08:48.635093+00:00,2026-02-02 13:08:48.635304+00:00
edd816f043058e5cf16cf3ca8649bd1f,2026-02-02T13:11:15.931533,0.03343720442106724,2026-02-02T13:11:16.260879199Z,gateUpInvocation,2026-02-02 13:11:16.264564+00:00,2026-02-02 13:11:16.264606+00:00
edd816f043058e5cf16cf3ca8649bd1f,2026-02-02T13:11:15.931533,0.03343720442106724,2026-02-02T13:11:16.260879199Z,bellOffInvocation,2026-02-02 13:11:16.265490+00:00,2026-02-02 13:11:16.265515+00:00
edd816f043058e5cf16cf3ca8649bd1f,2026-02-02T13:11:15.931533,0.03343720442106724,2026-02-02T13:11:16.260879199Z,bellOffInvocation,2026-02-02 13:11:16.265701+00:00,2026-02-02 13:11:16.265746+00:00
edd816f043058e5cf16cf3ca8649bd1f,2026-02-02T13:11:15.931533,0.03343720442106724,2026-02-02T13:11:16.260879199Z,lightOffInvocation,2026-02-02 13:11:16.264596+00:00,2026-02-02 13:11:16.264638+00:00
edd816f043058e5cf16cf3ca8649bd1f,2026-02-02T13:11:15.931533,0.03343720442106724,2026-02-02T13:11:16.260879199Z,lightOffInvocation,2026-02-02 13:11:16.264338+00:00,2026-02-02 13:11:16.264410+00:00
edd816f043058e5cf16cf3ca8649bd1f,2026-02-02T13:11:15.931533,0.03343720442106724,2026-02-02T13:11:16.260879199Z,gateUpInvocation,2026-02-02 13:11:16.264273+00:00,2026-02-02 13:11:16.264324+00:00
f9b23ffab10f10eee23a1a8084b450d9,2026-02-02T13:16:01.917727,0.08109239678781033,2026-02-02T13:16:02.220740825Z,gateUpInvocation,2026-02-02 13:16:02.228071+00:00,2026-02-02 13:16:02.228195+00:00
f9b23ffab10f10eee23a1a8084b450d9,2026-02-02T13:16:01.917727,0.08109239678781033,2026-02-02T13:16:02.220740825Z,lightOffInvocation,2026-02-02 13:16:02.228021+00:00,2026-02-02 13:16:02.228150+00:00
f9b23ffab10f10eee23a1a8084b450d9,2026-02-02T13:16:01.917727,0.08109239678781033,2026-02-02T13:16:02.220740825Z,gateUpInvocation,2026-02-02 13:16:02.227241+00:00,2026-02-02 13:16:02.227346+00:00
f9b23ffab10f10eee23a1a8084b450d9,2026-02-02T13:16:01.917727,0.08109239678781033,2026-02-02T13:16:02.220740825Z,lightOffInvocation,2026-02-02 13:16:02.227384+00:00,2026-02-02 13:16:02.227524+00:00
f9b23ffab10f10eee23a1a8084b450d9,2026-02-02T13:16:01.917727,0.08109239678781033,2026-02-02T13:16:02.220740825Z,bellOffInvocation,2026-02-02 13:16:02.230290+00:00,2026-02-02 13:16:02.230372+00:00
f9b23ffab10f10eee23a1a8084b450d9,2026-02-02T13:16:01.917727,0.08109239678781033,2026-02-02T13:16:02.220740825Z,bellOffInvocation,2026-02-02 13:16:02.231360+00:00,2026-02-02 13:16:02.231433+00:00
7b255f54bc881506eea9701964458de4,2026-02-02T13:10:02.583438,0.02104519999550581,2026-02-02T13:10:01.901488799Z,lightOnAction,2026-02-02 13:10:03.911220+00:00,2026-02-02 13:10:03.911311+00:00
7b255f54bc881506eea9701964458de4,2026-02-02T13:10:02.583438,0.02104519999550581,2026-02-02T13:10:01.901488799Z,gateDownInvocation,2026-02-02 13:10:01.911172+00:00,2026-02-02 13:10:01.911300+00:00
7b255f54bc881506eea9701964458de4,2026-02-02T13:10:02.583438,0.02104519999550581,2026-02-02T13:10:01.901488799Z,gateDownInvocation,2026-02-02 13:10:01.912958+00:00,2026-02-02 13:10:01.913077+00:00
7b255f54bc881506eea9701964458de4,2026-02-02T13:10:02.583438,0.02104519999550581,2026-02-02T13:10:01.901488799Z,bellOnInvocation,2026-02-02 13:10:01.913727+00:00,2026-02-02 13:10:01.913793+00:00
7b255f54bc881506eea9701964458de4,2026-02-02T13:10:02.583438,0.02104519999550581,2026-02-02T13:10:01.901488799Z,gateDownAction,2026-02-02 13:10:03.913481+00:00,2026-02-02 13:10:03.913536+00:00
7b255f54bc881506eea9701964458de4,2026-02-02T13:10:02.583438,0.02104519999550581,2026-02-02T13:10:01.901488799Z,gateDownAction,2026-02-02 13:10:03.911420+00:00,2026-02-02 13:10:03.911506+00:00
7b255f54bc881506eea9701964458de4,2026-02-02T13:10:02.583438,0.02104519999550581,2026-02-02T13:10:01.901488799Z,bellOnAction,2026-02-02 13:10:03.914902+00:00,2026-02-02 13:10:03.914995+00:00
7b255f54bc881506eea9701964458de4,2026-02-02T13:10:02.583438,0.02104519999550581,2026-02-02T13:10:01.901488799Z,lightOnInvocation,2026-02-02 13:10:01.912286+00:00,2026-02-02 13:10:01.912375+00:00
7b255f54bc881506eea9701964458de4,2026-02-02T13:10:02.583438,0.02104519999550581,2026-02-02T13:10:01.901488799Z,lightOnAction,2026-02-02 13:10:03.912616+00:00,2026-02-02 13:10:03.912699+00:00
7b255f54bc881506eea9701964458de4,2026-02-02T13:10:02.583438,0.02104519999550581,2026-02-02T13:10:01.901488799Z,bellOnInvocation,2026-02-02 13:10:01.912076+00:00,2026-02-02 13:10:01.912158+00:00
7b255f54bc881506eea9701964458de4,2026-02-02T13:10:02.583438,0.02104519999550581,2026-02-02T13:10:01.901488799Z,lightOnInvocation,2026-02-02 13:10:01.911175+00:00,2026-02-02 13:10:01.911280+00:00
7b255f54bc881506eea9701964458de4,2026-02-02T13:10:02.583438,0.02104519999550581,2026-02-02T13:10:01.901488799Z,bellOnAction,2026-02-02 13:10:03.913099+00:00,2026-02-02 13:10:03.913185+00:00
2ac5ff317ee21762b7d0570d638aaff0,2026-02-02T13:10:45.719912,0.0282322954497695,2026-02-02T13:10:45.02841676Z,bellOnInvocation,2026-02-02 13:10:45.042112+00:00,2026-02-02 13:10:45.042315+00:00
2ac5ff317ee21762b7d0570d638aaff0,2026-02-02T13:10:45.719912,0.0282322954497695,2026-02-02T13:10:45.02841676Z,lightOnInvocation,2026-02-02 13:10:45.038172+00:00,2026-02-02 13:10:45.038974+00:00
2ac5ff317ee21762b7d0570d638aaff0,2026-02-02T13:10:45.719912,0.0282322954497695,2026-02-02T13:10:45.02841676Z,bellOnAction,2026-02-02 13:10:47.042315+00:00,2026-02-02 13:10:47.042396+00:00
2ac5ff317ee21762b7d0570d638aaff0,2026-02-02T13:10:45.719912,0.0282322954497695,2026-02-02T13:10:45.02841676Z,lightOnAction,2026-02-02 13:10:47.039741+00:00,2026-02-02 13:10:47.039827+00:00
2ac5ff317ee21762b7d0570d638aaff0,2026-02-02T13:10:45.719912,0.0282322954497695,2026-02-02T13:10:45.02841676Z,gateDownAction,2026-02-02 13:10:47.040199+00:00,2026-02-02 13:10:47.040283+00:00
2ac5ff317ee21762b7d0570d638aaff0,2026-02-02T13:10:45.719912,0.0282322954497695,2026-02-02T13:10:45.02841676Z,lightOnInvocation,2026-02-02 13:10:45.038129+00:00,2026-02-02 13:10:45.038316+00:00
2ac5ff317ee21762b7d0570d638aaff0,2026-02-02T13:10:45.719912,0.0282322954497695,2026-02-02T13:10:45.02841676Z,gateDownAction,2026-02-02 13:10:47.040716+00:00,2026-02-02 13:10:47.040799+00:00
2ac5ff317ee21762b7d0570d638aaff0,2026-02-02T13:10:45.719912,0.0282322954497695,2026-02-02T13:10:45.02841676Z,lightOnAction,2026-02-02 13:10:47.041261+00:00,2026-02-02 13:10:47.041348+00:00
2ac5ff317ee21762b7d0570d638aaff0,2026-02-02T13:10:45.719912,0.0282322954497695,2026-02-02T13:10:45.02841676Z,gateDownInvocation,2026-02-02 13:10:45.038397+00:00,2026-02-02 13:10:45.038711+00:00
2ac5ff317ee21762b7d0570d638aaff0,2026-02-02T13:10:45.719912,0.0282322954497695,2026-02-02T13:10:45.02841676Z,gateDownInvocation,2026-02-02 13:10:45.037997+00:00,2026-02-02 13:10:45.038316+00:00
2ac5ff317ee21762b7d0570d638aaff0,2026-02-02T13:10:45.719912,0.0282322954497695,2026-02-02T13:10:45.02841676Z,bellOnAction,2026-02-02 13:10:47.043857+00:00,2026-02-02 13:10:47.043924+00:00
2ac5ff317ee21762b7d0570d638aaff0,2026-02-02T13:10:45.719912,0.0282322954497695,2026-02-02T13:10:45.02841676Z,bellOnInvocation,2026-02-02 13:10:45.041762+00:00,2026-02-02 13:10:45.041985+00:00
651d17eadccd630ca1608a504341a627,2026-02-02T13:13:43.085876,0.05796520156118871,2026-02-02T13:13:43.44361631Z,lightOffInvocation,2026-02-02 13:13:43.448674+00:00,2026-02-02 13:13:43.448735+00:00
651d17eadccd630ca1608a504341a627,2026-02-02T13:13:43.085876,0.05796520156118871,2026-02-02T13:13:43.44361631Z,bellOffInvocation,2026-02-02 13:13:43.448319+00:00,2026-02-02 13:13:43.448370+00:00
651d17eadccd630ca1608a504341a627,2026-02-02T13:13:43.085876,0.05796520156118871,2026-02-02T13:13:43.44361631Z,bellOffInvocation,2026-02-02 13:13:43.449643+00:00,2026-02-02 13:13:43.449704+00:00
651d17eadccd630ca1608a504341a627,2026-02-02T13:13:43.085876,0.05796520156118871,2026-02-02T13:13:43.44361631Z,gateUpInvocation,2026-02-02 13:13:43.447465+00:00,2026-02-02 13:13:43.447508+00:00
651d17eadccd630ca1608a504341a627,2026-02-02T13:13:43.085876,0.05796520156118871,2026-02-02T13:13:43.44361631Z,gateUpInvocation,2026-02-02 13:13:43.448645+00:00,2026-02-02 13:13:43.448713+00:00
651d17eadccd630ca1608a504341a627,2026-02-02T13:13:43.085876,0.05796520156118871,2026-02-02T13:13:43.44361631Z,lightOffInvocation,2026-02-02 13:13:43.447485+00:00,2026-02-02 13:13:43.447548+00:00
d26121bf1378cfd829f462a8463d668c,2026-02-02T13:15:05.423852,0.07168861858247519,2026-02-02T13:15:05.792407223Z,bellOffInvocation,2026-02-02 13:15:05.798889+00:00,2026-02-02 13:15:05.798951+00:00
d26121bf1378cfd829f462a8463d668c,2026-02-02T13:15:05.423852,0.07168861858247519,2026-02-02T13:15:05.792407223Z,bellOffInvocation,2026-02-02 13:15:05.800599+00:00,2026-02-02 13:15:05.800642+00:00
d26121bf1378cfd829f462a8463d668c,2026-02-02T13:15:05.423852,0.07168861858247519,2026-02-02T13:15:05.792407223Z,gateUpInvocation,2026-02-02 13:15:05.797766+00:00,2026-02-02 13:15:05.797845+00:00
d26121bf1378cfd829f462a8463d668c,2026-02-02T13:15:05.423852,0.07168861858247519,2026-02-02T13:15:05.792407223Z,lightOffInvocation,2026-02-02 13:15:05.798685+00:00,2026-02-02 13:15:05.798766+00:00
d26121bf1378cfd829f462a8463d668c,2026-02-02T13:15:05.423852,0.07168861858247519,2026-02-02T13:15:05.792407223Z,gateUpInvocation,2026-02-02 13:15:05.797305+00:00,2026-02-02 13:15:05.797398+00:00
d26121bf1378cfd829f462a8463d668c,2026-02-02T13:15:05.423852,0.07168861858247519,2026-02-02T13:15:05.792407223Z,lightOffInvocation,2026-02-02 13:15:05.797292+00:00,2026-02-02 13:15:05.797392+00:00
62c0c1b155f34e565545fc9d9b2ce82d,2026-02-02T13:12:03.453666,0.04118616218056679,2026-02-02T13:12:02.759416312Z,lightOnInvocation,2026-02-02 13:12:02.767602+00:00,2026-02-02 13:12:02.767796+00:00
62c0c1b155f34e565545fc9d9b2ce82d,2026-02-02T13:12:03.453666,0.04118616218056679,2026-02-02T13:12:02.759416312Z,gateDownInvocation,2026-02-02 13:12:02.768576+00:00,2026-02-02 13:12:02.770803+00:00
62c0c1b155f34e565545fc9d9b2ce82d,2026-02-02T13:12:03.453666,0.04118616218056679,2026-02-02T13:12:02.759416312Z,gateDownAction,2026-02-02 13:12:04.774438+00:00,2026-02-02 13:12:04.774499+00:00
62c0c1b155f34e565545fc9d9b2ce82d,2026-02-02T13:12:03.453666,0.04118616218056679,2026-02-02T13:12:02.759416312Z,gateDownInvocation,2026-02-02 13:12:02.766973+00:00,2026-02-02 13:12:02.767289+00:00
62c0c1b155f34e565545fc9d9b2ce82d,2026-02-02T13:12:03.453666,0.04118616218056679,2026-02-02T13:12:02.759416312Z,gateDownAction,2026-02-02 13:12:04.769440+00:00,2026-02-02 13:12:04.769495+00:00
62c0c1b155f34e565545fc9d9b2ce82d,2026-02-02T13:12:03.453666,0.04118616218056679,2026-02-02T13:12:02.759416312Z,lightOnAction,2026-02-02 13:12:04.768538+00:00,2026-02-02 13:12:04.768605+00:00
62c0c1b155f34e565545fc9d9b2ce82d,2026-02-02T13:12:03.453666,0.04118616218056679,2026-02-02T13:12:02.759416312Z,bellOnAction,2026-02-02 13:12:04.772098+00:00,2026-02-02 13:12:04.772165+00:00
62c0c1b155f34e565545fc9d9b2ce82d,2026-02-02T13:12:03.453666,0.04118616218056679,2026-02-02T13:12:02.759416312Z,bellOnInvocation,2026-02-02 13:12:02.770177+00:00,2026-02-02 13:12:02.770364+00:00
62c0c1b155f34e565545fc9d9b2ce82d,2026-02-02T13:12:03.453666,0.04118616218056679,2026-02-02T13:12:02.759416312Z,lightOnInvocation,2026-02-02 13:12:02.771734+00:00,2026-02-02 13:12:02.771944+00:00
62c0c1b155f34e565545fc9d9b2ce82d,2026-02-02T13:12:03.453666,0.04118616218056679,2026-02-02T13:12:02.759416312Z,lightOnAction,2026-02-02 13:12:04.772740+00:00,2026-02-02 13:12:04.772801+00:00
62c0c1b155f34e565545fc9d9b2ce82d,2026-02-02T13:12:03.453666,0.04118616218056679,2026-02-02T13:12:02.759416312Z,bellOnInvocation,2026-02-02 13:12:02.775118+00:00,2026-02-02 13:12:02.775272+00:00
62c0c1b155f34e565545fc9d9b2ce82d,2026-02-02T13:12:03.453666,0.04118616218056679,2026-02-02T13:12:02.759416312Z,bellOnAction,2026-02-02 13:12:04.775860+00:00,2026-02-02 13:12:04.775914+00:00
f040d9fc991c1eb674e7e49caf8c56aa,2026-02-02T13:16:58.356842,0.09034315874843599,2026-02-02T13:16:57.730957006Z,gateDownInvocation,2026-02-02 13:16:57.738886+00:00,2026-02-02 13:16:57.739368+00:00
f040d9fc991c1eb674e7e49caf8c56aa,2026-02-02T13:16:58.356842,0.09034315874843599,2026-02-02T13:16:57.730957006Z,gateDownAction,2026-02-02 13:16:59.741323+00:00,2026-02-02 13:16:59.741373+00:00
f040d9fc991c1eb674e7e49caf8c56aa,2026-02-02T13:16:58.356842,0.09034315874843599,2026-02-02T13:16:57.730957006Z,bellOnAction,2026-02-02 13:16:59.743816+00:00,2026-02-02 13:16:59.743834+00:00
f040d9fc991c1eb674e7e49caf8c56aa,2026-02-02T13:16:58.356842,0.09034315874843599,2026-02-02T13:16:57.730957006Z,lightOnInvocation,2026-02-02 13:16:57.739453+00:00,2026-02-02 13:16:57.739763+00:00
f040d9fc991c1eb674e7e49caf8c56aa,2026-02-02T13:16:58.356842,0.09034315874843599,2026-02-02T13:16:57.730957006Z,bellOnInvocation,2026-02-02 13:16:57.744849+00:00,2026-02-02 13:16:57.744935+00:00
f040d9fc991c1eb674e7e49caf8c56aa,2026-02-02T13:16:58.356842,0.09034315874843599,2026-02-02T13:16:57.730957006Z,gateDownInvocation,2026-02-02 13:16:57.739636+00:00,2026-02-02 13:16:57.740108+00:00
f040d9fc991c1eb674e7e49caf8c56aa,2026-02-02T13:16:58.356842,0.09034315874843599,2026-02-02T13:16:57.730957006Z,bellOnInvocation,2026-02-02 13:16:57.743357+00:00,2026-02-02 13:16:57.743467+00:00
f040d9fc991c1eb674e7e49caf8c56aa,2026-02-02T13:16:58.356842,0.09034315874843599,2026-02-02T13:16:57.730957006Z,lightOnAction,2026-02-02 13:16:59.742597+00:00,2026-02-02 13:16:59.742626+00:00
f040d9fc991c1eb674e7e49caf8c56aa,2026-02-02T13:16:58.356842,0.09034315874843599,2026-02-02T13:16:57.730957006Z,lightOnAction,2026-02-02 13:16:59.741342+00:00,2026-02-02 13:16:59.741379+00:00
f040d9fc991c1eb674e7e49caf8c56aa,2026-02-02T13:16:58.356842,0.09034315874843599,2026-02-02T13:16:57.730957006Z,lightOnInvocation,2026-02-02 13:16:57.740515+00:00,2026-02-02 13:16:57.740736+00:00
f040d9fc991c1eb674e7e49caf8c56aa,2026-02-02T13:16:58.356842,0.09034315874843599,2026-02-02T13:16:57.730957006Z,gateDownAction,2026-02-02 13:16:59.740953+00:00,2026-02-02 13:16:59.740993+00:00
f040d9fc991c1eb674e7e49caf8c56aa,2026-02-02T13:16:58.356842,0.09034315874843599,2026-02-02T13:16:57.730957006Z,bellOnAction,2026-02-02 13:16:59.745995+00:00,2026-02-02 13:16:59.746025+00:00
a804cecc7744cd8d372b6cb14fe7a66e,2026-02-02T13:10:11.211396,0.02248307471432686,2026-02-02T13:10:10.529615919Z,gateDownInvocation,2026-02-02 13:10:10.539091+00:00,2026-02-02 13:10:10.539393+00:00
a804cecc7744cd8d372b6cb14fe7a66e,2026-02-02T13:10:11.211396,0.02248307471432686,2026-02-02T13:10:10.529615919Z,bellOnInvocation,2026-02-02 13:10:10.545070+00:00,2026-02-02 13:10:10.545259+00:00
a804cecc7744cd8d372b6cb14fe7a66e,2026-02-02T13:10:11.211396,0.02248307471432686,2026-02-02T13:10:10.529615919Z,gateDownAction,2026-02-02 13:10:12.541871+00:00,2026-02-02 13:10:12.541912+00:00
a804cecc7744cd8d372b6cb14fe7a66e,2026-02-02T13:10:11.211396,0.02248307471432686,2026-02-02T13:10:10.529615919Z,bellOnAction,2026-02-02 13:10:12.543700+00:00,2026-02-02 13:10:12.543722+00:00
a804cecc7744cd8d372b6cb14fe7a66e,2026-02-02T13:10:11.211396,0.02248307471432686,2026-02-02T13:10:10.529615919Z,gateDownAction,2026-02-02 13:10:12.543972+00:00,2026-02-02 13:10:12.544022+00:00
a804cecc7744cd8d372b6cb14fe7a66e,2026-02-02T13:10:11.211396,0.02248307471432686,2026-02-02T13:10:10.529615919Z,lightOnInvocation,2026-02-02 13:10:10.539988+00:00,2026-02-02 13:10:10.540187+00:00
a804cecc7744cd8d372b6cb14fe7a66e,2026-02-02T13:10:11.211396,0.02248307471432686,2026-02-02T13:10:10.529615919Z,bellOnAction,2026-02-02 13:10:12.546245+00:00,2026-02-02 13:10:12.546273+00:00
a804cecc7744cd8d372b6cb14fe7a66e,2026-02-02T13:10:11.211396,0.02248307471432686,2026-02-02T13:10:10.529615919Z,bellOnInvocation,2026-02-02 13:10:10.542331+00:00,2026-02-02 13:10:10.542495+00:00
a804cecc7744cd8d372b6cb14fe7a66e,2026-02-02T13:10:11.211396,0.02248307471432686,2026-02-02T13:10:10.529615919Z,gateDownInvocation,2026-02-02 13:10:10.542194+00:00,2026-02-02 13:10:10.542416+00:00
a804cecc7744cd8d372b6cb14fe7a66e,2026-02-02T13:10:11.211396,0.02248307471432686,2026-02-02T13:10:10.529615919Z,lightOnAction,2026-02-02 13:10:12.541959+00:00,2026-02-02 13:10:12.542013+00:00
a804cecc7744cd8d372b6cb14fe7a66e,2026-02-02T13:10:11.211396,0.02248307471432686,2026-02-02T13:10:10.529615919Z,lightOnAction,2026-02-02 13:10:12.540450+00:00,2026-02-02 13:10:12.540487+00:00
a804cecc7744cd8d372b6cb14fe7a66e,2026-02-02T13:10:11.211396,0.02248307471432686,2026-02-02T13:10:10.529615919Z,lightOnInvocation,2026-02-02 13:10:10.539278+00:00,2026-02-02 13:10:10.539448+00:00
d5e142695fbd9661b318ed8b60c29602,2026-02-02T13:11:28.867306,0.035425375366854674,2026-02-02T13:11:28.191169531Z,gateDownAction,2026-02-02 13:11:30.199334+00:00,2026-02-02 13:11:30.199447+00:00
d5e142695fbd9661b318ed8b60c29602,2026-02-02T13:11:28.867306,0.035425375366854674,2026-02-02T13:11:28.191169531Z,gateDownAction,2026-02-02 13:11:30.199289+00:00,2026-02-02 13:11:30.199371+00:00
d5e142695fbd9661b318ed8b60c29602,2026-02-02T13:11:28.867306,0.035425375366854674,2026-02-02T13:11:28.191169531Z,bellOnAction,2026-02-02 13:11:30.203700+00:00,2026-02-02 13:11:30.203800+00:00
d5e142695fbd9661b318ed8b60c29602,2026-02-02T13:11:28.867306,0.035425375366854674,2026-02-02T13:11:28.191169531Z,gateDownInvocation,2026-02-02 13:11:28.197413+00:00,2026-02-02 13:11:28.197664+00:00
d5e142695fbd9661b318ed8b60c29602,2026-02-02T13:11:28.867306,0.035425375366854674,2026-02-02T13:11:28.191169531Z,lightOnInvocation,2026-02-02 13:11:28.195933+00:00,2026-02-02 13:11:28.196086+00:00
d5e142695fbd9661b318ed8b60c29602,2026-02-02T13:11:28.867306,0.035425375366854674,2026-02-02T13:11:28.191169531Z,lightOnAction,2026-02-02 13:11:30.196836+00:00,2026-02-02 13:11:30.196927+00:00
d5e142695fbd9661b318ed8b60c29602,2026-02-02T13:11:28.867306,0.035425375366854674,2026-02-02T13:11:28.191169531Z,gateDownInvocation,2026-02-02 13:11:28.197246+00:00,2026-02-02 13:11:28.197514+00:00
d5e142695fbd9661b318ed8b60c29602,2026-02-02T13:11:28.867306,0.035425375366854674,2026-02-02T13:11:28.191169531Z,bellOnInvocation,2026-02-02 13:11:28.199563+00:00,2026-02-02 13:11:28.199736+00:00
d5e142695fbd9661b318ed8b60c29602,2026-02-02T13:11:28.867306,0.035425375366854674,2026-02-02T13:11:28.191169531Z,bellOnInvocation,2026-02-02 13:11:28.202768+00:00,2026-02-02 13:11:28.202868+00:00
d5e142695fbd9661b318ed8b60c29602,2026-02-02T13:11:28.867306,0.035425375366854674,2026-02-02T13:11:28.191169531Z,lightOnInvocation,2026-02-02 13:11:28.199529+00:00,2026-02-02 13:11:28.199670+00:00
d5e142695fbd9661b318ed8b60c29602,2026-02-02T13:11:28.867306,0.035425375366854674,2026-02-02T13:11:28.191169531Z,bellOnAction,2026-02-02 13:11:30.200491+00:00,2026-02-02 13:11:30.200573+00:00
d5e142695fbd9661b318ed8b60c29602,2026-02-02T13:11:28.867306,0.035425375366854674,2026-02-02T13:11:28.191169531Z,lightOnAction,2026-02-02 13:11:30.201180+00:00,2026-02-02 13:11:30.201265+00:00
3e4d96aa7e5b1560ddc52be70c43817d,2026-02-02T13:12:29.407382,0.04567820536868573,2026-02-02T13:12:29.714328552Z,bellOffInvocation,2026-02-02 13:12:29.731048+00:00,2026-02-02 13:12:29.731188+00:00
3e4d96aa7e5b1560ddc52be70c43817d,2026-02-02T13:12:29.407382,0.04567820536868573,2026-02-02T13:12:29.714328552Z,gateUpInvocation,2026-02-02 13:12:29.730397+00:00,2026-02-02 13:12:29.730527+00:00
3e4d96aa7e5b1560ddc52be70c43817d,2026-02-02T13:12:29.407382,0.04567820536868573,2026-02-02T13:12:29.714328552Z,gateUpInvocation,2026-02-02 13:12:29.726929+00:00,2026-02-02 13:12:29.727064+00:00
3e4d96aa7e5b1560ddc52be70c43817d,2026-02-02T13:12:29.407382,0.04567820536868573,2026-02-02T13:12:29.714328552Z,lightOffInvocation,2026-02-02 13:12:29.725296+00:00,2026-02-02 13:12:29.725438+00:00
3e4d96aa7e5b1560ddc52be70c43817d,2026-02-02T13:12:29.407382,0.04567820536868573,2026-02-02T13:12:29.714328552Z,bellOffInvocation,2026-02-02 13:12:29.732629+00:00,2026-02-02 13:12:29.732969+00:00
3e4d96aa7e5b1560ddc52be70c43817d,2026-02-02T13:12:29.407382,0.04567820536868573,2026-02-02T13:12:29.714328552Z,lightOffInvocation,2026-02-02 13:12:29.724564+00:00,2026-02-02 13:12:29.724708+00:00
29a358f924e8543b1fa89b1523032631,2026-02-02T13:13:04.072363,0.05128951363612414,2026-02-02T13:13:03.385635079Z,gateDownAction,2026-02-02 13:13:05.394567+00:00,2026-02-02 13:13:05.394652+00:00
29a358f924e8543b1fa89b1523032631,2026-02-02T13:13:04.072363,0.05128951363612414,2026-02-02T13:13:03.385635079Z,gateDownInvocation,2026-02-02 13:13:03.392196+00:00,2026-02-02 13:13:03.392415+00:00
29a358f924e8543b1fa89b1523032631,2026-02-02T13:13:04.072363,0.05128951363612414,2026-02-02T13:13:03.385635079Z,lightOnInvocation,2026-02-02 13:13:03.392812+00:00,2026-02-02 13:13:03.392990+00:00
29a358f924e8543b1fa89b1523032631,2026-02-02T13:13:04.072363,0.05128951363612414,2026-02-02T13:13:03.385635079Z,bellOnInvocation,2026-02-02 13:13:03.396278+00:00,2026-02-02 13:13:03.396362+00:00
29a358f924e8543b1fa89b1523032631,2026-02-02T13:13:04.072363,0.05128951363612414,2026-02-02T13:13:03.385635079Z,gateDownAction,2026-02-02 13:13:05.393835+00:00,2026-02-02 13:13:05.393921+00:00
29a358f924e8543b1fa89b1523032631,2026-02-02T13:13:04.072363,0.05128951363612414,2026-02-02T13:13:03.385635079Z,lightOnAction,2026-02-02 13:13:05.395331+00:00,2026-02-02 13:13:05.395419+00:00
29a358f924e8543b1fa89b1523032631,2026-02-02T13:13:04.072363,0.05128951363612414,2026-02-02T13:13:03.385635079Z,bellOnAction,2026-02-02 13:13:05.399410+00:00,2026-02-02 13:13:05.399555+00:00
29a358f924e8543b1fa89b1523032631,2026-02-02T13:13:04.072363,0.05128951363612414,2026-02-02T13:13:03.385635079Z,gateDownInvocation,2026-02-02 13:13:03.392983+00:00,2026-02-02 13:13:03.393500+00:00
29a358f924e8543b1fa89b1523032631,2026-02-02T13:13:04.072363,0.05128951363612414,2026-02-02T13:13:03.385635079Z,bellOnInvocation,2026-02-02 13:13:03.398744+00:00,2026-02-02 13:13:03.398872+00:00
29a358f924e8543b1fa89b1523032631,2026-02-02T13:13:04.072363,0.05128951363612414,2026-02-02T13:13:03.385635079Z,lightOnAction,2026-02-02 13:13:05.395569+00:00,2026-02-02 13:13:05.395655+00:00
29a358f924e8543b1fa89b1523032631,2026-02-02T13:13:04.072363,0.05128951363612414,2026-02-02T13:13:03.385635079Z,lightOnInvocation,2026-02-02 13:13:03.395140+00:00,2026-02-02 13:13:03.395247+00:00
29a358f924e8543b1fa89b1523032631,2026-02-02T13:13:04.072363,0.05128951363612414,2026-02-02T13:13:03.385635079Z,bellOnAction,2026-02-02 13:13:05.396868+00:00,2026-02-02 13:13:05.396933+00:00
c7cbe0115ea07d0e7896f2ffccf0d8bf,2026-02-02T13:11:37.529077,0.0368704154765606,2026-02-02T13:11:36.862312679Z,lightOnInvocation,2026-02-02 13:11:36.872622+00:00,2026-02-02 13:11:36.872824+00:00
c7cbe0115ea07d0e7896f2ffccf0d8bf,2026-02-02T13:11:37.529077,0.0368704154765606,2026-02-02T13:11:36.862312679Z,lightOnAction,2026-02-02 13:11:38.872744+00:00,2026-02-02 13:11:38.872832+00:00
c7cbe0115ea07d0e7896f2ffccf0d8bf,2026-02-02T13:11:37.529077,0.0368704154765606,2026-02-02T13:11:36.862312679Z,gateDownAction,2026-02-02 13:11:38.874239+00:00,2026-02-02 13:11:38.874328+00:00
c7cbe0115ea07d0e7896f2ffccf0d8bf,2026-02-02T13:11:37.529077,0.0368704154765606,2026-02-02T13:11:36.862312679Z,gateDownAction,2026-02-02 13:11:38.877048+00:00,2026-02-02 13:11:38.877150+00:00
c7cbe0115ea07d0e7896f2ffccf0d8bf,2026-02-02T13:11:37.529077,0.0368704154765606,2026-02-02T13:11:36.862312679Z,lightOnInvocation,2026-02-02 13:11:36.871549+00:00,2026-02-02 13:11:36.871754+00:00
c7cbe0115ea07d0e7896f2ffccf0d8bf,2026-02-02T13:11:37.529077,0.0368704154765606,2026-02-02T13:11:36.862312679Z,lightOnAction,2026-02-02 13:11:38.874037+00:00,2026-02-02 13:11:38.874122+00:00
c7cbe0115ea07d0e7896f2ffccf0d8bf,2026-02-02T13:11:37.529077,0.0368704154765606,2026-02-02T13:11:36.862312679Z,gateDownInvocation,2026-02-02 13:11:36.875383+00:00,2026-02-02 13:11:36.875733+00:00
c7cbe0115ea07d0e7896f2ffccf0d8bf,2026-02-02T13:11:37.529077,0.0368704154765606,2026-02-02T13:11:36.862312679Z,bellOnInvocation,2026-02-02 13:11:36.879721+00:00,2026-02-02 13:11:36.879974+00:00
c7cbe0115ea07d0e7896f2ffccf0d8bf,2026-02-02T13:11:37.529077,0.0368704154765606,2026-02-02T13:11:36.862312679Z,bellOnAction,2026-02-02 13:11:38.880810+00:00,2026-02-02 13:11:38.880896+00:00
c7cbe0115ea07d0e7896f2ffccf0d8bf,2026-02-02T13:11:37.529077,0.0368704154765606,2026-02-02T13:11:36.862312679Z,bellOnInvocation,2026-02-02 13:11:36.876506+00:00,2026-02-02 13:11:36.876696+00:00
c7cbe0115ea07d0e7896f2ffccf0d8bf,2026-02-02T13:11:37.529077,0.0368704154765606,2026-02-02T13:11:36.862312679Z,bellOnAction,2026-02-02 13:11:38.877416+00:00,2026-02-02 13:11:38.877500+00:00
c7cbe0115ea07d0e7896f2ffccf0d8bf,2026-02-02T13:11:37.529077,0.0368704154765606,2026-02-02T13:11:36.862312679Z,gateDownInvocation,2026-02-02 13:11:36.872197+00:00,2026-02-02 13:11:36.872502+00:00
d1d01c214781e7502ef849b67deb58e8,2026-02-02T13:15:01.115559,0.0709644222550273,2026-02-02T13:15:01.446695305Z,bellOffInvocation,2026-02-02 13:15:01.450266+00:00,2026-02-02 13:15:01.450306+00:00
d1d01c214781e7502ef849b67deb58e8,2026-02-02T13:15:01.115559,0.0709644222550273,2026-02-02T13:15:01.446695305Z,gateUpInvocation,2026-02-02 13:15:01.449915+00:00,2026-02-02 13:15:01.449961+00:00
d1d01c214781e7502ef849b67deb58e8,2026-02-02T13:15:01.115559,0.0709644222550273,2026-02-02T13:15:01.446695305Z,lightOffInvocation,2026-02-02 13:15:01.449918+00:00,2026-02-02 13:15:01.449996+00:00
d1d01c214781e7502ef849b67deb58e8,2026-02-02T13:15:01.115559,0.0709644222550273,2026-02-02T13:15:01.446695305Z,bellOffInvocation,2026-02-02 13:15:01.451681+00:00,2026-02-02 13:15:01.451703+00:00
d1d01c214781e7502ef849b67deb58e8,2026-02-02T13:15:01.115559,0.0709644222550273,2026-02-02T13:15:01.446695305Z,gateUpInvocation,2026-02-02 13:15:01.450768+00:00,2026-02-02 13:15:01.450796+00:00
d1d01c214781e7502ef849b67deb58e8,2026-02-02T13:15:01.115559,0.0709644222550273,2026-02-02T13:15:01.446695305Z,lightOffInvocation,2026-02-02 13:15:01.450424+00:00,2026-02-02 13:15:01.450465+00:00
2f92f1291dccf07a0a0753573c56427c,2026-02-02T13:14:26.443804,0.06501713836425543,2026-02-02T13:14:25.759422525Z,gateDownInvocation,2026-02-02 13:14:25.763041+00:00,2026-02-02 13:14:25.763114+00:00
2f92f1291dccf07a0a0753573c56427c,2026-02-02T13:14:26.443804,0.06501713836425543,2026-02-02T13:14:25.759422525Z,lightOnInvocation,2026-02-02 13:14:25.763667+00:00,2026-02-02 13:14:25.763749+00:00
2f92f1291dccf07a0a0753573c56427c,2026-02-02T13:14:26.443804,0.06501713836425543,2026-02-02T13:14:25.759422525Z,gateDownInvocation,2026-02-02 13:14:25.764150+00:00,2026-02-02 13:14:25.764253+00:00
2f92f1291dccf07a0a0753573c56427c,2026-02-02T13:14:26.443804,0.06501713836425543,2026-02-02T13:14:25.759422525Z,gateDownAction,2026-02-02 13:14:27.764535+00:00,2026-02-02 13:14:27.764617+00:00
2f92f1291dccf07a0a0753573c56427c,2026-02-02T13:14:26.443804,0.06501713836425543,2026-02-02T13:14:25.759422525Z,lightOnInvocation,2026-02-02 13:14:25.763996+00:00,2026-02-02 13:14:25.764085+00:00
2f92f1291dccf07a0a0753573c56427c,2026-02-02T13:14:26.443804,0.06501713836425543,2026-02-02T13:14:25.759422525Z,bellOnAction,2026-02-02 13:14:27.765210+00:00,2026-02-02 13:14:27.765265+00:00
2f92f1291dccf07a0a0753573c56427c,2026-02-02T13:14:26.443804,0.06501713836425543,2026-02-02T13:14:25.759422525Z,gateDownAction,2026-02-02 13:14:27.763751+00:00,2026-02-02 13:14:27.763835+00:00
2f92f1291dccf07a0a0753573c56427c,2026-02-02T13:14:26.443804,0.06501713836425543,2026-02-02T13:14:25.759422525Z,bellOnInvocation,2026-02-02 13:14:25.765111+00:00,2026-02-02 13:14:25.765171+00:00
2f92f1291dccf07a0a0753573c56427c,2026-02-02T13:14:26.443804,0.06501713836425543,2026-02-02T13:14:25.759422525Z,bellOnInvocation,2026-02-02 13:14:25.764755+00:00,2026-02-02 13:14:25.764832+00:00
2f92f1291dccf07a0a0753573c56427c,2026-02-02T13:14:26.443804,0.06501713836425543,2026-02-02T13:14:25.759422525Z,lightOnAction,2026-02-02 13:14:27.764776+00:00,2026-02-02 13:14:27.764862+00:00
2f92f1291dccf07a0a0753573c56427c,2026-02-02T13:14:26.443804,0.06501713836425543,2026-02-02T13:14:25.759422525Z,lightOnAction,2026-02-02 13:14:27.765334+00:00,2026-02-02 13:14:27.765421+00:00
2f92f1291dccf07a0a0753573c56427c,2026-02-02T13:14:26.443804,0.06501713836425543,2026-02-02T13:14:25.759422525Z,bellOnAction,2026-02-02 13:14:27.765310+00:00,2026-02-02 13:14:27.765378+00:00
786f5f386b78d5dafa04129ef4930aca,2026-02-02T13:16:06.286262,0.08165787585906982,2026-02-02T13:16:05.613875415Z,gateDownAction,2026-02-02 13:16:07.624888+00:00,2026-02-02 13:16:07.624957+00:00
786f5f386b78d5dafa04129ef4930aca,2026-02-02T13:16:06.286262,0.08165787585906982,2026-02-02T13:16:05.613875415Z,lightOnAction,2026-02-02 13:16:07.623445+00:00,2026-02-02 13:16:07.623550+00:00
786f5f386b78d5dafa04129ef4930aca,2026-02-02T13:16:06.286262,0.08165787585906982,2026-02-02T13:16:05.613875415Z,gateDownInvocation,2026-02-02 13:16:05.624216+00:00,2026-02-02 13:16:05.624371+00:00
786f5f386b78d5dafa04129ef4930aca,2026-02-02T13:16:06.286262,0.08165787585906982,2026-02-02T13:16:05.613875415Z,lightOnInvocation,2026-02-02 13:16:05.622319+00:00,2026-02-02 13:16:05.622531+00:00
786f5f386b78d5dafa04129ef4930aca,2026-02-02T13:16:06.286262,0.08165787585906982,2026-02-02T13:16:05.613875415Z,lightOnAction,2026-02-02 13:16:07.620238+00:00,2026-02-02 13:16:07.620347+00:00
786f5f386b78d5dafa04129ef4930aca,2026-02-02T13:16:06.286262,0.08165787585906982,2026-02-02T13:16:05.613875415Z,lightOnInvocation,2026-02-02 13:16:05.618362+00:00,2026-02-02 13:16:05.618473+00:00
786f5f386b78d5dafa04129ef4930aca,2026-02-02T13:16:06.286262,0.08165787585906982,2026-02-02T13:16:05.613875415Z,gateDownInvocation,2026-02-02 13:16:05.618857+00:00,2026-02-02 13:16:05.619344+00:00
786f5f386b78d5dafa04129ef4930aca,2026-02-02T13:16:06.286262,0.08165787585906982,2026-02-02T13:16:05.613875415Z,bellOnAction,2026-02-02 13:16:07.625229+00:00,2026-02-02 13:16:07.625278+00:00
786f5f386b78d5dafa04129ef4930aca,2026-02-02T13:16:06.286262,0.08165787585906982,2026-02-02T13:16:05.613875415Z,bellOnInvocation,2026-02-02 13:16:05.625314+00:00,2026-02-02 13:16:05.625384+00:00
786f5f386b78d5dafa04129ef4930aca,2026-02-02T13:16:06.286262,0.08165787585906982,2026-02-02T13:16:05.613875415Z,gateDownAction,2026-02-02 13:16:07.621158+00:00,2026-02-02 13:16:07.621242+00:00
786f5f386b78d5dafa04129ef4930aca,2026-02-02T13:16:06.286262,0.08165787585906982,2026-02-02T13:16:05.613875415Z,bellOnInvocation,2026-02-02 13:16:05.621164+00:00,2026-02-02 13:16:05.621463+00:00
786f5f386b78d5dafa04129ef4930aca,2026-02-02T13:16:06.286262,0.08165787585906982,2026-02-02T13:16:05.613875415Z,bellOnAction,2026-02-02 13:16:07.623202+00:00,2026-02-02 13:16:07.623314+00:00
0aca9ed09f6056018a6a4df5b4236579,2026-02-02T13:15:35.865741,0.07658832201596498,2026-02-02T13:15:35.193593387Z,lightOnInvocation,2026-02-02 13:15:35.200216+00:00,2026-02-02 13:15:35.200434+00:00
0aca9ed09f6056018a6a4df5b4236579,2026-02-02T13:15:35.865741,0.07658832201596498,2026-02-02T13:15:35.193593387Z,bellOnInvocation,2026-02-02 13:15:35.203794+00:00,2026-02-02 13:15:35.203980+00:00
0aca9ed09f6056018a6a4df5b4236579,2026-02-02T13:15:35.865741,0.07658832201596498,2026-02-02T13:15:35.193593387Z,gateDownInvocation,2026-02-02 13:15:35.200019+00:00,2026-02-02 13:15:35.200329+00:00
0aca9ed09f6056018a6a4df5b4236579,2026-02-02T13:15:35.865741,0.07658832201596498,2026-02-02T13:15:35.193593387Z,gateDownInvocation,2026-02-02 13:15:35.200813+00:00,2026-02-02 13:15:35.201300+00:00
0aca9ed09f6056018a6a4df5b4236579,2026-02-02T13:15:35.865741,0.07658832201596498,2026-02-02T13:15:35.193593387Z,lightOnInvocation,2026-02-02 13:15:35.201051+00:00,2026-02-02 13:15:35.201240+00:00
0aca9ed09f6056018a6a4df5b4236579,2026-02-02T13:15:35.865741,0.07658832201596498,2026-02-02T13:15:35.193593387Z,bellOnAction,2026-02-02 13:15:37.206198+00:00,2026-02-02 13:15:37.206265+00:00
0aca9ed09f6056018a6a4df5b4236579,2026-02-02T13:15:35.865741,0.07658832201596498,2026-02-02T13:15:35.193593387Z,lightOnAction,2026-02-02 13:15:37.203006+00:00,2026-02-02 13:15:37.203099+00:00
0aca9ed09f6056018a6a4df5b4236579,2026-02-02T13:15:35.865741,0.07658832201596498,2026-02-02T13:15:35.193593387Z,bellOnInvocation,2026-02-02 13:15:35.205278+00:00,2026-02-02 13:15:35.205396+00:00
0aca9ed09f6056018a6a4df5b4236579,2026-02-02T13:15:35.865741,0.07658832201596498,2026-02-02T13:15:35.193593387Z,bellOnAction,2026-02-02 13:15:37.204676+00:00,2026-02-02 13:15:37.204742+00:00
0aca9ed09f6056018a6a4df5b4236579,2026-02-02T13:15:35.865741,0.07658832201596498,2026-02-02T13:15:35.193593387Z,gateDownAction,2026-02-02 13:15:37.201809+00:00,2026-02-02 13:15:37.201910+00:00
0aca9ed09f6056018a6a4df5b4236579,2026-02-02T13:15:35.865741,0.07658832201596498,2026-02-02T13:15:35.193593387Z,lightOnAction,2026-02-02 13:15:37.202272+00:00,2026-02-02 13:15:37.202361+00:00
0aca9ed09f6056018a6a4df5b4236579,2026-02-02T13:15:35.865741,0.07658832201596498,2026-02-02T13:15:35.193593387Z,gateDownAction,2026-02-02 13:15:37.203145+00:00,2026-02-02 13:15:37.203229+00:00
d7baa3de7498eb93e348d6d56edfbd73,2026-02-02T13:15:27.168436,0.07514601800239086,2026-02-02T13:15:26.538935466Z,gateDownAction,2026-02-02 13:15:28.546875+00:00,2026-02-02 13:15:28.546983+00:00
d7baa3de7498eb93e348d6d56edfbd73,2026-02-02T13:15:27.168436,0.07514601800239086,2026-02-02T13:15:26.538935466Z,bellOnInvocation,2026-02-02 13:15:26.550515+00:00,2026-02-02 13:15:26.550636+00:00
d7baa3de7498eb93e348d6d56edfbd73,2026-02-02T13:15:27.168436,0.07514601800239086,2026-02-02T13:15:26.538935466Z,lightOnInvocation,2026-02-02 13:15:26.545194+00:00,2026-02-02 13:15:26.545439+00:00
d7baa3de7498eb93e348d6d56edfbd73,2026-02-02T13:15:27.168436,0.07514601800239086,2026-02-02T13:15:26.538935466Z,gateDownInvocation,2026-02-02 13:15:26.548034+00:00,2026-02-02 13:15:26.548344+00:00
d7baa3de7498eb93e348d6d56edfbd73,2026-02-02T13:15:27.168436,0.07514601800239086,2026-02-02T13:15:26.538935466Z,lightOnAction,2026-02-02 13:15:28.550319+00:00,2026-02-02 13:15:28.550409+00:00
d7baa3de7498eb93e348d6d56edfbd73,2026-02-02T13:15:27.168436,0.07514601800239086,2026-02-02T13:15:26.538935466Z,lightOnAction,2026-02-02 13:15:28.546378+00:00,2026-02-02 13:15:28.546465+00:00
d7baa3de7498eb93e348d6d56edfbd73,2026-02-02T13:15:27.168436,0.07514601800239086,2026-02-02T13:15:26.538935466Z,gateDownInvocation,2026-02-02 13:15:26.545182+00:00,2026-02-02 13:15:26.545516+00:00
d7baa3de7498eb93e348d6d56edfbd73,2026-02-02T13:15:27.168436,0.07514601800239086,2026-02-02T13:15:26.538935466Z,bellOnAction,2026-02-02 13:15:28.551887+00:00,2026-02-02 13:15:28.551999+00:00
d7baa3de7498eb93e348d6d56edfbd73,2026-02-02T13:15:27.168436,0.07514601800239086,2026-02-02T13:15:26.538935466Z,bellOnInvocation,2026-02-02 13:15:26.551661+00:00,2026-02-02 13:15:26.551762+00:00
d7baa3de7498eb93e348d6d56edfbd73,2026-02-02T13:15:27.168436,0.07514601800239086,2026-02-02T13:15:26.538935466Z,lightOnInvocation,2026-02-02 13:15:26.546207+00:00,2026-02-02 13:15:26.546400+00:00
d7baa3de7498eb93e348d6d56edfbd73,2026-02-02T13:15:27.168436,0.07514601800239086,2026-02-02T13:15:26.538935466Z,gateDownAction,2026-02-02 13:15:28.550141+00:00,2026-02-02 13:15:28.550224+00:00
d7baa3de7498eb93e348d6d56edfbd73,2026-02-02T13:15:27.168436,0.07514601800239086,2026-02-02T13:15:26.538935466Z,bellOnAction,2026-02-02 13:15:28.552357+00:00,2026-02-02 13:15:28.552436+00:00
42130babf470a774706f388f8b5b1339,2026-02-02T13:11:24.547974,0.0347067470266223,2026-02-02T13:11:23.878975337Z,lightOnAction,2026-02-02 13:11:25.890461+00:00,2026-02-02 13:11:25.890544+00:00
42130babf470a774706f388f8b5b1339,2026-02-02T13:11:24.547974,0.0347067470266223,2026-02-02T13:11:23.878975337Z,bellOnAction,2026-02-02 13:11:25.894747+00:00,2026-02-02 13:11:25.894829+00:00
42130babf470a774706f388f8b5b1339,2026-02-02T13:11:24.547974,0.0347067470266223,2026-02-02T13:11:23.878975337Z,lightOnAction,2026-02-02 13:11:25.890847+00:00,2026-02-02 13:11:25.890964+00:00
42130babf470a774706f388f8b5b1339,2026-02-02T13:11:24.547974,0.0347067470266223,2026-02-02T13:11:23.878975337Z,gateDownInvocation,2026-02-02 13:11:23.892160+00:00,2026-02-02 13:11:23.892692+00:00
42130babf470a774706f388f8b5b1339,2026-02-02T13:11:24.547974,0.0347067470266223,2026-02-02T13:11:23.878975337Z,bellOnInvocation,2026-02-02 13:11:23.893269+00:00,2026-02-02 13:11:23.893469+00:00
42130babf470a774706f388f8b5b1339,2026-02-02T13:11:24.547974,0.0347067470266223,2026-02-02T13:11:23.878975337Z,gateDownAction,2026-02-02 13:11:25.892113+00:00,2026-02-02 13:11:25.892223+00:00
42130babf470a774706f388f8b5b1339,2026-02-02T13:11:24.547974,0.0347067470266223,2026-02-02T13:11:23.878975337Z,bellOnInvocation,2026-02-02 13:11:23.892637+00:00,2026-02-02 13:11:23.892828+00:00
42130babf470a774706f388f8b5b1339,2026-02-02T13:11:24.547974,0.0347067470266223,2026-02-02T13:11:23.878975337Z,gateDownInvocation,2026-02-02 13:11:23.890296+00:00,2026-02-02 13:11:23.890643+00:00
42130babf470a774706f388f8b5b1339,2026-02-02T13:11:24.547974,0.0347067470266223,2026-02-02T13:11:23.878975337Z,lightOnInvocation,2026-02-02 13:11:23.888118+00:00,2026-02-02 13:11:23.888342+00:00
42130babf470a774706f388f8b5b1339,2026-02-02T13:11:24.547974,0.0347067470266223,2026-02-02T13:11:23.878975337Z,gateDownAction,2026-02-02 13:11:25.893641+00:00,2026-02-02 13:11:25.893721+00:00
42130babf470a774706f388f8b5b1339,2026-02-02T13:11:24.547974,0.0347067470266223,2026-02-02T13:11:23.878975337Z,bellOnAction,2026-02-02 13:11:25.893503+00:00,2026-02-02 13:11:25.893582+00:00
42130babf470a774706f388f8b5b1339,2026-02-02T13:11:24.547974,0.0347067470266223,2026-02-02T13:11:23.878975337Z,lightOnInvocation,2026-02-02 13:11:23.889264+00:00,2026-02-02 13:11:23.889460+00:00
44607a5bca5acad1d10749a7126c1c32,2026-02-02T13:09:10.853560,0.012588656777060031,2026-02-02T13:09:11.157178078Z,lightOffInvocation,2026-02-02 13:09:11.168055+00:00,2026-02-02 13:09:11.168208+00:00
44607a5bca5acad1d10749a7126c1c32,2026-02-02T13:09:10.853560,0.012588656777060031,2026-02-02T13:09:11.157178078Z,gateUpInvocation,2026-02-02 13:09:11.167711+00:00,2026-02-02 13:09:11.167850+00:00
44607a5bca5acad1d10749a7126c1c32,2026-02-02T13:09:10.853560,0.012588656777060031,2026-02-02T13:09:11.157178078Z,gateUpInvocation,2026-02-02 13:09:11.169304+00:00,2026-02-02 13:09:11.169447+00:00
44607a5bca5acad1d10749a7126c1c32,2026-02-02T13:09:10.853560,0.012588656777060031,2026-02-02T13:09:11.157178078Z,bellOffInvocation,2026-02-02 13:09:11.172882+00:00,2026-02-02 13:09:11.173034+00:00
44607a5bca5acad1d10749a7126c1c32,2026-02-02T13:09:10.853560,0.012588656777060031,2026-02-02T13:09:11.157178078Z,bellOffInvocation,2026-02-02 13:09:11.170374+00:00,2026-02-02 13:09:11.170524+00:00
44607a5bca5acad1d10749a7126c1c32,2026-02-02T13:09:10.853560,0.012588656777060031,2026-02-02T13:09:11.157178078Z,lightOffInvocation,2026-02-02 13:09:11.167727+00:00,2026-02-02 13:09:11.167903+00:00
503c3be22d145474b92ad01b77eff051,2026-02-02T13:07:57.677541,0.00022687563896179203,2026-02-02T13:07:56.978991229Z,bellOnAction,2026-02-02 13:07:59.403107+00:00,2026-02-02 13:07:59.403178+00:00
503c3be22d145474b92ad01b77eff051,2026-02-02T13:07:57.677541,0.00022687563896179203,2026-02-02T13:07:56.978991229Z,bellOnAction,2026-02-02 13:07:59.324574+00:00,2026-02-02 13:07:59.324679+00:00
503c3be22d145474b92ad01b77eff051,2026-02-02T13:07:57.677541,0.00022687563896179203,2026-02-02T13:07:56.978991229Z,gateDownAction,2026-02-02 13:07:59.282579+00:00,2026-02-02 13:07:59.282659+00:00
503c3be22d145474b92ad01b77eff051,2026-02-02T13:07:57.677541,0.00022687563896179203,2026-02-02T13:07:56.978991229Z,lightOnAction,2026-02-02 13:07:59.295380+00:00,2026-02-02 13:07:59.295522+00:00
503c3be22d145474b92ad01b77eff051,2026-02-02T13:07:57.677541,0.00022687563896179203,2026-02-02T13:07:56.978991229Z,gateDownAction,2026-02-02 13:07:59.326374+00:00,2026-02-02 13:07:59.326439+00:00
503c3be22d145474b92ad01b77eff051,2026-02-02T13:07:57.677541,0.00022687563896179203,2026-02-02T13:07:56.978991229Z,lightOnInvocation,2026-02-02 13:07:57.326059+00:00,2026-02-02 13:07:57.326184+00:00
503c3be22d145474b92ad01b77eff051,2026-02-02T13:07:57.677541,0.00022687563896179203,2026-02-02T13:07:56.978991229Z,lightOnAction,2026-02-02 13:07:59.326523+00:00,2026-02-02 13:07:59.326595+00:00
503c3be22d145474b92ad01b77eff051,2026-02-02T13:07:57.677541,0.00022687563896179203,2026-02-02T13:07:56.978991229Z,lightOnInvocation,2026-02-02 13:07:57.295088+00:00,2026-02-02 13:07:57.295211+00:00
503c3be22d145474b92ad01b77eff051,2026-02-02T13:07:57.677541,0.00022687563896179203,2026-02-02T13:07:56.978991229Z,gateDownInvocation,2026-02-02 13:07:57.281422+00:00,2026-02-02 13:07:57.281567+00:00
503c3be22d145474b92ad01b77eff051,2026-02-02T13:07:57.677541,0.00022687563896179203,2026-02-02T13:07:56.978991229Z,bellOnInvocation,2026-02-02 13:07:57.324350+00:00,2026-02-02 13:07:57.324452+00:00
503c3be22d145474b92ad01b77eff051,2026-02-02T13:07:57.677541,0.00022687563896179203,2026-02-02T13:07:56.978991229Z,bellOnInvocation,2026-02-02 13:07:57.401932+00:00,2026-02-02 13:07:57.402026+00:00
503c3be22d145474b92ad01b77eff051,2026-02-02T13:07:57.677541,0.00022687563896179203,2026-02-02T13:07:56.978991229Z,gateDownInvocation,2026-02-02 13:07:57.325712+00:00,2026-02-02 13:07:57.325859+00:00
a8f73de44d0fff1c0b5ebd8bf661cded,2026-02-02T13:15:14.164943,0.0729724881554842,2026-02-02T13:15:13.496348809Z,bellOnAction,2026-02-02 13:15:15.503181+00:00,2026-02-02 13:15:15.503241+00:00
a8f73de44d0fff1c0b5ebd8bf661cded,2026-02-02T13:15:14.164943,0.0729724881554842,2026-02-02T13:15:13.496348809Z,gateDownInvocation,2026-02-02 13:15:13.500254+00:00,2026-02-02 13:15:13.500353+00:00
a8f73de44d0fff1c0b5ebd8bf661cded,2026-02-02T13:15:14.164943,0.0729724881554842,2026-02-02T13:15:13.496348809Z,gateDownInvocation,2026-02-02 13:15:13.501891+00:00,2026-02-02 13:15:13.501998+00:00
a8f73de44d0fff1c0b5ebd8bf661cded,2026-02-02T13:15:14.164943,0.0729724881554842,2026-02-02T13:15:13.496348809Z,gateDownAction,2026-02-02 13:15:15.502715+00:00,2026-02-02 13:15:15.502799+00:00
a8f73de44d0fff1c0b5ebd8bf661cded,2026-02-02T13:15:14.164943,0.0729724881554842,2026-02-02T13:15:13.496348809Z,gateDownAction,2026-02-02 13:15:15.500461+00:00,2026-02-02 13:15:15.500573+00:00
a8f73de44d0fff1c0b5ebd8bf661cded,2026-02-02T13:15:14.164943,0.0729724881554842,2026-02-02T13:15:13.496348809Z,lightOnAction,2026-02-02 13:15:15.500403+00:00,2026-02-02 13:15:15.500493+00:00
a8f73de44d0fff1c0b5ebd8bf661cded,2026-02-02T13:15:14.164943,0.0729724881554842,2026-02-02T13:15:13.496348809Z,lightOnInvocation,2026-02-02 13:15:13.501610+00:00,2026-02-02 13:15:13.501998+00:00
a8f73de44d0fff1c0b5ebd8bf661cded,2026-02-02T13:15:14.164943,0.0729724881554842,2026-02-02T13:15:13.496348809Z,lightOnInvocation,2026-02-02 13:15:13.500284+00:00,2026-02-02 13:15:13.500344+00:00
a8f73de44d0fff1c0b5ebd8bf661cded,2026-02-02T13:15:14.164943,0.0729724881554842,2026-02-02T13:15:13.496348809Z,bellOnAction,2026-02-02 13:15:15.505107+00:00,2026-02-02 13:15:15.505193+00:00
a8f73de44d0fff1c0b5ebd8bf661cded,2026-02-02T13:15:14.164943,0.0729724881554842,2026-02-02T13:15:13.496348809Z,bellOnInvocation,2026-02-02 13:15:13.503632+00:00,2026-02-02 13:15:13.503690+00:00
a8f73de44d0fff1c0b5ebd8bf661cded,2026-02-02T13:15:14.164943,0.0729724881554842,2026-02-02T13:15:13.496348809Z,lightOnAction,2026-02-02 13:15:15.502734+00:00,2026-02-02 13:15:15.502824+00:00
a8f73de44d0fff1c0b5ebd8bf661cded,2026-02-02T13:15:14.164943,0.0729724881554842,2026-02-02T13:15:13.496348809Z,bellOnInvocation,2026-02-02 13:15:13.504193+00:00,2026-02-02 13:15:13.504234+00:00
9d7676cde21e3aeea0fe1890a6fdc49d,2026-02-02T13:11:59.131631,0.040471502357792864,2026-02-02T13:11:58.47095897Z,bellOnInvocation,2026-02-02 13:11:58.478658+00:00,2026-02-02 13:11:58.478933+00:00
9d7676cde21e3aeea0fe1890a6fdc49d,2026-02-02T13:11:59.131631,0.040471502357792864,2026-02-02T13:11:58.47095897Z,bellOnAction,2026-02-02 13:12:00.478282+00:00,2026-02-02 13:12:00.478326+00:00
9d7676cde21e3aeea0fe1890a6fdc49d,2026-02-02T13:11:59.131631,0.040471502357792864,2026-02-02T13:11:58.47095897Z,gateDownInvocation,2026-02-02 13:11:58.477262+00:00,2026-02-02 13:11:58.477462+00:00
9d7676cde21e3aeea0fe1890a6fdc49d,2026-02-02T13:11:59.131631,0.040471502357792864,2026-02-02T13:11:58.47095897Z,gateDownAction,2026-02-02 13:12:00.479086+00:00,2026-02-02 13:12:00.479155+00:00
9d7676cde21e3aeea0fe1890a6fdc49d,2026-02-02T13:11:59.131631,0.040471502357792864,2026-02-02T13:11:58.47095897Z,bellOnAction,2026-02-02 13:12:00.479396+00:00,2026-02-02 13:12:00.479436+00:00
9d7676cde21e3aeea0fe1890a6fdc49d,2026-02-02T13:11:59.131631,0.040471502357792864,2026-02-02T13:11:58.47095897Z,lightOnAction,2026-02-02 13:12:00.477745+00:00,2026-02-02 13:12:00.477853+00:00
9d7676cde21e3aeea0fe1890a6fdc49d,2026-02-02T13:11:59.131631,0.040471502357792864,2026-02-02T13:11:58.47095897Z,lightOnAction,2026-02-02 13:12:00.478039+00:00,2026-02-02 13:12:00.478123+00:00
9d7676cde21e3aeea0fe1890a6fdc49d,2026-02-02T13:11:59.131631,0.040471502357792864,2026-02-02T13:11:58.47095897Z,bellOnInvocation,2026-02-02 13:11:58.478107+00:00,2026-02-02 13:11:58.478214+00:00
9d7676cde21e3aeea0fe1890a6fdc49d,2026-02-02T13:11:59.131631,0.040471502357792864,2026-02-02T13:11:58.47095897Z,gateDownInvocation,2026-02-02 13:11:58.476904+00:00,2026-02-02 13:11:58.477124+00:00
9d7676cde21e3aeea0fe1890a6fdc49d,2026-02-02T13:11:59.131631,0.040471502357792864,2026-02-02T13:11:58.47095897Z,lightOnInvocation,2026-02-02 13:11:58.477218+00:00,2026-02-02 13:11:58.477365+00:00
9d7676cde21e3aeea0fe1890a6fdc49d,2026-02-02T13:11:59.131631,0.040471502357792864,2026-02-02T13:11:58.47095897Z,gateDownAction,2026-02-02 13:12:00.477706+00:00,2026-02-02 13:12:00.477800+00:00
9d7676cde21e3aeea0fe1890a6fdc49d,2026-02-02T13:11:59.131631,0.040471502357792864,2026-02-02T13:11:58.47095897Z,lightOnInvocation,2026-02-02 13:11:58.476761+00:00,2026-02-02 13:11:58.476877+00:00
f342a3b813796e07f45474929f038637,2026-02-02T13:12:55.412340,0.050018705194246775,2026-02-02T13:12:55.759935294Z,bellOffInvocation,2026-02-02 13:12:55.770469+00:00,2026-02-02 13:12:55.770597+00:00
f342a3b813796e07f45474929f038637,2026-02-02T13:12:55.412340,0.050018705194246775,2026-02-02T13:12:55.759935294Z,bellOffInvocation,2026-02-02 13:12:55.772050+00:00,2026-02-02 13:12:55.772133+00:00
f342a3b813796e07f45474929f038637,2026-02-02T13:12:55.412340,0.050018705194246775,2026-02-02T13:12:55.759935294Z,lightOffInvocation,2026-02-02 13:12:55.765737+00:00,2026-02-02 13:12:55.768039+00:00
f342a3b813796e07f45474929f038637,2026-02-02T13:12:55.412340,0.050018705194246775,2026-02-02T13:12:55.759935294Z,lightOffInvocation,2026-02-02 13:12:55.766713+00:00,2026-02-02 13:12:55.766891+00:00
f342a3b813796e07f45474929f038637,2026-02-02T13:12:55.412340,0.050018705194246775,2026-02-02T13:12:55.759935294Z,gateUpInvocation,2026-02-02 13:12:55.767978+00:00,2026-02-02 13:12:55.768116+00:00
f342a3b813796e07f45474929f038637,2026-02-02T13:12:55.412340,0.050018705194246775,2026-02-02T13:12:55.759935294Z,gateUpInvocation,2026-02-02 13:12:55.769532+00:00,2026-02-02 13:12:55.769636+00:00
b1e4aec76cc0f2fa901f4c1ed7b5c09d,2026-02-02T13:08:10.581968,0.0023777405432820324,2026-02-02T13:08:09.885529583Z,bellOnAction,2026-02-02 13:08:11.911083+00:00,2026-02-02 13:08:11.911250+00:00
b1e4aec76cc0f2fa901f4c1ed7b5c09d,2026-02-02T13:08:10.581968,0.0023777405432820324,2026-02-02T13:08:09.885529583Z,bellOnAction,2026-02-02 13:08:11.909261+00:00,2026-02-02 13:08:11.909333+00:00
b1e4aec76cc0f2fa901f4c1ed7b5c09d,2026-02-02T13:08:10.581968,0.0023777405432820324,2026-02-02T13:08:09.885529583Z,lightOnAction,2026-02-02 13:08:11.904258+00:00,2026-02-02 13:08:11.904345+00:00
b1e4aec76cc0f2fa901f4c1ed7b5c09d,2026-02-02T13:08:10.581968,0.0023777405432820324,2026-02-02T13:08:09.885529583Z,lightOnInvocation,2026-02-02 13:08:09.902066+00:00,2026-02-02 13:08:09.902290+00:00
b1e4aec76cc0f2fa901f4c1ed7b5c09d,2026-02-02T13:08:10.581968,0.0023777405432820324,2026-02-02T13:08:09.885529583Z,gateDownInvocation,2026-02-02 13:08:09.900117+00:00,2026-02-02 13:08:09.900963+00:00
b1e4aec76cc0f2fa901f4c1ed7b5c09d,2026-02-02T13:08:10.581968,0.0023777405432820324,2026-02-02T13:08:09.885529583Z,gateDownInvocation,2026-02-02 13:08:09.903028+00:00,2026-02-02 13:08:09.903376+00:00
b1e4aec76cc0f2fa901f4c1ed7b5c09d,2026-02-02T13:08:10.581968,0.0023777405432820324,2026-02-02T13:08:09.885529583Z,lightOnAction,2026-02-02 13:08:11.901492+00:00,2026-02-02 13:08:11.901591+00:00
b1e4aec76cc0f2fa901f4c1ed7b5c09d,2026-02-02T13:08:10.581968,0.0023777405432820324,2026-02-02T13:08:09.885529583Z,lightOnInvocation,2026-02-02 13:08:09.900642+00:00,2026-02-02 13:08:09.900905+00:00
b1e4aec76cc0f2fa901f4c1ed7b5c09d,2026-02-02T13:08:10.581968,0.0023777405432820324,2026-02-02T13:08:09.885529583Z,bellOnInvocation,2026-02-02 13:08:09.908201+00:00,2026-02-02 13:08:09.908318+00:00
b1e4aec76cc0f2fa901f4c1ed7b5c09d,2026-02-02T13:08:10.581968,0.0023777405432820324,2026-02-02T13:08:09.885529583Z,bellOnInvocation,2026-02-02 13:08:09.909872+00:00,2026-02-02 13:08:09.909947+00:00
b1e4aec76cc0f2fa901f4c1ed7b5c09d,2026-02-02T13:08:10.581968,0.0023777405432820324,2026-02-02T13:08:09.885529583Z,gateDownAction,2026-02-02 13:08:11.902508+00:00,2026-02-02 13:08:11.902595+00:00
b1e4aec76cc0f2fa901f4c1ed7b5c09d,2026-02-02T13:08:10.581968,0.0023777405432820324,2026-02-02T13:08:09.885529583Z,gateDownAction,2026-02-02 13:08:11.905520+00:00,2026-02-02 13:08:11.905636+00:00
3d14c0dcb76b6335645d85f29439c706,2026-02-02T13:16:45.374573,0.088337334354496,2026-02-02T13:16:45.694719391Z,bellOffInvocation,2026-02-02 13:16:45.705081+00:00,2026-02-02 13:16:45.705159+00:00
3d14c0dcb76b6335645d85f29439c706,2026-02-02T13:16:45.374573,0.088337334354496,2026-02-02T13:16:45.694719391Z,gateUpInvocation,2026-02-02 13:16:45.700708+00:00,2026-02-02 13:16:45.700808+00:00
3d14c0dcb76b6335645d85f29439c706,2026-02-02T13:16:45.374573,0.088337334354496,2026-02-02T13:16:45.694719391Z,gateUpInvocation,2026-02-02 13:16:45.701167+00:00,2026-02-02 13:16:45.701294+00:00
3d14c0dcb76b6335645d85f29439c706,2026-02-02T13:16:45.374573,0.088337334354496,2026-02-02T13:16:45.694719391Z,lightOffInvocation,2026-02-02 13:16:45.701155+00:00,2026-02-02 13:16:45.701251+00:00
3d14c0dcb76b6335645d85f29439c706,2026-02-02T13:16:45.374573,0.088337334354496,2026-02-02T13:16:45.694719391Z,lightOffInvocation,2026-02-02 13:16:45.700746+00:00,2026-02-02 13:16:45.700869+00:00
3d14c0dcb76b6335645d85f29439c706,2026-02-02T13:16:45.374573,0.088337334354496,2026-02-02T13:16:45.694719391Z,bellOffInvocation,2026-02-02 13:16:45.703671+00:00,2026-02-02 13:16:45.703807+00:00
1516b3ec93b91c43ab3c4086f17f886b,2026-02-02T13:16:53.998718,0.08978139740337134,2026-02-02T13:16:54.359907592Z,lightOffInvocation,2026-02-02 13:16:54.364470+00:00,2026-02-02 13:16:54.364550+00:00
1516b3ec93b91c43ab3c4086f17f886b,2026-02-02T13:16:53.998718,0.08978139740337134,2026-02-02T13:16:54.359907592Z,gateUpInvocation,2026-02-02 13:16:54.365491+00:00,2026-02-02 13:16:54.365580+00:00
1516b3ec93b91c43ab3c4086f17f886b,2026-02-02T13:16:53.998718,0.08978139740337134,2026-02-02T13:16:54.359907592Z,gateUpInvocation,2026-02-02 13:16:54.364487+00:00,2026-02-02 13:16:54.364568+00:00
1516b3ec93b91c43ab3c4086f17f886b,2026-02-02T13:16:53.998718,0.08978139740337134,2026-02-02T13:16:54.359907592Z,bellOffInvocation,2026-02-02 13:16:54.367101+00:00,2026-02-02 13:16:54.367141+00:00
1516b3ec93b91c43ab3c4086f17f886b,2026-02-02T13:16:53.998718,0.08978139740337134,2026-02-02T13:16:54.359907592Z,bellOffInvocation,2026-02-02 13:16:54.365860+00:00,2026-02-02 13:16:54.365973+00:00
1516b3ec93b91c43ab3c4086f17f886b,2026-02-02T13:16:53.998718,0.08978139740337134,2026-02-02T13:16:54.359907592Z,lightOffInvocation,2026-02-02 13:16:54.364475+00:00,2026-02-02 13:16:54.364563+00:00
5a134e1d77e777ce39208a4a9b11a5d8,2026-02-02T13:14:13.447814,0.06301684007952213,2026-02-02T13:14:13.756448184Z,gateUpInvocation,2026-02-02 13:14:13.760522+00:00,2026-02-02 13:14:13.760581+00:00
5a134e1d77e777ce39208a4a9b11a5d8,2026-02-02T13:14:13.447814,0.06301684007952213,2026-02-02T13:14:13.756448184Z,lightOffInvocation,2026-02-02 13:14:13.760450+00:00,2026-02-02 13:14:13.760495+00:00
5a134e1d77e777ce39208a4a9b11a5d8,2026-02-02T13:14:13.447814,0.06301684007952213,2026-02-02T13:14:13.756448184Z,bellOffInvocation,2026-02-02 13:14:13.761403+00:00,2026-02-02 13:14:13.761436+00:00
5a134e1d77e777ce39208a4a9b11a5d8,2026-02-02T13:14:13.447814,0.06301684007952213,2026-02-02T13:14:13.756448184Z,gateUpInvocation,2026-02-02 13:14:13.759783+00:00,2026-02-02 13:14:13.759835+00:00
5a134e1d77e777ce39208a4a9b11a5d8,2026-02-02T13:14:13.447814,0.06301684007952213,2026-02-02T13:14:13.756448184Z,lightOffInvocation,2026-02-02 13:14:13.759793+00:00,2026-02-02 13:14:13.759851+00:00
5a134e1d77e777ce39208a4a9b11a5d8,2026-02-02T13:14:13.447814,0.06301684007952213,2026-02-02T13:14:13.756448184Z,bellOffInvocation,2026-02-02 13:14:13.761131+00:00,2026-02-02 13:14:13.761171+00:00
3d3cafd045c1f98b7e1643dc6c289b92,2026-02-02T13:14:30.758516,0.06574003647342921,2026-02-02T13:14:30.097776382Z,gateDownAction,2026-02-02 13:14:32.112205+00:00,2026-02-02 13:14:32.112323+00:00
3d3cafd045c1f98b7e1643dc6c289b92,2026-02-02T13:14:30.758516,0.06574003647342921,2026-02-02T13:14:30.097776382Z,gateDownInvocation,2026-02-02 13:14:30.110963+00:00,2026-02-02 13:14:30.111108+00:00
3d3cafd045c1f98b7e1643dc6c289b92,2026-02-02T13:14:30.758516,0.06574003647342921,2026-02-02T13:14:30.097776382Z,gateDownAction,2026-02-02 13:14:32.122359+00:00,2026-02-02 13:14:32.122437+00:00
3d3cafd045c1f98b7e1643dc6c289b92,2026-02-02T13:14:30.758516,0.06574003647342921,2026-02-02T13:14:30.097776382Z,lightOnAction,2026-02-02 13:14:32.112306+00:00,2026-02-02 13:14:32.112395+00:00
3d3cafd045c1f98b7e1643dc6c289b92,2026-02-02T13:14:30.758516,0.06574003647342921,2026-02-02T13:14:30.097776382Z,bellOnAction,2026-02-02 13:14:32.115740+00:00,2026-02-02 13:14:32.115837+00:00
3d3cafd045c1f98b7e1643dc6c289b92,2026-02-02T13:14:30.758516,0.06574003647342921,2026-02-02T13:14:30.097776382Z,lightOnInvocation,2026-02-02 13:14:30.110984+00:00,2026-02-02 13:14:30.111086+00:00
3d3cafd045c1f98b7e1643dc6c289b92,2026-02-02T13:14:30.758516,0.06574003647342921,2026-02-02T13:14:30.097776382Z,lightOnAction,2026-02-02 13:14:32.117179+00:00,2026-02-02 13:14:32.117273+00:00
3d3cafd045c1f98b7e1643dc6c289b92,2026-02-02T13:14:30.758516,0.06574003647342921,2026-02-02T13:14:30.097776382Z,gateDownInvocation,2026-02-02 13:14:30.120540+00:00,2026-02-02 13:14:30.120754+00:00
3d3cafd045c1f98b7e1643dc6c289b92,2026-02-02T13:14:30.758516,0.06574003647342921,2026-02-02T13:14:30.097776382Z,bellOnInvocation,2026-02-02 13:14:30.112270+00:00,2026-02-02 13:14:30.112451+00:00
3d3cafd045c1f98b7e1643dc6c289b92,2026-02-02T13:14:30.758516,0.06574003647342921,2026-02-02T13:14:30.097776382Z,bellOnAction,2026-02-02 13:14:32.122869+00:00,2026-02-02 13:14:32.122994+00:00
3d3cafd045c1f98b7e1643dc6c289b92,2026-02-02T13:14:30.758516,0.06574003647342921,2026-02-02T13:14:30.097776382Z,bellOnInvocation,2026-02-02 13:14:30.120879+00:00,2026-02-02 13:14:30.121163+00:00
3d3cafd045c1f98b7e1643dc6c289b92,2026-02-02T13:14:30.758516,0.06574003647342921,2026-02-02T13:14:30.097776382Z,lightOnInvocation,2026-02-02 13:14:30.114485+00:00,2026-02-02 13:14:30.114657+00:00
b7ff0e87574656cd6bc3a41b3cefb19c,2026-02-02T13:15:18.475484,0.0736951182295084,2026-02-02T13:15:17.832650868Z,bellOnInvocation,2026-02-02 13:15:17.845185+00:00,2026-02-02 13:15:17.845374+00:00
b7ff0e87574656cd6bc3a41b3cefb19c,2026-02-02T13:15:18.475484,0.0736951182295084,2026-02-02T13:15:17.832650868Z,gateDownInvocation,2026-02-02 13:15:17.840320+00:00,2026-02-02 13:15:17.840664+00:00
b7ff0e87574656cd6bc3a41b3cefb19c,2026-02-02T13:15:18.475484,0.0736951182295084,2026-02-02T13:15:17.832650868Z,bellOnAction,2026-02-02 13:15:19.847438+00:00,2026-02-02 13:15:19.847508+00:00
b7ff0e87574656cd6bc3a41b3cefb19c,2026-02-02T13:15:18.475484,0.0736951182295084,2026-02-02T13:15:17.832650868Z,lightOnInvocation,2026-02-02 13:15:17.840744+00:00,2026-02-02 13:15:17.840966+00:00
b7ff0e87574656cd6bc3a41b3cefb19c,2026-02-02T13:15:18.475484,0.0736951182295084,2026-02-02T13:15:17.832650868Z,gateDownInvocation,2026-02-02 13:15:17.840463+00:00,2026-02-02 13:15:17.841007+00:00
b7ff0e87574656cd6bc3a41b3cefb19c,2026-02-02T13:15:18.475484,0.0736951182295084,2026-02-02T13:15:17.832650868Z,gateDownAction,2026-02-02 13:15:19.842591+00:00,2026-02-02 13:15:19.842677+00:00
b7ff0e87574656cd6bc3a41b3cefb19c,2026-02-02T13:15:18.475484,0.0736951182295084,2026-02-02T13:15:17.832650868Z,bellOnAction,2026-02-02 13:15:19.845851+00:00,2026-02-02 13:15:19.845965+00:00
b7ff0e87574656cd6bc3a41b3cefb19c,2026-02-02T13:15:18.475484,0.0736951182295084,2026-02-02T13:15:17.832650868Z,lightOnInvocation,2026-02-02 13:15:17.841553+00:00,2026-02-02 13:15:17.841796+00:00
b7ff0e87574656cd6bc3a41b3cefb19c,2026-02-02T13:15:18.475484,0.0736951182295084,2026-02-02T13:15:17.832650868Z,gateDownAction,2026-02-02 13:15:19.844275+00:00,2026-02-02 13:15:19.844361+00:00
b7ff0e87574656cd6bc3a41b3cefb19c,2026-02-02T13:15:18.475484,0.0736951182295084,2026-02-02T13:15:17.832650868Z,lightOnAction,2026-02-02 13:15:19.842125+00:00,2026-02-02 13:15:19.842211+00:00
b7ff0e87574656cd6bc3a41b3cefb19c,2026-02-02T13:15:18.475484,0.0736951182295084,2026-02-02T13:15:17.832650868Z,bellOnInvocation,2026-02-02 13:15:17.846594+00:00,2026-02-02 13:15:17.846699+00:00
b7ff0e87574656cd6bc3a41b3cefb19c,2026-02-02T13:15:18.475484,0.0736951182295084,2026-02-02T13:15:17.832650868Z,lightOnAction,2026-02-02 13:15:19.842440+00:00,2026-02-02 13:15:19.842524+00:00
f1d8738e9ab5e903913e0f0b7df71b34,2026-02-02T13:10:02.583438,0.021210235546612742,2026-02-02T13:10:02.891805177Z,lightOffInvocation,2026-02-02 13:10:02.901138+00:00,2026-02-02 13:10:02.901250+00:00
f1d8738e9ab5e903913e0f0b7df71b34,2026-02-02T13:10:02.583438,0.021210235546612742,2026-02-02T13:10:02.891805177Z,gateUpInvocation,2026-02-02 13:10:02.903021+00:00,2026-02-02 13:10:02.903156+00:00
f1d8738e9ab5e903913e0f0b7df71b34,2026-02-02T13:10:02.583438,0.021210235546612742,2026-02-02T13:10:02.891805177Z,lightOffInvocation,2026-02-02 13:10:02.899363+00:00,2026-02-02 13:10:02.899502+00:00
f1d8738e9ab5e903913e0f0b7df71b34,2026-02-02T13:10:02.583438,0.021210235546612742,2026-02-02T13:10:02.891805177Z,bellOffInvocation,2026-02-02 13:10:02.905995+00:00,2026-02-02 13:10:02.906078+00:00
f1d8738e9ab5e903913e0f0b7df71b34,2026-02-02T13:10:02.583438,0.021210235546612742,2026-02-02T13:10:02.891805177Z,gateUpInvocation,2026-02-02 13:10:02.899292+00:00,2026-02-02 13:10:02.900966+00:00
f1d8738e9ab5e903913e0f0b7df71b34,2026-02-02T13:10:02.583438,0.021210235546612742,2026-02-02T13:10:02.891805177Z,bellOffInvocation,2026-02-02 13:10:02.905726+00:00,2026-02-02 13:10:02.905800+00:00
2d4bc46dbd6a050ee5f19bbce6f9114c,2026-02-02T13:08:06.279379,0.0018269974851131442,2026-02-02T13:08:06.580737593Z,bellOffInvocation,2026-02-02 13:08:06.594727+00:00,2026-02-02 13:08:06.594775+00:00
2d4bc46dbd6a050ee5f19bbce6f9114c,2026-02-02T13:08:06.279379,0.0018269974851131442,2026-02-02T13:08:06.580737593Z,gateUpInvocation,2026-02-02 13:08:06.591033+00:00,2026-02-02 13:08:06.591103+00:00
2d4bc46dbd6a050ee5f19bbce6f9114c,2026-02-02T13:08:06.279379,0.0018269974851131442,2026-02-02T13:08:06.580737593Z,bellOffInvocation,2026-02-02 13:08:06.592248+00:00,2026-02-02 13:08:06.592321+00:00
2d4bc46dbd6a050ee5f19bbce6f9114c,2026-02-02T13:08:06.279379,0.0018269974851131442,2026-02-02T13:08:06.580737593Z,lightOffInvocation,2026-02-02 13:08:06.590855+00:00,2026-02-02 13:08:06.590935+00:00
2d4bc46dbd6a050ee5f19bbce6f9114c,2026-02-02T13:08:06.279379,0.0018269974851131442,2026-02-02T13:08:06.580737593Z,gateUpInvocation,2026-02-02 13:08:06.589265+00:00,2026-02-02 13:08:06.589344+00:00
2d4bc46dbd6a050ee5f19bbce6f9114c,2026-02-02T13:08:06.279379,0.0018269974851131442,2026-02-02T13:08:06.580737593Z,lightOffInvocation,2026-02-02 13:08:06.589191+00:00,2026-02-02 13:08:06.589262+00:00
d58fab054f53301607047801dd624f68,2026-02-02T13:17:11.390209,0.09267907486573458,2026-02-02T13:17:11.747645379Z,gateUpInvocation,2026-02-02 13:17:11.750115+00:00,2026-02-02 13:17:11.750168+00:00
d58fab054f53301607047801dd624f68,2026-02-02T13:17:11.390209,0.09267907486573458,2026-02-02T13:17:11.747645379Z,gateUpInvocation,2026-02-02 13:17:11.750914+00:00,2026-02-02 13:17:11.751015+00:00
d58fab054f53301607047801dd624f68,2026-02-02T13:17:11.390209,0.09267907486573458,2026-02-02T13:17:11.747645379Z,bellOffInvocation,2026-02-02 13:17:11.750278+00:00,2026-02-02 13:17:11.750313+00:00
d58fab054f53301607047801dd624f68,2026-02-02T13:17:11.390209,0.09267907486573458,2026-02-02T13:17:11.747645379Z,lightOffInvocation,2026-02-02 13:17:11.750246+00:00,2026-02-02 13:17:11.750282+00:00
d58fab054f53301607047801dd624f68,2026-02-02T13:17:11.390209,0.09267907486573458,2026-02-02T13:17:11.747645379Z,lightOffInvocation,2026-02-02 13:17:11.750304+00:00,2026-02-02 13:17:11.750350+00:00
d58fab054f53301607047801dd624f68,2026-02-02T13:17:11.390209,0.09267907486573458,2026-02-02T13:17:11.747645379Z,bellOffInvocation,2026-02-02 13:17:11.752214+00:00,2026-02-02 13:17:11.752242+00:00
955e9659ee29f50cc6fa716382e9144b,2026-02-02T13:13:12.737890,0.05290217647582293,2026-02-02T13:13:13.062548236Z,bellOffInvocation,2026-02-02 13:13:13.073627+00:00,2026-02-02 13:13:13.073730+00:00
955e9659ee29f50cc6fa716382e9144b,2026-02-02T13:13:12.737890,0.05290217647582293,2026-02-02T13:13:13.062548236Z,gateUpInvocation,2026-02-02 13:13:13.069446+00:00,2026-02-02 13:13:13.069593+00:00
955e9659ee29f50cc6fa716382e9144b,2026-02-02T13:13:12.737890,0.05290217647582293,2026-02-02T13:13:13.062548236Z,gateUpInvocation,2026-02-02 13:13:13.070860+00:00,2026-02-02 13:13:13.071026+00:00
955e9659ee29f50cc6fa716382e9144b,2026-02-02T13:13:12.737890,0.05290217647582293,2026-02-02T13:13:13.062548236Z,lightOffInvocation,2026-02-02 13:13:13.069354+00:00,2026-02-02 13:13:13.069521+00:00
955e9659ee29f50cc6fa716382e9144b,2026-02-02T13:13:12.737890,0.05290217647582293,2026-02-02T13:13:13.062548236Z,lightOffInvocation,2026-02-02 13:13:13.070781+00:00,2026-02-02 13:13:13.070990+00:00
955e9659ee29f50cc6fa716382e9144b,2026-02-02T13:13:12.737890,0.05290217647582293,2026-02-02T13:13:13.062548236Z,bellOffInvocation,2026-02-02 13:13:13.071826+00:00,2026-02-02 13:13:13.071988+00:00
07872e123f3a167ba8eeab2fef55f61e,2026-02-02T13:09:41.011714,0.017614803189885616,2026-02-02T13:09:41.317114686Z,bellOffInvocation,2026-02-02 13:09:41.334992+00:00,2026-02-02 13:09:41.335095+00:00
07872e123f3a167ba8eeab2fef55f61e,2026-02-02T13:09:41.011714,0.017614803189885616,2026-02-02T13:09:41.317114686Z,lightOffInvocation,2026-02-02 13:09:41.326720+00:00,2026-02-02 13:09:41.326859+00:00
07872e123f3a167ba8eeab2fef55f61e,2026-02-02T13:09:41.011714,0.017614803189885616,2026-02-02T13:09:41.317114686Z,bellOffInvocation,2026-02-02 13:09:41.331640+00:00,2026-02-02 13:09:41.331772+00:00
07872e123f3a167ba8eeab2fef55f61e,2026-02-02T13:09:41.011714,0.017614803189885616,2026-02-02T13:09:41.317114686Z,gateUpInvocation,2026-02-02 13:09:41.329391+00:00,2026-02-02 13:09:41.329545+00:00
07872e123f3a167ba8eeab2fef55f61e,2026-02-02T13:09:41.011714,0.017614803189885616,2026-02-02T13:09:41.317114686Z,gateUpInvocation,2026-02-02 13:09:41.326711+00:00,2026-02-02 13:09:41.326859+00:00
07872e123f3a167ba8eeab2fef55f61e,2026-02-02T13:09:41.011714,0.017614803189885616,2026-02-02T13:09:41.317114686Z,lightOffInvocation,2026-02-02 13:09:41.331366+00:00,2026-02-02 13:09:41.331508+00:00
90de51ebd04971a9e57afa38e456d5c5,2026-02-02T13:15:48.945348,0.07877375153484345,2026-02-02T13:15:48.307545081Z,bellOnInvocation,2026-02-02 13:15:48.316691+00:00,2026-02-02 13:15:48.316747+00:00
90de51ebd04971a9e57afa38e456d5c5,2026-02-02T13:15:48.945348,0.07877375153484345,2026-02-02T13:15:48.307545081Z,lightOnInvocation,2026-02-02 13:15:48.314821+00:00,2026-02-02 13:15:48.314909+00:00
90de51ebd04971a9e57afa38e456d5c5,2026-02-02T13:15:48.945348,0.07877375153484345,2026-02-02T13:15:48.307545081Z,gateDownInvocation,2026-02-02 13:15:48.314141+00:00,2026-02-02 13:15:48.314431+00:00
90de51ebd04971a9e57afa38e456d5c5,2026-02-02T13:15:48.945348,0.07877375153484345,2026-02-02T13:15:48.307545081Z,bellOnAction,2026-02-02 13:15:50.316579+00:00,2026-02-02 13:15:50.316626+00:00
90de51ebd04971a9e57afa38e456d5c5,2026-02-02T13:15:48.945348,0.07877375153484345,2026-02-02T13:15:48.307545081Z,lightOnInvocation,2026-02-02 13:15:48.314135+00:00,2026-02-02 13:15:48.314322+00:00
90de51ebd04971a9e57afa38e456d5c5,2026-02-02T13:15:48.945348,0.07877375153484345,2026-02-02T13:15:48.307545081Z,bellOnAction,2026-02-02 13:15:50.316299+00:00,2026-02-02 13:15:50.316362+00:00
90de51ebd04971a9e57afa38e456d5c5,2026-02-02T13:15:48.945348,0.07877375153484345,2026-02-02T13:15:48.307545081Z,gateDownAction,2026-02-02 13:15:50.315891+00:00,2026-02-02 13:15:50.316017+00:00
90de51ebd04971a9e57afa38e456d5c5,2026-02-02T13:15:48.945348,0.07877375153484345,2026-02-02T13:15:48.307545081Z,gateDownAction,2026-02-02 13:15:50.315825+00:00,2026-02-02 13:15:50.315917+00:00
90de51ebd04971a9e57afa38e456d5c5,2026-02-02T13:15:48.945348,0.07877375153484345,2026-02-02T13:15:48.307545081Z,lightOnAction,2026-02-02 13:15:50.315478+00:00,2026-02-02 13:15:50.315582+00:00
90de51ebd04971a9e57afa38e456d5c5,2026-02-02T13:15:48.945348,0.07877375153484345,2026-02-02T13:15:48.307545081Z,lightOnAction,2026-02-02 13:15:50.315311+00:00,2026-02-02 13:15:50.315451+00:00
90de51ebd04971a9e57afa38e456d5c5,2026-02-02T13:15:48.945348,0.07877375153484345,2026-02-02T13:15:48.307545081Z,gateDownInvocation,2026-02-02 13:15:48.314741+00:00,2026-02-02 13:15:48.314908+00:00
90de51ebd04971a9e57afa38e456d5c5,2026-02-02T13:15:48.945348,0.07877375153484345,2026-02-02T13:15:48.307545081Z,bellOnInvocation,2026-02-02 13:15:48.316082+00:00,2026-02-02 13:15:48.316171+00:00
3e39d3e2932bfdb23790a150f4b19f9b,2026-02-02T13:10:24.154265,0.02464114080847502,2026-02-02T13:10:23.479371626Z,bellOnAction,2026-02-02 13:10:25.497276+00:00,2026-02-02 13:10:25.497351+00:00
3e39d3e2932bfdb23790a150f4b19f9b,2026-02-02T13:10:24.154265,0.02464114080847502,2026-02-02T13:10:23.479371626Z,gateDownAction,2026-02-02 13:10:25.489598+00:00,2026-02-02 13:10:25.489701+00:00
3e39d3e2932bfdb23790a150f4b19f9b,2026-02-02T13:10:24.154265,0.02464114080847502,2026-02-02T13:10:23.479371626Z,gateDownInvocation,2026-02-02 13:10:23.488189+00:00,2026-02-02 13:10:23.488390+00:00
3e39d3e2932bfdb23790a150f4b19f9b,2026-02-02T13:10:24.154265,0.02464114080847502,2026-02-02T13:10:23.479371626Z,lightOnAction,2026-02-02 13:10:25.489785+00:00,2026-02-02 13:10:25.489950+00:00
3e39d3e2932bfdb23790a150f4b19f9b,2026-02-02T13:10:24.154265,0.02464114080847502,2026-02-02T13:10:23.479371626Z,bellOnInvocation,2026-02-02 13:10:23.492464+00:00,2026-02-02 13:10:23.492655+00:00
3e39d3e2932bfdb23790a150f4b19f9b,2026-02-02T13:10:24.154265,0.02464114080847502,2026-02-02T13:10:23.479371626Z,lightOnInvocation,2026-02-02 13:10:23.488502+00:00,2026-02-02 13:10:23.488698+00:00
3e39d3e2932bfdb23790a150f4b19f9b,2026-02-02T13:10:24.154265,0.02464114080847502,2026-02-02T13:10:23.479371626Z,bellOnAction,2026-02-02 13:10:25.493811+00:00,2026-02-02 13:10:25.493880+00:00
3e39d3e2932bfdb23790a150f4b19f9b,2026-02-02T13:10:24.154265,0.02464114080847502,2026-02-02T13:10:23.479371626Z,gateDownAction,2026-02-02 13:10:25.490189+00:00,2026-02-02 13:10:25.490297+00:00
3e39d3e2932bfdb23790a150f4b19f9b,2026-02-02T13:10:24.154265,0.02464114080847502,2026-02-02T13:10:23.479371626Z,lightOnInvocation,2026-02-02 13:10:23.489288+00:00,2026-02-02 13:10:23.489483+00:00
3e39d3e2932bfdb23790a150f4b19f9b,2026-02-02T13:10:24.154265,0.02464114080847502,2026-02-02T13:10:23.479371626Z,gateDownInvocation,2026-02-02 13:10:23.488091+00:00,2026-02-02 13:10:23.488316+00:00
3e39d3e2932bfdb23790a150f4b19f9b,2026-02-02T13:10:24.154265,0.02464114080847502,2026-02-02T13:10:23.479371626Z,lightOnAction,2026-02-02 13:10:25.492242+00:00,2026-02-02 13:10:25.492328+00:00
3e39d3e2932bfdb23790a150f4b19f9b,2026-02-02T13:10:24.154265,0.02464114080847502,2026-02-02T13:10:23.479371626Z,bellOnInvocation,2026-02-02 13:10:23.495375+00:00,2026-02-02 13:10:23.495506+00:00
7591c2dca83076683c801dd9c6025e9a,2026-02-02T13:17:02.664178,0.09106119130048752,2026-02-02T13:17:02.039526371Z,bellOnAction,2026-02-02 13:17:04.049882+00:00,2026-02-02 13:17:04.050030+00:00
7591c2dca83076683c801dd9c6025e9a,2026-02-02T13:17:02.664178,0.09106119130048752,2026-02-02T13:17:02.039526371Z,lightOnInvocation,2026-02-02 13:17:02.046457+00:00,2026-02-02 13:17:02.046601+00:00
7591c2dca83076683c801dd9c6025e9a,2026-02-02T13:17:02.664178,0.09106119130048752,2026-02-02T13:17:02.039526371Z,lightOnAction,2026-02-02 13:17:04.047392+00:00,2026-02-02 13:17:04.047478+00:00
7591c2dca83076683c801dd9c6025e9a,2026-02-02T13:17:02.664178,0.09106119130048752,2026-02-02T13:17:02.039526371Z,lightOnAction,2026-02-02 13:17:04.047973+00:00,2026-02-02 13:17:04.048091+00:00
7591c2dca83076683c801dd9c6025e9a,2026-02-02T13:17:02.664178,0.09106119130048752,2026-02-02T13:17:02.039526371Z,bellOnAction,2026-02-02 13:17:04.051546+00:00,2026-02-02 13:17:04.051612+00:00
7591c2dca83076683c801dd9c6025e9a,2026-02-02T13:17:02.664178,0.09106119130048752,2026-02-02T13:17:02.039526371Z,gateDownInvocation,2026-02-02 13:17:02.045942+00:00,2026-02-02 13:17:02.046216+00:00
7591c2dca83076683c801dd9c6025e9a,2026-02-02T13:17:02.664178,0.09106119130048752,2026-02-02T13:17:02.039526371Z,lightOnInvocation,2026-02-02 13:17:02.046015+00:00,2026-02-02 13:17:02.046231+00:00
7591c2dca83076683c801dd9c6025e9a,2026-02-02T13:17:02.664178,0.09106119130048752,2026-02-02T13:17:02.039526371Z,gateDownAction,2026-02-02 13:17:04.047585+00:00,2026-02-02 13:17:04.047673+00:00
7591c2dca83076683c801dd9c6025e9a,2026-02-02T13:17:02.664178,0.09106119130048752,2026-02-02T13:17:02.039526371Z,bellOnInvocation,2026-02-02 13:17:02.049016+00:00,2026-02-02 13:17:02.049190+00:00
7591c2dca83076683c801dd9c6025e9a,2026-02-02T13:17:02.664178,0.09106119130048752,2026-02-02T13:17:02.039526371Z,gateDownAction,2026-02-02 13:17:04.048216+00:00,2026-02-02 13:17:04.048338+00:00
7591c2dca83076683c801dd9c6025e9a,2026-02-02T13:17:02.664178,0.09106119130048752,2026-02-02T13:17:02.039526371Z,bellOnInvocation,2026-02-02 13:17:02.050504+00:00,2026-02-02 13:17:02.050642+00:00
7591c2dca83076683c801dd9c6025e9a,2026-02-02T13:17:02.664178,0.09106119130048752,2026-02-02T13:17:02.039526371Z,gateDownInvocation,2026-02-02 13:17:02.046328+00:00,2026-02-02 13:17:02.046624+00:00
8f709c90fdae98b52c0f2638aeee6202,2026-02-02T13:09:45.326957,0.018335724331235887,2026-02-02T13:09:45.643012705Z,bellOffInvocation,2026-02-02 13:09:45.653222+00:00,2026-02-02 13:09:45.653265+00:00
8f709c90fdae98b52c0f2638aeee6202,2026-02-02T13:09:45.326957,0.018335724331235887,2026-02-02T13:09:45.643012705Z,gateUpInvocation,2026-02-02 13:09:45.650578+00:00,2026-02-02 13:09:45.650617+00:00
8f709c90fdae98b52c0f2638aeee6202,2026-02-02T13:09:45.326957,0.018335724331235887,2026-02-02T13:09:45.643012705Z,lightOffInvocation,2026-02-02 13:09:45.650642+00:00,2026-02-02 13:09:45.650695+00:00
8f709c90fdae98b52c0f2638aeee6202,2026-02-02T13:09:45.326957,0.018335724331235887,2026-02-02T13:09:45.643012705Z,lightOffInvocation,2026-02-02 13:09:45.651729+00:00,2026-02-02 13:09:45.651764+00:00
8f709c90fdae98b52c0f2638aeee6202,2026-02-02T13:09:45.326957,0.018335724331235887,2026-02-02T13:09:45.643012705Z,gateUpInvocation,2026-02-02 13:09:45.651687+00:00,2026-02-02 13:09:45.651739+00:00
8f709c90fdae98b52c0f2638aeee6202,2026-02-02T13:09:45.326957,0.018335724331235887,2026-02-02T13:09:45.643012705Z,bellOffInvocation,2026-02-02 13:09:45.652477+00:00,2026-02-02 13:09:45.652505+00:00
4e4380d36718dddda957a189b5b4963e,2026-02-02T13:17:37.551789,0.0970374821490407,2026-02-02T13:17:37.900830662Z,bellOffInvocation,2026-02-02 13:17:37.905610+00:00,2026-02-02 13:17:37.905631+00:00
4e4380d36718dddda957a189b5b4963e,2026-02-02T13:17:37.551789,0.0970374821490407,2026-02-02T13:17:37.900830662Z,lightOffInvocation,2026-02-02 13:17:37.904644+00:00,2026-02-02 13:17:37.904688+00:00
4e4380d36718dddda957a189b5b4963e,2026-02-02T13:17:37.551789,0.0970374821490407,2026-02-02T13:17:37.900830662Z,lightOffInvocation,2026-02-02 13:17:37.904859+00:00,2026-02-02 13:17:37.904918+00:00
4e4380d36718dddda957a189b5b4963e,2026-02-02T13:17:37.551789,0.0970374821490407,2026-02-02T13:17:37.900830662Z,gateUpInvocation,2026-02-02 13:17:37.904522+00:00,2026-02-02 13:17:37.904568+00:00
4e4380d36718dddda957a189b5b4963e,2026-02-02T13:17:37.551789,0.0970374821490407,2026-02-02T13:17:37.900830662Z,bellOffInvocation,2026-02-02 13:17:37.905251+00:00,2026-02-02 13:17:37.905286+00:00
4e4380d36718dddda957a189b5b4963e,2026-02-02T13:17:37.551789,0.0970374821490407,2026-02-02T13:17:37.900830662Z,gateUpInvocation,2026-02-02 13:17:37.904706+00:00,2026-02-02 13:17:37.904750+00:00
199f33ed2ca82a5ff5df5d49f10066fd,2026-02-02T13:14:22.105193,0.06446911252930165,2026-02-02T13:14:22.471335242Z,bellOffInvocation,2026-02-02 13:14:22.480703+00:00,2026-02-02 13:14:22.480776+00:00
199f33ed2ca82a5ff5df5d49f10066fd,2026-02-02T13:14:22.105193,0.06446911252930165,2026-02-02T13:14:22.471335242Z,gateUpInvocation,2026-02-02 13:14:22.478284+00:00,2026-02-02 13:14:22.478499+00:00
199f33ed2ca82a5ff5df5d49f10066fd,2026-02-02T13:14:22.105193,0.06446911252930165,2026-02-02T13:14:22.471335242Z,lightOffInvocation,2026-02-02 13:14:22.479565+00:00,2026-02-02 13:14:22.479662+00:00
199f33ed2ca82a5ff5df5d49f10066fd,2026-02-02T13:14:22.105193,0.06446911252930165,2026-02-02T13:14:22.471335242Z,bellOffInvocation,2026-02-02 13:14:22.481475+00:00,2026-02-02 13:14:22.481570+00:00
199f33ed2ca82a5ff5df5d49f10066fd,2026-02-02T13:14:22.105193,0.06446911252930165,2026-02-02T13:14:22.471335242Z,gateUpInvocation,2026-02-02 13:14:22.478802+00:00,2026-02-02 13:14:22.478910+00:00
199f33ed2ca82a5ff5df5d49f10066fd,2026-02-02T13:14:22.105193,0.06446911252930165,2026-02-02T13:14:22.471335242Z,lightOffInvocation,2026-02-02 13:14:22.478994+00:00,2026-02-02 13:14:22.479097+00:00
e988fdfe071c1caea657de4e5a63a51f,2026-02-02T13:15:53.276360,0.07949803559155465,2026-02-02T13:15:52.653874844Z,bellOnAction,2026-02-02 13:15:54.668429+00:00,2026-02-02 13:15:54.668459+00:00
e988fdfe071c1caea657de4e5a63a51f,2026-02-02T13:15:53.276360,0.07949803559155465,2026-02-02T13:15:52.653874844Z,lightOnInvocation,2026-02-02 13:15:52.662272+00:00,2026-02-02 13:15:52.662590+00:00
e988fdfe071c1caea657de4e5a63a51f,2026-02-02T13:15:53.276360,0.07949803559155465,2026-02-02T13:15:52.653874844Z,lightOnAction,2026-02-02 13:15:54.663937+00:00,2026-02-02 13:15:54.663973+00:00
e988fdfe071c1caea657de4e5a63a51f,2026-02-02T13:15:53.276360,0.07949803559155465,2026-02-02T13:15:52.653874844Z,lightOnAction,2026-02-02 13:15:54.663848+00:00,2026-02-02 13:15:54.663899+00:00
e988fdfe071c1caea657de4e5a63a51f,2026-02-02T13:15:53.276360,0.07949803559155465,2026-02-02T13:15:52.653874844Z,gateDownAction,2026-02-02 13:15:54.664143+00:00,2026-02-02 13:15:54.664187+00:00
e988fdfe071c1caea657de4e5a63a51f,2026-02-02T13:15:53.276360,0.07949803559155465,2026-02-02T13:15:52.653874844Z,bellOnInvocation,2026-02-02 13:15:52.664841+00:00,2026-02-02 13:15:52.665097+00:00
e988fdfe071c1caea657de4e5a63a51f,2026-02-02T13:15:53.276360,0.07949803559155465,2026-02-02T13:15:52.653874844Z,bellOnAction,2026-02-02 13:15:54.667136+00:00,2026-02-02 13:15:54.667176+00:00
e988fdfe071c1caea657de4e5a63a51f,2026-02-02T13:15:53.276360,0.07949803559155465,2026-02-02T13:15:52.653874844Z,bellOnInvocation,2026-02-02 13:15:52.668242+00:00,2026-02-02 13:15:52.668362+00:00
e988fdfe071c1caea657de4e5a63a51f,2026-02-02T13:15:53.276360,0.07949803559155465,2026-02-02T13:15:52.653874844Z,gateDownInvocation,2026-02-02 13:15:52.661785+00:00,2026-02-02 13:15:52.662244+00:00
e988fdfe071c1caea657de4e5a63a51f,2026-02-02T13:15:53.276360,0.07949803559155465,2026-02-02T13:15:52.653874844Z,gateDownAction,2026-02-02 13:15:54.663576+00:00,2026-02-02 13:15:54.663613+00:00
e988fdfe071c1caea657de4e5a63a51f,2026-02-02T13:15:53.276360,0.07949803559155465,2026-02-02T13:15:52.653874844Z,gateDownInvocation,2026-02-02 13:15:52.661696+00:00,2026-02-02 13:15:52.662169+00:00
e988fdfe071c1caea657de4e5a63a51f,2026-02-02T13:15:53.276360,0.07949803559155465,2026-02-02T13:15:52.653874844Z,lightOnInvocation,2026-02-02 13:15:52.661379+00:00,2026-02-02 13:15:52.661733+00:00
2e080862efd5580ce1ad847aab9b1006,2026-02-02T13:09:19.477012,0.01402599923989773,2026-02-02T13:09:19.782106381Z,gateUpInvocation,2026-02-02 13:09:19.791335+00:00,2026-02-02 13:09:19.791958+00:00
2e080862efd5580ce1ad847aab9b1006,2026-02-02T13:09:19.477012,0.01402599923989773,2026-02-02T13:09:19.782106381Z,lightOffInvocation,2026-02-02 13:09:19.793151+00:00,2026-02-02 13:09:19.793304+00:00
2e080862efd5580ce1ad847aab9b1006,2026-02-02T13:09:19.477012,0.01402599923989773,2026-02-02T13:09:19.782106381Z,gateUpInvocation,2026-02-02 13:09:19.796258+00:00,2026-02-02 13:09:19.796402+00:00
2e080862efd5580ce1ad847aab9b1006,2026-02-02T13:09:19.477012,0.01402599923989773,2026-02-02T13:09:19.782106381Z,bellOffInvocation,2026-02-02 13:09:19.797511+00:00,2026-02-02 13:09:19.797641+00:00
2e080862efd5580ce1ad847aab9b1006,2026-02-02T13:09:19.477012,0.01402599923989773,2026-02-02T13:09:19.782106381Z,bellOffInvocation,2026-02-02 13:09:19.795389+00:00,2026-02-02 13:09:19.795520+00:00
2e080862efd5580ce1ad847aab9b1006,2026-02-02T13:09:19.477012,0.01402599923989773,2026-02-02T13:09:19.782106381Z,lightOffInvocation,2026-02-02 13:09:19.791655+00:00,2026-02-02 13:09:19.791963+00:00
6351acef98cf1916543d175692877403,2026-02-02T13:09:10.853560,0.012423162395548821,2026-02-02T13:09:10.164123474Z,bellOnAction,2026-02-02 13:09:12.180641+00:00,2026-02-02 13:09:12.180711+00:00
6351acef98cf1916543d175692877403,2026-02-02T13:09:10.853560,0.012423162395548821,2026-02-02T13:09:10.164123474Z,bellOnInvocation,2026-02-02 13:09:10.180995+00:00,2026-02-02 13:09:10.181082+00:00
6351acef98cf1916543d175692877403,2026-02-02T13:09:10.853560,0.012423162395548821,2026-02-02T13:09:10.164123474Z,lightOnInvocation,2026-02-02 13:09:10.173124+00:00,2026-02-02 13:09:10.173279+00:00
6351acef98cf1916543d175692877403,2026-02-02T13:09:10.853560,0.012423162395548821,2026-02-02T13:09:10.164123474Z,gateDownAction,2026-02-02 13:09:12.174412+00:00,2026-02-02 13:09:12.174505+00:00
6351acef98cf1916543d175692877403,2026-02-02T13:09:10.853560,0.012423162395548821,2026-02-02T13:09:10.164123474Z,lightOnInvocation,2026-02-02 13:09:10.173907+00:00,2026-02-02 13:09:10.174063+00:00
6351acef98cf1916543d175692877403,2026-02-02T13:09:10.853560,0.012423162395548821,2026-02-02T13:09:10.164123474Z,gateDownInvocation,2026-02-02 13:09:10.172981+00:00,2026-02-02 13:09:10.173218+00:00
6351acef98cf1916543d175692877403,2026-02-02T13:09:10.853560,0.012423162395548821,2026-02-02T13:09:10.164123474Z,lightOnAction,2026-02-02 13:09:12.173449+00:00,2026-02-02 13:09:12.173537+00:00
6351acef98cf1916543d175692877403,2026-02-02T13:09:10.853560,0.012423162395548821,2026-02-02T13:09:10.164123474Z,gateDownInvocation,2026-02-02 13:09:10.173709+00:00,2026-02-02 13:09:10.173972+00:00
6351acef98cf1916543d175692877403,2026-02-02T13:09:10.853560,0.012423162395548821,2026-02-02T13:09:10.164123474Z,lightOnAction,2026-02-02 13:09:12.174736+00:00,2026-02-02 13:09:12.174822+00:00
6351acef98cf1916543d175692877403,2026-02-02T13:09:10.853560,0.012423162395548821,2026-02-02T13:09:10.164123474Z,bellOnAction,2026-02-02 13:09:12.182204+00:00,2026-02-02 13:09:12.182272+00:00
6351acef98cf1916543d175692877403,2026-02-02T13:09:10.853560,0.012423162395548821,2026-02-02T13:09:10.164123474Z,gateDownAction,2026-02-02 13:09:12.174106+00:00,2026-02-02 13:09:12.174190+00:00
6351acef98cf1916543d175692877403,2026-02-02T13:09:10.853560,0.012423162395548821,2026-02-02T13:09:10.164123474Z,bellOnInvocation,2026-02-02 13:09:10.179609+00:00,2026-02-02 13:09:10.179751+00:00
ea2abc03553dccdaa0c9a6aa5f6716a6,2026-02-02T13:08:57.929184,0.010435617116749287,2026-02-02T13:08:58.237671157Z,gateUpInvocation,2026-02-02 13:08:58.250368+00:00,2026-02-02 13:08:58.250455+00:00
ea2abc03553dccdaa0c9a6aa5f6716a6,2026-02-02T13:08:57.929184,0.010435617116749287,2026-02-02T13:08:58.237671157Z,bellOffInvocation,2026-02-02 13:08:58.249445+00:00,2026-02-02 13:08:58.249643+00:00
ea2abc03553dccdaa0c9a6aa5f6716a6,2026-02-02T13:08:57.929184,0.010435617116749287,2026-02-02T13:08:58.237671157Z,bellOffInvocation,2026-02-02 13:08:58.252142+00:00,2026-02-02 13:08:58.252179+00:00
ea2abc03553dccdaa0c9a6aa5f6716a6,2026-02-02T13:08:57.929184,0.010435617116749287,2026-02-02T13:08:58.237671157Z,gateUpInvocation,2026-02-02 13:08:58.246210+00:00,2026-02-02 13:08:58.246288+00:00
ea2abc03553dccdaa0c9a6aa5f6716a6,2026-02-02T13:08:57.929184,0.010435617116749287,2026-02-02T13:08:58.237671157Z,lightOffInvocation,2026-02-02 13:08:58.245548+00:00,2026-02-02 13:08:58.245632+00:00
ea2abc03553dccdaa0c9a6aa5f6716a6,2026-02-02T13:08:57.929184,0.010435617116749287,2026-02-02T13:08:58.237671157Z,lightOffInvocation,2026-02-02 13:08:58.245823+00:00,2026-02-02 13:08:58.245902+00:00
b2a3233d9f230eba97b97ebde1569d0d,2026-02-02T13:16:36.647010,0.0868820983402729,2026-02-02T13:16:36.962461483Z,bellOffInvocation,2026-02-02 13:16:36.972591+00:00,2026-02-02 13:16:36.972668+00:00
b2a3233d9f230eba97b97ebde1569d0d,2026-02-02T13:16:36.647010,0.0868820983402729,2026-02-02T13:16:36.962461483Z,bellOffInvocation,2026-02-02 13:16:36.971474+00:00,2026-02-02 13:16:36.971557+00:00
b2a3233d9f230eba97b97ebde1569d0d,2026-02-02T13:16:36.647010,0.0868820983402729,2026-02-02T13:16:36.962461483Z,lightOffInvocation,2026-02-02 13:16:36.968431+00:00,2026-02-02 13:16:36.968571+00:00
b2a3233d9f230eba97b97ebde1569d0d,2026-02-02T13:16:36.647010,0.0868820983402729,2026-02-02T13:16:36.962461483Z,gateUpInvocation,2026-02-02 13:16:36.968466+00:00,2026-02-02 13:16:36.968587+00:00
b2a3233d9f230eba97b97ebde1569d0d,2026-02-02T13:16:36.647010,0.0868820983402729,2026-02-02T13:16:36.962461483Z,lightOffInvocation,2026-02-02 13:16:36.969692+00:00,2026-02-02 13:16:36.969950+00:00
b2a3233d9f230eba97b97ebde1569d0d,2026-02-02T13:16:36.647010,0.0868820983402729,2026-02-02T13:16:36.962461483Z,gateUpInvocation,2026-02-02 13:16:36.969584+00:00,2026-02-02 13:16:36.969709+00:00
940a37ad307975081fd389d87503a810,2026-02-02T13:13:51.727455,0.05923542383013964,2026-02-02T13:13:51.065706166Z,bellOnInvocation,2026-02-02 13:13:51.071517+00:00,2026-02-02 13:13:51.071577+00:00
940a37ad307975081fd389d87503a810,2026-02-02T13:13:51.727455,0.05923542383013964,2026-02-02T13:13:51.065706166Z,gateDownAction,2026-02-02 13:13:53.070644+00:00,2026-02-02 13:13:53.070731+00:00
940a37ad307975081fd389d87503a810,2026-02-02T13:13:51.727455,0.05923542383013964,2026-02-02T13:13:51.065706166Z,bellOnInvocation,2026-02-02 13:13:51.070527+00:00,2026-02-02 13:13:51.070608+00:00
940a37ad307975081fd389d87503a810,2026-02-02T13:13:51.727455,0.05923542383013964,2026-02-02T13:13:51.065706166Z,gateDownAction,2026-02-02 13:13:53.071210+00:00,2026-02-02 13:13:53.071316+00:00
940a37ad307975081fd389d87503a810,2026-02-02T13:13:51.727455,0.05923542383013964,2026-02-02T13:13:51.065706166Z,lightOnInvocation,2026-02-02 13:13:51.069360+00:00,2026-02-02 13:13:51.069458+00:00
940a37ad307975081fd389d87503a810,2026-02-02T13:13:51.727455,0.05923542383013964,2026-02-02T13:13:51.065706166Z,lightOnAction,2026-02-02 13:13:53.070770+00:00,2026-02-02 13:13:53.070859+00:00
940a37ad307975081fd389d87503a810,2026-02-02T13:13:51.727455,0.05923542383013964,2026-02-02T13:13:51.065706166Z,bellOnAction,2026-02-02 13:13:53.071110+00:00,2026-02-02 13:13:53.071192+00:00
940a37ad307975081fd389d87503a810,2026-02-02T13:13:51.727455,0.05923542383013964,2026-02-02T13:13:51.065706166Z,bellOnAction,2026-02-02 13:13:53.071237+00:00,2026-02-02 13:13:53.071300+00:00
940a37ad307975081fd389d87503a810,2026-02-02T13:13:51.727455,0.05923542383013964,2026-02-02T13:13:51.065706166Z,gateDownInvocation,2026-02-02 13:13:51.069275+00:00,2026-02-02 13:13:51.069467+00:00
940a37ad307975081fd389d87503a810,2026-02-02T13:13:51.727455,0.05923542383013964,2026-02-02T13:13:51.065706166Z,lightOnAction,2026-02-02 13:13:53.069503+00:00,2026-02-02 13:13:53.069590+00:00
940a37ad307975081fd389d87503a810,2026-02-02T13:13:51.727455,0.05923542383013964,2026-02-02T13:13:51.065706166Z,gateDownInvocation,2026-02-02 13:13:51.070389+00:00,2026-02-02 13:13:51.070528+00:00
940a37ad307975081fd389d87503a810,2026-02-02T13:13:51.727455,0.05923542383013964,2026-02-02T13:13:51.065706166Z,lightOnInvocation,2026-02-02 13:13:51.069571+00:00,2026-02-02 13:13:51.069686+00:00
e366a7f5d7a8a63d62e9f44760845833,2026-02-02T13:11:02.991969,0.031111844661128527,2026-02-02T13:11:02.307491022Z,lightOnInvocation,2026-02-02 13:11:02.318248+00:00,2026-02-02 13:11:02.318441+00:00
e366a7f5d7a8a63d62e9f44760845833,2026-02-02T13:11:02.991969,0.031111844661128527,2026-02-02T13:11:02.307491022Z,bellOnInvocation,2026-02-02 13:11:02.324270+00:00,2026-02-02 13:11:02.324471+00:00
e366a7f5d7a8a63d62e9f44760845833,2026-02-02T13:11:02.991969,0.031111844661128527,2026-02-02T13:11:02.307491022Z,bellOnAction,2026-02-02 13:11:04.326245+00:00,2026-02-02 13:11:04.326364+00:00
e366a7f5d7a8a63d62e9f44760845833,2026-02-02T13:11:02.991969,0.031111844661128527,2026-02-02T13:11:02.307491022Z,gateDownAction,2026-02-02 13:11:04.320521+00:00,2026-02-02 13:11:04.320619+00:00
e366a7f5d7a8a63d62e9f44760845833,2026-02-02T13:11:02.991969,0.031111844661128527,2026-02-02T13:11:02.307491022Z,gateDownAction,2026-02-02 13:11:04.322315+00:00,2026-02-02 13:11:04.322430+00:00
e366a7f5d7a8a63d62e9f44760845833,2026-02-02T13:11:02.991969,0.031111844661128527,2026-02-02T13:11:02.307491022Z,lightOnAction,2026-02-02 13:11:04.319564+00:00,2026-02-02 13:11:04.319650+00:00
e366a7f5d7a8a63d62e9f44760845833,2026-02-02T13:11:02.991969,0.031111844661128527,2026-02-02T13:11:02.307491022Z,lightOnInvocation,2026-02-02 13:11:02.317575+00:00,2026-02-02 13:11:02.317709+00:00
e366a7f5d7a8a63d62e9f44760845833,2026-02-02T13:11:02.991969,0.031111844661128527,2026-02-02T13:11:02.307491022Z,gateDownInvocation,2026-02-02 13:11:02.317882+00:00,2026-02-02 13:11:02.318240+00:00
e366a7f5d7a8a63d62e9f44760845833,2026-02-02T13:11:02.991969,0.031111844661128527,2026-02-02T13:11:02.307491022Z,bellOnInvocation,2026-02-02 13:11:02.325851+00:00,2026-02-02 13:11:02.326026+00:00
e366a7f5d7a8a63d62e9f44760845833,2026-02-02T13:11:02.991969,0.031111844661128527,2026-02-02T13:11:02.307491022Z,bellOnAction,2026-02-02 13:11:04.327244+00:00,2026-02-02 13:11:04.327335+00:00
e366a7f5d7a8a63d62e9f44760845833,2026-02-02T13:11:02.991969,0.031111844661128527,2026-02-02T13:11:02.307491022Z,gateDownInvocation,2026-02-02 13:11:02.319548+00:00,2026-02-02 13:11:02.319925+00:00
e366a7f5d7a8a63d62e9f44760845833,2026-02-02T13:11:02.991969,0.031111844661128527,2026-02-02T13:11:02.307491022Z,lightOnAction,2026-02-02 13:11:04.318538+00:00,2026-02-02 13:11:04.318629+00:00
c26e5131fbb696955f00c49a0d000404,2026-02-02T13:13:21.410033,0.05434715154349805,2026-02-02T13:13:21.733230991Z,bellOffInvocation,2026-02-02 13:13:21.743303+00:00,2026-02-02 13:13:21.743434+00:00
c26e5131fbb696955f00c49a0d000404,2026-02-02T13:13:21.410033,0.05434715154349805,2026-02-02T13:13:21.733230991Z,gateUpInvocation,2026-02-02 13:13:21.740747+00:00,2026-02-02 13:13:21.740916+00:00
c26e5131fbb696955f00c49a0d000404,2026-02-02T13:13:21.410033,0.05434715154349805,2026-02-02T13:13:21.733230991Z,lightOffInvocation,2026-02-02 13:13:21.740659+00:00,2026-02-02 13:13:21.740797+00:00
c26e5131fbb696955f00c49a0d000404,2026-02-02T13:13:21.410033,0.05434715154349805,2026-02-02T13:13:21.733230991Z,lightOffInvocation,2026-02-02 13:13:21.740752+00:00,2026-02-02 13:13:21.740893+00:00
c26e5131fbb696955f00c49a0d000404,2026-02-02T13:13:21.410033,0.05434715154349805,2026-02-02T13:13:21.733230991Z,gateUpInvocation,2026-02-02 13:13:21.740747+00:00,2026-02-02 13:13:21.740916+00:00
c26e5131fbb696955f00c49a0d000404,2026-02-02T13:13:21.410033,0.05434715154349805,2026-02-02T13:13:21.733230991Z,bellOffInvocation,2026-02-02 13:13:21.743622+00:00,2026-02-02 13:13:21.743783+00:00
7f9515cb923946a992703c3a120dfee2,2026-02-02T13:11:41.847687,0.037587919348549846,2026-02-02T13:11:41.167682985Z,bellOnAction,2026-02-02 13:11:43.173825+00:00,2026-02-02 13:11:43.173875+00:00
7f9515cb923946a992703c3a120dfee2,2026-02-02T13:11:41.847687,0.037587919348549846,2026-02-02T13:11:41.167682985Z,bellOnAction,2026-02-02 13:11:43.175771+00:00,2026-02-02 13:11:43.175869+00:00
7f9515cb923946a992703c3a120dfee2,2026-02-02T13:11:41.847687,0.037587919348549846,2026-02-02T13:11:41.167682985Z,gateDownAction,2026-02-02 13:11:43.173481+00:00,2026-02-02 13:11:43.173561+00:00
7f9515cb923946a992703c3a120dfee2,2026-02-02T13:11:41.847687,0.037587919348549846,2026-02-02T13:11:41.167682985Z,gateDownInvocation,2026-02-02 13:11:41.171972+00:00,2026-02-02 13:11:41.172117+00:00
7f9515cb923946a992703c3a120dfee2,2026-02-02T13:11:41.847687,0.037587919348549846,2026-02-02T13:11:41.167682985Z,gateDownAction,2026-02-02 13:11:43.173153+00:00,2026-02-02 13:11:43.173268+00:00
7f9515cb923946a992703c3a120dfee2,2026-02-02T13:11:41.847687,0.037587919348549846,2026-02-02T13:11:41.167682985Z,lightOnInvocation,2026-02-02 13:11:41.172472+00:00,2026-02-02 13:11:41.172562+00:00
7f9515cb923946a992703c3a120dfee2,2026-02-02T13:11:41.847687,0.037587919348549846,2026-02-02T13:11:41.167682985Z,bellOnInvocation,2026-02-02 13:11:41.173583+00:00,2026-02-02 13:11:41.173634+00:00
7f9515cb923946a992703c3a120dfee2,2026-02-02T13:11:41.847687,0.037587919348549846,2026-02-02T13:11:41.167682985Z,bellOnInvocation,2026-02-02 13:11:41.173317+00:00,2026-02-02 13:11:41.173399+00:00
7f9515cb923946a992703c3a120dfee2,2026-02-02T13:11:41.847687,0.037587919348549846,2026-02-02T13:11:41.167682985Z,gateDownInvocation,2026-02-02 13:11:41.172425+00:00,2026-02-02 13:11:41.172558+00:00
7f9515cb923946a992703c3a120dfee2,2026-02-02T13:11:41.847687,0.037587919348549846,2026-02-02T13:11:41.167682985Z,lightOnAction,2026-02-02 13:11:43.173094+00:00,2026-02-02 13:11:43.173200+00:00
7f9515cb923946a992703c3a120dfee2,2026-02-02T13:11:41.847687,0.037587919348549846,2026-02-02T13:11:41.167682985Z,lightOnInvocation,2026-02-02 13:11:41.172524+00:00,2026-02-02 13:11:41.172609+00:00
7f9515cb923946a992703c3a120dfee2,2026-02-02T13:11:41.847687,0.037587919348549846,2026-02-02T13:11:41.167682985Z,lightOnAction,2026-02-02 13:11:43.173094+00:00,2026-02-02 13:11:43.173207+00:00
974c458025be11ef0100e2f67fcebe23,2026-02-02T13:08:32.100891,0.0061310689260602,2026-02-02T13:08:32.408033594Z,bellOffInvocation,2026-02-02 13:08:32.447557+00:00,2026-02-02 13:08:32.447590+00:00
974c458025be11ef0100e2f67fcebe23,2026-02-02T13:08:32.100891,0.0061310689260602,2026-02-02T13:08:32.408033594Z,gateUpInvocation,2026-02-02 13:08:32.441034+00:00,2026-02-02 13:08:32.441182+00:00
974c458025be11ef0100e2f67fcebe23,2026-02-02T13:08:32.100891,0.0061310689260602,2026-02-02T13:08:32.408033594Z,lightOffInvocation,2026-02-02 13:08:32.461075+00:00,2026-02-02 13:08:32.461171+00:00
974c458025be11ef0100e2f67fcebe23,2026-02-02T13:08:32.100891,0.0061310689260602,2026-02-02T13:08:32.408033594Z,gateUpInvocation,2026-02-02 13:08:32.461832+00:00,2026-02-02 13:08:32.461965+00:00
974c458025be11ef0100e2f67fcebe23,2026-02-02T13:08:32.100891,0.0061310689260602,2026-02-02T13:08:32.408033594Z,lightOffInvocation,2026-02-02 13:08:32.442694+00:00,2026-02-02 13:08:32.442921+00:00
974c458025be11ef0100e2f67fcebe23,2026-02-02T13:08:32.100891,0.0061310689260602,2026-02-02T13:08:32.408033594Z,bellOffInvocation,2026-02-02 13:08:32.469923+00:00,2026-02-02 13:08:32.469973+00:00
958fa604452467e3886e4c5fb9aa6e52,2026-02-02T13:09:15.165587,0.013307336213231087,2026-02-02T13:09:15.469664146Z,gateUpInvocation,2026-02-02 13:09:15.481299+00:00,2026-02-02 13:09:15.481442+00:00
958fa604452467e3886e4c5fb9aa6e52,2026-02-02T13:09:15.165587,0.013307336213231087,2026-02-02T13:09:15.469664146Z,bellOffInvocation,2026-02-02 13:09:15.483319+00:00,2026-02-02 13:09:15.483448+00:00
958fa604452467e3886e4c5fb9aa6e52,2026-02-02T13:09:15.165587,0.013307336213231087,2026-02-02T13:09:15.469664146Z,gateUpInvocation,2026-02-02 13:09:15.479281+00:00,2026-02-02 13:09:15.479424+00:00
958fa604452467e3886e4c5fb9aa6e52,2026-02-02T13:09:15.165587,0.013307336213231087,2026-02-02T13:09:15.469664146Z,lightOffInvocation,2026-02-02 13:09:15.479280+00:00,2026-02-02 13:09:15.479424+00:00
958fa604452467e3886e4c5fb9aa6e52,2026-02-02T13:09:15.165587,0.013307336213231087,2026-02-02T13:09:15.469664146Z,lightOffInvocation,2026-02-02 13:09:15.481055+00:00,2026-02-02 13:09:15.481193+00:00
958fa604452467e3886e4c5fb9aa6e52,2026-02-02T13:09:15.165587,0.013307336213231087,2026-02-02T13:09:15.469664146Z,bellOffInvocation,2026-02-02 13:09:15.486163+00:00,2026-02-02 13:09:15.486269+00:00
429147b3d99383e493d702ac1516e976,2026-02-02T13:16:49.674927,0.08889242942779065,2026-02-02T13:16:49.025494927Z,bellOnAction,2026-02-02 13:16:51.029629+00:00,2026-02-02 13:16:51.029659+00:00
429147b3d99383e493d702ac1516e976,2026-02-02T13:16:49.674927,0.08889242942779065,2026-02-02T13:16:49.025494927Z,bellOnInvocation,2026-02-02 13:16:49.030742+00:00,2026-02-02 13:16:49.030767+00:00
429147b3d99383e493d702ac1516e976,2026-02-02T13:16:49.674927,0.08889242942779065,2026-02-02T13:16:49.025494927Z,bellOnInvocation,2026-02-02 13:16:49.028667+00:00,2026-02-02 13:16:49.028735+00:00
429147b3d99383e493d702ac1516e976,2026-02-02T13:16:49.674927,0.08889242942779065,2026-02-02T13:16:49.025494927Z,bellOnAction,2026-02-02 13:16:51.030971+00:00,2026-02-02 13:16:51.030983+00:00
429147b3d99383e493d702ac1516e976,2026-02-02T13:16:49.674927,0.08889242942779065,2026-02-02T13:16:49.025494927Z,lightOnAction,2026-02-02 13:16:51.030850+00:00,2026-02-02 13:16:51.030879+00:00
429147b3d99383e493d702ac1516e976,2026-02-02T13:16:49.674927,0.08889242942779065,2026-02-02T13:16:49.025494927Z,lightOnAction,2026-02-02 13:16:51.029178+00:00,2026-02-02 13:16:51.029220+00:00
429147b3d99383e493d702ac1516e976,2026-02-02T13:16:49.674927,0.08889242942779065,2026-02-02T13:16:49.025494927Z,lightOnInvocation,2026-02-02 13:16:49.030221+00:00,2026-02-02 13:16:49.030279+00:00
429147b3d99383e493d702ac1516e976,2026-02-02T13:16:49.674927,0.08889242942779065,2026-02-02T13:16:49.025494927Z,gateDownAction,2026-02-02 13:16:51.029489+00:00,2026-02-02 13:16:51.029537+00:00
429147b3d99383e493d702ac1516e976,2026-02-02T13:16:49.674927,0.08889242942779065,2026-02-02T13:16:49.025494927Z,gateDownInvocation,2026-02-02 13:16:49.028424+00:00,2026-02-02 13:16:49.028533+00:00
429147b3d99383e493d702ac1516e976,2026-02-02T13:16:49.674927,0.08889242942779065,2026-02-02T13:16:49.025494927Z,lightOnInvocation,2026-02-02 13:16:49.028459+00:00,2026-02-02 13:16:49.028533+00:00
429147b3d99383e493d702ac1516e976,2026-02-02T13:16:49.674927,0.08889242942779065,2026-02-02T13:16:49.025494927Z,gateDownAction,2026-02-02 13:16:51.029185+00:00,2026-02-02 13:16:51.029224+00:00
429147b3d99383e493d702ac1516e976,2026-02-02T13:16:49.674927,0.08889242942779065,2026-02-02T13:16:49.025494927Z,gateDownInvocation,2026-02-02 13:16:49.029290+00:00,2026-02-02 13:16:49.029385+00:00
a19e8043e1ca908138c257d5e27efee6,2026-02-02T13:12:33.739605,0.04623619534873963,2026-02-02T13:12:33.062660805Z,lightOnInvocation,2026-02-02 13:12:33.069958+00:00,2026-02-02 13:12:33.070026+00:00
a19e8043e1ca908138c257d5e27efee6,2026-02-02T13:12:33.739605,0.04623619534873963,2026-02-02T13:12:33.062660805Z,bellOnAction,2026-02-02 13:12:35.071340+00:00,2026-02-02 13:12:35.071404+00:00
a19e8043e1ca908138c257d5e27efee6,2026-02-02T13:12:33.739605,0.04623619534873963,2026-02-02T13:12:33.062660805Z,lightOnInvocation,2026-02-02 13:12:33.069869+00:00,2026-02-02 13:12:33.069951+00:00
a19e8043e1ca908138c257d5e27efee6,2026-02-02T13:12:33.739605,0.04623619534873963,2026-02-02T13:12:33.062660805Z,bellOnInvocation,2026-02-02 13:12:33.070684+00:00,2026-02-02 13:12:33.070750+00:00
a19e8043e1ca908138c257d5e27efee6,2026-02-02T13:12:33.739605,0.04623619534873963,2026-02-02T13:12:33.062660805Z,gateDownAction,2026-02-02 13:12:35.070459+00:00,2026-02-02 13:12:35.070546+00:00
a19e8043e1ca908138c257d5e27efee6,2026-02-02T13:12:33.739605,0.04623619534873963,2026-02-02T13:12:33.062660805Z,lightOnAction,2026-02-02 13:12:35.070860+00:00,2026-02-02 13:12:35.070981+00:00
a19e8043e1ca908138c257d5e27efee6,2026-02-02T13:12:33.739605,0.04623619534873963,2026-02-02T13:12:33.062660805Z,gateDownAction,2026-02-02 13:12:35.071426+00:00,2026-02-02 13:12:35.071508+00:00
a19e8043e1ca908138c257d5e27efee6,2026-02-02T13:12:33.739605,0.04623619534873963,2026-02-02T13:12:33.062660805Z,gateDownInvocation,2026-02-02 13:12:33.069814+00:00,2026-02-02 13:12:33.069954+00:00
a19e8043e1ca908138c257d5e27efee6,2026-02-02T13:12:33.739605,0.04623619534873963,2026-02-02T13:12:33.062660805Z,lightOnAction,2026-02-02 13:12:35.070813+00:00,2026-02-02 13:12:35.070893+00:00
a19e8043e1ca908138c257d5e27efee6,2026-02-02T13:12:33.739605,0.04623619534873963,2026-02-02T13:12:33.062660805Z,gateDownInvocation,2026-02-02 13:12:33.069999+00:00,2026-02-02 13:12:33.070113+00:00
a19e8043e1ca908138c257d5e27efee6,2026-02-02T13:12:33.739605,0.04623619534873963,2026-02-02T13:12:33.062660805Z,bellOnInvocation,2026-02-02 13:12:33.072437+00:00,2026-02-02 13:12:33.072518+00:00
a19e8043e1ca908138c257d5e27efee6,2026-02-02T13:12:33.739605,0.04623619534873963,2026-02-02T13:12:33.062660805Z,bellOnAction,2026-02-02 13:12:35.072918+00:00,2026-02-02 13:12:35.073003+00:00
5529e70aa5fa68806d341f48bb71b3c8,2026-02-02T13:10:11.211396,0.022647941402494907,2026-02-02T13:10:11.51892505Z,lightOffInvocation,2026-02-02 13:10:11.530970+00:00,2026-02-02 13:10:11.531112+00:00
5529e70aa5fa68806d341f48bb71b3c8,2026-02-02T13:10:11.211396,0.022647941402494907,2026-02-02T13:10:11.51892505Z,lightOffInvocation,2026-02-02 13:10:11.528684+00:00,2026-02-02 13:10:11.528822+00:00
5529e70aa5fa68806d341f48bb71b3c8,2026-02-02T13:10:11.211396,0.022647941402494907,2026-02-02T13:10:11.51892505Z,gateUpInvocation,2026-02-02 13:10:11.534343+00:00,2026-02-02 13:10:11.534477+00:00
5529e70aa5fa68806d341f48bb71b3c8,2026-02-02T13:10:11.211396,0.022647941402494907,2026-02-02T13:10:11.51892505Z,bellOffInvocation,2026-02-02 13:10:11.534157+00:00,2026-02-02 13:10:11.534293+00:00
5529e70aa5fa68806d341f48bb71b3c8,2026-02-02T13:10:11.211396,0.022647941402494907,2026-02-02T13:10:11.51892505Z,bellOffInvocation,2026-02-02 13:10:11.534345+00:00,2026-02-02 13:10:11.534491+00:00
5529e70aa5fa68806d341f48bb71b3c8,2026-02-02T13:10:11.211396,0.022647941402494907,2026-02-02T13:10:11.51892505Z,gateUpInvocation,2026-02-02 13:10:11.529983+00:00,2026-02-02 13:10:11.530140+00:00
69e7962c2b40dd630d4b2a1f9d946a9e,2026-02-02T13:10:54.353964,0.029669939760077004,2026-02-02T13:10:53.655141016Z,bellOnInvocation,2026-02-02 13:10:53.665866+00:00,2026-02-02 13:10:53.666003+00:00
69e7962c2b40dd630d4b2a1f9d946a9e,2026-02-02T13:10:54.353964,0.029669939760077004,2026-02-02T13:10:53.655141016Z,gateDownAction,2026-02-02 13:10:55.663475+00:00,2026-02-02 13:10:55.663558+00:00
69e7962c2b40dd630d4b2a1f9d946a9e,2026-02-02T13:10:54.353964,0.029669939760077004,2026-02-02T13:10:53.655141016Z,gateDownInvocation,2026-02-02 13:10:53.662740+00:00,2026-02-02 13:10:53.663001+00:00
69e7962c2b40dd630d4b2a1f9d946a9e,2026-02-02T13:10:54.353964,0.029669939760077004,2026-02-02T13:10:53.655141016Z,lightOnInvocation,2026-02-02 13:10:53.663862+00:00,2026-02-02 13:10:53.664026+00:00
69e7962c2b40dd630d4b2a1f9d946a9e,2026-02-02T13:10:54.353964,0.029669939760077004,2026-02-02T13:10:53.655141016Z,lightOnAction,2026-02-02 13:10:55.664064+00:00,2026-02-02 13:10:55.664154+00:00
69e7962c2b40dd630d4b2a1f9d946a9e,2026-02-02T13:10:54.353964,0.029669939760077004,2026-02-02T13:10:53.655141016Z,bellOnInvocation,2026-02-02 13:10:53.666472+00:00,2026-02-02 13:10:53.666601+00:00
69e7962c2b40dd630d4b2a1f9d946a9e,2026-02-02T13:10:54.353964,0.029669939760077004,2026-02-02T13:10:53.655141016Z,gateDownAction,2026-02-02 13:10:55.663466+00:00,2026-02-02 13:10:55.663556+00:00
69e7962c2b40dd630d4b2a1f9d946a9e,2026-02-02T13:10:54.353964,0.029669939760077004,2026-02-02T13:10:53.655141016Z,gateDownInvocation,2026-02-02 13:10:53.663008+00:00,2026-02-02 13:10:53.663244+00:00
69e7962c2b40dd630d4b2a1f9d946a9e,2026-02-02T13:10:54.353964,0.029669939760077004,2026-02-02T13:10:53.655141016Z,bellOnAction,2026-02-02 13:10:55.668211+00:00,2026-02-02 13:10:55.668283+00:00
69e7962c2b40dd630d4b2a1f9d946a9e,2026-02-02T13:10:54.353964,0.029669939760077004,2026-02-02T13:10:53.655141016Z,bellOnAction,2026-02-02 13:10:55.666615+00:00,2026-02-02 13:10:55.666717+00:00
69e7962c2b40dd630d4b2a1f9d946a9e,2026-02-02T13:10:54.353964,0.029669939760077004,2026-02-02T13:10:53.655141016Z,lightOnAction,2026-02-02 13:10:55.665500+00:00,2026-02-02 13:10:55.665625+00:00
69e7962c2b40dd630d4b2a1f9d946a9e,2026-02-02T13:10:54.353964,0.029669939760077004,2026-02-02T13:10:53.655141016Z,lightOnInvocation,2026-02-02 13:10:53.662845+00:00,2026-02-02 13:10:53.663001+00:00
ce543148e4ecc00e448d84685739160d,2026-02-02T13:11:33.193163,0.03614782533365488,2026-02-02T13:11:32.526244406Z,bellOnInvocation,2026-02-02 13:11:32.535263+00:00,2026-02-02 13:11:32.535458+00:00
ce543148e4ecc00e448d84685739160d,2026-02-02T13:11:33.193163,0.03614782533365488,2026-02-02T13:11:32.526244406Z,bellOnAction,2026-02-02 13:11:34.536436+00:00,2026-02-02 13:11:34.536509+00:00
ce543148e4ecc00e448d84685739160d,2026-02-02T13:11:33.193163,0.03614782533365488,2026-02-02T13:11:32.526244406Z,gateDownAction,2026-02-02 13:11:34.532816+00:00,2026-02-02 13:11:34.532898+00:00
ce543148e4ecc00e448d84685739160d,2026-02-02T13:11:33.193163,0.03614782533365488,2026-02-02T13:11:32.526244406Z,gateDownInvocation,2026-02-02 13:11:32.532050+00:00,2026-02-02 13:11:32.532269+00:00
ce543148e4ecc00e448d84685739160d,2026-02-02T13:11:33.193163,0.03614782533365488,2026-02-02T13:11:32.526244406Z,gateDownInvocation,2026-02-02 13:11:32.535225+00:00,2026-02-02 13:11:32.535588+00:00
ce543148e4ecc00e448d84685739160d,2026-02-02T13:11:33.193163,0.03614782533365488,2026-02-02T13:11:32.526244406Z,bellOnAction,2026-02-02 13:11:34.539527+00:00,2026-02-02 13:11:34.539597+00:00
ce543148e4ecc00e448d84685739160d,2026-02-02T13:11:33.193163,0.03614782533365488,2026-02-02T13:11:32.526244406Z,lightOnAction,2026-02-02 13:11:34.532983+00:00,2026-02-02 13:11:34.533096+00:00
ce543148e4ecc00e448d84685739160d,2026-02-02T13:11:33.193163,0.03614782533365488,2026-02-02T13:11:32.526244406Z,lightOnAction,2026-02-02 13:11:34.537155+00:00,2026-02-02 13:11:34.537237+00:00
ce543148e4ecc00e448d84685739160d,2026-02-02T13:11:33.193163,0.03614782533365488,2026-02-02T13:11:32.526244406Z,lightOnInvocation,2026-02-02 13:11:32.534444+00:00,2026-02-02 13:11:32.534919+00:00
ce543148e4ecc00e448d84685739160d,2026-02-02T13:11:33.193163,0.03614782533365488,2026-02-02T13:11:32.526244406Z,gateDownAction,2026-02-02 13:11:34.537021+00:00,2026-02-02 13:11:34.537097+00:00
ce543148e4ecc00e448d84685739160d,2026-02-02T13:11:33.193163,0.03614782533365488,2026-02-02T13:11:32.526244406Z,lightOnInvocation,2026-02-02 13:11:32.532121+00:00,2026-02-02 13:11:32.532253+00:00
ce543148e4ecc00e448d84685739160d,2026-02-02T13:11:33.193163,0.03614782533365488,2026-02-02T13:11:32.526244406Z,bellOnInvocation,2026-02-02 13:11:32.538468+00:00,2026-02-02 13:11:32.538659+00:00
c3d956073500a4de41b2798c5d43e874,2026-02-02T13:09:58.266283,0.02049014362162352,2026-02-02T13:09:58.570746818Z,lightOffInvocation,2026-02-02 13:09:58.574919+00:00,2026-02-02 13:09:58.574990+00:00
c3d956073500a4de41b2798c5d43e874,2026-02-02T13:09:58.266283,0.02049014362162352,2026-02-02T13:09:58.570746818Z,bellOffInvocation,2026-02-02 13:09:58.577826+00:00,2026-02-02 13:09:58.577852+00:00
c3d956073500a4de41b2798c5d43e874,2026-02-02T13:09:58.266283,0.02049014362162352,2026-02-02T13:09:58.570746818Z,gateUpInvocation,2026-02-02 13:09:58.574924+00:00,2026-02-02 13:09:58.574990+00:00
c3d956073500a4de41b2798c5d43e874,2026-02-02T13:09:58.266283,0.02049014362162352,2026-02-02T13:09:58.570746818Z,bellOffInvocation,2026-02-02 13:09:58.577265+00:00,2026-02-02 13:09:58.577301+00:00
c3d956073500a4de41b2798c5d43e874,2026-02-02T13:09:58.266283,0.02049014362162352,2026-02-02T13:09:58.570746818Z,lightOffInvocation,2026-02-02 13:09:58.576576+00:00,2026-02-02 13:09:58.576617+00:00
c3d956073500a4de41b2798c5d43e874,2026-02-02T13:09:58.266283,0.02049014362162352,2026-02-02T13:09:58.570746818Z,gateUpInvocation,2026-02-02 13:09:58.576488+00:00,2026-02-02 13:09:58.576527+00:00
6c1d011a0dd646f0222ad07476258602,2026-02-02T13:11:46.177880,0.03831280233230591,2026-02-02T13:11:45.517642037Z,bellOnAction,2026-02-02 13:11:47.536461+00:00,2026-02-02 13:11:47.536538+00:00
6c1d011a0dd646f0222ad07476258602,2026-02-02T13:11:46.177880,0.03831280233230591,2026-02-02T13:11:45.517642037Z,lightOnAction,2026-02-02 13:11:47.531260+00:00,2026-02-02 13:11:47.531372+00:00
6c1d011a0dd646f0222ad07476258602,2026-02-02T13:11:46.177880,0.03831280233230591,2026-02-02T13:11:45.517642037Z,lightOnInvocation,2026-02-02 13:11:45.529443+00:00,2026-02-02 13:11:45.529643+00:00
6c1d011a0dd646f0222ad07476258602,2026-02-02T13:11:46.177880,0.03831280233230591,2026-02-02T13:11:45.517642037Z,bellOnInvocation,2026-02-02 13:11:45.533295+00:00,2026-02-02 13:11:45.533520+00:00
6c1d011a0dd646f0222ad07476258602,2026-02-02T13:11:46.177880,0.03831280233230591,2026-02-02T13:11:45.517642037Z,lightOnAction,2026-02-02 13:11:47.539830+00:00,2026-02-02 13:11:47.539901+00:00
6c1d011a0dd646f0222ad07476258602,2026-02-02T13:11:46.177880,0.03831280233230591,2026-02-02T13:11:45.517642037Z,gateDownInvocation,2026-02-02 13:11:45.526051+00:00,2026-02-02 13:11:45.528831+00:00
6c1d011a0dd646f0222ad07476258602,2026-02-02T13:11:46.177880,0.03831280233230591,2026-02-02T13:11:45.517642037Z,lightOnInvocation,2026-02-02 13:11:45.538318+00:00,2026-02-02 13:11:45.538463+00:00
6c1d011a0dd646f0222ad07476258602,2026-02-02T13:11:46.177880,0.03831280233230591,2026-02-02T13:11:45.517642037Z,gateDownAction,2026-02-02 13:11:47.535085+00:00,2026-02-02 13:11:47.535168+00:00
6c1d011a0dd646f0222ad07476258602,2026-02-02T13:11:46.177880,0.03831280233230591,2026-02-02T13:11:45.517642037Z,gateDownAction,2026-02-02 13:11:47.532806+00:00,2026-02-02 13:11:47.532894+00:00
6c1d011a0dd646f0222ad07476258602,2026-02-02T13:11:46.177880,0.03831280233230591,2026-02-02T13:11:45.517642037Z,bellOnInvocation,2026-02-02 13:11:45.533735+00:00,2026-02-02 13:11:45.533948+00:00
6c1d011a0dd646f0222ad07476258602,2026-02-02T13:11:46.177880,0.03831280233230591,2026-02-02T13:11:45.517642037Z,gateDownInvocation,2026-02-02 13:11:45.532391+00:00,2026-02-02 13:11:45.532701+00:00
6c1d011a0dd646f0222ad07476258602,2026-02-02T13:11:46.177880,0.03831280233230591,2026-02-02T13:11:45.517642037Z,bellOnAction,2026-02-02 13:11:47.536276+00:00,2026-02-02 13:11:47.536365+00:00
68ebc763b8cba683579bb8b9f66e1981,2026-02-02T13:15:40.239669,0.07748902727696896,2026-02-02T13:15:40.598373241Z,lightOffInvocation,2026-02-02 13:15:40.603491+00:00,2026-02-02 13:15:40.603567+00:00
68ebc763b8cba683579bb8b9f66e1981,2026-02-02T13:15:40.239669,0.07748902727696896,2026-02-02T13:15:40.598373241Z,lightOffInvocation,2026-02-02 13:15:40.603618+00:00,2026-02-02 13:15:40.603694+00:00
68ebc763b8cba683579bb8b9f66e1981,2026-02-02T13:15:40.239669,0.07748902727696896,2026-02-02T13:15:40.598373241Z,bellOffInvocation,2026-02-02 13:15:40.606675+00:00,2026-02-02 13:15:40.606714+00:00
68ebc763b8cba683579bb8b9f66e1981,2026-02-02T13:15:40.239669,0.07748902727696896,2026-02-02T13:15:40.598373241Z,gateUpInvocation,2026-02-02 13:15:40.605231+00:00,2026-02-02 13:15:40.605306+00:00
68ebc763b8cba683579bb8b9f66e1981,2026-02-02T13:15:40.239669,0.07748902727696896,2026-02-02T13:15:40.598373241Z,bellOffInvocation,2026-02-02 13:15:40.606036+00:00,2026-02-02 13:15:40.606087+00:00
68ebc763b8cba683579bb8b9f66e1981,2026-02-02T13:15:40.239669,0.07748902727696896,2026-02-02T13:15:40.598373241Z,gateUpInvocation,2026-02-02 13:15:40.603480+00:00,2026-02-02 13:15:40.603556+00:00
5b4afc590453ff6c569e3ba5c07fe669,2026-02-02T13:10:24.154265,0.024804921251022818,2026-02-02T13:10:24.462122247Z,bellOffInvocation,2026-02-02 13:10:24.476785+00:00,2026-02-02 13:10:24.476877+00:00
5b4afc590453ff6c569e3ba5c07fe669,2026-02-02T13:10:24.154265,0.024804921251022818,2026-02-02T13:10:24.462122247Z,gateUpInvocation,2026-02-02 13:10:24.471511+00:00,2026-02-02 13:10:24.471655+00:00
5b4afc590453ff6c569e3ba5c07fe669,2026-02-02T13:10:24.154265,0.024804921251022818,2026-02-02T13:10:24.462122247Z,lightOffInvocation,2026-02-02 13:10:24.474373+00:00,2026-02-02 13:10:24.474506+00:00
5b4afc590453ff6c569e3ba5c07fe669,2026-02-02T13:10:24.154265,0.024804921251022818,2026-02-02T13:10:24.462122247Z,gateUpInvocation,2026-02-02 13:10:24.474615+00:00,2026-02-02 13:10:24.474762+00:00
5b4afc590453ff6c569e3ba5c07fe669,2026-02-02T13:10:24.154265,0.024804921251022818,2026-02-02T13:10:24.462122247Z,bellOffInvocation,2026-02-02 13:10:24.476968+00:00,2026-02-02 13:10:24.477105+00:00
5b4afc590453ff6c569e3ba5c07fe669,2026-02-02T13:10:24.154265,0.024804921251022818,2026-02-02T13:10:24.462122247Z,lightOffInvocation,2026-02-02 13:10:24.471400+00:00,2026-02-02 13:10:24.471538+00:00
7215546bca9fcfd9b67f22ca7c77e8ca,2026-02-02T13:14:56.797575,0.07008162099504471,2026-02-02T13:14:56.149511121Z,bellOnInvocation,2026-02-02 13:14:56.157218+00:00,2026-02-02 13:14:56.157345+00:00
7215546bca9fcfd9b67f22ca7c77e8ca,2026-02-02T13:14:56.797575,0.07008162099504471,2026-02-02T13:14:56.149511121Z,gateDownInvocation,2026-02-02 13:14:56.156779+00:00,2026-02-02 13:14:56.156882+00:00
7215546bca9fcfd9b67f22ca7c77e8ca,2026-02-02T13:14:56.797575,0.07008162099504471,2026-02-02T13:14:56.149511121Z,lightOnInvocation,2026-02-02 13:14:56.155917+00:00,2026-02-02 13:14:56.156019+00:00
7215546bca9fcfd9b67f22ca7c77e8ca,2026-02-02T13:14:56.797575,0.07008162099504471,2026-02-02T13:14:56.149511121Z,gateDownAction,2026-02-02 13:14:58.157152+00:00,2026-02-02 13:14:58.157238+00:00
7215546bca9fcfd9b67f22ca7c77e8ca,2026-02-02T13:14:56.797575,0.07008162099504471,2026-02-02T13:14:56.149511121Z,bellOnAction,2026-02-02 13:14:58.158636+00:00,2026-02-02 13:14:58.158710+00:00
7215546bca9fcfd9b67f22ca7c77e8ca,2026-02-02T13:14:56.797575,0.07008162099504471,2026-02-02T13:14:56.149511121Z,gateDownAction,2026-02-02 13:14:58.156716+00:00,2026-02-02 13:14:58.156806+00:00
7215546bca9fcfd9b67f22ca7c77e8ca,2026-02-02T13:14:56.797575,0.07008162099504471,2026-02-02T13:14:56.149511121Z,gateDownInvocation,2026-02-02 13:14:56.155549+00:00,2026-02-02 13:14:56.155691+00:00
7215546bca9fcfd9b67f22ca7c77e8ca,2026-02-02T13:14:56.797575,0.07008162099504471,2026-02-02T13:14:56.149511121Z,lightOnAction,2026-02-02 13:14:58.156707+00:00,2026-02-02 13:14:58.156800+00:00
7215546bca9fcfd9b67f22ca7c77e8ca,2026-02-02T13:14:56.797575,0.07008162099504471,2026-02-02T13:14:56.149511121Z,bellOnAction,2026-02-02 13:14:58.157151+00:00,2026-02-02 13:14:58.157214+00:00
7215546bca9fcfd9b67f22ca7c77e8ca,2026-02-02T13:14:56.797575,0.07008162099504471,2026-02-02T13:14:56.149511121Z,lightOnAction,2026-02-02 13:14:58.156902+00:00,2026-02-02 13:14:58.157035+00:00
7215546bca9fcfd9b67f22ca7c77e8ca,2026-02-02T13:14:56.797575,0.07008162099504471,2026-02-02T13:14:56.149511121Z,lightOnInvocation,2026-02-02 13:14:56.155591+00:00,2026-02-02 13:14:56.155681+00:00
7215546bca9fcfd9b67f22ca7c77e8ca,2026-02-02T13:14:56.797575,0.07008162099504471,2026-02-02T13:14:56.149511121Z,bellOnInvocation,2026-02-02 13:14:56.158549+00:00,2026-02-02 13:14:56.158629+00:00
ed1ad258a7b40d1d48da880637703fbb,2026-02-02T13:16:19.275317,0.08382817255681753,2026-02-02T13:16:18.637027245Z,gateDownAction,2026-02-02 13:16:20.647558+00:00,2026-02-02 13:16:20.647614+00:00
ed1ad258a7b40d1d48da880637703fbb,2026-02-02T13:16:19.275317,0.08382817255681753,2026-02-02T13:16:18.637027245Z,lightOnInvocation,2026-02-02 13:16:18.645261+00:00,2026-02-02 13:16:18.645408+00:00
ed1ad258a7b40d1d48da880637703fbb,2026-02-02T13:16:19.275317,0.08382817255681753,2026-02-02T13:16:18.637027245Z,bellOnInvocation,2026-02-02 13:16:18.648240+00:00,2026-02-02 13:16:18.648343+00:00
ed1ad258a7b40d1d48da880637703fbb,2026-02-02T13:16:19.275317,0.08382817255681753,2026-02-02T13:16:18.637027245Z,lightOnInvocation,2026-02-02 13:16:18.642894+00:00,2026-02-02 13:16:18.643080+00:00
ed1ad258a7b40d1d48da880637703fbb,2026-02-02T13:16:19.275317,0.08382817255681753,2026-02-02T13:16:18.637027245Z,lightOnAction,2026-02-02 13:16:20.647833+00:00,2026-02-02 13:16:20.647913+00:00
ed1ad258a7b40d1d48da880637703fbb,2026-02-02T13:16:19.275317,0.08382817255681753,2026-02-02T13:16:18.637027245Z,lightOnAction,2026-02-02 13:16:20.643998+00:00,2026-02-02 13:16:20.644089+00:00
ed1ad258a7b40d1d48da880637703fbb,2026-02-02T13:16:19.275317,0.08382817255681753,2026-02-02T13:16:18.637027245Z,gateDownAction,2026-02-02 13:16:20.644274+00:00,2026-02-02 13:16:20.644358+00:00
ed1ad258a7b40d1d48da880637703fbb,2026-02-02T13:16:19.275317,0.08382817255681753,2026-02-02T13:16:18.637027245Z,bellOnAction,2026-02-02 13:16:20.649112+00:00,2026-02-02 13:16:20.649179+00:00
ed1ad258a7b40d1d48da880637703fbb,2026-02-02T13:16:19.275317,0.08382817255681753,2026-02-02T13:16:18.637027245Z,bellOnAction,2026-02-02 13:16:20.647128+00:00,2026-02-02 13:16:20.647212+00:00
ed1ad258a7b40d1d48da880637703fbb,2026-02-02T13:16:19.275317,0.08382817255681753,2026-02-02T13:16:18.637027245Z,gateDownInvocation,2026-02-02 13:16:18.646908+00:00,2026-02-02 13:16:18.647094+00:00
ed1ad258a7b40d1d48da880637703fbb,2026-02-02T13:16:19.275317,0.08382817255681753,2026-02-02T13:16:18.637027245Z,bellOnInvocation,2026-02-02 13:16:18.645061+00:00,2026-02-02 13:16:18.645256+00:00
ed1ad258a7b40d1d48da880637703fbb,2026-02-02T13:16:19.275317,0.08382817255681753,2026-02-02T13:16:18.637027245Z,gateDownInvocation,2026-02-02 13:16:18.642909+00:00,2026-02-02 13:16:18.643263+00:00
bfbcd8030d809cbfee218b9bf4c5421b,2026-02-02T13:09:36.701985,0.01689848644422293,2026-02-02T13:09:37.018690357Z,gateUpInvocation,2026-02-02 13:09:37.027488+00:00,2026-02-02 13:09:37.027627+00:00
bfbcd8030d809cbfee218b9bf4c5421b,2026-02-02T13:09:36.701985,0.01689848644422293,2026-02-02T13:09:37.018690357Z,gateUpInvocation,2026-02-02 13:09:37.027023+00:00,2026-02-02 13:09:37.027166+00:00
bfbcd8030d809cbfee218b9bf4c5421b,2026-02-02T13:09:36.701985,0.01689848644422293,2026-02-02T13:09:37.018690357Z,lightOffInvocation,2026-02-02 13:09:37.028649+00:00,2026-02-02 13:09:37.028784+00:00
bfbcd8030d809cbfee218b9bf4c5421b,2026-02-02T13:09:36.701985,0.01689848644422293,2026-02-02T13:09:37.018690357Z,bellOffInvocation,2026-02-02 13:09:37.033056+00:00,2026-02-02 13:09:37.033118+00:00
bfbcd8030d809cbfee218b9bf4c5421b,2026-02-02T13:09:36.701985,0.01689848644422293,2026-02-02T13:09:37.018690357Z,lightOffInvocation,2026-02-02 13:09:37.026950+00:00,2026-02-02 13:09:37.027078+00:00
bfbcd8030d809cbfee218b9bf4c5421b,2026-02-02T13:09:36.701985,0.01689848644422293,2026-02-02T13:09:37.018690357Z,bellOffInvocation,2026-02-02 13:09:37.031898+00:00,2026-02-02 13:09:37.031996+00:00
a6f3969b3b0df2f0948853099673128e,2026-02-02T13:11:07.318777,0.031998877268767364,2026-02-02T13:11:07.630171358Z,lightOffInvocation,2026-02-02 13:11:07.638684+00:00,2026-02-02 13:11:07.638779+00:00
a6f3969b3b0df2f0948853099673128e,2026-02-02T13:11:07.318777,0.031998877268767364,2026-02-02T13:11:07.630171358Z,gateUpInvocation,2026-02-02 13:11:07.638675+00:00,2026-02-02 13:11:07.638731+00:00
a6f3969b3b0df2f0948853099673128e,2026-02-02T13:11:07.318777,0.031998877268767364,2026-02-02T13:11:07.630171358Z,bellOffInvocation,2026-02-02 13:11:07.639350+00:00,2026-02-02 13:11:07.639413+00:00
a6f3969b3b0df2f0948853099673128e,2026-02-02T13:11:07.318777,0.031998877268767364,2026-02-02T13:11:07.630171358Z,lightOffInvocation,2026-02-02 13:11:07.638377+00:00,2026-02-02 13:11:07.638453+00:00
a6f3969b3b0df2f0948853099673128e,2026-02-02T13:11:07.318777,0.031998877268767364,2026-02-02T13:11:07.630171358Z,bellOffInvocation,2026-02-02 13:11:07.640091+00:00,2026-02-02 13:11:07.640162+00:00
a6f3969b3b0df2f0948853099673128e,2026-02-02T13:11:07.318777,0.031998877268767364,2026-02-02T13:11:07.630171358Z,gateUpInvocation,2026-02-02 13:11:07.638284+00:00,2026-02-02 13:11:07.638349+00:00
14305817bf50e32a4a8aa7f85a3fd907,2026-02-02T13:15:53.276360,0.0796600173855424,2026-02-02T13:15:53.625660937Z,bellOffInvocation,2026-02-02 13:15:53.634777+00:00,2026-02-02 13:15:53.634952+00:00
14305817bf50e32a4a8aa7f85a3fd907,2026-02-02T13:15:53.276360,0.0796600173855424,2026-02-02T13:15:53.625660937Z,gateUpInvocation,2026-02-02 13:15:53.632701+00:00,2026-02-02 13:15:53.632813+00:00
14305817bf50e32a4a8aa7f85a3fd907,2026-02-02T13:15:53.276360,0.0796600173855424,2026-02-02T13:15:53.625660937Z,gateUpInvocation,2026-02-02 13:15:53.632580+00:00,2026-02-02 13:15:53.632695+00:00
14305817bf50e32a4a8aa7f85a3fd907,2026-02-02T13:15:53.276360,0.0796600173855424,2026-02-02T13:15:53.625660937Z,bellOffInvocation,2026-02-02 13:15:53.636715+00:00,2026-02-02 13:15:53.636776+00:00
14305817bf50e32a4a8aa7f85a3fd907,2026-02-02T13:15:53.276360,0.0796600173855424,2026-02-02T13:15:53.625660937Z,lightOffInvocation,2026-02-02 13:15:53.632911+00:00,2026-02-02 13:15:53.633034+00:00
14305817bf50e32a4a8aa7f85a3fd907,2026-02-02T13:15:53.276360,0.0796600173855424,2026-02-02T13:15:53.625660937Z,lightOffInvocation,2026-02-02 13:15:53.632724+00:00,2026-02-02 13:15:53.632818+00:00
2d78edf4be1b3df591eda63167cb8f59,2026-02-02T13:10:41.400929,0.027681718711662296,2026-02-02T13:10:41.724626967Z,bellOffInvocation,2026-02-02 13:10:41.737370+00:00,2026-02-02 13:10:41.737527+00:00
2d78edf4be1b3df591eda63167cb8f59,2026-02-02T13:10:41.400929,0.027681718711662296,2026-02-02T13:10:41.724626967Z,lightOffInvocation,2026-02-02 13:10:41.734799+00:00,2026-02-02 13:10:41.734972+00:00
2d78edf4be1b3df591eda63167cb8f59,2026-02-02T13:10:41.400929,0.027681718711662296,2026-02-02T13:10:41.724626967Z,lightOffInvocation,2026-02-02 13:10:41.733975+00:00,2026-02-02 13:10:41.734142+00:00
2d78edf4be1b3df591eda63167cb8f59,2026-02-02T13:10:41.400929,0.027681718711662296,2026-02-02T13:10:41.724626967Z,gateUpInvocation,2026-02-02 13:10:41.736251+00:00,2026-02-02 13:10:41.736397+00:00
2d78edf4be1b3df591eda63167cb8f59,2026-02-02T13:10:41.400929,0.027681718711662296,2026-02-02T13:10:41.724626967Z,bellOffInvocation,2026-02-02 13:10:41.737877+00:00,2026-02-02 13:10:41.738035+00:00
2d78edf4be1b3df591eda63167cb8f59,2026-02-02T13:10:41.400929,0.027681718711662296,2026-02-02T13:10:41.724626967Z,gateUpInvocation,2026-02-02 13:10:41.734632+00:00,2026-02-02 13:10:41.734790+00:00
3d0e280dc780ad4b61ca536b35bd7c20,2026-02-02T13:15:09.792027,0.07224512936291695,2026-02-02T13:15:09.131954446Z,bellOnAction,2026-02-02 13:15:11.149052+00:00,2026-02-02 13:15:11.149079+00:00
3d0e280dc780ad4b61ca536b35bd7c20,2026-02-02T13:15:09.792027,0.07224512936291695,2026-02-02T13:15:09.131954446Z,gateDownInvocation,2026-02-02 13:15:09.142731+00:00,2026-02-02 13:15:09.142866+00:00
3d0e280dc780ad4b61ca536b35bd7c20,2026-02-02T13:15:09.792027,0.07224512936291695,2026-02-02T13:15:09.131954446Z,bellOnInvocation,2026-02-02 13:15:09.147643+00:00,2026-02-02 13:15:09.147724+00:00
3d0e280dc780ad4b61ca536b35bd7c20,2026-02-02T13:15:09.792027,0.07224512936291695,2026-02-02T13:15:09.131954446Z,gateDownAction,2026-02-02 13:15:11.144653+00:00,2026-02-02 13:15:11.144688+00:00
3d0e280dc780ad4b61ca536b35bd7c20,2026-02-02T13:15:09.792027,0.07224512936291695,2026-02-02T13:15:09.131954446Z,lightOnInvocation,2026-02-02 13:15:09.145505+00:00,2026-02-02 13:15:09.145563+00:00
3d0e280dc780ad4b61ca536b35bd7c20,2026-02-02T13:15:09.792027,0.07224512936291695,2026-02-02T13:15:09.131954446Z,lightOnInvocation,2026-02-02 13:15:09.143488+00:00,2026-02-02 13:15:09.143550+00:00
3d0e280dc780ad4b61ca536b35bd7c20,2026-02-02T13:15:09.792027,0.07224512936291695,2026-02-02T13:15:09.131954446Z,bellOnInvocation,2026-02-02 13:15:09.144752+00:00,2026-02-02 13:15:09.144802+00:00
3d0e280dc780ad4b61ca536b35bd7c20,2026-02-02T13:15:09.792027,0.07224512936291695,2026-02-02T13:15:09.131954446Z,gateDownAction,2026-02-02 13:15:11.144512+00:00,2026-02-02 13:15:11.144553+00:00
3d0e280dc780ad4b61ca536b35bd7c20,2026-02-02T13:15:09.792027,0.07224512936291695,2026-02-02T13:15:09.131954446Z,lightOnAction,2026-02-02 13:15:11.146323+00:00,2026-02-02 13:15:11.146355+00:00
3d0e280dc780ad4b61ca536b35bd7c20,2026-02-02T13:15:09.792027,0.07224512936291695,2026-02-02T13:15:09.131954446Z,lightOnAction,2026-02-02 13:15:11.143672+00:00,2026-02-02 13:15:11.143713+00:00
3d0e280dc780ad4b61ca536b35bd7c20,2026-02-02T13:15:09.792027,0.07224512936291695,2026-02-02T13:15:09.131954446Z,gateDownInvocation,2026-02-02 13:15:09.142755+00:00,2026-02-02 13:15:09.142857+00:00
3d0e280dc780ad4b61ca536b35bd7c20,2026-02-02T13:15:09.792027,0.07224512936291695,2026-02-02T13:15:09.131954446Z,bellOnAction,2026-02-02 13:15:11.147799+00:00,2026-02-02 13:15:11.147829+00:00
2864d5573f16f382afefa56e9545f06e,2026-02-02T13:15:57.577017,0.08038046312805415,2026-02-02T13:15:57.948809665Z,bellOffInvocation,2026-02-02 13:15:57.963277+00:00,2026-02-02 13:15:57.963365+00:00
2864d5573f16f382afefa56e9545f06e,2026-02-02T13:15:57.577017,0.08038046312805415,2026-02-02T13:15:57.948809665Z,gateUpInvocation,2026-02-02 13:15:57.959533+00:00,2026-02-02 13:15:57.959648+00:00
2864d5573f16f382afefa56e9545f06e,2026-02-02T13:15:57.577017,0.08038046312805415,2026-02-02T13:15:57.948809665Z,bellOffInvocation,2026-02-02 13:15:57.958514+00:00,2026-02-02 13:15:57.958594+00:00
2864d5573f16f382afefa56e9545f06e,2026-02-02T13:15:57.577017,0.08038046312805415,2026-02-02T13:15:57.948809665Z,lightOffInvocation,2026-02-02 13:15:57.961436+00:00,2026-02-02 13:15:57.961626+00:00
2864d5573f16f382afefa56e9545f06e,2026-02-02T13:15:57.577017,0.08038046312805415,2026-02-02T13:15:57.948809665Z,gateUpInvocation,2026-02-02 13:15:57.956271+00:00,2026-02-02 13:15:57.956540+00:00
2864d5573f16f382afefa56e9545f06e,2026-02-02T13:15:57.577017,0.08038046312805415,2026-02-02T13:15:57.948809665Z,lightOffInvocation,2026-02-02 13:15:57.955766+00:00,2026-02-02 13:15:57.955900+00:00
8759b9d3ab7837ebc2d96b4db34e4ff0,2026-02-02T13:17:07.007708,0.09194429671242238,2026-02-02T13:17:07.338674425Z,lightOffInvocation,2026-02-02 13:17:07.358295+00:00,2026-02-02 13:17:07.358380+00:00
8759b9d3ab7837ebc2d96b4db34e4ff0,2026-02-02T13:17:07.007708,0.09194429671242238,2026-02-02T13:17:07.338674425Z,gateUpInvocation,2026-02-02 13:17:07.356884+00:00,2026-02-02 13:17:07.356989+00:00
8759b9d3ab7837ebc2d96b4db34e4ff0,2026-02-02T13:17:07.007708,0.09194429671242238,2026-02-02T13:17:07.338674425Z,lightOffInvocation,2026-02-02 13:17:07.348831+00:00,2026-02-02 13:17:07.348921+00:00
8759b9d3ab7837ebc2d96b4db34e4ff0,2026-02-02T13:17:07.007708,0.09194429671242238,2026-02-02T13:17:07.338674425Z,bellOffInvocation,2026-02-02 13:17:07.356125+00:00,2026-02-02 13:17:07.356220+00:00
8759b9d3ab7837ebc2d96b4db34e4ff0,2026-02-02T13:17:07.007708,0.09194429671242238,2026-02-02T13:17:07.338674425Z,gateUpInvocation,2026-02-02 13:17:07.348795+00:00,2026-02-02 13:17:07.348873+00:00
8759b9d3ab7837ebc2d96b4db34e4ff0,2026-02-02T13:17:07.007708,0.09194429671242238,2026-02-02T13:17:07.338674425Z,bellOffInvocation,2026-02-02 13:17:07.354564+00:00,2026-02-02 13:17:07.354662+00:00
20d1f802f3391908072f66e6bf2255c0,2026-02-02T13:09:53.957281,0.019774453893852236,2026-02-02T13:09:54.276310131Z,lightOffInvocation,2026-02-02 13:09:54.285739+00:00,2026-02-02 13:09:54.285954+00:00
20d1f802f3391908072f66e6bf2255c0,2026-02-02T13:09:53.957281,0.019774453893852236,2026-02-02T13:09:54.276310131Z,bellOffInvocation,2026-02-02 13:09:54.290045+00:00,2026-02-02 13:09:54.290148+00:00
20d1f802f3391908072f66e6bf2255c0,2026-02-02T13:09:53.957281,0.019774453893852236,2026-02-02T13:09:54.276310131Z,lightOffInvocation,2026-02-02 13:09:54.285595+00:00,2026-02-02 13:09:54.285730+00:00
20d1f802f3391908072f66e6bf2255c0,2026-02-02T13:09:53.957281,0.019774453893852236,2026-02-02T13:09:54.276310131Z,bellOffInvocation,2026-02-02 13:09:54.291748+00:00,2026-02-02 13:09:54.291831+00:00
20d1f802f3391908072f66e6bf2255c0,2026-02-02T13:09:53.957281,0.019774453893852236,2026-02-02T13:09:54.276310131Z,gateUpInvocation,2026-02-02 13:09:54.285641+00:00,2026-02-02 13:09:54.285775+00:00
20d1f802f3391908072f66e6bf2255c0,2026-02-02T13:09:53.957281,0.019774453893852236,2026-02-02T13:09:54.276310131Z,gateUpInvocation,2026-02-02 13:09:54.285712+00:00,2026-02-02 13:09:54.285979+00:00
7a8ddaa51be755f4bb1a9de0ca928729,2026-02-02T13:15:18.475484,0.07385786407862903,2026-02-02T13:15:18.809285984Z,lightOffInvocation,2026-02-02 13:15:18.816440+00:00,2026-02-02 13:15:18.816521+00:00
7a8ddaa51be755f4bb1a9de0ca928729,2026-02-02T13:15:18.475484,0.07385786407862903,2026-02-02T13:15:18.809285984Z,lightOffInvocation,2026-02-02 13:15:18.815191+00:00,2026-02-02 13:15:18.815303+00:00
7a8ddaa51be755f4bb1a9de0ca928729,2026-02-02T13:15:18.475484,0.07385786407862903,2026-02-02T13:15:18.809285984Z,gateUpInvocation,2026-02-02 13:15:18.817925+00:00,2026-02-02 13:15:18.818036+00:00
7a8ddaa51be755f4bb1a9de0ca928729,2026-02-02T13:15:18.475484,0.07385786407862903,2026-02-02T13:15:18.809285984Z,bellOffInvocation,2026-02-02 13:15:18.820026+00:00,2026-02-02 13:15:18.820108+00:00
7a8ddaa51be755f4bb1a9de0ca928729,2026-02-02T13:15:18.475484,0.07385786407862903,2026-02-02T13:15:18.809285984Z,gateUpInvocation,2026-02-02 13:15:18.815192+00:00,2026-02-02 13:15:18.815309+00:00
7a8ddaa51be755f4bb1a9de0ca928729,2026-02-02T13:15:18.475484,0.07385786407862903,2026-02-02T13:15:18.809285984Z,bellOffInvocation,2026-02-02 13:15:18.818874+00:00,2026-02-02 13:15:18.818945+00:00
5d0396304312ed440bb9cecfe6a7de80,2026-02-02T13:08:27.799356,0.0054131272024035455,2026-02-02T13:08:28.099670633Z,lightOffInvocation,2026-02-02 13:08:28.113090+00:00,2026-02-02 13:08:28.115030+00:00
5d0396304312ed440bb9cecfe6a7de80,2026-02-02T13:08:27.799356,0.0054131272024035455,2026-02-02T13:08:28.099670633Z,gateUpInvocation,2026-02-02 13:08:28.119046+00:00,2026-02-02 13:08:28.119143+00:00
5d0396304312ed440bb9cecfe6a7de80,2026-02-02T13:08:27.799356,0.0054131272024035455,2026-02-02T13:08:28.099670633Z,bellOffInvocation,2026-02-02 13:08:28.118933+00:00,2026-02-02 13:08:28.119022+00:00
5d0396304312ed440bb9cecfe6a7de80,2026-02-02T13:08:27.799356,0.0054131272024035455,2026-02-02T13:08:28.099670633Z,bellOffInvocation,2026-02-02 13:08:28.115802+00:00,2026-02-02 13:08:28.115877+00:00
5d0396304312ed440bb9cecfe6a7de80,2026-02-02T13:08:27.799356,0.0054131272024035455,2026-02-02T13:08:28.099670633Z,gateUpInvocation,2026-02-02 13:08:28.112799+00:00,2026-02-02 13:08:28.113009+00:00
5d0396304312ed440bb9cecfe6a7de80,2026-02-02T13:08:27.799356,0.0054131272024035455,2026-02-02T13:08:28.099670633Z,lightOffInvocation,2026-02-02 13:08:28.112265+00:00,2026-02-02 13:08:28.112448+00:00
2e6709eed2c3265d26000374bf42e2c8,2026-02-02T13:10:32.778246,0.02624208595085144,2026-02-02T13:10:33.08606061Z,lightOffInvocation,2026-02-02 13:10:33.095801+00:00,2026-02-02 13:10:33.095898+00:00
2e6709eed2c3265d26000374bf42e2c8,2026-02-02T13:10:32.778246,0.02624208595085144,2026-02-02T13:10:33.08606061Z,lightOffInvocation,2026-02-02 13:10:33.095793+00:00,2026-02-02 13:10:33.095893+00:00
2e6709eed2c3265d26000374bf42e2c8,2026-02-02T13:10:32.778246,0.02624208595085144,2026-02-02T13:10:33.08606061Z,bellOffInvocation,2026-02-02 13:10:33.101033+00:00,2026-02-02 13:10:33.101408+00:00
2e6709eed2c3265d26000374bf42e2c8,2026-02-02T13:10:32.778246,0.02624208595085144,2026-02-02T13:10:33.08606061Z,gateUpInvocation,2026-02-02 13:10:33.095766+00:00,2026-02-02 13:10:33.095874+00:00
2e6709eed2c3265d26000374bf42e2c8,2026-02-02T13:10:32.778246,0.02624208595085144,2026-02-02T13:10:33.08606061Z,gateUpInvocation,2026-02-02 13:10:33.095767+00:00,2026-02-02 13:10:33.095884+00:00
2e6709eed2c3265d26000374bf42e2c8,2026-02-02T13:10:32.778246,0.02624208595085144,2026-02-02T13:10:33.08606061Z,bellOffInvocation,2026-02-02 13:10:33.105541+00:00,2026-02-02 13:10:33.105617+00:00
179ba8787549b8b9b6e1abd4f4715d16,2026-02-02T13:10:58.661667,0.03055692774816752,2026-02-02T13:10:58.977572956Z,lightOffInvocation,2026-02-02 13:10:58.988769+00:00,2026-02-02 13:10:58.988941+00:00
179ba8787549b8b9b6e1abd4f4715d16,2026-02-02T13:10:58.661667,0.03055692774816752,2026-02-02T13:10:58.977572956Z,bellOffInvocation,2026-02-02 13:10:59.001999+00:00,2026-02-02 13:10:59.002145+00:00
179ba8787549b8b9b6e1abd4f4715d16,2026-02-02T13:10:58.661667,0.03055692774816752,2026-02-02T13:10:58.977572956Z,lightOffInvocation,2026-02-02 13:10:58.992135+00:00,2026-02-02 13:10:58.992304+00:00
179ba8787549b8b9b6e1abd4f4715d16,2026-02-02T13:10:58.661667,0.03055692774816752,2026-02-02T13:10:58.977572956Z,bellOffInvocation,2026-02-02 13:10:58.995186+00:00,2026-02-02 13:10:58.995336+00:00
179ba8787549b8b9b6e1abd4f4715d16,2026-02-02T13:10:58.661667,0.03055692774816752,2026-02-02T13:10:58.977572956Z,gateUpInvocation,2026-02-02 13:10:58.992164+00:00,2026-02-02 13:10:58.992328+00:00
179ba8787549b8b9b6e1abd4f4715d16,2026-02-02T13:10:58.661667,0.03055692774816752,2026-02-02T13:10:58.977572956Z,gateUpInvocation,2026-02-02 13:10:58.989080+00:00,2026-02-02 13:10:58.989221+00:00
6d5d585c23b73b343b5c1b3cf623a81b,2026-02-02T13:12:33.739605,0.046403978200531014,2026-02-02T13:12:34.069514416Z,bellOffInvocation,2026-02-02 13:12:34.086227+00:00,2026-02-02 13:12:34.086324+00:00
6d5d585c23b73b343b5c1b3cf623a81b,2026-02-02T13:12:33.739605,0.046403978200531014,2026-02-02T13:12:34.069514416Z,lightOffInvocation,2026-02-02 13:12:34.082278+00:00,2026-02-02 13:12:34.082407+00:00
6d5d585c23b73b343b5c1b3cf623a81b,2026-02-02T13:12:33.739605,0.046403978200531014,2026-02-02T13:12:34.069514416Z,bellOffInvocation,2026-02-02 13:12:34.087001+00:00,2026-02-02 13:12:34.087179+00:00
6d5d585c23b73b343b5c1b3cf623a81b,2026-02-02T13:12:33.739605,0.046403978200531014,2026-02-02T13:12:34.069514416Z,gateUpInvocation,2026-02-02 13:12:34.081694+00:00,2026-02-02 13:12:34.081821+00:00
6d5d585c23b73b343b5c1b3cf623a81b,2026-02-02T13:12:33.739605,0.046403978200531014,2026-02-02T13:12:34.069514416Z,gateUpInvocation,2026-02-02 13:12:34.078402+00:00,2026-02-02 13:12:34.078514+00:00
6d5d585c23b73b343b5c1b3cf623a81b,2026-02-02T13:12:33.739605,0.046403978200531014,2026-02-02T13:12:34.069514416Z,lightOffInvocation,2026-02-02 13:12:34.080122+00:00,2026-02-02 13:12:34.080231+00:00
edc6eb9ccce97f37e3c018e3ab832940,2026-02-02T13:12:16.424526,0.04335318087121249,2026-02-02T13:12:15.762869267Z,bellOnAction,2026-02-02 13:12:17.773409+00:00,2026-02-02 13:12:17.773478+00:00
edc6eb9ccce97f37e3c018e3ab832940,2026-02-02T13:12:16.424526,0.04335318087121249,2026-02-02T13:12:15.762869267Z,lightOnAction,2026-02-02 13:12:17.771837+00:00,2026-02-02 13:12:17.771917+00:00
edc6eb9ccce97f37e3c018e3ab832940,2026-02-02T13:12:16.424526,0.04335318087121249,2026-02-02T13:12:15.762869267Z,gateDownInvocation,2026-02-02 13:12:15.770767+00:00,2026-02-02 13:12:15.770885+00:00
edc6eb9ccce97f37e3c018e3ab832940,2026-02-02T13:12:16.424526,0.04335318087121249,2026-02-02T13:12:15.762869267Z,bellOnAction,2026-02-02 13:12:17.772972+00:00,2026-02-02 13:12:17.773068+00:00
edc6eb9ccce97f37e3c018e3ab832940,2026-02-02T13:12:16.424526,0.04335318087121249,2026-02-02T13:12:15.762869267Z,gateDownAction,2026-02-02 13:12:17.772171+00:00,2026-02-02 13:12:17.772251+00:00
edc6eb9ccce97f37e3c018e3ab832940,2026-02-02T13:12:16.424526,0.04335318087121249,2026-02-02T13:12:15.762869267Z,bellOnInvocation,2026-02-02 13:12:15.771996+00:00,2026-02-02 13:12:15.772058+00:00
edc6eb9ccce97f37e3c018e3ab832940,2026-02-02T13:12:16.424526,0.04335318087121249,2026-02-02T13:12:15.762869267Z,gateDownAction,2026-02-02 13:12:17.771451+00:00,2026-02-02 13:12:17.771541+00:00
edc6eb9ccce97f37e3c018e3ab832940,2026-02-02T13:12:16.424526,0.04335318087121249,2026-02-02T13:12:15.762869267Z,gateDownInvocation,2026-02-02 13:12:15.770757+00:00,2026-02-02 13:12:15.770988+00:00
edc6eb9ccce97f37e3c018e3ab832940,2026-02-02T13:12:16.424526,0.04335318087121249,2026-02-02T13:12:15.762869267Z,lightOnAction,2026-02-02 13:12:17.772282+00:00,2026-02-02 13:12:17.772362+00:00
edc6eb9ccce97f37e3c018e3ab832940,2026-02-02T13:12:16.424526,0.04335318087121249,2026-02-02T13:12:15.762869267Z,lightOnInvocation,2026-02-02 13:12:15.770869+00:00,2026-02-02 13:12:15.770965+00:00
edc6eb9ccce97f37e3c018e3ab832940,2026-02-02T13:12:16.424526,0.04335318087121249,2026-02-02T13:12:15.762869267Z,bellOnInvocation,2026-02-02 13:12:15.773514+00:00,2026-02-02 13:12:15.773578+00:00
edc6eb9ccce97f37e3c018e3ab832940,2026-02-02T13:12:16.424526,0.04335318087121249,2026-02-02T13:12:15.762869267Z,lightOnInvocation,2026-02-02 13:12:15.770813+00:00,2026-02-02 13:12:15.770888+00:00
cbee9bed4ea9fe9f8cb2e06a63bcc21f,2026-02-02T13:10:45.719912,0.02840154220417738,2026-02-02T13:10:46.044004306Z,bellOffInvocation,2026-02-02 13:10:46.057323+00:00,2026-02-02 13:10:46.057415+00:00
cbee9bed4ea9fe9f8cb2e06a63bcc21f,2026-02-02T13:10:45.719912,0.02840154220417738,2026-02-02T13:10:46.044004306Z,bellOffInvocation,2026-02-02 13:10:46.055732+00:00,2026-02-02 13:10:46.055859+00:00
cbee9bed4ea9fe9f8cb2e06a63bcc21f,2026-02-02T13:10:45.719912,0.02840154220417738,2026-02-02T13:10:46.044004306Z,lightOffInvocation,2026-02-02 13:10:46.054661+00:00,2026-02-02 13:10:46.054817+00:00
cbee9bed4ea9fe9f8cb2e06a63bcc21f,2026-02-02T13:10:45.719912,0.02840154220417738,2026-02-02T13:10:46.044004306Z,gateUpInvocation,2026-02-02 13:10:46.052750+00:00,2026-02-02 13:10:46.052893+00:00
cbee9bed4ea9fe9f8cb2e06a63bcc21f,2026-02-02T13:10:45.719912,0.02840154220417738,2026-02-02T13:10:46.044004306Z,gateUpInvocation,2026-02-02 13:10:46.053102+00:00,2026-02-02 13:10:46.053374+00:00
cbee9bed4ea9fe9f8cb2e06a63bcc21f,2026-02-02T13:10:45.719912,0.02840154220417738,2026-02-02T13:10:46.044004306Z,lightOffInvocation,2026-02-02 13:10:46.050758+00:00,2026-02-02 13:10:46.052991+00:00
3a8a8f289b7fecb8457ceded2e1a16f8,2026-02-02T13:16:10.603807,0.08237882707788945,2026-02-02T13:16:09.940184106Z,lightOnInvocation,2026-02-02 13:16:09.947401+00:00,2026-02-02 13:16:09.947618+00:00
3a8a8f289b7fecb8457ceded2e1a16f8,2026-02-02T13:16:10.603807,0.08237882707788945,2026-02-02T13:16:09.940184106Z,gateDownAction,2026-02-02 13:16:11.948551+00:00,2026-02-02 13:16:11.948594+00:00
3a8a8f289b7fecb8457ceded2e1a16f8,2026-02-02T13:16:10.603807,0.08237882707788945,2026-02-02T13:16:09.940184106Z,bellOnInvocation,2026-02-02 13:16:09.951910+00:00,2026-02-02 13:16:09.952077+00:00
3a8a8f289b7fecb8457ceded2e1a16f8,2026-02-02T13:16:10.603807,0.08237882707788945,2026-02-02T13:16:09.940184106Z,lightOnAction,2026-02-02 13:16:11.948103+00:00,2026-02-02 13:16:11.948148+00:00
3a8a8f289b7fecb8457ceded2e1a16f8,2026-02-02T13:16:10.603807,0.08237882707788945,2026-02-02T13:16:09.940184106Z,gateDownInvocation,2026-02-02 13:16:09.946602+00:00,2026-02-02 13:16:09.946869+00:00
3a8a8f289b7fecb8457ceded2e1a16f8,2026-02-02T13:16:10.603807,0.08237882707788945,2026-02-02T13:16:09.940184106Z,lightOnInvocation,2026-02-02 13:16:09.946749+00:00,2026-02-02 13:16:09.946942+00:00
3a8a8f289b7fecb8457ceded2e1a16f8,2026-02-02T13:16:10.603807,0.08237882707788945,2026-02-02T13:16:09.940184106Z,gateDownAction,2026-02-02 13:16:11.947824+00:00,2026-02-02 13:16:11.947873+00:00
3a8a8f289b7fecb8457ceded2e1a16f8,2026-02-02T13:16:10.603807,0.08237882707788945,2026-02-02T13:16:09.940184106Z,bellOnAction,2026-02-02 13:16:11.950493+00:00,2026-02-02 13:16:11.950526+00:00
3a8a8f289b7fecb8457ceded2e1a16f8,2026-02-02T13:16:10.603807,0.08237882707788945,2026-02-02T13:16:09.940184106Z,bellOnInvocation,2026-02-02 13:16:09.949880+00:00,2026-02-02 13:16:09.950086+00:00
3a8a8f289b7fecb8457ceded2e1a16f8,2026-02-02T13:16:10.603807,0.08237882707788945,2026-02-02T13:16:09.940184106Z,lightOnAction,2026-02-02 13:16:11.949153+00:00,2026-02-02 13:16:11.949204+00:00
3a8a8f289b7fecb8457ceded2e1a16f8,2026-02-02T13:16:10.603807,0.08237882707788945,2026-02-02T13:16:09.940184106Z,bellOnAction,2026-02-02 13:16:11.952782+00:00,2026-02-02 13:16:11.952814+00:00
3a8a8f289b7fecb8457ceded2e1a16f8,2026-02-02T13:16:10.603807,0.08237882707788945,2026-02-02T13:16:09.940184106Z,gateDownInvocation,2026-02-02 13:16:09.947367+00:00,2026-02-02 13:16:09.947673+00:00
2b4e0e3e2496a875f6ba3be0bcf11dee,2026-02-02T13:10:15.527224,0.023202790730547908,2026-02-02T13:10:14.848328934Z,bellOnAction,2026-02-02 13:10:16.861481+00:00,2026-02-02 13:10:16.861520+00:00
2b4e0e3e2496a875f6ba3be0bcf11dee,2026-02-02T13:10:15.527224,0.023202790730547908,2026-02-02T13:10:14.848328934Z,bellOnInvocation,2026-02-02 13:10:14.862576+00:00,2026-02-02 13:10:14.862773+00:00
2b4e0e3e2496a875f6ba3be0bcf11dee,2026-02-02T13:10:15.527224,0.023202790730547908,2026-02-02T13:10:14.848328934Z,gateDownInvocation,2026-02-02 13:10:14.859842+00:00,2026-02-02 13:10:14.860167+00:00
2b4e0e3e2496a875f6ba3be0bcf11dee,2026-02-02T13:10:15.527224,0.023202790730547908,2026-02-02T13:10:14.848328934Z,gateDownAction,2026-02-02 13:10:16.859563+00:00,2026-02-02 13:10:16.859609+00:00
2b4e0e3e2496a875f6ba3be0bcf11dee,2026-02-02T13:10:15.527224,0.023202790730547908,2026-02-02T13:10:14.848328934Z,lightOnInvocation,2026-02-02 13:10:14.859855+00:00,2026-02-02 13:10:14.860025+00:00
2b4e0e3e2496a875f6ba3be0bcf11dee,2026-02-02T13:10:15.527224,0.023202790730547908,2026-02-02T13:10:14.848328934Z,gateDownAction,2026-02-02 13:10:16.861829+00:00,2026-02-02 13:10:16.861883+00:00
2b4e0e3e2496a875f6ba3be0bcf11dee,2026-02-02T13:10:15.527224,0.023202790730547908,2026-02-02T13:10:14.848328934Z,bellOnInvocation,2026-02-02 13:10:14.860344+00:00,2026-02-02 13:10:14.860532+00:00
2b4e0e3e2496a875f6ba3be0bcf11dee,2026-02-02T13:10:15.527224,0.023202790730547908,2026-02-02T13:10:14.848328934Z,gateDownInvocation,2026-02-02 13:10:14.858300+00:00,2026-02-02 13:10:14.858552+00:00
2b4e0e3e2496a875f6ba3be0bcf11dee,2026-02-02T13:10:15.527224,0.023202790730547908,2026-02-02T13:10:14.848328934Z,lightOnAction,2026-02-02 13:10:16.862600+00:00,2026-02-02 13:10:16.862651+00:00
2b4e0e3e2496a875f6ba3be0bcf11dee,2026-02-02T13:10:15.527224,0.023202790730547908,2026-02-02T13:10:14.848328934Z,lightOnInvocation,2026-02-02 13:10:14.858186+00:00,2026-02-02 13:10:14.858306+00:00
2b4e0e3e2496a875f6ba3be0bcf11dee,2026-02-02T13:10:15.527224,0.023202790730547908,2026-02-02T13:10:14.848328934Z,bellOnAction,2026-02-02 13:10:16.863278+00:00,2026-02-02 13:10:16.863320+00:00
2b4e0e3e2496a875f6ba3be0bcf11dee,2026-02-02T13:10:15.527224,0.023202790730547908,2026-02-02T13:10:14.848328934Z,lightOnAction,2026-02-02 13:10:16.859132+00:00,2026-02-02 13:10:16.859180+00:00
fc2c363b0f9aca859586e40d9c96e596,2026-02-02T13:14:43.780630,0.06807745992091895,2026-02-02T13:14:44.123362057Z,bellOffInvocation,2026-02-02 13:14:44.130582+00:00,2026-02-02 13:14:44.130643+00:00
fc2c363b0f9aca859586e40d9c96e596,2026-02-02T13:14:43.780630,0.06807745992091895,2026-02-02T13:14:44.123362057Z,gateUpInvocation,2026-02-02 13:14:44.132075+00:00,2026-02-02 13:14:44.132140+00:00
fc2c363b0f9aca859586e40d9c96e596,2026-02-02T13:14:43.780630,0.06807745992091895,2026-02-02T13:14:44.123362057Z,gateUpInvocation,2026-02-02 13:14:44.127718+00:00,2026-02-02 13:14:44.127779+00:00
fc2c363b0f9aca859586e40d9c96e596,2026-02-02T13:14:43.780630,0.06807745992091895,2026-02-02T13:14:44.123362057Z,lightOffInvocation,2026-02-02 13:14:44.128505+00:00,2026-02-02 13:14:44.128585+00:00
fc2c363b0f9aca859586e40d9c96e596,2026-02-02T13:14:43.780630,0.06807745992091895,2026-02-02T13:14:44.123362057Z,lightOffInvocation,2026-02-02 13:14:44.129298+00:00,2026-02-02 13:14:44.129359+00:00
fc2c363b0f9aca859586e40d9c96e596,2026-02-02T13:14:43.780630,0.06807745992091895,2026-02-02T13:14:44.123362057Z,bellOffInvocation,2026-02-02 13:14:44.134421+00:00,2026-02-02 13:14:44.134501+00:00
efd62a34ceea7876861fd4927b28f69b,2026-02-02T13:09:32.396482,0.016179488314020635,2026-02-02T13:09:32.704302811Z,gateUpInvocation,2026-02-02 13:09:32.712072+00:00,2026-02-02 13:09:32.712217+00:00
efd62a34ceea7876861fd4927b28f69b,2026-02-02T13:09:32.396482,0.016179488314020635,2026-02-02T13:09:32.704302811Z,gateUpInvocation,2026-02-02 13:09:32.713781+00:00,2026-02-02 13:09:32.713894+00:00
efd62a34ceea7876861fd4927b28f69b,2026-02-02T13:09:32.396482,0.016179488314020635,2026-02-02T13:09:32.704302811Z,lightOffInvocation,2026-02-02 13:09:32.712034+00:00,2026-02-02 13:09:32.712180+00:00
efd62a34ceea7876861fd4927b28f69b,2026-02-02T13:09:32.396482,0.016179488314020635,2026-02-02T13:09:32.704302811Z,lightOffInvocation,2026-02-02 13:09:32.713648+00:00,2026-02-02 13:09:32.713944+00:00
efd62a34ceea7876861fd4927b28f69b,2026-02-02T13:09:32.396482,0.016179488314020635,2026-02-02T13:09:32.704302811Z,bellOffInvocation,2026-02-02 13:09:32.717456+00:00,2026-02-02 13:09:32.717524+00:00
efd62a34ceea7876861fd4927b28f69b,2026-02-02T13:09:32.396482,0.016179488314020635,2026-02-02T13:09:32.704302811Z,bellOffInvocation,2026-02-02 13:09:32.715821+00:00,2026-02-02 13:09:32.715927+00:00
7af385b2bd6f2c6d0e21b8f4c0481f4e,2026-02-02T13:14:39.445687,0.06735523388624191,2026-02-02T13:14:39.7894752Z,gateUpInvocation,2026-02-02 13:14:39.792909+00:00,2026-02-02 13:14:39.792960+00:00
7af385b2bd6f2c6d0e21b8f4c0481f4e,2026-02-02T13:14:39.445687,0.06735523388624191,2026-02-02T13:14:39.7894752Z,gateUpInvocation,2026-02-02 13:14:39.794042+00:00,2026-02-02 13:14:39.794093+00:00
7af385b2bd6f2c6d0e21b8f4c0481f4e,2026-02-02T13:14:39.445687,0.06735523388624191,2026-02-02T13:14:39.7894752Z,bellOffInvocation,2026-02-02 13:14:39.794803+00:00,2026-02-02 13:14:39.794834+00:00
7af385b2bd6f2c6d0e21b8f4c0481f4e,2026-02-02T13:14:39.445687,0.06735523388624191,2026-02-02T13:14:39.7894752Z,bellOffInvocation,2026-02-02 13:14:39.794931+00:00,2026-02-02 13:14:39.794977+00:00
7af385b2bd6f2c6d0e21b8f4c0481f4e,2026-02-02T13:14:39.445687,0.06735523388624191,2026-02-02T13:14:39.7894752Z,lightOffInvocation,2026-02-02 13:14:39.792904+00:00,2026-02-02 13:14:39.792957+00:00
7af385b2bd6f2c6d0e21b8f4c0481f4e,2026-02-02T13:14:39.445687,0.06735523388624191,2026-02-02T13:14:39.7894752Z,lightOffInvocation,2026-02-02 13:14:39.794059+00:00,2026-02-02 13:14:39.794109+00:00
c58785ab788f1390eff9505dd40a2ed9,2026-02-02T13:12:46.718164,0.04856933309457303,2026-02-02T13:12:47.062903537Z,bellOffInvocation,2026-02-02 13:12:47.075064+00:00,2026-02-02 13:12:47.075160+00:00
c58785ab788f1390eff9505dd40a2ed9,2026-02-02T13:12:46.718164,0.04856933309457303,2026-02-02T13:12:47.062903537Z,bellOffInvocation,2026-02-02 13:12:47.073736+00:00,2026-02-02 13:12:47.073867+00:00
c58785ab788f1390eff9505dd40a2ed9,2026-02-02T13:12:46.718164,0.04856933309457303,2026-02-02T13:12:47.062903537Z,lightOffInvocation,2026-02-02 13:12:47.071494+00:00,2026-02-02 13:12:47.071640+00:00
c58785ab788f1390eff9505dd40a2ed9,2026-02-02T13:12:46.718164,0.04856933309457303,2026-02-02T13:12:47.062903537Z,lightOffInvocation,2026-02-02 13:12:47.071467+00:00,2026-02-02 13:12:47.071610+00:00
c58785ab788f1390eff9505dd40a2ed9,2026-02-02T13:12:46.718164,0.04856933309457303,2026-02-02T13:12:47.062903537Z,gateUpInvocation,2026-02-02 13:12:47.071130+00:00,2026-02-02 13:12:47.071271+00:00
c58785ab788f1390eff9505dd40a2ed9,2026-02-02T13:12:46.718164,0.04856933309457303,2026-02-02T13:12:47.062903537Z,gateUpInvocation,2026-02-02 13:12:47.072197+00:00,2026-02-02 13:12:47.072358+00:00
dfdaa2f28ee3a0a474fc53ecb492cc37,2026-02-02T13:15:48.945348,0.07893400389420986,2026-02-02T13:15:49.269167422Z,lightOffInvocation,2026-02-02 13:15:49.276030+00:00,2026-02-02 13:15:49.276125+00:00
dfdaa2f28ee3a0a474fc53ecb492cc37,2026-02-02T13:15:48.945348,0.07893400389420986,2026-02-02T13:15:49.269167422Z,bellOffInvocation,2026-02-02 13:15:49.277278+00:00,2026-02-02 13:15:49.277332+00:00
dfdaa2f28ee3a0a474fc53ecb492cc37,2026-02-02T13:15:48.945348,0.07893400389420986,2026-02-02T13:15:49.269167422Z,lightOffInvocation,2026-02-02 13:15:49.275833+00:00,2026-02-02 13:15:49.276031+00:00
dfdaa2f28ee3a0a474fc53ecb492cc37,2026-02-02T13:15:48.945348,0.07893400389420986,2026-02-02T13:15:49.269167422Z,bellOffInvocation,2026-02-02 13:15:49.278447+00:00,2026-02-02 13:15:49.278501+00:00
dfdaa2f28ee3a0a474fc53ecb492cc37,2026-02-02T13:15:48.945348,0.07893400389420986,2026-02-02T13:15:49.269167422Z,gateUpInvocation,2026-02-02 13:15:49.276129+00:00,2026-02-02 13:15:49.276199+00:00
dfdaa2f28ee3a0a474fc53ecb492cc37,2026-02-02T13:15:48.945348,0.07893400389420986,2026-02-02T13:15:49.269167422Z,gateUpInvocation,2026-02-02 13:15:49.276041+00:00,2026-02-02 13:15:49.276111+00:00
0dc54cec29e3aaa2b3d5330294481971,2026-02-02T13:14:22.105193,0.0642932057411194,2026-02-02T13:14:21.415639923Z,gateDownInvocation,2026-02-02 13:14:21.425494+00:00,2026-02-02 13:14:21.425700+00:00
0dc54cec29e3aaa2b3d5330294481971,2026-02-02T13:14:22.105193,0.0642932057411194,2026-02-02T13:14:21.415639923Z,gateDownAction,2026-02-02 13:14:23.427144+00:00,2026-02-02 13:14:23.427170+00:00
0dc54cec29e3aaa2b3d5330294481971,2026-02-02T13:14:22.105193,0.0642932057411194,2026-02-02T13:14:21.415639923Z,bellOnInvocation,2026-02-02 13:14:21.427255+00:00,2026-02-02 13:14:21.427394+00:00
0dc54cec29e3aaa2b3d5330294481971,2026-02-02T13:14:22.105193,0.0642932057411194,2026-02-02T13:14:21.415639923Z,lightOnInvocation,2026-02-02 13:14:21.425672+00:00,2026-02-02 13:14:21.425907+00:00
0dc54cec29e3aaa2b3d5330294481971,2026-02-02T13:14:22.105193,0.0642932057411194,2026-02-02T13:14:21.415639923Z,gateDownAction,2026-02-02 13:14:23.426449+00:00,2026-02-02 13:14:23.426476+00:00
0dc54cec29e3aaa2b3d5330294481971,2026-02-02T13:14:22.105193,0.0642932057411194,2026-02-02T13:14:21.415639923Z,bellOnAction,2026-02-02 13:14:23.429368+00:00,2026-02-02 13:14:23.429390+00:00
0dc54cec29e3aaa2b3d5330294481971,2026-02-02T13:14:22.105193,0.0642932057411194,2026-02-02T13:14:21.415639923Z,lightOnAction,2026-02-02 13:14:23.426285+00:00,2026-02-02 13:14:23.426314+00:00
0dc54cec29e3aaa2b3d5330294481971,2026-02-02T13:14:22.105193,0.0642932057411194,2026-02-02T13:14:21.415639923Z,lightOnInvocation,2026-02-02 13:14:21.425539+00:00,2026-02-02 13:14:21.425705+00:00
0dc54cec29e3aaa2b3d5330294481971,2026-02-02T13:14:22.105193,0.0642932057411194,2026-02-02T13:14:21.415639923Z,bellOnAction,2026-02-02 13:14:23.428683+00:00,2026-02-02 13:14:23.428705+00:00
0dc54cec29e3aaa2b3d5330294481971,2026-02-02T13:14:22.105193,0.0642932057411194,2026-02-02T13:14:21.415639923Z,bellOnInvocation,2026-02-02 13:14:21.428832+00:00,2026-02-02 13:14:21.428988+00:00
0dc54cec29e3aaa2b3d5330294481971,2026-02-02T13:14:22.105193,0.0642932057411194,2026-02-02T13:14:21.415639923Z,gateDownInvocation,2026-02-02 13:14:21.424886+00:00,2026-02-02 13:14:21.425162+00:00
0dc54cec29e3aaa2b3d5330294481971,2026-02-02T13:14:22.105193,0.0642932057411194,2026-02-02T13:14:21.415639923Z,lightOnAction,2026-02-02 13:14:23.426930+00:00,2026-02-02 13:14:23.426954+00:00
9a34f7b92a226797607997da2c70676e,2026-02-02T13:15:35.865741,0.07675752554146052,2026-02-02T13:15:36.208937801Z,gateUpInvocation,2026-02-02 13:15:36.217007+00:00,2026-02-02 13:15:36.217144+00:00
9a34f7b92a226797607997da2c70676e,2026-02-02T13:15:35.865741,0.07675752554146052,2026-02-02T13:15:36.208937801Z,lightOffInvocation,2026-02-02 13:15:36.216701+00:00,2026-02-02 13:15:36.216856+00:00
9a34f7b92a226797607997da2c70676e,2026-02-02T13:15:35.865741,0.07675752554146052,2026-02-02T13:15:36.208937801Z,bellOffInvocation,2026-02-02 13:15:36.220436+00:00,2026-02-02 13:15:36.220486+00:00
9a34f7b92a226797607997da2c70676e,2026-02-02T13:15:35.865741,0.07675752554146052,2026-02-02T13:15:36.208937801Z,bellOffInvocation,2026-02-02 13:15:36.218521+00:00,2026-02-02 13:15:36.218592+00:00
9a34f7b92a226797607997da2c70676e,2026-02-02T13:15:35.865741,0.07675752554146052,2026-02-02T13:15:36.208937801Z,lightOffInvocation,2026-02-02 13:15:36.217736+00:00,2026-02-02 13:15:36.217924+00:00
9a34f7b92a226797607997da2c70676e,2026-02-02T13:15:35.865741,0.07675752554146052,2026-02-02T13:15:36.208937801Z,gateUpInvocation,2026-02-02 13:15:36.216570+00:00,2026-02-02 13:15:36.216726+00:00
0d966142390a862b6d03077b13706aec,2026-02-02T13:13:08.409582,0.052181475650942326,2026-02-02T13:13:08.737896543Z,bellOffInvocation,2026-02-02 13:13:08.749497+00:00,2026-02-02 13:13:08.749544+00:00
0d966142390a862b6d03077b13706aec,2026-02-02T13:13:08.409582,0.052181475650942326,2026-02-02T13:13:08.737896543Z,bellOffInvocation,2026-02-02 13:13:08.746220+00:00,2026-02-02 13:13:08.746307+00:00
0d966142390a862b6d03077b13706aec,2026-02-02T13:13:08.409582,0.052181475650942326,2026-02-02T13:13:08.737896543Z,gateUpInvocation,2026-02-02 13:13:08.744638+00:00,2026-02-02 13:13:08.744748+00:00
0d966142390a862b6d03077b13706aec,2026-02-02T13:13:08.409582,0.052181475650942326,2026-02-02T13:13:08.737896543Z,lightOffInvocation,2026-02-02 13:13:08.746224+00:00,2026-02-02 13:13:08.746335+00:00
0d966142390a862b6d03077b13706aec,2026-02-02T13:13:08.409582,0.052181475650942326,2026-02-02T13:13:08.737896543Z,lightOffInvocation,2026-02-02 13:13:08.744675+00:00,2026-02-02 13:13:08.744756+00:00
0d966142390a862b6d03077b13706aec,2026-02-02T13:13:08.409582,0.052181475650942326,2026-02-02T13:13:08.737896543Z,gateUpInvocation,2026-02-02 13:13:08.747097+00:00,2026-02-02 13:13:08.747193+00:00
ef590ba8cdf4ed2a1f565ffa619ad029,2026-02-02T13:10:41.400929,0.027512210676622396,2026-02-02T13:10:40.707492643Z,gateDownAction,2026-02-02 13:10:42.716783+00:00,2026-02-02 13:10:42.716965+00:00
ef590ba8cdf4ed2a1f565ffa619ad029,2026-02-02T13:10:41.400929,0.027512210676622396,2026-02-02T13:10:40.707492643Z,gateDownInvocation,2026-02-02 13:10:40.715805+00:00,2026-02-02 13:10:40.715917+00:00
ef590ba8cdf4ed2a1f565ffa619ad029,2026-02-02T13:10:41.400929,0.027512210676622396,2026-02-02T13:10:40.707492643Z,gateDownAction,2026-02-02 13:10:42.714633+00:00,2026-02-02 13:10:42.714725+00:00
ef590ba8cdf4ed2a1f565ffa619ad029,2026-02-02T13:10:41.400929,0.027512210676622396,2026-02-02T13:10:40.707492643Z,lightOnInvocation,2026-02-02 13:10:40.714372+00:00,2026-02-02 13:10:40.714434+00:00
ef590ba8cdf4ed2a1f565ffa619ad029,2026-02-02T13:10:41.400929,0.027512210676622396,2026-02-02T13:10:40.707492643Z,gateDownInvocation,2026-02-02 13:10:40.714485+00:00,2026-02-02 13:10:40.714552+00:00
ef590ba8cdf4ed2a1f565ffa619ad029,2026-02-02T13:10:41.400929,0.027512210676622396,2026-02-02T13:10:40.707492643Z,bellOnAction,2026-02-02 13:10:42.717815+00:00,2026-02-02 13:10:42.717877+00:00
ef590ba8cdf4ed2a1f565ffa619ad029,2026-02-02T13:10:41.400929,0.027512210676622396,2026-02-02T13:10:40.707492643Z,bellOnInvocation,2026-02-02 13:10:40.717395+00:00,2026-02-02 13:10:40.717470+00:00
ef590ba8cdf4ed2a1f565ffa619ad029,2026-02-02T13:10:41.400929,0.027512210676622396,2026-02-02T13:10:40.707492643Z,lightOnInvocation,2026-02-02 13:10:40.714637+00:00,2026-02-02 13:10:40.714723+00:00
ef590ba8cdf4ed2a1f565ffa619ad029,2026-02-02T13:10:41.400929,0.027512210676622396,2026-02-02T13:10:40.707492643Z,bellOnInvocation,2026-02-02 13:10:40.715491+00:00,2026-02-02 13:10:40.715561+00:00
ef590ba8cdf4ed2a1f565ffa619ad029,2026-02-02T13:10:41.400929,0.027512210676622396,2026-02-02T13:10:40.707492643Z,lightOnAction,2026-02-02 13:10:42.716275+00:00,2026-02-02 13:10:42.716357+00:00
ef590ba8cdf4ed2a1f565ffa619ad029,2026-02-02T13:10:41.400929,0.027512210676622396,2026-02-02T13:10:40.707492643Z,bellOnAction,2026-02-02 13:10:42.715537+00:00,2026-02-02 13:10:42.715612+00:00
ef590ba8cdf4ed2a1f565ffa619ad029,2026-02-02T13:10:41.400929,0.027512210676622396,2026-02-02T13:10:40.707492643Z,lightOnAction,2026-02-02 13:10:42.714858+00:00,2026-02-02 13:10:42.715036+00:00
71d4502f3c544572175a36b9c62f8cdc,2026-02-02T13:11:41.847687,0.03775731780147553,2026-02-02T13:11:42.184319035Z,lightOffInvocation,2026-02-02 13:11:42.192586+00:00,2026-02-02 13:11:42.192741+00:00
71d4502f3c544572175a36b9c62f8cdc,2026-02-02T13:11:41.847687,0.03775731780147553,2026-02-02T13:11:42.184319035Z,bellOffInvocation,2026-02-02 13:11:42.198796+00:00,2026-02-02 13:11:42.198968+00:00
71d4502f3c544572175a36b9c62f8cdc,2026-02-02T13:11:41.847687,0.03775731780147553,2026-02-02T13:11:42.184319035Z,lightOffInvocation,2026-02-02 13:11:42.194106+00:00,2026-02-02 13:11:42.194238+00:00
71d4502f3c544572175a36b9c62f8cdc,2026-02-02T13:11:41.847687,0.03775731780147553,2026-02-02T13:11:42.184319035Z,gateUpInvocation,2026-02-02 13:11:42.194279+00:00,2026-02-02 13:11:42.194428+00:00
71d4502f3c544572175a36b9c62f8cdc,2026-02-02T13:11:41.847687,0.03775731780147553,2026-02-02T13:11:42.184319035Z,gateUpInvocation,2026-02-02 13:11:42.192569+00:00,2026-02-02 13:11:42.192707+00:00
71d4502f3c544572175a36b9c62f8cdc,2026-02-02T13:11:41.847687,0.03775731780147553,2026-02-02T13:11:42.184319035Z,bellOffInvocation,2026-02-02 13:11:42.198181+00:00,2026-02-02 13:11:42.198318+00:00
3f4e58d0ad63accc52bd8dede61042da,2026-02-02T13:11:46.177880,0.038473000496602065,2026-02-02T13:11:46.478789165Z,bellOffInvocation,2026-02-02 13:11:46.491237+00:00,2026-02-02 13:11:46.491388+00:00
3f4e58d0ad63accc52bd8dede61042da,2026-02-02T13:11:46.177880,0.038473000496602065,2026-02-02T13:11:46.478789165Z,lightOffInvocation,2026-02-02 13:11:46.489507+00:00,2026-02-02 13:11:46.489647+00:00
3f4e58d0ad63accc52bd8dede61042da,2026-02-02T13:11:46.177880,0.038473000496602065,2026-02-02T13:11:46.478789165Z,gateUpInvocation,2026-02-02 13:11:46.487509+00:00,2026-02-02 13:11:46.487647+00:00
3f4e58d0ad63accc52bd8dede61042da,2026-02-02T13:11:46.177880,0.038473000496602065,2026-02-02T13:11:46.478789165Z,bellOffInvocation,2026-02-02 13:11:46.490485+00:00,2026-02-02 13:11:46.491014+00:00
3f4e58d0ad63accc52bd8dede61042da,2026-02-02T13:11:46.177880,0.038473000496602065,2026-02-02T13:11:46.478789165Z,lightOffInvocation,2026-02-02 13:11:46.487504+00:00,2026-02-02 13:11:46.487647+00:00
3f4e58d0ad63accc52bd8dede61042da,2026-02-02T13:11:46.177880,0.038473000496602065,2026-02-02T13:11:46.478789165Z,gateUpInvocation,2026-02-02 13:11:46.487498+00:00,2026-02-02 13:11:46.487641+00:00
3d505b7a74582c4ad186b2e88f17a148,2026-02-02T13:12:42.390090,0.04784259182384015,2026-02-02T13:12:42.70195104Z,bellOffInvocation,2026-02-02 13:12:42.710628+00:00,2026-02-02 13:12:42.710714+00:00
3d505b7a74582c4ad186b2e88f17a148,2026-02-02T13:12:42.390090,0.04784259182384015,2026-02-02T13:12:42.70195104Z,bellOffInvocation,2026-02-02 13:12:42.710246+00:00,2026-02-02 13:12:42.710390+00:00
3d505b7a74582c4ad186b2e88f17a148,2026-02-02T13:12:42.390090,0.04784259182384015,2026-02-02T13:12:42.70195104Z,gateUpInvocation,2026-02-02 13:12:42.708564+00:00,2026-02-02 13:12:42.708607+00:00
3d505b7a74582c4ad186b2e88f17a148,2026-02-02T13:12:42.390090,0.04784259182384015,2026-02-02T13:12:42.70195104Z,gateUpInvocation,2026-02-02 13:12:42.708310+00:00,2026-02-02 13:12:42.708365+00:00
3d505b7a74582c4ad186b2e88f17a148,2026-02-02T13:12:42.390090,0.04784259182384015,2026-02-02T13:12:42.70195104Z,lightOffInvocation,2026-02-02 13:12:42.708548+00:00,2026-02-02 13:12:42.708660+00:00
3d505b7a74582c4ad186b2e88f17a148,2026-02-02T13:12:42.390090,0.04784259182384015,2026-02-02T13:12:42.70195104Z,lightOffInvocation,2026-02-02 13:12:42.708263+00:00,2026-02-02 13:12:42.708310+00:00
400d767482cd9e11b7b426fa4002f197,2026-02-02T13:17:33.164701,0.09630343137780428,2026-02-02T13:17:33.496193668Z,gateUpInvocation,2026-02-02 13:17:33.502590+00:00,2026-02-02 13:17:33.502656+00:00
400d767482cd9e11b7b426fa4002f197,2026-02-02T13:17:33.164701,0.09630343137780428,2026-02-02T13:17:33.496193668Z,bellOffInvocation,2026-02-02 13:17:33.503599+00:00,2026-02-02 13:17:33.503675+00:00
400d767482cd9e11b7b426fa4002f197,2026-02-02T13:17:33.164701,0.09630343137780428,2026-02-02T13:17:33.496193668Z,lightOffInvocation,2026-02-02 13:17:33.502671+00:00,2026-02-02 13:17:33.502721+00:00
400d767482cd9e11b7b426fa4002f197,2026-02-02T13:17:33.164701,0.09630343137780428,2026-02-02T13:17:33.496193668Z,lightOffInvocation,2026-02-02 13:17:33.502550+00:00,2026-02-02 13:17:33.502611+00:00
400d767482cd9e11b7b426fa4002f197,2026-02-02T13:17:33.164701,0.09630343137780428,2026-02-02T13:17:33.496193668Z,bellOffInvocation,2026-02-02 13:17:33.503299+00:00,2026-02-02 13:17:33.503320+00:00
400d767482cd9e11b7b426fa4002f197,2026-02-02T13:17:33.164701,0.09630343137780428,2026-02-02T13:17:33.496193668Z,gateUpInvocation,2026-02-02 13:17:33.502712+00:00,2026-02-02 13:17:33.502743+00:00
151343601cc951956b62d6f8d33ddedc,2026-02-02T13:13:47.398154,0.05867697279466391,2026-02-02T13:13:47.714662036Z,gateUpInvocation,2026-02-02 13:13:47.718768+00:00,2026-02-02 13:13:47.718835+00:00
151343601cc951956b62d6f8d33ddedc,2026-02-02T13:13:47.398154,0.05867697279466391,2026-02-02T13:13:47.714662036Z,lightOffInvocation,2026-02-02 13:13:47.718713+00:00,2026-02-02 13:13:47.718766+00:00
151343601cc951956b62d6f8d33ddedc,2026-02-02T13:13:47.398154,0.05867697279466391,2026-02-02T13:13:47.714662036Z,gateUpInvocation,2026-02-02 13:13:47.718630+00:00,2026-02-02 13:13:47.718695+00:00
151343601cc951956b62d6f8d33ddedc,2026-02-02T13:13:47.398154,0.05867697279466391,2026-02-02T13:13:47.714662036Z,bellOffInvocation,2026-02-02 13:13:47.719691+00:00,2026-02-02 13:13:47.719739+00:00
151343601cc951956b62d6f8d33ddedc,2026-02-02T13:13:47.398154,0.05867697279466391,2026-02-02T13:13:47.714662036Z,bellOffInvocation,2026-02-02 13:13:47.720069+00:00,2026-02-02 13:13:47.720137+00:00
151343601cc951956b62d6f8d33ddedc,2026-02-02T13:13:47.398154,0.05867697279466391,2026-02-02T13:13:47.714662036Z,lightOffInvocation,2026-02-02 13:13:47.718632+00:00,2026-02-02 13:13:47.718688+00:00
21d315610c939ec703d3c2a3ae6fcb1a,2026-02-02T13:15:22.837037,0.07458798856800795,2026-02-02T13:15:23.190401256Z,gateUpInvocation,2026-02-02 13:15:23.198203+00:00,2026-02-02 13:15:23.198357+00:00
21d315610c939ec703d3c2a3ae6fcb1a,2026-02-02T13:15:22.837037,0.07458798856800795,2026-02-02T13:15:23.190401256Z,bellOffInvocation,2026-02-02 13:15:23.200690+00:00,2026-02-02 13:15:23.200765+00:00
21d315610c939ec703d3c2a3ae6fcb1a,2026-02-02T13:15:22.837037,0.07458798856800795,2026-02-02T13:15:23.190401256Z,lightOffInvocation,2026-02-02 13:15:23.197166+00:00,2026-02-02 13:15:23.197309+00:00
21d315610c939ec703d3c2a3ae6fcb1a,2026-02-02T13:15:22.837037,0.07458798856800795,2026-02-02T13:15:23.190401256Z,gateUpInvocation,2026-02-02 13:15:23.197543+00:00,2026-02-02 13:15:23.197635+00:00
21d315610c939ec703d3c2a3ae6fcb1a,2026-02-02T13:15:22.837037,0.07458798856800795,2026-02-02T13:15:23.190401256Z,bellOffInvocation,2026-02-02 13:15:23.197581+00:00,2026-02-02 13:15:23.197672+00:00
21d315610c939ec703d3c2a3ae6fcb1a,2026-02-02T13:15:22.837037,0.07458798856800795,2026-02-02T13:15:23.190401256Z,lightOffInvocation,2026-02-02 13:15:23.199240+00:00,2026-02-02 13:15:23.199323+00:00
08764e63f63b3c3d2957faf51ea193e7,2026-02-02T13:09:49.645560,0.019054013038432602,2026-02-02T13:09:49.953094868Z,lightOffInvocation,2026-02-02 13:09:49.959595+00:00,2026-02-02 13:09:49.959677+00:00
08764e63f63b3c3d2957faf51ea193e7,2026-02-02T13:09:49.645560,0.019054013038432602,2026-02-02T13:09:49.953094868Z,bellOffInvocation,2026-02-02 13:09:49.961459+00:00,2026-02-02 13:09:49.961504+00:00
08764e63f63b3c3d2957faf51ea193e7,2026-02-02T13:09:49.645560,0.019054013038432602,2026-02-02T13:09:49.953094868Z,gateUpInvocation,2026-02-02 13:09:49.959324+00:00,2026-02-02 13:09:49.959381+00:00
08764e63f63b3c3d2957faf51ea193e7,2026-02-02T13:09:49.645560,0.019054013038432602,2026-02-02T13:09:49.953094868Z,gateUpInvocation,2026-02-02 13:09:49.959396+00:00,2026-02-02 13:09:49.959471+00:00
08764e63f63b3c3d2957faf51ea193e7,2026-02-02T13:09:49.645560,0.019054013038432602,2026-02-02T13:09:49.953094868Z,lightOffInvocation,2026-02-02 13:09:49.959259+00:00,2026-02-02 13:09:49.959335+00:00
08764e63f63b3c3d2957faf51ea193e7,2026-02-02T13:09:49.645560,0.019054013038432602,2026-02-02T13:09:49.953094868Z,bellOffInvocation,2026-02-02 13:09:49.960484+00:00,2026-02-02 13:09:49.960555+00:00
0b6a17c8bc7646f4675abe23aa96cc43,2026-02-02T13:17:24.483985,0.09486749361622333,2026-02-02T13:17:24.879497426Z,lightOffInvocation,2026-02-02 13:17:24.884039+00:00,2026-02-02 13:17:24.884082+00:00
0b6a17c8bc7646f4675abe23aa96cc43,2026-02-02T13:17:24.483985,0.09486749361622333,2026-02-02T13:17:24.879497426Z,gateUpInvocation,2026-02-02 13:17:24.883711+00:00,2026-02-02 13:17:24.883748+00:00
0b6a17c8bc7646f4675abe23aa96cc43,2026-02-02T13:17:24.483985,0.09486749361622333,2026-02-02T13:17:24.879497426Z,lightOffInvocation,2026-02-02 13:17:24.883737+00:00,2026-02-02 13:17:24.883778+00:00
0b6a17c8bc7646f4675abe23aa96cc43,2026-02-02T13:17:24.483985,0.09486749361622333,2026-02-02T13:17:24.879497426Z,bellOffInvocation,2026-02-02 13:17:24.885649+00:00,2026-02-02 13:17:24.885676+00:00
0b6a17c8bc7646f4675abe23aa96cc43,2026-02-02T13:17:24.483985,0.09486749361622333,2026-02-02T13:17:24.879497426Z,bellOffInvocation,2026-02-02 13:17:24.883687+00:00,2026-02-02 13:17:24.883716+00:00
0b6a17c8bc7646f4675abe23aa96cc43,2026-02-02T13:17:24.483985,0.09486749361622333,2026-02-02T13:17:24.879497426Z,gateUpInvocation,2026-02-02 13:17:24.884410+00:00,2026-02-02 13:17:24.884442+00:00
8729d1e9d197413f37bc9a218fdd1701,2026-02-02T13:08:36.403651,0.006847091413152218,2026-02-02T13:08:36.704319991Z,bellOffInvocation,2026-02-02 13:08:36.721963+00:00,2026-02-02 13:08:36.722105+00:00
8729d1e9d197413f37bc9a218fdd1701,2026-02-02T13:08:36.403651,0.006847091413152218,2026-02-02T13:08:36.704319991Z,lightOffInvocation,2026-02-02 13:08:36.718517+00:00,2026-02-02 13:08:36.718647+00:00
8729d1e9d197413f37bc9a218fdd1701,2026-02-02T13:08:36.403651,0.006847091413152218,2026-02-02T13:08:36.704319991Z,lightOffInvocation,2026-02-02 13:08:36.716564+00:00,2026-02-02 13:08:36.716707+00:00
8729d1e9d197413f37bc9a218fdd1701,2026-02-02T13:08:36.403651,0.006847091413152218,2026-02-02T13:08:36.704319991Z,bellOffInvocation,2026-02-02 13:08:36.725463+00:00,2026-02-02 13:08:36.725576+00:00
8729d1e9d197413f37bc9a218fdd1701,2026-02-02T13:08:36.403651,0.006847091413152218,2026-02-02T13:08:36.704319991Z,gateUpInvocation,2026-02-02 13:08:36.717583+00:00,2026-02-02 13:08:36.717745+00:00
8729d1e9d197413f37bc9a218fdd1701,2026-02-02T13:08:36.403651,0.006847091413152218,2026-02-02T13:08:36.704319991Z,gateUpInvocation,2026-02-02 13:08:36.716509+00:00,2026-02-02 13:08:36.716653+00:00
27800c8e19ef72ff579b3ca9481881bf,2026-02-02T13:08:10.581968,0.0025444134291768075,2026-02-02T13:08:10.885668258Z,bellOffInvocation,2026-02-02 13:08:10.898208+00:00,2026-02-02 13:08:10.898279+00:00
27800c8e19ef72ff579b3ca9481881bf,2026-02-02T13:08:10.581968,0.0025444134291768075,2026-02-02T13:08:10.885668258Z,bellOffInvocation,2026-02-02 13:08:10.894842+00:00,2026-02-02 13:08:10.894881+00:00
27800c8e19ef72ff579b3ca9481881bf,2026-02-02T13:08:10.581968,0.0025444134291768075,2026-02-02T13:08:10.885668258Z,gateUpInvocation,2026-02-02 13:08:10.893457+00:00,2026-02-02 13:08:10.893499+00:00
27800c8e19ef72ff579b3ca9481881bf,2026-02-02T13:08:10.581968,0.0025444134291768075,2026-02-02T13:08:10.885668258Z,lightOffInvocation,2026-02-02 13:08:10.892681+00:00,2026-02-02 13:08:10.892720+00:00
27800c8e19ef72ff579b3ca9481881bf,2026-02-02T13:08:10.581968,0.0025444134291768075,2026-02-02T13:08:10.885668258Z,gateUpInvocation,2026-02-02 13:08:10.892029+00:00,2026-02-02 13:08:10.892090+00:00
27800c8e19ef72ff579b3ca9481881bf,2026-02-02T13:08:10.581968,0.0025444134291768075,2026-02-02T13:08:10.885668258Z,lightOffInvocation,2026-02-02 13:08:10.895963+00:00,2026-02-02 13:08:10.896001+00:00
7e38f481f40091c90a8e0b932eab1e1b,2026-02-02T13:12:03.453666,0.04135720655049086,2026-02-02T13:12:03.785760532Z,gateUpInvocation,2026-02-02 13:12:03.793618+00:00,2026-02-02 13:12:03.793754+00:00
7e38f481f40091c90a8e0b932eab1e1b,2026-02-02T13:12:03.453666,0.04135720655049086,2026-02-02T13:12:03.785760532Z,bellOffInvocation,2026-02-02 13:12:03.796127+00:00,2026-02-02 13:12:03.796258+00:00
7e38f481f40091c90a8e0b932eab1e1b,2026-02-02T13:12:03.453666,0.04135720655049086,2026-02-02T13:12:03.785760532Z,bellOffInvocation,2026-02-02 13:12:03.795678+00:00,2026-02-02 13:12:03.795806+00:00
7e38f481f40091c90a8e0b932eab1e1b,2026-02-02T13:12:03.453666,0.04135720655049086,2026-02-02T13:12:03.785760532Z,gateUpInvocation,2026-02-02 13:12:03.793192+00:00,2026-02-02 13:12:03.793348+00:00
7e38f481f40091c90a8e0b932eab1e1b,2026-02-02T13:12:03.453666,0.04135720655049086,2026-02-02T13:12:03.785760532Z,lightOffInvocation,2026-02-02 13:12:03.793180+00:00,2026-02-02 13:12:03.793316+00:00
7e38f481f40091c90a8e0b932eab1e1b,2026-02-02T13:12:03.453666,0.04135720655049086,2026-02-02T13:12:03.785760532Z,lightOffInvocation,2026-02-02 13:12:03.793763+00:00,2026-02-02 13:12:03.793940+00:00
de81d29c12550a09929bec959f7fceb3,2026-02-02T13:17:54.930428,0.0999291836513281,2026-02-02T13:17:55.252654959Z,lightOffInvocation,2026-02-02 13:17:55.255137+00:00,2026-02-02 13:17:55.255195+00:00
de81d29c12550a09929bec959f7fceb3,2026-02-02T13:17:54.930428,0.0999291836513281,2026-02-02T13:17:55.252654959Z,gateUpInvocation,2026-02-02 13:17:55.255132+00:00,2026-02-02 13:17:55.255195+00:00
de81d29c12550a09929bec959f7fceb3,2026-02-02T13:17:54.930428,0.0999291836513281,2026-02-02T13:17:55.252654959Z,gateUpInvocation,2026-02-02 13:17:55.255625+00:00,2026-02-02 13:17:55.255697+00:00
de81d29c12550a09929bec959f7fceb3,2026-02-02T13:17:54.930428,0.0999291836513281,2026-02-02T13:17:55.252654959Z,bellOffInvocation,2026-02-02 13:17:55.258312+00:00,2026-02-02 13:17:55.258355+00:00
de81d29c12550a09929bec959f7fceb3,2026-02-02T13:17:54.930428,0.0999291836513281,2026-02-02T13:17:55.252654959Z,bellOffInvocation,2026-02-02 13:17:55.257286+00:00,2026-02-02 13:17:55.257352+00:00
de81d29c12550a09929bec959f7fceb3,2026-02-02T13:17:54.930428,0.0999291836513281,2026-02-02T13:17:55.252654959Z,lightOffInvocation,2026-02-02 13:17:55.255617+00:00,2026-02-02 13:17:55.255691+00:00
17612cdf221c600f514bd5a12ca600eb,2026-02-02T13:15:27.168436,0.0753118770881176,2026-02-02T13:15:27.534219322Z,gateUpInvocation,2026-02-02 13:15:27.541385+00:00,2026-02-02 13:15:27.541550+00:00
17612cdf221c600f514bd5a12ca600eb,2026-02-02T13:15:27.168436,0.0753118770881176,2026-02-02T13:15:27.534219322Z,lightOffInvocation,2026-02-02 13:15:27.541797+00:00,2026-02-02 13:15:27.541994+00:00
17612cdf221c600f514bd5a12ca600eb,2026-02-02T13:15:27.168436,0.0753118770881176,2026-02-02T13:15:27.534219322Z,bellOffInvocation,2026-02-02 13:15:27.544335+00:00,2026-02-02 13:15:27.544440+00:00
17612cdf221c600f514bd5a12ca600eb,2026-02-02T13:15:27.168436,0.0753118770881176,2026-02-02T13:15:27.534219322Z,gateUpInvocation,2026-02-02 13:15:27.540706+00:00,2026-02-02 13:15:27.540808+00:00
17612cdf221c600f514bd5a12ca600eb,2026-02-02T13:15:27.168436,0.0753118770881176,2026-02-02T13:15:27.534219322Z,bellOffInvocation,2026-02-02 13:15:27.546017+00:00,2026-02-02 13:15:27.546107+00:00
17612cdf221c600f514bd5a12ca600eb,2026-02-02T13:15:27.168436,0.0753118770881176,2026-02-02T13:15:27.534219322Z,lightOffInvocation,2026-02-02 13:15:27.540687+00:00,2026-02-02 13:15:27.540832+00:00
5901f58ba3d94624e22751f5c1d6f667,2026-02-02T13:14:48.137932,0.06879739359153508,2026-02-02T13:14:48.443513811Z,bellOffInvocation,2026-02-02 13:14:48.465171+00:00,2026-02-02 13:14:48.465420+00:00
5901f58ba3d94624e22751f5c1d6f667,2026-02-02T13:14:48.137932,0.06879739359153508,2026-02-02T13:14:48.443513811Z,lightOffInvocation,2026-02-02 13:14:48.458497+00:00,2026-02-02 13:14:48.458840+00:00
5901f58ba3d94624e22751f5c1d6f667,2026-02-02T13:14:48.137932,0.06879739359153508,2026-02-02T13:14:48.443513811Z,bellOffInvocation,2026-02-02 13:14:48.466135+00:00,2026-02-02 13:14:48.466343+00:00
5901f58ba3d94624e22751f5c1d6f667,2026-02-02T13:14:48.137932,0.06879739359153508,2026-02-02T13:14:48.443513811Z,gateUpInvocation,2026-02-02 13:14:48.454671+00:00,2026-02-02 13:14:48.454917+00:00
5901f58ba3d94624e22751f5c1d6f667,2026-02-02T13:14:48.137932,0.06879739359153508,2026-02-02T13:14:48.443513811Z,gateUpInvocation,2026-02-02 13:14:48.458050+00:00,2026-02-02 13:14:48.458098+00:00
5901f58ba3d94624e22751f5c1d6f667,2026-02-02T13:14:48.137932,0.06879739359153508,2026-02-02T13:14:48.443513811Z,lightOffInvocation,2026-02-02 13:14:48.454394+00:00,2026-02-02 13:14:48.454536+00:00
a41ac0f8aa9e1968a50e5fd80972bb9d,2026-02-02T13:14:17.748900,0.06373771405844689,2026-02-02T13:14:18.082497876Z,bellOffInvocation,2026-02-02 13:14:18.100841+00:00,2026-02-02 13:14:18.101005+00:00
a41ac0f8aa9e1968a50e5fd80972bb9d,2026-02-02T13:14:17.748900,0.06373771405844689,2026-02-02T13:14:18.082497876Z,lightOffInvocation,2026-02-02 13:14:18.095657+00:00,2026-02-02 13:14:18.095744+00:00
a41ac0f8aa9e1968a50e5fd80972bb9d,2026-02-02T13:14:17.748900,0.06373771405844689,2026-02-02T13:14:18.082497876Z,lightOffInvocation,2026-02-02 13:14:18.092805+00:00,2026-02-02 13:14:18.092995+00:00
a41ac0f8aa9e1968a50e5fd80972bb9d,2026-02-02T13:14:17.748900,0.06373771405844689,2026-02-02T13:14:18.082497876Z,gateUpInvocation,2026-02-02 13:14:18.092821+00:00,2026-02-02 13:14:18.092995+00:00
a41ac0f8aa9e1968a50e5fd80972bb9d,2026-02-02T13:14:17.748900,0.06373771405844689,2026-02-02T13:14:18.082497876Z,bellOffInvocation,2026-02-02 13:14:18.097465+00:00,2026-02-02 13:14:18.097592+00:00
a41ac0f8aa9e1968a50e5fd80972bb9d,2026-02-02T13:14:17.748900,0.06373771405844689,2026-02-02T13:14:18.082497876Z,gateUpInvocation,2026-02-02 13:14:18.095692+00:00,2026-02-02 13:14:18.095788+00:00
d9df664eae4711e5c5e35f79ce013587,2026-02-02T13:14:26.443804,0.06518278937110901,2026-02-02T13:14:26.75370836Z,bellOffInvocation,2026-02-02 13:14:26.782462+00:00,2026-02-02 13:14:26.782595+00:00
d9df664eae4711e5c5e35f79ce013587,2026-02-02T13:14:26.443804,0.06518278937110901,2026-02-02T13:14:26.75370836Z,gateUpInvocation,2026-02-02 13:14:26.776708+00:00,2026-02-02 13:14:26.776753+00:00
d9df664eae4711e5c5e35f79ce013587,2026-02-02T13:14:26.443804,0.06518278937110901,2026-02-02T13:14:26.75370836Z,bellOffInvocation,2026-02-02 13:14:26.777725+00:00,2026-02-02 13:14:26.777789+00:00
d9df664eae4711e5c5e35f79ce013587,2026-02-02T13:14:26.443804,0.06518278937110901,2026-02-02T13:14:26.75370836Z,gateUpInvocation,2026-02-02 13:14:26.772341+00:00,2026-02-02 13:14:26.772559+00:00
d9df664eae4711e5c5e35f79ce013587,2026-02-02T13:14:26.443804,0.06518278937110901,2026-02-02T13:14:26.75370836Z,lightOffInvocation,2026-02-02 13:14:26.776263+00:00,2026-02-02 13:14:26.776309+00:00
d9df664eae4711e5c5e35f79ce013587,2026-02-02T13:14:26.443804,0.06518278937110901,2026-02-02T13:14:26.75370836Z,lightOffInvocation,2026-02-02 13:14:26.773193+00:00,2026-02-02 13:14:26.773464+00:00
5a095f430f93e164554674d6c97b1447,2026-02-02T13:16:10.603807,0.08254689111627342,2026-02-02T13:16:10.94859929Z,bellOffInvocation,2026-02-02 13:16:10.959403+00:00,2026-02-02 13:16:10.959489+00:00
5a095f430f93e164554674d6c97b1447,2026-02-02T13:16:10.603807,0.08254689111627342,2026-02-02T13:16:10.94859929Z,gateUpInvocation,2026-02-02 13:16:10.954976+00:00,2026-02-02 13:16:10.955121+00:00
5a095f430f93e164554674d6c97b1447,2026-02-02T13:16:10.603807,0.08254689111627342,2026-02-02T13:16:10.94859929Z,lightOffInvocation,2026-02-02 13:16:10.955546+00:00,2026-02-02 13:16:10.955637+00:00
5a095f430f93e164554674d6c97b1447,2026-02-02T13:16:10.603807,0.08254689111627342,2026-02-02T13:16:10.94859929Z,gateUpInvocation,2026-02-02 13:16:10.955569+00:00,2026-02-02 13:16:10.955696+00:00
5a095f430f93e164554674d6c97b1447,2026-02-02T13:16:10.603807,0.08254689111627342,2026-02-02T13:16:10.94859929Z,lightOffInvocation,2026-02-02 13:16:10.954990+00:00,2026-02-02 13:16:10.955160+00:00
5a095f430f93e164554674d6c97b1447,2026-02-02T13:16:10.603807,0.08254689111627342,2026-02-02T13:16:10.94859929Z,bellOffInvocation,2026-02-02 13:16:10.957701+00:00,2026-02-02 13:16:10.957824+00:00
dfc3fcc7a7f0cd4af7d9dfd82ea829a4,2026-02-02T13:13:30.086731,0.055624754632711416,2026-02-02T13:13:29.399636039Z,bellOnAction,2026-02-02 13:13:31.408420+00:00,2026-02-02 13:13:31.408518+00:00
dfc3fcc7a7f0cd4af7d9dfd82ea829a4,2026-02-02T13:13:30.086731,0.055624754632711416,2026-02-02T13:13:29.399636039Z,lightOnAction,2026-02-02 13:13:31.407726+00:00,2026-02-02 13:13:31.407819+00:00
dfc3fcc7a7f0cd4af7d9dfd82ea829a4,2026-02-02T13:13:30.086731,0.055624754632711416,2026-02-02T13:13:29.399636039Z,gateDownAction,2026-02-02 13:13:31.407602+00:00,2026-02-02 13:13:31.407688+00:00
dfc3fcc7a7f0cd4af7d9dfd82ea829a4,2026-02-02T13:13:30.086731,0.055624754632711416,2026-02-02T13:13:29.399636039Z,bellOnInvocation,2026-02-02 13:13:29.407750+00:00,2026-02-02 13:13:29.407844+00:00
dfc3fcc7a7f0cd4af7d9dfd82ea829a4,2026-02-02T13:13:30.086731,0.055624754632711416,2026-02-02T13:13:29.399636039Z,gateDownInvocation,2026-02-02 13:13:29.405886+00:00,2026-02-02 13:13:29.406028+00:00
dfc3fcc7a7f0cd4af7d9dfd82ea829a4,2026-02-02T13:13:30.086731,0.055624754632711416,2026-02-02T13:13:29.399636039Z,bellOnInvocation,2026-02-02 13:13:29.407587+00:00,2026-02-02 13:13:29.407686+00:00
dfc3fcc7a7f0cd4af7d9dfd82ea829a4,2026-02-02T13:13:30.086731,0.055624754632711416,2026-02-02T13:13:29.399636039Z,lightOnInvocation,2026-02-02 13:13:29.406339+00:00,2026-02-02 13:13:29.406448+00:00
dfc3fcc7a7f0cd4af7d9dfd82ea829a4,2026-02-02T13:13:30.086731,0.055624754632711416,2026-02-02T13:13:29.399636039Z,gateDownInvocation,2026-02-02 13:13:29.406507+00:00,2026-02-02 13:13:29.406627+00:00
dfc3fcc7a7f0cd4af7d9dfd82ea829a4,2026-02-02T13:13:30.086731,0.055624754632711416,2026-02-02T13:13:29.399636039Z,bellOnAction,2026-02-02 13:13:31.408209+00:00,2026-02-02 13:13:31.408308+00:00
dfc3fcc7a7f0cd4af7d9dfd82ea829a4,2026-02-02T13:13:30.086731,0.055624754632711416,2026-02-02T13:13:29.399636039Z,lightOnInvocation,2026-02-02 13:13:29.406033+00:00,2026-02-02 13:13:29.406133+00:00
dfc3fcc7a7f0cd4af7d9dfd82ea829a4,2026-02-02T13:13:30.086731,0.055624754632711416,2026-02-02T13:13:29.399636039Z,gateDownAction,2026-02-02 13:13:31.406565+00:00,2026-02-02 13:13:31.406649+00:00
dfc3fcc7a7f0cd4af7d9dfd82ea829a4,2026-02-02T13:13:30.086731,0.055624754632711416,2026-02-02T13:13:29.399636039Z,lightOnAction,2026-02-02 13:13:31.406826+00:00,2026-02-02 13:13:31.406911+00:00
b2312788a9f2621fcb51f6b9002bf3af,2026-02-02T13:11:02.991969,0.03127793991657496,2026-02-02T13:11:03.304698684Z,gateUpInvocation,2026-02-02 13:11:03.320241+00:00,2026-02-02 13:11:03.320374+00:00
b2312788a9f2621fcb51f6b9002bf3af,2026-02-02T13:11:02.991969,0.03127793991657496,2026-02-02T13:11:03.304698684Z,gateUpInvocation,2026-02-02 13:11:03.316685+00:00,2026-02-02 13:11:03.316824+00:00
b2312788a9f2621fcb51f6b9002bf3af,2026-02-02T13:11:02.991969,0.03127793991657496,2026-02-02T13:11:03.304698684Z,bellOffInvocation,2026-02-02 13:11:03.320111+00:00,2026-02-02 13:11:03.320217+00:00
b2312788a9f2621fcb51f6b9002bf3af,2026-02-02T13:11:02.991969,0.03127793991657496,2026-02-02T13:11:03.304698684Z,lightOffInvocation,2026-02-02 13:11:03.316556+00:00,2026-02-02 13:11:03.316693+00:00
b2312788a9f2621fcb51f6b9002bf3af,2026-02-02T13:11:02.991969,0.03127793991657496,2026-02-02T13:11:03.304698684Z,lightOffInvocation,2026-02-02 13:11:03.317713+00:00,2026-02-02 13:11:03.317875+00:00
b2312788a9f2621fcb51f6b9002bf3af,2026-02-02T13:11:02.991969,0.03127793991657496,2026-02-02T13:11:03.304698684Z,bellOffInvocation,2026-02-02 13:11:03.322291+00:00,2026-02-02 13:11:03.322401+00:00
e0541c64d2fe5a3932bf99c853055b1c,2026-02-02T13:10:37.080988,0.026959553785502913,2026-02-02T13:10:37.391130034Z,lightOffInvocation,2026-02-02 13:10:37.397804+00:00,2026-02-02 13:10:37.397847+00:00
e0541c64d2fe5a3932bf99c853055b1c,2026-02-02T13:10:37.080988,0.026959553785502913,2026-02-02T13:10:37.391130034Z,bellOffInvocation,2026-02-02 13:10:37.403536+00:00,2026-02-02 13:10:37.403577+00:00
e0541c64d2fe5a3932bf99c853055b1c,2026-02-02T13:10:37.080988,0.026959553785502913,2026-02-02T13:10:37.391130034Z,gateUpInvocation,2026-02-02 13:10:37.400628+00:00,2026-02-02 13:10:37.400672+00:00
e0541c64d2fe5a3932bf99c853055b1c,2026-02-02T13:10:37.080988,0.026959553785502913,2026-02-02T13:10:37.391130034Z,lightOffInvocation,2026-02-02 13:10:37.400626+00:00,2026-02-02 13:10:37.400665+00:00
e0541c64d2fe5a3932bf99c853055b1c,2026-02-02T13:10:37.080988,0.026959553785502913,2026-02-02T13:10:37.391130034Z,bellOffInvocation,2026-02-02 13:10:37.405520+00:00,2026-02-02 13:10:37.405564+00:00
e0541c64d2fe5a3932bf99c853055b1c,2026-02-02T13:10:37.080988,0.026959553785502913,2026-02-02T13:10:37.391130034Z,gateUpInvocation,2026-02-02 13:10:37.399537+00:00,2026-02-02 13:10:37.399580+00:00
c727e331f14f6eca66d02eeec29eb8b9,2026-02-02T13:14:09.107705,0.06230175631144048,2026-02-02T13:14:09.465774484Z,lightOffInvocation,2026-02-02 13:14:09.491067+00:00,2026-02-02 13:14:09.491221+00:00
c727e331f14f6eca66d02eeec29eb8b9,2026-02-02T13:14:09.107705,0.06230175631144048,2026-02-02T13:14:09.465774484Z,bellOffInvocation,2026-02-02 13:14:09.497743+00:00,2026-02-02 13:14:09.497808+00:00
c727e331f14f6eca66d02eeec29eb8b9,2026-02-02T13:14:09.107705,0.06230175631144048,2026-02-02T13:14:09.465774484Z,bellOffInvocation,2026-02-02 13:14:09.501582+00:00,2026-02-02 13:14:09.501636+00:00
c727e331f14f6eca66d02eeec29eb8b9,2026-02-02T13:14:09.107705,0.06230175631144048,2026-02-02T13:14:09.465774484Z,gateUpInvocation,2026-02-02 13:14:09.482548+00:00,2026-02-02 13:14:09.482597+00:00
c727e331f14f6eca66d02eeec29eb8b9,2026-02-02T13:14:09.107705,0.06230175631144048,2026-02-02T13:14:09.465774484Z,lightOffInvocation,2026-02-02 13:14:09.482594+00:00,2026-02-02 13:14:09.482643+00:00
c727e331f14f6eca66d02eeec29eb8b9,2026-02-02T13:14:09.107705,0.06230175631144048,2026-02-02T13:14:09.465774484Z,gateUpInvocation,2026-02-02 13:14:09.496755+00:00,2026-02-02 13:14:09.496841+00:00
f8c53883711e1700de9b6e2b9de476ba,2026-02-02T13:17:02.664178,0.09123061971168518,2026-02-02T13:17:03.056341107Z,gateUpInvocation,2026-02-02 13:17:03.064200+00:00,2026-02-02 13:17:03.064370+00:00
f8c53883711e1700de9b6e2b9de476ba,2026-02-02T13:17:02.664178,0.09123061971168518,2026-02-02T13:17:03.056341107Z,lightOffInvocation,2026-02-02 13:17:03.063141+00:00,2026-02-02 13:17:03.063273+00:00
f8c53883711e1700de9b6e2b9de476ba,2026-02-02T13:17:02.664178,0.09123061971168518,2026-02-02T13:17:03.056341107Z,bellOffInvocation,2026-02-02 13:17:03.067245+00:00,2026-02-02 13:17:03.067361+00:00
f8c53883711e1700de9b6e2b9de476ba,2026-02-02T13:17:02.664178,0.09123061971168518,2026-02-02T13:17:03.056341107Z,bellOffInvocation,2026-02-02 13:17:03.065294+00:00,2026-02-02 13:17:03.065412+00:00
f8c53883711e1700de9b6e2b9de476ba,2026-02-02T13:17:02.664178,0.09123061971168518,2026-02-02T13:17:03.056341107Z,gateUpInvocation,2026-02-02 13:17:03.063282+00:00,2026-02-02 13:17:03.063376+00:00
f8c53883711e1700de9b6e2b9de476ba,2026-02-02T13:17:02.664178,0.09123061971168518,2026-02-02T13:17:03.056341107Z,lightOffInvocation,2026-02-02 13:17:03.063597+00:00,2026-02-02 13:17:03.063738+00:00
25c72c535e4f4081079c2684ce6d013c,2026-02-02T13:11:59.131631,0.04063238169531823,2026-02-02T13:11:59.436283052Z,bellOffInvocation,2026-02-02 13:11:59.442376+00:00,2026-02-02 13:11:59.442419+00:00
25c72c535e4f4081079c2684ce6d013c,2026-02-02T13:11:59.131631,0.04063238169531823,2026-02-02T13:11:59.436283052Z,bellOffInvocation,2026-02-02 13:11:59.442166+00:00,2026-02-02 13:11:59.442196+00:00
25c72c535e4f4081079c2684ce6d013c,2026-02-02T13:11:59.131631,0.04063238169531823,2026-02-02T13:11:59.436283052Z,lightOffInvocation,2026-02-02 13:11:59.441028+00:00,2026-02-02 13:11:59.441092+00:00
25c72c535e4f4081079c2684ce6d013c,2026-02-02T13:11:59.131631,0.04063238169531823,2026-02-02T13:11:59.436283052Z,gateUpInvocation,2026-02-02 13:11:59.440947+00:00,2026-02-02 13:11:59.441035+00:00
25c72c535e4f4081079c2684ce6d013c,2026-02-02T13:11:59.131631,0.04063238169531823,2026-02-02T13:11:59.436283052Z,lightOffInvocation,2026-02-02 13:11:59.442041+00:00,2026-02-02 13:11:59.442102+00:00
25c72c535e4f4081079c2684ce6d013c,2026-02-02T13:11:59.131631,0.04063238169531823,2026-02-02T13:11:59.436283052Z,gateUpInvocation,2026-02-02 13:11:59.441646+00:00,2026-02-02 13:11:59.441697+00:00
