trace_id,calc_train_arrival,interval,published_time,type,start_time,end_time
936214c156fe95e64fdb8c0ae43acf3b,2026-02-02T12:26:24.043672,0.04044477965865136,2026-02-02T12:26:23.384562806Z,gateDownAction,2026-02-02 12:26:25.393838+00:00,2026-02-02 12:26:25.393965+00:00
936214c156fe95e64fdb8c0ae43acf3b,2026-02-02T12:26:24.043672,0.04044477965865136,2026-02-02T12:26:23.384562806Z,bellOnInvocation,2026-02-02 12:26:23.396122+00:00,2026-02-02 12:26:23.396315+00:00
936214c156fe95e64fdb8c0ae43acf3b,2026-02-02T12:26:24.043672,0.04044477965865136,2026-02-02T12:26:23.384562806Z,lightOnInvocation,2026-02-02 12:26:23.393741+00:00,2026-02-02 12:26:23.393979+00:00
936214c156fe95e64fdb8c0ae43acf3b,2026-02-02T12:26:24.043672,0.04044477965865136,2026-02-02T12:26:23.384562806Z,lightOnAction,2026-02-02 12:26:25.394432+00:00,2026-02-02 12:26:25.394543+00:00
936214c156fe95e64fdb8c0ae43acf3b,2026-02-02T12:26:24.043672,0.04044477965865136,2026-02-02T12:26:23.384562806Z,lightOnInvocation,2026-02-02 12:26:23.392545+00:00,2026-02-02 12:26:23.392689+00:00
936214c156fe95e64fdb8c0ae43acf3b,2026-02-02T12:26:24.043672,0.04044477965865136,2026-02-02T12:26:23.384562806Z,bellOnAction,2026-02-02 12:26:25.396515+00:00,2026-02-02 12:26:25.396594+00:00
936214c156fe95e64fdb8c0ae43acf3b,2026-02-02T12:26:24.043672,0.04044477965865136,2026-02-02T12:26:23.384562806Z,gateDownAction,2026-02-02 12:26:25.397165+00:00,2026-02-02 12:26:25.397242+00:00
936214c156fe95e64fdb8c0ae43acf3b,2026-02-02T12:26:24.043672,0.04044477965865136,2026-02-02T12:26:23.384562806Z,gateDownInvocation,2026-02-02 12:26:23.392482+00:00,2026-02-02 12:26:23.392812+00:00
936214c156fe95e64fdb8c0ae43acf3b,2026-02-02T12:26:24.043672,0.04044477965865136,2026-02-02T12:26:23.384562806Z,bellOnInvocation,2026-02-02 12:26:23.395124+00:00,2026-02-02 12:26:23.395350+00:00
936214c156fe95e64fdb8c0ae43acf3b,2026-02-02T12:26:24.043672,0.04044477965865136,2026-02-02T12:26:23.384562806Z,lightOnAction,2026-02-02 12:26:25.394214+00:00,2026-02-02 12:26:25.394309+00:00
936214c156fe95e64fdb8c0ae43acf3b,2026-02-02T12:26:24.043672,0.04044477965865136,2026-02-02T12:26:23.384562806Z,gateDownInvocation,2026-02-02 12:26:23.395522+00:00,2026-02-02 12:26:23.395796+00:00
936214c156fe95e64fdb8c0ae43acf3b,2026-02-02T12:26:24.043672,0.04044477965865136,2026-02-02T12:26:23.384562806Z,bellOnAction,2026-02-02 12:26:25.397539+00:00,2026-02-02 12:26:25.397624+00:00
df5fb54b86b29dd0edca971475d394d5,2026-02-02T12:24:44.842019,0.023909915253269673,2026-02-02T12:24:44.165430187Z,gateDownAction,2026-02-02 12:24:46.178004+00:00,2026-02-02 12:24:46.178120+00:00
df5fb54b86b29dd0edca971475d394d5,2026-02-02T12:24:44.842019,0.023909915253269673,2026-02-02T12:24:44.165430187Z,bellOnInvocation,2026-02-02 12:24:44.184124+00:00,2026-02-02 12:24:44.184257+00:00
df5fb54b86b29dd0edca971475d394d5,2026-02-02T12:24:44.842019,0.023909915253269673,2026-02-02T12:24:44.165430187Z,bellOnAction,2026-02-02 12:24:46.185264+00:00,2026-02-02 12:24:46.185352+00:00
df5fb54b86b29dd0edca971475d394d5,2026-02-02T12:24:44.842019,0.023909915253269673,2026-02-02T12:24:44.165430187Z,gateDownAction,2026-02-02 12:24:46.178129+00:00,2026-02-02 12:24:46.178213+00:00
df5fb54b86b29dd0edca971475d394d5,2026-02-02T12:24:44.842019,0.023909915253269673,2026-02-02T12:24:44.165430187Z,lightOnInvocation,2026-02-02 12:24:44.176434+00:00,2026-02-02 12:24:44.176655+00:00
df5fb54b86b29dd0edca971475d394d5,2026-02-02T12:24:44.842019,0.023909915253269673,2026-02-02T12:24:44.165430187Z,gateDownInvocation,2026-02-02 12:24:44.176099+00:00,2026-02-02 12:24:44.176441+00:00
df5fb54b86b29dd0edca971475d394d5,2026-02-02T12:24:44.842019,0.023909915253269673,2026-02-02T12:24:44.165430187Z,bellOnInvocation,2026-02-02 12:24:44.178998+00:00,2026-02-02 12:24:44.179199+00:00
df5fb54b86b29dd0edca971475d394d5,2026-02-02T12:24:44.842019,0.023909915253269673,2026-02-02T12:24:44.165430187Z,lightOnAction,2026-02-02 12:24:46.177472+00:00,2026-02-02 12:24:46.177561+00:00
df5fb54b86b29dd0edca971475d394d5,2026-02-02T12:24:44.842019,0.023909915253269673,2026-02-02T12:24:44.165430187Z,lightOnAction,2026-02-02 12:24:46.179626+00:00,2026-02-02 12:24:46.179687+00:00
df5fb54b86b29dd0edca971475d394d5,2026-02-02T12:24:44.842019,0.023909915253269673,2026-02-02T12:24:44.165430187Z,gateDownInvocation,2026-02-02 12:24:44.176337+00:00,2026-02-02 12:24:44.176677+00:00
df5fb54b86b29dd0edca971475d394d5,2026-02-02T12:24:44.842019,0.023909915253269673,2026-02-02T12:24:44.165430187Z,lightOnInvocation,2026-02-02 12:24:44.178618+00:00,2026-02-02 12:24:44.178854+00:00
df5fb54b86b29dd0edca971475d394d5,2026-02-02T12:24:44.842019,0.023909915253269673,2026-02-02T12:24:44.165430187Z,bellOnAction,2026-02-02 12:24:46.181150+00:00,2026-02-02 12:24:46.181268+00:00
824a9505f82dc2f437dfe68689fa9020,2026-02-02T12:27:28.963888,0.05125917742902041,2026-02-02T12:27:28.277425092Z,lightOnInvocation,2026-02-02 12:27:28.285160+00:00,2026-02-02 12:27:28.285223+00:00
824a9505f82dc2f437dfe68689fa9020,2026-02-02T12:27:28.963888,0.05125917742902041,2026-02-02T12:27:28.277425092Z,gateDownInvocation,2026-02-02 12:27:28.282755+00:00,2026-02-02 12:27:28.283034+00:00
824a9505f82dc2f437dfe68689fa9020,2026-02-02T12:27:28.963888,0.05125917742902041,2026-02-02T12:27:28.277425092Z,lightOnAction,2026-02-02 12:27:30.284511+00:00,2026-02-02 12:27:30.284600+00:00
824a9505f82dc2f437dfe68689fa9020,2026-02-02T12:27:28.963888,0.05125917742902041,2026-02-02T12:27:28.277425092Z,gateDownAction,2026-02-02 12:27:30.285332+00:00,2026-02-02 12:27:30.285437+00:00
824a9505f82dc2f437dfe68689fa9020,2026-02-02T12:27:28.963888,0.05125917742902041,2026-02-02T12:27:28.277425092Z,bellOnAction,2026-02-02 12:27:30.287098+00:00,2026-02-02 12:27:30.287171+00:00
824a9505f82dc2f437dfe68689fa9020,2026-02-02T12:27:28.963888,0.05125917742902041,2026-02-02T12:27:28.277425092Z,bellOnInvocation,2026-02-02 12:27:28.285804+00:00,2026-02-02 12:27:28.285895+00:00
824a9505f82dc2f437dfe68689fa9020,2026-02-02T12:27:28.963888,0.05125917742902041,2026-02-02T12:27:28.277425092Z,bellOnInvocation,2026-02-02 12:27:28.285272+00:00,2026-02-02 12:27:28.285381+00:00
824a9505f82dc2f437dfe68689fa9020,2026-02-02T12:27:28.963888,0.05125917742902041,2026-02-02T12:27:28.277425092Z,gateDownInvocation,2026-02-02 12:27:28.284371+00:00,2026-02-02 12:27:28.284460+00:00
824a9505f82dc2f437dfe68689fa9020,2026-02-02T12:27:28.963888,0.05125917742902041,2026-02-02T12:27:28.277425092Z,lightOnInvocation,2026-02-02 12:27:28.283405+00:00,2026-02-02 12:27:28.283515+00:00
824a9505f82dc2f437dfe68689fa9020,2026-02-02T12:27:28.963888,0.05125917742902041,2026-02-02T12:27:28.277425092Z,gateDownAction,2026-02-02 12:27:30.283532+00:00,2026-02-02 12:27:30.283619+00:00
824a9505f82dc2f437dfe68689fa9020,2026-02-02T12:27:28.963888,0.05125917742902041,2026-02-02T12:27:28.277425092Z,bellOnAction,2026-02-02 12:27:30.285403+00:00,2026-02-02 12:27:30.285509+00:00
824a9505f82dc2f437dfe68689fa9020,2026-02-02T12:27:28.963888,0.05125917742902041,2026-02-02T12:27:28.277425092Z,lightOnAction,2026-02-02 12:27:30.285791+00:00,2026-02-02 12:27:30.285883+00:00
8f100718a7f7d5cfd00ce8e1b21afc70,2026-02-02T12:25:10.714905,0.028388436970019346,2026-02-02T12:25:11.039162029Z,lightOffInvocation,2026-02-02 12:25:11.044026+00:00,2026-02-02 12:25:11.044099+00:00
8f100718a7f7d5cfd00ce8e1b21afc70,2026-02-02T12:25:10.714905,0.028388436970019346,2026-02-02T12:25:11.039162029Z,gateUpInvocation,2026-02-02 12:25:11.044892+00:00,2026-02-02 12:25:11.044954+00:00
8f100718a7f7d5cfd00ce8e1b21afc70,2026-02-02T12:25:10.714905,0.028388436970019346,2026-02-02T12:25:11.039162029Z,bellOffInvocation,2026-02-02 12:25:11.046339+00:00,2026-02-02 12:25:11.046410+00:00
8f100718a7f7d5cfd00ce8e1b21afc70,2026-02-02T12:25:10.714905,0.028388436970019346,2026-02-02T12:25:11.039162029Z,bellOffInvocation,2026-02-02 12:25:11.045093+00:00,2026-02-02 12:25:11.045148+00:00
8f100718a7f7d5cfd00ce8e1b21afc70,2026-02-02T12:25:10.714905,0.028388436970019346,2026-02-02T12:25:11.039162029Z,lightOffInvocation,2026-02-02 12:25:11.043824+00:00,2026-02-02 12:25:11.043897+00:00
8f100718a7f7d5cfd00ce8e1b21afc70,2026-02-02T12:25:10.714905,0.028388436970019346,2026-02-02T12:25:11.039162029Z,gateUpInvocation,2026-02-02 12:25:11.043926+00:00,2026-02-02 12:25:11.044030+00:00
bef552144969ea247390b391cde91fbd,2026-02-02T12:27:33.304790,0.05198927049002649,2026-02-02T12:27:32.658454113Z,gateDownInvocation,2026-02-02 12:27:32.664667+00:00,2026-02-02 12:27:32.664932+00:00
bef552144969ea247390b391cde91fbd,2026-02-02T12:27:33.304790,0.05198927049002649,2026-02-02T12:27:32.658454113Z,lightOnAction,2026-02-02 12:27:34.669117+00:00,2026-02-02 12:27:34.669218+00:00
bef552144969ea247390b391cde91fbd,2026-02-02T12:27:33.304790,0.05198927049002649,2026-02-02T12:27:32.658454113Z,bellOnInvocation,2026-02-02 12:27:32.667126+00:00,2026-02-02 12:27:32.667257+00:00
bef552144969ea247390b391cde91fbd,2026-02-02T12:27:33.304790,0.05198927049002649,2026-02-02T12:27:32.658454113Z,gateDownAction,2026-02-02 12:27:34.665820+00:00,2026-02-02 12:27:34.665985+00:00
bef552144969ea247390b391cde91fbd,2026-02-02T12:27:33.304790,0.05198927049002649,2026-02-02T12:27:32.658454113Z,lightOnInvocation,2026-02-02 12:27:32.664768+00:00,2026-02-02 12:27:32.664950+00:00
bef552144969ea247390b391cde91fbd,2026-02-02T12:27:33.304790,0.05198927049002649,2026-02-02T12:27:32.658454113Z,bellOnInvocation,2026-02-02 12:27:32.668270+00:00,2026-02-02 12:27:32.668430+00:00
bef552144969ea247390b391cde91fbd,2026-02-02T12:27:33.304790,0.05198927049002649,2026-02-02T12:27:32.658454113Z,bellOnAction,2026-02-02 12:27:34.669762+00:00,2026-02-02 12:27:34.669999+00:00
bef552144969ea247390b391cde91fbd,2026-02-02T12:27:33.304790,0.05198927049002649,2026-02-02T12:27:32.658454113Z,gateDownAction,2026-02-02 12:27:34.666470+00:00,2026-02-02 12:27:34.666553+00:00
bef552144969ea247390b391cde91fbd,2026-02-02T12:27:33.304790,0.05198927049002649,2026-02-02T12:27:32.658454113Z,bellOnAction,2026-02-02 12:27:34.667432+00:00,2026-02-02 12:27:34.667555+00:00
bef552144969ea247390b391cde91fbd,2026-02-02T12:27:33.304790,0.05198927049002649,2026-02-02T12:27:32.658454113Z,lightOnInvocation,2026-02-02 12:27:32.667574+00:00,2026-02-02 12:27:32.667712+00:00
bef552144969ea247390b391cde91fbd,2026-02-02T12:27:33.304790,0.05198927049002649,2026-02-02T12:27:32.658454113Z,lightOnAction,2026-02-02 12:27:34.666237+00:00,2026-02-02 12:27:34.666325+00:00
bef552144969ea247390b391cde91fbd,2026-02-02T12:27:33.304790,0.05198927049002649,2026-02-02T12:27:32.658454113Z,gateDownInvocation,2026-02-02 12:27:32.665493+00:00,2026-02-02 12:27:32.665752+00:00
9de4a2e88786d4d9a785dfb4b51f5f64,2026-02-02T12:26:54.268986,0.04564173367569447,2026-02-02T12:26:54.569372311Z,bellOffInvocation,2026-02-02 12:26:54.583639+00:00,2026-02-02 12:26:54.583730+00:00
9de4a2e88786d4d9a785dfb4b51f5f64,2026-02-02T12:26:54.268986,0.04564173367569447,2026-02-02T12:26:54.569372311Z,lightOffInvocation,2026-02-02 12:26:54.576856+00:00,2026-02-02 12:26:54.577015+00:00
9de4a2e88786d4d9a785dfb4b51f5f64,2026-02-02T12:26:54.268986,0.04564173367569447,2026-02-02T12:26:54.569372311Z,lightOffInvocation,2026-02-02 12:26:54.582612+00:00,2026-02-02 12:26:54.582726+00:00
9de4a2e88786d4d9a785dfb4b51f5f64,2026-02-02T12:26:54.268986,0.04564173367569447,2026-02-02T12:26:54.569372311Z,gateUpInvocation,2026-02-02 12:26:54.576938+00:00,2026-02-02 12:26:54.577076+00:00
9de4a2e88786d4d9a785dfb4b51f5f64,2026-02-02T12:26:54.268986,0.04564173367569447,2026-02-02T12:26:54.569372311Z,bellOffInvocation,2026-02-02 12:26:54.583182+00:00,2026-02-02 12:26:54.583302+00:00
9de4a2e88786d4d9a785dfb4b51f5f64,2026-02-02T12:26:54.268986,0.04564173367569447,2026-02-02T12:26:54.569372311Z,gateUpInvocation,2026-02-02 12:26:54.580209+00:00,2026-02-02 12:26:54.580334+00:00
2abb731c3b63f64fc484795d557ac793,2026-02-02T12:30:05.277226,0.07748290351215602,2026-02-02T12:30:05.635538939Z,bellOffInvocation,2026-02-02 12:30:05.647215+00:00,2026-02-02 12:30:05.647373+00:00
2abb731c3b63f64fc484795d557ac793,2026-02-02T12:30:05.277226,0.07748290351215602,2026-02-02T12:30:05.635538939Z,lightOffInvocation,2026-02-02 12:30:05.643313+00:00,2026-02-02 12:30:05.643469+00:00
2abb731c3b63f64fc484795d557ac793,2026-02-02T12:30:05.277226,0.07748290351215602,2026-02-02T12:30:05.635538939Z,gateUpInvocation,2026-02-02 12:30:05.645720+00:00,2026-02-02 12:30:05.645898+00:00
2abb731c3b63f64fc484795d557ac793,2026-02-02T12:30:05.277226,0.07748290351215602,2026-02-02T12:30:05.635538939Z,lightOffInvocation,2026-02-02 12:30:05.642415+00:00,2026-02-02 12:30:05.642522+00:00
2abb731c3b63f64fc484795d557ac793,2026-02-02T12:30:05.277226,0.07748290351215602,2026-02-02T12:30:05.635538939Z,gateUpInvocation,2026-02-02 12:30:05.642401+00:00,2026-02-02 12:30:05.642557+00:00
2abb731c3b63f64fc484795d557ac793,2026-02-02T12:30:05.277226,0.07748290351215602,2026-02-02T12:30:05.635538939Z,bellOffInvocation,2026-02-02 12:30:05.645014+00:00,2026-02-02 12:30:05.645150+00:00
c455fa5c4c6c20da3fe8dee2ff228d91,2026-02-02T12:22:52.864876,0.005245230437660217,2026-02-02T12:22:52.166096742Z,lightOnInvocation,2026-02-02 12:22:52.181686+00:00,2026-02-02 12:22:52.181938+00:00
c455fa5c4c6c20da3fe8dee2ff228d91,2026-02-02T12:22:52.864876,0.005245230437660217,2026-02-02T12:22:52.166096742Z,bellOnAction,2026-02-02 12:22:54.186764+00:00,2026-02-02 12:22:54.186847+00:00
c455fa5c4c6c20da3fe8dee2ff228d91,2026-02-02T12:22:52.864876,0.005245230437660217,2026-02-02T12:22:52.166096742Z,gateDownAction,2026-02-02 12:22:54.183770+00:00,2026-02-02 12:22:54.183855+00:00
c455fa5c4c6c20da3fe8dee2ff228d91,2026-02-02T12:22:52.864876,0.005245230437660217,2026-02-02T12:22:52.166096742Z,lightOnAction,2026-02-02 12:22:54.184456+00:00,2026-02-02 12:22:54.184545+00:00
c455fa5c4c6c20da3fe8dee2ff228d91,2026-02-02T12:22:52.864876,0.005245230437660217,2026-02-02T12:22:52.166096742Z,gateDownInvocation,2026-02-02 12:22:52.186208+00:00,2026-02-02 12:22:52.186281+00:00
c455fa5c4c6c20da3fe8dee2ff228d91,2026-02-02T12:22:52.864876,0.005245230437660217,2026-02-02T12:22:52.166096742Z,lightOnInvocation,2026-02-02 12:22:52.186918+00:00,2026-02-02 12:22:52.186965+00:00
c455fa5c4c6c20da3fe8dee2ff228d91,2026-02-02T12:22:52.864876,0.005245230437660217,2026-02-02T12:22:52.166096742Z,bellOnInvocation,2026-02-02 12:22:52.186239+00:00,2026-02-02 12:22:52.186308+00:00
c455fa5c4c6c20da3fe8dee2ff228d91,2026-02-02T12:22:52.864876,0.005245230437660217,2026-02-02T12:22:52.166096742Z,gateDownInvocation,2026-02-02 12:22:52.182605+00:00,2026-02-02 12:22:52.182951+00:00
c455fa5c4c6c20da3fe8dee2ff228d91,2026-02-02T12:22:52.864876,0.005245230437660217,2026-02-02T12:22:52.166096742Z,bellOnAction,2026-02-02 12:22:54.187306+00:00,2026-02-02 12:22:54.187378+00:00
c455fa5c4c6c20da3fe8dee2ff228d91,2026-02-02T12:22:52.864876,0.005245230437660217,2026-02-02T12:22:52.166096742Z,lightOnAction,2026-02-02 12:22:54.187479+00:00,2026-02-02 12:22:54.187539+00:00
c455fa5c4c6c20da3fe8dee2ff228d91,2026-02-02T12:22:52.864876,0.005245230437660217,2026-02-02T12:22:52.166096742Z,bellOnInvocation,2026-02-02 12:22:52.187593+00:00,2026-02-02 12:22:52.187636+00:00
c455fa5c4c6c20da3fe8dee2ff228d91,2026-02-02T12:22:52.864876,0.005245230437660217,2026-02-02T12:22:52.166096742Z,gateDownAction,2026-02-02 12:22:54.187068+00:00,2026-02-02 12:22:54.187158+00:00
aca8cb3e7e145c65dc0030d6db93e1c3,2026-02-02T12:30:35.702122,0.08238381596455575,2026-02-02T12:30:35.043929911Z,lightOnAction,2026-02-02 12:30:37.051214+00:00,2026-02-02 12:30:37.051346+00:00
aca8cb3e7e145c65dc0030d6db93e1c3,2026-02-02T12:30:35.702122,0.08238381596455575,2026-02-02T12:30:35.043929911Z,gateDownAction,2026-02-02 12:30:37.050412+00:00,2026-02-02 12:30:37.050623+00:00
aca8cb3e7e145c65dc0030d6db93e1c3,2026-02-02T12:30:35.702122,0.08238381596455575,2026-02-02T12:30:35.043929911Z,bellOnInvocation,2026-02-02 12:30:35.052196+00:00,2026-02-02 12:30:35.052319+00:00
aca8cb3e7e145c65dc0030d6db93e1c3,2026-02-02T12:30:35.702122,0.08238381596455575,2026-02-02T12:30:35.043929911Z,bellOnAction,2026-02-02 12:30:37.050984+00:00,2026-02-02 12:30:37.051165+00:00
aca8cb3e7e145c65dc0030d6db93e1c3,2026-02-02T12:30:35.702122,0.08238381596455575,2026-02-02T12:30:35.043929911Z,lightOnInvocation,2026-02-02 12:30:35.049845+00:00,2026-02-02 12:30:35.050003+00:00
aca8cb3e7e145c65dc0030d6db93e1c3,2026-02-02T12:30:35.702122,0.08238381596455575,2026-02-02T12:30:35.043929911Z,bellOnInvocation,2026-02-02 12:30:35.049755+00:00,2026-02-02 12:30:35.049859+00:00
aca8cb3e7e145c65dc0030d6db93e1c3,2026-02-02T12:30:35.702122,0.08238381596455575,2026-02-02T12:30:35.043929911Z,gateDownInvocation,2026-02-02 12:30:35.051340+00:00,2026-02-02 12:30:35.051485+00:00
aca8cb3e7e145c65dc0030d6db93e1c3,2026-02-02T12:30:35.702122,0.08238381596455575,2026-02-02T12:30:35.043929911Z,gateDownAction,2026-02-02 12:30:37.051396+00:00,2026-02-02 12:30:37.051521+00:00
aca8cb3e7e145c65dc0030d6db93e1c3,2026-02-02T12:30:35.702122,0.08238381596455575,2026-02-02T12:30:35.043929911Z,bellOnAction,2026-02-02 12:30:37.053048+00:00,2026-02-02 12:30:37.053143+00:00
aca8cb3e7e145c65dc0030d6db93e1c3,2026-02-02T12:30:35.702122,0.08238381596455575,2026-02-02T12:30:35.043929911Z,gateDownInvocation,2026-02-02 12:30:35.049388+00:00,2026-02-02 12:30:35.049525+00:00
aca8cb3e7e145c65dc0030d6db93e1c3,2026-02-02T12:30:35.702122,0.08238381596455575,2026-02-02T12:30:35.043929911Z,lightOnInvocation,2026-02-02 12:30:35.049384+00:00,2026-02-02 12:30:35.049509+00:00
aca8cb3e7e145c65dc0030d6db93e1c3,2026-02-02T12:30:35.702122,0.08238381596455575,2026-02-02T12:30:35.043929911Z,lightOnAction,2026-02-02 12:30:37.050760+00:00,2026-02-02 12:30:37.050881+00:00
3523961f8a63322f7607b3fe7791baba,2026-02-02T12:31:14.788876,0.08889918509758711,2026-02-02T12:31:14.140027335Z,lightOnAction,2026-02-02 12:31:16.147366+00:00,2026-02-02 12:31:16.147447+00:00
3523961f8a63322f7607b3fe7791baba,2026-02-02T12:31:14.788876,0.08889918509758711,2026-02-02T12:31:14.140027335Z,gateDownAction,2026-02-02 12:31:16.151078+00:00,2026-02-02 12:31:16.151149+00:00
3523961f8a63322f7607b3fe7791baba,2026-02-02T12:31:14.788876,0.08889918509758711,2026-02-02T12:31:14.140027335Z,gateDownInvocation,2026-02-02 12:31:14.146239+00:00,2026-02-02 12:31:14.146542+00:00
3523961f8a63322f7607b3fe7791baba,2026-02-02T12:31:14.788876,0.08889918509758711,2026-02-02T12:31:14.140027335Z,bellOnInvocation,2026-02-02 12:31:14.151144+00:00,2026-02-02 12:31:14.151274+00:00
3523961f8a63322f7607b3fe7791baba,2026-02-02T12:31:14.788876,0.08889918509758711,2026-02-02T12:31:14.140027335Z,lightOnAction,2026-02-02 12:31:16.148743+00:00,2026-02-02 12:31:16.148788+00:00
3523961f8a63322f7607b3fe7791baba,2026-02-02T12:31:14.788876,0.08889918509758711,2026-02-02T12:31:14.140027335Z,bellOnAction,2026-02-02 12:31:16.151587+00:00,2026-02-02 12:31:16.151638+00:00
3523961f8a63322f7607b3fe7791baba,2026-02-02T12:31:14.788876,0.08889918509758711,2026-02-02T12:31:14.140027335Z,lightOnInvocation,2026-02-02 12:31:14.146415+00:00,2026-02-02 12:31:14.146556+00:00
3523961f8a63322f7607b3fe7791baba,2026-02-02T12:31:14.788876,0.08889918509758711,2026-02-02T12:31:14.140027335Z,bellOnInvocation,2026-02-02 12:31:14.149547+00:00,2026-02-02 12:31:14.149676+00:00
3523961f8a63322f7607b3fe7791baba,2026-02-02T12:31:14.788876,0.08889918509758711,2026-02-02T12:31:14.140027335Z,gateDownAction,2026-02-02 12:31:16.147933+00:00,2026-02-02 12:31:16.148013+00:00
3523961f8a63322f7607b3fe7791baba,2026-02-02T12:31:14.788876,0.08889918509758711,2026-02-02T12:31:14.140027335Z,gateDownInvocation,2026-02-02 12:31:14.148999+00:00,2026-02-02 12:31:14.149290+00:00
3523961f8a63322f7607b3fe7791baba,2026-02-02T12:31:14.788876,0.08889918509758711,2026-02-02T12:31:14.140027335Z,bellOnAction,2026-02-02 12:31:16.151208+00:00,2026-02-02 12:31:16.151291+00:00
3523961f8a63322f7607b3fe7791baba,2026-02-02T12:31:14.788876,0.08889918509758711,2026-02-02T12:31:14.140027335Z,lightOnInvocation,2026-02-02 12:31:14.147093+00:00,2026-02-02 12:31:14.147285+00:00
e670d4d0e0f0dc344a907df967aafc0a,2026-02-02T12:26:41.332135,0.043324602507436284,2026-02-02T12:26:40.665497173Z,gateDownInvocation,2026-02-02 12:26:40.674488+00:00,2026-02-02 12:26:40.674690+00:00
e670d4d0e0f0dc344a907df967aafc0a,2026-02-02T12:26:41.332135,0.043324602507436284,2026-02-02T12:26:40.665497173Z,lightOnAction,2026-02-02 12:26:42.678258+00:00,2026-02-02 12:26:42.678303+00:00
e670d4d0e0f0dc344a907df967aafc0a,2026-02-02T12:26:41.332135,0.043324602507436284,2026-02-02T12:26:40.665497173Z,bellOnAction,2026-02-02 12:26:42.683412+00:00,2026-02-02 12:26:42.683445+00:00
e670d4d0e0f0dc344a907df967aafc0a,2026-02-02T12:26:41.332135,0.043324602507436284,2026-02-02T12:26:40.665497173Z,bellOnInvocation,2026-02-02 12:26:40.682092+00:00,2026-02-02 12:26:40.682273+00:00
e670d4d0e0f0dc344a907df967aafc0a,2026-02-02T12:26:41.332135,0.043324602507436284,2026-02-02T12:26:40.665497173Z,gateDownAction,2026-02-02 12:26:42.677546+00:00,2026-02-02 12:26:42.677595+00:00
e670d4d0e0f0dc344a907df967aafc0a,2026-02-02T12:26:41.332135,0.043324602507436284,2026-02-02T12:26:40.665497173Z,bellOnAction,2026-02-02 12:26:42.680082+00:00,2026-02-02 12:26:42.680165+00:00
e670d4d0e0f0dc344a907df967aafc0a,2026-02-02T12:26:41.332135,0.043324602507436284,2026-02-02T12:26:40.665497173Z,lightOnInvocation,2026-02-02 12:26:40.676454+00:00,2026-02-02 12:26:40.676647+00:00
e670d4d0e0f0dc344a907df967aafc0a,2026-02-02T12:26:41.332135,0.043324602507436284,2026-02-02T12:26:40.665497173Z,lightOnInvocation,2026-02-02 12:26:40.677464+00:00,2026-02-02 12:26:40.677615+00:00
e670d4d0e0f0dc344a907df967aafc0a,2026-02-02T12:26:41.332135,0.043324602507436284,2026-02-02T12:26:40.665497173Z,bellOnInvocation,2026-02-02 12:26:40.679232+00:00,2026-02-02 12:26:40.679318+00:00
e670d4d0e0f0dc344a907df967aafc0a,2026-02-02T12:26:41.332135,0.043324602507436284,2026-02-02T12:26:40.665497173Z,gateDownInvocation,2026-02-02 12:26:40.676361+00:00,2026-02-02 12:26:40.676659+00:00
e670d4d0e0f0dc344a907df967aafc0a,2026-02-02T12:26:41.332135,0.043324602507436284,2026-02-02T12:26:40.665497173Z,lightOnAction,2026-02-02 12:26:42.680326+00:00,2026-02-02 12:26:42.680447+00:00
e670d4d0e0f0dc344a907df967aafc0a,2026-02-02T12:26:41.332135,0.043324602507436284,2026-02-02T12:26:40.665497173Z,gateDownAction,2026-02-02 12:26:42.675905+00:00,2026-02-02 12:26:42.675958+00:00
5e42ca8211a1e1b4c2c93006aa1901ab,2026-02-02T12:26:58.590414,0.04619831049147845,2026-02-02T12:26:57.909242255Z,gateDownAction,2026-02-02 12:26:59.920175+00:00,2026-02-02 12:26:59.920251+00:00
5e42ca8211a1e1b4c2c93006aa1901ab,2026-02-02T12:26:58.590414,0.04619831049147845,2026-02-02T12:26:57.909242255Z,bellOnAction,2026-02-02 12:26:59.923204+00:00,2026-02-02 12:26:59.923300+00:00
5e42ca8211a1e1b4c2c93006aa1901ab,2026-02-02T12:26:58.590414,0.04619831049147845,2026-02-02T12:26:57.909242255Z,bellOnInvocation,2026-02-02 12:26:57.918712+00:00,2026-02-02 12:26:57.918845+00:00
5e42ca8211a1e1b4c2c93006aa1901ab,2026-02-02T12:26:58.590414,0.04619831049147845,2026-02-02T12:26:57.909242255Z,gateDownInvocation,2026-02-02 12:26:57.918551+00:00,2026-02-02 12:26:57.918759+00:00
5e42ca8211a1e1b4c2c93006aa1901ab,2026-02-02T12:26:58.590414,0.04619831049147845,2026-02-02T12:26:57.909242255Z,bellOnAction,2026-02-02 12:26:59.919666+00:00,2026-02-02 12:26:59.919752+00:00
5e42ca8211a1e1b4c2c93006aa1901ab,2026-02-02T12:26:58.590414,0.04619831049147845,2026-02-02T12:26:57.909242255Z,bellOnInvocation,2026-02-02 12:26:57.922432+00:00,2026-02-02 12:26:57.922518+00:00
5e42ca8211a1e1b4c2c93006aa1901ab,2026-02-02T12:26:58.590414,0.04619831049147845,2026-02-02T12:26:57.909242255Z,gateDownInvocation,2026-02-02 12:26:57.916632+00:00,2026-02-02 12:26:57.916882+00:00
5e42ca8211a1e1b4c2c93006aa1901ab,2026-02-02T12:26:58.590414,0.04619831049147845,2026-02-02T12:26:57.909242255Z,gateDownAction,2026-02-02 12:26:59.918021+00:00,2026-02-02 12:26:59.918108+00:00
5e42ca8211a1e1b4c2c93006aa1901ab,2026-02-02T12:26:58.590414,0.04619831049147845,2026-02-02T12:26:57.909242255Z,lightOnAction,2026-02-02 12:26:59.918150+00:00,2026-02-02 12:26:59.918243+00:00
5e42ca8211a1e1b4c2c93006aa1901ab,2026-02-02T12:26:58.590414,0.04619831049147845,2026-02-02T12:26:57.909242255Z,lightOnAction,2026-02-02 12:26:59.917526+00:00,2026-02-02 12:26:59.917614+00:00
5e42ca8211a1e1b4c2c93006aa1901ab,2026-02-02T12:26:58.590414,0.04619831049147845,2026-02-02T12:26:57.909242255Z,lightOnInvocation,2026-02-02 12:26:57.916732+00:00,2026-02-02 12:26:57.916882+00:00
5e42ca8211a1e1b4c2c93006aa1901ab,2026-02-02T12:26:58.590414,0.04619831049147845,2026-02-02T12:26:57.909242255Z,lightOnInvocation,2026-02-02 12:26:57.917055+00:00,2026-02-02 12:26:57.917159+00:00
c2f4a6d185868e3c5be4adc0b58d942d,2026-02-02T12:31:45.225140,0.09414235193444491,2026-02-02T12:31:45.602248634Z,bellOffInvocation,2026-02-02 12:31:45.611641+00:00,2026-02-02 12:31:45.611773+00:00
c2f4a6d185868e3c5be4adc0b58d942d,2026-02-02T12:31:45.225140,0.09414235193444491,2026-02-02T12:31:45.602248634Z,gateUpInvocation,2026-02-02 12:31:45.611409+00:00,2026-02-02 12:31:45.611505+00:00
c2f4a6d185868e3c5be4adc0b58d942d,2026-02-02T12:31:45.225140,0.09414235193444491,2026-02-02T12:31:45.602248634Z,bellOffInvocation,2026-02-02 12:31:45.613870+00:00,2026-02-02 12:31:45.614036+00:00
c2f4a6d185868e3c5be4adc0b58d942d,2026-02-02T12:31:45.225140,0.09414235193444491,2026-02-02T12:31:45.602248634Z,lightOffInvocation,2026-02-02 12:31:45.609052+00:00,2026-02-02 12:31:45.609188+00:00
c2f4a6d185868e3c5be4adc0b58d942d,2026-02-02T12:31:45.225140,0.09414235193444491,2026-02-02T12:31:45.602248634Z,gateUpInvocation,2026-02-02 12:31:45.609129+00:00,2026-02-02 12:31:45.609303+00:00
c2f4a6d185868e3c5be4adc0b58d942d,2026-02-02T12:31:45.225140,0.09414235193444491,2026-02-02T12:31:45.602248634Z,lightOffInvocation,2026-02-02 12:31:45.609500+00:00,2026-02-02 12:31:45.609630+00:00
791500edf9b72b3afee941ff8e4af91b,2026-02-02T12:31:06.036221,0.08760133315671682,2026-02-02T12:31:06.35215037Z,lightOffInvocation,2026-02-02 12:31:06.356839+00:00,2026-02-02 12:31:06.356968+00:00
791500edf9b72b3afee941ff8e4af91b,2026-02-02T12:31:06.036221,0.08760133315671682,2026-02-02T12:31:06.35215037Z,gateUpInvocation,2026-02-02 12:31:06.356810+00:00,2026-02-02 12:31:06.356920+00:00
791500edf9b72b3afee941ff8e4af91b,2026-02-02T12:31:06.036221,0.08760133315671682,2026-02-02T12:31:06.35215037Z,lightOffInvocation,2026-02-02 12:31:06.358882+00:00,2026-02-02 12:31:06.359029+00:00
791500edf9b72b3afee941ff8e4af91b,2026-02-02T12:31:06.036221,0.08760133315671682,2026-02-02T12:31:06.35215037Z,bellOffInvocation,2026-02-02 12:31:06.357947+00:00,2026-02-02 12:31:06.358065+00:00
791500edf9b72b3afee941ff8e4af91b,2026-02-02T12:31:06.036221,0.08760133315671682,2026-02-02T12:31:06.35215037Z,bellOffInvocation,2026-02-02 12:31:06.360936+00:00,2026-02-02 12:31:06.361037+00:00
791500edf9b72b3afee941ff8e4af91b,2026-02-02T12:31:06.036221,0.08760133315671682,2026-02-02T12:31:06.35215037Z,gateUpInvocation,2026-02-02 12:31:06.362289+00:00,2026-02-02 12:31:06.362373+00:00
1f00e8c3641d566d7647223bf9d248ce,2026-02-02T12:27:15.911496,0.04924905243375302,2026-02-02T12:27:16.215445454Z,gateUpInvocation,2026-02-02 12:27:16.223449+00:00,2026-02-02 12:27:16.223538+00:00
1f00e8c3641d566d7647223bf9d248ce,2026-02-02T12:27:15.911496,0.04924905243375302,2026-02-02T12:27:16.215445454Z,bellOffInvocation,2026-02-02 12:27:16.227840+00:00,2026-02-02 12:27:16.227986+00:00
1f00e8c3641d566d7647223bf9d248ce,2026-02-02T12:27:15.911496,0.04924905243375302,2026-02-02T12:27:16.215445454Z,lightOffInvocation,2026-02-02 12:27:16.224636+00:00,2026-02-02 12:27:16.224719+00:00
1f00e8c3641d566d7647223bf9d248ce,2026-02-02T12:27:15.911496,0.04924905243375302,2026-02-02T12:27:16.215445454Z,gateUpInvocation,2026-02-02 12:27:16.226029+00:00,2026-02-02 12:27:16.226136+00:00
1f00e8c3641d566d7647223bf9d248ce,2026-02-02T12:27:15.911496,0.04924905243375302,2026-02-02T12:27:16.215445454Z,bellOffInvocation,2026-02-02 12:27:16.225065+00:00,2026-02-02 12:27:16.225153+00:00
1f00e8c3641d566d7647223bf9d248ce,2026-02-02T12:27:15.911496,0.04924905243375302,2026-02-02T12:27:16.215445454Z,lightOffInvocation,2026-02-02 12:27:16.223319+00:00,2026-02-02 12:27:16.223445+00:00
66ce91a4d950b6a2102124807dd71aa3,2026-02-02T12:31:58.309932,0.09615389887485505,2026-02-02T12:31:57.672711956Z,lightOnAction,2026-02-02 12:31:59.677500+00:00,2026-02-02 12:31:59.677580+00:00
66ce91a4d950b6a2102124807dd71aa3,2026-02-02T12:31:58.309932,0.09615389887485505,2026-02-02T12:31:57.672711956Z,gateDownInvocation,2026-02-02 12:31:57.676631+00:00,2026-02-02 12:31:57.676802+00:00
66ce91a4d950b6a2102124807dd71aa3,2026-02-02T12:31:58.309932,0.09615389887485505,2026-02-02T12:31:57.672711956Z,bellOnAction,2026-02-02 12:31:59.684634+00:00,2026-02-02 12:31:59.684715+00:00
66ce91a4d950b6a2102124807dd71aa3,2026-02-02T12:31:58.309932,0.09615389887485505,2026-02-02T12:31:57.672711956Z,gateDownInvocation,2026-02-02 12:31:57.686648+00:00,2026-02-02 12:31:57.686759+00:00
66ce91a4d950b6a2102124807dd71aa3,2026-02-02T12:31:58.309932,0.09615389887485505,2026-02-02T12:31:57.672711956Z,bellOnInvocation,2026-02-02 12:31:57.684010+00:00,2026-02-02 12:31:57.684152+00:00
66ce91a4d950b6a2102124807dd71aa3,2026-02-02T12:31:58.309932,0.09615389887485505,2026-02-02T12:31:57.672711956Z,lightOnInvocation,2026-02-02 12:31:57.676686+00:00,2026-02-02 12:31:57.676801+00:00
66ce91a4d950b6a2102124807dd71aa3,2026-02-02T12:31:58.309932,0.09615389887485505,2026-02-02T12:31:57.672711956Z,lightOnAction,2026-02-02 12:31:59.686263+00:00,2026-02-02 12:31:59.686346+00:00
66ce91a4d950b6a2102124807dd71aa3,2026-02-02T12:31:58.309932,0.09615389887485505,2026-02-02T12:31:57.672711956Z,lightOnInvocation,2026-02-02 12:31:57.682854+00:00,2026-02-02 12:31:57.682968+00:00
66ce91a4d950b6a2102124807dd71aa3,2026-02-02T12:31:58.309932,0.09615389887485505,2026-02-02T12:31:57.672711956Z,bellOnAction,2026-02-02 12:31:59.685067+00:00,2026-02-02 12:31:59.685141+00:00
66ce91a4d950b6a2102124807dd71aa3,2026-02-02T12:31:58.309932,0.09615389887485505,2026-02-02T12:31:57.672711956Z,gateDownAction,2026-02-02 12:31:59.679258+00:00,2026-02-02 12:31:59.679342+00:00
66ce91a4d950b6a2102124807dd71aa3,2026-02-02T12:31:58.309932,0.09615389887485505,2026-02-02T12:31:57.672711956Z,gateDownAction,2026-02-02 12:31:59.687793+00:00,2026-02-02 12:31:59.687861+00:00
66ce91a4d950b6a2102124807dd71aa3,2026-02-02T12:31:58.309932,0.09615389887485505,2026-02-02T12:31:57.672711956Z,bellOnInvocation,2026-02-02 12:31:57.682485+00:00,2026-02-02 12:31:57.682556+00:00
719bd78a58811b9da426aa070d40614f,2026-02-02T12:29:43.525251,0.07385257906596661,2026-02-02T12:29:43.85135396Z,gateUpInvocation,2026-02-02 12:29:43.857555+00:00,2026-02-02 12:29:43.857710+00:00
719bd78a58811b9da426aa070d40614f,2026-02-02T12:29:43.525251,0.07385257906596661,2026-02-02T12:29:43.85135396Z,gateUpInvocation,2026-02-02 12:29:43.861058+00:00,2026-02-02 12:29:43.861192+00:00
719bd78a58811b9da426aa070d40614f,2026-02-02T12:29:43.525251,0.07385257906596661,2026-02-02T12:29:43.85135396Z,lightOffInvocation,2026-02-02 12:29:43.858587+00:00,2026-02-02 12:29:43.858742+00:00
719bd78a58811b9da426aa070d40614f,2026-02-02T12:29:43.525251,0.07385257906596661,2026-02-02T12:29:43.85135396Z,bellOffInvocation,2026-02-02 12:29:43.859180+00:00,2026-02-02 12:29:43.859277+00:00
719bd78a58811b9da426aa070d40614f,2026-02-02T12:29:43.525251,0.07385257906596661,2026-02-02T12:29:43.85135396Z,bellOffInvocation,2026-02-02 12:29:43.860850+00:00,2026-02-02 12:29:43.860962+00:00
719bd78a58811b9da426aa070d40614f,2026-02-02T12:29:43.525251,0.07385257906596661,2026-02-02T12:29:43.85135396Z,lightOffInvocation,2026-02-02 12:29:43.857558+00:00,2026-02-02 12:29:43.857696+00:00
404082787325c71ff74ef22226a19372,2026-02-02T12:31:45.225140,0.09396812276976109,2026-02-02T12:31:44.556611055Z,lightOnInvocation,2026-02-02 12:31:44.560899+00:00,2026-02-02 12:31:44.560997+00:00
404082787325c71ff74ef22226a19372,2026-02-02T12:31:45.225140,0.09396812276976109,2026-02-02T12:31:44.556611055Z,gateDownAction,2026-02-02 12:31:46.561187+00:00,2026-02-02 12:31:46.561275+00:00
404082787325c71ff74ef22226a19372,2026-02-02T12:31:45.225140,0.09396812276976109,2026-02-02T12:31:44.556611055Z,bellOnInvocation,2026-02-02 12:31:44.560320+00:00,2026-02-02 12:31:44.560425+00:00
404082787325c71ff74ef22226a19372,2026-02-02T12:31:45.225140,0.09396812276976109,2026-02-02T12:31:44.556611055Z,lightOnAction,2026-02-02 12:31:46.561605+00:00,2026-02-02 12:31:46.561664+00:00
404082787325c71ff74ef22226a19372,2026-02-02T12:31:45.225140,0.09396812276976109,2026-02-02T12:31:44.556611055Z,gateDownInvocation,2026-02-02 12:31:44.559765+00:00,2026-02-02 12:31:44.559918+00:00
404082787325c71ff74ef22226a19372,2026-02-02T12:31:45.225140,0.09396812276976109,2026-02-02T12:31:44.556611055Z,gateDownAction,2026-02-02 12:31:46.562123+00:00,2026-02-02 12:31:46.562208+00:00
404082787325c71ff74ef22226a19372,2026-02-02T12:31:45.225140,0.09396812276976109,2026-02-02T12:31:44.556611055Z,bellOnAction,2026-02-02 12:31:46.561372+00:00,2026-02-02 12:31:46.561438+00:00
404082787325c71ff74ef22226a19372,2026-02-02T12:31:45.225140,0.09396812276976109,2026-02-02T12:31:44.556611055Z,lightOnAction,2026-02-02 12:31:46.560818+00:00,2026-02-02 12:31:46.560981+00:00
404082787325c71ff74ef22226a19372,2026-02-02T12:31:45.225140,0.09396812276976109,2026-02-02T12:31:44.556611055Z,bellOnInvocation,2026-02-02 12:31:44.561503+00:00,2026-02-02 12:31:44.561559+00:00
404082787325c71ff74ef22226a19372,2026-02-02T12:31:45.225140,0.09396812276976109,2026-02-02T12:31:44.556611055Z,lightOnInvocation,2026-02-02 12:31:44.559491+00:00,2026-02-02 12:31:44.559600+00:00
404082787325c71ff74ef22226a19372,2026-02-02T12:31:45.225140,0.09396812276976109,2026-02-02T12:31:44.556611055Z,bellOnAction,2026-02-02 12:31:46.560845+00:00,2026-02-02 12:31:46.560935+00:00
404082787325c71ff74ef22226a19372,2026-02-02T12:31:45.225140,0.09396812276976109,2026-02-02T12:31:44.556611055Z,gateDownInvocation,2026-02-02 12:31:44.559437+00:00,2026-02-02 12:31:44.559599+00:00
bb90c9a1f91afd2390ac575f391f1a5b,2026-02-02T12:31:53.942605,0.0954249511416316,2026-02-02T12:31:53.298648121Z,gateDownAction,2026-02-02 12:31:55.307769+00:00,2026-02-02 12:31:55.307880+00:00
bb90c9a1f91afd2390ac575f391f1a5b,2026-02-02T12:31:53.942605,0.0954249511416316,2026-02-02T12:31:53.298648121Z,lightOnInvocation,2026-02-02 12:31:53.305585+00:00,2026-02-02 12:31:53.305890+00:00
bb90c9a1f91afd2390ac575f391f1a5b,2026-02-02T12:31:53.942605,0.0954249511416316,2026-02-02T12:31:53.298648121Z,gateDownAction,2026-02-02 12:31:55.309125+00:00,2026-02-02 12:31:55.309232+00:00
bb90c9a1f91afd2390ac575f391f1a5b,2026-02-02T12:31:53.942605,0.0954249511416316,2026-02-02T12:31:53.298648121Z,lightOnAction,2026-02-02 12:31:55.310723+00:00,2026-02-02 12:31:55.310798+00:00
bb90c9a1f91afd2390ac575f391f1a5b,2026-02-02T12:31:53.942605,0.0954249511416316,2026-02-02T12:31:53.298648121Z,bellOnInvocation,2026-02-02 12:31:53.306597+00:00,2026-02-02 12:31:53.306941+00:00
bb90c9a1f91afd2390ac575f391f1a5b,2026-02-02T12:31:53.942605,0.0954249511416316,2026-02-02T12:31:53.298648121Z,bellOnAction,2026-02-02 12:31:55.310543+00:00,2026-02-02 12:31:55.310659+00:00
bb90c9a1f91afd2390ac575f391f1a5b,2026-02-02T12:31:53.942605,0.0954249511416316,2026-02-02T12:31:53.298648121Z,lightOnAction,2026-02-02 12:31:55.306673+00:00,2026-02-02 12:31:55.306765+00:00
bb90c9a1f91afd2390ac575f391f1a5b,2026-02-02T12:31:53.942605,0.0954249511416316,2026-02-02T12:31:53.298648121Z,bellOnInvocation,2026-02-02 12:31:53.309974+00:00,2026-02-02 12:31:53.310142+00:00
bb90c9a1f91afd2390ac575f391f1a5b,2026-02-02T12:31:53.942605,0.0954249511416316,2026-02-02T12:31:53.298648121Z,bellOnAction,2026-02-02 12:31:55.307878+00:00,2026-02-02 12:31:55.307992+00:00
bb90c9a1f91afd2390ac575f391f1a5b,2026-02-02T12:31:53.942605,0.0954249511416316,2026-02-02T12:31:53.298648121Z,gateDownInvocation,2026-02-02 12:31:53.307053+00:00,2026-02-02 12:31:53.307415+00:00
bb90c9a1f91afd2390ac575f391f1a5b,2026-02-02T12:31:53.942605,0.0954249511416316,2026-02-02T12:31:53.298648121Z,gateDownInvocation,2026-02-02 12:31:53.305608+00:00,2026-02-02 12:31:53.305986+00:00
bb90c9a1f91afd2390ac575f391f1a5b,2026-02-02T12:31:53.942605,0.0954249511416316,2026-02-02T12:31:53.298648121Z,lightOnInvocation,2026-02-02 12:31:53.309787+00:00,2026-02-02 12:31:53.310021+00:00
5a0aa93ae096791cea7a636e92747b48,2026-02-02T12:25:36.571332,0.03253105529704095,2026-02-02T12:25:35.897449623Z,lightOnAction,2026-02-02 12:25:37.912125+00:00,2026-02-02 12:25:37.912207+00:00
5a0aa93ae096791cea7a636e92747b48,2026-02-02T12:25:36.571332,0.03253105529704095,2026-02-02T12:25:35.897449623Z,gateDownAction,2026-02-02 12:25:37.909566+00:00,2026-02-02 12:25:37.909650+00:00
5a0aa93ae096791cea7a636e92747b48,2026-02-02T12:25:36.571332,0.03253105529704095,2026-02-02T12:25:35.897449623Z,gateDownAction,2026-02-02 12:25:37.911002+00:00,2026-02-02 12:25:37.911095+00:00
5a0aa93ae096791cea7a636e92747b48,2026-02-02T12:25:36.571332,0.03253105529704095,2026-02-02T12:25:35.897449623Z,gateDownInvocation,2026-02-02 12:25:35.907316+00:00,2026-02-02 12:25:35.907647+00:00
5a0aa93ae096791cea7a636e92747b48,2026-02-02T12:25:36.571332,0.03253105529704095,2026-02-02T12:25:35.897449623Z,bellOnAction,2026-02-02 12:25:37.915177+00:00,2026-02-02 12:25:37.915281+00:00
5a0aa93ae096791cea7a636e92747b48,2026-02-02T12:25:36.571332,0.03253105529704095,2026-02-02T12:25:35.897449623Z,lightOnInvocation,2026-02-02 12:25:35.909980+00:00,2026-02-02 12:25:35.910181+00:00
5a0aa93ae096791cea7a636e92747b48,2026-02-02T12:25:36.571332,0.03253105529704095,2026-02-02T12:25:35.897449623Z,bellOnInvocation,2026-02-02 12:25:35.913311+00:00,2026-02-02 12:25:35.913505+00:00
5a0aa93ae096791cea7a636e92747b48,2026-02-02T12:25:36.571332,0.03253105529704095,2026-02-02T12:25:35.897449623Z,lightOnAction,2026-02-02 12:25:37.911572+00:00,2026-02-02 12:25:37.911656+00:00
5a0aa93ae096791cea7a636e92747b48,2026-02-02T12:25:36.571332,0.03253105529704095,2026-02-02T12:25:35.897449623Z,bellOnAction,2026-02-02 12:25:37.916817+00:00,2026-02-02 12:25:37.916904+00:00
5a0aa93ae096791cea7a636e92747b48,2026-02-02T12:25:36.571332,0.03253105529704095,2026-02-02T12:25:35.897449623Z,gateDownInvocation,2026-02-02 12:25:35.907761+00:00,2026-02-02 12:25:35.908097+00:00
5a0aa93ae096791cea7a636e92747b48,2026-02-02T12:25:36.571332,0.03253105529704095,2026-02-02T12:25:35.897449623Z,lightOnInvocation,2026-02-02 12:25:35.910768+00:00,2026-02-02 12:25:35.911002+00:00
5a0aa93ae096791cea7a636e92747b48,2026-02-02T12:25:36.571332,0.03253105529704095,2026-02-02T12:25:35.897449623Z,bellOnInvocation,2026-02-02 12:25:35.909959+00:00,2026-02-02 12:25:35.912559+00:00
55342a43bff805b0af81bd393ca73e19,2026-02-02T12:28:34.030398,0.06227346926603318,2026-02-02T12:28:34.36975492Z,lightOffInvocation,2026-02-02 12:28:34.376571+00:00,2026-02-02 12:28:34.376625+00:00
55342a43bff805b0af81bd393ca73e19,2026-02-02T12:28:34.030398,0.06227346926603318,2026-02-02T12:28:34.36975492Z,gateUpInvocation,2026-02-02 12:28:34.377529+00:00,2026-02-02 12:28:34.377598+00:00
55342a43bff805b0af81bd393ca73e19,2026-02-02T12:28:34.030398,0.06227346926603318,2026-02-02T12:28:34.36975492Z,gateUpInvocation,2026-02-02 12:28:34.375343+00:00,2026-02-02 12:28:34.375414+00:00
55342a43bff805b0af81bd393ca73e19,2026-02-02T12:28:34.030398,0.06227346926603318,2026-02-02T12:28:34.36975492Z,bellOffInvocation,2026-02-02 12:28:34.375584+00:00,2026-02-02 12:28:34.375650+00:00
55342a43bff805b0af81bd393ca73e19,2026-02-02T12:28:34.030398,0.06227346926603318,2026-02-02T12:28:34.36975492Z,bellOffInvocation,2026-02-02 12:28:34.377385+00:00,2026-02-02 12:28:34.377439+00:00
55342a43bff805b0af81bd393ca73e19,2026-02-02T12:28:34.030398,0.06227346926603318,2026-02-02T12:28:34.36975492Z,lightOffInvocation,2026-02-02 12:28:34.375344+00:00,2026-02-02 12:28:34.375424+00:00
b88664a4026e12e593fcf4bcb916e148,2026-02-02T12:23:48.855093,0.01474495600861311,2026-02-02T12:23:49.170185089Z,bellOffInvocation,2026-02-02 12:23:49.180751+00:00,2026-02-02 12:23:49.180809+00:00
b88664a4026e12e593fcf4bcb916e148,2026-02-02T12:23:48.855093,0.01474495600861311,2026-02-02T12:23:49.170185089Z,bellOffInvocation,2026-02-02 12:23:49.179609+00:00,2026-02-02 12:23:49.179679+00:00
b88664a4026e12e593fcf4bcb916e148,2026-02-02T12:23:48.855093,0.01474495600861311,2026-02-02T12:23:49.170185089Z,lightOffInvocation,2026-02-02 12:23:49.178355+00:00,2026-02-02 12:23:49.178426+00:00
b88664a4026e12e593fcf4bcb916e148,2026-02-02T12:23:48.855093,0.01474495600861311,2026-02-02T12:23:49.170185089Z,gateUpInvocation,2026-02-02 12:23:49.179473+00:00,2026-02-02 12:23:49.179533+00:00
b88664a4026e12e593fcf4bcb916e148,2026-02-02T12:23:48.855093,0.01474495600861311,2026-02-02T12:23:49.170185089Z,gateUpInvocation,2026-02-02 12:23:49.176844+00:00,2026-02-02 12:23:49.176911+00:00
b88664a4026e12e593fcf4bcb916e148,2026-02-02T12:23:48.855093,0.01474495600861311,2026-02-02T12:23:49.170185089Z,lightOffInvocation,2026-02-02 12:23:49.176150+00:00,2026-02-02 12:23:49.176220+00:00
729710553713a161d4952841b33e196d,2026-02-02T12:31:06.036221,0.08743831367017031,2026-02-02T12:31:05.373897978Z,gateDownAction,2026-02-02 12:31:07.382034+00:00,2026-02-02 12:31:07.382062+00:00
729710553713a161d4952841b33e196d,2026-02-02T12:31:06.036221,0.08743831367017031,2026-02-02T12:31:05.373897978Z,bellOnAction,2026-02-02 12:31:07.385159+00:00,2026-02-02 12:31:07.385200+00:00
729710553713a161d4952841b33e196d,2026-02-02T12:31:06.036221,0.08743831367017031,2026-02-02T12:31:05.373897978Z,bellOnInvocation,2026-02-02 12:31:05.382065+00:00,2026-02-02 12:31:05.382207+00:00
729710553713a161d4952841b33e196d,2026-02-02T12:31:06.036221,0.08743831367017031,2026-02-02T12:31:05.373897978Z,gateDownInvocation,2026-02-02 12:31:05.384636+00:00,2026-02-02 12:31:05.384816+00:00
729710553713a161d4952841b33e196d,2026-02-02T12:31:06.036221,0.08743831367017031,2026-02-02T12:31:05.373897978Z,lightOnAction,2026-02-02 12:31:07.381080+00:00,2026-02-02 12:31:07.381112+00:00
729710553713a161d4952841b33e196d,2026-02-02T12:31:06.036221,0.08743831367017031,2026-02-02T12:31:05.373897978Z,bellOnInvocation,2026-02-02 12:31:05.383645+00:00,2026-02-02 12:31:05.383772+00:00
729710553713a161d4952841b33e196d,2026-02-02T12:31:06.036221,0.08743831367017031,2026-02-02T12:31:05.373897978Z,bellOnAction,2026-02-02 12:31:07.382840+00:00,2026-02-02 12:31:07.382882+00:00
729710553713a161d4952841b33e196d,2026-02-02T12:31:06.036221,0.08743831367017031,2026-02-02T12:31:05.373897978Z,gateDownAction,2026-02-02 12:31:07.385613+00:00,2026-02-02 12:31:07.385649+00:00
729710553713a161d4952841b33e196d,2026-02-02T12:31:06.036221,0.08743831367017031,2026-02-02T12:31:05.373897978Z,lightOnInvocation,2026-02-02 12:31:05.382559+00:00,2026-02-02 12:31:05.382751+00:00
729710553713a161d4952841b33e196d,2026-02-02T12:31:06.036221,0.08743831367017031,2026-02-02T12:31:05.373897978Z,lightOnAction,2026-02-02 12:31:07.383368+00:00,2026-02-02 12:31:07.383397+00:00
729710553713a161d4952841b33e196d,2026-02-02T12:31:06.036221,0.08743831367017031,2026-02-02T12:31:05.373897978Z,gateDownInvocation,2026-02-02 12:31:05.379998+00:00,2026-02-02 12:31:05.380256+00:00
729710553713a161d4952841b33e196d,2026-02-02T12:31:06.036221,0.08743831367017031,2026-02-02T12:31:05.373897978Z,lightOnInvocation,2026-02-02 12:31:05.379711+00:00,2026-02-02 12:31:05.379941+00:00
ff3feb37b7448e7699aba944bac8cadf,2026-02-02T12:28:03.664369,0.05704557514828444,2026-02-02T12:28:02.999314Z,bellOnInvocation,2026-02-02 12:28:03.007437+00:00,2026-02-02 12:28:03.007657+00:00
ff3feb37b7448e7699aba944bac8cadf,2026-02-02T12:28:03.664369,0.05704557514828444,2026-02-02T12:28:02.999314Z,bellOnInvocation,2026-02-02 12:28:03.009620+00:00,2026-02-02 12:28:03.009852+00:00
ff3feb37b7448e7699aba944bac8cadf,2026-02-02T12:28:03.664369,0.05704557514828444,2026-02-02T12:28:02.999314Z,gateDownAction,2026-02-02 12:28:05.010471+00:00,2026-02-02 12:28:05.010572+00:00
ff3feb37b7448e7699aba944bac8cadf,2026-02-02T12:28:03.664369,0.05704557514828444,2026-02-02T12:28:02.999314Z,gateDownAction,2026-02-02 12:28:05.007530+00:00,2026-02-02 12:28:05.007612+00:00
ff3feb37b7448e7699aba944bac8cadf,2026-02-02T12:28:03.664369,0.05704557514828444,2026-02-02T12:28:02.999314Z,gateDownInvocation,2026-02-02 12:28:03.009276+00:00,2026-02-02 12:28:03.009590+00:00
ff3feb37b7448e7699aba944bac8cadf,2026-02-02T12:28:03.664369,0.05704557514828444,2026-02-02T12:28:02.999314Z,lightOnInvocation,2026-02-02 12:28:03.007066+00:00,2026-02-02 12:28:03.007273+00:00
ff3feb37b7448e7699aba944bac8cadf,2026-02-02T12:28:03.664369,0.05704557514828444,2026-02-02T12:28:02.999314Z,bellOnAction,2026-02-02 12:28:05.010980+00:00,2026-02-02 12:28:05.011087+00:00
ff3feb37b7448e7699aba944bac8cadf,2026-02-02T12:28:03.664369,0.05704557514828444,2026-02-02T12:28:02.999314Z,bellOnAction,2026-02-02 12:28:05.009281+00:00,2026-02-02 12:28:05.009367+00:00
ff3feb37b7448e7699aba944bac8cadf,2026-02-02T12:28:03.664369,0.05704557514828444,2026-02-02T12:28:02.999314Z,lightOnAction,2026-02-02 12:28:05.008835+00:00,2026-02-02 12:28:05.008923+00:00
ff3feb37b7448e7699aba944bac8cadf,2026-02-02T12:28:03.664369,0.05704557514828444,2026-02-02T12:28:02.999314Z,gateDownInvocation,2026-02-02 12:28:03.006495+00:00,2026-02-02 12:28:03.006827+00:00
ff3feb37b7448e7699aba944bac8cadf,2026-02-02T12:28:03.664369,0.05704557514828444,2026-02-02T12:28:02.999314Z,lightOnAction,2026-02-02 12:28:05.007686+00:00,2026-02-02 12:28:05.007821+00:00
ff3feb37b7448e7699aba944bac8cadf,2026-02-02T12:28:03.664369,0.05704557514828444,2026-02-02T12:28:02.999314Z,lightOnInvocation,2026-02-02 12:28:03.006637+00:00,2026-02-02 12:28:03.006895+00:00
effd8f727bdfb68ac48f64b785f0a8c8,2026-02-02T12:22:31.354888,0.0016606916873812675,2026-02-02T12:22:30.656676185Z,lightOnAction,2026-02-02 12:22:32.670882+00:00,2026-02-02 12:22:32.670998+00:00
effd8f727bdfb68ac48f64b785f0a8c8,2026-02-02T12:22:31.354888,0.0016606916873812675,2026-02-02T12:22:30.656676185Z,bellOnInvocation,2026-02-02 12:22:30.673774+00:00,2026-02-02 12:22:30.673847+00:00
effd8f727bdfb68ac48f64b785f0a8c8,2026-02-02T12:22:31.354888,0.0016606916873812675,2026-02-02T12:22:30.656676185Z,bellOnAction,2026-02-02 12:22:32.674424+00:00,2026-02-02 12:22:32.674555+00:00
effd8f727bdfb68ac48f64b785f0a8c8,2026-02-02T12:22:31.354888,0.0016606916873812675,2026-02-02T12:22:30.656676185Z,bellOnInvocation,2026-02-02 12:22:30.673625+00:00,2026-02-02 12:22:30.673697+00:00
effd8f727bdfb68ac48f64b785f0a8c8,2026-02-02T12:22:31.354888,0.0016606916873812675,2026-02-02T12:22:30.656676185Z,gateDownAction,2026-02-02 12:22:32.672500+00:00,2026-02-02 12:22:32.672577+00:00
effd8f727bdfb68ac48f64b785f0a8c8,2026-02-02T12:22:31.354888,0.0016606916873812675,2026-02-02T12:22:30.656676185Z,lightOnInvocation,2026-02-02 12:22:30.673542+00:00,2026-02-02 12:22:30.673617+00:00
effd8f727bdfb68ac48f64b785f0a8c8,2026-02-02T12:22:31.354888,0.0016606916873812675,2026-02-02T12:22:30.656676185Z,gateDownInvocation,2026-02-02 12:22:30.672575+00:00,2026-02-02 12:22:30.672672+00:00
effd8f727bdfb68ac48f64b785f0a8c8,2026-02-02T12:22:31.354888,0.0016606916873812675,2026-02-02T12:22:30.656676185Z,lightOnAction,2026-02-02 12:22:32.673719+00:00,2026-02-02 12:22:32.673853+00:00
effd8f727bdfb68ac48f64b785f0a8c8,2026-02-02T12:22:31.354888,0.0016606916873812675,2026-02-02T12:22:30.656676185Z,lightOnInvocation,2026-02-02 12:22:30.670007+00:00,2026-02-02 12:22:30.670239+00:00
effd8f727bdfb68ac48f64b785f0a8c8,2026-02-02T12:22:31.354888,0.0016606916873812675,2026-02-02T12:22:30.656676185Z,bellOnAction,2026-02-02 12:22:32.675189+00:00,2026-02-02 12:22:32.675282+00:00
effd8f727bdfb68ac48f64b785f0a8c8,2026-02-02T12:22:31.354888,0.0016606916873812675,2026-02-02T12:22:30.656676185Z,gateDownAction,2026-02-02 12:22:32.673664+00:00,2026-02-02 12:22:32.673764+00:00
effd8f727bdfb68ac48f64b785f0a8c8,2026-02-02T12:22:31.354888,0.0016606916873812675,2026-02-02T12:22:30.656676185Z,gateDownInvocation,2026-02-02 12:22:30.671499+00:00,2026-02-02 12:22:30.671651+00:00
273b0d04e26f7ec4eabd0b4dd5c60b15,2026-02-02T12:29:08.814837,0.06807193563940526,2026-02-02T12:29:09.164140058Z,lightOffInvocation,2026-02-02 12:29:09.171039+00:00,2026-02-02 12:29:09.171213+00:00
273b0d04e26f7ec4eabd0b4dd5c60b15,2026-02-02T12:29:08.814837,0.06807193563940526,2026-02-02T12:29:09.164140058Z,bellOffInvocation,2026-02-02 12:29:09.176624+00:00,2026-02-02 12:29:09.176764+00:00
273b0d04e26f7ec4eabd0b4dd5c60b15,2026-02-02T12:29:08.814837,0.06807193563940526,2026-02-02T12:29:09.164140058Z,lightOffInvocation,2026-02-02 12:29:09.171726+00:00,2026-02-02 12:29:09.172029+00:00
273b0d04e26f7ec4eabd0b4dd5c60b15,2026-02-02T12:29:08.814837,0.06807193563940526,2026-02-02T12:29:09.164140058Z,gateUpInvocation,2026-02-02 12:29:09.174749+00:00,2026-02-02 12:29:09.174882+00:00
273b0d04e26f7ec4eabd0b4dd5c60b15,2026-02-02T12:29:08.814837,0.06807193563940526,2026-02-02T12:29:09.164140058Z,bellOffInvocation,2026-02-02 12:29:09.172548+00:00,2026-02-02 12:29:09.172695+00:00
273b0d04e26f7ec4eabd0b4dd5c60b15,2026-02-02T12:29:08.814837,0.06807193563940526,2026-02-02T12:29:09.164140058Z,gateUpInvocation,2026-02-02 12:29:09.170191+00:00,2026-02-02 12:29:09.171022+00:00
ff12c778af4db1075cdbde852464c493,2026-02-02T12:29:21.848960,0.07007763976320028,2026-02-02T12:29:21.199607299Z,lightOnInvocation,2026-02-02 12:29:21.210452+00:00,2026-02-02 12:29:21.210551+00:00
ff12c778af4db1075cdbde852464c493,2026-02-02T12:29:21.848960,0.07007763976320028,2026-02-02T12:29:21.199607299Z,bellOnAction,2026-02-02 12:29:23.212138+00:00,2026-02-02 12:29:23.212183+00:00
ff12c778af4db1075cdbde852464c493,2026-02-02T12:29:21.848960,0.07007763976320028,2026-02-02T12:29:21.199607299Z,gateDownInvocation,2026-02-02 12:29:21.210193+00:00,2026-02-02 12:29:21.210373+00:00
ff12c778af4db1075cdbde852464c493,2026-02-02T12:29:21.848960,0.07007763976320028,2026-02-02T12:29:21.199607299Z,gateDownAction,2026-02-02 12:29:23.211075+00:00,2026-02-02 12:29:23.211118+00:00
ff12c778af4db1075cdbde852464c493,2026-02-02T12:29:21.848960,0.07007763976320028,2026-02-02T12:29:21.199607299Z,gateDownAction,2026-02-02 12:29:23.211267+00:00,2026-02-02 12:29:23.211285+00:00
ff12c778af4db1075cdbde852464c493,2026-02-02T12:29:21.848960,0.07007763976320028,2026-02-02T12:29:21.199607299Z,lightOnAction,2026-02-02 12:29:23.210270+00:00,2026-02-02 12:29:23.210303+00:00
ff12c778af4db1075cdbde852464c493,2026-02-02T12:29:21.848960,0.07007763976320028,2026-02-02T12:29:21.199607299Z,bellOnInvocation,2026-02-02 12:29:21.210703+00:00,2026-02-02 12:29:21.210800+00:00
ff12c778af4db1075cdbde852464c493,2026-02-02T12:29:21.848960,0.07007763976320028,2026-02-02T12:29:21.199607299Z,lightOnInvocation,2026-02-02 12:29:21.209809+00:00,2026-02-02 12:29:21.209919+00:00
ff12c778af4db1075cdbde852464c493,2026-02-02T12:29:21.848960,0.07007763976320028,2026-02-02T12:29:21.199607299Z,bellOnInvocation,2026-02-02 12:29:21.215146+00:00,2026-02-02 12:29:21.215340+00:00
ff12c778af4db1075cdbde852464c493,2026-02-02T12:29:21.848960,0.07007763976320028,2026-02-02T12:29:21.199607299Z,gateDownInvocation,2026-02-02 12:29:21.210794+00:00,2026-02-02 12:29:21.210906+00:00
ff12c778af4db1075cdbde852464c493,2026-02-02T12:29:21.848960,0.07007763976320028,2026-02-02T12:29:21.199607299Z,lightOnAction,2026-02-02 12:29:23.211127+00:00,2026-02-02 12:29:23.211156+00:00
ff12c778af4db1075cdbde852464c493,2026-02-02T12:29:21.848960,0.07007763976320028,2026-02-02T12:29:21.199607299Z,bellOnAction,2026-02-02 12:29:23.216425+00:00,2026-02-02 12:29:23.216454+00:00
3fe36f7bb0a63b3d6a5261b7ab9e0a3d,2026-02-02T12:32:20.014882,0.09976306284791231,2026-02-02T12:32:19.329850429Z,gateDownAction,2026-02-02 12:32:21.338284+00:00,2026-02-02 12:32:21.338389+00:00
3fe36f7bb0a63b3d6a5261b7ab9e0a3d,2026-02-02T12:32:20.014882,0.09976306284791231,2026-02-02T12:32:19.329850429Z,lightOnInvocation,2026-02-02 12:32:19.336791+00:00,2026-02-02 12:32:19.336878+00:00
3fe36f7bb0a63b3d6a5261b7ab9e0a3d,2026-02-02T12:32:20.014882,0.09976306284791231,2026-02-02T12:32:19.329850429Z,lightOnAction,2026-02-02 12:32:21.336650+00:00,2026-02-02 12:32:21.336735+00:00
3fe36f7bb0a63b3d6a5261b7ab9e0a3d,2026-02-02T12:32:20.014882,0.09976306284791231,2026-02-02T12:32:19.329850429Z,gateDownAction,2026-02-02 12:32:21.335508+00:00,2026-02-02 12:32:21.335615+00:00
3fe36f7bb0a63b3d6a5261b7ab9e0a3d,2026-02-02T12:32:20.014882,0.09976306284791231,2026-02-02T12:32:19.329850429Z,lightOnInvocation,2026-02-02 12:32:19.335849+00:00,2026-02-02 12:32:19.336020+00:00
3fe36f7bb0a63b3d6a5261b7ab9e0a3d,2026-02-02T12:32:20.014882,0.09976306284791231,2026-02-02T12:32:19.329850429Z,bellOnInvocation,2026-02-02 12:32:19.335420+00:00,2026-02-02 12:32:19.335504+00:00
3fe36f7bb0a63b3d6a5261b7ab9e0a3d,2026-02-02T12:32:20.014882,0.09976306284791231,2026-02-02T12:32:19.329850429Z,lightOnAction,2026-02-02 12:32:21.337447+00:00,2026-02-02 12:32:21.337532+00:00
3fe36f7bb0a63b3d6a5261b7ab9e0a3d,2026-02-02T12:32:20.014882,0.09976306284791231,2026-02-02T12:32:19.329850429Z,bellOnAction,2026-02-02 12:32:21.335638+00:00,2026-02-02 12:32:21.335722+00:00
3fe36f7bb0a63b3d6a5261b7ab9e0a3d,2026-02-02T12:32:20.014882,0.09976306284791231,2026-02-02T12:32:19.329850429Z,bellOnInvocation,2026-02-02 12:32:19.337081+00:00,2026-02-02 12:32:19.337168+00:00
3fe36f7bb0a63b3d6a5261b7ab9e0a3d,2026-02-02T12:32:20.014882,0.09976306284791231,2026-02-02T12:32:19.329850429Z,bellOnAction,2026-02-02 12:32:21.338298+00:00,2026-02-02 12:32:21.338402+00:00
3fe36f7bb0a63b3d6a5261b7ab9e0a3d,2026-02-02T12:32:20.014882,0.09976306284791231,2026-02-02T12:32:19.329850429Z,gateDownInvocation,2026-02-02 12:32:19.335081+00:00,2026-02-02 12:32:19.335297+00:00
3fe36f7bb0a63b3d6a5261b7ab9e0a3d,2026-02-02T12:32:20.014882,0.09976306284791231,2026-02-02T12:32:19.329850429Z,gateDownInvocation,2026-02-02 12:32:19.337096+00:00,2026-02-02 12:32:19.337270+00:00
b8a6e476bf1246e572eb83de710d9562,2026-02-02T12:28:29.678369,0.06154660410950184,2026-02-02T12:28:30.008188028Z,bellOffInvocation,2026-02-02 12:28:30.020073+00:00,2026-02-02 12:28:30.020158+00:00
b8a6e476bf1246e572eb83de710d9562,2026-02-02T12:28:29.678369,0.06154660410950184,2026-02-02T12:28:30.008188028Z,bellOffInvocation,2026-02-02 12:28:30.018914+00:00,2026-02-02 12:28:30.019036+00:00
b8a6e476bf1246e572eb83de710d9562,2026-02-02T12:28:29.678369,0.06154660410950184,2026-02-02T12:28:30.008188028Z,gateUpInvocation,2026-02-02 12:28:30.018305+00:00,2026-02-02 12:28:30.018395+00:00
b8a6e476bf1246e572eb83de710d9562,2026-02-02T12:28:29.678369,0.06154660410950184,2026-02-02T12:28:30.008188028Z,lightOffInvocation,2026-02-02 12:28:30.016295+00:00,2026-02-02 12:28:30.016380+00:00
b8a6e476bf1246e572eb83de710d9562,2026-02-02T12:28:29.678369,0.06154660410950184,2026-02-02T12:28:30.008188028Z,lightOffInvocation,2026-02-02 12:28:30.016150+00:00,2026-02-02 12:28:30.016256+00:00
b8a6e476bf1246e572eb83de710d9562,2026-02-02T12:28:29.678369,0.06154660410950184,2026-02-02T12:28:30.008188028Z,gateUpInvocation,2026-02-02 12:28:30.016561+00:00,2026-02-02 12:28:30.016653+00:00
cffb78889826974caf2b264f8375f79f,2026-02-02T12:25:02.092954,0.02694886885391474,2026-02-02T12:25:02.400837367Z,lightOffInvocation,2026-02-02 12:25:02.404944+00:00,2026-02-02 12:25:02.405017+00:00
cffb78889826974caf2b264f8375f79f,2026-02-02T12:25:02.092954,0.02694886885391474,2026-02-02T12:25:02.400837367Z,gateUpInvocation,2026-02-02 12:25:02.405595+00:00,2026-02-02 12:25:02.405661+00:00
cffb78889826974caf2b264f8375f79f,2026-02-02T12:25:02.092954,0.02694886885391474,2026-02-02T12:25:02.400837367Z,gateUpInvocation,2026-02-02 12:25:02.405892+00:00,2026-02-02 12:25:02.405938+00:00
cffb78889826974caf2b264f8375f79f,2026-02-02T12:25:02.092954,0.02694886885391474,2026-02-02T12:25:02.400837367Z,lightOffInvocation,2026-02-02 12:25:02.404929+00:00,2026-02-02 12:25:02.405005+00:00
cffb78889826974caf2b264f8375f79f,2026-02-02T12:25:02.092954,0.02694886885391474,2026-02-02T12:25:02.400837367Z,bellOffInvocation,2026-02-02 12:25:02.406175+00:00,2026-02-02 12:25:02.406218+00:00
cffb78889826974caf2b264f8375f79f,2026-02-02T12:25:02.092954,0.02694886885391474,2026-02-02T12:25:02.400837367Z,bellOffInvocation,2026-02-02 12:25:02.407952+00:00,2026-02-02 12:25:02.407986+00:00
e0bf6389f2de46cf2a2cab32419fd764,2026-02-02T12:27:02.927137,0.04692506558910609,2026-02-02T12:27:02.270199189Z,gateDownAction,2026-02-02 12:27:04.286441+00:00,2026-02-02 12:27:04.286508+00:00
e0bf6389f2de46cf2a2cab32419fd764,2026-02-02T12:27:02.927137,0.04692506558910609,2026-02-02T12:27:02.270199189Z,bellOnInvocation,2026-02-02 12:27:02.283441+00:00,2026-02-02 12:27:02.283590+00:00
e0bf6389f2de46cf2a2cab32419fd764,2026-02-02T12:27:02.927137,0.04692506558910609,2026-02-02T12:27:02.270199189Z,lightOnInvocation,2026-02-02 12:27:02.280342+00:00,2026-02-02 12:27:02.280512+00:00
e0bf6389f2de46cf2a2cab32419fd764,2026-02-02T12:27:02.927137,0.04692506558910609,2026-02-02T12:27:02.270199189Z,gateDownInvocation,2026-02-02 12:27:02.285693+00:00,2026-02-02 12:27:02.285982+00:00
e0bf6389f2de46cf2a2cab32419fd764,2026-02-02T12:27:02.927137,0.04692506558910609,2026-02-02T12:27:02.270199189Z,lightOnAction,2026-02-02 12:27:04.284855+00:00,2026-02-02 12:27:04.284966+00:00
e0bf6389f2de46cf2a2cab32419fd764,2026-02-02T12:27:02.927137,0.04692506558910609,2026-02-02T12:27:02.270199189Z,gateDownInvocation,2026-02-02 12:27:02.279400+00:00,2026-02-02 12:27:02.279681+00:00
e0bf6389f2de46cf2a2cab32419fd764,2026-02-02T12:27:02.927137,0.04692506558910609,2026-02-02T12:27:02.270199189Z,gateDownAction,2026-02-02 12:27:04.281269+00:00,2026-02-02 12:27:04.281360+00:00
e0bf6389f2de46cf2a2cab32419fd764,2026-02-02T12:27:02.927137,0.04692506558910609,2026-02-02T12:27:02.270199189Z,bellOnAction,2026-02-02 12:27:04.284799+00:00,2026-02-02 12:27:04.284886+00:00
e0bf6389f2de46cf2a2cab32419fd764,2026-02-02T12:27:02.927137,0.04692506558910609,2026-02-02T12:27:02.270199189Z,lightOnAction,2026-02-02 12:27:04.281249+00:00,2026-02-02 12:27:04.281342+00:00
e0bf6389f2de46cf2a2cab32419fd764,2026-02-02T12:27:02.927137,0.04692506558910609,2026-02-02T12:27:02.270199189Z,bellOnInvocation,2026-02-02 12:27:02.281513+00:00,2026-02-02 12:27:02.281648+00:00
e0bf6389f2de46cf2a2cab32419fd764,2026-02-02T12:27:02.927137,0.04692506558910609,2026-02-02T12:27:02.270199189Z,lightOnInvocation,2026-02-02 12:27:02.279617+00:00,2026-02-02 12:27:02.279776+00:00
e0bf6389f2de46cf2a2cab32419fd764,2026-02-02T12:27:02.927137,0.04692506558910609,2026-02-02T12:27:02.270199189Z,bellOnAction,2026-02-02 12:27:04.282825+00:00,2026-02-02 12:27:04.282895+00:00
562e7d6f0154f52429974edca7e725ca,2026-02-02T12:22:31.354888,0.001827226344060898,2026-02-02T12:22:31.655949846Z,gateUpInvocation,2026-02-02 12:22:31.662882+00:00,2026-02-02 12:22:31.662999+00:00
562e7d6f0154f52429974edca7e725ca,2026-02-02T12:22:31.354888,0.001827226344060898,2026-02-02T12:22:31.655949846Z,gateUpInvocation,2026-02-02 12:22:31.664793+00:00,2026-02-02 12:22:31.664853+00:00
562e7d6f0154f52429974edca7e725ca,2026-02-02T12:22:31.354888,0.001827226344060898,2026-02-02T12:22:31.655949846Z,bellOffInvocation,2026-02-02 12:22:31.665310+00:00,2026-02-02 12:22:31.665377+00:00
562e7d6f0154f52429974edca7e725ca,2026-02-02T12:22:31.354888,0.001827226344060898,2026-02-02T12:22:31.655949846Z,lightOffInvocation,2026-02-02 12:22:31.666111+00:00,2026-02-02 12:22:31.666164+00:00
562e7d6f0154f52429974edca7e725ca,2026-02-02T12:22:31.354888,0.001827226344060898,2026-02-02T12:22:31.655949846Z,lightOffInvocation,2026-02-02 12:22:31.663953+00:00,2026-02-02 12:22:31.664030+00:00
562e7d6f0154f52429974edca7e725ca,2026-02-02T12:22:31.354888,0.001827226344060898,2026-02-02T12:22:31.655949846Z,bellOffInvocation,2026-02-02 12:22:31.664895+00:00,2026-02-02 12:22:31.664955+00:00
42720b4b8743cbd8dc17970774b0a2f5,2026-02-02T12:23:35.918309,0.012586744573140143,2026-02-02T12:23:36.219490601Z,bellOffInvocation,2026-02-02 12:23:36.225705+00:00,2026-02-02 12:23:36.225749+00:00
42720b4b8743cbd8dc17970774b0a2f5,2026-02-02T12:23:35.918309,0.012586744573140143,2026-02-02T12:23:36.219490601Z,lightOffInvocation,2026-02-02 12:23:36.226364+00:00,2026-02-02 12:23:36.226406+00:00
42720b4b8743cbd8dc17970774b0a2f5,2026-02-02T12:23:35.918309,0.012586744573140143,2026-02-02T12:23:36.219490601Z,gateUpInvocation,2026-02-02 12:23:36.223179+00:00,2026-02-02 12:23:36.223228+00:00
42720b4b8743cbd8dc17970774b0a2f5,2026-02-02T12:23:35.918309,0.012586744573140143,2026-02-02T12:23:36.219490601Z,lightOffInvocation,2026-02-02 12:23:36.224486+00:00,2026-02-02 12:23:36.224544+00:00
42720b4b8743cbd8dc17970774b0a2f5,2026-02-02T12:23:35.918309,0.012586744573140143,2026-02-02T12:23:36.219490601Z,bellOffInvocation,2026-02-02 12:23:36.225155+00:00,2026-02-02 12:23:36.225199+00:00
42720b4b8743cbd8dc17970774b0a2f5,2026-02-02T12:23:35.918309,0.012586744573140143,2026-02-02T12:23:36.219490601Z,gateUpInvocation,2026-02-02 12:23:36.224014+00:00,2026-02-02 12:23:36.224058+00:00
29eab6a0d834f089867c6ca969b1bb4f,2026-02-02T12:32:11.298247,0.09848983056727649,2026-02-02T12:32:11.689639075Z,gateUpInvocation,2026-02-02 12:32:11.701372+00:00,2026-02-02 12:32:11.701415+00:00
29eab6a0d834f089867c6ca969b1bb4f,2026-02-02T12:32:11.298247,0.09848983056727649,2026-02-02T12:32:11.689639075Z,gateUpInvocation,2026-02-02 12:32:11.697544+00:00,2026-02-02 12:32:11.697600+00:00
29eab6a0d834f089867c6ca969b1bb4f,2026-02-02T12:32:11.298247,0.09848983056727649,2026-02-02T12:32:11.689639075Z,lightOffInvocation,2026-02-02 12:32:11.700639+00:00,2026-02-02 12:32:11.700692+00:00
29eab6a0d834f089867c6ca969b1bb4f,2026-02-02T12:32:11.298247,0.09848983056727649,2026-02-02T12:32:11.689639075Z,bellOffInvocation,2026-02-02 12:32:11.698634+00:00,2026-02-02 12:32:11.698695+00:00
29eab6a0d834f089867c6ca969b1bb4f,2026-02-02T12:32:11.298247,0.09848983056727649,2026-02-02T12:32:11.689639075Z,lightOffInvocation,2026-02-02 12:32:11.695796+00:00,2026-02-02 12:32:11.695862+00:00
29eab6a0d834f089867c6ca969b1bb4f,2026-02-02T12:32:11.298247,0.09848983056727649,2026-02-02T12:32:11.689639075Z,bellOffInvocation,2026-02-02 12:32:11.701400+00:00,2026-02-02 12:32:11.701451+00:00
8f639b18ae338f0572e62578c56b1f57,2026-02-02T12:29:39.209780,0.07296845022542477,2026-02-02T12:29:38.546136758Z,gateDownAction,2026-02-02 12:29:40.553483+00:00,2026-02-02 12:29:40.553574+00:00
8f639b18ae338f0572e62578c56b1f57,2026-02-02T12:29:39.209780,0.07296845022542477,2026-02-02T12:29:38.546136758Z,bellOnInvocation,2026-02-02 12:29:38.554474+00:00,2026-02-02 12:29:38.554599+00:00
8f639b18ae338f0572e62578c56b1f57,2026-02-02T12:29:39.209780,0.07296845022542477,2026-02-02T12:29:38.546136758Z,lightOnInvocation,2026-02-02 12:29:38.552248+00:00,2026-02-02 12:29:38.552380+00:00
8f639b18ae338f0572e62578c56b1f57,2026-02-02T12:29:39.209780,0.07296845022542477,2026-02-02T12:29:38.546136758Z,bellOnAction,2026-02-02 12:29:40.555842+00:00,2026-02-02 12:29:40.555932+00:00
8f639b18ae338f0572e62578c56b1f57,2026-02-02T12:29:39.209780,0.07296845022542477,2026-02-02T12:29:38.546136758Z,gateDownInvocation,2026-02-02 12:29:38.554937+00:00,2026-02-02 12:29:38.555121+00:00
8f639b18ae338f0572e62578c56b1f57,2026-02-02T12:29:39.209780,0.07296845022542477,2026-02-02T12:29:38.546136758Z,bellOnInvocation,2026-02-02 12:29:38.560492+00:00,2026-02-02 12:29:38.560595+00:00
8f639b18ae338f0572e62578c56b1f57,2026-02-02T12:29:39.209780,0.07296845022542477,2026-02-02T12:29:38.546136758Z,lightOnAction,2026-02-02 12:29:40.555027+00:00,2026-02-02 12:29:40.555118+00:00
8f639b18ae338f0572e62578c56b1f57,2026-02-02T12:29:39.209780,0.07296845022542477,2026-02-02T12:29:38.546136758Z,gateDownAction,2026-02-02 12:29:40.555431+00:00,2026-02-02 12:29:40.555485+00:00
8f639b18ae338f0572e62578c56b1f57,2026-02-02T12:29:39.209780,0.07296845022542477,2026-02-02T12:29:38.546136758Z,lightOnInvocation,2026-02-02 12:29:38.553414+00:00,2026-02-02 12:29:38.553538+00:00
8f639b18ae338f0572e62578c56b1f57,2026-02-02T12:29:39.209780,0.07296845022542477,2026-02-02T12:29:38.546136758Z,bellOnAction,2026-02-02 12:29:40.560496+00:00,2026-02-02 12:29:40.560564+00:00
8f639b18ae338f0572e62578c56b1f57,2026-02-02T12:29:39.209780,0.07296845022542477,2026-02-02T12:29:38.546136758Z,lightOnAction,2026-02-02 12:29:40.554292+00:00,2026-02-02 12:29:40.554383+00:00
8f639b18ae338f0572e62578c56b1f57,2026-02-02T12:29:39.209780,0.07296845022542477,2026-02-02T12:29:38.546136758Z,gateDownInvocation,2026-02-02 12:29:38.552166+00:00,2026-02-02 12:29:38.552380+00:00
e4150d193fc5b3261509ab873d230f91,2026-02-02T12:29:47.876187,0.07441737346754075,2026-02-02T12:29:47.240550419Z,bellOnInvocation,2026-02-02 12:29:47.246380+00:00,2026-02-02 12:29:47.246457+00:00
e4150d193fc5b3261509ab873d230f91,2026-02-02T12:29:47.876187,0.07441737346754075,2026-02-02T12:29:47.240550419Z,gateDownAction,2026-02-02 12:29:49.246721+00:00,2026-02-02 12:29:49.246810+00:00
e4150d193fc5b3261509ab873d230f91,2026-02-02T12:29:47.876187,0.07441737346754075,2026-02-02T12:29:47.240550419Z,bellOnInvocation,2026-02-02 12:29:47.247156+00:00,2026-02-02 12:29:47.247221+00:00
e4150d193fc5b3261509ab873d230f91,2026-02-02T12:29:47.876187,0.07441737346754075,2026-02-02T12:29:47.240550419Z,lightOnInvocation,2026-02-02 12:29:47.245372+00:00,2026-02-02 12:29:47.245430+00:00
e4150d193fc5b3261509ab873d230f91,2026-02-02T12:29:47.876187,0.07441737346754075,2026-02-02T12:29:47.240550419Z,lightOnAction,2026-02-02 12:29:49.246846+00:00,2026-02-02 12:29:49.246932+00:00
e4150d193fc5b3261509ab873d230f91,2026-02-02T12:29:47.876187,0.07441737346754075,2026-02-02T12:29:47.240550419Z,bellOnAction,2026-02-02 12:29:49.247622+00:00,2026-02-02 12:29:49.247683+00:00
e4150d193fc5b3261509ab873d230f91,2026-02-02T12:29:47.876187,0.07441737346754075,2026-02-02T12:29:47.240550419Z,lightOnInvocation,2026-02-02 12:29:47.246374+00:00,2026-02-02 12:29:47.246416+00:00
e4150d193fc5b3261509ab873d230f91,2026-02-02T12:29:47.876187,0.07441737346754075,2026-02-02T12:29:47.240550419Z,lightOnAction,2026-02-02 12:29:49.246217+00:00,2026-02-02 12:29:49.246322+00:00
e4150d193fc5b3261509ab873d230f91,2026-02-02T12:29:47.876187,0.07441737346754075,2026-02-02T12:29:47.240550419Z,gateDownInvocation,2026-02-02 12:29:47.245452+00:00,2026-02-02 12:29:47.245548+00:00
e4150d193fc5b3261509ab873d230f91,2026-02-02T12:29:47.876187,0.07441737346754075,2026-02-02T12:29:47.240550419Z,gateDownAction,2026-02-02 12:29:49.247278+00:00,2026-02-02 12:29:49.247338+00:00
e4150d193fc5b3261509ab873d230f91,2026-02-02T12:29:47.876187,0.07441737346754075,2026-02-02T12:29:47.240550419Z,gateDownInvocation,2026-02-02 12:29:47.246743+00:00,2026-02-02 12:29:47.246787+00:00
e4150d193fc5b3261509ab873d230f91,2026-02-02T12:29:47.876187,0.07441737346754075,2026-02-02T12:29:47.240550419Z,bellOnAction,2026-02-02 12:29:49.247194+00:00,2026-02-02 12:29:49.247283+00:00
109780d2ed2e7d6460e50f505f36e3b8,2026-02-02T12:27:54.993439,0.05576732847274543,2026-02-02T12:27:55.328996704Z,gateUpInvocation,2026-02-02 12:27:55.336405+00:00,2026-02-02 12:27:55.336556+00:00
109780d2ed2e7d6460e50f505f36e3b8,2026-02-02T12:27:54.993439,0.05576732847274543,2026-02-02T12:27:55.328996704Z,bellOffInvocation,2026-02-02 12:27:55.339091+00:00,2026-02-02 12:27:55.339235+00:00
109780d2ed2e7d6460e50f505f36e3b8,2026-02-02T12:27:54.993439,0.05576732847274543,2026-02-02T12:27:55.328996704Z,bellOffInvocation,2026-02-02 12:27:55.337424+00:00,2026-02-02 12:27:55.337574+00:00
109780d2ed2e7d6460e50f505f36e3b8,2026-02-02T12:27:54.993439,0.05576732847274543,2026-02-02T12:27:55.328996704Z,gateUpInvocation,2026-02-02 12:27:55.337269+00:00,2026-02-02 12:27:55.337411+00:00
109780d2ed2e7d6460e50f505f36e3b8,2026-02-02T12:27:54.993439,0.05576732847274543,2026-02-02T12:27:55.328996704Z,lightOffInvocation,2026-02-02 12:27:55.336405+00:00,2026-02-02 12:27:55.336546+00:00
109780d2ed2e7d6460e50f505f36e3b8,2026-02-02T12:27:54.993439,0.05576732847274543,2026-02-02T12:27:55.328996704Z,lightOffInvocation,2026-02-02 12:27:55.339426+00:00,2026-02-02 12:27:55.339570+00:00
64fe9a5928862483ccd477c8f2934894,2026-02-02T12:29:34.852245,0.07224138859189749,2026-02-02T12:29:34.1832596Z,gateDownAction,2026-02-02 12:29:36.191798+00:00,2026-02-02 12:29:36.191854+00:00
64fe9a5928862483ccd477c8f2934894,2026-02-02T12:29:34.852245,0.07224138859189749,2026-02-02T12:29:34.1832596Z,bellOnInvocation,2026-02-02 12:29:34.190184+00:00,2026-02-02 12:29:34.190265+00:00
64fe9a5928862483ccd477c8f2934894,2026-02-02T12:29:34.852245,0.07224138859189749,2026-02-02T12:29:34.1832596Z,lightOnAction,2026-02-02 12:29:36.187808+00:00,2026-02-02 12:29:36.187866+00:00
64fe9a5928862483ccd477c8f2934894,2026-02-02T12:29:34.852245,0.07224138859189749,2026-02-02T12:29:34.1832596Z,gateDownAction,2026-02-02 12:29:36.188184+00:00,2026-02-02 12:29:36.188243+00:00
64fe9a5928862483ccd477c8f2934894,2026-02-02T12:29:34.852245,0.07224138859189749,2026-02-02T12:29:34.1832596Z,lightOnAction,2026-02-02 12:29:36.188336+00:00,2026-02-02 12:29:36.188396+00:00
64fe9a5928862483ccd477c8f2934894,2026-02-02T12:29:34.852245,0.07224138859189749,2026-02-02T12:29:34.1832596Z,gateDownInvocation,2026-02-02 12:29:34.186371+00:00,2026-02-02 12:29:34.186480+00:00
64fe9a5928862483ccd477c8f2934894,2026-02-02T12:29:34.852245,0.07224138859189749,2026-02-02T12:29:34.1832596Z,lightOnInvocation,2026-02-02 12:29:34.186606+00:00,2026-02-02 12:29:34.186689+00:00
64fe9a5928862483ccd477c8f2934894,2026-02-02T12:29:34.852245,0.07224138859189749,2026-02-02T12:29:34.1832596Z,gateDownInvocation,2026-02-02 12:29:34.189201+00:00,2026-02-02 12:29:34.189361+00:00
64fe9a5928862483ccd477c8f2934894,2026-02-02T12:29:34.852245,0.07224138859189749,2026-02-02T12:29:34.1832596Z,bellOnInvocation,2026-02-02 12:29:34.187534+00:00,2026-02-02 12:29:34.187593+00:00
64fe9a5928862483ccd477c8f2934894,2026-02-02T12:29:34.852245,0.07224138859189749,2026-02-02T12:29:34.1832596Z,bellOnAction,2026-02-02 12:29:36.187514+00:00,2026-02-02 12:29:36.187579+00:00
64fe9a5928862483ccd477c8f2934894,2026-02-02T12:29:34.852245,0.07224138859189749,2026-02-02T12:29:34.1832596Z,lightOnInvocation,2026-02-02 12:29:34.186434+00:00,2026-02-02 12:29:34.186523+00:00
64fe9a5928862483ccd477c8f2934894,2026-02-02T12:29:34.852245,0.07224138859189749,2026-02-02T12:29:34.1832596Z,bellOnAction,2026-02-02 12:29:36.191303+00:00,2026-02-02 12:29:36.191363+00:00
c5c67ec71417805af415d1ed8154892d,2026-02-02T12:30:27.012355,0.08110882897945644,2026-02-02T12:30:27.393157458Z,bellOffInvocation,2026-02-02 12:30:27.398918+00:00,2026-02-02 12:30:27.398972+00:00
c5c67ec71417805af415d1ed8154892d,2026-02-02T12:30:27.012355,0.08110882897945644,2026-02-02T12:30:27.393157458Z,lightOffInvocation,2026-02-02 12:30:27.397134+00:00,2026-02-02 12:30:27.397193+00:00
c5c67ec71417805af415d1ed8154892d,2026-02-02T12:30:27.012355,0.08110882897945644,2026-02-02T12:30:27.393157458Z,gateUpInvocation,2026-02-02 12:30:27.398414+00:00,2026-02-02 12:30:27.398481+00:00
c5c67ec71417805af415d1ed8154892d,2026-02-02T12:30:27.012355,0.08110882897945644,2026-02-02T12:30:27.393157458Z,lightOffInvocation,2026-02-02 12:30:27.397130+00:00,2026-02-02 12:30:27.397222+00:00
c5c67ec71417805af415d1ed8154892d,2026-02-02T12:30:27.012355,0.08110882897945644,2026-02-02T12:30:27.393157458Z,bellOffInvocation,2026-02-02 12:30:27.397649+00:00,2026-02-02 12:30:27.397732+00:00
c5c67ec71417805af415d1ed8154892d,2026-02-02T12:30:27.012355,0.08110882897945644,2026-02-02T12:30:27.393157458Z,gateUpInvocation,2026-02-02 12:30:27.397594+00:00,2026-02-02 12:30:27.397652+00:00
310cce12a7c9a341da03d0528ec6411d,2026-02-02T12:29:39.209780,0.07314147740384341,2026-02-02T12:29:39.584301363Z,bellOffInvocation,2026-02-02 12:29:39.589895+00:00,2026-02-02 12:29:39.589995+00:00
310cce12a7c9a341da03d0528ec6411d,2026-02-02T12:29:39.209780,0.07314147740384341,2026-02-02T12:29:39.584301363Z,gateUpInvocation,2026-02-02 12:29:39.589236+00:00,2026-02-02 12:29:39.589299+00:00
310cce12a7c9a341da03d0528ec6411d,2026-02-02T12:29:39.209780,0.07314147740384341,2026-02-02T12:29:39.584301363Z,bellOffInvocation,2026-02-02 12:29:39.590896+00:00,2026-02-02 12:29:39.590953+00:00
310cce12a7c9a341da03d0528ec6411d,2026-02-02T12:29:39.209780,0.07314147740384341,2026-02-02T12:29:39.584301363Z,gateUpInvocation,2026-02-02 12:29:39.589461+00:00,2026-02-02 12:29:39.589545+00:00
310cce12a7c9a341da03d0528ec6411d,2026-02-02T12:29:39.209780,0.07314147740384341,2026-02-02T12:29:39.584301363Z,lightOffInvocation,2026-02-02 12:29:39.589189+00:00,2026-02-02 12:29:39.589268+00:00
310cce12a7c9a341da03d0528ec6411d,2026-02-02T12:29:39.209780,0.07314147740384341,2026-02-02T12:29:39.584301363Z,lightOffInvocation,2026-02-02 12:29:39.590498+00:00,2026-02-02 12:29:39.590540+00:00
38a0a7e0df54cb21556b92eb435181d2,2026-02-02T12:32:11.298247,0.09832336278032065,2026-02-02T12:32:10.690886658Z,lightOnInvocation,2026-02-02 12:32:10.700383+00:00,2026-02-02 12:32:10.700485+00:00
38a0a7e0df54cb21556b92eb435181d2,2026-02-02T12:32:11.298247,0.09832336278032065,2026-02-02T12:32:10.690886658Z,bellOnInvocation,2026-02-02 12:32:10.699168+00:00,2026-02-02 12:32:10.699263+00:00
38a0a7e0df54cb21556b92eb435181d2,2026-02-02T12:32:11.298247,0.09832336278032065,2026-02-02T12:32:10.690886658Z,bellOnAction,2026-02-02 12:32:12.703067+00:00,2026-02-02 12:32:12.703171+00:00
38a0a7e0df54cb21556b92eb435181d2,2026-02-02T12:32:11.298247,0.09832336278032065,2026-02-02T12:32:10.690886658Z,gateDownInvocation,2026-02-02 12:32:10.698640+00:00,2026-02-02 12:32:10.698793+00:00
38a0a7e0df54cb21556b92eb435181d2,2026-02-02T12:32:11.298247,0.09832336278032065,2026-02-02T12:32:10.690886658Z,gateDownInvocation,2026-02-02 12:32:10.698268+00:00,2026-02-02 12:32:10.698428+00:00
38a0a7e0df54cb21556b92eb435181d2,2026-02-02T12:32:11.298247,0.09832336278032065,2026-02-02T12:32:10.690886658Z,lightOnInvocation,2026-02-02 12:32:10.699160+00:00,2026-02-02 12:32:10.699259+00:00
38a0a7e0df54cb21556b92eb435181d2,2026-02-02T12:32:11.298247,0.09832336278032065,2026-02-02T12:32:10.690886658Z,lightOnAction,2026-02-02 12:32:12.700823+00:00,2026-02-02 12:32:12.700912+00:00
38a0a7e0df54cb21556b92eb435181d2,2026-02-02T12:32:11.298247,0.09832336278032065,2026-02-02T12:32:10.690886658Z,gateDownAction,2026-02-02 12:32:12.701504+00:00,2026-02-02 12:32:12.701588+00:00
38a0a7e0df54cb21556b92eb435181d2,2026-02-02T12:32:11.298247,0.09832336278032065,2026-02-02T12:32:10.690886658Z,bellOnAction,2026-02-02 12:32:12.699486+00:00,2026-02-02 12:32:12.699580+00:00
38a0a7e0df54cb21556b92eb435181d2,2026-02-02T12:32:11.298247,0.09832336278032065,2026-02-02T12:32:10.690886658Z,gateDownAction,2026-02-02 12:32:12.699294+00:00,2026-02-02 12:32:12.699380+00:00
38a0a7e0df54cb21556b92eb435181d2,2026-02-02T12:32:11.298247,0.09832336278032065,2026-02-02T12:32:10.690886658Z,lightOnAction,2026-02-02 12:32:12.700842+00:00,2026-02-02 12:32:12.700916+00:00
38a0a7e0df54cb21556b92eb435181d2,2026-02-02T12:32:11.298247,0.09832336278032065,2026-02-02T12:32:10.690886658Z,bellOnInvocation,2026-02-02 12:32:10.702563+00:00,2026-02-02 12:32:10.702646+00:00
b0fbe0d403d474d2ad90c5683d7a7315,2026-02-02T12:32:02.612367,0.09687285552437305,2026-02-02T12:32:01.98672276Z,gateDownInvocation,2026-02-02 12:32:01.989302+00:00,2026-02-02 12:32:01.989376+00:00
b0fbe0d403d474d2ad90c5683d7a7315,2026-02-02T12:32:02.612367,0.09687285552437305,2026-02-02T12:32:01.98672276Z,bellOnAction,2026-02-02 12:32:03.990833+00:00,2026-02-02 12:32:03.990917+00:00
b0fbe0d403d474d2ad90c5683d7a7315,2026-02-02T12:32:02.612367,0.09687285552437305,2026-02-02T12:32:01.98672276Z,gateDownAction,2026-02-02 12:32:03.991401+00:00,2026-02-02 12:32:03.991464+00:00
b0fbe0d403d474d2ad90c5683d7a7315,2026-02-02T12:32:02.612367,0.09687285552437305,2026-02-02T12:32:01.98672276Z,gateDownInvocation,2026-02-02 12:32:01.991018+00:00,2026-02-02 12:32:01.991093+00:00
b0fbe0d403d474d2ad90c5683d7a7315,2026-02-02T12:32:02.612367,0.09687285552437305,2026-02-02T12:32:01.98672276Z,gateDownAction,2026-02-02 12:32:03.989867+00:00,2026-02-02 12:32:03.990009+00:00
b0fbe0d403d474d2ad90c5683d7a7315,2026-02-02T12:32:02.612367,0.09687285552437305,2026-02-02T12:32:01.98672276Z,lightOnAction,2026-02-02 12:32:03.990919+00:00,2026-02-02 12:32:03.991038+00:00
b0fbe0d403d474d2ad90c5683d7a7315,2026-02-02T12:32:02.612367,0.09687285552437305,2026-02-02T12:32:01.98672276Z,bellOnInvocation,2026-02-02 12:32:01.989962+00:00,2026-02-02 12:32:01.990036+00:00
b0fbe0d403d474d2ad90c5683d7a7315,2026-02-02T12:32:02.612367,0.09687285552437305,2026-02-02T12:32:01.98672276Z,bellOnAction,2026-02-02 12:32:03.991234+00:00,2026-02-02 12:32:03.991284+00:00
b0fbe0d403d474d2ad90c5683d7a7315,2026-02-02T12:32:02.612367,0.09687285552437305,2026-02-02T12:32:01.98672276Z,lightOnInvocation,2026-02-02 12:32:01.989551+00:00,2026-02-02 12:32:01.989616+00:00
b0fbe0d403d474d2ad90c5683d7a7315,2026-02-02T12:32:02.612367,0.09687285552437305,2026-02-02T12:32:01.98672276Z,lightOnAction,2026-02-02 12:32:03.990227+00:00,2026-02-02 12:32:03.990315+00:00
b0fbe0d403d474d2ad90c5683d7a7315,2026-02-02T12:32:02.612367,0.09687285552437305,2026-02-02T12:32:01.98672276Z,lightOnInvocation,2026-02-02 12:32:01.990447+00:00,2026-02-02 12:32:01.990522+00:00
b0fbe0d403d474d2ad90c5683d7a7315,2026-02-02T12:32:02.612367,0.09687285552437305,2026-02-02T12:32:01.98672276Z,bellOnInvocation,2026-02-02 12:32:01.990646+00:00,2026-02-02 12:32:01.990689+00:00
fd0269420f32ff8e30d0fb07e681e2b0,2026-02-02T12:22:39.960288,0.0030948008818626406,2026-02-02T12:22:39.262080586Z,lightOnInvocation,2026-02-02 12:22:39.277809+00:00,2026-02-02 12:22:39.278011+00:00
fd0269420f32ff8e30d0fb07e681e2b0,2026-02-02T12:22:39.960288,0.0030948008818626406,2026-02-02T12:22:39.262080586Z,bellOnInvocation,2026-02-02 12:22:39.279715+00:00,2026-02-02 12:22:39.279852+00:00
fd0269420f32ff8e30d0fb07e681e2b0,2026-02-02T12:22:39.960288,0.0030948008818626406,2026-02-02T12:22:39.262080586Z,gateDownAction,2026-02-02 12:22:41.274502+00:00,2026-02-02 12:22:41.274525+00:00
fd0269420f32ff8e30d0fb07e681e2b0,2026-02-02T12:22:39.960288,0.0030948008818626406,2026-02-02T12:22:39.262080586Z,gateDownInvocation,2026-02-02 12:22:39.273849+00:00,2026-02-02 12:22:39.274120+00:00
fd0269420f32ff8e30d0fb07e681e2b0,2026-02-02T12:22:39.960288,0.0030948008818626406,2026-02-02T12:22:39.262080586Z,lightOnInvocation,2026-02-02 12:22:39.271335+00:00,2026-02-02 12:22:39.271539+00:00
fd0269420f32ff8e30d0fb07e681e2b0,2026-02-02T12:22:39.960288,0.0030948008818626406,2026-02-02T12:22:39.262080586Z,lightOnAction,2026-02-02 12:22:41.272300+00:00,2026-02-02 12:22:41.272330+00:00
fd0269420f32ff8e30d0fb07e681e2b0,2026-02-02T12:22:39.960288,0.0030948008818626406,2026-02-02T12:22:39.262080586Z,bellOnInvocation,2026-02-02 12:22:39.277502+00:00,2026-02-02 12:22:39.277646+00:00
fd0269420f32ff8e30d0fb07e681e2b0,2026-02-02T12:22:39.960288,0.0030948008818626406,2026-02-02T12:22:39.262080586Z,gateDownAction,2026-02-02 12:22:41.275939+00:00,2026-02-02 12:22:41.275970+00:00
fd0269420f32ff8e30d0fb07e681e2b0,2026-02-02T12:22:39.960288,0.0030948008818626406,2026-02-02T12:22:39.262080586Z,lightOnAction,2026-02-02 12:22:41.278448+00:00,2026-02-02 12:22:41.278480+00:00
fd0269420f32ff8e30d0fb07e681e2b0,2026-02-02T12:22:39.960288,0.0030948008818626406,2026-02-02T12:22:39.262080586Z,bellOnAction,2026-02-02 12:22:41.280687+00:00,2026-02-02 12:22:41.280719+00:00
fd0269420f32ff8e30d0fb07e681e2b0,2026-02-02T12:22:39.960288,0.0030948008818626406,2026-02-02T12:22:39.262080586Z,gateDownInvocation,2026-02-02 12:22:39.273717+00:00,2026-02-02 12:22:39.274025+00:00
fd0269420f32ff8e30d0fb07e681e2b0,2026-02-02T12:22:39.960288,0.0030948008818626406,2026-02-02T12:22:39.262080586Z,bellOnAction,2026-02-02 12:22:41.278556+00:00,2026-02-02 12:22:41.278585+00:00
7a11f97d33622b515023347b14b7cee2,2026-02-02T12:28:16.649151,0.059373220358836666,2026-02-02T12:28:16.966569261Z,gateUpInvocation,2026-02-02 12:28:16.973454+00:00,2026-02-02 12:28:16.973550+00:00
7a11f97d33622b515023347b14b7cee2,2026-02-02T12:28:16.649151,0.059373220358836666,2026-02-02T12:28:16.966569261Z,bellOffInvocation,2026-02-02 12:28:16.975972+00:00,2026-02-02 12:28:16.976123+00:00
7a11f97d33622b515023347b14b7cee2,2026-02-02T12:28:16.649151,0.059373220358836666,2026-02-02T12:28:16.966569261Z,gateUpInvocation,2026-02-02 12:28:16.975635+00:00,2026-02-02 12:28:16.975713+00:00
7a11f97d33622b515023347b14b7cee2,2026-02-02T12:28:16.649151,0.059373220358836666,2026-02-02T12:28:16.966569261Z,lightOffInvocation,2026-02-02 12:28:16.973613+00:00,2026-02-02 12:28:16.973730+00:00
7a11f97d33622b515023347b14b7cee2,2026-02-02T12:28:16.649151,0.059373220358836666,2026-02-02T12:28:16.966569261Z,lightOffInvocation,2026-02-02 12:28:16.974283+00:00,2026-02-02 12:28:16.974394+00:00
7a11f97d33622b515023347b14b7cee2,2026-02-02T12:28:16.649151,0.059373220358836666,2026-02-02T12:28:16.966569261Z,bellOffInvocation,2026-02-02 12:28:16.975067+00:00,2026-02-02 12:28:16.975230+00:00
704543a130b6b33051165c59d5e9e238,2026-02-02T12:22:44.260792,0.0038118677365660673,2026-02-02T12:22:43.56489941Z,lightOnInvocation,2026-02-02 12:22:43.573507+00:00,2026-02-02 12:22:43.573594+00:00
704543a130b6b33051165c59d5e9e238,2026-02-02T12:22:44.260792,0.0038118677365660673,2026-02-02T12:22:43.56489941Z,bellOnInvocation,2026-02-02 12:22:43.577915+00:00,2026-02-02 12:22:43.577958+00:00
704543a130b6b33051165c59d5e9e238,2026-02-02T12:22:44.260792,0.0038118677365660673,2026-02-02T12:22:43.56489941Z,lightOnAction,2026-02-02 12:22:45.574992+00:00,2026-02-02 12:22:45.575110+00:00
704543a130b6b33051165c59d5e9e238,2026-02-02T12:22:44.260792,0.0038118677365660673,2026-02-02T12:22:43.56489941Z,gateDownInvocation,2026-02-02 12:22:43.575383+00:00,2026-02-02 12:22:43.575483+00:00
704543a130b6b33051165c59d5e9e238,2026-02-02T12:22:44.260792,0.0038118677365660673,2026-02-02T12:22:43.56489941Z,lightOnAction,2026-02-02 12:22:45.575480+00:00,2026-02-02 12:22:45.575569+00:00
704543a130b6b33051165c59d5e9e238,2026-02-02T12:22:44.260792,0.0038118677365660673,2026-02-02T12:22:43.56489941Z,lightOnInvocation,2026-02-02 12:22:43.575023+00:00,2026-02-02 12:22:43.575115+00:00
704543a130b6b33051165c59d5e9e238,2026-02-02T12:22:44.260792,0.0038118677365660673,2026-02-02T12:22:43.56489941Z,gateDownInvocation,2026-02-02 12:22:43.574496+00:00,2026-02-02 12:22:43.574575+00:00
704543a130b6b33051165c59d5e9e238,2026-02-02T12:22:44.260792,0.0038118677365660673,2026-02-02T12:22:43.56489941Z,bellOnAction,2026-02-02 12:22:45.578352+00:00,2026-02-02 12:22:45.578438+00:00
704543a130b6b33051165c59d5e9e238,2026-02-02T12:22:44.260792,0.0038118677365660673,2026-02-02T12:22:43.56489941Z,bellOnAction,2026-02-02 12:22:45.577236+00:00,2026-02-02 12:22:45.577322+00:00
704543a130b6b33051165c59d5e9e238,2026-02-02T12:22:44.260792,0.0038118677365660673,2026-02-02T12:22:43.56489941Z,bellOnInvocation,2026-02-02 12:22:43.576177+00:00,2026-02-02 12:22:43.576240+00:00
704543a130b6b33051165c59d5e9e238,2026-02-02T12:22:44.260792,0.0038118677365660673,2026-02-02T12:22:43.56489941Z,gateDownAction,2026-02-02 12:22:45.575298+00:00,2026-02-02 12:22:45.575425+00:00
704543a130b6b33051165c59d5e9e238,2026-02-02T12:22:44.260792,0.0038118677365660673,2026-02-02T12:22:43.56489941Z,gateDownAction,2026-02-02 12:22:45.575482+00:00,2026-02-02 12:22:45.575570+00:00
ae0fb2c6f12572bed82d079cceff5408,2026-02-02T12:28:42.716744,0.06354797286607028,2026-02-02T12:28:42.017579562Z,gateDownAction,2026-02-02 12:28:44.029591+00:00,2026-02-02 12:28:44.029673+00:00
ae0fb2c6f12572bed82d079cceff5408,2026-02-02T12:28:42.716744,0.06354797286607028,2026-02-02T12:28:42.017579562Z,lightOnInvocation,2026-02-02 12:28:42.025156+00:00,2026-02-02 12:28:42.025395+00:00
ae0fb2c6f12572bed82d079cceff5408,2026-02-02T12:28:42.716744,0.06354797286607028,2026-02-02T12:28:42.017579562Z,gateDownAction,2026-02-02 12:28:44.027215+00:00,2026-02-02 12:28:44.027310+00:00
ae0fb2c6f12572bed82d079cceff5408,2026-02-02T12:28:42.716744,0.06354797286607028,2026-02-02T12:28:42.017579562Z,bellOnInvocation,2026-02-02 12:28:42.028280+00:00,2026-02-02 12:28:42.028503+00:00
ae0fb2c6f12572bed82d079cceff5408,2026-02-02T12:28:42.716744,0.06354797286607028,2026-02-02T12:28:42.017579562Z,gateDownInvocation,2026-02-02 12:28:42.027859+00:00,2026-02-02 12:28:42.028170+00:00
ae0fb2c6f12572bed82d079cceff5408,2026-02-02T12:28:42.716744,0.06354797286607028,2026-02-02T12:28:42.017579562Z,gateDownInvocation,2026-02-02 12:28:42.025009+00:00,2026-02-02 12:28:42.025304+00:00
ae0fb2c6f12572bed82d079cceff5408,2026-02-02T12:28:42.716744,0.06354797286607028,2026-02-02T12:28:42.017579562Z,bellOnAction,2026-02-02 12:28:44.031069+00:00,2026-02-02 12:28:44.031144+00:00
ae0fb2c6f12572bed82d079cceff5408,2026-02-02T12:28:42.716744,0.06354797286607028,2026-02-02T12:28:42.017579562Z,bellOnAction,2026-02-02 12:28:44.029483+00:00,2026-02-02 12:28:44.029565+00:00
ae0fb2c6f12572bed82d079cceff5408,2026-02-02T12:28:42.716744,0.06354797286607028,2026-02-02T12:28:42.017579562Z,lightOnInvocation,2026-02-02 12:28:42.025409+00:00,2026-02-02 12:28:42.025620+00:00
ae0fb2c6f12572bed82d079cceff5408,2026-02-02T12:28:42.716744,0.06354797286607028,2026-02-02T12:28:42.017579562Z,bellOnInvocation,2026-02-02 12:28:42.029196+00:00,2026-02-02 12:28:42.029389+00:00
ae0fb2c6f12572bed82d079cceff5408,2026-02-02T12:28:42.716744,0.06354797286607028,2026-02-02T12:28:42.017579562Z,lightOnAction,2026-02-02 12:28:44.026783+00:00,2026-02-02 12:28:44.026904+00:00
ae0fb2c6f12572bed82d079cceff5408,2026-02-02T12:28:42.716744,0.06354797286607028,2026-02-02T12:28:42.017579562Z,lightOnAction,2026-02-02 12:28:44.026795+00:00,2026-02-02 12:28:44.026970+00:00
1a373016ee9bf0eb05eb794536f9ee0d,2026-02-02T12:30:48.723825,0.08455952895100116,2026-02-02T12:30:48.099522577Z,bellOnAction,2026-02-02 12:30:50.111838+00:00,2026-02-02 12:30:50.111880+00:00
1a373016ee9bf0eb05eb794536f9ee0d,2026-02-02T12:30:48.723825,0.08455952895100116,2026-02-02T12:30:48.099522577Z,bellOnInvocation,2026-02-02 12:30:48.108051+00:00,2026-02-02 12:30:48.108249+00:00
1a373016ee9bf0eb05eb794536f9ee0d,2026-02-02T12:30:48.723825,0.08455952895100116,2026-02-02T12:30:48.099522577Z,lightOnAction,2026-02-02 12:30:50.109897+00:00,2026-02-02 12:30:50.109955+00:00
1a373016ee9bf0eb05eb794536f9ee0d,2026-02-02T12:30:48.723825,0.08455952895100116,2026-02-02T12:30:48.099522577Z,bellOnInvocation,2026-02-02 12:30:48.110288+00:00,2026-02-02 12:30:48.110450+00:00
1a373016ee9bf0eb05eb794536f9ee0d,2026-02-02T12:30:48.723825,0.08455952895100116,2026-02-02T12:30:48.099522577Z,gateDownAction,2026-02-02 12:30:50.110191+00:00,2026-02-02 12:30:50.110226+00:00
1a373016ee9bf0eb05eb794536f9ee0d,2026-02-02T12:30:48.723825,0.08455952895100116,2026-02-02T12:30:48.099522577Z,lightOnInvocation,2026-02-02 12:30:48.107648+00:00,2026-02-02 12:30:48.107840+00:00
1a373016ee9bf0eb05eb794536f9ee0d,2026-02-02T12:30:48.723825,0.08455952895100116,2026-02-02T12:30:48.099522577Z,lightOnAction,2026-02-02 12:30:50.108245+00:00,2026-02-02 12:30:50.108362+00:00
1a373016ee9bf0eb05eb794536f9ee0d,2026-02-02T12:30:48.723825,0.08455952895100116,2026-02-02T12:30:48.099522577Z,gateDownInvocation,2026-02-02 12:30:48.107129+00:00,2026-02-02 12:30:48.107466+00:00
1a373016ee9bf0eb05eb794536f9ee0d,2026-02-02T12:30:48.723825,0.08455952895100116,2026-02-02T12:30:48.099522577Z,gateDownInvocation,2026-02-02 12:30:48.109729+00:00,2026-02-02 12:30:48.110031+00:00
1a373016ee9bf0eb05eb794536f9ee0d,2026-02-02T12:30:48.723825,0.08455952895100116,2026-02-02T12:30:48.099522577Z,lightOnInvocation,2026-02-02 12:30:48.106268+00:00,2026-02-02 12:30:48.106458+00:00
1a373016ee9bf0eb05eb794536f9ee0d,2026-02-02T12:30:48.723825,0.08455952895100116,2026-02-02T12:30:48.099522577Z,gateDownAction,2026-02-02 12:30:50.108533+00:00,2026-02-02 12:30:50.108596+00:00
1a373016ee9bf0eb05eb794536f9ee0d,2026-02-02T12:30:48.723825,0.08455952895100116,2026-02-02T12:30:48.099522577Z,bellOnAction,2026-02-02 12:30:50.109445+00:00,2026-02-02 12:30:50.109505+00:00
154b88939cecee86ab6b084db407e521,2026-02-02T12:30:53.024081,0.08543614740374089,2026-02-02T12:30:53.35975998Z,gateUpInvocation,2026-02-02 12:30:53.366819+00:00,2026-02-02 12:30:53.366993+00:00
154b88939cecee86ab6b084db407e521,2026-02-02T12:30:53.024081,0.08543614740374089,2026-02-02T12:30:53.35975998Z,lightOffInvocation,2026-02-02 12:30:53.366491+00:00,2026-02-02 12:30:53.366577+00:00
154b88939cecee86ab6b084db407e521,2026-02-02T12:30:53.024081,0.08543614740374089,2026-02-02T12:30:53.35975998Z,bellOffInvocation,2026-02-02 12:30:53.370263+00:00,2026-02-02 12:30:53.370361+00:00
154b88939cecee86ab6b084db407e521,2026-02-02T12:30:53.024081,0.08543614740374089,2026-02-02T12:30:53.35975998Z,gateUpInvocation,2026-02-02 12:30:53.368164+00:00,2026-02-02 12:30:53.368282+00:00
154b88939cecee86ab6b084db407e521,2026-02-02T12:30:53.024081,0.08543614740374089,2026-02-02T12:30:53.35975998Z,lightOffInvocation,2026-02-02 12:30:53.365350+00:00,2026-02-02 12:30:53.365492+00:00
154b88939cecee86ab6b084db407e521,2026-02-02T12:30:53.024081,0.08543614740374089,2026-02-02T12:30:53.35975998Z,bellOffInvocation,2026-02-02 12:30:53.368526+00:00,2026-02-02 12:30:53.368635+00:00
6dd02dc7b77ccc6d8b861a12d66859b3,2026-02-02T12:22:48.563537,0.004528504646360874,2026-02-02T12:22:47.865280911Z,lightOnInvocation,2026-02-02 12:22:47.876795+00:00,2026-02-02 12:22:47.876860+00:00
6dd02dc7b77ccc6d8b861a12d66859b3,2026-02-02T12:22:48.563537,0.004528504646360874,2026-02-02T12:22:47.865280911Z,lightOnInvocation,2026-02-02 12:22:47.875602+00:00,2026-02-02 12:22:47.875674+00:00
6dd02dc7b77ccc6d8b861a12d66859b3,2026-02-02T12:22:48.563537,0.004528504646360874,2026-02-02T12:22:47.865280911Z,lightOnAction,2026-02-02 12:22:49.879666+00:00,2026-02-02 12:22:49.879783+00:00
6dd02dc7b77ccc6d8b861a12d66859b3,2026-02-02T12:22:48.563537,0.004528504646360874,2026-02-02T12:22:47.865280911Z,gateDownInvocation,2026-02-02 12:22:47.877162+00:00,2026-02-02 12:22:47.877266+00:00
6dd02dc7b77ccc6d8b861a12d66859b3,2026-02-02T12:22:48.563537,0.004528504646360874,2026-02-02T12:22:47.865280911Z,gateDownAction,2026-02-02 12:22:49.877070+00:00,2026-02-02 12:22:49.877178+00:00
6dd02dc7b77ccc6d8b861a12d66859b3,2026-02-02T12:22:48.563537,0.004528504646360874,2026-02-02T12:22:47.865280911Z,bellOnAction,2026-02-02 12:22:49.879955+00:00,2026-02-02 12:22:49.880094+00:00
6dd02dc7b77ccc6d8b861a12d66859b3,2026-02-02T12:22:48.563537,0.004528504646360874,2026-02-02T12:22:47.865280911Z,bellOnInvocation,2026-02-02 12:22:47.880377+00:00,2026-02-02 12:22:47.880429+00:00
6dd02dc7b77ccc6d8b861a12d66859b3,2026-02-02T12:22:48.563537,0.004528504646360874,2026-02-02T12:22:47.865280911Z,gateDownInvocation,2026-02-02 12:22:47.880475+00:00,2026-02-02 12:22:47.880563+00:00
6dd02dc7b77ccc6d8b861a12d66859b3,2026-02-02T12:22:48.563537,0.004528504646360874,2026-02-02T12:22:47.865280911Z,lightOnAction,2026-02-02 12:22:49.875361+00:00,2026-02-02 12:22:49.875456+00:00
6dd02dc7b77ccc6d8b861a12d66859b3,2026-02-02T12:22:48.563537,0.004528504646360874,2026-02-02T12:22:47.865280911Z,bellOnAction,2026-02-02 12:22:49.878782+00:00,2026-02-02 12:22:49.878870+00:00
6dd02dc7b77ccc6d8b861a12d66859b3,2026-02-02T12:22:48.563537,0.004528504646360874,2026-02-02T12:22:47.865280911Z,gateDownAction,2026-02-02 12:22:49.880180+00:00,2026-02-02 12:22:49.880272+00:00
6dd02dc7b77ccc6d8b861a12d66859b3,2026-02-02T12:22:48.563537,0.004528504646360874,2026-02-02T12:22:47.865280911Z,bellOnInvocation,2026-02-02 12:22:47.878482+00:00,2026-02-02 12:22:47.878551+00:00
26aec959ec14ff9cfa9697a9517f3055,2026-02-02T12:27:24.612340,0.0507031582582593,2026-02-02T12:27:24.941032087Z,bellOffInvocation,2026-02-02 12:27:24.948985+00:00,2026-02-02 12:27:24.949033+00:00
26aec959ec14ff9cfa9697a9517f3055,2026-02-02T12:27:24.612340,0.0507031582582593,2026-02-02T12:27:24.941032087Z,lightOffInvocation,2026-02-02 12:27:24.946565+00:00,2026-02-02 12:27:24.946605+00:00
26aec959ec14ff9cfa9697a9517f3055,2026-02-02T12:27:24.612340,0.0507031582582593,2026-02-02T12:27:24.941032087Z,lightOffInvocation,2026-02-02 12:27:24.946684+00:00,2026-02-02 12:27:24.946737+00:00
26aec959ec14ff9cfa9697a9517f3055,2026-02-02T12:27:24.612340,0.0507031582582593,2026-02-02T12:27:24.941032087Z,gateUpInvocation,2026-02-02 12:27:24.946533+00:00,2026-02-02 12:27:24.946563+00:00
26aec959ec14ff9cfa9697a9517f3055,2026-02-02T12:27:24.612340,0.0507031582582593,2026-02-02T12:27:24.941032087Z,bellOffInvocation,2026-02-02 12:27:24.947610+00:00,2026-02-02 12:27:24.947654+00:00
26aec959ec14ff9cfa9697a9517f3055,2026-02-02T12:27:24.612340,0.0507031582582593,2026-02-02T12:27:24.941032087Z,gateUpInvocation,2026-02-02 12:27:24.948731+00:00,2026-02-02 12:27:24.948769+00:00
5b1285b00fbb7dbd6d6b06d666316056,2026-02-02T12:24:10.370373,0.018328696215987206,2026-02-02T12:24:10.674789462Z,gateUpInvocation,2026-02-02 12:24:10.685563+00:00,2026-02-02 12:24:10.685628+00:00
5b1285b00fbb7dbd6d6b06d666316056,2026-02-02T12:24:10.370373,0.018328696215987206,2026-02-02T12:24:10.674789462Z,lightOffInvocation,2026-02-02 12:24:10.686651+00:00,2026-02-02 12:24:10.686780+00:00
5b1285b00fbb7dbd6d6b06d666316056,2026-02-02T12:24:10.370373,0.018328696215987206,2026-02-02T12:24:10.674789462Z,bellOffInvocation,2026-02-02 12:24:10.690760+00:00,2026-02-02 12:24:10.690823+00:00
5b1285b00fbb7dbd6d6b06d666316056,2026-02-02T12:24:10.370373,0.018328696215987206,2026-02-02T12:24:10.674789462Z,bellOffInvocation,2026-02-02 12:24:10.691725+00:00,2026-02-02 12:24:10.691832+00:00
5b1285b00fbb7dbd6d6b06d666316056,2026-02-02T12:24:10.370373,0.018328696215987206,2026-02-02T12:24:10.674789462Z,lightOffInvocation,2026-02-02 12:24:10.683592+00:00,2026-02-02 12:24:10.683732+00:00
5b1285b00fbb7dbd6d6b06d666316056,2026-02-02T12:24:10.370373,0.018328696215987206,2026-02-02T12:24:10.674789462Z,gateUpInvocation,2026-02-02 12:24:10.689651+00:00,2026-02-02 12:24:10.689723+00:00
b340ef9820cf5e9e9db9770de0d55ab4,2026-02-02T12:24:18.971259,0.019594892991137508,2026-02-02T12:24:18.272534772Z,gateDownAction,2026-02-02 12:24:20.276794+00:00,2026-02-02 12:24:20.276909+00:00
b340ef9820cf5e9e9db9770de0d55ab4,2026-02-02T12:24:18.971259,0.019594892991137508,2026-02-02T12:24:18.272534772Z,gateDownInvocation,2026-02-02 12:24:18.276071+00:00,2026-02-02 12:24:18.276164+00:00
b340ef9820cf5e9e9db9770de0d55ab4,2026-02-02T12:24:18.971259,0.019594892991137508,2026-02-02T12:24:18.272534772Z,lightOnAction,2026-02-02 12:24:20.277409+00:00,2026-02-02 12:24:20.277502+00:00
b340ef9820cf5e9e9db9770de0d55ab4,2026-02-02T12:24:18.971259,0.019594892991137508,2026-02-02T12:24:18.272534772Z,bellOnAction,2026-02-02 12:24:20.277390+00:00,2026-02-02 12:24:20.277478+00:00
b340ef9820cf5e9e9db9770de0d55ab4,2026-02-02T12:24:18.971259,0.019594892991137508,2026-02-02T12:24:18.272534772Z,gateDownAction,2026-02-02 12:24:20.276801+00:00,2026-02-02 12:24:20.276940+00:00
b340ef9820cf5e9e9db9770de0d55ab4,2026-02-02T12:24:18.971259,0.019594892991137508,2026-02-02T12:24:18.272534772Z,bellOnAction,2026-02-02 12:24:20.279118+00:00,2026-02-02 12:24:20.279213+00:00
b340ef9820cf5e9e9db9770de0d55ab4,2026-02-02T12:24:18.971259,0.019594892991137508,2026-02-02T12:24:18.272534772Z,lightOnInvocation,2026-02-02 12:24:18.276100+00:00,2026-02-02 12:24:18.276158+00:00
b340ef9820cf5e9e9db9770de0d55ab4,2026-02-02T12:24:18.971259,0.019594892991137508,2026-02-02T12:24:18.272534772Z,gateDownInvocation,2026-02-02 12:24:18.276175+00:00,2026-02-02 12:24:18.276260+00:00
b340ef9820cf5e9e9db9770de0d55ab4,2026-02-02T12:24:18.971259,0.019594892991137508,2026-02-02T12:24:18.272534772Z,bellOnInvocation,2026-02-02 12:24:18.278364+00:00,2026-02-02 12:24:18.278408+00:00
b340ef9820cf5e9e9db9770de0d55ab4,2026-02-02T12:24:18.971259,0.019594892991137508,2026-02-02T12:24:18.272534772Z,lightOnInvocation,2026-02-02 12:24:18.276997+00:00,2026-02-02 12:24:18.277052+00:00
b340ef9820cf5e9e9db9770de0d55ab4,2026-02-02T12:24:18.971259,0.019594892991137508,2026-02-02T12:24:18.272534772Z,bellOnInvocation,2026-02-02 12:24:18.277231+00:00,2026-02-02 12:24:18.277290+00:00
b340ef9820cf5e9e9db9770de0d55ab4,2026-02-02T12:24:18.971259,0.019594892991137508,2026-02-02T12:24:18.272534772Z,lightOnAction,2026-02-02 12:24:20.276578+00:00,2026-02-02 12:24:20.276681+00:00
c30d03525d220a1e2839c82816e21017,2026-02-02T12:27:20.261547,0.04981159630954266,2026-02-02T12:27:19.591131056Z,gateDownAction,2026-02-02 12:27:21.600619+00:00,2026-02-02 12:27:21.600703+00:00
c30d03525d220a1e2839c82816e21017,2026-02-02T12:27:20.261547,0.04981159630954266,2026-02-02T12:27:19.591131056Z,gateDownAction,2026-02-02 12:27:21.600327+00:00,2026-02-02 12:27:21.600389+00:00
c30d03525d220a1e2839c82816e21017,2026-02-02T12:27:20.261547,0.04981159630954266,2026-02-02T12:27:19.591131056Z,lightOnAction,2026-02-02 12:27:21.600157+00:00,2026-02-02 12:27:21.600242+00:00
c30d03525d220a1e2839c82816e21017,2026-02-02T12:27:20.261547,0.04981159630954266,2026-02-02T12:27:19.591131056Z,lightOnInvocation,2026-02-02 12:27:19.599031+00:00,2026-02-02 12:27:19.599146+00:00
c30d03525d220a1e2839c82816e21017,2026-02-02T12:27:20.261547,0.04981159630954266,2026-02-02T12:27:19.591131056Z,bellOnAction,2026-02-02 12:27:21.600827+00:00,2026-02-02 12:27:21.600913+00:00
c30d03525d220a1e2839c82816e21017,2026-02-02T12:27:20.261547,0.04981159630954266,2026-02-02T12:27:19.591131056Z,lightOnAction,2026-02-02 12:27:21.599787+00:00,2026-02-02 12:27:21.599940+00:00
c30d03525d220a1e2839c82816e21017,2026-02-02T12:27:20.261547,0.04981159630954266,2026-02-02T12:27:19.591131056Z,bellOnInvocation,2026-02-02 12:27:19.600471+00:00,2026-02-02 12:27:19.600569+00:00
c30d03525d220a1e2839c82816e21017,2026-02-02T12:27:20.261547,0.04981159630954266,2026-02-02T12:27:19.591131056Z,gateDownInvocation,2026-02-02 12:27:19.600218+00:00,2026-02-02 12:27:19.600298+00:00
c30d03525d220a1e2839c82816e21017,2026-02-02T12:27:20.261547,0.04981159630954266,2026-02-02T12:27:19.591131056Z,bellOnAction,2026-02-02 12:27:21.602188+00:00,2026-02-02 12:27:21.602256+00:00
c30d03525d220a1e2839c82816e21017,2026-02-02T12:27:20.261547,0.04981159630954266,2026-02-02T12:27:19.591131056Z,bellOnInvocation,2026-02-02 12:27:19.601036+00:00,2026-02-02 12:27:19.601089+00:00
c30d03525d220a1e2839c82816e21017,2026-02-02T12:27:20.261547,0.04981159630954266,2026-02-02T12:27:19.591131056Z,lightOnInvocation,2026-02-02 12:27:19.599465+00:00,2026-02-02 12:27:19.599540+00:00
c30d03525d220a1e2839c82816e21017,2026-02-02T12:27:20.261547,0.04981159630954266,2026-02-02T12:27:19.591131056Z,gateDownInvocation,2026-02-02 12:27:19.599683+00:00,2026-02-02 12:27:19.599793+00:00
74991d27ca34625639a99bc1974099a1,2026-02-02T12:28:03.664369,0.05721090909013749,2026-02-02T12:28:03.991362229Z,gateUpInvocation,2026-02-02 12:28:04.004344+00:00,2026-02-02 12:28:04.004988+00:00
74991d27ca34625639a99bc1974099a1,2026-02-02T12:28:03.664369,0.05721090909013749,2026-02-02T12:28:03.991362229Z,gateUpInvocation,2026-02-02 12:28:04.000172+00:00,2026-02-02 12:28:04.000310+00:00
74991d27ca34625639a99bc1974099a1,2026-02-02T12:28:03.664369,0.05721090909013749,2026-02-02T12:28:03.991362229Z,bellOffInvocation,2026-02-02 12:28:04.003623+00:00,2026-02-02 12:28:04.003769+00:00
74991d27ca34625639a99bc1974099a1,2026-02-02T12:28:03.664369,0.05721090909013749,2026-02-02T12:28:03.991362229Z,bellOffInvocation,2026-02-02 12:28:04.007140+00:00,2026-02-02 12:28:04.007896+00:00
74991d27ca34625639a99bc1974099a1,2026-02-02T12:28:03.664369,0.05721090909013749,2026-02-02T12:28:03.991362229Z,lightOffInvocation,2026-02-02 12:28:03.999517+00:00,2026-02-02 12:28:03.999684+00:00
74991d27ca34625639a99bc1974099a1,2026-02-02T12:28:03.664369,0.05721090909013749,2026-02-02T12:28:03.991362229Z,lightOffInvocation,2026-02-02 12:28:04.001325+00:00,2026-02-02 12:28:04.001490+00:00
d9bac47703d0dcd7d36b82cab7c85e26,2026-02-02T12:27:50.653215,0.055038754661667355,2026-02-02T12:27:50.957599233Z,gateUpInvocation,2026-02-02 12:27:50.976850+00:00,2026-02-02 12:27:50.976902+00:00
d9bac47703d0dcd7d36b82cab7c85e26,2026-02-02T12:27:50.653215,0.055038754661667355,2026-02-02T12:27:50.957599233Z,bellOffInvocation,2026-02-02 12:27:50.976081+00:00,2026-02-02 12:27:50.976174+00:00
d9bac47703d0dcd7d36b82cab7c85e26,2026-02-02T12:27:50.653215,0.055038754661667355,2026-02-02T12:27:50.957599233Z,lightOffInvocation,2026-02-02 12:27:50.972461+00:00,2026-02-02 12:27:50.972531+00:00
d9bac47703d0dcd7d36b82cab7c85e26,2026-02-02T12:27:50.653215,0.055038754661667355,2026-02-02T12:27:50.957599233Z,gateUpInvocation,2026-02-02 12:27:50.978339+00:00,2026-02-02 12:27:50.978394+00:00
d9bac47703d0dcd7d36b82cab7c85e26,2026-02-02T12:27:50.653215,0.055038754661667355,2026-02-02T12:27:50.957599233Z,lightOffInvocation,2026-02-02 12:27:50.975626+00:00,2026-02-02 12:27:50.975691+00:00
d9bac47703d0dcd7d36b82cab7c85e26,2026-02-02T12:27:50.653215,0.055038754661667355,2026-02-02T12:27:50.957599233Z,bellOffInvocation,2026-02-02 12:27:50.980250+00:00,2026-02-02 12:27:50.980394+00:00
7ec8bb3d6fa4f75df0550279a77d70b7,2026-02-02T12:28:55.743880,0.06572556225749256,2026-02-02T12:28:55.084317386Z,gateDownInvocation,2026-02-02 12:28:55.090581+00:00,2026-02-02 12:28:55.090708+00:00
7ec8bb3d6fa4f75df0550279a77d70b7,2026-02-02T12:28:55.743880,0.06572556225749256,2026-02-02T12:28:55.084317386Z,lightOnInvocation,2026-02-02 12:28:55.093531+00:00,2026-02-02 12:28:55.093604+00:00
7ec8bb3d6fa4f75df0550279a77d70b7,2026-02-02T12:28:55.743880,0.06572556225749256,2026-02-02T12:28:55.084317386Z,bellOnInvocation,2026-02-02 12:28:55.093554+00:00,2026-02-02 12:28:55.093627+00:00
7ec8bb3d6fa4f75df0550279a77d70b7,2026-02-02T12:28:55.743880,0.06572556225749256,2026-02-02T12:28:55.084317386Z,gateDownAction,2026-02-02 12:28:57.091815+00:00,2026-02-02 12:28:57.091941+00:00
7ec8bb3d6fa4f75df0550279a77d70b7,2026-02-02T12:28:55.743880,0.06572556225749256,2026-02-02T12:28:55.084317386Z,lightOnInvocation,2026-02-02 12:28:55.088657+00:00,2026-02-02 12:28:55.088758+00:00
7ec8bb3d6fa4f75df0550279a77d70b7,2026-02-02T12:28:55.743880,0.06572556225749256,2026-02-02T12:28:55.084317386Z,bellOnInvocation,2026-02-02 12:28:55.096037+00:00,2026-02-02 12:28:55.096081+00:00
7ec8bb3d6fa4f75df0550279a77d70b7,2026-02-02T12:28:55.743880,0.06572556225749256,2026-02-02T12:28:55.084317386Z,gateDownInvocation,2026-02-02 12:28:55.096120+00:00,2026-02-02 12:28:55.096256+00:00
7ec8bb3d6fa4f75df0550279a77d70b7,2026-02-02T12:28:55.743880,0.06572556225749256,2026-02-02T12:28:55.084317386Z,gateDownAction,2026-02-02 12:28:57.097045+00:00,2026-02-02 12:28:57.097212+00:00
7ec8bb3d6fa4f75df0550279a77d70b7,2026-02-02T12:28:55.743880,0.06572556225749256,2026-02-02T12:28:55.084317386Z,lightOnAction,2026-02-02 12:28:57.091233+00:00,2026-02-02 12:28:57.091358+00:00
7ec8bb3d6fa4f75df0550279a77d70b7,2026-02-02T12:28:55.743880,0.06572556225749256,2026-02-02T12:28:55.084317386Z,lightOnAction,2026-02-02 12:28:57.095325+00:00,2026-02-02 12:28:57.095455+00:00
7ec8bb3d6fa4f75df0550279a77d70b7,2026-02-02T12:28:55.743880,0.06572556225749256,2026-02-02T12:28:55.084317386Z,bellOnAction,2026-02-02 12:28:57.096555+00:00,2026-02-02 12:28:57.096661+00:00
7ec8bb3d6fa4f75df0550279a77d70b7,2026-02-02T12:28:55.743880,0.06572556225749256,2026-02-02T12:28:55.084317386Z,bellOnAction,2026-02-02 12:28:57.095875+00:00,2026-02-02 12:28:57.096017+00:00
0e92da0df3d16b261a2dc8ad7ab4b133,2026-02-02T12:29:08.814837,0.06789931011638642,2026-02-02T12:29:08.128269144Z,bellOnAction,2026-02-02 12:29:10.136856+00:00,2026-02-02 12:29:10.136941+00:00
0e92da0df3d16b261a2dc8ad7ab4b133,2026-02-02T12:29:08.814837,0.06789931011638642,2026-02-02T12:29:08.128269144Z,lightOnInvocation,2026-02-02 12:29:08.135342+00:00,2026-02-02 12:29:08.135455+00:00
0e92da0df3d16b261a2dc8ad7ab4b133,2026-02-02T12:29:08.814837,0.06789931011638642,2026-02-02T12:29:08.128269144Z,bellOnInvocation,2026-02-02 12:29:08.136253+00:00,2026-02-02 12:29:08.136376+00:00
0e92da0df3d16b261a2dc8ad7ab4b133,2026-02-02T12:29:08.814837,0.06789931011638642,2026-02-02T12:29:08.128269144Z,lightOnAction,2026-02-02 12:29:10.135695+00:00,2026-02-02 12:29:10.135777+00:00
0e92da0df3d16b261a2dc8ad7ab4b133,2026-02-02T12:29:08.814837,0.06789931011638642,2026-02-02T12:29:08.128269144Z,gateDownAction,2026-02-02 12:29:10.136442+00:00,2026-02-02 12:29:10.136528+00:00
0e92da0df3d16b261a2dc8ad7ab4b133,2026-02-02T12:29:08.814837,0.06789931011638642,2026-02-02T12:29:08.128269144Z,lightOnInvocation,2026-02-02 12:29:08.135200+00:00,2026-02-02 12:29:08.135364+00:00
0e92da0df3d16b261a2dc8ad7ab4b133,2026-02-02T12:29:08.814837,0.06789931011638642,2026-02-02T12:29:08.128269144Z,gateDownAction,2026-02-02 12:29:10.137254+00:00,2026-02-02 12:29:10.137325+00:00
0e92da0df3d16b261a2dc8ad7ab4b133,2026-02-02T12:29:08.814837,0.06789931011638642,2026-02-02T12:29:08.128269144Z,bellOnInvocation,2026-02-02 12:29:08.137400+00:00,2026-02-02 12:29:08.137493+00:00
0e92da0df3d16b261a2dc8ad7ab4b133,2026-02-02T12:29:08.814837,0.06789931011638642,2026-02-02T12:29:08.128269144Z,gateDownInvocation,2026-02-02 12:29:08.136277+00:00,2026-02-02 12:29:08.136392+00:00
0e92da0df3d16b261a2dc8ad7ab4b133,2026-02-02T12:29:08.814837,0.06789931011638642,2026-02-02T12:29:08.128269144Z,gateDownInvocation,2026-02-02 12:29:08.135203+00:00,2026-02-02 12:29:08.135433+00:00
0e92da0df3d16b261a2dc8ad7ab4b133,2026-02-02T12:29:08.814837,0.06789931011638642,2026-02-02T12:29:08.128269144Z,bellOnAction,2026-02-02 12:29:10.138166+00:00,2026-02-02 12:29:10.138254+00:00
0e92da0df3d16b261a2dc8ad7ab4b133,2026-02-02T12:29:08.814837,0.06789931011638642,2026-02-02T12:29:08.128269144Z,lightOnAction,2026-02-02 12:29:10.136719+00:00,2026-02-02 12:29:10.136804+00:00
303613b0762b06376ae126290632e260,2026-02-02T12:24:06.069521,0.017611786662077904,2026-02-02T12:24:06.372826189Z,gateUpInvocation,2026-02-02 12:24:06.384345+00:00,2026-02-02 12:24:06.384511+00:00
303613b0762b06376ae126290632e260,2026-02-02T12:24:06.069521,0.017611786662077904,2026-02-02T12:24:06.372826189Z,bellOffInvocation,2026-02-02 12:24:06.385744+00:00,2026-02-02 12:24:06.385979+00:00
303613b0762b06376ae126290632e260,2026-02-02T12:24:06.069521,0.017611786662077904,2026-02-02T12:24:06.372826189Z,lightOffInvocation,2026-02-02 12:24:06.388677+00:00,2026-02-02 12:24:06.388820+00:00
303613b0762b06376ae126290632e260,2026-02-02T12:24:06.069521,0.017611786662077904,2026-02-02T12:24:06.372826189Z,gateUpInvocation,2026-02-02 12:24:06.385176+00:00,2026-02-02 12:24:06.385302+00:00
303613b0762b06376ae126290632e260,2026-02-02T12:24:06.069521,0.017611786662077904,2026-02-02T12:24:06.372826189Z,bellOffInvocation,2026-02-02 12:24:06.386905+00:00,2026-02-02 12:24:06.387072+00:00
303613b0762b06376ae126290632e260,2026-02-02T12:24:06.069521,0.017611786662077904,2026-02-02T12:24:06.372826189Z,lightOffInvocation,2026-02-02 12:24:06.382775+00:00,2026-02-02 12:24:06.382948+00:00
f89a061f5b84a0aca509bacbeba5eb3d,2026-02-02T12:27:37.628770,0.052870860585546506,2026-02-02T12:27:37.948466585Z,bellOffInvocation,2026-02-02 12:27:37.957984+00:00,2026-02-02 12:27:37.958155+00:00
f89a061f5b84a0aca509bacbeba5eb3d,2026-02-02T12:27:37.628770,0.052870860585546506,2026-02-02T12:27:37.948466585Z,lightOffInvocation,2026-02-02 12:27:37.955739+00:00,2026-02-02 12:27:37.955922+00:00
f89a061f5b84a0aca509bacbeba5eb3d,2026-02-02T12:27:37.628770,0.052870860585546506,2026-02-02T12:27:37.948466585Z,bellOffInvocation,2026-02-02 12:27:37.959426+00:00,2026-02-02 12:27:37.959591+00:00
f89a061f5b84a0aca509bacbeba5eb3d,2026-02-02T12:27:37.628770,0.052870860585546506,2026-02-02T12:27:37.948466585Z,gateUpInvocation,2026-02-02 12:27:37.955769+00:00,2026-02-02 12:27:37.955945+00:00
f89a061f5b84a0aca509bacbeba5eb3d,2026-02-02T12:27:37.628770,0.052870860585546506,2026-02-02T12:27:37.948466585Z,lightOffInvocation,2026-02-02 12:27:37.960795+00:00,2026-02-02 12:27:37.960957+00:00
f89a061f5b84a0aca509bacbeba5eb3d,2026-02-02T12:27:37.628770,0.052870860585546506,2026-02-02T12:27:37.948466585Z,gateUpInvocation,2026-02-02 12:27:37.956728+00:00,2026-02-02 12:27:37.957033+00:00
5a0054d5353c408a4366b275a2c8712e,2026-02-02T12:24:23.290332,0.020484296911227703,2026-02-02T12:24:23.609867199Z,gateUpInvocation,2026-02-02 12:24:23.618546+00:00,2026-02-02 12:24:23.618592+00:00
5a0054d5353c408a4366b275a2c8712e,2026-02-02T12:24:23.290332,0.020484296911227703,2026-02-02T12:24:23.609867199Z,lightOffInvocation,2026-02-02 12:24:23.618164+00:00,2026-02-02 12:24:23.618223+00:00
5a0054d5353c408a4366b275a2c8712e,2026-02-02T12:24:23.290332,0.020484296911227703,2026-02-02T12:24:23.609867199Z,gateUpInvocation,2026-02-02 12:24:23.618784+00:00,2026-02-02 12:24:23.618812+00:00
5a0054d5353c408a4366b275a2c8712e,2026-02-02T12:24:23.290332,0.020484296911227703,2026-02-02T12:24:23.609867199Z,bellOffInvocation,2026-02-02 12:24:23.619043+00:00,2026-02-02 12:24:23.619074+00:00
5a0054d5353c408a4366b275a2c8712e,2026-02-02T12:24:23.290332,0.020484296911227703,2026-02-02T12:24:23.609867199Z,bellOffInvocation,2026-02-02 12:24:23.620787+00:00,2026-02-02 12:24:23.620833+00:00
5a0054d5353c408a4366b275a2c8712e,2026-02-02T12:24:23.290332,0.020484296911227703,2026-02-02T12:24:23.609867199Z,lightOffInvocation,2026-02-02 12:24:23.618319+00:00,2026-02-02 12:24:23.618385+00:00
7d5f4e0ac2c306f664a8282e11108a7b,2026-02-02T12:27:11.582597,0.048366094866287714,2026-02-02T12:27:10.917056466Z,bellOnInvocation,2026-02-02 12:27:10.928715+00:00,2026-02-02 12:27:10.928766+00:00
7d5f4e0ac2c306f664a8282e11108a7b,2026-02-02T12:27:11.582597,0.048366094866287714,2026-02-02T12:27:10.917056466Z,bellOnInvocation,2026-02-02 12:27:10.923614+00:00,2026-02-02 12:27:10.923741+00:00
7d5f4e0ac2c306f664a8282e11108a7b,2026-02-02T12:27:11.582597,0.048366094866287714,2026-02-02T12:27:10.917056466Z,lightOnAction,2026-02-02 12:27:12.924806+00:00,2026-02-02 12:27:12.924882+00:00
7d5f4e0ac2c306f664a8282e11108a7b,2026-02-02T12:27:11.582597,0.048366094866287714,2026-02-02T12:27:10.917056466Z,gateDownInvocation,2026-02-02 12:27:10.924929+00:00,2026-02-02 12:27:10.925080+00:00
7d5f4e0ac2c306f664a8282e11108a7b,2026-02-02T12:27:11.582597,0.048366094866287714,2026-02-02T12:27:10.917056466Z,gateDownAction,2026-02-02 12:27:12.923256+00:00,2026-02-02 12:27:12.923341+00:00
7d5f4e0ac2c306f664a8282e11108a7b,2026-02-02T12:27:11.582597,0.048366094866287714,2026-02-02T12:27:10.917056466Z,lightOnAction,2026-02-02 12:27:12.925326+00:00,2026-02-02 12:27:12.925441+00:00
7d5f4e0ac2c306f664a8282e11108a7b,2026-02-02T12:27:11.582597,0.048366094866287714,2026-02-02T12:27:10.917056466Z,lightOnInvocation,2026-02-02 12:27:10.923368+00:00,2026-02-02 12:27:10.923536+00:00
7d5f4e0ac2c306f664a8282e11108a7b,2026-02-02T12:27:11.582597,0.048366094866287714,2026-02-02T12:27:10.917056466Z,gateDownAction,2026-02-02 12:27:12.928064+00:00,2026-02-02 12:27:12.928143+00:00
7d5f4e0ac2c306f664a8282e11108a7b,2026-02-02T12:27:11.582597,0.048366094866287714,2026-02-02T12:27:10.917056466Z,bellOnAction,2026-02-02 12:27:12.925195+00:00,2026-02-02 12:27:12.925316+00:00
7d5f4e0ac2c306f664a8282e11108a7b,2026-02-02T12:27:11.582597,0.048366094866287714,2026-02-02T12:27:10.917056466Z,bellOnAction,2026-02-02 12:27:12.928660+00:00,2026-02-02 12:27:12.928744+00:00
7d5f4e0ac2c306f664a8282e11108a7b,2026-02-02T12:27:11.582597,0.048366094866287714,2026-02-02T12:27:10.917056466Z,gateDownInvocation,2026-02-02 12:27:10.921571+00:00,2026-02-02 12:27:10.921865+00:00
7d5f4e0ac2c306f664a8282e11108a7b,2026-02-02T12:27:11.582597,0.048366094866287714,2026-02-02T12:27:10.917056466Z,lightOnInvocation,2026-02-02 12:27:10.923629+00:00,2026-02-02 12:27:10.923878+00:00
868c28df15aff2af06e46fb2416f7b40,2026-02-02T12:31:23.496245,0.09035406145361663,2026-02-02T12:31:22.870185478Z,bellOnInvocation,2026-02-02 12:31:22.876601+00:00,2026-02-02 12:31:22.876713+00:00
868c28df15aff2af06e46fb2416f7b40,2026-02-02T12:31:23.496245,0.09035406145361663,2026-02-02T12:31:22.870185478Z,lightOnInvocation,2026-02-02 12:31:22.876050+00:00,2026-02-02 12:31:22.876159+00:00
868c28df15aff2af06e46fb2416f7b40,2026-02-02T12:31:23.496245,0.09035406145361663,2026-02-02T12:31:22.870185478Z,gateDownAction,2026-02-02 12:31:24.878277+00:00,2026-02-02 12:31:24.878372+00:00
868c28df15aff2af06e46fb2416f7b40,2026-02-02T12:31:23.496245,0.09035406145361663,2026-02-02T12:31:22.870185478Z,gateDownAction,2026-02-02 12:31:24.878355+00:00,2026-02-02 12:31:24.878435+00:00
868c28df15aff2af06e46fb2416f7b40,2026-02-02T12:31:23.496245,0.09035406145361663,2026-02-02T12:31:22.870185478Z,lightOnAction,2026-02-02 12:31:24.876738+00:00,2026-02-02 12:31:24.876825+00:00
868c28df15aff2af06e46fb2416f7b40,2026-02-02T12:31:23.496245,0.09035406145361663,2026-02-02T12:31:22.870185478Z,bellOnInvocation,2026-02-02 12:31:22.878183+00:00,2026-02-02 12:31:22.878256+00:00
868c28df15aff2af06e46fb2416f7b40,2026-02-02T12:31:23.496245,0.09035406145361663,2026-02-02T12:31:22.870185478Z,gateDownInvocation,2026-02-02 12:31:22.877320+00:00,2026-02-02 12:31:22.877483+00:00
868c28df15aff2af06e46fb2416f7b40,2026-02-02T12:31:23.496245,0.09035406145361663,2026-02-02T12:31:22.870185478Z,bellOnAction,2026-02-02 12:31:24.878343+00:00,2026-02-02 12:31:24.878403+00:00
868c28df15aff2af06e46fb2416f7b40,2026-02-02T12:31:23.496245,0.09035406145361663,2026-02-02T12:31:22.870185478Z,lightOnInvocation,2026-02-02 12:31:22.876168+00:00,2026-02-02 12:31:22.876280+00:00
868c28df15aff2af06e46fb2416f7b40,2026-02-02T12:31:23.496245,0.09035406145361663,2026-02-02T12:31:22.870185478Z,gateDownInvocation,2026-02-02 12:31:22.876397+00:00,2026-02-02 12:31:22.876562+00:00
868c28df15aff2af06e46fb2416f7b40,2026-02-02T12:31:23.496245,0.09035406145361663,2026-02-02T12:31:22.870185478Z,lightOnAction,2026-02-02 12:31:24.877157+00:00,2026-02-02 12:31:24.877241+00:00
868c28df15aff2af06e46fb2416f7b40,2026-02-02T12:31:23.496245,0.09035406145361663,2026-02-02T12:31:22.870185478Z,bellOnAction,2026-02-02 12:31:24.877872+00:00,2026-02-02 12:31:24.877990+00:00
9a9cb8f58d789b3c2a52563184c894f6,2026-02-02T12:24:57.767677,0.0260617654827714,2026-02-02T12:24:57.077776982Z,gateDownAction,2026-02-02 12:24:59.087785+00:00,2026-02-02 12:24:59.087902+00:00
9a9cb8f58d789b3c2a52563184c894f6,2026-02-02T12:24:57.767677,0.0260617654827714,2026-02-02T12:24:57.077776982Z,lightOnAction,2026-02-02 12:24:59.090092+00:00,2026-02-02 12:24:59.090174+00:00
9a9cb8f58d789b3c2a52563184c894f6,2026-02-02T12:24:57.767677,0.0260617654827714,2026-02-02T12:24:57.077776982Z,bellOnAction,2026-02-02 12:24:59.090329+00:00,2026-02-02 12:24:59.090448+00:00
9a9cb8f58d789b3c2a52563184c894f6,2026-02-02T12:24:57.767677,0.0260617654827714,2026-02-02T12:24:57.077776982Z,lightOnAction,2026-02-02 12:24:59.087796+00:00,2026-02-02 12:24:59.087990+00:00
9a9cb8f58d789b3c2a52563184c894f6,2026-02-02T12:24:57.767677,0.0260617654827714,2026-02-02T12:24:57.077776982Z,gateDownInvocation,2026-02-02 12:24:57.086520+00:00,2026-02-02 12:24:57.086732+00:00
9a9cb8f58d789b3c2a52563184c894f6,2026-02-02T12:24:57.767677,0.0260617654827714,2026-02-02T12:24:57.077776982Z,gateDownInvocation,2026-02-02 12:24:57.086088+00:00,2026-02-02 12:24:57.086377+00:00
9a9cb8f58d789b3c2a52563184c894f6,2026-02-02T12:24:57.767677,0.0260617654827714,2026-02-02T12:24:57.077776982Z,lightOnInvocation,2026-02-02 12:24:57.086336+00:00,2026-02-02 12:24:57.086521+00:00
9a9cb8f58d789b3c2a52563184c894f6,2026-02-02T12:24:57.767677,0.0260617654827714,2026-02-02T12:24:57.077776982Z,bellOnInvocation,2026-02-02 12:24:57.088481+00:00,2026-02-02 12:24:57.088640+00:00
9a9cb8f58d789b3c2a52563184c894f6,2026-02-02T12:24:57.767677,0.0260617654827714,2026-02-02T12:24:57.077776982Z,gateDownAction,2026-02-02 12:24:59.087469+00:00,2026-02-02 12:24:59.087554+00:00
9a9cb8f58d789b3c2a52563184c894f6,2026-02-02T12:24:57.767677,0.0260617654827714,2026-02-02T12:24:57.077776982Z,bellOnAction,2026-02-02 12:24:59.089622+00:00,2026-02-02 12:24:59.089696+00:00
9a9cb8f58d789b3c2a52563184c894f6,2026-02-02T12:24:57.767677,0.0260617654827714,2026-02-02T12:24:57.077776982Z,bellOnInvocation,2026-02-02 12:24:57.089265+00:00,2026-02-02 12:24:57.089423+00:00
9a9cb8f58d789b3c2a52563184c894f6,2026-02-02T12:24:57.767677,0.0260617654827714,2026-02-02T12:24:57.077776982Z,lightOnInvocation,2026-02-02 12:24:57.088576+00:00,2026-02-02 12:24:57.088722+00:00
8d8461d802cf2c27367a3186c65c662e,2026-02-02T12:29:26.174307,0.07079262253137827,2026-02-02T12:29:25.489826664Z,lightOnAction,2026-02-02 12:29:27.501116+00:00,2026-02-02 12:29:27.501203+00:00
8d8461d802cf2c27367a3186c65c662e,2026-02-02T12:29:26.174307,0.07079262253137827,2026-02-02T12:29:25.489826664Z,bellOnInvocation,2026-02-02 12:29:25.501940+00:00,2026-02-02 12:29:25.502036+00:00
8d8461d802cf2c27367a3186c65c662e,2026-02-02T12:29:26.174307,0.07079262253137827,2026-02-02T12:29:25.489826664Z,bellOnInvocation,2026-02-02 12:29:25.501730+00:00,2026-02-02 12:29:25.501801+00:00
8d8461d802cf2c27367a3186c65c662e,2026-02-02T12:29:26.174307,0.07079262253137827,2026-02-02T12:29:25.489826664Z,lightOnAction,2026-02-02 12:29:27.498863+00:00,2026-02-02 12:29:27.498996+00:00
8d8461d802cf2c27367a3186c65c662e,2026-02-02T12:29:26.174307,0.07079262253137827,2026-02-02T12:29:25.489826664Z,gateDownAction,2026-02-02 12:29:27.498572+00:00,2026-02-02 12:29:27.498661+00:00
8d8461d802cf2c27367a3186c65c662e,2026-02-02T12:29:26.174307,0.07079262253137827,2026-02-02T12:29:25.489826664Z,gateDownInvocation,2026-02-02 12:29:25.501149+00:00,2026-02-02 12:29:25.501275+00:00
8d8461d802cf2c27367a3186c65c662e,2026-02-02T12:29:26.174307,0.07079262253137827,2026-02-02T12:29:25.489826664Z,bellOnAction,2026-02-02 12:29:27.502524+00:00,2026-02-02 12:29:27.502608+00:00
8d8461d802cf2c27367a3186c65c662e,2026-02-02T12:29:26.174307,0.07079262253137827,2026-02-02T12:29:25.489826664Z,lightOnInvocation,2026-02-02 12:29:25.499250+00:00,2026-02-02 12:29:25.499455+00:00
8d8461d802cf2c27367a3186c65c662e,2026-02-02T12:29:26.174307,0.07079262253137827,2026-02-02T12:29:25.489826664Z,gateDownInvocation,2026-02-02 12:29:25.497278+00:00,2026-02-02 12:29:25.497566+00:00
8d8461d802cf2c27367a3186c65c662e,2026-02-02T12:29:26.174307,0.07079262253137827,2026-02-02T12:29:25.489826664Z,lightOnInvocation,2026-02-02 12:29:25.497148+00:00,2026-02-02 12:29:25.497342+00:00
8d8461d802cf2c27367a3186c65c662e,2026-02-02T12:29:26.174307,0.07079262253137827,2026-02-02T12:29:25.489826664Z,bellOnAction,2026-02-02 12:29:27.502683+00:00,2026-02-02 12:29:27.502767+00:00
8d8461d802cf2c27367a3186c65c662e,2026-02-02T12:29:26.174307,0.07079262253137827,2026-02-02T12:29:25.489826664Z,gateDownAction,2026-02-02 12:29:27.501522+00:00,2026-02-02 12:29:27.501583+00:00
b2cf7409e29d3a7ce92fca80d35f9513,2026-02-02T12:31:23.496245,0.09052275179470778,2026-02-02T12:31:23.882430816Z,gateUpInvocation,2026-02-02 12:31:23.889495+00:00,2026-02-02 12:31:23.889576+00:00
b2cf7409e29d3a7ce92fca80d35f9513,2026-02-02T12:31:23.496245,0.09052275179470778,2026-02-02T12:31:23.882430816Z,lightOffInvocation,2026-02-02 12:31:23.889874+00:00,2026-02-02 12:31:23.889975+00:00
b2cf7409e29d3a7ce92fca80d35f9513,2026-02-02T12:31:23.496245,0.09052275179470778,2026-02-02T12:31:23.882430816Z,lightOffInvocation,2026-02-02 12:31:23.888798+00:00,2026-02-02 12:31:23.888984+00:00
b2cf7409e29d3a7ce92fca80d35f9513,2026-02-02T12:31:23.496245,0.09052275179470778,2026-02-02T12:31:23.882430816Z,bellOffInvocation,2026-02-02 12:31:23.891308+00:00,2026-02-02 12:31:23.891365+00:00
b2cf7409e29d3a7ce92fca80d35f9513,2026-02-02T12:31:23.496245,0.09052275179470778,2026-02-02T12:31:23.882430816Z,bellOffInvocation,2026-02-02 12:31:23.889567+00:00,2026-02-02 12:31:23.889654+00:00
b2cf7409e29d3a7ce92fca80d35f9513,2026-02-02T12:31:23.496245,0.09052275179470778,2026-02-02T12:31:23.882430816Z,gateUpInvocation,2026-02-02 12:31:23.890889+00:00,2026-02-02 12:31:23.890991+00:00
89524ba4a7b014afd7aa1ae7b1fcbdec,2026-02-02T12:30:44.378982,0.08400309286757708,2026-02-02T12:30:44.760605031Z,bellOffInvocation,2026-02-02 12:30:44.768494+00:00,2026-02-02 12:30:44.768647+00:00
89524ba4a7b014afd7aa1ae7b1fcbdec,2026-02-02T12:30:44.378982,0.08400309286757708,2026-02-02T12:30:44.760605031Z,gateUpInvocation,2026-02-02 12:30:44.767377+00:00,2026-02-02 12:30:44.767488+00:00
89524ba4a7b014afd7aa1ae7b1fcbdec,2026-02-02T12:30:44.378982,0.08400309286757708,2026-02-02T12:30:44.760605031Z,gateUpInvocation,2026-02-02 12:30:44.771990+00:00,2026-02-02 12:30:44.772137+00:00
89524ba4a7b014afd7aa1ae7b1fcbdec,2026-02-02T12:30:44.378982,0.08400309286757708,2026-02-02T12:30:44.760605031Z,lightOffInvocation,2026-02-02 12:30:44.767380+00:00,2026-02-02 12:30:44.767489+00:00
89524ba4a7b014afd7aa1ae7b1fcbdec,2026-02-02T12:30:44.378982,0.08400309286757708,2026-02-02T12:30:44.760605031Z,lightOffInvocation,2026-02-02 12:30:44.770148+00:00,2026-02-02 12:30:44.770258+00:00
89524ba4a7b014afd7aa1ae7b1fcbdec,2026-02-02T12:30:44.378982,0.08400309286757708,2026-02-02T12:30:44.760605031Z,bellOffInvocation,2026-02-02 12:30:44.770859+00:00,2026-02-02 12:30:44.771032+00:00
8d2327cc8019011af978808f1459cee1,2026-02-02T12:26:11.105229,0.03828728340739013,2026-02-02T12:26:10.438260888Z,bellOnInvocation,2026-02-02 12:26:10.447990+00:00,2026-02-02 12:26:10.448168+00:00
8d2327cc8019011af978808f1459cee1,2026-02-02T12:26:11.105229,0.03828728340739013,2026-02-02T12:26:10.438260888Z,lightOnAction,2026-02-02 12:26:12.447685+00:00,2026-02-02 12:26:12.447779+00:00
8d2327cc8019011af978808f1459cee1,2026-02-02T12:26:11.105229,0.03828728340739013,2026-02-02T12:26:10.438260888Z,gateDownInvocation,2026-02-02 12:26:10.446804+00:00,2026-02-02 12:26:10.447097+00:00
8d2327cc8019011af978808f1459cee1,2026-02-02T12:26:11.105229,0.03828728340739013,2026-02-02T12:26:10.438260888Z,gateDownAction,2026-02-02 12:26:12.448725+00:00,2026-02-02 12:26:12.448820+00:00
8d2327cc8019011af978808f1459cee1,2026-02-02T12:26:11.105229,0.03828728340739013,2026-02-02T12:26:10.438260888Z,bellOnAction,2026-02-02 12:26:12.449168+00:00,2026-02-02 12:26:12.449300+00:00
8d2327cc8019011af978808f1459cee1,2026-02-02T12:26:11.105229,0.03828728340739013,2026-02-02T12:26:10.438260888Z,gateDownAction,2026-02-02 12:26:12.448467+00:00,2026-02-02 12:26:12.448566+00:00
8d2327cc8019011af978808f1459cee1,2026-02-02T12:26:11.105229,0.03828728340739013,2026-02-02T12:26:10.438260888Z,bellOnAction,2026-02-02 12:26:12.451219+00:00,2026-02-02 12:26:12.451347+00:00
8d2327cc8019011af978808f1459cee1,2026-02-02T12:26:11.105229,0.03828728340739013,2026-02-02T12:26:10.438260888Z,lightOnAction,2026-02-02 12:26:12.447082+00:00,2026-02-02 12:26:12.447208+00:00
8d2327cc8019011af978808f1459cee1,2026-02-02T12:26:11.105229,0.03828728340739013,2026-02-02T12:26:10.438260888Z,gateDownInvocation,2026-02-02 12:26:10.447200+00:00,2026-02-02 12:26:10.447463+00:00
8d2327cc8019011af978808f1459cee1,2026-02-02T12:26:11.105229,0.03828728340739013,2026-02-02T12:26:10.438260888Z,bellOnInvocation,2026-02-02 12:26:10.448766+00:00,2026-02-02 12:26:10.448880+00:00
8d2327cc8019011af978808f1459cee1,2026-02-02T12:26:11.105229,0.03828728340739013,2026-02-02T12:26:10.438260888Z,lightOnInvocation,2026-02-02 12:26:10.446786+00:00,2026-02-02 12:26:10.446991+00:00
8d2327cc8019011af978808f1459cee1,2026-02-02T12:26:11.105229,0.03828728340739013,2026-02-02T12:26:10.438260888Z,lightOnInvocation,2026-02-02 12:26:10.445550+00:00,2026-02-02 12:26:10.445739+00:00
98961e376c25d240ca7b0948295feaab,2026-02-02T12:22:35.657598,0.0025444598764181136,2026-02-02T12:22:35.95972243Z,gateUpInvocation,2026-02-02 12:22:35.966535+00:00,2026-02-02 12:22:35.966610+00:00
98961e376c25d240ca7b0948295feaab,2026-02-02T12:22:35.657598,0.0025444598764181136,2026-02-02T12:22:35.95972243Z,bellOffInvocation,2026-02-02 12:22:35.971753+00:00,2026-02-02 12:22:35.971790+00:00
98961e376c25d240ca7b0948295feaab,2026-02-02T12:22:35.657598,0.0025444598764181136,2026-02-02T12:22:35.95972243Z,bellOffInvocation,2026-02-02 12:22:35.969144+00:00,2026-02-02 12:22:35.969215+00:00
98961e376c25d240ca7b0948295feaab,2026-02-02T12:22:35.657598,0.0025444598764181136,2026-02-02T12:22:35.95972243Z,gateUpInvocation,2026-02-02 12:22:35.966112+00:00,2026-02-02 12:22:35.966155+00:00
98961e376c25d240ca7b0948295feaab,2026-02-02T12:22:35.657598,0.0025444598764181136,2026-02-02T12:22:35.95972243Z,lightOffInvocation,2026-02-02 12:22:35.966210+00:00,2026-02-02 12:22:35.966285+00:00
98961e376c25d240ca7b0948295feaab,2026-02-02T12:22:35.657598,0.0025444598764181136,2026-02-02T12:22:35.95972243Z,lightOffInvocation,2026-02-02 12:22:35.965423+00:00,2026-02-02 12:22:35.965495+00:00
102751efd3cb11807182d0331b17b87c,2026-02-02T12:26:41.332135,0.04349018012844325,2026-02-02T12:26:41.658927169Z,bellOffInvocation,2026-02-02 12:26:41.669359+00:00,2026-02-02 12:26:41.669508+00:00
102751efd3cb11807182d0331b17b87c,2026-02-02T12:26:41.332135,0.04349018012844325,2026-02-02T12:26:41.658927169Z,bellOffInvocation,2026-02-02 12:26:41.670807+00:00,2026-02-02 12:26:41.670906+00:00
102751efd3cb11807182d0331b17b87c,2026-02-02T12:26:41.332135,0.04349018012844325,2026-02-02T12:26:41.658927169Z,gateUpInvocation,2026-02-02 12:26:41.667464+00:00,2026-02-02 12:26:41.667536+00:00
102751efd3cb11807182d0331b17b87c,2026-02-02T12:26:41.332135,0.04349018012844325,2026-02-02T12:26:41.658927169Z,lightOffInvocation,2026-02-02 12:26:41.669220+00:00,2026-02-02 12:26:41.669365+00:00
102751efd3cb11807182d0331b17b87c,2026-02-02T12:26:41.332135,0.04349018012844325,2026-02-02T12:26:41.658927169Z,gateUpInvocation,2026-02-02 12:26:41.667592+00:00,2026-02-02 12:26:41.667640+00:00
102751efd3cb11807182d0331b17b87c,2026-02-02T12:26:41.332135,0.04349018012844325,2026-02-02T12:26:41.658927169Z,lightOffInvocation,2026-02-02 12:26:41.668353+00:00,2026-02-02 12:26:41.668394+00:00
76305ece3b3f932f8b9994a63d1d5da4,2026-02-02T12:27:54.993439,0.0555966441583395,2026-02-02T12:27:54.30480219Z,gateDownAction,2026-02-02 12:27:56.312568+00:00,2026-02-02 12:27:56.312646+00:00
76305ece3b3f932f8b9994a63d1d5da4,2026-02-02T12:27:54.993439,0.0555966441583395,2026-02-02T12:27:54.30480219Z,lightOnInvocation,2026-02-02 12:27:54.310966+00:00,2026-02-02 12:27:54.311072+00:00
76305ece3b3f932f8b9994a63d1d5da4,2026-02-02T12:27:54.993439,0.0555966441583395,2026-02-02T12:27:54.30480219Z,bellOnAction,2026-02-02 12:27:56.311088+00:00,2026-02-02 12:27:56.311194+00:00
76305ece3b3f932f8b9994a63d1d5da4,2026-02-02T12:27:54.993439,0.0555966441583395,2026-02-02T12:27:54.30480219Z,bellOnAction,2026-02-02 12:27:56.314497+00:00,2026-02-02 12:27:56.314592+00:00
76305ece3b3f932f8b9994a63d1d5da4,2026-02-02T12:27:54.993439,0.0555966441583395,2026-02-02T12:27:54.30480219Z,gateDownInvocation,2026-02-02 12:27:54.310626+00:00,2026-02-02 12:27:54.310821+00:00
76305ece3b3f932f8b9994a63d1d5da4,2026-02-02T12:27:54.993439,0.0555966441583395,2026-02-02T12:27:54.30480219Z,bellOnInvocation,2026-02-02 12:27:54.311386+00:00,2026-02-02 12:27:54.311500+00:00
76305ece3b3f932f8b9994a63d1d5da4,2026-02-02T12:27:54.993439,0.0555966441583395,2026-02-02T12:27:54.30480219Z,lightOnAction,2026-02-02 12:27:56.310751+00:00,2026-02-02 12:27:56.310925+00:00
76305ece3b3f932f8b9994a63d1d5da4,2026-02-02T12:27:54.993439,0.0555966441583395,2026-02-02T12:27:54.30480219Z,lightOnInvocation,2026-02-02 12:27:54.311376+00:00,2026-02-02 12:27:54.311476+00:00
76305ece3b3f932f8b9994a63d1d5da4,2026-02-02T12:27:54.993439,0.0555966441583395,2026-02-02T12:27:54.30480219Z,gateDownInvocation,2026-02-02 12:27:54.311869+00:00,2026-02-02 12:27:54.312028+00:00
76305ece3b3f932f8b9994a63d1d5da4,2026-02-02T12:27:54.993439,0.0555966441583395,2026-02-02T12:27:54.30480219Z,lightOnAction,2026-02-02 12:27:56.310844+00:00,2026-02-02 12:27:56.311023+00:00
76305ece3b3f932f8b9994a63d1d5da4,2026-02-02T12:27:54.993439,0.0555966441583395,2026-02-02T12:27:54.30480219Z,bellOnInvocation,2026-02-02 12:27:54.314129+00:00,2026-02-02 12:27:54.314227+00:00
76305ece3b3f932f8b9994a63d1d5da4,2026-02-02T12:27:54.993439,0.0555966441583395,2026-02-02T12:27:54.30480219Z,gateDownAction,2026-02-02 12:27:56.311376+00:00,2026-02-02 12:27:56.311480+00:00
36cec34422b305f1133ac8cd5ccbae2c,2026-02-02T12:23:53.164328,0.015462358443641664,2026-02-02T12:23:53.475098048Z,lightOffInvocation,2026-02-02 12:23:53.492679+00:00,2026-02-02 12:23:53.492803+00:00
36cec34422b305f1133ac8cd5ccbae2c,2026-02-02T12:23:53.164328,0.015462358443641664,2026-02-02T12:23:53.475098048Z,bellOffInvocation,2026-02-02 12:23:53.493483+00:00,2026-02-02 12:23:53.493641+00:00
36cec34422b305f1133ac8cd5ccbae2c,2026-02-02T12:23:53.164328,0.015462358443641664,2026-02-02T12:23:53.475098048Z,gateUpInvocation,2026-02-02 12:23:53.490263+00:00,2026-02-02 12:23:53.490392+00:00
36cec34422b305f1133ac8cd5ccbae2c,2026-02-02T12:23:53.164328,0.015462358443641664,2026-02-02T12:23:53.475098048Z,gateUpInvocation,2026-02-02 12:23:53.487080+00:00,2026-02-02 12:23:53.487246+00:00
36cec34422b305f1133ac8cd5ccbae2c,2026-02-02T12:23:53.164328,0.015462358443641664,2026-02-02T12:23:53.475098048Z,lightOffInvocation,2026-02-02 12:23:53.487005+00:00,2026-02-02 12:23:53.487150+00:00
36cec34422b305f1133ac8cd5ccbae2c,2026-02-02T12:23:53.164328,0.015462358443641664,2026-02-02T12:23:53.475098048Z,bellOffInvocation,2026-02-02 12:23:53.493241+00:00,2026-02-02 12:23:53.493384+00:00
adaf49c8bddaaa3e5171e79874117598,2026-02-02T12:26:45.638405,0.04403771121485234,2026-02-02T12:26:44.944285363Z,gateDownAction,2026-02-02 12:26:46.953997+00:00,2026-02-02 12:26:46.954084+00:00
adaf49c8bddaaa3e5171e79874117598,2026-02-02T12:26:45.638405,0.04403771121485234,2026-02-02T12:26:44.944285363Z,lightOnAction,2026-02-02 12:26:46.952374+00:00,2026-02-02 12:26:46.952459+00:00
adaf49c8bddaaa3e5171e79874117598,2026-02-02T12:26:45.638405,0.04403771121485234,2026-02-02T12:26:44.944285363Z,bellOnAction,2026-02-02 12:26:46.953868+00:00,2026-02-02 12:26:46.953925+00:00
adaf49c8bddaaa3e5171e79874117598,2026-02-02T12:26:45.638405,0.04403771121485234,2026-02-02T12:26:44.944285363Z,bellOnInvocation,2026-02-02 12:26:44.955571+00:00,2026-02-02 12:26:44.955656+00:00
adaf49c8bddaaa3e5171e79874117598,2026-02-02T12:26:45.638405,0.04403771121485234,2026-02-02T12:26:44.944285363Z,lightOnInvocation,2026-02-02 12:26:44.953732+00:00,2026-02-02 12:26:44.953819+00:00
adaf49c8bddaaa3e5171e79874117598,2026-02-02T12:26:45.638405,0.04403771121485234,2026-02-02T12:26:44.944285363Z,gateDownInvocation,2026-02-02 12:26:44.951525+00:00,2026-02-02 12:26:44.951645+00:00
adaf49c8bddaaa3e5171e79874117598,2026-02-02T12:26:45.638405,0.04403771121485234,2026-02-02T12:26:44.944285363Z,bellOnInvocation,2026-02-02 12:26:44.952860+00:00,2026-02-02 12:26:44.952948+00:00
adaf49c8bddaaa3e5171e79874117598,2026-02-02T12:26:45.638405,0.04403771121485234,2026-02-02T12:26:44.944285363Z,bellOnAction,2026-02-02 12:26:46.956754+00:00,2026-02-02 12:26:46.956838+00:00
adaf49c8bddaaa3e5171e79874117598,2026-02-02T12:26:45.638405,0.04403771121485234,2026-02-02T12:26:44.944285363Z,gateDownAction,2026-02-02 12:26:46.954638+00:00,2026-02-02 12:26:46.954721+00:00
adaf49c8bddaaa3e5171e79874117598,2026-02-02T12:26:45.638405,0.04403771121485234,2026-02-02T12:26:44.944285363Z,gateDownInvocation,2026-02-02 12:26:44.952663+00:00,2026-02-02 12:26:44.952827+00:00
adaf49c8bddaaa3e5171e79874117598,2026-02-02T12:26:45.638405,0.04403771121485234,2026-02-02T12:26:44.944285363Z,lightOnInvocation,2026-02-02 12:26:44.951595+00:00,2026-02-02 12:26:44.951669+00:00
adaf49c8bddaaa3e5171e79874117598,2026-02-02T12:26:45.638405,0.04403771121485234,2026-02-02T12:26:44.944285363Z,lightOnAction,2026-02-02 12:26:46.954403+00:00,2026-02-02 12:26:46.954463+00:00
9e7a1d48bdb0f23bf8f9067fa22604c7,2026-02-02T12:24:27.599508,0.021032651532256606,2026-02-02T12:24:26.900103659Z,gateDownInvocation,2026-02-02 12:24:26.912361+00:00,2026-02-02 12:24:26.912745+00:00
9e7a1d48bdb0f23bf8f9067fa22604c7,2026-02-02T12:24:27.599508,0.021032651532256606,2026-02-02T12:24:26.900103659Z,lightOnAction,2026-02-02 12:24:28.914113+00:00,2026-02-02 12:24:28.914170+00:00
9e7a1d48bdb0f23bf8f9067fa22604c7,2026-02-02T12:24:27.599508,0.021032651532256606,2026-02-02T12:24:26.900103659Z,bellOnAction,2026-02-02 12:24:28.914529+00:00,2026-02-02 12:24:28.914585+00:00
9e7a1d48bdb0f23bf8f9067fa22604c7,2026-02-02T12:24:27.599508,0.021032651532256606,2026-02-02T12:24:26.900103659Z,lightOnAction,2026-02-02 12:24:28.914150+00:00,2026-02-02 12:24:28.914192+00:00
9e7a1d48bdb0f23bf8f9067fa22604c7,2026-02-02T12:24:27.599508,0.021032651532256606,2026-02-02T12:24:26.900103659Z,gateDownAction,2026-02-02 12:24:28.911709+00:00,2026-02-02 12:24:28.911785+00:00
9e7a1d48bdb0f23bf8f9067fa22604c7,2026-02-02T12:24:27.599508,0.021032651532256606,2026-02-02T12:24:26.900103659Z,bellOnInvocation,2026-02-02 12:24:26.913264+00:00,2026-02-02 12:24:26.913453+00:00
9e7a1d48bdb0f23bf8f9067fa22604c7,2026-02-02T12:24:27.599508,0.021032651532256606,2026-02-02T12:24:26.900103659Z,lightOnInvocation,2026-02-02 12:24:26.912552+00:00,2026-02-02 12:24:26.912662+00:00
9e7a1d48bdb0f23bf8f9067fa22604c7,2026-02-02T12:24:27.599508,0.021032651532256606,2026-02-02T12:24:26.900103659Z,gateDownAction,2026-02-02 12:24:28.913849+00:00,2026-02-02 12:24:28.913907+00:00
9e7a1d48bdb0f23bf8f9067fa22604c7,2026-02-02T12:24:27.599508,0.021032651532256606,2026-02-02T12:24:26.900103659Z,lightOnInvocation,2026-02-02 12:24:26.912421+00:00,2026-02-02 12:24:26.912621+00:00
9e7a1d48bdb0f23bf8f9067fa22604c7,2026-02-02T12:24:27.599508,0.021032651532256606,2026-02-02T12:24:26.900103659Z,bellOnInvocation,2026-02-02 12:24:26.915329+00:00,2026-02-02 12:24:26.915538+00:00
9e7a1d48bdb0f23bf8f9067fa22604c7,2026-02-02T12:24:27.599508,0.021032651532256606,2026-02-02T12:24:26.900103659Z,gateDownInvocation,2026-02-02 12:24:26.910517+00:00,2026-02-02 12:24:26.910726+00:00
9e7a1d48bdb0f23bf8f9067fa22604c7,2026-02-02T12:24:27.599508,0.021032651532256606,2026-02-02T12:24:26.900103659Z,bellOnAction,2026-02-02 12:24:28.916447+00:00,2026-02-02 12:24:28.916499+00:00
f9be964f7d73200c69b8ca8714f0d18c,2026-02-02T12:24:49.155887,0.024625461904466156,2026-02-02T12:24:48.459113784Z,bellOnAction,2026-02-02 12:24:50.472143+00:00,2026-02-02 12:24:50.472237+00:00
f9be964f7d73200c69b8ca8714f0d18c,2026-02-02T12:24:49.155887,0.024625461904466156,2026-02-02T12:24:48.459113784Z,gateDownInvocation,2026-02-02 12:24:48.467324+00:00,2026-02-02 12:24:48.467613+00:00
f9be964f7d73200c69b8ca8714f0d18c,2026-02-02T12:24:49.155887,0.024625461904466156,2026-02-02T12:24:48.459113784Z,bellOnAction,2026-02-02 12:24:50.474184+00:00,2026-02-02 12:24:50.474296+00:00
f9be964f7d73200c69b8ca8714f0d18c,2026-02-02T12:24:49.155887,0.024625461904466156,2026-02-02T12:24:48.459113784Z,gateDownAction,2026-02-02 12:24:50.468239+00:00,2026-02-02 12:24:50.468289+00:00
f9be964f7d73200c69b8ca8714f0d18c,2026-02-02T12:24:49.155887,0.024625461904466156,2026-02-02T12:24:48.459113784Z,gateDownInvocation,2026-02-02 12:24:48.467710+00:00,2026-02-02 12:24:48.468017+00:00
f9be964f7d73200c69b8ca8714f0d18c,2026-02-02T12:24:49.155887,0.024625461904466156,2026-02-02T12:24:48.459113784Z,bellOnInvocation,2026-02-02 12:24:48.472674+00:00,2026-02-02 12:24:48.472807+00:00
f9be964f7d73200c69b8ca8714f0d18c,2026-02-02T12:24:49.155887,0.024625461904466156,2026-02-02T12:24:48.459113784Z,lightOnInvocation,2026-02-02 12:24:48.470402+00:00,2026-02-02 12:24:48.470550+00:00
f9be964f7d73200c69b8ca8714f0d18c,2026-02-02T12:24:49.155887,0.024625461904466156,2026-02-02T12:24:48.459113784Z,lightOnInvocation,2026-02-02 12:24:48.467416+00:00,2026-02-02 12:24:48.467595+00:00
f9be964f7d73200c69b8ca8714f0d18c,2026-02-02T12:24:49.155887,0.024625461904466156,2026-02-02T12:24:48.459113784Z,lightOnAction,2026-02-02 12:24:50.471704+00:00,2026-02-02 12:24:50.471766+00:00
f9be964f7d73200c69b8ca8714f0d18c,2026-02-02T12:24:49.155887,0.024625461904466156,2026-02-02T12:24:48.459113784Z,lightOnAction,2026-02-02 12:24:50.468456+00:00,2026-02-02 12:24:50.468568+00:00
f9be964f7d73200c69b8ca8714f0d18c,2026-02-02T12:24:49.155887,0.024625461904466156,2026-02-02T12:24:48.459113784Z,gateDownAction,2026-02-02 12:24:50.470273+00:00,2026-02-02 12:24:50.470340+00:00
f9be964f7d73200c69b8ca8714f0d18c,2026-02-02T12:24:49.155887,0.024625461904466156,2026-02-02T12:24:48.459113784Z,bellOnInvocation,2026-02-02 12:24:48.470453+00:00,2026-02-02 12:24:48.470601+00:00
9099fdc2267980695859660270cf5110,2026-02-02T12:26:58.590414,0.046365293886518485,2026-02-02T12:26:58.911222889Z,gateUpInvocation,2026-02-02 12:26:58.921426+00:00,2026-02-02 12:26:58.921568+00:00
9099fdc2267980695859660270cf5110,2026-02-02T12:26:58.590414,0.046365293886518485,2026-02-02T12:26:58.911222889Z,gateUpInvocation,2026-02-02 12:26:58.924449+00:00,2026-02-02 12:26:58.924608+00:00
9099fdc2267980695859660270cf5110,2026-02-02T12:26:58.590414,0.046365293886518485,2026-02-02T12:26:58.911222889Z,bellOffInvocation,2026-02-02 12:26:58.926672+00:00,2026-02-02 12:26:58.926781+00:00
9099fdc2267980695859660270cf5110,2026-02-02T12:26:58.590414,0.046365293886518485,2026-02-02T12:26:58.911222889Z,lightOffInvocation,2026-02-02 12:26:58.918862+00:00,2026-02-02 12:26:58.920138+00:00
9099fdc2267980695859660270cf5110,2026-02-02T12:26:58.590414,0.046365293886518485,2026-02-02T12:26:58.911222889Z,bellOffInvocation,2026-02-02 12:26:58.927406+00:00,2026-02-02 12:26:58.927572+00:00
9099fdc2267980695859660270cf5110,2026-02-02T12:26:58.590414,0.046365293886518485,2026-02-02T12:26:58.911222889Z,lightOffInvocation,2026-02-02 12:26:58.920494+00:00,2026-02-02 12:26:58.920641+00:00
8e9e92834d27f72a4465a5d56399b586,2026-02-02T12:30:40.070569,0.08311211264175178,2026-02-02T12:30:39.414194678Z,gateDownInvocation,2026-02-02 12:30:39.422096+00:00,2026-02-02 12:30:39.422299+00:00
8e9e92834d27f72a4465a5d56399b586,2026-02-02T12:30:40.070569,0.08311211264175178,2026-02-02T12:30:39.414194678Z,gateDownAction,2026-02-02 12:30:41.422606+00:00,2026-02-02 12:30:41.422694+00:00
8e9e92834d27f72a4465a5d56399b586,2026-02-02T12:30:40.070569,0.08311211264175178,2026-02-02T12:30:39.414194678Z,lightOnAction,2026-02-02 12:30:41.421820+00:00,2026-02-02 12:30:41.421973+00:00
8e9e92834d27f72a4465a5d56399b586,2026-02-02T12:30:40.070569,0.08311211264175178,2026-02-02T12:30:39.414194678Z,bellOnAction,2026-02-02 12:30:41.424227+00:00,2026-02-02 12:30:41.424301+00:00
8e9e92834d27f72a4465a5d56399b586,2026-02-02T12:30:40.070569,0.08311211264175178,2026-02-02T12:30:39.414194678Z,lightOnInvocation,2026-02-02 12:30:39.420819+00:00,2026-02-02 12:30:39.420960+00:00
8e9e92834d27f72a4465a5d56399b586,2026-02-02T12:30:40.070569,0.08311211264175178,2026-02-02T12:30:39.414194678Z,lightOnAction,2026-02-02 12:30:41.421472+00:00,2026-02-02 12:30:41.421563+00:00
8e9e92834d27f72a4465a5d56399b586,2026-02-02T12:30:40.070569,0.08311211264175178,2026-02-02T12:30:39.414194678Z,bellOnInvocation,2026-02-02 12:30:39.421119+00:00,2026-02-02 12:30:39.421248+00:00
8e9e92834d27f72a4465a5d56399b586,2026-02-02T12:30:40.070569,0.08311211264175178,2026-02-02T12:30:39.414194678Z,lightOnInvocation,2026-02-02 12:30:39.420816+00:00,2026-02-02 12:30:39.420982+00:00
8e9e92834d27f72a4465a5d56399b586,2026-02-02T12:30:40.070569,0.08311211264175178,2026-02-02T12:30:39.414194678Z,gateDownAction,2026-02-02 12:30:41.422343+00:00,2026-02-02 12:30:41.422400+00:00
8e9e92834d27f72a4465a5d56399b586,2026-02-02T12:30:40.070569,0.08311211264175178,2026-02-02T12:30:39.414194678Z,bellOnAction,2026-02-02 12:30:41.421633+00:00,2026-02-02 12:30:41.421720+00:00
8e9e92834d27f72a4465a5d56399b586,2026-02-02T12:30:40.070569,0.08311211264175178,2026-02-02T12:30:39.414194678Z,bellOnInvocation,2026-02-02 12:30:39.423156+00:00,2026-02-02 12:30:39.423301+00:00
8e9e92834d27f72a4465a5d56399b586,2026-02-02T12:30:40.070569,0.08311211264175178,2026-02-02T12:30:39.414194678Z,gateDownInvocation,2026-02-02 12:30:39.421149+00:00,2026-02-02 12:30:39.421396+00:00
a350fc16be6896dd4f5181a41dfcd26c,2026-02-02T12:30:09.610613,0.07803530822137594,2026-02-02T12:30:08.950134118Z,bellOnInvocation,2026-02-02 12:30:08.953091+00:00,2026-02-02 12:30:08.953150+00:00
a350fc16be6896dd4f5181a41dfcd26c,2026-02-02T12:30:09.610613,0.07803530822137594,2026-02-02T12:30:08.950134118Z,lightOnAction,2026-02-02 12:30:10.953710+00:00,2026-02-02 12:30:10.953791+00:00
a350fc16be6896dd4f5181a41dfcd26c,2026-02-02T12:30:09.610613,0.07803530822137594,2026-02-02T12:30:08.950134118Z,gateDownInvocation,2026-02-02 12:30:08.952635+00:00,2026-02-02 12:30:08.952728+00:00
a350fc16be6896dd4f5181a41dfcd26c,2026-02-02T12:30:09.610613,0.07803530822137594,2026-02-02T12:30:08.950134118Z,bellOnAction,2026-02-02 12:30:10.955013+00:00,2026-02-02 12:30:10.955069+00:00
a350fc16be6896dd4f5181a41dfcd26c,2026-02-02T12:30:09.610613,0.07803530822137594,2026-02-02T12:30:08.950134118Z,gateDownInvocation,2026-02-02 12:30:08.953619+00:00,2026-02-02 12:30:08.953684+00:00
a350fc16be6896dd4f5181a41dfcd26c,2026-02-02T12:30:09.610613,0.07803530822137594,2026-02-02T12:30:08.950134118Z,lightOnAction,2026-02-02 12:30:10.954834+00:00,2026-02-02 12:30:10.954901+00:00
a350fc16be6896dd4f5181a41dfcd26c,2026-02-02T12:30:09.610613,0.07803530822137594,2026-02-02T12:30:08.950134118Z,lightOnInvocation,2026-02-02 12:30:08.954659+00:00,2026-02-02 12:30:08.954704+00:00
a350fc16be6896dd4f5181a41dfcd26c,2026-02-02T12:30:09.610613,0.07803530822137594,2026-02-02T12:30:08.950134118Z,bellOnAction,2026-02-02 12:30:10.953530+00:00,2026-02-02 12:30:10.953608+00:00
a350fc16be6896dd4f5181a41dfcd26c,2026-02-02T12:30:09.610613,0.07803530822137594,2026-02-02T12:30:08.950134118Z,lightOnInvocation,2026-02-02 12:30:08.952668+00:00,2026-02-02 12:30:08.952728+00:00
a350fc16be6896dd4f5181a41dfcd26c,2026-02-02T12:30:09.610613,0.07803530822137594,2026-02-02T12:30:08.950134118Z,gateDownAction,2026-02-02 12:30:10.953594+00:00,2026-02-02 12:30:10.953672+00:00
a350fc16be6896dd4f5181a41dfcd26c,2026-02-02T12:30:09.610613,0.07803530822137594,2026-02-02T12:30:08.950134118Z,bellOnInvocation,2026-02-02 12:30:08.953845+00:00,2026-02-02 12:30:08.953891+00:00
a350fc16be6896dd4f5181a41dfcd26c,2026-02-02T12:30:09.610613,0.07803530822137594,2026-02-02T12:30:08.950134118Z,gateDownAction,2026-02-02 12:30:10.953322+00:00,2026-02-02 12:30:10.953415+00:00
0c758ec13785bc356741ac2bb1a0945b,2026-02-02T12:28:07.992282,0.0577708191411376,2026-02-02T12:28:07.351226307Z,lightOnInvocation,2026-02-02 12:28:07.359866+00:00,2026-02-02 12:28:07.360070+00:00
0c758ec13785bc356741ac2bb1a0945b,2026-02-02T12:28:07.992282,0.0577708191411376,2026-02-02T12:28:07.351226307Z,gateDownAction,2026-02-02 12:28:09.360691+00:00,2026-02-02 12:28:09.360785+00:00
0c758ec13785bc356741ac2bb1a0945b,2026-02-02T12:28:07.992282,0.0577708191411376,2026-02-02T12:28:07.351226307Z,bellOnAction,2026-02-02 12:28:09.363898+00:00,2026-02-02 12:28:09.364020+00:00
0c758ec13785bc356741ac2bb1a0945b,2026-02-02T12:28:07.992282,0.0577708191411376,2026-02-02T12:28:07.351226307Z,lightOnAction,2026-02-02 12:28:09.362322+00:00,2026-02-02 12:28:09.362405+00:00
0c758ec13785bc356741ac2bb1a0945b,2026-02-02T12:28:07.992282,0.0577708191411376,2026-02-02T12:28:07.351226307Z,gateDownInvocation,2026-02-02 12:28:07.358925+00:00,2026-02-02 12:28:07.359147+00:00
0c758ec13785bc356741ac2bb1a0945b,2026-02-02T12:28:07.992282,0.0577708191411376,2026-02-02T12:28:07.351226307Z,gateDownInvocation,2026-02-02 12:28:07.359077+00:00,2026-02-02 12:28:07.359384+00:00
0c758ec13785bc356741ac2bb1a0945b,2026-02-02T12:28:07.992282,0.0577708191411376,2026-02-02T12:28:07.351226307Z,bellOnAction,2026-02-02 12:28:09.360682+00:00,2026-02-02 12:28:09.360767+00:00
0c758ec13785bc356741ac2bb1a0945b,2026-02-02T12:28:07.992282,0.0577708191411376,2026-02-02T12:28:07.351226307Z,bellOnInvocation,2026-02-02 12:28:07.362776+00:00,2026-02-02 12:28:07.362948+00:00
0c758ec13785bc356741ac2bb1a0945b,2026-02-02T12:28:07.992282,0.0577708191411376,2026-02-02T12:28:07.351226307Z,lightOnInvocation,2026-02-02 12:28:07.361546+00:00,2026-02-02 12:28:07.361707+00:00
0c758ec13785bc356741ac2bb1a0945b,2026-02-02T12:28:07.992282,0.0577708191411376,2026-02-02T12:28:07.351226307Z,lightOnAction,2026-02-02 12:28:09.361324+00:00,2026-02-02 12:28:09.361413+00:00
0c758ec13785bc356741ac2bb1a0945b,2026-02-02T12:28:07.992282,0.0577708191411376,2026-02-02T12:28:07.351226307Z,gateDownAction,2026-02-02 12:28:09.360289+00:00,2026-02-02 12:28:09.360379+00:00
0c758ec13785bc356741ac2bb1a0945b,2026-02-02T12:28:07.992282,0.0577708191411376,2026-02-02T12:28:07.351226307Z,bellOnInvocation,2026-02-02 12:28:07.359872+00:00,2026-02-02 12:28:07.360066+00:00
548c6384dcdd2c4617a237326a3a897a,2026-02-02T12:31:36.542909,0.09251854576981068,2026-02-02T12:31:35.858307321Z,gateDownInvocation,2026-02-02 12:31:35.863360+00:00,2026-02-02 12:31:35.863489+00:00
548c6384dcdd2c4617a237326a3a897a,2026-02-02T12:31:36.542909,0.09251854576981068,2026-02-02T12:31:35.858307321Z,lightOnAction,2026-02-02 12:31:37.864483+00:00,2026-02-02 12:31:37.864537+00:00
548c6384dcdd2c4617a237326a3a897a,2026-02-02T12:31:36.542909,0.09251854576981068,2026-02-02T12:31:35.858307321Z,bellOnAction,2026-02-02 12:31:37.864289+00:00,2026-02-02 12:31:37.864380+00:00
548c6384dcdd2c4617a237326a3a897a,2026-02-02T12:31:36.542909,0.09251854576981068,2026-02-02T12:31:35.858307321Z,lightOnAction,2026-02-02 12:31:37.864465+00:00,2026-02-02 12:31:37.864552+00:00
548c6384dcdd2c4617a237326a3a897a,2026-02-02T12:31:36.542909,0.09251854576981068,2026-02-02T12:31:35.858307321Z,bellOnInvocation,2026-02-02 12:31:35.864798+00:00,2026-02-02 12:31:35.864854+00:00
548c6384dcdd2c4617a237326a3a897a,2026-02-02T12:31:36.542909,0.09251854576981068,2026-02-02T12:31:35.858307321Z,gateDownInvocation,2026-02-02 12:31:35.863356+00:00,2026-02-02 12:31:35.863490+00:00
548c6384dcdd2c4617a237326a3a897a,2026-02-02T12:31:36.542909,0.09251854576981068,2026-02-02T12:31:35.858307321Z,bellOnInvocation,2026-02-02 12:31:35.863444+00:00,2026-02-02 12:31:35.863513+00:00
548c6384dcdd2c4617a237326a3a897a,2026-02-02T12:31:36.542909,0.09251854576981068,2026-02-02T12:31:35.858307321Z,lightOnInvocation,2026-02-02 12:31:35.864575+00:00,2026-02-02 12:31:35.864654+00:00
548c6384dcdd2c4617a237326a3a897a,2026-02-02T12:31:36.542909,0.09251854576981068,2026-02-02T12:31:35.858307321Z,gateDownAction,2026-02-02 12:31:37.864104+00:00,2026-02-02 12:31:37.864188+00:00
548c6384dcdd2c4617a237326a3a897a,2026-02-02T12:31:36.542909,0.09251854576981068,2026-02-02T12:31:35.858307321Z,bellOnAction,2026-02-02 12:31:37.865828+00:00,2026-02-02 12:31:37.865895+00:00
548c6384dcdd2c4617a237326a3a897a,2026-02-02T12:31:36.542909,0.09251854576981068,2026-02-02T12:31:35.858307321Z,lightOnInvocation,2026-02-02 12:31:35.863512+00:00,2026-02-02 12:31:35.863613+00:00
548c6384dcdd2c4617a237326a3a897a,2026-02-02T12:31:36.542909,0.09251854576981068,2026-02-02T12:31:35.858307321Z,gateDownAction,2026-02-02 12:31:37.863559+00:00,2026-02-02 12:31:37.863645+00:00
8a37a9bdcc0711707003300eafa20e4a,2026-02-02T12:29:17.521945,0.0693554459912777,2026-02-02T12:29:16.865932777Z,lightOnAction,2026-02-02 12:29:18.873839+00:00,2026-02-02 12:29:18.873964+00:00
8a37a9bdcc0711707003300eafa20e4a,2026-02-02T12:29:17.521945,0.0693554459912777,2026-02-02T12:29:16.865932777Z,lightOnAction,2026-02-02 12:29:18.875011+00:00,2026-02-02 12:29:18.875096+00:00
8a37a9bdcc0711707003300eafa20e4a,2026-02-02T12:29:17.521945,0.0693554459912777,2026-02-02T12:29:16.865932777Z,lightOnInvocation,2026-02-02 12:29:16.873748+00:00,2026-02-02 12:29:16.873920+00:00
8a37a9bdcc0711707003300eafa20e4a,2026-02-02T12:29:17.521945,0.0693554459912777,2026-02-02T12:29:16.865932777Z,gateDownAction,2026-02-02 12:29:18.873775+00:00,2026-02-02 12:29:18.873857+00:00
8a37a9bdcc0711707003300eafa20e4a,2026-02-02T12:29:17.521945,0.0693554459912777,2026-02-02T12:29:16.865932777Z,lightOnInvocation,2026-02-02 12:29:16.872315+00:00,2026-02-02 12:29:16.872447+00:00
8a37a9bdcc0711707003300eafa20e4a,2026-02-02T12:29:17.521945,0.0693554459912777,2026-02-02T12:29:16.865932777Z,bellOnInvocation,2026-02-02 12:29:16.878004+00:00,2026-02-02 12:29:16.878130+00:00
8a37a9bdcc0711707003300eafa20e4a,2026-02-02T12:29:17.521945,0.0693554459912777,2026-02-02T12:29:16.865932777Z,gateDownInvocation,2026-02-02 12:29:16.877125+00:00,2026-02-02 12:29:16.877325+00:00
8a37a9bdcc0711707003300eafa20e4a,2026-02-02T12:29:17.521945,0.0693554459912777,2026-02-02T12:29:16.865932777Z,gateDownInvocation,2026-02-02 12:29:16.872247+00:00,2026-02-02 12:29:16.872447+00:00
8a37a9bdcc0711707003300eafa20e4a,2026-02-02T12:29:17.521945,0.0693554459912777,2026-02-02T12:29:16.865932777Z,gateDownAction,2026-02-02 12:29:18.877597+00:00,2026-02-02 12:29:18.877668+00:00
8a37a9bdcc0711707003300eafa20e4a,2026-02-02T12:29:17.521945,0.0693554459912777,2026-02-02T12:29:16.865932777Z,bellOnAction,2026-02-02 12:29:18.879143+00:00,2026-02-02 12:29:18.879223+00:00
8a37a9bdcc0711707003300eafa20e4a,2026-02-02T12:29:17.521945,0.0693554459912777,2026-02-02T12:29:16.865932777Z,bellOnInvocation,2026-02-02 12:29:16.875831+00:00,2026-02-02 12:29:16.875982+00:00
8a37a9bdcc0711707003300eafa20e4a,2026-02-02T12:29:17.521945,0.0693554459912777,2026-02-02T12:29:16.865932777Z,bellOnAction,2026-02-02 12:29:18.876977+00:00,2026-02-02 12:29:18.877065+00:00
60af8ca4e710a085d13bf69498ece68f,2026-02-02T12:24:01.769276,0.0167292701248765,2026-02-02T12:24:01.077247797Z,bellOnAction,2026-02-02 12:24:03.091801+00:00,2026-02-02 12:24:03.091888+00:00
60af8ca4e710a085d13bf69498ece68f,2026-02-02T12:24:01.769276,0.0167292701248765,2026-02-02T12:24:01.077247797Z,lightOnAction,2026-02-02 12:24:03.089697+00:00,2026-02-02 12:24:03.089753+00:00
60af8ca4e710a085d13bf69498ece68f,2026-02-02T12:24:01.769276,0.0167292701248765,2026-02-02T12:24:01.077247797Z,lightOnInvocation,2026-02-02 12:24:01.089100+00:00,2026-02-02 12:24:01.089302+00:00
60af8ca4e710a085d13bf69498ece68f,2026-02-02T12:24:01.769276,0.0167292701248765,2026-02-02T12:24:01.077247797Z,lightOnAction,2026-02-02 12:24:03.089484+00:00,2026-02-02 12:24:03.089566+00:00
60af8ca4e710a085d13bf69498ece68f,2026-02-02T12:24:01.769276,0.0167292701248765,2026-02-02T12:24:01.077247797Z,gateDownAction,2026-02-02 12:24:03.088189+00:00,2026-02-02 12:24:03.088272+00:00
60af8ca4e710a085d13bf69498ece68f,2026-02-02T12:24:01.769276,0.0167292701248765,2026-02-02T12:24:01.077247797Z,bellOnAction,2026-02-02 12:24:03.093062+00:00,2026-02-02 12:24:03.093146+00:00
60af8ca4e710a085d13bf69498ece68f,2026-02-02T12:24:01.769276,0.0167292701248765,2026-02-02T12:24:01.077247797Z,bellOnInvocation,2026-02-02 12:24:01.091217+00:00,2026-02-02 12:24:01.091398+00:00
60af8ca4e710a085d13bf69498ece68f,2026-02-02T12:24:01.769276,0.0167292701248765,2026-02-02T12:24:01.077247797Z,bellOnInvocation,2026-02-02 12:24:01.090586+00:00,2026-02-02 12:24:01.090744+00:00
60af8ca4e710a085d13bf69498ece68f,2026-02-02T12:24:01.769276,0.0167292701248765,2026-02-02T12:24:01.077247797Z,gateDownInvocation,2026-02-02 12:24:01.087448+00:00,2026-02-02 12:24:01.087680+00:00
60af8ca4e710a085d13bf69498ece68f,2026-02-02T12:24:01.769276,0.0167292701248765,2026-02-02T12:24:01.077247797Z,gateDownInvocation,2026-02-02 12:24:01.087107+00:00,2026-02-02 12:24:01.087427+00:00
60af8ca4e710a085d13bf69498ece68f,2026-02-02T12:24:01.769276,0.0167292701248765,2026-02-02T12:24:01.077247797Z,gateDownAction,2026-02-02 12:24:03.089334+00:00,2026-02-02 12:24:03.089418+00:00
60af8ca4e710a085d13bf69498ece68f,2026-02-02T12:24:01.769276,0.0167292701248765,2026-02-02T12:24:01.077247797Z,lightOnInvocation,2026-02-02 12:24:01.089024+00:00,2026-02-02 12:24:01.089188+00:00
065c433dadfd15095d33a9b78ce27f64,2026-02-02T12:28:16.649151,0.05921025904060603,2026-02-02T12:28:15.988697456Z,bellOnAction,2026-02-02 12:28:17.995534+00:00,2026-02-02 12:28:17.995623+00:00
065c433dadfd15095d33a9b78ce27f64,2026-02-02T12:28:16.649151,0.05921025904060603,2026-02-02T12:28:15.988697456Z,gateDownAction,2026-02-02 12:28:17.994068+00:00,2026-02-02 12:28:17.994156+00:00
065c433dadfd15095d33a9b78ce27f64,2026-02-02T12:28:16.649151,0.05921025904060603,2026-02-02T12:28:15.988697456Z,lightOnAction,2026-02-02 12:28:17.994238+00:00,2026-02-02 12:28:17.994344+00:00
065c433dadfd15095d33a9b78ce27f64,2026-02-02T12:28:16.649151,0.05921025904060603,2026-02-02T12:28:15.988697456Z,lightOnAction,2026-02-02 12:28:17.994430+00:00,2026-02-02 12:28:17.994495+00:00
065c433dadfd15095d33a9b78ce27f64,2026-02-02T12:28:16.649151,0.05921025904060603,2026-02-02T12:28:15.988697456Z,gateDownAction,2026-02-02 12:28:17.993896+00:00,2026-02-02 12:28:17.994035+00:00
065c433dadfd15095d33a9b78ce27f64,2026-02-02T12:28:16.649151,0.05921025904060603,2026-02-02T12:28:15.988697456Z,gateDownInvocation,2026-02-02 12:28:15.993593+00:00,2026-02-02 12:28:15.993681+00:00
065c433dadfd15095d33a9b78ce27f64,2026-02-02T12:28:16.649151,0.05921025904060603,2026-02-02T12:28:15.988697456Z,bellOnInvocation,2026-02-02 12:28:15.993677+00:00,2026-02-02 12:28:15.993732+00:00
065c433dadfd15095d33a9b78ce27f64,2026-02-02T12:28:16.649151,0.05921025904060603,2026-02-02T12:28:15.988697456Z,lightOnInvocation,2026-02-02 12:28:15.993373+00:00,2026-02-02 12:28:15.993430+00:00
065c433dadfd15095d33a9b78ce27f64,2026-02-02T12:28:16.649151,0.05921025904060603,2026-02-02T12:28:15.988697456Z,gateDownInvocation,2026-02-02 12:28:15.993340+00:00,2026-02-02 12:28:15.993430+00:00
065c433dadfd15095d33a9b78ce27f64,2026-02-02T12:28:16.649151,0.05921025904060603,2026-02-02T12:28:15.988697456Z,lightOnInvocation,2026-02-02 12:28:15.994077+00:00,2026-02-02 12:28:15.994125+00:00
065c433dadfd15095d33a9b78ce27f64,2026-02-02T12:28:16.649151,0.05921025904060603,2026-02-02T12:28:15.988697456Z,bellOnInvocation,2026-02-02 12:28:15.994803+00:00,2026-02-02 12:28:15.994843+00:00
065c433dadfd15095d33a9b78ce27f64,2026-02-02T12:28:16.649151,0.05921025904060603,2026-02-02T12:28:15.988697456Z,bellOnAction,2026-02-02 12:28:17.993736+00:00,2026-02-02 12:28:17.993924+00:00
a8a59e98b9021438e9d46893512897db,2026-02-02T12:29:30.490340,0.07151426283018589,2026-02-02T12:29:29.819944017Z,gateDownAction,2026-02-02 12:29:31.823436+00:00,2026-02-02 12:29:31.823523+00:00
a8a59e98b9021438e9d46893512897db,2026-02-02T12:29:30.490340,0.07151426283018589,2026-02-02T12:29:29.819944017Z,lightOnInvocation,2026-02-02 12:29:29.822814+00:00,2026-02-02 12:29:29.822884+00:00
a8a59e98b9021438e9d46893512897db,2026-02-02T12:29:30.490340,0.07151426283018589,2026-02-02T12:29:29.819944017Z,lightOnAction,2026-02-02 12:29:31.823863+00:00,2026-02-02 12:29:31.823993+00:00
a8a59e98b9021438e9d46893512897db,2026-02-02T12:29:30.490340,0.07151426283018589,2026-02-02T12:29:29.819944017Z,bellOnAction,2026-02-02 12:29:31.823837+00:00,2026-02-02 12:29:31.823981+00:00
a8a59e98b9021438e9d46893512897db,2026-02-02T12:29:30.490340,0.07151426283018589,2026-02-02T12:29:29.819944017Z,gateDownAction,2026-02-02 12:29:31.823672+00:00,2026-02-02 12:29:31.823763+00:00
a8a59e98b9021438e9d46893512897db,2026-02-02T12:29:30.490340,0.07151426283018589,2026-02-02T12:29:29.819944017Z,bellOnInvocation,2026-02-02 12:29:29.824138+00:00,2026-02-02 12:29:29.824188+00:00
a8a59e98b9021438e9d46893512897db,2026-02-02T12:29:30.490340,0.07151426283018589,2026-02-02T12:29:29.819944017Z,bellOnAction,2026-02-02 12:29:31.824712+00:00,2026-02-02 12:29:31.824797+00:00
a8a59e98b9021438e9d46893512897db,2026-02-02T12:29:30.490340,0.07151426283018589,2026-02-02T12:29:29.819944017Z,lightOnInvocation,2026-02-02 12:29:29.823571+00:00,2026-02-02 12:29:29.823624+00:00
a8a59e98b9021438e9d46893512897db,2026-02-02T12:29:30.490340,0.07151426283018589,2026-02-02T12:29:29.819944017Z,gateDownInvocation,2026-02-02 12:29:29.822752+00:00,2026-02-02 12:29:29.822905+00:00
a8a59e98b9021438e9d46893512897db,2026-02-02T12:29:30.490340,0.07151426283018589,2026-02-02T12:29:29.819944017Z,gateDownInvocation,2026-02-02 12:29:29.822913+00:00,2026-02-02 12:29:29.823001+00:00
a8a59e98b9021438e9d46893512897db,2026-02-02T12:29:30.490340,0.07151426283018589,2026-02-02T12:29:29.819944017Z,lightOnAction,2026-02-02 12:29:31.823795+00:00,2026-02-02 12:29:31.823891+00:00
a8a59e98b9021438e9d46893512897db,2026-02-02T12:29:30.490340,0.07151426283018589,2026-02-02T12:29:29.819944017Z,bellOnInvocation,2026-02-02 12:29:29.823249+00:00,2026-02-02 12:29:29.823321+00:00
27bdb494b5563147e3ffb62f5c6d02de,2026-02-02T12:31:32.160685,0.0919572096017599,2026-02-02T12:31:32.490082764Z,lightOffInvocation,2026-02-02 12:31:32.496563+00:00,2026-02-02 12:31:32.496625+00:00
27bdb494b5563147e3ffb62f5c6d02de,2026-02-02T12:31:32.160685,0.0919572096017599,2026-02-02T12:31:32.490082764Z,gateUpInvocation,2026-02-02 12:31:32.496552+00:00,2026-02-02 12:31:32.496614+00:00
27bdb494b5563147e3ffb62f5c6d02de,2026-02-02T12:31:32.160685,0.0919572096017599,2026-02-02T12:31:32.490082764Z,bellOffInvocation,2026-02-02 12:31:32.502559+00:00,2026-02-02 12:31:32.502614+00:00
27bdb494b5563147e3ffb62f5c6d02de,2026-02-02T12:31:32.160685,0.0919572096017599,2026-02-02T12:31:32.490082764Z,gateUpInvocation,2026-02-02 12:31:32.499214+00:00,2026-02-02 12:31:32.499276+00:00
27bdb494b5563147e3ffb62f5c6d02de,2026-02-02T12:31:32.160685,0.0919572096017599,2026-02-02T12:31:32.490082764Z,bellOffInvocation,2026-02-02 12:31:32.502607+00:00,2026-02-02 12:31:32.502677+00:00
27bdb494b5563147e3ffb62f5c6d02de,2026-02-02T12:31:32.160685,0.0919572096017599,2026-02-02T12:31:32.490082764Z,lightOffInvocation,2026-02-02 12:31:32.496551+00:00,2026-02-02 12:31:32.496614+00:00
f6d2dd654db2c1473c581b96ab13affa,2026-02-02T12:29:13.181448,0.06862980403814317,2026-02-02T12:29:12.511626479Z,lightOnAction,2026-02-02 12:29:14.517842+00:00,2026-02-02 12:29:14.517921+00:00
f6d2dd654db2c1473c581b96ab13affa,2026-02-02T12:29:13.181448,0.06862980403814317,2026-02-02T12:29:12.511626479Z,bellOnAction,2026-02-02 12:29:14.518471+00:00,2026-02-02 12:29:14.518565+00:00
f6d2dd654db2c1473c581b96ab13affa,2026-02-02T12:29:13.181448,0.06862980403814317,2026-02-02T12:29:12.511626479Z,lightOnInvocation,2026-02-02 12:29:12.516653+00:00,2026-02-02 12:29:12.516726+00:00
f6d2dd654db2c1473c581b96ab13affa,2026-02-02T12:29:13.181448,0.06862980403814317,2026-02-02T12:29:12.511626479Z,bellOnAction,2026-02-02 12:29:14.517678+00:00,2026-02-02 12:29:14.517763+00:00
f6d2dd654db2c1473c581b96ab13affa,2026-02-02T12:29:13.181448,0.06862980403814317,2026-02-02T12:29:12.511626479Z,gateDownInvocation,2026-02-02 12:29:12.517452+00:00,2026-02-02 12:29:12.517553+00:00
f6d2dd654db2c1473c581b96ab13affa,2026-02-02T12:29:13.181448,0.06862980403814317,2026-02-02T12:29:12.511626479Z,gateDownInvocation,2026-02-02 12:29:12.516415+00:00,2026-02-02 12:29:12.516523+00:00
f6d2dd654db2c1473c581b96ab13affa,2026-02-02T12:29:13.181448,0.06862980403814317,2026-02-02T12:29:12.511626479Z,lightOnInvocation,2026-02-02 12:29:12.516611+00:00,2026-02-02 12:29:12.516666+00:00
f6d2dd654db2c1473c581b96ab13affa,2026-02-02T12:29:13.181448,0.06862980403814317,2026-02-02T12:29:12.511626479Z,gateDownAction,2026-02-02 12:29:14.516519+00:00,2026-02-02 12:29:14.516636+00:00
f6d2dd654db2c1473c581b96ab13affa,2026-02-02T12:29:13.181448,0.06862980403814317,2026-02-02T12:29:12.511626479Z,lightOnAction,2026-02-02 12:29:14.516630+00:00,2026-02-02 12:29:14.516717+00:00
f6d2dd654db2c1473c581b96ab13affa,2026-02-02T12:29:13.181448,0.06862980403814317,2026-02-02T12:29:12.511626479Z,bellOnInvocation,2026-02-02 12:29:12.516673+00:00,2026-02-02 12:29:12.516751+00:00
f6d2dd654db2c1473c581b96ab13affa,2026-02-02T12:29:13.181448,0.06862980403814317,2026-02-02T12:29:12.511626479Z,gateDownAction,2026-02-02 12:29:14.518229+00:00,2026-02-02 12:29:14.518284+00:00
f6d2dd654db2c1473c581b96ab13affa,2026-02-02T12:29:13.181448,0.06862980403814317,2026-02-02T12:29:12.511626479Z,bellOnInvocation,2026-02-02 12:29:12.517762+00:00,2026-02-02 12:29:12.517835+00:00
458bcf8e35317f5ad29e6bd7670e0b65,2026-02-02T12:29:00.111561,0.06661970153144599,2026-02-02T12:29:00.45002025Z,lightOffInvocation,2026-02-02 12:29:00.467550+00:00,2026-02-02 12:29:00.467698+00:00
458bcf8e35317f5ad29e6bd7670e0b65,2026-02-02T12:29:00.111561,0.06661970153144599,2026-02-02T12:29:00.45002025Z,gateUpInvocation,2026-02-02 12:29:00.463640+00:00,2026-02-02 12:29:00.463773+00:00
458bcf8e35317f5ad29e6bd7670e0b65,2026-02-02T12:29:00.111561,0.06661970153144599,2026-02-02T12:29:00.45002025Z,bellOffInvocation,2026-02-02 12:29:00.470047+00:00,2026-02-02 12:29:00.470210+00:00
458bcf8e35317f5ad29e6bd7670e0b65,2026-02-02T12:29:00.111561,0.06661970153144599,2026-02-02T12:29:00.45002025Z,bellOffInvocation,2026-02-02 12:29:00.465638+00:00,2026-02-02 12:29:00.465754+00:00
458bcf8e35317f5ad29e6bd7670e0b65,2026-02-02T12:29:00.111561,0.06661970153144599,2026-02-02T12:29:00.45002025Z,lightOffInvocation,2026-02-02 12:29:00.464528+00:00,2026-02-02 12:29:00.464646+00:00
458bcf8e35317f5ad29e6bd7670e0b65,2026-02-02T12:29:00.111561,0.06661970153144599,2026-02-02T12:29:00.45002025Z,gateUpInvocation,2026-02-02 12:29:00.466058+00:00,2026-02-02 12:29:00.466159+00:00
67bf81ca1dc6a3a499234e088b0b0aee,2026-02-02T12:31:36.542909,0.09269096035321951,2026-02-02T12:31:36.892952713Z,bellOffInvocation,2026-02-02 12:31:36.899487+00:00,2026-02-02 12:31:36.899562+00:00
67bf81ca1dc6a3a499234e088b0b0aee,2026-02-02T12:31:36.542909,0.09269096035321951,2026-02-02T12:31:36.892952713Z,gateUpInvocation,2026-02-02 12:31:36.899209+00:00,2026-02-02 12:31:36.899277+00:00
67bf81ca1dc6a3a499234e088b0b0aee,2026-02-02T12:31:36.542909,0.09269096035321951,2026-02-02T12:31:36.892952713Z,bellOffInvocation,2026-02-02 12:31:36.898099+00:00,2026-02-02 12:31:36.898178+00:00
67bf81ca1dc6a3a499234e088b0b0aee,2026-02-02T12:31:36.542909,0.09269096035321951,2026-02-02T12:31:36.892952713Z,gateUpInvocation,2026-02-02 12:31:36.897646+00:00,2026-02-02 12:31:36.897722+00:00
67bf81ca1dc6a3a499234e088b0b0aee,2026-02-02T12:31:36.542909,0.09269096035321951,2026-02-02T12:31:36.892952713Z,lightOffInvocation,2026-02-02 12:31:36.897647+00:00,2026-02-02 12:31:36.897722+00:00
67bf81ca1dc6a3a499234e088b0b0aee,2026-02-02T12:31:36.542909,0.09269096035321951,2026-02-02T12:31:36.892952713Z,lightOffInvocation,2026-02-02 12:31:36.897919+00:00,2026-02-02 12:31:36.898024+00:00
51b14cf3bd5e033e5bb9c2c3c1a14645,2026-02-02T12:23:01.471852,0.0068466926582217225,2026-02-02T12:23:01.77587252Z,bellOffInvocation,2026-02-02 12:23:01.792133+00:00,2026-02-02 12:23:01.792247+00:00
51b14cf3bd5e033e5bb9c2c3c1a14645,2026-02-02T12:23:01.471852,0.0068466926582217225,2026-02-02T12:23:01.77587252Z,bellOffInvocation,2026-02-02 12:23:01.796547+00:00,2026-02-02 12:23:01.796661+00:00
51b14cf3bd5e033e5bb9c2c3c1a14645,2026-02-02T12:23:01.471852,0.0068466926582217225,2026-02-02T12:23:01.77587252Z,gateUpInvocation,2026-02-02 12:23:01.789840+00:00,2026-02-02 12:23:01.790002+00:00
51b14cf3bd5e033e5bb9c2c3c1a14645,2026-02-02T12:23:01.471852,0.0068466926582217225,2026-02-02T12:23:01.77587252Z,lightOffInvocation,2026-02-02 12:23:01.788067+00:00,2026-02-02 12:23:01.788225+00:00
51b14cf3bd5e033e5bb9c2c3c1a14645,2026-02-02T12:23:01.471852,0.0068466926582217225,2026-02-02T12:23:01.77587252Z,gateUpInvocation,2026-02-02 12:23:01.789717+00:00,2026-02-02 12:23:01.789806+00:00
51b14cf3bd5e033e5bb9c2c3c1a14645,2026-02-02T12:23:01.471852,0.0068466926582217225,2026-02-02T12:23:01.77587252Z,lightOffInvocation,2026-02-02 12:23:01.787688+00:00,2026-02-02 12:23:01.787996+00:00
e1e83fc6e992bbfe1ab2f7f547b6ea53,2026-02-02T12:29:04.462787,0.06717383794003726,2026-02-02T12:29:03.774933136Z,lightOnInvocation,2026-02-02 12:29:03.781700+00:00,2026-02-02 12:29:03.781759+00:00
e1e83fc6e992bbfe1ab2f7f547b6ea53,2026-02-02T12:29:04.462787,0.06717383794003726,2026-02-02T12:29:03.774933136Z,lightOnAction,2026-02-02 12:29:05.781825+00:00,2026-02-02 12:29:05.781952+00:00
e1e83fc6e992bbfe1ab2f7f547b6ea53,2026-02-02T12:29:04.462787,0.06717383794003726,2026-02-02T12:29:03.774933136Z,gateDownInvocation,2026-02-02 12:29:03.782300+00:00,2026-02-02 12:29:03.782380+00:00
e1e83fc6e992bbfe1ab2f7f547b6ea53,2026-02-02T12:29:04.462787,0.06717383794003726,2026-02-02T12:29:03.774933136Z,bellOnInvocation,2026-02-02 12:29:03.783277+00:00,2026-02-02 12:29:03.783323+00:00
e1e83fc6e992bbfe1ab2f7f547b6ea53,2026-02-02T12:29:04.462787,0.06717383794003726,2026-02-02T12:29:03.774933136Z,gateDownInvocation,2026-02-02 12:29:03.781613+00:00,2026-02-02 12:29:03.781748+00:00
e1e83fc6e992bbfe1ab2f7f547b6ea53,2026-02-02T12:29:04.462787,0.06717383794003726,2026-02-02T12:29:03.774933136Z,bellOnAction,2026-02-02 12:29:05.782002+00:00,2026-02-02 12:29:05.782088+00:00
e1e83fc6e992bbfe1ab2f7f547b6ea53,2026-02-02T12:29:04.462787,0.06717383794003726,2026-02-02T12:29:03.774933136Z,gateDownAction,2026-02-02 12:29:05.783079+00:00,2026-02-02 12:29:05.783206+00:00
e1e83fc6e992bbfe1ab2f7f547b6ea53,2026-02-02T12:29:04.462787,0.06717383794003726,2026-02-02T12:29:03.774933136Z,bellOnAction,2026-02-02 12:29:05.784280+00:00,2026-02-02 12:29:05.784369+00:00
e1e83fc6e992bbfe1ab2f7f547b6ea53,2026-02-02T12:29:04.462787,0.06717383794003726,2026-02-02T12:29:03.774933136Z,gateDownAction,2026-02-02 12:29:05.782338+00:00,2026-02-02 12:29:05.782401+00:00
e1e83fc6e992bbfe1ab2f7f547b6ea53,2026-02-02T12:29:04.462787,0.06717383794003726,2026-02-02T12:29:03.774933136Z,lightOnInvocation,2026-02-02 12:29:03.781554+00:00,2026-02-02 12:29:03.781624+00:00
e1e83fc6e992bbfe1ab2f7f547b6ea53,2026-02-02T12:29:04.462787,0.06717383794003726,2026-02-02T12:29:03.774933136Z,lightOnAction,2026-02-02 12:29:05.782800+00:00,2026-02-02 12:29:05.782950+00:00
e1e83fc6e992bbfe1ab2f7f547b6ea53,2026-02-02T12:29:04.462787,0.06717383794003726,2026-02-02T12:29:03.774933136Z,bellOnInvocation,2026-02-02 12:29:03.781650+00:00,2026-02-02 12:29:03.781717+00:00
ee71a26531ea6575ca4f9e652592cc25,2026-02-02T12:23:05.773826,0.007397214287412167,2026-02-02T12:23:05.079346966Z,lightOnInvocation,2026-02-02 12:23:05.096672+00:00,2026-02-02 12:23:05.096853+00:00
ee71a26531ea6575ca4f9e652592cc25,2026-02-02T12:23:05.773826,0.007397214287412167,2026-02-02T12:23:05.079346966Z,gateDownInvocation,2026-02-02 12:23:05.090534+00:00,2026-02-02 12:23:05.090898+00:00
ee71a26531ea6575ca4f9e652592cc25,2026-02-02T12:23:05.773826,0.007397214287412167,2026-02-02T12:23:05.079346966Z,bellOnAction,2026-02-02 12:23:07.095000+00:00,2026-02-02 12:23:07.095068+00:00
ee71a26531ea6575ca4f9e652592cc25,2026-02-02T12:23:05.773826,0.007397214287412167,2026-02-02T12:23:05.079346966Z,lightOnInvocation,2026-02-02 12:23:05.089496+00:00,2026-02-02 12:23:05.091967+00:00
ee71a26531ea6575ca4f9e652592cc25,2026-02-02T12:23:05.773826,0.007397214287412167,2026-02-02T12:23:05.079346966Z,lightOnAction,2026-02-02 12:23:07.095623+00:00,2026-02-02 12:23:07.095683+00:00
ee71a26531ea6575ca4f9e652592cc25,2026-02-02T12:23:05.773826,0.007397214287412167,2026-02-02T12:23:05.079346966Z,gateDownAction,2026-02-02 12:23:07.091421+00:00,2026-02-02 12:23:07.091485+00:00
ee71a26531ea6575ca4f9e652592cc25,2026-02-02T12:23:05.773826,0.007397214287412167,2026-02-02T12:23:05.079346966Z,gateDownAction,2026-02-02 12:23:07.099755+00:00,2026-02-02 12:23:07.099851+00:00
ee71a26531ea6575ca4f9e652592cc25,2026-02-02T12:23:05.773826,0.007397214287412167,2026-02-02T12:23:05.079346966Z,bellOnInvocation,2026-02-02 12:23:05.093718+00:00,2026-02-02 12:23:05.093962+00:00
ee71a26531ea6575ca4f9e652592cc25,2026-02-02T12:23:05.773826,0.007397214287412167,2026-02-02T12:23:05.079346966Z,bellOnInvocation,2026-02-02 12:23:05.099225+00:00,2026-02-02 12:23:05.099434+00:00
ee71a26531ea6575ca4f9e652592cc25,2026-02-02T12:23:05.773826,0.007397214287412167,2026-02-02T12:23:05.079346966Z,lightOnAction,2026-02-02 12:23:07.097347+00:00,2026-02-02 12:23:07.097410+00:00
ee71a26531ea6575ca4f9e652592cc25,2026-02-02T12:23:05.773826,0.007397214287412167,2026-02-02T12:23:05.079346966Z,gateDownInvocation,2026-02-02 12:23:05.098431+00:00,2026-02-02 12:23:05.098712+00:00
ee71a26531ea6575ca4f9e652592cc25,2026-02-02T12:23:05.773826,0.007397214287412167,2026-02-02T12:23:05.079346966Z,bellOnAction,2026-02-02 12:23:07.100837+00:00,2026-02-02 12:23:07.100891+00:00
21c2eb32f87c55aa7339aee4f7e9a2f6,2026-02-02T12:31:10.400034,0.08832917712230683,2026-02-02T12:31:10.719756086Z,gateUpInvocation,2026-02-02 12:31:10.728400+00:00,2026-02-02 12:31:10.728538+00:00
21c2eb32f87c55aa7339aee4f7e9a2f6,2026-02-02T12:31:10.400034,0.08832917712230683,2026-02-02T12:31:10.719756086Z,lightOffInvocation,2026-02-02 12:31:10.730432+00:00,2026-02-02 12:31:10.730555+00:00
21c2eb32f87c55aa7339aee4f7e9a2f6,2026-02-02T12:31:10.400034,0.08832917712230683,2026-02-02T12:31:10.719756086Z,lightOffInvocation,2026-02-02 12:31:10.725977+00:00,2026-02-02 12:31:10.726115+00:00
21c2eb32f87c55aa7339aee4f7e9a2f6,2026-02-02T12:31:10.400034,0.08832917712230683,2026-02-02T12:31:10.719756086Z,bellOffInvocation,2026-02-02 12:31:10.729758+00:00,2026-02-02 12:31:10.729858+00:00
21c2eb32f87c55aa7339aee4f7e9a2f6,2026-02-02T12:31:10.400034,0.08832917712230683,2026-02-02T12:31:10.719756086Z,bellOffInvocation,2026-02-02 12:31:10.727822+00:00,2026-02-02 12:31:10.727984+00:00
21c2eb32f87c55aa7339aee4f7e9a2f6,2026-02-02T12:31:10.400034,0.08832917712230683,2026-02-02T12:31:10.719756086Z,gateUpInvocation,2026-02-02 12:31:10.726017+00:00,2026-02-02 12:31:10.726157+00:00
a434f09d17cce4a8a430460ce5e6709e,2026-02-02T12:24:27.599508,0.021199694843840603,2026-02-02T12:24:27.902446238Z,lightOffInvocation,2026-02-02 12:24:27.913645+00:00,2026-02-02 12:24:27.913799+00:00
a434f09d17cce4a8a430460ce5e6709e,2026-02-02T12:24:27.599508,0.021199694843840603,2026-02-02T12:24:27.902446238Z,gateUpInvocation,2026-02-02 12:24:27.911819+00:00,2026-02-02 12:24:27.912015+00:00
a434f09d17cce4a8a430460ce5e6709e,2026-02-02T12:24:27.599508,0.021199694843840603,2026-02-02T12:24:27.902446238Z,gateUpInvocation,2026-02-02 12:24:27.915695+00:00,2026-02-02 12:24:27.915804+00:00
a434f09d17cce4a8a430460ce5e6709e,2026-02-02T12:24:27.599508,0.021199694843840603,2026-02-02T12:24:27.902446238Z,bellOffInvocation,2026-02-02 12:24:27.918210+00:00,2026-02-02 12:24:27.918294+00:00
a434f09d17cce4a8a430460ce5e6709e,2026-02-02T12:24:27.599508,0.021199694843840603,2026-02-02T12:24:27.902446238Z,lightOffInvocation,2026-02-02 12:24:27.916046+00:00,2026-02-02 12:24:27.916186+00:00
a434f09d17cce4a8a430460ce5e6709e,2026-02-02T12:24:27.599508,0.021199694843840603,2026-02-02T12:24:27.902446238Z,bellOffInvocation,2026-02-02 12:24:27.917789+00:00,2026-02-02 12:24:27.917880+00:00
018b6d3bdbb997003d81925fa05ac713,2026-02-02T12:26:15.405773,0.039002111616313465,2026-02-02T12:26:14.728258981Z,lightOnInvocation,2026-02-02 12:26:14.755359+00:00,2026-02-02 12:26:14.755564+00:00
018b6d3bdbb997003d81925fa05ac713,2026-02-02T12:26:15.405773,0.039002111616313465,2026-02-02T12:26:14.728258981Z,bellOnAction,2026-02-02 12:26:16.759282+00:00,2026-02-02 12:26:16.759365+00:00
018b6d3bdbb997003d81925fa05ac713,2026-02-02T12:26:15.405773,0.039002111616313465,2026-02-02T12:26:14.728258981Z,bellOnInvocation,2026-02-02 12:26:14.757615+00:00,2026-02-02 12:26:14.757727+00:00
018b6d3bdbb997003d81925fa05ac713,2026-02-02T12:26:15.405773,0.039002111616313465,2026-02-02T12:26:14.728258981Z,gateDownInvocation,2026-02-02 12:26:14.747567+00:00,2026-02-02 12:26:14.747793+00:00
018b6d3bdbb997003d81925fa05ac713,2026-02-02T12:26:15.405773,0.039002111616313465,2026-02-02T12:26:14.728258981Z,lightOnAction,2026-02-02 12:26:16.747036+00:00,2026-02-02 12:26:16.747220+00:00
018b6d3bdbb997003d81925fa05ac713,2026-02-02T12:26:15.405773,0.039002111616313465,2026-02-02T12:26:14.728258981Z,gateDownInvocation,2026-02-02 12:26:14.755826+00:00,2026-02-02 12:26:14.756125+00:00
018b6d3bdbb997003d81925fa05ac713,2026-02-02T12:26:15.405773,0.039002111616313465,2026-02-02T12:26:14.728258981Z,gateDownAction,2026-02-02 12:26:16.749144+00:00,2026-02-02 12:26:16.749283+00:00
018b6d3bdbb997003d81925fa05ac713,2026-02-02T12:26:15.405773,0.039002111616313465,2026-02-02T12:26:14.728258981Z,bellOnAction,2026-02-02 12:26:16.761320+00:00,2026-02-02 12:26:16.761411+00:00
018b6d3bdbb997003d81925fa05ac713,2026-02-02T12:26:15.405773,0.039002111616313465,2026-02-02T12:26:14.728258981Z,lightOnInvocation,2026-02-02 12:26:14.745470+00:00,2026-02-02 12:26:14.745715+00:00
018b6d3bdbb997003d81925fa05ac713,2026-02-02T12:26:15.405773,0.039002111616313465,2026-02-02T12:26:14.728258981Z,gateDownAction,2026-02-02 12:26:16.757868+00:00,2026-02-02 12:26:16.758008+00:00
018b6d3bdbb997003d81925fa05ac713,2026-02-02T12:26:15.405773,0.039002111616313465,2026-02-02T12:26:14.728258981Z,lightOnAction,2026-02-02 12:26:16.756679+00:00,2026-02-02 12:26:16.756758+00:00
018b6d3bdbb997003d81925fa05ac713,2026-02-02T12:26:15.405773,0.039002111616313465,2026-02-02T12:26:14.728258981Z,bellOnInvocation,2026-02-02 12:26:14.758844+00:00,2026-02-02 12:26:14.759268+00:00
cfa403128e91214b91bad6988a33dc18,2026-02-02T12:24:44.842019,0.024076587582910064,2026-02-02T12:24:45.165423285Z,bellOffInvocation,2026-02-02 12:24:45.170443+00:00,2026-02-02 12:24:45.170487+00:00
cfa403128e91214b91bad6988a33dc18,2026-02-02T12:24:44.842019,0.024076587582910064,2026-02-02T12:24:45.165423285Z,bellOffInvocation,2026-02-02 12:24:45.170870+00:00,2026-02-02 12:24:45.170904+00:00
cfa403128e91214b91bad6988a33dc18,2026-02-02T12:24:44.842019,0.024076587582910064,2026-02-02T12:24:45.165423285Z,gateUpInvocation,2026-02-02 12:24:45.169689+00:00,2026-02-02 12:24:45.169721+00:00
cfa403128e91214b91bad6988a33dc18,2026-02-02T12:24:44.842019,0.024076587582910064,2026-02-02T12:24:45.165423285Z,lightOffInvocation,2026-02-02 12:24:45.170049+00:00,2026-02-02 12:24:45.170110+00:00
cfa403128e91214b91bad6988a33dc18,2026-02-02T12:24:44.842019,0.024076587582910064,2026-02-02T12:24:45.165423285Z,gateUpInvocation,2026-02-02 12:24:45.169561+00:00,2026-02-02 12:24:45.169607+00:00
cfa403128e91214b91bad6988a33dc18,2026-02-02T12:24:44.842019,0.024076587582910064,2026-02-02T12:24:45.165423285Z,lightOffInvocation,2026-02-02 12:24:45.169188+00:00,2026-02-02 12:24:45.169234+00:00
294ce523910faefb585a901445dcfea8,2026-02-02T12:30:48.723825,0.08471698366866112,2026-02-02T12:30:49.044357025Z,lightOffInvocation,2026-02-02 12:30:49.050964+00:00,2026-02-02 12:30:49.051122+00:00
294ce523910faefb585a901445dcfea8,2026-02-02T12:30:48.723825,0.08471698366866112,2026-02-02T12:30:49.044357025Z,bellOffInvocation,2026-02-02 12:30:49.054389+00:00,2026-02-02 12:30:49.054510+00:00
294ce523910faefb585a901445dcfea8,2026-02-02T12:30:48.723825,0.08471698366866112,2026-02-02T12:30:49.044357025Z,gateUpInvocation,2026-02-02 12:30:49.050745+00:00,2026-02-02 12:30:49.050880+00:00
294ce523910faefb585a901445dcfea8,2026-02-02T12:30:48.723825,0.08471698366866112,2026-02-02T12:30:49.044357025Z,gateUpInvocation,2026-02-02 12:30:49.054311+00:00,2026-02-02 12:30:49.054433+00:00
294ce523910faefb585a901445dcfea8,2026-02-02T12:30:48.723825,0.08471698366866112,2026-02-02T12:30:49.044357025Z,lightOffInvocation,2026-02-02 12:30:49.051694+00:00,2026-02-02 12:30:49.051829+00:00
294ce523910faefb585a901445dcfea8,2026-02-02T12:30:48.723825,0.08471698366866112,2026-02-02T12:30:49.044357025Z,bellOffInvocation,2026-02-02 12:30:49.052182+00:00,2026-02-02 12:30:49.052292+00:00
971fd635a3547116d7e72aad708f12e1,2026-02-02T12:31:40.867980,0.09323966239484549,2026-02-02T12:31:40.18552461Z,bellOnAction,2026-02-02 12:31:42.194048+00:00,2026-02-02 12:31:42.194143+00:00
971fd635a3547116d7e72aad708f12e1,2026-02-02T12:31:40.867980,0.09323966239484549,2026-02-02T12:31:40.18552461Z,lightOnAction,2026-02-02 12:31:42.195709+00:00,2026-02-02 12:31:42.195763+00:00
971fd635a3547116d7e72aad708f12e1,2026-02-02T12:31:40.867980,0.09323966239484549,2026-02-02T12:31:40.18552461Z,lightOnInvocation,2026-02-02 12:31:40.194952+00:00,2026-02-02 12:31:40.195090+00:00
971fd635a3547116d7e72aad708f12e1,2026-02-02T12:31:40.867980,0.09323966239484549,2026-02-02T12:31:40.18552461Z,gateDownAction,2026-02-02 12:31:42.195323+00:00,2026-02-02 12:31:42.195413+00:00
971fd635a3547116d7e72aad708f12e1,2026-02-02T12:31:40.867980,0.09323966239484549,2026-02-02T12:31:40.18552461Z,gateDownAction,2026-02-02 12:31:42.193882+00:00,2026-02-02 12:31:42.194024+00:00
971fd635a3547116d7e72aad708f12e1,2026-02-02T12:31:40.867980,0.09323966239484549,2026-02-02T12:31:40.18552461Z,gateDownInvocation,2026-02-02 12:31:40.191627+00:00,2026-02-02 12:31:40.192001+00:00
971fd635a3547116d7e72aad708f12e1,2026-02-02T12:31:40.867980,0.09323966239484549,2026-02-02T12:31:40.18552461Z,lightOnAction,2026-02-02 12:31:42.194251+00:00,2026-02-02 12:31:42.194339+00:00
971fd635a3547116d7e72aad708f12e1,2026-02-02T12:31:40.867980,0.09323966239484549,2026-02-02T12:31:40.18552461Z,bellOnInvocation,2026-02-02 12:31:40.192717+00:00,2026-02-02 12:31:40.192936+00:00
971fd635a3547116d7e72aad708f12e1,2026-02-02T12:31:40.867980,0.09323966239484549,2026-02-02T12:31:40.18552461Z,bellOnInvocation,2026-02-02 12:31:40.195668+00:00,2026-02-02 12:31:40.195875+00:00
971fd635a3547116d7e72aad708f12e1,2026-02-02T12:31:40.867980,0.09323966239484549,2026-02-02T12:31:40.18552461Z,gateDownInvocation,2026-02-02 12:31:40.192652+00:00,2026-02-02 12:31:40.193019+00:00
971fd635a3547116d7e72aad708f12e1,2026-02-02T12:31:40.867980,0.09323966239484549,2026-02-02T12:31:40.18552461Z,bellOnAction,2026-02-02 12:31:42.196639+00:00,2026-02-02 12:31:42.196719+00:00
971fd635a3547116d7e72aad708f12e1,2026-02-02T12:31:40.867980,0.09323966239484549,2026-02-02T12:31:40.18552461Z,lightOnInvocation,2026-02-02 12:31:40.192284+00:00,2026-02-02 12:31:40.192471+00:00
8385c833d8d96bd39fd2ba6e23b3b835,2026-02-02T12:24:14.670990,0.019045640575528145,2026-02-02T12:24:14.976818195Z,bellOffInvocation,2026-02-02 12:24:14.991855+00:00,2026-02-02 12:24:14.991937+00:00
8385c833d8d96bd39fd2ba6e23b3b835,2026-02-02T12:24:14.670990,0.019045640575528145,2026-02-02T12:24:14.976818195Z,lightOffInvocation,2026-02-02 12:24:14.988322+00:00,2026-02-02 12:24:14.988447+00:00
8385c833d8d96bd39fd2ba6e23b3b835,2026-02-02T12:24:14.670990,0.019045640575528145,2026-02-02T12:24:14.976818195Z,lightOffInvocation,2026-02-02 12:24:14.989365+00:00,2026-02-02 12:24:14.989514+00:00
8385c833d8d96bd39fd2ba6e23b3b835,2026-02-02T12:24:14.670990,0.019045640575528145,2026-02-02T12:24:14.976818195Z,gateUpInvocation,2026-02-02 12:24:14.986437+00:00,2026-02-02 12:24:14.986571+00:00
8385c833d8d96bd39fd2ba6e23b3b835,2026-02-02T12:24:14.670990,0.019045640575528145,2026-02-02T12:24:14.976818195Z,gateUpInvocation,2026-02-02 12:24:14.986330+00:00,2026-02-02 12:24:14.986435+00:00
8385c833d8d96bd39fd2ba6e23b3b835,2026-02-02T12:24:14.670990,0.019045640575528145,2026-02-02T12:24:14.976818195Z,bellOffInvocation,2026-02-02 12:24:14.990809+00:00,2026-02-02 12:24:14.990895+00:00
26fd5e9ea6f13d54b2388e204b957ae3,2026-02-02T12:25:27.945533,0.031257226513040075,2026-02-02T12:25:28.253699278Z,gateUpInvocation,2026-02-02 12:25:28.261883+00:00,2026-02-02 12:25:28.261983+00:00
26fd5e9ea6f13d54b2388e204b957ae3,2026-02-02T12:25:27.945533,0.031257226513040075,2026-02-02T12:25:28.253699278Z,bellOffInvocation,2026-02-02 12:25:28.264118+00:00,2026-02-02 12:25:28.264213+00:00
26fd5e9ea6f13d54b2388e204b957ae3,2026-02-02T12:25:27.945533,0.031257226513040075,2026-02-02T12:25:28.253699278Z,bellOffInvocation,2026-02-02 12:25:28.265000+00:00,2026-02-02 12:25:28.265061+00:00
26fd5e9ea6f13d54b2388e204b957ae3,2026-02-02T12:25:27.945533,0.031257226513040075,2026-02-02T12:25:28.253699278Z,lightOffInvocation,2026-02-02 12:25:28.260869+00:00,2026-02-02 12:25:28.260935+00:00
26fd5e9ea6f13d54b2388e204b957ae3,2026-02-02T12:25:27.945533,0.031257226513040075,2026-02-02T12:25:28.253699278Z,lightOffInvocation,2026-02-02 12:25:28.263524+00:00,2026-02-02 12:25:28.263621+00:00
26fd5e9ea6f13d54b2388e204b957ae3,2026-02-02T12:25:27.945533,0.031257226513040075,2026-02-02T12:25:28.253699278Z,gateUpInvocation,2026-02-02 12:25:28.263312+00:00,2026-02-02 12:25:28.263380+00:00
0b49b750824c9e6844bd2a479f69930c,2026-02-02T12:31:32.160685,0.09178633286306859,2026-02-02T12:31:31.464566644Z,bellOnAction,2026-02-02 12:31:33.482218+00:00,2026-02-02 12:31:33.482303+00:00
0b49b750824c9e6844bd2a479f69930c,2026-02-02T12:31:32.160685,0.09178633286306859,2026-02-02T12:31:31.464566644Z,bellOnInvocation,2026-02-02 12:31:31.480011+00:00,2026-02-02 12:31:31.480078+00:00
0b49b750824c9e6844bd2a479f69930c,2026-02-02T12:31:32.160685,0.09178633286306859,2026-02-02T12:31:31.464566644Z,gateDownInvocation,2026-02-02 12:31:31.476025+00:00,2026-02-02 12:31:31.476346+00:00
0b49b750824c9e6844bd2a479f69930c,2026-02-02T12:31:32.160685,0.09178633286306859,2026-02-02T12:31:31.464566644Z,lightOnInvocation,2026-02-02 12:31:31.478229+00:00,2026-02-02 12:31:31.478412+00:00
0b49b750824c9e6844bd2a479f69930c,2026-02-02T12:31:32.160685,0.09178633286306859,2026-02-02T12:31:31.464566644Z,lightOnInvocation,2026-02-02 12:31:31.476569+00:00,2026-02-02 12:31:31.476752+00:00
0b49b750824c9e6844bd2a479f69930c,2026-02-02T12:31:32.160685,0.09178633286306859,2026-02-02T12:31:31.464566644Z,bellOnAction,2026-02-02 12:31:33.481419+00:00,2026-02-02 12:31:33.481599+00:00
0b49b750824c9e6844bd2a479f69930c,2026-02-02T12:31:32.160685,0.09178633286306859,2026-02-02T12:31:31.464566644Z,lightOnAction,2026-02-02 12:31:33.477483+00:00,2026-02-02 12:31:33.477645+00:00
0b49b750824c9e6844bd2a479f69930c,2026-02-02T12:31:32.160685,0.09178633286306859,2026-02-02T12:31:31.464566644Z,bellOnInvocation,2026-02-02 12:31:31.482634+00:00,2026-02-02 12:31:31.482700+00:00
0b49b750824c9e6844bd2a479f69930c,2026-02-02T12:31:32.160685,0.09178633286306859,2026-02-02T12:31:31.464566644Z,gateDownInvocation,2026-02-02 12:31:31.473563+00:00,2026-02-02 12:31:31.473911+00:00
0b49b750824c9e6844bd2a479f69930c,2026-02-02T12:31:32.160685,0.09178633286306859,2026-02-02T12:31:31.464566644Z,lightOnAction,2026-02-02 12:31:33.479816+00:00,2026-02-02 12:31:33.479989+00:00
0b49b750824c9e6844bd2a479f69930c,2026-02-02T12:31:32.160685,0.09178633286306859,2026-02-02T12:31:31.464566644Z,gateDownAction,2026-02-02 12:31:33.476561+00:00,2026-02-02 12:31:33.476720+00:00
0b49b750824c9e6844bd2a479f69930c,2026-02-02T12:31:32.160685,0.09178633286306859,2026-02-02T12:31:31.464566644Z,gateDownAction,2026-02-02 12:31:33.477742+00:00,2026-02-02 12:31:33.477915+00:00
bb8b7b7a7d7871a1c89c850c7a2b4ac9,2026-02-02T12:25:45.189507,0.033968061782228956,2026-02-02T12:25:44.520412844Z,gateDownInvocation,2026-02-02 12:25:44.529066+00:00,2026-02-02 12:25:44.529403+00:00
bb8b7b7a7d7871a1c89c850c7a2b4ac9,2026-02-02T12:25:45.189507,0.033968061782228956,2026-02-02T12:25:44.520412844Z,bellOnAction,2026-02-02 12:25:46.534244+00:00,2026-02-02 12:25:46.534329+00:00
bb8b7b7a7d7871a1c89c850c7a2b4ac9,2026-02-02T12:25:45.189507,0.033968061782228956,2026-02-02T12:25:44.520412844Z,lightOnInvocation,2026-02-02 12:25:44.529130+00:00,2026-02-02 12:25:44.529318+00:00
bb8b7b7a7d7871a1c89c850c7a2b4ac9,2026-02-02T12:25:45.189507,0.033968061782228956,2026-02-02T12:25:44.520412844Z,lightOnAction,2026-02-02 12:25:46.530789+00:00,2026-02-02 12:25:46.530878+00:00
bb8b7b7a7d7871a1c89c850c7a2b4ac9,2026-02-02T12:25:45.189507,0.033968061782228956,2026-02-02T12:25:44.520412844Z,gateDownAction,2026-02-02 12:25:46.531050+00:00,2026-02-02 12:25:46.531166+00:00
bb8b7b7a7d7871a1c89c850c7a2b4ac9,2026-02-02T12:25:45.189507,0.033968061782228956,2026-02-02T12:25:44.520412844Z,lightOnAction,2026-02-02 12:25:46.530804+00:00,2026-02-02 12:25:46.530979+00:00
bb8b7b7a7d7871a1c89c850c7a2b4ac9,2026-02-02T12:25:45.189507,0.033968061782228956,2026-02-02T12:25:44.520412844Z,bellOnInvocation,2026-02-02 12:25:44.531885+00:00,2026-02-02 12:25:44.532073+00:00
bb8b7b7a7d7871a1c89c850c7a2b4ac9,2026-02-02T12:25:45.189507,0.033968061782228956,2026-02-02T12:25:44.520412844Z,gateDownInvocation,2026-02-02 12:25:44.531460+00:00,2026-02-02 12:25:44.531669+00:00
bb8b7b7a7d7871a1c89c850c7a2b4ac9,2026-02-02T12:25:45.189507,0.033968061782228956,2026-02-02T12:25:44.520412844Z,gateDownAction,2026-02-02 12:25:46.532620+00:00,2026-02-02 12:25:46.532728+00:00
bb8b7b7a7d7871a1c89c850c7a2b4ac9,2026-02-02T12:25:45.189507,0.033968061782228956,2026-02-02T12:25:44.520412844Z,bellOnAction,2026-02-02 12:25:46.532738+00:00,2026-02-02 12:25:46.532840+00:00
bb8b7b7a7d7871a1c89c850c7a2b4ac9,2026-02-02T12:25:45.189507,0.033968061782228956,2026-02-02T12:25:44.520412844Z,bellOnInvocation,2026-02-02 12:25:44.532796+00:00,2026-02-02 12:25:44.533020+00:00
bb8b7b7a7d7871a1c89c850c7a2b4ac9,2026-02-02T12:25:45.189507,0.033968061782228956,2026-02-02T12:25:44.520412844Z,lightOnInvocation,2026-02-02 12:25:44.529809+00:00,2026-02-02 12:25:44.530023+00:00
dc518dc206fabb25bce6c2d3c88aaaab,2026-02-02T12:24:06.069521,0.01744605817693472,2026-02-02T12:24:05.378353593Z,lightOnInvocation,2026-02-02 12:24:05.385511+00:00,2026-02-02 12:24:05.385635+00:00
dc518dc206fabb25bce6c2d3c88aaaab,2026-02-02T12:24:06.069521,0.01744605817693472,2026-02-02T12:24:05.378353593Z,lightOnAction,2026-02-02 12:24:07.388551+00:00,2026-02-02 12:24:07.388632+00:00
dc518dc206fabb25bce6c2d3c88aaaab,2026-02-02T12:24:06.069521,0.01744605817693472,2026-02-02T12:24:05.378353593Z,gateDownInvocation,2026-02-02 12:24:05.385429+00:00,2026-02-02 12:24:05.385651+00:00
dc518dc206fabb25bce6c2d3c88aaaab,2026-02-02T12:24:06.069521,0.01744605817693472,2026-02-02T12:24:05.378353593Z,bellOnAction,2026-02-02 12:24:07.391559+00:00,2026-02-02 12:24:07.391631+00:00
dc518dc206fabb25bce6c2d3c88aaaab,2026-02-02T12:24:06.069521,0.01744605817693472,2026-02-02T12:24:05.378353593Z,lightOnInvocation,2026-02-02 12:24:05.388244+00:00,2026-02-02 12:24:05.388381+00:00
dc518dc206fabb25bce6c2d3c88aaaab,2026-02-02T12:24:06.069521,0.01744605817693472,2026-02-02T12:24:05.378353593Z,bellOnInvocation,2026-02-02 12:24:05.389082+00:00,2026-02-02 12:24:05.389195+00:00
dc518dc206fabb25bce6c2d3c88aaaab,2026-02-02T12:24:06.069521,0.01744605817693472,2026-02-02T12:24:05.378353593Z,gateDownAction,2026-02-02 12:24:07.391138+00:00,2026-02-02 12:24:07.391208+00:00
dc518dc206fabb25bce6c2d3c88aaaab,2026-02-02T12:24:06.069521,0.01744605817693472,2026-02-02T12:24:05.378353593Z,gateDownInvocation,2026-02-02 12:24:05.389361+00:00,2026-02-02 12:24:05.389547+00:00
dc518dc206fabb25bce6c2d3c88aaaab,2026-02-02T12:24:06.069521,0.01744605817693472,2026-02-02T12:24:05.378353593Z,lightOnAction,2026-02-02 12:24:07.387093+00:00,2026-02-02 12:24:07.387197+00:00
dc518dc206fabb25bce6c2d3c88aaaab,2026-02-02T12:24:06.069521,0.01744605817693472,2026-02-02T12:24:05.378353593Z,gateDownAction,2026-02-02 12:24:07.388024+00:00,2026-02-02 12:24:07.388112+00:00
dc518dc206fabb25bce6c2d3c88aaaab,2026-02-02T12:24:06.069521,0.01744605817693472,2026-02-02T12:24:05.378353593Z,bellOnInvocation,2026-02-02 12:24:05.391027+00:00,2026-02-02 12:24:05.391125+00:00
dc518dc206fabb25bce6c2d3c88aaaab,2026-02-02T12:24:06.069521,0.01744605817693472,2026-02-02T12:24:05.378353593Z,bellOnAction,2026-02-02 12:24:07.390079+00:00,2026-02-02 12:24:07.390163+00:00
3561ce26fb71d064ac2954cac0599841,2026-02-02T12:30:22.680667,0.08038378031135797,2026-02-02T12:30:23.042617112Z,lightOffInvocation,2026-02-02 12:30:23.053720+00:00,2026-02-02 12:30:23.053850+00:00
3561ce26fb71d064ac2954cac0599841,2026-02-02T12:30:22.680667,0.08038378031135797,2026-02-02T12:30:23.042617112Z,gateUpInvocation,2026-02-02 12:30:23.050025+00:00,2026-02-02 12:30:23.050184+00:00
3561ce26fb71d064ac2954cac0599841,2026-02-02T12:30:22.680667,0.08038378031135797,2026-02-02T12:30:23.042617112Z,bellOffInvocation,2026-02-02 12:30:23.053609+00:00,2026-02-02 12:30:23.053749+00:00
3561ce26fb71d064ac2954cac0599841,2026-02-02T12:30:22.680667,0.08038378031135797,2026-02-02T12:30:23.042617112Z,gateUpInvocation,2026-02-02 12:30:23.050335+00:00,2026-02-02 12:30:23.050492+00:00
3561ce26fb71d064ac2954cac0599841,2026-02-02T12:30:22.680667,0.08038378031135797,2026-02-02T12:30:23.042617112Z,lightOffInvocation,2026-02-02 12:30:23.050753+00:00,2026-02-02 12:30:23.050942+00:00
3561ce26fb71d064ac2954cac0599841,2026-02-02T12:30:22.680667,0.08038378031135797,2026-02-02T12:30:23.042617112Z,bellOffInvocation,2026-02-02 12:30:23.050952+00:00,2026-02-02 12:30:23.051107+00:00
26f5f98d796d392df4a67876ba695575,2026-02-02T12:26:02.460234,0.03684628087015153,2026-02-02T12:26:01.791320663Z,gateDownAction,2026-02-02 12:26:03.802024+00:00,2026-02-02 12:26:03.802106+00:00
26f5f98d796d392df4a67876ba695575,2026-02-02T12:26:02.460234,0.03684628087015153,2026-02-02T12:26:01.791320663Z,bellOnAction,2026-02-02 12:26:03.803221+00:00,2026-02-02 12:26:03.803296+00:00
26f5f98d796d392df4a67876ba695575,2026-02-02T12:26:02.460234,0.03684628087015153,2026-02-02T12:26:01.791320663Z,gateDownInvocation,2026-02-02 12:26:01.799308+00:00,2026-02-02 12:26:01.799481+00:00
26f5f98d796d392df4a67876ba695575,2026-02-02T12:26:02.460234,0.03684628087015153,2026-02-02T12:26:01.791320663Z,bellOnInvocation,2026-02-02 12:26:01.801896+00:00,2026-02-02 12:26:01.802024+00:00
26f5f98d796d392df4a67876ba695575,2026-02-02T12:26:02.460234,0.03684628087015153,2026-02-02T12:26:01.791320663Z,gateDownAction,2026-02-02 12:26:03.800670+00:00,2026-02-02 12:26:03.800753+00:00
26f5f98d796d392df4a67876ba695575,2026-02-02T12:26:02.460234,0.03684628087015153,2026-02-02T12:26:01.791320663Z,lightOnInvocation,2026-02-02 12:26:01.799406+00:00,2026-02-02 12:26:01.799497+00:00
26f5f98d796d392df4a67876ba695575,2026-02-02T12:26:02.460234,0.03684628087015153,2026-02-02T12:26:01.791320663Z,bellOnAction,2026-02-02 12:26:03.803540+00:00,2026-02-02 12:26:03.803638+00:00
26f5f98d796d392df4a67876ba695575,2026-02-02T12:26:02.460234,0.03684628087015153,2026-02-02T12:26:01.791320663Z,lightOnAction,2026-02-02 12:26:03.799671+00:00,2026-02-02 12:26:03.799759+00:00
26f5f98d796d392df4a67876ba695575,2026-02-02T12:26:02.460234,0.03684628087015153,2026-02-02T12:26:01.791320663Z,lightOnAction,2026-02-02 12:26:03.799396+00:00,2026-02-02 12:26:03.799480+00:00
26f5f98d796d392df4a67876ba695575,2026-02-02T12:26:02.460234,0.03684628087015153,2026-02-02T12:26:01.791320663Z,bellOnInvocation,2026-02-02 12:26:01.801559+00:00,2026-02-02 12:26:01.801670+00:00
26f5f98d796d392df4a67876ba695575,2026-02-02T12:26:02.460234,0.03684628087015153,2026-02-02T12:26:01.791320663Z,lightOnInvocation,2026-02-02 12:26:01.799366+00:00,2026-02-02 12:26:01.799468+00:00
26f5f98d796d392df4a67876ba695575,2026-02-02T12:26:02.460234,0.03684628087015153,2026-02-02T12:26:01.791320663Z,gateDownInvocation,2026-02-02 12:26:01.800514+00:00,2026-02-02 12:26:01.800652+00:00
195d9c69775ea2a098996c18303def65,2026-02-02T12:22:57.170181,0.005962991537570953,2026-02-02T12:22:56.472944568Z,lightOnInvocation,2026-02-02 12:22:56.491178+00:00,2026-02-02 12:22:56.491410+00:00
195d9c69775ea2a098996c18303def65,2026-02-02T12:22:57.170181,0.005962991537570953,2026-02-02T12:22:56.472944568Z,gateDownAction,2026-02-02 12:22:58.487240+00:00,2026-02-02 12:22:58.487329+00:00
195d9c69775ea2a098996c18303def65,2026-02-02T12:22:57.170181,0.005962991537570953,2026-02-02T12:22:56.472944568Z,gateDownAction,2026-02-02 12:22:58.491391+00:00,2026-02-02 12:22:58.491463+00:00
195d9c69775ea2a098996c18303def65,2026-02-02T12:22:57.170181,0.005962991537570953,2026-02-02T12:22:56.472944568Z,gateDownInvocation,2026-02-02 12:22:56.490270+00:00,2026-02-02 12:22:56.490636+00:00
195d9c69775ea2a098996c18303def65,2026-02-02T12:22:57.170181,0.005962991537570953,2026-02-02T12:22:56.472944568Z,bellOnAction,2026-02-02 12:22:58.499058+00:00,2026-02-02 12:22:58.499106+00:00
195d9c69775ea2a098996c18303def65,2026-02-02T12:22:57.170181,0.005962991537570953,2026-02-02T12:22:56.472944568Z,lightOnAction,2026-02-02 12:22:58.488710+00:00,2026-02-02 12:22:58.488767+00:00
195d9c69775ea2a098996c18303def65,2026-02-02T12:22:57.170181,0.005962991537570953,2026-02-02T12:22:56.472944568Z,bellOnInvocation,2026-02-02 12:22:56.498461+00:00,2026-02-02 12:22:56.498512+00:00
195d9c69775ea2a098996c18303def65,2026-02-02T12:22:57.170181,0.005962991537570953,2026-02-02T12:22:56.472944568Z,bellOnInvocation,2026-02-02 12:22:56.491071+00:00,2026-02-02 12:22:56.491303+00:00
195d9c69775ea2a098996c18303def65,2026-02-02T12:22:57.170181,0.005962991537570953,2026-02-02T12:22:56.472944568Z,lightOnInvocation,2026-02-02 12:22:56.487451+00:00,2026-02-02 12:22:56.487672+00:00
195d9c69775ea2a098996c18303def65,2026-02-02T12:22:57.170181,0.005962991537570953,2026-02-02T12:22:56.472944568Z,lightOnAction,2026-02-02 12:22:58.492349+00:00,2026-02-02 12:22:58.492410+00:00
195d9c69775ea2a098996c18303def65,2026-02-02T12:22:57.170181,0.005962991537570953,2026-02-02T12:22:56.472944568Z,bellOnAction,2026-02-02 12:22:58.493075+00:00,2026-02-02 12:22:58.493135+00:00
195d9c69775ea2a098996c18303def65,2026-02-02T12:22:57.170181,0.005962991537570953,2026-02-02T12:22:56.472944568Z,gateDownInvocation,2026-02-02 12:22:56.485092+00:00,2026-02-02 12:22:56.485442+00:00
bbf4a93d9ebf8afb9ab8295bdd9cd053,2026-02-02T12:29:00.111561,0.06644768558377029,2026-02-02T12:28:59.417905679Z,lightOnAction,2026-02-02 12:29:01.427836+00:00,2026-02-02 12:29:01.427880+00:00
bbf4a93d9ebf8afb9ab8295bdd9cd053,2026-02-02T12:29:00.111561,0.06644768558377029,2026-02-02T12:28:59.417905679Z,bellOnAction,2026-02-02 12:29:01.433651+00:00,2026-02-02 12:29:01.433790+00:00
bbf4a93d9ebf8afb9ab8295bdd9cd053,2026-02-02T12:29:00.111561,0.06644768558377029,2026-02-02T12:28:59.417905679Z,bellOnInvocation,2026-02-02 12:28:59.433255+00:00,2026-02-02 12:28:59.433314+00:00
bbf4a93d9ebf8afb9ab8295bdd9cd053,2026-02-02T12:29:00.111561,0.06644768558377029,2026-02-02T12:28:59.417905679Z,bellOnInvocation,2026-02-02 12:28:59.426851+00:00,2026-02-02 12:28:59.426920+00:00
bbf4a93d9ebf8afb9ab8295bdd9cd053,2026-02-02T12:29:00.111561,0.06644768558377029,2026-02-02T12:28:59.417905679Z,gateDownInvocation,2026-02-02 12:28:59.426235+00:00,2026-02-02 12:28:59.426361+00:00
bbf4a93d9ebf8afb9ab8295bdd9cd053,2026-02-02T12:29:00.111561,0.06644768558377029,2026-02-02T12:28:59.417905679Z,lightOnInvocation,2026-02-02 12:28:59.426851+00:00,2026-02-02 12:28:59.426926+00:00
bbf4a93d9ebf8afb9ab8295bdd9cd053,2026-02-02T12:29:00.111561,0.06644768558377029,2026-02-02T12:28:59.417905679Z,lightOnAction,2026-02-02 12:29:01.427521+00:00,2026-02-02 12:29:01.427572+00:00
bbf4a93d9ebf8afb9ab8295bdd9cd053,2026-02-02T12:29:00.111561,0.06644768558377029,2026-02-02T12:28:59.417905679Z,gateDownInvocation,2026-02-02 12:28:59.425449+00:00,2026-02-02 12:28:59.425787+00:00
bbf4a93d9ebf8afb9ab8295bdd9cd053,2026-02-02T12:29:00.111561,0.06644768558377029,2026-02-02T12:28:59.417905679Z,gateDownAction,2026-02-02 12:29:01.427059+00:00,2026-02-02 12:29:01.427154+00:00
bbf4a93d9ebf8afb9ab8295bdd9cd053,2026-02-02T12:29:00.111561,0.06644768558377029,2026-02-02T12:28:59.417905679Z,lightOnInvocation,2026-02-02 12:28:59.426722+00:00,2026-02-02 12:28:59.426803+00:00
bbf4a93d9ebf8afb9ab8295bdd9cd053,2026-02-02T12:29:00.111561,0.06644768558377029,2026-02-02T12:28:59.417905679Z,bellOnAction,2026-02-02 12:29:01.428765+00:00,2026-02-02 12:29:01.428797+00:00
bbf4a93d9ebf8afb9ab8295bdd9cd053,2026-02-02T12:29:00.111561,0.06644768558377029,2026-02-02T12:28:59.417905679Z,gateDownAction,2026-02-02 12:29:01.426760+00:00,2026-02-02 12:29:01.426897+00:00
3d39fa716243a2f47c4e03dc97b746de,2026-02-02T12:23:27.306701,0.010984937991380691,2026-02-02T12:23:26.607770883Z,bellOnInvocation,2026-02-02 12:23:26.621506+00:00,2026-02-02 12:23:26.623031+00:00
3d39fa716243a2f47c4e03dc97b746de,2026-02-02T12:23:27.306701,0.010984937991380691,2026-02-02T12:23:26.607770883Z,gateDownAction,2026-02-02 12:23:28.625353+00:00,2026-02-02 12:23:28.625395+00:00
3d39fa716243a2f47c4e03dc97b746de,2026-02-02T12:23:27.306701,0.010984937991380691,2026-02-02T12:23:26.607770883Z,bellOnAction,2026-02-02 12:23:28.624881+00:00,2026-02-02 12:23:28.624940+00:00
3d39fa716243a2f47c4e03dc97b746de,2026-02-02T12:23:27.306701,0.010984937991380691,2026-02-02T12:23:26.607770883Z,lightOnAction,2026-02-02 12:23:28.621315+00:00,2026-02-02 12:23:28.621361+00:00
3d39fa716243a2f47c4e03dc97b746de,2026-02-02T12:23:27.306701,0.010984937991380691,2026-02-02T12:23:26.607770883Z,gateDownInvocation,2026-02-02 12:23:26.624584+00:00,2026-02-02 12:23:26.624775+00:00
3d39fa716243a2f47c4e03dc97b746de,2026-02-02T12:23:27.306701,0.010984937991380691,2026-02-02T12:23:26.607770883Z,bellOnAction,2026-02-02 12:23:28.624744+00:00,2026-02-02 12:23:28.624793+00:00
3d39fa716243a2f47c4e03dc97b746de,2026-02-02T12:23:27.306701,0.010984937991380691,2026-02-02T12:23:26.607770883Z,gateDownInvocation,2026-02-02 12:23:26.622314+00:00,2026-02-02 12:23:26.622493+00:00
3d39fa716243a2f47c4e03dc97b746de,2026-02-02T12:23:27.306701,0.010984937991380691,2026-02-02T12:23:26.607770883Z,lightOnAction,2026-02-02 12:23:28.624033+00:00,2026-02-02 12:23:28.624080+00:00
3d39fa716243a2f47c4e03dc97b746de,2026-02-02T12:23:27.306701,0.010984937991380691,2026-02-02T12:23:26.607770883Z,lightOnInvocation,2026-02-02 12:23:26.619762+00:00,2026-02-02 12:23:26.619895+00:00
3d39fa716243a2f47c4e03dc97b746de,2026-02-02T12:23:27.306701,0.010984937991380691,2026-02-02T12:23:26.607770883Z,lightOnInvocation,2026-02-02 12:23:26.621857+00:00,2026-02-02 12:23:26.621999+00:00
3d39fa716243a2f47c4e03dc97b746de,2026-02-02T12:23:27.306701,0.010984937991380691,2026-02-02T12:23:26.607770883Z,bellOnInvocation,2026-02-02 12:23:26.623647+00:00,2026-02-02 12:23:26.623766+00:00
3d39fa716243a2f47c4e03dc97b746de,2026-02-02T12:23:27.306701,0.010984937991380691,2026-02-02T12:23:26.607770883Z,gateDownAction,2026-02-02 12:23:28.623627+00:00,2026-02-02 12:23:28.623659+00:00
23e9a77d8d843af6698df85221ea859b,2026-02-02T12:22:44.260792,0.003978085089850426,2026-02-02T12:22:44.562304952Z,lightOffInvocation,2026-02-02 12:22:44.573199+00:00,2026-02-02 12:22:44.573277+00:00
23e9a77d8d843af6698df85221ea859b,2026-02-02T12:22:44.260792,0.003978085089850426,2026-02-02T12:22:44.562304952Z,lightOffInvocation,2026-02-02 12:22:44.569640+00:00,2026-02-02 12:22:44.569718+00:00
23e9a77d8d843af6698df85221ea859b,2026-02-02T12:22:44.260792,0.003978085089850426,2026-02-02T12:22:44.562304952Z,gateUpInvocation,2026-02-02 12:22:44.570589+00:00,2026-02-02 12:22:44.570656+00:00
23e9a77d8d843af6698df85221ea859b,2026-02-02T12:22:44.260792,0.003978085089850426,2026-02-02T12:22:44.562304952Z,bellOffInvocation,2026-02-02 12:22:44.576305+00:00,2026-02-02 12:22:44.576376+00:00
23e9a77d8d843af6698df85221ea859b,2026-02-02T12:22:44.260792,0.003978085089850426,2026-02-02T12:22:44.562304952Z,bellOffInvocation,2026-02-02 12:22:44.573746+00:00,2026-02-02 12:22:44.573821+00:00
23e9a77d8d843af6698df85221ea859b,2026-02-02T12:22:44.260792,0.003978085089850426,2026-02-02T12:22:44.562304952Z,gateUpInvocation,2026-02-02 12:22:44.572736+00:00,2026-02-02 12:22:44.572816+00:00
572f6f049a334241249ac55125fa69a8,2026-02-02T12:30:13.973004,0.0787661910046816,2026-02-02T12:30:13.336018935Z,bellOnInvocation,2026-02-02 12:30:13.347182+00:00,2026-02-02 12:30:13.347336+00:00
572f6f049a334241249ac55125fa69a8,2026-02-02T12:30:13.973004,0.0787661910046816,2026-02-02T12:30:13.336018935Z,gateDownInvocation,2026-02-02 12:30:13.344065+00:00,2026-02-02 12:30:13.344329+00:00
572f6f049a334241249ac55125fa69a8,2026-02-02T12:30:13.973004,0.0787661910046816,2026-02-02T12:30:13.336018935Z,lightOnInvocation,2026-02-02 12:30:13.343590+00:00,2026-02-02 12:30:13.343778+00:00
572f6f049a334241249ac55125fa69a8,2026-02-02T12:30:13.973004,0.0787661910046816,2026-02-02T12:30:13.336018935Z,gateDownAction,2026-02-02 12:30:15.345222+00:00,2026-02-02 12:30:15.345261+00:00
572f6f049a334241249ac55125fa69a8,2026-02-02T12:30:13.973004,0.0787661910046816,2026-02-02T12:30:13.336018935Z,gateDownAction,2026-02-02 12:30:15.348105+00:00,2026-02-02 12:30:15.348143+00:00
572f6f049a334241249ac55125fa69a8,2026-02-02T12:30:13.973004,0.0787661910046816,2026-02-02T12:30:13.336018935Z,lightOnAction,2026-02-02 12:30:15.346509+00:00,2026-02-02 12:30:15.346537+00:00
572f6f049a334241249ac55125fa69a8,2026-02-02T12:30:13.973004,0.0787661910046816,2026-02-02T12:30:13.336018935Z,lightOnAction,2026-02-02 12:30:15.344546+00:00,2026-02-02 12:30:15.344585+00:00
572f6f049a334241249ac55125fa69a8,2026-02-02T12:30:13.973004,0.0787661910046816,2026-02-02T12:30:13.336018935Z,bellOnAction,2026-02-02 12:30:15.348203+00:00,2026-02-02 12:30:15.348244+00:00
572f6f049a334241249ac55125fa69a8,2026-02-02T12:30:13.973004,0.0787661910046816,2026-02-02T12:30:13.336018935Z,bellOnAction,2026-02-02 12:30:15.349844+00:00,2026-02-02 12:30:15.349873+00:00
572f6f049a334241249ac55125fa69a8,2026-02-02T12:30:13.973004,0.0787661910046816,2026-02-02T12:30:13.336018935Z,bellOnInvocation,2026-02-02 12:30:13.348390+00:00,2026-02-02 12:30:13.348568+00:00
572f6f049a334241249ac55125fa69a8,2026-02-02T12:30:13.973004,0.0787661910046816,2026-02-02T12:30:13.336018935Z,gateDownInvocation,2026-02-02 12:30:13.343170+00:00,2026-02-02 12:30:13.343969+00:00
572f6f049a334241249ac55125fa69a8,2026-02-02T12:30:13.973004,0.0787661910046816,2026-02-02T12:30:13.336018935Z,lightOnInvocation,2026-02-02 12:30:13.345814+00:00,2026-02-02 12:30:13.345971+00:00
9c9e67b4099664f6f11a7bd5d987bca4,2026-02-02T12:28:38.354523,0.06282835049924851,2026-02-02T12:28:37.699400228Z,gateDownInvocation,2026-02-02 12:28:37.705747+00:00,2026-02-02 12:28:37.705955+00:00
9c9e67b4099664f6f11a7bd5d987bca4,2026-02-02T12:28:38.354523,0.06282835049924851,2026-02-02T12:28:37.699400228Z,bellOnAction,2026-02-02 12:28:39.710490+00:00,2026-02-02 12:28:39.710577+00:00
9c9e67b4099664f6f11a7bd5d987bca4,2026-02-02T12:28:38.354523,0.06282835049924851,2026-02-02T12:28:37.699400228Z,bellOnAction,2026-02-02 12:28:39.708806+00:00,2026-02-02 12:28:39.708889+00:00
9c9e67b4099664f6f11a7bd5d987bca4,2026-02-02T12:28:38.354523,0.06282835049924851,2026-02-02T12:28:37.699400228Z,bellOnInvocation,2026-02-02 12:28:37.706660+00:00,2026-02-02 12:28:37.706772+00:00
9c9e67b4099664f6f11a7bd5d987bca4,2026-02-02T12:28:38.354523,0.06282835049924851,2026-02-02T12:28:37.699400228Z,bellOnInvocation,2026-02-02 12:28:37.710575+00:00,2026-02-02 12:28:37.710646+00:00
9c9e67b4099664f6f11a7bd5d987bca4,2026-02-02T12:28:38.354523,0.06282835049924851,2026-02-02T12:28:37.699400228Z,lightOnAction,2026-02-02 12:28:39.705317+00:00,2026-02-02 12:28:39.705401+00:00
9c9e67b4099664f6f11a7bd5d987bca4,2026-02-02T12:28:38.354523,0.06282835049924851,2026-02-02T12:28:37.699400228Z,lightOnInvocation,2026-02-02 12:28:37.704039+00:00,2026-02-02 12:28:37.704143+00:00
9c9e67b4099664f6f11a7bd5d987bca4,2026-02-02T12:28:38.354523,0.06282835049924851,2026-02-02T12:28:37.699400228Z,lightOnAction,2026-02-02 12:28:39.711044+00:00,2026-02-02 12:28:39.711125+00:00
9c9e67b4099664f6f11a7bd5d987bca4,2026-02-02T12:28:38.354523,0.06282835049924851,2026-02-02T12:28:37.699400228Z,lightOnInvocation,2026-02-02 12:28:37.710368+00:00,2026-02-02 12:28:37.710434+00:00
9c9e67b4099664f6f11a7bd5d987bca4,2026-02-02T12:28:38.354523,0.06282835049924851,2026-02-02T12:28:37.699400228Z,gateDownAction,2026-02-02 12:28:39.706510+00:00,2026-02-02 12:28:39.706595+00:00
9c9e67b4099664f6f11a7bd5d987bca4,2026-02-02T12:28:38.354523,0.06282835049924851,2026-02-02T12:28:37.699400228Z,gateDownAction,2026-02-02 12:28:39.707433+00:00,2026-02-02 12:28:39.707519+00:00
9c9e67b4099664f6f11a7bd5d987bca4,2026-02-02T12:28:38.354523,0.06282835049924851,2026-02-02T12:28:37.699400228Z,gateDownInvocation,2026-02-02 12:28:37.706740+00:00,2026-02-02 12:28:37.706827+00:00
986b8c4b105e881100eecb7887082972,2026-02-02T12:27:24.612340,0.05053883518955709,2026-02-02T12:27:23.954782843Z,lightOnInvocation,2026-02-02 12:27:23.959821+00:00,2026-02-02 12:27:23.959862+00:00
986b8c4b105e881100eecb7887082972,2026-02-02T12:27:24.612340,0.05053883518955709,2026-02-02T12:27:23.954782843Z,gateDownAction,2026-02-02 12:27:25.959389+00:00,2026-02-02 12:27:25.959419+00:00
986b8c4b105e881100eecb7887082972,2026-02-02T12:27:24.612340,0.05053883518955709,2026-02-02T12:27:23.954782843Z,bellOnInvocation,2026-02-02 12:27:23.959904+00:00,2026-02-02 12:27:23.959965+00:00
986b8c4b105e881100eecb7887082972,2026-02-02T12:27:24.612340,0.05053883518955709,2026-02-02T12:27:23.954782843Z,bellOnAction,2026-02-02 12:27:25.959600+00:00,2026-02-02 12:27:25.959614+00:00
986b8c4b105e881100eecb7887082972,2026-02-02T12:27:24.612340,0.05053883518955709,2026-02-02T12:27:23.954782843Z,gateDownInvocation,2026-02-02 12:27:23.957978+00:00,2026-02-02 12:27:23.958077+00:00
986b8c4b105e881100eecb7887082972,2026-02-02T12:27:24.612340,0.05053883518955709,2026-02-02T12:27:23.954782843Z,lightOnInvocation,2026-02-02 12:27:23.958012+00:00,2026-02-02 12:27:23.958075+00:00
986b8c4b105e881100eecb7887082972,2026-02-02T12:27:24.612340,0.05053883518955709,2026-02-02T12:27:23.954782843Z,bellOnAction,2026-02-02 12:27:25.961129+00:00,2026-02-02 12:27:25.961184+00:00
986b8c4b105e881100eecb7887082972,2026-02-02T12:27:24.612340,0.05053883518955709,2026-02-02T12:27:23.954782843Z,gateDownInvocation,2026-02-02 12:27:23.958903+00:00,2026-02-02 12:27:23.959005+00:00
986b8c4b105e881100eecb7887082972,2026-02-02T12:27:24.612340,0.05053883518955709,2026-02-02T12:27:23.954782843Z,bellOnInvocation,2026-02-02 12:27:23.958896+00:00,2026-02-02 12:27:23.958950+00:00
986b8c4b105e881100eecb7887082972,2026-02-02T12:27:24.612340,0.05053883518955709,2026-02-02T12:27:23.954782843Z,lightOnAction,2026-02-02 12:27:25.959162+00:00,2026-02-02 12:27:25.959195+00:00
986b8c4b105e881100eecb7887082972,2026-02-02T12:27:24.612340,0.05053883518955709,2026-02-02T12:27:23.954782843Z,lightOnAction,2026-02-02 12:27:25.961095+00:00,2026-02-02 12:27:25.961120+00:00
986b8c4b105e881100eecb7887082972,2026-02-02T12:27:24.612340,0.05053883518955709,2026-02-02T12:27:23.954782843Z,gateDownAction,2026-02-02 12:27:25.959832+00:00,2026-02-02 12:27:25.959872+00:00
06af9c392273254d49561fef13f54777,2026-02-02T12:30:27.012355,0.0809308955578804,2026-02-02T12:30:26.325611998Z,bellOnAction,2026-02-02 12:30:28.339664+00:00,2026-02-02 12:30:28.339732+00:00
06af9c392273254d49561fef13f54777,2026-02-02T12:30:27.012355,0.0809308955578804,2026-02-02T12:30:26.325611998Z,gateDownInvocation,2026-02-02 12:30:26.332321+00:00,2026-02-02 12:30:26.332529+00:00
06af9c392273254d49561fef13f54777,2026-02-02T12:30:27.012355,0.0809308955578804,2026-02-02T12:30:26.325611998Z,gateDownAction,2026-02-02 12:30:28.334257+00:00,2026-02-02 12:30:28.334323+00:00
06af9c392273254d49561fef13f54777,2026-02-02T12:30:27.012355,0.0809308955578804,2026-02-02T12:30:26.325611998Z,lightOnInvocation,2026-02-02 12:30:26.333278+00:00,2026-02-02 12:30:26.333489+00:00
06af9c392273254d49561fef13f54777,2026-02-02T12:30:27.012355,0.0809308955578804,2026-02-02T12:30:26.325611998Z,gateDownInvocation,2026-02-02 12:30:26.335439+00:00,2026-02-02 12:30:26.335786+00:00
06af9c392273254d49561fef13f54777,2026-02-02T12:30:27.012355,0.0809308955578804,2026-02-02T12:30:26.325611998Z,lightOnInvocation,2026-02-02 12:30:26.332530+00:00,2026-02-02 12:30:26.332994+00:00
06af9c392273254d49561fef13f54777,2026-02-02T12:30:27.012355,0.0809308955578804,2026-02-02T12:30:26.325611998Z,lightOnAction,2026-02-02 12:30:28.334766+00:00,2026-02-02 12:30:28.334825+00:00
06af9c392273254d49561fef13f54777,2026-02-02T12:30:27.012355,0.0809308955578804,2026-02-02T12:30:26.325611998Z,gateDownAction,2026-02-02 12:30:28.336264+00:00,2026-02-02 12:30:28.336326+00:00
06af9c392273254d49561fef13f54777,2026-02-02T12:30:27.012355,0.0809308955578804,2026-02-02T12:30:26.325611998Z,bellOnInvocation,2026-02-02 12:30:26.333340+00:00,2026-02-02 12:30:26.333535+00:00
06af9c392273254d49561fef13f54777,2026-02-02T12:30:27.012355,0.0809308955578804,2026-02-02T12:30:26.325611998Z,bellOnAction,2026-02-02 12:30:28.335135+00:00,2026-02-02 12:30:28.335216+00:00
06af9c392273254d49561fef13f54777,2026-02-02T12:30:27.012355,0.0809308955578804,2026-02-02T12:30:26.325611998Z,bellOnInvocation,2026-02-02 12:30:26.338484+00:00,2026-02-02 12:30:26.338692+00:00
06af9c392273254d49561fef13f54777,2026-02-02T12:30:27.012355,0.0809308955578804,2026-02-02T12:30:26.325611998Z,lightOnAction,2026-02-02 12:30:28.334839+00:00,2026-02-02 12:30:28.334899+00:00
6bef6eedf8c85dbbb2d9f25e3013038b,2026-02-02T12:25:32.266727,0.03181249605154991,2026-02-02T12:25:31.585623809Z,lightOnInvocation,2026-02-02 12:25:31.595927+00:00,2026-02-02 12:25:31.596146+00:00
6bef6eedf8c85dbbb2d9f25e3013038b,2026-02-02T12:25:32.266727,0.03181249605154991,2026-02-02T12:25:31.585623809Z,gateDownAction,2026-02-02 12:25:33.597100+00:00,2026-02-02 12:25:33.597186+00:00
6bef6eedf8c85dbbb2d9f25e3013038b,2026-02-02T12:25:32.266727,0.03181249605154991,2026-02-02T12:25:31.585623809Z,bellOnInvocation,2026-02-02 12:25:31.598270+00:00,2026-02-02 12:25:31.598416+00:00
6bef6eedf8c85dbbb2d9f25e3013038b,2026-02-02T12:25:32.266727,0.03181249605154991,2026-02-02T12:25:31.585623809Z,lightOnAction,2026-02-02 12:25:33.597377+00:00,2026-02-02 12:25:33.597449+00:00
6bef6eedf8c85dbbb2d9f25e3013038b,2026-02-02T12:25:32.266727,0.03181249605154991,2026-02-02T12:25:31.585623809Z,bellOnAction,2026-02-02 12:25:33.599064+00:00,2026-02-02 12:25:33.599160+00:00
6bef6eedf8c85dbbb2d9f25e3013038b,2026-02-02T12:25:32.266727,0.03181249605154991,2026-02-02T12:25:31.585623809Z,lightOnInvocation,2026-02-02 12:25:31.597087+00:00,2026-02-02 12:25:31.597273+00:00
6bef6eedf8c85dbbb2d9f25e3013038b,2026-02-02T12:25:32.266727,0.03181249605154991,2026-02-02T12:25:31.585623809Z,bellOnAction,2026-02-02 12:25:33.599772+00:00,2026-02-02 12:25:33.599850+00:00
6bef6eedf8c85dbbb2d9f25e3013038b,2026-02-02T12:25:32.266727,0.03181249605154991,2026-02-02T12:25:31.585623809Z,lightOnAction,2026-02-02 12:25:33.598181+00:00,2026-02-02 12:25:33.598268+00:00
6bef6eedf8c85dbbb2d9f25e3013038b,2026-02-02T12:25:32.266727,0.03181249605154991,2026-02-02T12:25:31.585623809Z,gateDownInvocation,2026-02-02 12:25:31.594940+00:00,2026-02-02 12:25:31.595204+00:00
6bef6eedf8c85dbbb2d9f25e3013038b,2026-02-02T12:25:32.266727,0.03181249605154991,2026-02-02T12:25:31.585623809Z,gateDownAction,2026-02-02 12:25:33.595760+00:00,2026-02-02 12:25:33.595843+00:00
6bef6eedf8c85dbbb2d9f25e3013038b,2026-02-02T12:25:32.266727,0.03181249605154991,2026-02-02T12:25:31.585623809Z,gateDownInvocation,2026-02-02 12:25:31.594422+00:00,2026-02-02 12:25:31.594781+00:00
6bef6eedf8c85dbbb2d9f25e3013038b,2026-02-02T12:25:32.266727,0.03181249605154991,2026-02-02T12:25:31.585623809Z,bellOnInvocation,2026-02-02 12:25:31.597642+00:00,2026-02-02 12:25:31.597872+00:00
f5e95d56fe061c0883901c754a48e2c9,2026-02-02T12:30:00.905149,0.07658275978995562,2026-02-02T12:30:00.234188186Z,bellOnAction,2026-02-02 12:30:02.242455+00:00,2026-02-02 12:30:02.242542+00:00
f5e95d56fe061c0883901c754a48e2c9,2026-02-02T12:30:00.905149,0.07658275978995562,2026-02-02T12:30:00.234188186Z,gateDownInvocation,2026-02-02 12:30:00.241718+00:00,2026-02-02 12:30:00.241912+00:00
f5e95d56fe061c0883901c754a48e2c9,2026-02-02T12:30:00.905149,0.07658275978995562,2026-02-02T12:30:00.234188186Z,bellOnInvocation,2026-02-02 12:30:00.242346+00:00,2026-02-02 12:30:00.242442+00:00
f5e95d56fe061c0883901c754a48e2c9,2026-02-02T12:30:00.905149,0.07658275978995562,2026-02-02T12:30:00.234188186Z,gateDownAction,2026-02-02 12:30:02.242696+00:00,2026-02-02 12:30:02.242779+00:00
f5e95d56fe061c0883901c754a48e2c9,2026-02-02T12:30:00.905149,0.07658275978995562,2026-02-02T12:30:00.234188186Z,lightOnInvocation,2026-02-02 12:30:00.242281+00:00,2026-02-02 12:30:00.242384+00:00
f5e95d56fe061c0883901c754a48e2c9,2026-02-02T12:30:00.905149,0.07658275978995562,2026-02-02T12:30:00.234188186Z,lightOnAction,2026-02-02 12:30:02.243203+00:00,2026-02-02 12:30:02.243262+00:00
f5e95d56fe061c0883901c754a48e2c9,2026-02-02T12:30:00.905149,0.07658275978995562,2026-02-02T12:30:00.234188186Z,lightOnAction,2026-02-02 12:30:02.243372+00:00,2026-02-02 12:30:02.243461+00:00
f5e95d56fe061c0883901c754a48e2c9,2026-02-02T12:30:00.905149,0.07658275978995562,2026-02-02T12:30:00.234188186Z,bellOnAction,2026-02-02 12:30:02.244058+00:00,2026-02-02 12:30:02.244126+00:00
f5e95d56fe061c0883901c754a48e2c9,2026-02-02T12:30:00.905149,0.07658275978995562,2026-02-02T12:30:00.234188186Z,bellOnInvocation,2026-02-02 12:30:00.243426+00:00,2026-02-02 12:30:00.243490+00:00
f5e95d56fe061c0883901c754a48e2c9,2026-02-02T12:30:00.905149,0.07658275978995562,2026-02-02T12:30:00.234188186Z,gateDownAction,2026-02-02 12:30:02.242367+00:00,2026-02-02 12:30:02.242460+00:00
f5e95d56fe061c0883901c754a48e2c9,2026-02-02T12:30:00.905149,0.07658275978995562,2026-02-02T12:30:00.234188186Z,lightOnInvocation,2026-02-02 12:30:00.242922+00:00,2026-02-02 12:30:00.243029+00:00
f5e95d56fe061c0883901c754a48e2c9,2026-02-02T12:30:00.905149,0.07658275978995562,2026-02-02T12:30:00.234188186Z,gateDownInvocation,2026-02-02 12:30:00.241658+00:00,2026-02-02 12:30:00.241847+00:00
34045b3871bcfc5b6ba432ee846d2437,2026-02-02T12:23:48.855093,0.014577937331151963,2026-02-02T12:23:48.167859826Z,gateDownInvocation,2026-02-02 12:23:48.180779+00:00,2026-02-02 12:23:48.180900+00:00
34045b3871bcfc5b6ba432ee846d2437,2026-02-02T12:23:48.855093,0.014577937331151963,2026-02-02T12:23:48.167859826Z,gateDownAction,2026-02-02 12:23:50.181265+00:00,2026-02-02 12:23:50.181283+00:00
34045b3871bcfc5b6ba432ee846d2437,2026-02-02T12:23:48.855093,0.014577937331151963,2026-02-02T12:23:48.167859826Z,gateDownAction,2026-02-02 12:23:50.176775+00:00,2026-02-02 12:23:50.176814+00:00
34045b3871bcfc5b6ba432ee846d2437,2026-02-02T12:23:48.855093,0.014577937331151963,2026-02-02T12:23:48.167859826Z,bellOnInvocation,2026-02-02 12:23:48.179482+00:00,2026-02-02 12:23:48.179572+00:00
34045b3871bcfc5b6ba432ee846d2437,2026-02-02T12:23:48.855093,0.014577937331151963,2026-02-02T12:23:48.167859826Z,lightOnInvocation,2026-02-02 12:23:48.179707+00:00,2026-02-02 12:23:48.179841+00:00
34045b3871bcfc5b6ba432ee846d2437,2026-02-02T12:23:48.855093,0.014577937331151963,2026-02-02T12:23:48.167859826Z,gateDownInvocation,2026-02-02 12:23:48.175368+00:00,2026-02-02 12:23:48.175544+00:00
34045b3871bcfc5b6ba432ee846d2437,2026-02-02T12:23:48.855093,0.014577937331151963,2026-02-02T12:23:48.167859826Z,bellOnAction,2026-02-02 12:23:50.181696+00:00,2026-02-02 12:23:50.181732+00:00
34045b3871bcfc5b6ba432ee846d2437,2026-02-02T12:23:48.855093,0.014577937331151963,2026-02-02T12:23:48.167859826Z,lightOnInvocation,2026-02-02 12:23:48.175275+00:00,2026-02-02 12:23:48.175387+00:00
34045b3871bcfc5b6ba432ee846d2437,2026-02-02T12:23:48.855093,0.014577937331151963,2026-02-02T12:23:48.167859826Z,bellOnAction,2026-02-02 12:23:50.180049+00:00,2026-02-02 12:23:50.180085+00:00
34045b3871bcfc5b6ba432ee846d2437,2026-02-02T12:23:48.855093,0.014577937331151963,2026-02-02T12:23:48.167859826Z,bellOnInvocation,2026-02-02 12:23:48.181102+00:00,2026-02-02 12:23:48.181193+00:00
34045b3871bcfc5b6ba432ee846d2437,2026-02-02T12:23:48.855093,0.014577937331151963,2026-02-02T12:23:48.167859826Z,lightOnAction,2026-02-02 12:23:50.181107+00:00,2026-02-02 12:23:50.181142+00:00
34045b3871bcfc5b6ba432ee846d2437,2026-02-02T12:23:48.855093,0.014577937331151963,2026-02-02T12:23:48.167859826Z,lightOnAction,2026-02-02 12:23:50.175421+00:00,2026-02-02 12:23:50.175453+00:00
4796ec8a4add5d7307e1f62fe4d32cb5,2026-02-02T12:22:48.563537,0.0046949087819218634,2026-02-02T12:22:48.863806283Z,bellOffInvocation,2026-02-02 12:22:48.878585+00:00,2026-02-02 12:22:48.878751+00:00
4796ec8a4add5d7307e1f62fe4d32cb5,2026-02-02T12:22:48.563537,0.0046949087819218634,2026-02-02T12:22:48.863806283Z,gateUpInvocation,2026-02-02 12:22:48.877803+00:00,2026-02-02 12:22:48.877850+00:00
4796ec8a4add5d7307e1f62fe4d32cb5,2026-02-02T12:22:48.563537,0.0046949087819218634,2026-02-02T12:22:48.863806283Z,lightOffInvocation,2026-02-02 12:22:48.878483+00:00,2026-02-02 12:22:48.878595+00:00
4796ec8a4add5d7307e1f62fe4d32cb5,2026-02-02T12:22:48.563537,0.0046949087819218634,2026-02-02T12:22:48.863806283Z,bellOffInvocation,2026-02-02 12:22:48.883023+00:00,2026-02-02 12:22:48.883161+00:00
4796ec8a4add5d7307e1f62fe4d32cb5,2026-02-02T12:22:48.563537,0.0046949087819218634,2026-02-02T12:22:48.863806283Z,lightOffInvocation,2026-02-02 12:22:48.877943+00:00,2026-02-02 12:22:48.877988+00:00
4796ec8a4add5d7307e1f62fe4d32cb5,2026-02-02T12:22:48.563537,0.0046949087819218634,2026-02-02T12:22:48.863806283Z,gateUpInvocation,2026-02-02 12:22:48.880101+00:00,2026-02-02 12:22:48.880232+00:00
d5c0fd22b0624cdc1171cd40e31fe634,2026-02-02T12:24:10.370373,0.01816331511170864,2026-02-02T12:24:09.682354898Z,lightOnAction,2026-02-02 12:24:11.690917+00:00,2026-02-02 12:24:11.690959+00:00
d5c0fd22b0624cdc1171cd40e31fe634,2026-02-02T12:24:10.370373,0.01816331511170864,2026-02-02T12:24:09.682354898Z,gateDownAction,2026-02-02 12:24:11.692210+00:00,2026-02-02 12:24:11.692240+00:00
d5c0fd22b0624cdc1171cd40e31fe634,2026-02-02T12:24:10.370373,0.01816331511170864,2026-02-02T12:24:09.682354898Z,lightOnInvocation,2026-02-02 12:24:09.689948+00:00,2026-02-02 12:24:09.690107+00:00
d5c0fd22b0624cdc1171cd40e31fe634,2026-02-02T12:24:10.370373,0.01816331511170864,2026-02-02T12:24:09.682354898Z,bellOnAction,2026-02-02 12:24:11.698659+00:00,2026-02-02 12:24:11.698748+00:00
d5c0fd22b0624cdc1171cd40e31fe634,2026-02-02T12:24:10.370373,0.01816331511170864,2026-02-02T12:24:09.682354898Z,lightOnAction,2026-02-02 12:24:11.691577+00:00,2026-02-02 12:24:11.691620+00:00
d5c0fd22b0624cdc1171cd40e31fe634,2026-02-02T12:24:10.370373,0.01816331511170864,2026-02-02T12:24:09.682354898Z,bellOnInvocation,2026-02-02 12:24:09.697451+00:00,2026-02-02 12:24:09.697559+00:00
d5c0fd22b0624cdc1171cd40e31fe634,2026-02-02T12:24:10.370373,0.01816331511170864,2026-02-02T12:24:09.682354898Z,bellOnAction,2026-02-02 12:24:11.697979+00:00,2026-02-02 12:24:11.698106+00:00
d5c0fd22b0624cdc1171cd40e31fe634,2026-02-02T12:24:10.370373,0.01816331511170864,2026-02-02T12:24:09.682354898Z,gateDownInvocation,2026-02-02 12:24:09.691533+00:00,2026-02-02 12:24:09.691731+00:00
d5c0fd22b0624cdc1171cd40e31fe634,2026-02-02T12:24:10.370373,0.01816331511170864,2026-02-02T12:24:09.682354898Z,gateDownAction,2026-02-02 12:24:11.691314+00:00,2026-02-02 12:24:11.691356+00:00
d5c0fd22b0624cdc1171cd40e31fe634,2026-02-02T12:24:10.370373,0.01816331511170864,2026-02-02T12:24:09.682354898Z,gateDownInvocation,2026-02-02 12:24:09.690291+00:00,2026-02-02 12:24:09.690532+00:00
d5c0fd22b0624cdc1171cd40e31fe634,2026-02-02T12:24:10.370373,0.01816331511170864,2026-02-02T12:24:09.682354898Z,lightOnInvocation,2026-02-02 12:24:09.690376+00:00,2026-02-02 12:24:09.690529+00:00
d5c0fd22b0624cdc1171cd40e31fe634,2026-02-02T12:24:10.370373,0.01816331511170864,2026-02-02T12:24:09.682354898Z,bellOnInvocation,2026-02-02 12:24:09.697116+00:00,2026-02-02 12:24:09.697280+00:00
f22641e15c80d11806519f8d646ab3cb,2026-02-02T12:23:22.995780,0.010267322510921956,2026-02-02T12:23:22.301783688Z,lightOnInvocation,2026-02-02 12:23:22.309403+00:00,2026-02-02 12:23:22.309488+00:00
f22641e15c80d11806519f8d646ab3cb,2026-02-02T12:23:22.995780,0.010267322510921956,2026-02-02T12:23:22.301783688Z,gateDownInvocation,2026-02-02 12:23:22.312496+00:00,2026-02-02 12:23:22.312625+00:00
f22641e15c80d11806519f8d646ab3cb,2026-02-02T12:23:22.995780,0.010267322510921956,2026-02-02T12:23:22.301783688Z,bellOnAction,2026-02-02 12:23:24.313127+00:00,2026-02-02 12:23:24.313211+00:00
f22641e15c80d11806519f8d646ab3cb,2026-02-02T12:23:22.995780,0.010267322510921956,2026-02-02T12:23:22.301783688Z,gateDownAction,2026-02-02 12:23:24.311379+00:00,2026-02-02 12:23:24.311469+00:00
f22641e15c80d11806519f8d646ab3cb,2026-02-02T12:23:22.995780,0.010267322510921956,2026-02-02T12:23:22.301783688Z,gateDownAction,2026-02-02 12:23:24.313187+00:00,2026-02-02 12:23:24.313269+00:00
f22641e15c80d11806519f8d646ab3cb,2026-02-02T12:23:22.995780,0.010267322510921956,2026-02-02T12:23:22.301783688Z,bellOnAction,2026-02-02 12:23:24.311593+00:00,2026-02-02 12:23:24.311678+00:00
f22641e15c80d11806519f8d646ab3cb,2026-02-02T12:23:22.995780,0.010267322510921956,2026-02-02T12:23:22.301783688Z,lightOnAction,2026-02-02 12:23:24.309829+00:00,2026-02-02 12:23:24.309913+00:00
f22641e15c80d11806519f8d646ab3cb,2026-02-02T12:23:22.995780,0.010267322510921956,2026-02-02T12:23:22.301783688Z,lightOnInvocation,2026-02-02 12:23:22.313292+00:00,2026-02-02 12:23:22.313351+00:00
f22641e15c80d11806519f8d646ab3cb,2026-02-02T12:23:22.995780,0.010267322510921956,2026-02-02T12:23:22.301783688Z,bellOnInvocation,2026-02-02 12:23:22.312201+00:00,2026-02-02 12:23:22.312288+00:00
f22641e15c80d11806519f8d646ab3cb,2026-02-02T12:23:22.995780,0.010267322510921956,2026-02-02T12:23:22.301783688Z,lightOnAction,2026-02-02 12:23:24.313563+00:00,2026-02-02 12:23:24.313618+00:00
f22641e15c80d11806519f8d646ab3cb,2026-02-02T12:23:22.995780,0.010267322510921956,2026-02-02T12:23:22.301783688Z,gateDownInvocation,2026-02-02 12:23:22.309384+00:00,2026-02-02 12:23:22.309489+00:00
f22641e15c80d11806519f8d646ab3cb,2026-02-02T12:23:22.995780,0.010267322510921956,2026-02-02T12:23:22.301783688Z,bellOnInvocation,2026-02-02 12:23:22.310876+00:00,2026-02-02 12:23:22.311001+00:00
c851365f1209b7362a8ffbc34226217b,2026-02-02T12:22:27.052377,0.0011100674292564394,2026-02-02T12:22:27.352603815Z,gateUpInvocation,2026-02-02 12:22:27.365597+00:00,2026-02-02 12:22:27.365729+00:00
c851365f1209b7362a8ffbc34226217b,2026-02-02T12:22:27.052377,0.0011100674292564394,2026-02-02T12:22:27.352603815Z,gateUpInvocation,2026-02-02 12:22:27.362224+00:00,2026-02-02 12:22:27.362336+00:00
c851365f1209b7362a8ffbc34226217b,2026-02-02T12:22:27.052377,0.0011100674292564394,2026-02-02T12:22:27.352603815Z,lightOffInvocation,2026-02-02 12:22:27.363749+00:00,2026-02-02 12:22:27.363871+00:00
c851365f1209b7362a8ffbc34226217b,2026-02-02T12:22:27.052377,0.0011100674292564394,2026-02-02T12:22:27.352603815Z,lightOffInvocation,2026-02-02 12:22:27.363625+00:00,2026-02-02 12:22:27.363752+00:00
c851365f1209b7362a8ffbc34226217b,2026-02-02T12:22:27.052377,0.0011100674292564394,2026-02-02T12:22:27.352603815Z,bellOffInvocation,2026-02-02 12:22:27.367452+00:00,2026-02-02 12:22:27.367589+00:00
c851365f1209b7362a8ffbc34226217b,2026-02-02T12:22:27.052377,0.0011100674292564394,2026-02-02T12:22:27.352603815Z,bellOffInvocation,2026-02-02 12:22:27.368519+00:00,2026-02-02 12:22:27.368606+00:00
8ae47eed29afc3c859bae4142ed85be9,2026-02-02T12:27:50.653215,0.05487984986828567,2026-02-02T12:27:50.003683432Z,bellOnAction,2026-02-02 12:27:52.022733+00:00,2026-02-02 12:27:52.022774+00:00
8ae47eed29afc3c859bae4142ed85be9,2026-02-02T12:27:50.653215,0.05487984986828567,2026-02-02T12:27:50.003683432Z,gateDownAction,2026-02-02 12:27:52.016927+00:00,2026-02-02 12:27:52.016974+00:00
8ae47eed29afc3c859bae4142ed85be9,2026-02-02T12:27:50.653215,0.05487984986828567,2026-02-02T12:27:50.003683432Z,gateDownAction,2026-02-02 12:27:52.017169+00:00,2026-02-02 12:27:52.017224+00:00
8ae47eed29afc3c859bae4142ed85be9,2026-02-02T12:27:50.653215,0.05487984986828567,2026-02-02T12:27:50.003683432Z,lightOnAction,2026-02-02 12:27:52.016934+00:00,2026-02-02 12:27:52.016981+00:00
8ae47eed29afc3c859bae4142ed85be9,2026-02-02T12:27:50.653215,0.05487984986828567,2026-02-02T12:27:50.003683432Z,lightOnInvocation,2026-02-02 12:27:50.017211+00:00,2026-02-02 12:27:50.017396+00:00
8ae47eed29afc3c859bae4142ed85be9,2026-02-02T12:27:50.653215,0.05487984986828567,2026-02-02T12:27:50.003683432Z,bellOnInvocation,2026-02-02 12:27:50.015000+00:00,2026-02-02 12:27:50.015243+00:00
8ae47eed29afc3c859bae4142ed85be9,2026-02-02T12:27:50.653215,0.05487984986828567,2026-02-02T12:27:50.003683432Z,gateDownInvocation,2026-02-02 12:27:50.014049+00:00,2026-02-02 12:27:50.014813+00:00
8ae47eed29afc3c859bae4142ed85be9,2026-02-02T12:27:50.653215,0.05487984986828567,2026-02-02T12:27:50.003683432Z,lightOnAction,2026-02-02 12:27:52.018494+00:00,2026-02-02 12:27:52.018532+00:00
8ae47eed29afc3c859bae4142ed85be9,2026-02-02T12:27:50.653215,0.05487984986828567,2026-02-02T12:27:50.003683432Z,gateDownInvocation,2026-02-02 12:27:50.014609+00:00,2026-02-02 12:27:50.015026+00:00
8ae47eed29afc3c859bae4142ed85be9,2026-02-02T12:27:50.653215,0.05487984986828567,2026-02-02T12:27:50.003683432Z,lightOnInvocation,2026-02-02 12:27:50.015367+00:00,2026-02-02 12:27:50.015580+00:00
8ae47eed29afc3c859bae4142ed85be9,2026-02-02T12:27:50.653215,0.05487984986828567,2026-02-02T12:27:50.003683432Z,bellOnAction,2026-02-02 12:27:52.017078+00:00,2026-02-02 12:27:52.017134+00:00
8ae47eed29afc3c859bae4142ed85be9,2026-02-02T12:27:50.653215,0.05487984986828567,2026-02-02T12:27:50.003683432Z,bellOnInvocation,2026-02-02 12:27:50.020985+00:00,2026-02-02 12:27:50.021258+00:00
2917e47664fd1e019589c67d221eb8be,2026-02-02T12:25:10.714905,0.02821994596666098,2026-02-02T12:25:10.028356685Z,bellOnInvocation,2026-02-02 12:25:10.045660+00:00,2026-02-02 12:25:10.045960+00:00
2917e47664fd1e019589c67d221eb8be,2026-02-02T12:25:10.714905,0.02821994596666098,2026-02-02T12:25:10.028356685Z,gateDownInvocation,2026-02-02 12:25:10.041126+00:00,2026-02-02 12:25:10.041371+00:00
2917e47664fd1e019589c67d221eb8be,2026-02-02T12:25:10.714905,0.02821994596666098,2026-02-02T12:25:10.028356685Z,lightOnInvocation,2026-02-02 12:25:10.043005+00:00,2026-02-02 12:25:10.043144+00:00
2917e47664fd1e019589c67d221eb8be,2026-02-02T12:25:10.714905,0.02821994596666098,2026-02-02T12:25:10.028356685Z,lightOnInvocation,2026-02-02 12:25:10.040599+00:00,2026-02-02 12:25:10.040952+00:00
2917e47664fd1e019589c67d221eb8be,2026-02-02T12:25:10.714905,0.02821994596666098,2026-02-02T12:25:10.028356685Z,bellOnAction,2026-02-02 12:25:12.048483+00:00,2026-02-02 12:25:12.048567+00:00
2917e47664fd1e019589c67d221eb8be,2026-02-02T12:25:10.714905,0.02821994596666098,2026-02-02T12:25:10.028356685Z,gateDownAction,2026-02-02 12:25:12.042898+00:00,2026-02-02 12:25:12.043010+00:00
2917e47664fd1e019589c67d221eb8be,2026-02-02T12:25:10.714905,0.02821994596666098,2026-02-02T12:25:10.028356685Z,lightOnAction,2026-02-02 12:25:12.041690+00:00,2026-02-02 12:25:12.041777+00:00
2917e47664fd1e019589c67d221eb8be,2026-02-02T12:25:10.714905,0.02821994596666098,2026-02-02T12:25:10.028356685Z,gateDownInvocation,2026-02-02 12:25:10.038041+00:00,2026-02-02 12:25:10.041012+00:00
2917e47664fd1e019589c67d221eb8be,2026-02-02T12:25:10.714905,0.02821994596666098,2026-02-02T12:25:10.028356685Z,gateDownAction,2026-02-02 12:25:12.044762+00:00,2026-02-02 12:25:12.044842+00:00
2917e47664fd1e019589c67d221eb8be,2026-02-02T12:25:10.714905,0.02821994596666098,2026-02-02T12:25:10.028356685Z,lightOnAction,2026-02-02 12:25:12.043348+00:00,2026-02-02 12:25:12.043406+00:00
2917e47664fd1e019589c67d221eb8be,2026-02-02T12:25:10.714905,0.02821994596666098,2026-02-02T12:25:10.028356685Z,bellOnAction,2026-02-02 12:25:12.047346+00:00,2026-02-02 12:25:12.047419+00:00
2917e47664fd1e019589c67d221eb8be,2026-02-02T12:25:10.714905,0.02821994596666098,2026-02-02T12:25:10.028356685Z,bellOnInvocation,2026-02-02 12:25:10.047675+00:00,2026-02-02 12:25:10.047803+00:00
fb3c3c27aeb1b6601974bfadfc93ff75,2026-02-02T12:25:45.189507,0.034131640423631676,2026-02-02T12:25:45.501884547Z,bellOffInvocation,2026-02-02 12:25:45.515434+00:00,2026-02-02 12:25:45.515562+00:00
fb3c3c27aeb1b6601974bfadfc93ff75,2026-02-02T12:25:45.189507,0.034131640423631676,2026-02-02T12:25:45.501884547Z,bellOffInvocation,2026-02-02 12:25:45.515626+00:00,2026-02-02 12:25:45.515773+00:00
fb3c3c27aeb1b6601974bfadfc93ff75,2026-02-02T12:25:45.189507,0.034131640423631676,2026-02-02T12:25:45.501884547Z,lightOffInvocation,2026-02-02 12:25:45.512433+00:00,2026-02-02 12:25:45.512584+00:00
fb3c3c27aeb1b6601974bfadfc93ff75,2026-02-02T12:25:45.189507,0.034131640423631676,2026-02-02T12:25:45.501884547Z,lightOffInvocation,2026-02-02 12:25:45.512682+00:00,2026-02-02 12:25:45.512819+00:00
fb3c3c27aeb1b6601974bfadfc93ff75,2026-02-02T12:25:45.189507,0.034131640423631676,2026-02-02T12:25:45.501884547Z,gateUpInvocation,2026-02-02 12:25:45.512216+00:00,2026-02-02 12:25:45.512354+00:00
fb3c3c27aeb1b6601974bfadfc93ff75,2026-02-02T12:25:45.189507,0.034131640423631676,2026-02-02T12:25:45.501884547Z,gateUpInvocation,2026-02-02 12:25:45.514361+00:00,2026-02-02 12:25:45.514505+00:00
450d15dd60e036b732bc76ecb6c985d1,2026-02-02T12:27:46.300221,0.054151268269646176,2026-02-02T12:27:45.631825902Z,lightOnAction,2026-02-02 12:27:47.643563+00:00,2026-02-02 12:27:47.643651+00:00
450d15dd60e036b732bc76ecb6c985d1,2026-02-02T12:27:46.300221,0.054151268269646176,2026-02-02T12:27:45.631825902Z,gateDownInvocation,2026-02-02 12:27:45.643895+00:00,2026-02-02 12:27:45.644038+00:00
450d15dd60e036b732bc76ecb6c985d1,2026-02-02T12:27:46.300221,0.054151268269646176,2026-02-02T12:27:45.631825902Z,gateDownAction,2026-02-02 12:27:47.643546+00:00,2026-02-02 12:27:47.643641+00:00
450d15dd60e036b732bc76ecb6c985d1,2026-02-02T12:27:46.300221,0.054151268269646176,2026-02-02T12:27:45.631825902Z,lightOnInvocation,2026-02-02 12:27:45.642142+00:00,2026-02-02 12:27:45.642350+00:00
450d15dd60e036b732bc76ecb6c985d1,2026-02-02T12:27:46.300221,0.054151268269646176,2026-02-02T12:27:45.631825902Z,lightOnAction,2026-02-02 12:27:47.644231+00:00,2026-02-02 12:27:47.644342+00:00
450d15dd60e036b732bc76ecb6c985d1,2026-02-02T12:27:46.300221,0.054151268269646176,2026-02-02T12:27:45.631825902Z,gateDownAction,2026-02-02 12:27:47.645105+00:00,2026-02-02 12:27:47.645172+00:00
450d15dd60e036b732bc76ecb6c985d1,2026-02-02T12:27:46.300221,0.054151268269646176,2026-02-02T12:27:45.631825902Z,bellOnAction,2026-02-02 12:27:47.647626+00:00,2026-02-02 12:27:47.647714+00:00
450d15dd60e036b732bc76ecb6c985d1,2026-02-02T12:27:46.300221,0.054151268269646176,2026-02-02T12:27:45.631825902Z,gateDownInvocation,2026-02-02 12:27:45.642231+00:00,2026-02-02 12:27:45.642559+00:00
450d15dd60e036b732bc76ecb6c985d1,2026-02-02T12:27:46.300221,0.054151268269646176,2026-02-02T12:27:45.631825902Z,bellOnInvocation,2026-02-02 12:27:45.646936+00:00,2026-02-02 12:27:45.647142+00:00
450d15dd60e036b732bc76ecb6c985d1,2026-02-02T12:27:46.300221,0.054151268269646176,2026-02-02T12:27:45.631825902Z,lightOnInvocation,2026-02-02 12:27:45.640785+00:00,2026-02-02 12:27:45.641920+00:00
450d15dd60e036b732bc76ecb6c985d1,2026-02-02T12:27:46.300221,0.054151268269646176,2026-02-02T12:27:45.631825902Z,bellOnAction,2026-02-02 12:27:47.648585+00:00,2026-02-02 12:27:47.648667+00:00
450d15dd60e036b732bc76ecb6c985d1,2026-02-02T12:27:46.300221,0.054151268269646176,2026-02-02T12:27:45.631825902Z,bellOnInvocation,2026-02-02 12:27:45.645042+00:00,2026-02-02 12:27:45.645328+00:00
39b46295e47fbe9bfb879c8f6afcf463,2026-02-02T12:24:31.905683,0.02175145509262085,2026-02-02T12:24:31.213490317Z,lightOnAction,2026-02-02 12:24:33.231378+00:00,2026-02-02 12:24:33.231466+00:00
39b46295e47fbe9bfb879c8f6afcf463,2026-02-02T12:24:31.905683,0.02175145509262085,2026-02-02T12:24:31.213490317Z,bellOnInvocation,2026-02-02 12:24:31.233395+00:00,2026-02-02 12:24:31.233470+00:00
39b46295e47fbe9bfb879c8f6afcf463,2026-02-02T12:24:31.905683,0.02175145509262085,2026-02-02T12:24:31.213490317Z,bellOnInvocation,2026-02-02 12:24:31.237525+00:00,2026-02-02 12:24:31.237815+00:00
39b46295e47fbe9bfb879c8f6afcf463,2026-02-02T12:24:31.905683,0.02175145509262085,2026-02-02T12:24:31.213490317Z,gateDownAction,2026-02-02 12:24:33.226450+00:00,2026-02-02 12:24:33.226534+00:00
39b46295e47fbe9bfb879c8f6afcf463,2026-02-02T12:24:31.905683,0.02175145509262085,2026-02-02T12:24:31.213490317Z,gateDownInvocation,2026-02-02 12:24:31.230391+00:00,2026-02-02 12:24:31.230689+00:00
39b46295e47fbe9bfb879c8f6afcf463,2026-02-02T12:24:31.905683,0.02175145509262085,2026-02-02T12:24:31.213490317Z,gateDownInvocation,2026-02-02 12:24:31.225130+00:00,2026-02-02 12:24:31.225368+00:00
39b46295e47fbe9bfb879c8f6afcf463,2026-02-02T12:24:31.905683,0.02175145509262085,2026-02-02T12:24:31.213490317Z,lightOnInvocation,2026-02-02 12:24:31.230470+00:00,2026-02-02 12:24:31.230637+00:00
39b46295e47fbe9bfb879c8f6afcf463,2026-02-02T12:24:31.905683,0.02175145509262085,2026-02-02T12:24:31.213490317Z,gateDownAction,2026-02-02 12:24:33.233594+00:00,2026-02-02 12:24:33.233673+00:00
39b46295e47fbe9bfb879c8f6afcf463,2026-02-02T12:24:31.905683,0.02175145509262085,2026-02-02T12:24:31.213490317Z,bellOnAction,2026-02-02 12:24:33.234913+00:00,2026-02-02 12:24:33.235031+00:00
39b46295e47fbe9bfb879c8f6afcf463,2026-02-02T12:24:31.905683,0.02175145509262085,2026-02-02T12:24:31.213490317Z,bellOnAction,2026-02-02 12:24:33.239162+00:00,2026-02-02 12:24:33.239233+00:00
39b46295e47fbe9bfb879c8f6afcf463,2026-02-02T12:24:31.905683,0.02175145509262085,2026-02-02T12:24:31.213490317Z,lightOnAction,2026-02-02 12:24:33.232077+00:00,2026-02-02 12:24:33.232153+00:00
39b46295e47fbe9bfb879c8f6afcf463,2026-02-02T12:24:31.905683,0.02175145509262085,2026-02-02T12:24:31.213490317Z,lightOnInvocation,2026-02-02 12:24:31.229595+00:00,2026-02-02 12:24:31.229940+00:00
852406ceb3e805239c1bdfcc317dfa78,2026-02-02T12:22:27.052377,0.00094341218457222,2026-02-02T12:22:26.352522868Z,gateDownAction,2026-02-02 12:22:28.372384+00:00,2026-02-02 12:22:28.372519+00:00
852406ceb3e805239c1bdfcc317dfa78,2026-02-02T12:22:27.052377,0.00094341218457222,2026-02-02T12:22:26.352522868Z,bellOnInvocation,2026-02-02 12:22:26.371174+00:00,2026-02-02 12:22:26.371290+00:00
852406ceb3e805239c1bdfcc317dfa78,2026-02-02T12:22:27.052377,0.00094341218457222,2026-02-02T12:22:26.352522868Z,bellOnAction,2026-02-02 12:22:28.371822+00:00,2026-02-02 12:22:28.371895+00:00
852406ceb3e805239c1bdfcc317dfa78,2026-02-02T12:22:27.052377,0.00094341218457222,2026-02-02T12:22:26.352522868Z,lightOnInvocation,2026-02-02 12:22:26.370116+00:00,2026-02-02 12:22:26.370259+00:00
852406ceb3e805239c1bdfcc317dfa78,2026-02-02T12:22:27.052377,0.00094341218457222,2026-02-02T12:22:26.352522868Z,gateDownAction,2026-02-02 12:22:28.369619+00:00,2026-02-02 12:22:28.369666+00:00
852406ceb3e805239c1bdfcc317dfa78,2026-02-02T12:22:27.052377,0.00094341218457222,2026-02-02T12:22:26.352522868Z,gateDownInvocation,2026-02-02 12:22:26.368206+00:00,2026-02-02 12:22:26.368387+00:00
852406ceb3e805239c1bdfcc317dfa78,2026-02-02T12:22:27.052377,0.00094341218457222,2026-02-02T12:22:26.352522868Z,lightOnAction,2026-02-02 12:22:28.370380+00:00,2026-02-02 12:22:28.370506+00:00
852406ceb3e805239c1bdfcc317dfa78,2026-02-02T12:22:27.052377,0.00094341218457222,2026-02-02T12:22:26.352522868Z,lightOnInvocation,2026-02-02 12:22:26.364733+00:00,2026-02-02 12:22:26.364950+00:00
852406ceb3e805239c1bdfcc317dfa78,2026-02-02T12:22:27.052377,0.00094341218457222,2026-02-02T12:22:26.352522868Z,gateDownInvocation,2026-02-02 12:22:26.371568+00:00,2026-02-02 12:22:26.371754+00:00
852406ceb3e805239c1bdfcc317dfa78,2026-02-02T12:22:27.052377,0.00094341218457222,2026-02-02T12:22:26.352522868Z,bellOnAction,2026-02-02 12:22:28.370190+00:00,2026-02-02 12:22:28.370257+00:00
852406ceb3e805239c1bdfcc317dfa78,2026-02-02T12:22:27.052377,0.00094341218457222,2026-02-02T12:22:26.352522868Z,lightOnAction,2026-02-02 12:22:28.366174+00:00,2026-02-02 12:22:28.366251+00:00
852406ceb3e805239c1bdfcc317dfa78,2026-02-02T12:22:27.052377,0.00094341218457222,2026-02-02T12:22:26.352522868Z,bellOnInvocation,2026-02-02 12:22:26.368988+00:00,2026-02-02 12:22:26.369131+00:00
7297ea7de9f12b1e07b6fc359062ff68,2026-02-02T12:31:19.123093,0.08962388809331656,2026-02-02T12:31:18.48901403Z,gateDownAction,2026-02-02 12:31:20.502759+00:00,2026-02-02 12:31:20.502834+00:00
7297ea7de9f12b1e07b6fc359062ff68,2026-02-02T12:31:19.123093,0.08962388809331656,2026-02-02T12:31:18.48901403Z,lightOnInvocation,2026-02-02 12:31:18.496936+00:00,2026-02-02 12:31:18.497141+00:00
7297ea7de9f12b1e07b6fc359062ff68,2026-02-02T12:31:19.123093,0.08962388809331656,2026-02-02T12:31:18.48901403Z,bellOnInvocation,2026-02-02 12:31:18.501645+00:00,2026-02-02 12:31:18.501822+00:00
7297ea7de9f12b1e07b6fc359062ff68,2026-02-02T12:31:19.123093,0.08962388809331656,2026-02-02T12:31:18.48901403Z,gateDownInvocation,2026-02-02 12:31:18.496896+00:00,2026-02-02 12:31:18.497208+00:00
7297ea7de9f12b1e07b6fc359062ff68,2026-02-02T12:31:19.123093,0.08962388809331656,2026-02-02T12:31:18.48901403Z,bellOnAction,2026-02-02 12:31:20.500372+00:00,2026-02-02 12:31:20.500495+00:00
7297ea7de9f12b1e07b6fc359062ff68,2026-02-02T12:31:19.123093,0.08962388809331656,2026-02-02T12:31:18.48901403Z,gateDownInvocation,2026-02-02 12:31:18.501388+00:00,2026-02-02 12:31:18.501824+00:00
7297ea7de9f12b1e07b6fc359062ff68,2026-02-02T12:31:19.123093,0.08962388809331656,2026-02-02T12:31:18.48901403Z,lightOnAction,2026-02-02 12:31:20.498720+00:00,2026-02-02 12:31:20.498813+00:00
7297ea7de9f12b1e07b6fc359062ff68,2026-02-02T12:31:19.123093,0.08962388809331656,2026-02-02T12:31:18.48901403Z,lightOnAction,2026-02-02 12:31:20.501186+00:00,2026-02-02 12:31:20.501277+00:00
7297ea7de9f12b1e07b6fc359062ff68,2026-02-02T12:31:19.123093,0.08962388809331656,2026-02-02T12:31:18.48901403Z,bellOnInvocation,2026-02-02 12:31:18.499818+00:00,2026-02-02 12:31:18.499978+00:00
7297ea7de9f12b1e07b6fc359062ff68,2026-02-02T12:31:19.123093,0.08962388809331656,2026-02-02T12:31:18.48901403Z,gateDownAction,2026-02-02 12:31:20.498732+00:00,2026-02-02 12:31:20.498828+00:00
7297ea7de9f12b1e07b6fc359062ff68,2026-02-02T12:31:19.123093,0.08962388809331656,2026-02-02T12:31:18.48901403Z,bellOnAction,2026-02-02 12:31:20.503058+00:00,2026-02-02 12:31:20.503138+00:00
7297ea7de9f12b1e07b6fc359062ff68,2026-02-02T12:31:19.123093,0.08962388809331656,2026-02-02T12:31:18.48901403Z,lightOnInvocation,2026-02-02 12:31:18.499827+00:00,2026-02-02 12:31:18.499927+00:00
5ed1cf4cb2cde7cdb189127f8184b7fc,2026-02-02T12:25:19.327712,0.029653982649409775,2026-02-02T12:25:18.633288619Z,bellOnAction,2026-02-02 12:25:20.642843+00:00,2026-02-02 12:25:20.642966+00:00
5ed1cf4cb2cde7cdb189127f8184b7fc,2026-02-02T12:25:19.327712,0.029653982649409775,2026-02-02T12:25:18.633288619Z,bellOnInvocation,2026-02-02 12:25:18.642124+00:00,2026-02-02 12:25:18.642207+00:00
5ed1cf4cb2cde7cdb189127f8184b7fc,2026-02-02T12:25:19.327712,0.029653982649409775,2026-02-02T12:25:18.633288619Z,gateDownInvocation,2026-02-02 12:25:18.640257+00:00,2026-02-02 12:25:18.640379+00:00
5ed1cf4cb2cde7cdb189127f8184b7fc,2026-02-02T12:25:19.327712,0.029653982649409775,2026-02-02T12:25:18.633288619Z,gateDownInvocation,2026-02-02 12:25:18.641784+00:00,2026-02-02 12:25:18.641881+00:00
5ed1cf4cb2cde7cdb189127f8184b7fc,2026-02-02T12:25:19.327712,0.029653982649409775,2026-02-02T12:25:18.633288619Z,gateDownAction,2026-02-02 12:25:20.639576+00:00,2026-02-02 12:25:20.639658+00:00
5ed1cf4cb2cde7cdb189127f8184b7fc,2026-02-02T12:25:19.327712,0.029653982649409775,2026-02-02T12:25:18.633288619Z,lightOnInvocation,2026-02-02 12:25:18.641180+00:00,2026-02-02 12:25:18.641220+00:00
5ed1cf4cb2cde7cdb189127f8184b7fc,2026-02-02T12:25:19.327712,0.029653982649409775,2026-02-02T12:25:18.633288619Z,lightOnInvocation,2026-02-02 12:25:18.640891+00:00,2026-02-02 12:25:18.640984+00:00
5ed1cf4cb2cde7cdb189127f8184b7fc,2026-02-02T12:25:19.327712,0.029653982649409775,2026-02-02T12:25:18.633288619Z,lightOnAction,2026-02-02 12:25:20.641868+00:00,2026-02-02 12:25:20.641952+00:00
5ed1cf4cb2cde7cdb189127f8184b7fc,2026-02-02T12:25:19.327712,0.029653982649409775,2026-02-02T12:25:18.633288619Z,bellOnInvocation,2026-02-02 12:25:18.642577+00:00,2026-02-02 12:25:18.642632+00:00
5ed1cf4cb2cde7cdb189127f8184b7fc,2026-02-02T12:25:19.327712,0.029653982649409775,2026-02-02T12:25:18.633288619Z,gateDownAction,2026-02-02 12:25:20.643230+00:00,2026-02-02 12:25:20.643315+00:00
5ed1cf4cb2cde7cdb189127f8184b7fc,2026-02-02T12:25:19.327712,0.029653982649409775,2026-02-02T12:25:18.633288619Z,lightOnAction,2026-02-02 12:25:20.642248+00:00,2026-02-02 12:25:20.642327+00:00
5ed1cf4cb2cde7cdb189127f8184b7fc,2026-02-02T12:25:19.327712,0.029653982649409775,2026-02-02T12:25:18.633288619Z,bellOnAction,2026-02-02 12:25:20.643638+00:00,2026-02-02 12:25:20.643695+00:00
ce662bde07793bef874e5655a897930a,2026-02-02T12:23:27.306701,0.011152072369754315,2026-02-02T12:23:27.610742656Z,gateUpInvocation,2026-02-02 12:23:27.625664+00:00,2026-02-02 12:23:27.625825+00:00
ce662bde07793bef874e5655a897930a,2026-02-02T12:23:27.306701,0.011152072369754315,2026-02-02T12:23:27.610742656Z,bellOffInvocation,2026-02-02 12:23:27.628959+00:00,2026-02-02 12:23:27.629089+00:00
ce662bde07793bef874e5655a897930a,2026-02-02T12:23:27.306701,0.011152072369754315,2026-02-02T12:23:27.610742656Z,lightOffInvocation,2026-02-02 12:23:27.623214+00:00,2026-02-02 12:23:27.623373+00:00
ce662bde07793bef874e5655a897930a,2026-02-02T12:23:27.306701,0.011152072369754315,2026-02-02T12:23:27.610742656Z,gateUpInvocation,2026-02-02 12:23:27.628774+00:00,2026-02-02 12:23:27.628903+00:00
ce662bde07793bef874e5655a897930a,2026-02-02T12:23:27.306701,0.011152072369754315,2026-02-02T12:23:27.610742656Z,bellOffInvocation,2026-02-02 12:23:27.626528+00:00,2026-02-02 12:23:27.626693+00:00
ce662bde07793bef874e5655a897930a,2026-02-02T12:23:27.306701,0.011152072369754315,2026-02-02T12:23:27.610742656Z,lightOffInvocation,2026-02-02 12:23:27.622581+00:00,2026-02-02 12:23:27.622723+00:00
0acc48d3e7a71f983005e945edfec7d7,2026-02-02T12:28:38.354523,0.06298846494725943,2026-02-02T12:28:38.660246123Z,lightOffInvocation,2026-02-02 12:28:38.666492+00:00,2026-02-02 12:28:38.666525+00:00
0acc48d3e7a71f983005e945edfec7d7,2026-02-02T12:28:38.354523,0.06298846494725943,2026-02-02T12:28:38.660246123Z,gateUpInvocation,2026-02-02 12:28:38.666509+00:00,2026-02-02 12:28:38.666569+00:00
0acc48d3e7a71f983005e945edfec7d7,2026-02-02T12:28:38.354523,0.06298846494725943,2026-02-02T12:28:38.660246123Z,bellOffInvocation,2026-02-02 12:28:38.666512+00:00,2026-02-02 12:28:38.666555+00:00
0acc48d3e7a71f983005e945edfec7d7,2026-02-02T12:28:38.354523,0.06298846494725943,2026-02-02T12:28:38.660246123Z,gateUpInvocation,2026-02-02 12:28:38.665811+00:00,2026-02-02 12:28:38.665870+00:00
0acc48d3e7a71f983005e945edfec7d7,2026-02-02T12:28:38.354523,0.06298846494725943,2026-02-02T12:28:38.660246123Z,bellOffInvocation,2026-02-02 12:28:38.666281+00:00,2026-02-02 12:28:38.667031+00:00
0acc48d3e7a71f983005e945edfec7d7,2026-02-02T12:28:38.354523,0.06298846494725943,2026-02-02T12:28:38.660246123Z,lightOffInvocation,2026-02-02 12:28:38.666534+00:00,2026-02-02 12:28:38.666583+00:00
2d8c9d38bfee4c19ad30fbe75a290b67,2026-02-02T12:29:52.208961,0.07530627711627483,2026-02-02T12:29:52.574512257Z,lightOffInvocation,2026-02-02 12:29:52.583524+00:00,2026-02-02 12:29:52.583677+00:00
2d8c9d38bfee4c19ad30fbe75a290b67,2026-02-02T12:29:52.208961,0.07530627711627483,2026-02-02T12:29:52.574512257Z,gateUpInvocation,2026-02-02 12:29:52.581662+00:00,2026-02-02 12:29:52.581781+00:00
2d8c9d38bfee4c19ad30fbe75a290b67,2026-02-02T12:29:52.208961,0.07530627711627483,2026-02-02T12:29:52.574512257Z,lightOffInvocation,2026-02-02 12:29:52.581699+00:00,2026-02-02 12:29:52.581897+00:00
2d8c9d38bfee4c19ad30fbe75a290b67,2026-02-02T12:29:52.208961,0.07530627711627483,2026-02-02T12:29:52.574512257Z,gateUpInvocation,2026-02-02 12:29:52.585718+00:00,2026-02-02 12:29:52.585814+00:00
2d8c9d38bfee4c19ad30fbe75a290b67,2026-02-02T12:29:52.208961,0.07530627711627483,2026-02-02T12:29:52.574512257Z,bellOffInvocation,2026-02-02 12:29:52.584549+00:00,2026-02-02 12:29:52.584702+00:00
2d8c9d38bfee4c19ad30fbe75a290b67,2026-02-02T12:29:52.208961,0.07530627711627483,2026-02-02T12:29:52.574512257Z,bellOffInvocation,2026-02-02 12:29:52.586712+00:00,2026-02-02 12:29:52.586854+00:00
27840d78e104a289bf1e4f7ae03ece6d,2026-02-02T12:27:11.582597,0.048531687982952605,2026-02-02T12:27:11.910865308Z,lightOffInvocation,2026-02-02 12:27:11.919722+00:00,2026-02-02 12:27:11.919850+00:00
27840d78e104a289bf1e4f7ae03ece6d,2026-02-02T12:27:11.582597,0.048531687982952605,2026-02-02T12:27:11.910865308Z,gateUpInvocation,2026-02-02 12:27:11.920730+00:00,2026-02-02 12:27:11.920873+00:00
27840d78e104a289bf1e4f7ae03ece6d,2026-02-02T12:27:11.582597,0.048531687982952605,2026-02-02T12:27:11.910865308Z,bellOffInvocation,2026-02-02 12:27:11.923214+00:00,2026-02-02 12:27:11.923357+00:00
27840d78e104a289bf1e4f7ae03ece6d,2026-02-02T12:27:11.582597,0.048531687982952605,2026-02-02T12:27:11.910865308Z,bellOffInvocation,2026-02-02 12:27:11.922283+00:00,2026-02-02 12:27:11.922379+00:00
27840d78e104a289bf1e4f7ae03ece6d,2026-02-02T12:27:11.582597,0.048531687982952605,2026-02-02T12:27:11.910865308Z,lightOffInvocation,2026-02-02 12:27:11.920165+00:00,2026-02-02 12:27:11.920280+00:00
27840d78e104a289bf1e4f7ae03ece6d,2026-02-02T12:27:11.582597,0.048531687982952605,2026-02-02T12:27:11.910865308Z,gateUpInvocation,2026-02-02 12:27:11.922100+00:00,2026-02-02 12:27:11.922186+00:00
e87546f9bb80ccd3d0e8c30e9c60ada8,2026-02-02T12:27:28.963888,0.051429876047110565,2026-02-02T12:27:29.301720454Z,lightOffInvocation,2026-02-02 12:27:29.309566+00:00,2026-02-02 12:27:29.309709+00:00
e87546f9bb80ccd3d0e8c30e9c60ada8,2026-02-02T12:27:28.963888,0.051429876047110565,2026-02-02T12:27:29.301720454Z,bellOffInvocation,2026-02-02 12:27:29.325969+00:00,2026-02-02 12:27:29.326065+00:00
e87546f9bb80ccd3d0e8c30e9c60ada8,2026-02-02T12:27:28.963888,0.051429876047110565,2026-02-02T12:27:29.301720454Z,lightOffInvocation,2026-02-02 12:27:29.309463+00:00,2026-02-02 12:27:29.309568+00:00
e87546f9bb80ccd3d0e8c30e9c60ada8,2026-02-02T12:27:28.963888,0.051429876047110565,2026-02-02T12:27:29.301720454Z,bellOffInvocation,2026-02-02 12:27:29.312850+00:00,2026-02-02 12:27:29.313018+00:00
e87546f9bb80ccd3d0e8c30e9c60ada8,2026-02-02T12:27:28.963888,0.051429876047110565,2026-02-02T12:27:29.301720454Z,gateUpInvocation,2026-02-02 12:27:29.309550+00:00,2026-02-02 12:27:29.309692+00:00
e87546f9bb80ccd3d0e8c30e9c60ada8,2026-02-02T12:27:28.963888,0.051429876047110565,2026-02-02T12:27:29.301720454Z,gateUpInvocation,2026-02-02 12:27:29.311485+00:00,2026-02-02 12:27:29.311626+00:00
c53f98d8f844c4a1232468210d32c26c,2026-02-02T12:26:45.638405,0.04420432438286544,2026-02-02T12:26:45.944021101Z,gateUpInvocation,2026-02-02 12:26:45.948707+00:00,2026-02-02 12:26:45.948778+00:00
c53f98d8f844c4a1232468210d32c26c,2026-02-02T12:26:45.638405,0.04420432438286544,2026-02-02T12:26:45.944021101Z,gateUpInvocation,2026-02-02 12:26:45.950808+00:00,2026-02-02 12:26:45.951005+00:00
c53f98d8f844c4a1232468210d32c26c,2026-02-02T12:26:45.638405,0.04420432438286544,2026-02-02T12:26:45.944021101Z,lightOffInvocation,2026-02-02 12:26:45.949680+00:00,2026-02-02 12:26:45.949752+00:00
c53f98d8f844c4a1232468210d32c26c,2026-02-02T12:26:45.638405,0.04420432438286544,2026-02-02T12:26:45.944021101Z,lightOffInvocation,2026-02-02 12:26:45.948707+00:00,2026-02-02 12:26:45.948778+00:00
c53f98d8f844c4a1232468210d32c26c,2026-02-02T12:26:45.638405,0.04420432438286544,2026-02-02T12:26:45.944021101Z,bellOffInvocation,2026-02-02 12:26:45.950679+00:00,2026-02-02 12:26:45.950752+00:00
c53f98d8f844c4a1232468210d32c26c,2026-02-02T12:26:45.638405,0.04420432438286544,2026-02-02T12:26:45.944021101Z,bellOffInvocation,2026-02-02 12:26:45.950304+00:00,2026-02-02 12:26:45.950372+00:00
5b9b678a389f29581a8b12962771214e,2026-02-02T12:30:53.024081,0.0852765746680379,2026-02-02T12:30:52.40225995Z,lightOnAction,2026-02-02 12:30:54.416236+00:00,2026-02-02 12:30:54.416315+00:00
5b9b678a389f29581a8b12962771214e,2026-02-02T12:30:53.024081,0.0852765746680379,2026-02-02T12:30:52.40225995Z,gateDownAction,2026-02-02 12:30:54.410150+00:00,2026-02-02 12:30:54.410237+00:00
5b9b678a389f29581a8b12962771214e,2026-02-02T12:30:53.024081,0.0852765746680379,2026-02-02T12:30:52.40225995Z,bellOnInvocation,2026-02-02 12:30:52.410258+00:00,2026-02-02 12:30:52.410440+00:00
5b9b678a389f29581a8b12962771214e,2026-02-02T12:30:53.024081,0.0852765746680379,2026-02-02T12:30:52.40225995Z,bellOnInvocation,2026-02-02 12:30:52.413075+00:00,2026-02-02 12:30:52.413194+00:00
5b9b678a389f29581a8b12962771214e,2026-02-02T12:30:53.024081,0.0852765746680379,2026-02-02T12:30:52.40225995Z,lightOnInvocation,2026-02-02 12:30:52.414374+00:00,2026-02-02 12:30:52.414531+00:00
5b9b678a389f29581a8b12962771214e,2026-02-02T12:30:53.024081,0.0852765746680379,2026-02-02T12:30:52.40225995Z,gateDownInvocation,2026-02-02 12:30:52.412467+00:00,2026-02-02 12:30:52.412734+00:00
5b9b678a389f29581a8b12962771214e,2026-02-02T12:30:53.024081,0.0852765746680379,2026-02-02T12:30:52.40225995Z,lightOnAction,2026-02-02 12:30:54.413238+00:00,2026-02-02 12:30:54.413322+00:00
5b9b678a389f29581a8b12962771214e,2026-02-02T12:30:53.024081,0.0852765746680379,2026-02-02T12:30:52.40225995Z,gateDownInvocation,2026-02-02 12:30:52.408608+00:00,2026-02-02 12:30:52.408964+00:00
5b9b678a389f29581a8b12962771214e,2026-02-02T12:30:53.024081,0.0852765746680379,2026-02-02T12:30:52.40225995Z,lightOnInvocation,2026-02-02 12:30:52.409058+00:00,2026-02-02 12:30:52.409206+00:00
5b9b678a389f29581a8b12962771214e,2026-02-02T12:30:53.024081,0.0852765746680379,2026-02-02T12:30:52.40225995Z,bellOnAction,2026-02-02 12:30:54.413791+00:00,2026-02-02 12:30:54.413857+00:00
5b9b678a389f29581a8b12962771214e,2026-02-02T12:30:53.024081,0.0852765746680379,2026-02-02T12:30:52.40225995Z,gateDownAction,2026-02-02 12:30:54.413640+00:00,2026-02-02 12:30:54.413725+00:00
5b9b678a389f29581a8b12962771214e,2026-02-02T12:30:53.024081,0.0852765746680379,2026-02-02T12:30:52.40225995Z,bellOnAction,2026-02-02 12:30:54.412206+00:00,2026-02-02 12:30:54.412296+00:00
e6e01a2b38f7a9f6a7d61d27ae732d47,2026-02-02T12:26:06.773130,0.03756445415456296,2026-02-02T12:26:06.100756274Z,bellOnInvocation,2026-02-02 12:26:06.105468+00:00,2026-02-02 12:26:06.105517+00:00
e6e01a2b38f7a9f6a7d61d27ae732d47,2026-02-02T12:26:06.773130,0.03756445415456296,2026-02-02T12:26:06.100756274Z,gateDownInvocation,2026-02-02 12:26:06.105370+00:00,2026-02-02 12:26:06.105434+00:00
e6e01a2b38f7a9f6a7d61d27ae732d47,2026-02-02T12:26:06.773130,0.03756445415456296,2026-02-02T12:26:06.100756274Z,bellOnAction,2026-02-02 12:26:08.105630+00:00,2026-02-02 12:26:08.105714+00:00
e6e01a2b38f7a9f6a7d61d27ae732d47,2026-02-02T12:26:06.773130,0.03756445415456296,2026-02-02T12:26:06.100756274Z,bellOnInvocation,2026-02-02 12:26:06.106105+00:00,2026-02-02 12:26:06.106146+00:00
e6e01a2b38f7a9f6a7d61d27ae732d47,2026-02-02T12:26:06.773130,0.03756445415456296,2026-02-02T12:26:06.100756274Z,bellOnAction,2026-02-02 12:26:08.106464+00:00,2026-02-02 12:26:08.106532+00:00
e6e01a2b38f7a9f6a7d61d27ae732d47,2026-02-02T12:26:06.773130,0.03756445415456296,2026-02-02T12:26:06.100756274Z,lightOnAction,2026-02-02 12:26:08.104875+00:00,2026-02-02 12:26:08.104998+00:00
e6e01a2b38f7a9f6a7d61d27ae732d47,2026-02-02T12:26:06.773130,0.03756445415456296,2026-02-02T12:26:06.100756274Z,gateDownAction,2026-02-02 12:26:08.104454+00:00,2026-02-02 12:26:08.104539+00:00
e6e01a2b38f7a9f6a7d61d27ae732d47,2026-02-02T12:26:06.773130,0.03756445415456296,2026-02-02T12:26:06.100756274Z,lightOnInvocation,2026-02-02 12:26:06.104422+00:00,2026-02-02 12:26:06.104502+00:00
e6e01a2b38f7a9f6a7d61d27ae732d47,2026-02-02T12:26:06.773130,0.03756445415456296,2026-02-02T12:26:06.100756274Z,lightOnAction,2026-02-02 12:26:08.106269+00:00,2026-02-02 12:26:08.106353+00:00
e6e01a2b38f7a9f6a7d61d27ae732d47,2026-02-02T12:26:06.773130,0.03756445415456296,2026-02-02T12:26:06.100756274Z,gateDownAction,2026-02-02 12:26:08.106615+00:00,2026-02-02 12:26:08.106665+00:00
e6e01a2b38f7a9f6a7d61d27ae732d47,2026-02-02T12:26:06.773130,0.03756445415456296,2026-02-02T12:26:06.100756274Z,gateDownInvocation,2026-02-02 12:26:06.104378+00:00,2026-02-02 12:26:06.104466+00:00
e6e01a2b38f7a9f6a7d61d27ae732d47,2026-02-02T12:26:06.773130,0.03756445415456296,2026-02-02T12:26:06.100756274Z,lightOnInvocation,2026-02-02 12:26:06.104713+00:00,2026-02-02 12:26:06.104797+00:00
06a496476e20fda0a5b6077227c5d2e1,2026-02-02T12:26:54.268986,0.04547689102566243,2026-02-02T12:26:53.58030029Z,bellOnInvocation,2026-02-02 12:26:53.588770+00:00,2026-02-02 12:26:53.588864+00:00
06a496476e20fda0a5b6077227c5d2e1,2026-02-02T12:26:54.268986,0.04547689102566243,2026-02-02T12:26:53.58030029Z,gateDownAction,2026-02-02 12:26:55.587505+00:00,2026-02-02 12:26:55.587594+00:00
06a496476e20fda0a5b6077227c5d2e1,2026-02-02T12:26:54.268986,0.04547689102566243,2026-02-02T12:26:53.58030029Z,gateDownInvocation,2026-02-02 12:26:53.586806+00:00,2026-02-02 12:26:53.587002+00:00
06a496476e20fda0a5b6077227c5d2e1,2026-02-02T12:26:54.268986,0.04547689102566243,2026-02-02T12:26:53.58030029Z,bellOnInvocation,2026-02-02 12:26:53.591756+00:00,2026-02-02 12:26:53.591853+00:00
06a496476e20fda0a5b6077227c5d2e1,2026-02-02T12:26:54.268986,0.04547689102566243,2026-02-02T12:26:53.58030029Z,gateDownAction,2026-02-02 12:26:55.587481+00:00,2026-02-02 12:26:55.587587+00:00
06a496476e20fda0a5b6077227c5d2e1,2026-02-02T12:26:54.268986,0.04547689102566243,2026-02-02T12:26:53.58030029Z,bellOnAction,2026-02-02 12:26:55.590112+00:00,2026-02-02 12:26:55.590192+00:00
06a496476e20fda0a5b6077227c5d2e1,2026-02-02T12:26:54.268986,0.04547689102566243,2026-02-02T12:26:53.58030029Z,lightOnAction,2026-02-02 12:26:55.588238+00:00,2026-02-02 12:26:55.588327+00:00
06a496476e20fda0a5b6077227c5d2e1,2026-02-02T12:26:54.268986,0.04547689102566243,2026-02-02T12:26:53.58030029Z,bellOnAction,2026-02-02 12:26:55.592849+00:00,2026-02-02 12:26:55.592926+00:00
06a496476e20fda0a5b6077227c5d2e1,2026-02-02T12:26:54.268986,0.04547689102566243,2026-02-02T12:26:53.58030029Z,lightOnAction,2026-02-02 12:26:55.591211+00:00,2026-02-02 12:26:55.591295+00:00
06a496476e20fda0a5b6077227c5d2e1,2026-02-02T12:26:54.268986,0.04547689102566243,2026-02-02T12:26:53.58030029Z,lightOnInvocation,2026-02-02 12:26:53.586861+00:00,2026-02-02 12:26:53.587002+00:00
06a496476e20fda0a5b6077227c5d2e1,2026-02-02T12:26:54.268986,0.04547689102566243,2026-02-02T12:26:53.58030029Z,lightOnInvocation,2026-02-02 12:26:53.588441+00:00,2026-02-02 12:26:53.589002+00:00
06a496476e20fda0a5b6077227c5d2e1,2026-02-02T12:26:54.268986,0.04547689102566243,2026-02-02T12:26:53.58030029Z,gateDownInvocation,2026-02-02 12:26:53.587154+00:00,2026-02-02 12:26:53.587325+00:00
0b47e8e7cf4de2e943404c6af63aabbf,2026-02-02T12:28:47.075399,0.0644509081906438,2026-02-02T12:28:47.435855935Z,gateUpInvocation,2026-02-02 12:28:47.446845+00:00,2026-02-02 12:28:47.446989+00:00
0b47e8e7cf4de2e943404c6af63aabbf,2026-02-02T12:28:47.075399,0.0644509081906438,2026-02-02T12:28:47.435855935Z,gateUpInvocation,2026-02-02 12:28:47.449786+00:00,2026-02-02 12:28:47.449953+00:00
0b47e8e7cf4de2e943404c6af63aabbf,2026-02-02T12:28:47.075399,0.0644509081906438,2026-02-02T12:28:47.435855935Z,lightOffInvocation,2026-02-02 12:28:47.449354+00:00,2026-02-02 12:28:47.449953+00:00
0b47e8e7cf4de2e943404c6af63aabbf,2026-02-02T12:28:47.075399,0.0644509081906438,2026-02-02T12:28:47.435855935Z,bellOffInvocation,2026-02-02 12:28:47.455239+00:00,2026-02-02 12:28:47.455387+00:00
0b47e8e7cf4de2e943404c6af63aabbf,2026-02-02T12:28:47.075399,0.0644509081906438,2026-02-02T12:28:47.435855935Z,bellOffInvocation,2026-02-02 12:28:47.454134+00:00,2026-02-02 12:28:47.454277+00:00
0b47e8e7cf4de2e943404c6af63aabbf,2026-02-02T12:28:47.075399,0.0644509081906438,2026-02-02T12:28:47.435855935Z,lightOffInvocation,2026-02-02 12:28:47.449820+00:00,2026-02-02 12:28:47.450007+00:00
e11486d213b111ad6d238ae950c4091b,2026-02-02T12:27:33.304790,0.05215120257871152,2026-02-02T12:27:33.630139102Z,bellOffInvocation,2026-02-02 12:27:33.640617+00:00,2026-02-02 12:27:33.640733+00:00
e11486d213b111ad6d238ae950c4091b,2026-02-02T12:27:33.304790,0.05215120257871152,2026-02-02T12:27:33.630139102Z,bellOffInvocation,2026-02-02 12:27:33.639572+00:00,2026-02-02 12:27:33.639709+00:00
e11486d213b111ad6d238ae950c4091b,2026-02-02T12:27:33.304790,0.05215120257871152,2026-02-02T12:27:33.630139102Z,gateUpInvocation,2026-02-02 12:27:33.637577+00:00,2026-02-02 12:27:33.637696+00:00
e11486d213b111ad6d238ae950c4091b,2026-02-02T12:27:33.304790,0.05215120257871152,2026-02-02T12:27:33.630139102Z,lightOffInvocation,2026-02-02 12:27:33.637322+00:00,2026-02-02 12:27:33.637439+00:00
e11486d213b111ad6d238ae950c4091b,2026-02-02T12:27:33.304790,0.05215120257871152,2026-02-02T12:27:33.630139102Z,gateUpInvocation,2026-02-02 12:27:33.634652+00:00,2026-02-02 12:27:33.634868+00:00
e11486d213b111ad6d238ae950c4091b,2026-02-02T12:27:33.304790,0.05215120257871152,2026-02-02T12:27:33.630139102Z,lightOffInvocation,2026-02-02 12:27:33.639099+00:00,2026-02-02 12:27:33.639196+00:00
ec17bba74b725c488a949a49ec62eb07,2026-02-02T12:24:31.905683,0.021920105264198783,2026-02-02T12:24:32.225318584Z,bellOffInvocation,2026-02-02 12:24:32.234401+00:00,2026-02-02 12:24:32.234462+00:00
ec17bba74b725c488a949a49ec62eb07,2026-02-02T12:24:31.905683,0.021920105264198783,2026-02-02T12:24:32.225318584Z,gateUpInvocation,2026-02-02 12:24:32.232813+00:00,2026-02-02 12:24:32.232876+00:00
ec17bba74b725c488a949a49ec62eb07,2026-02-02T12:24:31.905683,0.021920105264198783,2026-02-02T12:24:32.225318584Z,lightOffInvocation,2026-02-02 12:24:32.233864+00:00,2026-02-02 12:24:32.233918+00:00
ec17bba74b725c488a949a49ec62eb07,2026-02-02T12:24:31.905683,0.021920105264198783,2026-02-02T12:24:32.225318584Z,bellOffInvocation,2026-02-02 12:24:32.233839+00:00,2026-02-02 12:24:32.233905+00:00
ec17bba74b725c488a949a49ec62eb07,2026-02-02T12:24:31.905683,0.021920105264198783,2026-02-02T12:24:32.225318584Z,lightOffInvocation,2026-02-02 12:24:32.232532+00:00,2026-02-02 12:24:32.232599+00:00
ec17bba74b725c488a949a49ec62eb07,2026-02-02T12:24:31.905683,0.021920105264198783,2026-02-02T12:24:32.225318584Z,gateUpInvocation,2026-02-02 12:24:32.232521+00:00,2026-02-02 12:24:32.232599+00:00
b48e8f583d1e1e24dc9be49c0c651646,2026-02-02T12:23:10.080575,0.00828074281027317,2026-02-02T12:23:10.38088402Z,bellOffInvocation,2026-02-02 12:23:10.390699+00:00,2026-02-02 12:23:10.390763+00:00
b48e8f583d1e1e24dc9be49c0c651646,2026-02-02T12:23:10.080575,0.00828074281027317,2026-02-02T12:23:10.38088402Z,lightOffInvocation,2026-02-02 12:23:10.388640+00:00,2026-02-02 12:23:10.388688+00:00
b48e8f583d1e1e24dc9be49c0c651646,2026-02-02T12:23:10.080575,0.00828074281027317,2026-02-02T12:23:10.38088402Z,gateUpInvocation,2026-02-02 12:23:10.393727+00:00,2026-02-02 12:23:10.393795+00:00
b48e8f583d1e1e24dc9be49c0c651646,2026-02-02T12:23:10.080575,0.00828074281027317,2026-02-02T12:23:10.38088402Z,bellOffInvocation,2026-02-02 12:23:10.398798+00:00,2026-02-02 12:23:10.398880+00:00
b48e8f583d1e1e24dc9be49c0c651646,2026-02-02T12:23:10.080575,0.00828074281027317,2026-02-02T12:23:10.38088402Z,gateUpInvocation,2026-02-02 12:23:10.387886+00:00,2026-02-02 12:23:10.387975+00:00
b48e8f583d1e1e24dc9be49c0c651646,2026-02-02T12:23:10.080575,0.00828074281027317,2026-02-02T12:23:10.38088402Z,lightOffInvocation,2026-02-02 12:23:10.385723+00:00,2026-02-02 12:23:10.385774+00:00
d9bd9523eaba47230843a03ce95898a4,2026-02-02T12:28:29.678369,0.061378246209871784,2026-02-02T12:28:28.997904359Z,bellOnInvocation,2026-02-02 12:28:29.013543+00:00,2026-02-02 12:28:29.014005+00:00
d9bd9523eaba47230843a03ce95898a4,2026-02-02T12:28:29.678369,0.061378246209871784,2026-02-02T12:28:28.997904359Z,bellOnInvocation,2026-02-02 12:28:29.012537+00:00,2026-02-02 12:28:29.012739+00:00
d9bd9523eaba47230843a03ce95898a4,2026-02-02T12:28:29.678369,0.061378246209871784,2026-02-02T12:28:28.997904359Z,gateDownInvocation,2026-02-02 12:28:29.014264+00:00,2026-02-02 12:28:29.014614+00:00
d9bd9523eaba47230843a03ce95898a4,2026-02-02T12:28:29.678369,0.061378246209871784,2026-02-02T12:28:28.997904359Z,bellOnAction,2026-02-02 12:28:31.015520+00:00,2026-02-02 12:28:31.015607+00:00
d9bd9523eaba47230843a03ce95898a4,2026-02-02T12:28:29.678369,0.061378246209871784,2026-02-02T12:28:28.997904359Z,lightOnInvocation,2026-02-02 12:28:29.011352+00:00,2026-02-02 12:28:29.011566+00:00
d9bd9523eaba47230843a03ce95898a4,2026-02-02T12:28:29.678369,0.061378246209871784,2026-02-02T12:28:28.997904359Z,lightOnInvocation,2026-02-02 12:28:29.006855+00:00,2026-02-02 12:28:29.007077+00:00
d9bd9523eaba47230843a03ce95898a4,2026-02-02T12:28:29.678369,0.061378246209871784,2026-02-02T12:28:28.997904359Z,lightOnAction,2026-02-02 12:28:31.008598+00:00,2026-02-02 12:28:31.008690+00:00
d9bd9523eaba47230843a03ce95898a4,2026-02-02T12:28:29.678369,0.061378246209871784,2026-02-02T12:28:28.997904359Z,bellOnAction,2026-02-02 12:28:31.015136+00:00,2026-02-02 12:28:31.015221+00:00
d9bd9523eaba47230843a03ce95898a4,2026-02-02T12:28:29.678369,0.061378246209871784,2026-02-02T12:28:28.997904359Z,lightOnAction,2026-02-02 12:28:31.012485+00:00,2026-02-02 12:28:31.012571+00:00
d9bd9523eaba47230843a03ce95898a4,2026-02-02T12:28:29.678369,0.061378246209871784,2026-02-02T12:28:28.997904359Z,gateDownAction,2026-02-02 12:28:31.015574+00:00,2026-02-02 12:28:31.015660+00:00
d9bd9523eaba47230843a03ce95898a4,2026-02-02T12:28:29.678369,0.061378246209871784,2026-02-02T12:28:28.997904359Z,gateDownAction,2026-02-02 12:28:31.012209+00:00,2026-02-02 12:28:31.012287+00:00
d9bd9523eaba47230843a03ce95898a4,2026-02-02T12:28:29.678369,0.061378246209871784,2026-02-02T12:28:28.997904359Z,gateDownInvocation,2026-02-02 12:28:29.009259+00:00,2026-02-02 12:28:29.009476+00:00
07bc37d984951c47a566f0c3dbb4e5de,2026-02-02T12:28:34.030398,0.06210525158224107,2026-02-02T12:28:33.360214788Z,gateDownAction,2026-02-02 12:28:35.364321+00:00,2026-02-02 12:28:35.364407+00:00
07bc37d984951c47a566f0c3dbb4e5de,2026-02-02T12:28:34.030398,0.06210525158224107,2026-02-02T12:28:33.360214788Z,bellOnInvocation,2026-02-02 12:28:33.363231+00:00,2026-02-02 12:28:33.363273+00:00
07bc37d984951c47a566f0c3dbb4e5de,2026-02-02T12:28:34.030398,0.06210525158224107,2026-02-02T12:28:33.360214788Z,bellOnInvocation,2026-02-02 12:28:33.364441+00:00,2026-02-02 12:28:33.364503+00:00
07bc37d984951c47a566f0c3dbb4e5de,2026-02-02T12:28:34.030398,0.06210525158224107,2026-02-02T12:28:33.360214788Z,gateDownInvocation,2026-02-02 12:28:33.363271+00:00,2026-02-02 12:28:33.363356+00:00
07bc37d984951c47a566f0c3dbb4e5de,2026-02-02T12:28:34.030398,0.06210525158224107,2026-02-02T12:28:33.360214788Z,bellOnAction,2026-02-02 12:28:35.363529+00:00,2026-02-02 12:28:35.363619+00:00
07bc37d984951c47a566f0c3dbb4e5de,2026-02-02T12:28:34.030398,0.06210525158224107,2026-02-02T12:28:33.360214788Z,bellOnAction,2026-02-02 12:28:35.365149+00:00,2026-02-02 12:28:35.365238+00:00
07bc37d984951c47a566f0c3dbb4e5de,2026-02-02T12:28:34.030398,0.06210525158224107,2026-02-02T12:28:33.360214788Z,gateDownInvocation,2026-02-02 12:28:33.363241+00:00,2026-02-02 12:28:33.363330+00:00
07bc37d984951c47a566f0c3dbb4e5de,2026-02-02T12:28:34.030398,0.06210525158224107,2026-02-02T12:28:33.360214788Z,lightOnAction,2026-02-02 12:28:35.364650+00:00,2026-02-02 12:28:35.364746+00:00
07bc37d984951c47a566f0c3dbb4e5de,2026-02-02T12:28:34.030398,0.06210525158224107,2026-02-02T12:28:33.360214788Z,lightOnAction,2026-02-02 12:28:35.364308+00:00,2026-02-02 12:28:35.364406+00:00
07bc37d984951c47a566f0c3dbb4e5de,2026-02-02T12:28:34.030398,0.06210525158224107,2026-02-02T12:28:33.360214788Z,lightOnInvocation,2026-02-02 12:28:33.363257+00:00,2026-02-02 12:28:33.363331+00:00
07bc37d984951c47a566f0c3dbb4e5de,2026-02-02T12:28:34.030398,0.06210525158224107,2026-02-02T12:28:33.360214788Z,gateDownAction,2026-02-02 12:28:35.363966+00:00,2026-02-02 12:28:35.364081+00:00
07bc37d984951c47a566f0c3dbb4e5de,2026-02-02T12:28:34.030398,0.06210525158224107,2026-02-02T12:28:33.360214788Z,lightOnInvocation,2026-02-02 12:28:33.363893+00:00,2026-02-02 12:28:33.363930+00:00
469328d38cc429c40a2d2011d3c151a2,2026-02-02T12:26:19.735001,0.03972203654578925,2026-02-02T12:26:19.047705466Z,bellOnAction,2026-02-02 12:26:21.056668+00:00,2026-02-02 12:26:21.056707+00:00
469328d38cc429c40a2d2011d3c151a2,2026-02-02T12:26:19.735001,0.03972203654578925,2026-02-02T12:26:19.047705466Z,gateDownAction,2026-02-02 12:26:21.055929+00:00,2026-02-02 12:26:21.055962+00:00
469328d38cc429c40a2d2011d3c151a2,2026-02-02T12:26:19.735001,0.03972203654578925,2026-02-02T12:26:19.047705466Z,gateDownAction,2026-02-02 12:26:21.056760+00:00,2026-02-02 12:26:21.056947+00:00
469328d38cc429c40a2d2011d3c151a2,2026-02-02T12:26:19.735001,0.03972203654578925,2026-02-02T12:26:19.047705466Z,bellOnInvocation,2026-02-02 12:26:19.057778+00:00,2026-02-02 12:26:19.057935+00:00
469328d38cc429c40a2d2011d3c151a2,2026-02-02T12:26:19.735001,0.03972203654578925,2026-02-02T12:26:19.047705466Z,lightOnInvocation,2026-02-02 12:26:19.056928+00:00,2026-02-02 12:26:19.057027+00:00
469328d38cc429c40a2d2011d3c151a2,2026-02-02T12:26:19.735001,0.03972203654578925,2026-02-02T12:26:19.047705466Z,lightOnInvocation,2026-02-02 12:26:19.054196+00:00,2026-02-02 12:26:19.054321+00:00
469328d38cc429c40a2d2011d3c151a2,2026-02-02T12:26:19.735001,0.03972203654578925,2026-02-02T12:26:19.047705466Z,gateDownInvocation,2026-02-02 12:26:19.054113+00:00,2026-02-02 12:26:19.054310+00:00
469328d38cc429c40a2d2011d3c151a2,2026-02-02T12:26:19.735001,0.03972203654578925,2026-02-02T12:26:19.047705466Z,bellOnAction,2026-02-02 12:26:21.058945+00:00,2026-02-02 12:26:21.059077+00:00
469328d38cc429c40a2d2011d3c151a2,2026-02-02T12:26:19.735001,0.03972203654578925,2026-02-02T12:26:19.047705466Z,lightOnAction,2026-02-02 12:26:21.057434+00:00,2026-02-02 12:26:21.057570+00:00
469328d38cc429c40a2d2011d3c151a2,2026-02-02T12:26:19.735001,0.03972203654578925,2026-02-02T12:26:19.047705466Z,lightOnAction,2026-02-02 12:26:21.055293+00:00,2026-02-02 12:26:21.055360+00:00
469328d38cc429c40a2d2011d3c151a2,2026-02-02T12:26:19.735001,0.03972203654578925,2026-02-02T12:26:19.047705466Z,gateDownInvocation,2026-02-02 12:26:19.055676+00:00,2026-02-02 12:26:19.055852+00:00
469328d38cc429c40a2d2011d3c151a2,2026-02-02T12:26:19.735001,0.03972203654578925,2026-02-02T12:26:19.047705466Z,bellOnInvocation,2026-02-02 12:26:19.055694+00:00,2026-02-02 12:26:19.055801+00:00
3ee1dc3325def73abaa57a857ae7e9d8,2026-02-02T12:25:53.833188,0.03540471135076285,2026-02-02T12:25:53.141133821Z,bellOnInvocation,2026-02-02 12:25:53.161758+00:00,2026-02-02 12:25:53.161984+00:00
3ee1dc3325def73abaa57a857ae7e9d8,2026-02-02T12:25:53.833188,0.03540471135076285,2026-02-02T12:25:53.141133821Z,bellOnAction,2026-02-02 12:25:55.162640+00:00,2026-02-02 12:25:55.162737+00:00
3ee1dc3325def73abaa57a857ae7e9d8,2026-02-02T12:25:53.833188,0.03540471135076285,2026-02-02T12:25:53.141133821Z,lightOnAction,2026-02-02 12:25:55.152875+00:00,2026-02-02 12:25:55.152993+00:00
3ee1dc3325def73abaa57a857ae7e9d8,2026-02-02T12:25:53.833188,0.03540471135076285,2026-02-02T12:25:53.141133821Z,lightOnAction,2026-02-02 12:25:55.152582+00:00,2026-02-02 12:25:55.152673+00:00
3ee1dc3325def73abaa57a857ae7e9d8,2026-02-02T12:25:53.833188,0.03540471135076285,2026-02-02T12:25:53.141133821Z,lightOnInvocation,2026-02-02 12:25:53.151604+00:00,2026-02-02 12:25:53.151896+00:00
3ee1dc3325def73abaa57a857ae7e9d8,2026-02-02T12:25:53.833188,0.03540471135076285,2026-02-02T12:25:53.141133821Z,bellOnInvocation,2026-02-02 12:25:53.158610+00:00,2026-02-02 12:25:53.158781+00:00
3ee1dc3325def73abaa57a857ae7e9d8,2026-02-02T12:25:53.833188,0.03540471135076285,2026-02-02T12:25:53.141133821Z,gateDownAction,2026-02-02 12:25:55.155211+00:00,2026-02-02 12:25:55.155271+00:00
3ee1dc3325def73abaa57a857ae7e9d8,2026-02-02T12:25:53.833188,0.03540471135076285,2026-02-02T12:25:53.141133821Z,lightOnInvocation,2026-02-02 12:25:53.151864+00:00,2026-02-02 12:25:53.152082+00:00
3ee1dc3325def73abaa57a857ae7e9d8,2026-02-02T12:25:53.833188,0.03540471135076285,2026-02-02T12:25:53.141133821Z,gateDownInvocation,2026-02-02 12:25:53.154301+00:00,2026-02-02 12:25:53.154596+00:00
3ee1dc3325def73abaa57a857ae7e9d8,2026-02-02T12:25:53.833188,0.03540471135076285,2026-02-02T12:25:53.141133821Z,bellOnAction,2026-02-02 12:25:55.159416+00:00,2026-02-02 12:25:55.159483+00:00
3ee1dc3325def73abaa57a857ae7e9d8,2026-02-02T12:25:53.833188,0.03540471135076285,2026-02-02T12:25:53.141133821Z,gateDownInvocation,2026-02-02 12:25:53.155477+00:00,2026-02-02 12:25:53.155948+00:00
3ee1dc3325def73abaa57a857ae7e9d8,2026-02-02T12:25:53.833188,0.03540471135076285,2026-02-02T12:25:53.141133821Z,gateDownAction,2026-02-02 12:25:55.157819+00:00,2026-02-02 12:25:55.157939+00:00
7fc6b7a4e8ef7f5fe94476dda25e4c04,2026-02-02T12:29:56.583435,0.07602613235502244,2026-02-02T12:29:56.893920015Z,lightOffInvocation,2026-02-02 12:29:56.897610+00:00,2026-02-02 12:29:56.897678+00:00
7fc6b7a4e8ef7f5fe94476dda25e4c04,2026-02-02T12:29:56.583435,0.07602613235502244,2026-02-02T12:29:56.893920015Z,bellOffInvocation,2026-02-02 12:29:56.899825+00:00,2026-02-02 12:29:56.899863+00:00
7fc6b7a4e8ef7f5fe94476dda25e4c04,2026-02-02T12:29:56.583435,0.07602613235502244,2026-02-02T12:29:56.893920015Z,gateUpInvocation,2026-02-02 12:29:56.897886+00:00,2026-02-02 12:29:56.897933+00:00
7fc6b7a4e8ef7f5fe94476dda25e4c04,2026-02-02T12:29:56.583435,0.07602613235502244,2026-02-02T12:29:56.893920015Z,lightOffInvocation,2026-02-02 12:29:56.897914+00:00,2026-02-02 12:29:56.898002+00:00
7fc6b7a4e8ef7f5fe94476dda25e4c04,2026-02-02T12:29:56.583435,0.07602613235502244,2026-02-02T12:29:56.893920015Z,gateUpInvocation,2026-02-02 12:29:56.898585+00:00,2026-02-02 12:29:56.898647+00:00
7fc6b7a4e8ef7f5fe94476dda25e4c04,2026-02-02T12:29:56.583435,0.07602613235502244,2026-02-02T12:29:56.893920015Z,bellOffInvocation,2026-02-02 12:29:56.898275+00:00,2026-02-02 12:29:56.898345+00:00
c830dd4e3642d00f07800d9c1d4a76ce,2026-02-02T12:25:49.502214,0.034850061002850534,2026-02-02T12:25:49.812863515Z,gateUpInvocation,2026-02-02 12:25:49.819805+00:00,2026-02-02 12:25:49.819860+00:00
c830dd4e3642d00f07800d9c1d4a76ce,2026-02-02T12:25:49.502214,0.034850061002850534,2026-02-02T12:25:49.812863515Z,bellOffInvocation,2026-02-02 12:25:49.819874+00:00,2026-02-02 12:25:49.819934+00:00
c830dd4e3642d00f07800d9c1d4a76ce,2026-02-02T12:25:49.502214,0.034850061002850534,2026-02-02T12:25:49.812863515Z,bellOffInvocation,2026-02-02 12:25:49.822545+00:00,2026-02-02 12:25:49.822591+00:00
c830dd4e3642d00f07800d9c1d4a76ce,2026-02-02T12:25:49.502214,0.034850061002850534,2026-02-02T12:25:49.812863515Z,gateUpInvocation,2026-02-02 12:25:49.818662+00:00,2026-02-02 12:25:49.818711+00:00
c830dd4e3642d00f07800d9c1d4a76ce,2026-02-02T12:25:49.502214,0.034850061002850534,2026-02-02T12:25:49.812863515Z,lightOffInvocation,2026-02-02 12:25:49.818917+00:00,2026-02-02 12:25:49.819006+00:00
c830dd4e3642d00f07800d9c1d4a76ce,2026-02-02T12:25:49.502214,0.034850061002850534,2026-02-02T12:25:49.812863515Z,lightOffInvocation,2026-02-02 12:25:49.818866+00:00,2026-02-02 12:25:49.818913+00:00
79ad3fabb254152e4f6749aed868bb17,2026-02-02T12:25:49.502214,0.03468176226484776,2026-02-02T12:25:48.803093332Z,bellOnInvocation,2026-02-02 12:25:48.819300+00:00,2026-02-02 12:25:48.819462+00:00
79ad3fabb254152e4f6749aed868bb17,2026-02-02T12:25:49.502214,0.03468176226484776,2026-02-02T12:25:48.803093332Z,lightOnInvocation,2026-02-02 12:25:48.815008+00:00,2026-02-02 12:25:48.815192+00:00
79ad3fabb254152e4f6749aed868bb17,2026-02-02T12:25:49.502214,0.03468176226484776,2026-02-02T12:25:48.803093332Z,lightOnAction,2026-02-02 12:25:50.818753+00:00,2026-02-02 12:25:50.818824+00:00
79ad3fabb254152e4f6749aed868bb17,2026-02-02T12:25:49.502214,0.03468176226484776,2026-02-02T12:25:48.803093332Z,gateDownInvocation,2026-02-02 12:25:48.812916+00:00,2026-02-02 12:25:48.813193+00:00
79ad3fabb254152e4f6749aed868bb17,2026-02-02T12:25:49.502214,0.03468176226484776,2026-02-02T12:25:48.803093332Z,lightOnInvocation,2026-02-02 12:25:48.818957+00:00,2026-02-02 12:25:48.819079+00:00
79ad3fabb254152e4f6749aed868bb17,2026-02-02T12:25:49.502214,0.03468176226484776,2026-02-02T12:25:48.803093332Z,gateDownAction,2026-02-02 12:25:50.818462+00:00,2026-02-02 12:25:50.818533+00:00
79ad3fabb254152e4f6749aed868bb17,2026-02-02T12:25:49.502214,0.03468176226484776,2026-02-02T12:25:48.803093332Z,bellOnAction,2026-02-02 12:25:50.821238+00:00,2026-02-02 12:25:50.821304+00:00
79ad3fabb254152e4f6749aed868bb17,2026-02-02T12:25:49.502214,0.03468176226484776,2026-02-02T12:25:48.803093332Z,gateDownInvocation,2026-02-02 12:25:48.817280+00:00,2026-02-02 12:25:48.817511+00:00
79ad3fabb254152e4f6749aed868bb17,2026-02-02T12:25:49.502214,0.03468176226484776,2026-02-02T12:25:48.803093332Z,bellOnInvocation,2026-02-02 12:25:48.816529+00:00,2026-02-02 12:25:48.816682+00:00
79ad3fabb254152e4f6749aed868bb17,2026-02-02T12:25:49.502214,0.03468176226484776,2026-02-02T12:25:48.803093332Z,gateDownAction,2026-02-02 12:25:50.815210+00:00,2026-02-02 12:25:50.815283+00:00
79ad3fabb254152e4f6749aed868bb17,2026-02-02T12:25:49.502214,0.03468176226484776,2026-02-02T12:25:48.803093332Z,lightOnAction,2026-02-02 12:25:50.819881+00:00,2026-02-02 12:25:50.819929+00:00
79ad3fabb254152e4f6749aed868bb17,2026-02-02T12:25:49.502214,0.03468176226484776,2026-02-02T12:25:48.803093332Z,bellOnAction,2026-02-02 12:25:50.818281+00:00,2026-02-02 12:25:50.818382+00:00
c5c5e3eb320bcad4548a754632fe77fc,2026-02-02T12:26:02.460234,0.03701146370947361,2026-02-02T12:26:02.782575815Z,gateUpInvocation,2026-02-02 12:26:02.792251+00:00,2026-02-02 12:26:02.792403+00:00
c5c5e3eb320bcad4548a754632fe77fc,2026-02-02T12:26:02.460234,0.03701146370947361,2026-02-02T12:26:02.782575815Z,lightOffInvocation,2026-02-02 12:26:02.791715+00:00,2026-02-02 12:26:02.791862+00:00
c5c5e3eb320bcad4548a754632fe77fc,2026-02-02T12:26:02.460234,0.03701146370947361,2026-02-02T12:26:02.782575815Z,gateUpInvocation,2026-02-02 12:26:02.791228+00:00,2026-02-02 12:26:02.791364+00:00
c5c5e3eb320bcad4548a754632fe77fc,2026-02-02T12:26:02.460234,0.03701146370947361,2026-02-02T12:26:02.782575815Z,lightOffInvocation,2026-02-02 12:26:02.794997+00:00,2026-02-02 12:26:02.795146+00:00
c5c5e3eb320bcad4548a754632fe77fc,2026-02-02T12:26:02.460234,0.03701146370947361,2026-02-02T12:26:02.782575815Z,bellOffInvocation,2026-02-02 12:26:02.794226+00:00,2026-02-02 12:26:02.794378+00:00
c5c5e3eb320bcad4548a754632fe77fc,2026-02-02T12:26:02.460234,0.03701146370947361,2026-02-02T12:26:02.782575815Z,bellOffInvocation,2026-02-02 12:26:02.801181+00:00,2026-02-02 12:26:02.801290+00:00
d92bf91cd42e5fb04726643caf13473d,2026-02-02T12:24:40.526031,0.02319023829405308,2026-02-02T12:24:39.846951893Z,lightOnInvocation,2026-02-02 12:24:39.859942+00:00,2026-02-02 12:24:39.860087+00:00
d92bf91cd42e5fb04726643caf13473d,2026-02-02T12:24:40.526031,0.02319023829405308,2026-02-02T12:24:39.846951893Z,lightOnInvocation,2026-02-02 12:24:39.858377+00:00,2026-02-02 12:24:39.858567+00:00
d92bf91cd42e5fb04726643caf13473d,2026-02-02T12:24:40.526031,0.02319023829405308,2026-02-02T12:24:39.846951893Z,bellOnInvocation,2026-02-02 12:24:39.861304+00:00,2026-02-02 12:24:39.861413+00:00
d92bf91cd42e5fb04726643caf13473d,2026-02-02T12:24:40.526031,0.02319023829405308,2026-02-02T12:24:39.846951893Z,lightOnAction,2026-02-02 12:24:41.860915+00:00,2026-02-02 12:24:41.861039+00:00
d92bf91cd42e5fb04726643caf13473d,2026-02-02T12:24:40.526031,0.02319023829405308,2026-02-02T12:24:39.846951893Z,bellOnAction,2026-02-02 12:24:41.862601+00:00,2026-02-02 12:24:41.862672+00:00
d92bf91cd42e5fb04726643caf13473d,2026-02-02T12:24:40.526031,0.02319023829405308,2026-02-02T12:24:39.846951893Z,bellOnAction,2026-02-02 12:24:41.862858+00:00,2026-02-02 12:24:41.862945+00:00
d92bf91cd42e5fb04726643caf13473d,2026-02-02T12:24:40.526031,0.02319023829405308,2026-02-02T12:24:39.846951893Z,gateDownInvocation,2026-02-02 12:24:39.857780+00:00,2026-02-02 12:24:39.858036+00:00
d92bf91cd42e5fb04726643caf13473d,2026-02-02T12:24:40.526031,0.02319023829405308,2026-02-02T12:24:39.846951893Z,gateDownAction,2026-02-02 12:24:41.858834+00:00,2026-02-02 12:24:41.858925+00:00
d92bf91cd42e5fb04726643caf13473d,2026-02-02T12:24:40.526031,0.02319023829405308,2026-02-02T12:24:39.846951893Z,lightOnAction,2026-02-02 12:24:41.860511+00:00,2026-02-02 12:24:41.860626+00:00
d92bf91cd42e5fb04726643caf13473d,2026-02-02T12:24:40.526031,0.02319023829405308,2026-02-02T12:24:39.846951893Z,gateDownInvocation,2026-02-02 12:24:39.857097+00:00,2026-02-02 12:24:39.857351+00:00
d92bf91cd42e5fb04726643caf13473d,2026-02-02T12:24:40.526031,0.02319023829405308,2026-02-02T12:24:39.846951893Z,bellOnInvocation,2026-02-02 12:24:39.861655+00:00,2026-02-02 12:24:39.861889+00:00
d92bf91cd42e5fb04726643caf13473d,2026-02-02T12:24:40.526031,0.02319023829405308,2026-02-02T12:24:39.846951893Z,gateDownAction,2026-02-02 12:24:41.858816+00:00,2026-02-02 12:24:41.858905+00:00
4c37c595826e70cfa469d0465cb38bd9,2026-02-02T12:23:14.382168,0.008832345758259297,2026-02-02T12:23:13.690874393Z,lightOnInvocation,2026-02-02 12:23:13.710051+00:00,2026-02-02 12:23:13.710133+00:00
4c37c595826e70cfa469d0465cb38bd9,2026-02-02T12:23:14.382168,0.008832345758259297,2026-02-02T12:23:13.690874393Z,lightOnAction,2026-02-02 12:23:15.710430+00:00,2026-02-02 12:23:15.710509+00:00
4c37c595826e70cfa469d0465cb38bd9,2026-02-02T12:23:14.382168,0.008832345758259297,2026-02-02T12:23:13.690874393Z,bellOnInvocation,2026-02-02 12:23:13.708033+00:00,2026-02-02 12:23:13.708166+00:00
4c37c595826e70cfa469d0465cb38bd9,2026-02-02T12:23:14.382168,0.008832345758259297,2026-02-02T12:23:13.690874393Z,gateDownInvocation,2026-02-02 12:23:13.705667+00:00,2026-02-02 12:23:13.705820+00:00
4c37c595826e70cfa469d0465cb38bd9,2026-02-02T12:23:14.382168,0.008832345758259297,2026-02-02T12:23:13.690874393Z,gateDownInvocation,2026-02-02 12:23:13.707563+00:00,2026-02-02 12:23:13.707737+00:00
4c37c595826e70cfa469d0465cb38bd9,2026-02-02T12:23:14.382168,0.008832345758259297,2026-02-02T12:23:13.690874393Z,bellOnAction,2026-02-02 12:23:15.708550+00:00,2026-02-02 12:23:15.708657+00:00
4c37c595826e70cfa469d0465cb38bd9,2026-02-02T12:23:14.382168,0.008832345758259297,2026-02-02T12:23:13.690874393Z,lightOnAction,2026-02-02 12:23:15.705462+00:00,2026-02-02 12:23:15.705574+00:00
4c37c595826e70cfa469d0465cb38bd9,2026-02-02T12:23:14.382168,0.008832345758259297,2026-02-02T12:23:13.690874393Z,lightOnInvocation,2026-02-02 12:23:13.704681+00:00,2026-02-02 12:23:13.704808+00:00
4c37c595826e70cfa469d0465cb38bd9,2026-02-02T12:23:14.382168,0.008832345758259297,2026-02-02T12:23:13.690874393Z,gateDownAction,2026-02-02 12:23:15.709297+00:00,2026-02-02 12:23:15.709379+00:00
4c37c595826e70cfa469d0465cb38bd9,2026-02-02T12:23:14.382168,0.008832345758259297,2026-02-02T12:23:13.690874393Z,bellOnAction,2026-02-02 12:23:15.711008+00:00,2026-02-02 12:23:15.711140+00:00
4c37c595826e70cfa469d0465cb38bd9,2026-02-02T12:23:14.382168,0.008832345758259297,2026-02-02T12:23:13.690874393Z,bellOnInvocation,2026-02-02 12:23:13.709777+00:00,2026-02-02 12:23:13.709876+00:00
4c37c595826e70cfa469d0465cb38bd9,2026-02-02T12:23:14.382168,0.008832345758259297,2026-02-02T12:23:13.690874393Z,gateDownAction,2026-02-02 12:23:15.708730+00:00,2026-02-02 12:23:15.708854+00:00
b1b125e4b05abf8b32f89b67861b99cd,2026-02-02T12:23:22.995780,0.010433623103702069,2026-02-02T12:23:23.299531924Z,lightOffInvocation,2026-02-02 12:23:23.313092+00:00,2026-02-02 12:23:23.313227+00:00
b1b125e4b05abf8b32f89b67861b99cd,2026-02-02T12:23:22.995780,0.010433623103702069,2026-02-02T12:23:23.299531924Z,bellOffInvocation,2026-02-02 12:23:23.317978+00:00,2026-02-02 12:23:23.318104+00:00
b1b125e4b05abf8b32f89b67861b99cd,2026-02-02T12:23:22.995780,0.010433623103702069,2026-02-02T12:23:23.299531924Z,lightOffInvocation,2026-02-02 12:23:23.311611+00:00,2026-02-02 12:23:23.311753+00:00
b1b125e4b05abf8b32f89b67861b99cd,2026-02-02T12:23:22.995780,0.010433623103702069,2026-02-02T12:23:23.299531924Z,bellOffInvocation,2026-02-02 12:23:23.312262+00:00,2026-02-02 12:23:23.312416+00:00
b1b125e4b05abf8b32f89b67861b99cd,2026-02-02T12:23:22.995780,0.010433623103702069,2026-02-02T12:23:23.299531924Z,gateUpInvocation,2026-02-02 12:23:23.311569+00:00,2026-02-02 12:23:23.311694+00:00
b1b125e4b05abf8b32f89b67861b99cd,2026-02-02T12:23:22.995780,0.010433623103702069,2026-02-02T12:23:23.299531924Z,gateUpInvocation,2026-02-02 12:23:23.310825+00:00,2026-02-02 12:23:23.310945+00:00
e889385ab9e240d9330471a2067f5e26,2026-02-02T12:28:20.981329,0.060096048300492776,2026-02-02T12:28:21.303977331Z,gateUpInvocation,2026-02-02 12:28:21.313504+00:00,2026-02-02 12:28:21.313533+00:00
e889385ab9e240d9330471a2067f5e26,2026-02-02T12:28:20.981329,0.060096048300492776,2026-02-02T12:28:21.303977331Z,bellOffInvocation,2026-02-02 12:28:21.314384+00:00,2026-02-02 12:28:21.314431+00:00
e889385ab9e240d9330471a2067f5e26,2026-02-02T12:28:20.981329,0.060096048300492776,2026-02-02T12:28:21.303977331Z,bellOffInvocation,2026-02-02 12:28:21.312107+00:00,2026-02-02 12:28:21.312151+00:00
e889385ab9e240d9330471a2067f5e26,2026-02-02T12:28:20.981329,0.060096048300492776,2026-02-02T12:28:21.303977331Z,lightOffInvocation,2026-02-02 12:28:21.313922+00:00,2026-02-02 12:28:21.313948+00:00
e889385ab9e240d9330471a2067f5e26,2026-02-02T12:28:20.981329,0.060096048300492776,2026-02-02T12:28:21.303977331Z,lightOffInvocation,2026-02-02 12:28:21.311747+00:00,2026-02-02 12:28:21.311792+00:00
e889385ab9e240d9330471a2067f5e26,2026-02-02T12:28:20.981329,0.060096048300492776,2026-02-02T12:28:21.303977331Z,gateUpInvocation,2026-02-02 12:28:21.311578+00:00,2026-02-02 12:28:21.311679+00:00
c6605578f6773475283bb924fd99dfc8,2026-02-02T12:32:15.692688,0.09904063525048495,2026-02-02T12:32:14.994859584Z,lightOnInvocation,2026-02-02 12:32:14.999554+00:00,2026-02-02 12:32:14.999667+00:00
c6605578f6773475283bb924fd99dfc8,2026-02-02T12:32:15.692688,0.09904063525048495,2026-02-02T12:32:14.994859584Z,lightOnAction,2026-02-02 12:32:17.000841+00:00,2026-02-02 12:32:17.000962+00:00
c6605578f6773475283bb924fd99dfc8,2026-02-02T12:32:15.692688,0.09904063525048495,2026-02-02T12:32:14.994859584Z,bellOnInvocation,2026-02-02 12:32:15.003225+00:00,2026-02-02 12:32:15.003290+00:00
c6605578f6773475283bb924fd99dfc8,2026-02-02T12:32:15.692688,0.09904063525048495,2026-02-02T12:32:14.994859584Z,gateDownInvocation,2026-02-02 12:32:15.001121+00:00,2026-02-02 12:32:15.001249+00:00
c6605578f6773475283bb924fd99dfc8,2026-02-02T12:32:15.692688,0.09904063525048495,2026-02-02T12:32:14.994859584Z,lightOnInvocation,2026-02-02 12:32:14.999871+00:00,2026-02-02 12:32:15.000015+00:00
c6605578f6773475283bb924fd99dfc8,2026-02-02T12:32:15.692688,0.09904063525048495,2026-02-02T12:32:14.994859584Z,gateDownAction,2026-02-02 12:32:17.001297+00:00,2026-02-02 12:32:17.001425+00:00
c6605578f6773475283bb924fd99dfc8,2026-02-02T12:32:15.692688,0.09904063525048495,2026-02-02T12:32:14.994859584Z,gateDownAction,2026-02-02 12:32:17.001337+00:00,2026-02-02 12:32:17.001406+00:00
c6605578f6773475283bb924fd99dfc8,2026-02-02T12:32:15.692688,0.09904063525048495,2026-02-02T12:32:14.994859584Z,bellOnAction,2026-02-02 12:32:17.001109+00:00,2026-02-02 12:32:17.001237+00:00
c6605578f6773475283bb924fd99dfc8,2026-02-02T12:32:15.692688,0.09904063525048495,2026-02-02T12:32:14.994859584Z,gateDownInvocation,2026-02-02 12:32:14.999429+00:00,2026-02-02 12:32:14.999596+00:00
c6605578f6773475283bb924fd99dfc8,2026-02-02T12:32:15.692688,0.09904063525048495,2026-02-02T12:32:14.994859584Z,lightOnAction,2026-02-02 12:32:17.001083+00:00,2026-02-02 12:32:17.001176+00:00
c6605578f6773475283bb924fd99dfc8,2026-02-02T12:32:15.692688,0.09904063525048495,2026-02-02T12:32:14.994859584Z,bellOnAction,2026-02-02 12:32:17.003846+00:00,2026-02-02 12:32:17.004012+00:00
c6605578f6773475283bb924fd99dfc8,2026-02-02T12:32:15.692688,0.09904063525048495,2026-02-02T12:32:14.994859584Z,bellOnInvocation,2026-02-02 12:32:14.999951+00:00,2026-02-02 12:32:15.000070+00:00
384e5880a5eade190a9f64cab11c1188,2026-02-02T12:27:02.927137,0.047084877871787556,2026-02-02T12:27:03.229015777Z,lightOffInvocation,2026-02-02 12:27:03.234881+00:00,2026-02-02 12:27:03.234982+00:00
384e5880a5eade190a9f64cab11c1188,2026-02-02T12:27:02.927137,0.047084877871787556,2026-02-02T12:27:03.229015777Z,lightOffInvocation,2026-02-02 12:27:03.236807+00:00,2026-02-02 12:27:03.236886+00:00
384e5880a5eade190a9f64cab11c1188,2026-02-02T12:27:02.927137,0.047084877871787556,2026-02-02T12:27:03.229015777Z,bellOffInvocation,2026-02-02 12:27:03.238876+00:00,2026-02-02 12:27:03.238927+00:00
384e5880a5eade190a9f64cab11c1188,2026-02-02T12:27:02.927137,0.047084877871787556,2026-02-02T12:27:03.229015777Z,gateUpInvocation,2026-02-02 12:27:03.234445+00:00,2026-02-02 12:27:03.234517+00:00
384e5880a5eade190a9f64cab11c1188,2026-02-02T12:27:02.927137,0.047084877871787556,2026-02-02T12:27:03.229015777Z,gateUpInvocation,2026-02-02 12:27:03.234730+00:00,2026-02-02 12:27:03.234804+00:00
384e5880a5eade190a9f64cab11c1188,2026-02-02T12:27:02.927137,0.047084877871787556,2026-02-02T12:27:03.229015777Z,bellOffInvocation,2026-02-02 12:27:03.236894+00:00,2026-02-02 12:27:03.236987+00:00
55fca9a96078640e5690899cf2d430c4,2026-02-02T12:31:53.942605,0.09558691612879039,2026-02-02T12:31:54.270479848Z,gateUpInvocation,2026-02-02 12:31:54.276932+00:00,2026-02-02 12:31:54.277077+00:00
55fca9a96078640e5690899cf2d430c4,2026-02-02T12:31:53.942605,0.09558691612879039,2026-02-02T12:31:54.270479848Z,gateUpInvocation,2026-02-02 12:31:54.277550+00:00,2026-02-02 12:31:54.277678+00:00
55fca9a96078640e5690899cf2d430c4,2026-02-02T12:31:53.942605,0.09558691612879039,2026-02-02T12:31:54.270479848Z,lightOffInvocation,2026-02-02 12:31:54.276931+00:00,2026-02-02 12:31:54.277073+00:00
55fca9a96078640e5690899cf2d430c4,2026-02-02T12:31:53.942605,0.09558691612879039,2026-02-02T12:31:54.270479848Z,bellOffInvocation,2026-02-02 12:31:54.280368+00:00,2026-02-02 12:31:54.280458+00:00
55fca9a96078640e5690899cf2d430c4,2026-02-02T12:31:53.942605,0.09558691612879039,2026-02-02T12:31:54.270479848Z,bellOffInvocation,2026-02-02 12:31:54.277553+00:00,2026-02-02 12:31:54.277645+00:00
55fca9a96078640e5690899cf2d430c4,2026-02-02T12:31:53.942605,0.09558691612879039,2026-02-02T12:31:54.270479848Z,lightOffInvocation,2026-02-02 12:31:54.279710+00:00,2026-02-02 12:31:54.279843+00:00
d2e26398a9684ff3078a5ffc9c807ea4,2026-02-02T12:28:12.313331,0.058487796995139125,2026-02-02T12:28:11.653410088Z,lightOnAction,2026-02-02 12:28:13.661699+00:00,2026-02-02 12:28:13.661832+00:00
d2e26398a9684ff3078a5ffc9c807ea4,2026-02-02T12:28:12.313331,0.058487796995139125,2026-02-02T12:28:11.653410088Z,lightOnInvocation,2026-02-02 12:28:11.660170+00:00,2026-02-02 12:28:11.660370+00:00
d2e26398a9684ff3078a5ffc9c807ea4,2026-02-02T12:28:12.313331,0.058487796995139125,2026-02-02T12:28:11.653410088Z,gateDownInvocation,2026-02-02 12:28:11.662609+00:00,2026-02-02 12:28:11.662886+00:00
d2e26398a9684ff3078a5ffc9c807ea4,2026-02-02T12:28:12.313331,0.058487796995139125,2026-02-02T12:28:11.653410088Z,bellOnInvocation,2026-02-02 12:28:11.661204+00:00,2026-02-02 12:28:11.661412+00:00
d2e26398a9684ff3078a5ffc9c807ea4,2026-02-02T12:28:12.313331,0.058487796995139125,2026-02-02T12:28:11.653410088Z,gateDownInvocation,2026-02-02 12:28:11.660027+00:00,2026-02-02 12:28:11.660325+00:00
d2e26398a9684ff3078a5ffc9c807ea4,2026-02-02T12:28:12.313331,0.058487796995139125,2026-02-02T12:28:11.653410088Z,lightOnInvocation,2026-02-02 12:28:11.660570+00:00,2026-02-02 12:28:11.660786+00:00
d2e26398a9684ff3078a5ffc9c807ea4,2026-02-02T12:28:12.313331,0.058487796995139125,2026-02-02T12:28:11.653410088Z,bellOnInvocation,2026-02-02 12:28:11.662569+00:00,2026-02-02 12:28:11.662735+00:00
d2e26398a9684ff3078a5ffc9c807ea4,2026-02-02T12:28:12.313331,0.058487796995139125,2026-02-02T12:28:11.653410088Z,bellOnAction,2026-02-02 12:28:13.663081+00:00,2026-02-02 12:28:13.663203+00:00
d2e26398a9684ff3078a5ffc9c807ea4,2026-02-02T12:28:12.313331,0.058487796995139125,2026-02-02T12:28:11.653410088Z,gateDownAction,2026-02-02 12:28:13.663440+00:00,2026-02-02 12:28:13.663521+00:00
d2e26398a9684ff3078a5ffc9c807ea4,2026-02-02T12:28:12.313331,0.058487796995139125,2026-02-02T12:28:11.653410088Z,bellOnAction,2026-02-02 12:28:13.664263+00:00,2026-02-02 12:28:13.664354+00:00
d2e26398a9684ff3078a5ffc9c807ea4,2026-02-02T12:28:12.313331,0.058487796995139125,2026-02-02T12:28:11.653410088Z,gateDownAction,2026-02-02 12:28:13.661784+00:00,2026-02-02 12:28:13.661872+00:00
d2e26398a9684ff3078a5ffc9c807ea4,2026-02-02T12:28:12.313331,0.058487796995139125,2026-02-02T12:28:11.653410088Z,lightOnAction,2026-02-02 12:28:13.662090+00:00,2026-02-02 12:28:13.662186+00:00
35f52ae1ca6a44fa83a32efa112adea2,2026-02-02T12:29:30.490340,0.07168669429988862,2026-02-02T12:29:30.854788143Z,bellOffInvocation,2026-02-02 12:29:30.861312+00:00,2026-02-02 12:29:30.861361+00:00
35f52ae1ca6a44fa83a32efa112adea2,2026-02-02T12:29:30.490340,0.07168669429988862,2026-02-02T12:29:30.854788143Z,gateUpInvocation,2026-02-02 12:29:30.860797+00:00,2026-02-02 12:29:30.860849+00:00
35f52ae1ca6a44fa83a32efa112adea2,2026-02-02T12:29:30.490340,0.07168669429988862,2026-02-02T12:29:30.854788143Z,gateUpInvocation,2026-02-02 12:29:30.861057+00:00,2026-02-02 12:29:30.861106+00:00
35f52ae1ca6a44fa83a32efa112adea2,2026-02-02T12:29:30.490340,0.07168669429988862,2026-02-02T12:29:30.854788143Z,lightOffInvocation,2026-02-02 12:29:30.860799+00:00,2026-02-02 12:29:30.860851+00:00
35f52ae1ca6a44fa83a32efa112adea2,2026-02-02T12:29:30.490340,0.07168669429988862,2026-02-02T12:29:30.854788143Z,bellOffInvocation,2026-02-02 12:29:30.862188+00:00,2026-02-02 12:29:30.862238+00:00
35f52ae1ca6a44fa83a32efa112adea2,2026-02-02T12:29:30.490340,0.07168669429988862,2026-02-02T12:29:30.854788143Z,lightOffInvocation,2026-02-02 12:29:30.861786+00:00,2026-02-02 12:29:30.861826+00:00
78f3236324ffa1181d22b29bf07fe624,2026-02-02T12:29:43.525251,0.0736901174628377,2026-02-02T12:29:42.876538398Z,bellOnAction,2026-02-02 12:29:44.889189+00:00,2026-02-02 12:29:44.889281+00:00
78f3236324ffa1181d22b29bf07fe624,2026-02-02T12:29:43.525251,0.0736901174628377,2026-02-02T12:29:42.876538398Z,lightOnInvocation,2026-02-02 12:29:42.886199+00:00,2026-02-02 12:29:42.886427+00:00
78f3236324ffa1181d22b29bf07fe624,2026-02-02T12:29:43.525251,0.0736901174628377,2026-02-02T12:29:42.876538398Z,lightOnAction,2026-02-02 12:29:44.886154+00:00,2026-02-02 12:29:44.886247+00:00
78f3236324ffa1181d22b29bf07fe624,2026-02-02T12:29:43.525251,0.0736901174628377,2026-02-02T12:29:42.876538398Z,bellOnInvocation,2026-02-02 12:29:42.889736+00:00,2026-02-02 12:29:42.889868+00:00
78f3236324ffa1181d22b29bf07fe624,2026-02-02T12:29:43.525251,0.0736901174628377,2026-02-02T12:29:42.876538398Z,bellOnAction,2026-02-02 12:29:44.890746+00:00,2026-02-02 12:29:44.890824+00:00
78f3236324ffa1181d22b29bf07fe624,2026-02-02T12:29:43.525251,0.0736901174628377,2026-02-02T12:29:42.876538398Z,gateDownInvocation,2026-02-02 12:29:42.888254+00:00,2026-02-02 12:29:42.888555+00:00
78f3236324ffa1181d22b29bf07fe624,2026-02-02T12:29:43.525251,0.0736901174628377,2026-02-02T12:29:42.876538398Z,gateDownAction,2026-02-02 12:29:44.886229+00:00,2026-02-02 12:29:44.886320+00:00
78f3236324ffa1181d22b29bf07fe624,2026-02-02T12:29:43.525251,0.0736901174628377,2026-02-02T12:29:42.876538398Z,bellOnInvocation,2026-02-02 12:29:42.887415+00:00,2026-02-02 12:29:42.887644+00:00
78f3236324ffa1181d22b29bf07fe624,2026-02-02T12:29:43.525251,0.0736901174628377,2026-02-02T12:29:42.876538398Z,gateDownAction,2026-02-02 12:29:44.890180+00:00,2026-02-02 12:29:44.890258+00:00
78f3236324ffa1181d22b29bf07fe624,2026-02-02T12:29:43.525251,0.0736901174628377,2026-02-02T12:29:42.876538398Z,lightOnAction,2026-02-02 12:29:44.887519+00:00,2026-02-02 12:29:44.887609+00:00
78f3236324ffa1181d22b29bf07fe624,2026-02-02T12:29:43.525251,0.0736901174628377,2026-02-02T12:29:42.876538398Z,lightOnInvocation,2026-02-02 12:29:42.884154+00:00,2026-02-02 12:29:42.884374+00:00
78f3236324ffa1181d22b29bf07fe624,2026-02-02T12:29:43.525251,0.0736901174628377,2026-02-02T12:29:42.876538398Z,gateDownInvocation,2026-02-02 12:29:42.883948+00:00,2026-02-02 12:29:42.884305+00:00
b6e5da3e20061f2638763ff15db7d9d1,2026-02-02T12:30:05.277226,0.0773118796044469,2026-02-02T12:30:04.609318169Z,bellOnInvocation,2026-02-02 12:30:04.617110+00:00,2026-02-02 12:30:04.617262+00:00
b6e5da3e20061f2638763ff15db7d9d1,2026-02-02T12:30:05.277226,0.0773118796044469,2026-02-02T12:30:04.609318169Z,gateDownAction,2026-02-02 12:30:06.619336+00:00,2026-02-02 12:30:06.619438+00:00
b6e5da3e20061f2638763ff15db7d9d1,2026-02-02T12:30:05.277226,0.0773118796044469,2026-02-02T12:30:04.609318169Z,lightOnAction,2026-02-02 12:30:06.617735+00:00,2026-02-02 12:30:06.617820+00:00
b6e5da3e20061f2638763ff15db7d9d1,2026-02-02T12:30:05.277226,0.0773118796044469,2026-02-02T12:30:04.609318169Z,bellOnInvocation,2026-02-02 12:30:04.619245+00:00,2026-02-02 12:30:04.619385+00:00
b6e5da3e20061f2638763ff15db7d9d1,2026-02-02T12:30:05.277226,0.0773118796044469,2026-02-02T12:30:04.609318169Z,lightOnInvocation,2026-02-02 12:30:04.616749+00:00,2026-02-02 12:30:04.616930+00:00
b6e5da3e20061f2638763ff15db7d9d1,2026-02-02T12:30:05.277226,0.0773118796044469,2026-02-02T12:30:04.609318169Z,gateDownInvocation,2026-02-02 12:30:04.618687+00:00,2026-02-02 12:30:04.618925+00:00
b6e5da3e20061f2638763ff15db7d9d1,2026-02-02T12:30:05.277226,0.0773118796044469,2026-02-02T12:30:04.609318169Z,lightOnInvocation,2026-02-02 12:30:04.616675+00:00,2026-02-02 12:30:04.616857+00:00
b6e5da3e20061f2638763ff15db7d9d1,2026-02-02T12:30:05.277226,0.0773118796044469,2026-02-02T12:30:04.609318169Z,bellOnAction,2026-02-02 12:30:06.621015+00:00,2026-02-02 12:30:06.621090+00:00
b6e5da3e20061f2638763ff15db7d9d1,2026-02-02T12:30:05.277226,0.0773118796044469,2026-02-02T12:30:04.609318169Z,lightOnAction,2026-02-02 12:30:06.617856+00:00,2026-02-02 12:30:06.618029+00:00
b6e5da3e20061f2638763ff15db7d9d1,2026-02-02T12:30:05.277226,0.0773118796044469,2026-02-02T12:30:04.609318169Z,gateDownAction,2026-02-02 12:30:06.618815+00:00,2026-02-02 12:30:06.618899+00:00
b6e5da3e20061f2638763ff15db7d9d1,2026-02-02T12:30:05.277226,0.0773118796044469,2026-02-02T12:30:04.609318169Z,bellOnAction,2026-02-02 12:30:06.619283+00:00,2026-02-02 12:30:06.619402+00:00
b6e5da3e20061f2638763ff15db7d9d1,2026-02-02T12:30:05.277226,0.0773118796044469,2026-02-02T12:30:04.609318169Z,gateDownInvocation,2026-02-02 12:30:04.616860+00:00,2026-02-02 12:30:04.617183+00:00
829bad820c4493a5c08e3369ef9dbbde,2026-02-02T12:31:19.123093,0.08979104929109813,2026-02-02T12:31:19.491771938Z,bellOffInvocation,2026-02-02 12:31:19.498770+00:00,2026-02-02 12:31:19.498789+00:00
829bad820c4493a5c08e3369ef9dbbde,2026-02-02T12:31:19.123093,0.08979104929109813,2026-02-02T12:31:19.491771938Z,gateUpInvocation,2026-02-02 12:31:19.498009+00:00,2026-02-02 12:31:19.498052+00:00
829bad820c4493a5c08e3369ef9dbbde,2026-02-02T12:31:19.123093,0.08979104929109813,2026-02-02T12:31:19.491771938Z,bellOffInvocation,2026-02-02 12:31:19.498168+00:00,2026-02-02 12:31:19.498211+00:00
829bad820c4493a5c08e3369ef9dbbde,2026-02-02T12:31:19.123093,0.08979104929109813,2026-02-02T12:31:19.491771938Z,lightOffInvocation,2026-02-02 12:31:19.498651+00:00,2026-02-02 12:31:19.498690+00:00
829bad820c4493a5c08e3369ef9dbbde,2026-02-02T12:31:19.123093,0.08979104929109813,2026-02-02T12:31:19.491771938Z,lightOffInvocation,2026-02-02 12:31:19.497903+00:00,2026-02-02 12:31:19.497941+00:00
829bad820c4493a5c08e3369ef9dbbde,2026-02-02T12:31:19.123093,0.08979104929109813,2026-02-02T12:31:19.491771938Z,gateUpInvocation,2026-02-02 12:31:19.498125+00:00,2026-02-02 12:31:19.498167+00:00
900ba4759df6c3b849eb6bfd162caea8,2026-02-02T12:25:27.945533,0.03109119467059374,2026-02-02T12:25:27.257430721Z,lightOnInvocation,2026-02-02 12:25:27.269693+00:00,2026-02-02 12:25:27.269908+00:00
900ba4759df6c3b849eb6bfd162caea8,2026-02-02T12:25:27.945533,0.03109119467059374,2026-02-02T12:25:27.257430721Z,gateDownAction,2026-02-02 12:25:29.268828+00:00,2026-02-02 12:25:29.268909+00:00
900ba4759df6c3b849eb6bfd162caea8,2026-02-02T12:25:27.945533,0.03109119467059374,2026-02-02T12:25:27.257430721Z,lightOnAction,2026-02-02 12:25:29.270422+00:00,2026-02-02 12:25:29.270493+00:00
900ba4759df6c3b849eb6bfd162caea8,2026-02-02T12:25:27.945533,0.03109119467059374,2026-02-02T12:25:27.257430721Z,lightOnInvocation,2026-02-02 12:25:27.268534+00:00,2026-02-02 12:25:27.268728+00:00
900ba4759df6c3b849eb6bfd162caea8,2026-02-02T12:25:27.945533,0.03109119467059374,2026-02-02T12:25:27.257430721Z,bellOnInvocation,2026-02-02 12:25:27.270688+00:00,2026-02-02 12:25:27.270861+00:00
900ba4759df6c3b849eb6bfd162caea8,2026-02-02T12:25:27.945533,0.03109119467059374,2026-02-02T12:25:27.257430721Z,gateDownAction,2026-02-02 12:25:29.270179+00:00,2026-02-02 12:25:29.270284+00:00
900ba4759df6c3b849eb6bfd162caea8,2026-02-02T12:25:27.945533,0.03109119467059374,2026-02-02T12:25:27.257430721Z,bellOnAction,2026-02-02 12:25:29.271501+00:00,2026-02-02 12:25:29.271569+00:00
900ba4759df6c3b849eb6bfd162caea8,2026-02-02T12:25:27.945533,0.03109119467059374,2026-02-02T12:25:27.257430721Z,gateDownInvocation,2026-02-02 12:25:27.266624+00:00,2026-02-02 12:25:27.266974+00:00
900ba4759df6c3b849eb6bfd162caea8,2026-02-02T12:25:27.945533,0.03109119467059374,2026-02-02T12:25:27.257430721Z,gateDownInvocation,2026-02-02 12:25:27.268070+00:00,2026-02-02 12:25:27.268314+00:00
900ba4759df6c3b849eb6bfd162caea8,2026-02-02T12:25:27.945533,0.03109119467059374,2026-02-02T12:25:27.257430721Z,lightOnAction,2026-02-02 12:25:29.269922+00:00,2026-02-02 12:25:29.270026+00:00
900ba4759df6c3b849eb6bfd162caea8,2026-02-02T12:25:27.945533,0.03109119467059374,2026-02-02T12:25:27.257430721Z,bellOnInvocation,2026-02-02 12:25:27.275631+00:00,2026-02-02 12:25:27.275763+00:00
900ba4759df6c3b849eb6bfd162caea8,2026-02-02T12:25:27.945533,0.03109119467059374,2026-02-02T12:25:27.257430721Z,bellOnAction,2026-02-02 12:25:29.277175+00:00,2026-02-02 12:25:29.277286+00:00
51385bfb4fbc154ce17c0dc828a93ff2,2026-02-02T12:25:15.023219,0.02893901490010023,2026-02-02T12:25:14.343009865Z,lightOnInvocation,2026-02-02 12:25:14.351793+00:00,2026-02-02 12:25:14.352009+00:00
51385bfb4fbc154ce17c0dc828a93ff2,2026-02-02T12:25:15.023219,0.02893901490010023,2026-02-02T12:25:14.343009865Z,bellOnAction,2026-02-02 12:25:16.357191+00:00,2026-02-02 12:25:16.357274+00:00
51385bfb4fbc154ce17c0dc828a93ff2,2026-02-02T12:25:15.023219,0.02893901490010023,2026-02-02T12:25:14.343009865Z,lightOnAction,2026-02-02 12:25:16.355881+00:00,2026-02-02 12:25:16.355950+00:00
51385bfb4fbc154ce17c0dc828a93ff2,2026-02-02T12:25:15.023219,0.02893901490010023,2026-02-02T12:25:14.343009865Z,lightOnAction,2026-02-02 12:25:16.352433+00:00,2026-02-02 12:25:16.352517+00:00
51385bfb4fbc154ce17c0dc828a93ff2,2026-02-02T12:25:15.023219,0.02893901490010023,2026-02-02T12:25:14.343009865Z,lightOnInvocation,2026-02-02 12:25:14.354464+00:00,2026-02-02 12:25:14.354646+00:00
51385bfb4fbc154ce17c0dc828a93ff2,2026-02-02T12:25:15.023219,0.02893901490010023,2026-02-02T12:25:14.343009865Z,gateDownAction,2026-02-02 12:25:16.354110+00:00,2026-02-02 12:25:16.354192+00:00
51385bfb4fbc154ce17c0dc828a93ff2,2026-02-02T12:25:15.023219,0.02893901490010023,2026-02-02T12:25:14.343009865Z,bellOnInvocation,2026-02-02 12:25:14.355676+00:00,2026-02-02 12:25:14.355818+00:00
51385bfb4fbc154ce17c0dc828a93ff2,2026-02-02T12:25:15.023219,0.02893901490010023,2026-02-02T12:25:14.343009865Z,gateDownInvocation,2026-02-02 12:25:14.352405+00:00,2026-02-02 12:25:14.352761+00:00
51385bfb4fbc154ce17c0dc828a93ff2,2026-02-02T12:25:15.023219,0.02893901490010023,2026-02-02T12:25:14.343009865Z,bellOnInvocation,2026-02-02 12:25:14.355153+00:00,2026-02-02 12:25:14.355356+00:00
51385bfb4fbc154ce17c0dc828a93ff2,2026-02-02T12:25:15.023219,0.02893901490010023,2026-02-02T12:25:14.343009865Z,gateDownInvocation,2026-02-02 12:25:14.351557+00:00,2026-02-02 12:25:14.352005+00:00
51385bfb4fbc154ce17c0dc828a93ff2,2026-02-02T12:25:15.023219,0.02893901490010023,2026-02-02T12:25:14.343009865Z,bellOnAction,2026-02-02 12:25:16.356662+00:00,2026-02-02 12:25:16.356730+00:00
51385bfb4fbc154ce17c0dc828a93ff2,2026-02-02T12:25:15.023219,0.02893901490010023,2026-02-02T12:25:14.343009865Z,gateDownAction,2026-02-02 12:25:16.353331+00:00,2026-02-02 12:25:16.353414+00:00
8bc0c7966afdc99d00f892ad71811685,2026-02-02T12:31:49.615065,0.09470218311651946,2026-02-02T12:31:48.961532883Z,lightOnAction,2026-02-02 12:31:50.971353+00:00,2026-02-02 12:31:50.971385+00:00
8bc0c7966afdc99d00f892ad71811685,2026-02-02T12:31:49.615065,0.09470218311651946,2026-02-02T12:31:48.961532883Z,gateDownInvocation,2026-02-02 12:31:48.968990+00:00,2026-02-02 12:31:48.969186+00:00
8bc0c7966afdc99d00f892ad71811685,2026-02-02T12:31:49.615065,0.09470218311651946,2026-02-02T12:31:48.961532883Z,lightOnInvocation,2026-02-02 12:31:48.970015+00:00,2026-02-02 12:31:48.970155+00:00
8bc0c7966afdc99d00f892ad71811685,2026-02-02T12:31:49.615065,0.09470218311651946,2026-02-02T12:31:48.961532883Z,gateDownAction,2026-02-02 12:31:50.971155+00:00,2026-02-02 12:31:50.971192+00:00
8bc0c7966afdc99d00f892ad71811685,2026-02-02T12:31:49.615065,0.09470218311651946,2026-02-02T12:31:48.961532883Z,bellOnInvocation,2026-02-02 12:31:48.969156+00:00,2026-02-02 12:31:48.969301+00:00
8bc0c7966afdc99d00f892ad71811685,2026-02-02T12:31:49.615065,0.09470218311651946,2026-02-02T12:31:48.961532883Z,lightOnInvocation,2026-02-02 12:31:48.970840+00:00,2026-02-02 12:31:48.970980+00:00
8bc0c7966afdc99d00f892ad71811685,2026-02-02T12:31:49.615065,0.09470218311651946,2026-02-02T12:31:48.961532883Z,gateDownAction,2026-02-02 12:31:50.970214+00:00,2026-02-02 12:31:50.970284+00:00
8bc0c7966afdc99d00f892ad71811685,2026-02-02T12:31:49.615065,0.09470218311651946,2026-02-02T12:31:48.961532883Z,bellOnAction,2026-02-02 12:31:50.970216+00:00,2026-02-02 12:31:50.970285+00:00
8bc0c7966afdc99d00f892ad71811685,2026-02-02T12:31:49.615065,0.09470218311651946,2026-02-02T12:31:48.961532883Z,bellOnAction,2026-02-02 12:31:50.971607+00:00,2026-02-02 12:31:50.971647+00:00
8bc0c7966afdc99d00f892ad71811685,2026-02-02T12:31:49.615065,0.09470218311651946,2026-02-02T12:31:48.961532883Z,lightOnAction,2026-02-02 12:31:50.971196+00:00,2026-02-02 12:31:50.971247+00:00
8bc0c7966afdc99d00f892ad71811685,2026-02-02T12:31:49.615065,0.09470218311651946,2026-02-02T12:31:48.961532883Z,gateDownInvocation,2026-02-02 12:31:48.969495+00:00,2026-02-02 12:31:48.969714+00:00
8bc0c7966afdc99d00f892ad71811685,2026-02-02T12:31:49.615065,0.09470218311651946,2026-02-02T12:31:48.961532883Z,bellOnInvocation,2026-02-02 12:31:48.970583+00:00,2026-02-02 12:31:48.970715+00:00
ea3c6291cc26f08616798a0959206b1f,2026-02-02T12:26:28.368380,0.04115956571143866,2026-02-02T12:26:27.673728612Z,lightOnInvocation,2026-02-02 12:26:27.686023+00:00,2026-02-02 12:26:27.686173+00:00
ea3c6291cc26f08616798a0959206b1f,2026-02-02T12:26:28.368380,0.04115956571143866,2026-02-02T12:26:27.673728612Z,gateDownAction,2026-02-02 12:26:29.684403+00:00,2026-02-02 12:26:29.684542+00:00
ea3c6291cc26f08616798a0959206b1f,2026-02-02T12:26:28.368380,0.04115956571143866,2026-02-02T12:26:27.673728612Z,bellOnInvocation,2026-02-02 12:26:27.684719+00:00,2026-02-02 12:26:27.684913+00:00
ea3c6291cc26f08616798a0959206b1f,2026-02-02T12:26:28.368380,0.04115956571143866,2026-02-02T12:26:27.673728612Z,gateDownAction,2026-02-02 12:26:29.684371+00:00,2026-02-02 12:26:29.684469+00:00
ea3c6291cc26f08616798a0959206b1f,2026-02-02T12:26:28.368380,0.04115956571143866,2026-02-02T12:26:27.673728612Z,lightOnAction,2026-02-02 12:26:29.684271+00:00,2026-02-02 12:26:29.684366+00:00
ea3c6291cc26f08616798a0959206b1f,2026-02-02T12:26:28.368380,0.04115956571143866,2026-02-02T12:26:27.673728612Z,gateDownInvocation,2026-02-02 12:26:27.683422+00:00,2026-02-02 12:26:27.683795+00:00
ea3c6291cc26f08616798a0959206b1f,2026-02-02T12:26:28.368380,0.04115956571143866,2026-02-02T12:26:27.673728612Z,bellOnInvocation,2026-02-02 12:26:27.685312+00:00,2026-02-02 12:26:27.685462+00:00
ea3c6291cc26f08616798a0959206b1f,2026-02-02T12:26:28.368380,0.04115956571143866,2026-02-02T12:26:27.673728612Z,lightOnInvocation,2026-02-02 12:26:27.682802+00:00,2026-02-02 12:26:27.683007+00:00
ea3c6291cc26f08616798a0959206b1f,2026-02-02T12:26:28.368380,0.04115956571143866,2026-02-02T12:26:27.673728612Z,bellOnAction,2026-02-02 12:26:29.687216+00:00,2026-02-02 12:26:29.687298+00:00
ea3c6291cc26f08616798a0959206b1f,2026-02-02T12:26:28.368380,0.04115956571143866,2026-02-02T12:26:27.673728612Z,bellOnAction,2026-02-02 12:26:29.686255+00:00,2026-02-02 12:26:29.686348+00:00
ea3c6291cc26f08616798a0959206b1f,2026-02-02T12:26:28.368380,0.04115956571143866,2026-02-02T12:26:27.673728612Z,gateDownInvocation,2026-02-02 12:26:27.682836+00:00,2026-02-02 12:26:27.683146+00:00
ea3c6291cc26f08616798a0959206b1f,2026-02-02T12:26:28.368380,0.04115956571143866,2026-02-02T12:26:27.673728612Z,lightOnAction,2026-02-02 12:26:29.688043+00:00,2026-02-02 12:26:29.688127+00:00
8f4a966d66906da2c2d0722239fb161c,2026-02-02T12:25:23.639237,0.030371892547369005,2026-02-02T12:25:22.941238127Z,lightOnAction,2026-02-02 12:25:24.951595+00:00,2026-02-02 12:25:24.951682+00:00
8f4a966d66906da2c2d0722239fb161c,2026-02-02T12:25:23.639237,0.030371892547369005,2026-02-02T12:25:22.941238127Z,bellOnAction,2026-02-02 12:25:24.956172+00:00,2026-02-02 12:25:24.956260+00:00
8f4a966d66906da2c2d0722239fb161c,2026-02-02T12:25:23.639237,0.030371892547369005,2026-02-02T12:25:22.941238127Z,gateDownAction,2026-02-02 12:25:24.952397+00:00,2026-02-02 12:25:24.952484+00:00
8f4a966d66906da2c2d0722239fb161c,2026-02-02T12:25:23.639237,0.030371892547369005,2026-02-02T12:25:22.941238127Z,lightOnInvocation,2026-02-02 12:25:22.949948+00:00,2026-02-02 12:25:22.950084+00:00
8f4a966d66906da2c2d0722239fb161c,2026-02-02T12:25:23.639237,0.030371892547369005,2026-02-02T12:25:22.941238127Z,lightOnInvocation,2026-02-02 12:25:22.949786+00:00,2026-02-02 12:25:22.949942+00:00
8f4a966d66906da2c2d0722239fb161c,2026-02-02T12:25:23.639237,0.030371892547369005,2026-02-02T12:25:22.941238127Z,bellOnInvocation,2026-02-02 12:25:22.953606+00:00,2026-02-02 12:25:22.953729+00:00
8f4a966d66906da2c2d0722239fb161c,2026-02-02T12:25:23.639237,0.030371892547369005,2026-02-02T12:25:22.941238127Z,gateDownInvocation,2026-02-02 12:25:22.951444+00:00,2026-02-02 12:25:22.951643+00:00
8f4a966d66906da2c2d0722239fb161c,2026-02-02T12:25:23.639237,0.030371892547369005,2026-02-02T12:25:22.941238127Z,gateDownInvocation,2026-02-02 12:25:22.950626+00:00,2026-02-02 12:25:22.950813+00:00
8f4a966d66906da2c2d0722239fb161c,2026-02-02T12:25:23.639237,0.030371892547369005,2026-02-02T12:25:22.941238127Z,gateDownAction,2026-02-02 12:25:24.953661+00:00,2026-02-02 12:25:24.953730+00:00
8f4a966d66906da2c2d0722239fb161c,2026-02-02T12:25:23.639237,0.030371892547369005,2026-02-02T12:25:22.941238127Z,bellOnAction,2026-02-02 12:25:24.954059+00:00,2026-02-02 12:25:24.954162+00:00
8f4a966d66906da2c2d0722239fb161c,2026-02-02T12:25:23.639237,0.030371892547369005,2026-02-02T12:25:22.941238127Z,bellOnInvocation,2026-02-02 12:25:22.951858+00:00,2026-02-02 12:25:22.951988+00:00
8f4a966d66906da2c2d0722239fb161c,2026-02-02T12:25:23.639237,0.030371892547369005,2026-02-02T12:25:22.941238127Z,lightOnAction,2026-02-02 12:25:24.952162+00:00,2026-02-02 12:25:24.952241+00:00
9f221f7561ac74439a7e0d1e5b48a94c,2026-02-02T12:26:49.968486,0.044925579674172406,2026-02-02T12:26:50.272159534Z,lightOffInvocation,2026-02-02 12:26:50.281376+00:00,2026-02-02 12:26:50.281420+00:00
9f221f7561ac74439a7e0d1e5b48a94c,2026-02-02T12:26:49.968486,0.044925579674172406,2026-02-02T12:26:50.272159534Z,bellOffInvocation,2026-02-02 12:26:50.283056+00:00,2026-02-02 12:26:50.283087+00:00
9f221f7561ac74439a7e0d1e5b48a94c,2026-02-02T12:26:49.968486,0.044925579674172406,2026-02-02T12:26:50.272159534Z,bellOffInvocation,2026-02-02 12:26:50.282337+00:00,2026-02-02 12:26:50.282379+00:00
9f221f7561ac74439a7e0d1e5b48a94c,2026-02-02T12:26:49.968486,0.044925579674172406,2026-02-02T12:26:50.272159534Z,lightOffInvocation,2026-02-02 12:26:50.285376+00:00,2026-02-02 12:26:50.285422+00:00
9f221f7561ac74439a7e0d1e5b48a94c,2026-02-02T12:26:49.968486,0.044925579674172406,2026-02-02T12:26:50.272159534Z,gateUpInvocation,2026-02-02 12:26:50.281384+00:00,2026-02-02 12:26:50.281426+00:00
9f221f7561ac74439a7e0d1e5b48a94c,2026-02-02T12:26:49.968486,0.044925579674172406,2026-02-02T12:26:50.272159534Z,gateUpInvocation,2026-02-02 12:26:50.284570+00:00,2026-02-02 12:26:50.284611+00:00
240092e5710725af140b0ae0eb5c8392,2026-02-02T12:30:31.376677,0.08182699308567047,2026-02-02T12:30:31.702615946Z,lightOffInvocation,2026-02-02 12:30:31.707244+00:00,2026-02-02 12:30:31.707347+00:00
240092e5710725af140b0ae0eb5c8392,2026-02-02T12:30:31.376677,0.08182699308567047,2026-02-02T12:30:31.702615946Z,gateUpInvocation,2026-02-02 12:30:31.707746+00:00,2026-02-02 12:30:31.707825+00:00
240092e5710725af140b0ae0eb5c8392,2026-02-02T12:30:31.376677,0.08182699308567047,2026-02-02T12:30:31.702615946Z,bellOffInvocation,2026-02-02 12:30:31.709756+00:00,2026-02-02 12:30:31.709821+00:00
240092e5710725af140b0ae0eb5c8392,2026-02-02T12:30:31.376677,0.08182699308567047,2026-02-02T12:30:31.702615946Z,bellOffInvocation,2026-02-02 12:30:31.708044+00:00,2026-02-02 12:30:31.708169+00:00
240092e5710725af140b0ae0eb5c8392,2026-02-02T12:30:31.376677,0.08182699308567047,2026-02-02T12:30:31.702615946Z,lightOffInvocation,2026-02-02 12:30:31.709145+00:00,2026-02-02 12:30:31.709249+00:00
240092e5710725af140b0ae0eb5c8392,2026-02-02T12:30:31.376677,0.08182699308567047,2026-02-02T12:30:31.702615946Z,gateUpInvocation,2026-02-02 12:30:31.707245+00:00,2026-02-02 12:30:31.707364+00:00
95c4ee8b92d51fe833fe04198fe9d5b8,2026-02-02T12:26:06.773130,0.037726663536059864,2026-02-02T12:26:07.074297269Z,lightOffInvocation,2026-02-02 12:26:07.083531+00:00,2026-02-02 12:26:07.083656+00:00
95c4ee8b92d51fe833fe04198fe9d5b8,2026-02-02T12:26:06.773130,0.037726663536059864,2026-02-02T12:26:07.074297269Z,bellOffInvocation,2026-02-02 12:26:07.087366+00:00,2026-02-02 12:26:07.087475+00:00
95c4ee8b92d51fe833fe04198fe9d5b8,2026-02-02T12:26:06.773130,0.037726663536059864,2026-02-02T12:26:07.074297269Z,gateUpInvocation,2026-02-02 12:26:07.085418+00:00,2026-02-02 12:26:07.085509+00:00
95c4ee8b92d51fe833fe04198fe9d5b8,2026-02-02T12:26:06.773130,0.037726663536059864,2026-02-02T12:26:07.074297269Z,bellOffInvocation,2026-02-02 12:26:07.085527+00:00,2026-02-02 12:26:07.085613+00:00
95c4ee8b92d51fe833fe04198fe9d5b8,2026-02-02T12:26:06.773130,0.037726663536059864,2026-02-02T12:26:07.074297269Z,lightOffInvocation,2026-02-02 12:26:07.083124+00:00,2026-02-02 12:26:07.083258+00:00
95c4ee8b92d51fe833fe04198fe9d5b8,2026-02-02T12:26:06.773130,0.037726663536059864,2026-02-02T12:26:07.074297269Z,gateUpInvocation,2026-02-02 12:26:07.083278+00:00,2026-02-02 12:26:07.083426+00:00
6283075c65cea252232706f09e9d4d3b,2026-02-02T12:22:35.657598,0.002377770263159275,2026-02-02T12:22:34.959542447Z,lightOnAction,2026-02-02 12:22:36.972533+00:00,2026-02-02 12:22:36.972620+00:00
6283075c65cea252232706f09e9d4d3b,2026-02-02T12:22:35.657598,0.002377770263159275,2026-02-02T12:22:34.959542447Z,bellOnInvocation,2026-02-02 12:22:34.976520+00:00,2026-02-02 12:22:34.976604+00:00
6283075c65cea252232706f09e9d4d3b,2026-02-02T12:22:35.657598,0.002377770263159275,2026-02-02T12:22:34.959542447Z,gateDownAction,2026-02-02 12:22:36.972966+00:00,2026-02-02 12:22:36.973078+00:00
6283075c65cea252232706f09e9d4d3b,2026-02-02T12:22:35.657598,0.002377770263159275,2026-02-02T12:22:34.959542447Z,gateDownAction,2026-02-02 12:22:36.974134+00:00,2026-02-02 12:22:36.974225+00:00
6283075c65cea252232706f09e9d4d3b,2026-02-02T12:22:35.657598,0.002377770263159275,2026-02-02T12:22:34.959542447Z,bellOnAction,2026-02-02 12:22:36.977378+00:00,2026-02-02 12:22:36.977469+00:00
6283075c65cea252232706f09e9d4d3b,2026-02-02T12:22:35.657598,0.002377770263159275,2026-02-02T12:22:34.959542447Z,lightOnAction,2026-02-02 12:22:36.970537+00:00,2026-02-02 12:22:36.970631+00:00
6283075c65cea252232706f09e9d4d3b,2026-02-02T12:22:35.657598,0.002377770263159275,2026-02-02T12:22:34.959542447Z,gateDownInvocation,2026-02-02 12:22:34.970663+00:00,2026-02-02 12:22:34.971849+00:00
6283075c65cea252232706f09e9d4d3b,2026-02-02T12:22:35.657598,0.002377770263159275,2026-02-02T12:22:34.959542447Z,lightOnInvocation,2026-02-02 12:22:34.971937+00:00,2026-02-02 12:22:34.972086+00:00
6283075c65cea252232706f09e9d4d3b,2026-02-02T12:22:35.657598,0.002377770263159275,2026-02-02T12:22:34.959542447Z,gateDownInvocation,2026-02-02 12:22:34.971717+00:00,2026-02-02 12:22:34.971931+00:00
6283075c65cea252232706f09e9d4d3b,2026-02-02T12:22:35.657598,0.002377770263159275,2026-02-02T12:22:34.959542447Z,bellOnAction,2026-02-02 12:22:36.977843+00:00,2026-02-02 12:22:36.977964+00:00
6283075c65cea252232706f09e9d4d3b,2026-02-02T12:22:35.657598,0.002377770263159275,2026-02-02T12:22:34.959542447Z,lightOnInvocation,2026-02-02 12:22:34.969034+00:00,2026-02-02 12:22:34.969178+00:00
6283075c65cea252232706f09e9d4d3b,2026-02-02T12:22:35.657598,0.002377770263159275,2026-02-02T12:22:34.959542447Z,bellOnInvocation,2026-02-02 12:22:34.976818+00:00,2026-02-02 12:22:34.976900+00:00
0d254b12d170f6cd1108c5c6b6514c56,2026-02-02T12:25:40.886393,0.03341387968131304,2026-02-02T12:25:41.194916762Z,lightOffInvocation,2026-02-02 12:25:41.203374+00:00,2026-02-02 12:25:41.203440+00:00
0d254b12d170f6cd1108c5c6b6514c56,2026-02-02T12:25:40.886393,0.03341387968131304,2026-02-02T12:25:41.194916762Z,bellOffInvocation,2026-02-02 12:25:41.205068+00:00,2026-02-02 12:25:41.205124+00:00
0d254b12d170f6cd1108c5c6b6514c56,2026-02-02T12:25:40.886393,0.03341387968131304,2026-02-02T12:25:41.194916762Z,lightOffInvocation,2026-02-02 12:25:41.204587+00:00,2026-02-02 12:25:41.204676+00:00
0d254b12d170f6cd1108c5c6b6514c56,2026-02-02T12:25:40.886393,0.03341387968131304,2026-02-02T12:25:41.194916762Z,gateUpInvocation,2026-02-02 12:25:41.203373+00:00,2026-02-02 12:25:41.203475+00:00
0d254b12d170f6cd1108c5c6b6514c56,2026-02-02T12:25:40.886393,0.03341387968131304,2026-02-02T12:25:41.194916762Z,bellOffInvocation,2026-02-02 12:25:41.204916+00:00,2026-02-02 12:25:41.205033+00:00
0d254b12d170f6cd1108c5c6b6514c56,2026-02-02T12:25:40.886393,0.03341387968131304,2026-02-02T12:25:41.194916762Z,gateUpInvocation,2026-02-02 12:25:41.203898+00:00,2026-02-02 12:25:41.204017+00:00
5cdd1577849bbba0ef6d48e603684971,2026-02-02T12:27:59.324189,0.05648458493072987,2026-02-02T12:27:59.63297813Z,bellOffInvocation,2026-02-02 12:27:59.643762+00:00,2026-02-02 12:27:59.644034+00:00
5cdd1577849bbba0ef6d48e603684971,2026-02-02T12:27:59.324189,0.05648458493072987,2026-02-02T12:27:59.63297813Z,lightOffInvocation,2026-02-02 12:27:59.643828+00:00,2026-02-02 12:27:59.644033+00:00
5cdd1577849bbba0ef6d48e603684971,2026-02-02T12:27:59.324189,0.05648458493072987,2026-02-02T12:27:59.63297813Z,bellOffInvocation,2026-02-02 12:27:59.642101+00:00,2026-02-02 12:27:59.642281+00:00
5cdd1577849bbba0ef6d48e603684971,2026-02-02T12:27:59.324189,0.05648458493072987,2026-02-02T12:27:59.63297813Z,gateUpInvocation,2026-02-02 12:27:59.642010+00:00,2026-02-02 12:27:59.642171+00:00
5cdd1577849bbba0ef6d48e603684971,2026-02-02T12:27:59.324189,0.05648458493072987,2026-02-02T12:27:59.63297813Z,lightOffInvocation,2026-02-02 12:27:59.640730+00:00,2026-02-02 12:27:59.640841+00:00
5cdd1577849bbba0ef6d48e603684971,2026-02-02T12:27:59.324189,0.05648458493072987,2026-02-02T12:27:59.63297813Z,gateUpInvocation,2026-02-02 12:27:59.640741+00:00,2026-02-02 12:27:59.640932+00:00
77f728d3ee7f9896e97c513e1112c81d,2026-02-02T12:24:53.466130,0.02534503496330977,2026-02-02T12:24:52.777022434Z,lightOnInvocation,2026-02-02 12:24:52.794214+00:00,2026-02-02 12:24:52.794367+00:00
77f728d3ee7f9896e97c513e1112c81d,2026-02-02T12:24:53.466130,0.02534503496330977,2026-02-02T12:24:52.777022434Z,bellOnAction,2026-02-02 12:24:54.796205+00:00,2026-02-02 12:24:54.796274+00:00
77f728d3ee7f9896e97c513e1112c81d,2026-02-02T12:24:53.466130,0.02534503496330977,2026-02-02T12:24:52.777022434Z,bellOnInvocation,2026-02-02 12:24:52.794545+00:00,2026-02-02 12:24:52.794689+00:00
77f728d3ee7f9896e97c513e1112c81d,2026-02-02T12:24:53.466130,0.02534503496330977,2026-02-02T12:24:52.777022434Z,bellOnAction,2026-02-02 12:24:54.795881+00:00,2026-02-02 12:24:54.796029+00:00
77f728d3ee7f9896e97c513e1112c81d,2026-02-02T12:24:53.466130,0.02534503496330977,2026-02-02T12:24:52.777022434Z,gateDownAction,2026-02-02 12:24:54.793640+00:00,2026-02-02 12:24:54.793727+00:00
77f728d3ee7f9896e97c513e1112c81d,2026-02-02T12:24:53.466130,0.02534503496330977,2026-02-02T12:24:52.777022434Z,lightOnAction,2026-02-02 12:24:54.793146+00:00,2026-02-02 12:24:54.793237+00:00
77f728d3ee7f9896e97c513e1112c81d,2026-02-02T12:24:53.466130,0.02534503496330977,2026-02-02T12:24:52.777022434Z,lightOnAction,2026-02-02 12:24:54.796125+00:00,2026-02-02 12:24:54.796212+00:00
77f728d3ee7f9896e97c513e1112c81d,2026-02-02T12:24:53.466130,0.02534503496330977,2026-02-02T12:24:52.777022434Z,gateDownAction,2026-02-02 12:24:54.797727+00:00,2026-02-02 12:24:54.797808+00:00
77f728d3ee7f9896e97c513e1112c81d,2026-02-02T12:24:53.466130,0.02534503496330977,2026-02-02T12:24:52.777022434Z,bellOnInvocation,2026-02-02 12:24:52.794564+00:00,2026-02-02 12:24:52.794688+00:00
77f728d3ee7f9896e97c513e1112c81d,2026-02-02T12:24:53.466130,0.02534503496330977,2026-02-02T12:24:52.777022434Z,gateDownInvocation,2026-02-02 12:24:52.796077+00:00,2026-02-02 12:24:52.796323+00:00
77f728d3ee7f9896e97c513e1112c81d,2026-02-02T12:24:53.466130,0.02534503496330977,2026-02-02T12:24:52.777022434Z,gateDownInvocation,2026-02-02 12:24:52.792774+00:00,2026-02-02 12:24:52.793016+00:00
77f728d3ee7f9896e97c513e1112c81d,2026-02-02T12:24:53.466130,0.02534503496330977,2026-02-02T12:24:52.777022434Z,lightOnInvocation,2026-02-02 12:24:52.791629+00:00,2026-02-02 12:24:52.791810+00:00
a8902eccecbe3be5e15f814030269902,2026-02-02T12:30:31.376677,0.08166086524960994,2026-02-02T12:30:30.705810749Z,bellOnAction,2026-02-02 12:30:32.716278+00:00,2026-02-02 12:30:32.716363+00:00
a8902eccecbe3be5e15f814030269902,2026-02-02T12:30:31.376677,0.08166086524960994,2026-02-02T12:30:30.705810749Z,gateDownInvocation,2026-02-02 12:30:30.716128+00:00,2026-02-02 12:30:30.716309+00:00
a8902eccecbe3be5e15f814030269902,2026-02-02T12:30:31.376677,0.08166086524960994,2026-02-02T12:30:30.705810749Z,gateDownInvocation,2026-02-02 12:30:30.713262+00:00,2026-02-02 12:30:30.713603+00:00
a8902eccecbe3be5e15f814030269902,2026-02-02T12:30:31.376677,0.08166086524960994,2026-02-02T12:30:30.705810749Z,lightOnInvocation,2026-02-02 12:30:30.713388+00:00,2026-02-02 12:30:30.713595+00:00
a8902eccecbe3be5e15f814030269902,2026-02-02T12:30:31.376677,0.08166086524960994,2026-02-02T12:30:30.705810749Z,bellOnInvocation,2026-02-02 12:30:30.714721+00:00,2026-02-02 12:30:30.714991+00:00
a8902eccecbe3be5e15f814030269902,2026-02-02T12:30:31.376677,0.08166086524960994,2026-02-02T12:30:30.705810749Z,gateDownAction,2026-02-02 12:30:32.717765+00:00,2026-02-02 12:30:32.717872+00:00
a8902eccecbe3be5e15f814030269902,2026-02-02T12:30:31.376677,0.08166086524960994,2026-02-02T12:30:30.705810749Z,gateDownAction,2026-02-02 12:30:32.715251+00:00,2026-02-02 12:30:32.715337+00:00
a8902eccecbe3be5e15f814030269902,2026-02-02T12:30:31.376677,0.08166086524960994,2026-02-02T12:30:30.705810749Z,lightOnAction,2026-02-02 12:30:32.716227+00:00,2026-02-02 12:30:32.716312+00:00
a8902eccecbe3be5e15f814030269902,2026-02-02T12:30:31.376677,0.08166086524960994,2026-02-02T12:30:30.705810749Z,bellOnAction,2026-02-02 12:30:32.717834+00:00,2026-02-02 12:30:32.717908+00:00
a8902eccecbe3be5e15f814030269902,2026-02-02T12:30:31.376677,0.08166086524960994,2026-02-02T12:30:30.705810749Z,lightOnInvocation,2026-02-02 12:30:30.714341+00:00,2026-02-02 12:30:30.714528+00:00
a8902eccecbe3be5e15f814030269902,2026-02-02T12:30:31.376677,0.08166086524960994,2026-02-02T12:30:30.705810749Z,lightOnAction,2026-02-02 12:30:32.714282+00:00,2026-02-02 12:30:32.714313+00:00
a8902eccecbe3be5e15f814030269902,2026-02-02T12:30:31.376677,0.08166086524960994,2026-02-02T12:30:30.705810749Z,bellOnInvocation,2026-02-02 12:30:30.716717+00:00,2026-02-02 12:30:30.716915+00:00
88bf34afb00b3459273acdebc19c0c5b,2026-02-02T12:24:40.526031,0.023354667130553723,2026-02-02T12:24:40.83358934Z,lightOffInvocation,2026-02-02 12:24:40.847263+00:00,2026-02-02 12:24:40.847373+00:00
88bf34afb00b3459273acdebc19c0c5b,2026-02-02T12:24:40.526031,0.023354667130553723,2026-02-02T12:24:40.83358934Z,bellOffInvocation,2026-02-02 12:24:40.851264+00:00,2026-02-02 12:24:40.851405+00:00
88bf34afb00b3459273acdebc19c0c5b,2026-02-02T12:24:40.526031,0.023354667130553723,2026-02-02T12:24:40.83358934Z,bellOffInvocation,2026-02-02 12:24:40.849664+00:00,2026-02-02 12:24:40.849961+00:00
88bf34afb00b3459273acdebc19c0c5b,2026-02-02T12:24:40.526031,0.023354667130553723,2026-02-02T12:24:40.83358934Z,gateUpInvocation,2026-02-02 12:24:40.849118+00:00,2026-02-02 12:24:40.849219+00:00
88bf34afb00b3459273acdebc19c0c5b,2026-02-02T12:24:40.526031,0.023354667130553723,2026-02-02T12:24:40.83358934Z,gateUpInvocation,2026-02-02 12:24:40.846026+00:00,2026-02-02 12:24:40.846164+00:00
88bf34afb00b3459273acdebc19c0c5b,2026-02-02T12:24:40.526031,0.023354667130553723,2026-02-02T12:24:40.83358934Z,lightOffInvocation,2026-02-02 12:24:40.845629+00:00,2026-02-02 12:24:40.845775+00:00
85419940861cad43679520411804e70b,2026-02-02T12:29:56.583435,0.07585937630909682,2026-02-02T12:29:55.893227763Z,lightOnAction,2026-02-02 12:29:57.896422+00:00,2026-02-02 12:29:57.896529+00:00
85419940861cad43679520411804e70b,2026-02-02T12:29:56.583435,0.07585937630909682,2026-02-02T12:29:55.893227763Z,gateDownAction,2026-02-02 12:29:57.896388+00:00,2026-02-02 12:29:57.896481+00:00
85419940861cad43679520411804e70b,2026-02-02T12:29:56.583435,0.07585937630909682,2026-02-02T12:29:55.893227763Z,bellOnInvocation,2026-02-02 12:29:55.897066+00:00,2026-02-02 12:29:55.897109+00:00
85419940861cad43679520411804e70b,2026-02-02T12:29:56.583435,0.07585937630909682,2026-02-02T12:29:55.893227763Z,bellOnInvocation,2026-02-02 12:29:55.896326+00:00,2026-02-02 12:29:55.896409+00:00
85419940861cad43679520411804e70b,2026-02-02T12:29:56.583435,0.07585937630909682,2026-02-02T12:29:55.893227763Z,gateDownAction,2026-02-02 12:29:57.898208+00:00,2026-02-02 12:29:57.898294+00:00
85419940861cad43679520411804e70b,2026-02-02T12:29:56.583435,0.07585937630909682,2026-02-02T12:29:55.893227763Z,gateDownInvocation,2026-02-02 12:29:55.896886+00:00,2026-02-02 12:29:55.896949+00:00
85419940861cad43679520411804e70b,2026-02-02T12:29:56.583435,0.07585937630909682,2026-02-02T12:29:55.893227763Z,lightOnAction,2026-02-02 12:29:57.896773+00:00,2026-02-02 12:29:57.896942+00:00
85419940861cad43679520411804e70b,2026-02-02T12:29:56.583435,0.07585937630909682,2026-02-02T12:29:55.893227763Z,bellOnAction,2026-02-02 12:29:57.896544+00:00,2026-02-02 12:29:57.896646+00:00
85419940861cad43679520411804e70b,2026-02-02T12:29:56.583435,0.07585937630909682,2026-02-02T12:29:55.893227763Z,gateDownInvocation,2026-02-02 12:29:55.896018+00:00,2026-02-02 12:29:55.896140+00:00
85419940861cad43679520411804e70b,2026-02-02T12:29:56.583435,0.07585937630909682,2026-02-02T12:29:55.893227763Z,bellOnAction,2026-02-02 12:29:57.898216+00:00,2026-02-02 12:29:57.898294+00:00
85419940861cad43679520411804e70b,2026-02-02T12:29:56.583435,0.07585937630909682,2026-02-02T12:29:55.893227763Z,lightOnInvocation,2026-02-02 12:29:55.896053+00:00,2026-02-02 12:29:55.896136+00:00
85419940861cad43679520411804e70b,2026-02-02T12:29:56.583435,0.07585937630909682,2026-02-02T12:29:55.893227763Z,lightOnInvocation,2026-02-02 12:29:55.896307+00:00,2026-02-02 12:29:55.896381+00:00
5425a121a366b37407308c612a15e6a9,2026-02-02T12:25:06.402930,0.02766744295934439,2026-02-02T12:25:06.712823864Z,bellOffInvocation,2026-02-02 12:25:06.726147+00:00,2026-02-02 12:25:06.726289+00:00
5425a121a366b37407308c612a15e6a9,2026-02-02T12:25:06.402930,0.02766744295934439,2026-02-02T12:25:06.712823864Z,lightOffInvocation,2026-02-02 12:25:06.722727+00:00,2026-02-02 12:25:06.722878+00:00
5425a121a366b37407308c612a15e6a9,2026-02-02T12:25:06.402930,0.02766744295934439,2026-02-02T12:25:06.712823864Z,bellOffInvocation,2026-02-02 12:25:06.728650+00:00,2026-02-02 12:25:06.728754+00:00
5425a121a366b37407308c612a15e6a9,2026-02-02T12:25:06.402930,0.02766744295934439,2026-02-02T12:25:06.712823864Z,lightOffInvocation,2026-02-02 12:25:06.722000+00:00,2026-02-02 12:25:06.722159+00:00
5425a121a366b37407308c612a15e6a9,2026-02-02T12:25:06.402930,0.02766744295934439,2026-02-02T12:25:06.712823864Z,gateUpInvocation,2026-02-02 12:25:06.723837+00:00,2026-02-02 12:25:06.724026+00:00
5425a121a366b37407308c612a15e6a9,2026-02-02T12:25:06.402930,0.02766744295934439,2026-02-02T12:25:06.712823864Z,gateUpInvocation,2026-02-02 12:25:06.725517+00:00,2026-02-02 12:25:06.725664+00:00
e1d1b326832bbdaff9d58796b762c74b,2026-02-02T12:29:52.208961,0.07514042065289021,2026-02-02T12:29:51.57925064Z,lightOnAction,2026-02-02 12:29:53.591096+00:00,2026-02-02 12:29:53.591184+00:00
e1d1b326832bbdaff9d58796b762c74b,2026-02-02T12:29:52.208961,0.07514042065289021,2026-02-02T12:29:51.57925064Z,bellOnAction,2026-02-02 12:29:53.590804+00:00,2026-02-02 12:29:53.590879+00:00
e1d1b326832bbdaff9d58796b762c74b,2026-02-02T12:29:52.208961,0.07514042065289021,2026-02-02T12:29:51.57925064Z,lightOnInvocation,2026-02-02 12:29:51.589423+00:00,2026-02-02 12:29:51.589626+00:00
e1d1b326832bbdaff9d58796b762c74b,2026-02-02T12:29:52.208961,0.07514042065289021,2026-02-02T12:29:51.57925064Z,lightOnInvocation,2026-02-02 12:29:51.586541+00:00,2026-02-02 12:29:51.586775+00:00
e1d1b326832bbdaff9d58796b762c74b,2026-02-02T12:29:52.208961,0.07514042065289021,2026-02-02T12:29:51.57925064Z,gateDownInvocation,2026-02-02 12:29:51.585914+00:00,2026-02-02 12:29:51.586265+00:00
e1d1b326832bbdaff9d58796b762c74b,2026-02-02T12:29:52.208961,0.07514042065289021,2026-02-02T12:29:51.57925064Z,bellOnInvocation,2026-02-02 12:29:51.589754+00:00,2026-02-02 12:29:51.589980+00:00
e1d1b326832bbdaff9d58796b762c74b,2026-02-02T12:29:52.208961,0.07514042065289021,2026-02-02T12:29:51.57925064Z,gateDownAction,2026-02-02 12:29:53.592672+00:00,2026-02-02 12:29:53.592752+00:00
e1d1b326832bbdaff9d58796b762c74b,2026-02-02T12:29:52.208961,0.07514042065289021,2026-02-02T12:29:51.57925064Z,bellOnInvocation,2026-02-02 12:29:51.587431+00:00,2026-02-02 12:29:51.587619+00:00
e1d1b326832bbdaff9d58796b762c74b,2026-02-02T12:29:52.208961,0.07514042065289021,2026-02-02T12:29:51.57925064Z,gateDownInvocation,2026-02-02 12:29:51.591311+00:00,2026-02-02 12:29:51.591504+00:00
e1d1b326832bbdaff9d58796b762c74b,2026-02-02T12:29:52.208961,0.07514042065289021,2026-02-02T12:29:51.57925064Z,lightOnAction,2026-02-02 12:29:53.588203+00:00,2026-02-02 12:29:53.588287+00:00
e1d1b326832bbdaff9d58796b762c74b,2026-02-02T12:29:52.208961,0.07514042065289021,2026-02-02T12:29:51.57925064Z,bellOnAction,2026-02-02 12:29:53.589167+00:00,2026-02-02 12:29:53.589262+00:00
e1d1b326832bbdaff9d58796b762c74b,2026-02-02T12:29:52.208961,0.07514042065289021,2026-02-02T12:29:51.57925064Z,gateDownAction,2026-02-02 12:29:53.587694+00:00,2026-02-02 12:29:53.587798+00:00
2f266995cf6753f243c7fc9d537609da,2026-02-02T12:31:01.672301,0.0867107007885456,2026-02-02T12:31:01.00783187Z,lightOnAction,2026-02-02 12:31:03.018915+00:00,2026-02-02 12:31:03.019012+00:00
2f266995cf6753f243c7fc9d537609da,2026-02-02T12:31:01.672301,0.0867107007885456,2026-02-02T12:31:01.00783187Z,lightOnInvocation,2026-02-02 12:31:01.017693+00:00,2026-02-02 12:31:01.017911+00:00
2f266995cf6753f243c7fc9d537609da,2026-02-02T12:31:01.672301,0.0867107007885456,2026-02-02T12:31:01.00783187Z,bellOnInvocation,2026-02-02 12:31:01.019674+00:00,2026-02-02 12:31:01.019843+00:00
2f266995cf6753f243c7fc9d537609da,2026-02-02T12:31:01.672301,0.0867107007885456,2026-02-02T12:31:01.00783187Z,gateDownAction,2026-02-02 12:31:03.017842+00:00,2026-02-02 12:31:03.018002+00:00
2f266995cf6753f243c7fc9d537609da,2026-02-02T12:31:01.672301,0.0867107007885456,2026-02-02T12:31:01.00783187Z,bellOnAction,2026-02-02 12:31:03.020606+00:00,2026-02-02 12:31:03.020690+00:00
2f266995cf6753f243c7fc9d537609da,2026-02-02T12:31:01.672301,0.0867107007885456,2026-02-02T12:31:01.00783187Z,gateDownInvocation,2026-02-02 12:31:01.014144+00:00,2026-02-02 12:31:01.014508+00:00
2f266995cf6753f243c7fc9d537609da,2026-02-02T12:31:01.672301,0.0867107007885456,2026-02-02T12:31:01.00783187Z,gateDownAction,2026-02-02 12:31:03.016394+00:00,2026-02-02 12:31:03.016477+00:00
2f266995cf6753f243c7fc9d537609da,2026-02-02T12:31:01.672301,0.0867107007885456,2026-02-02T12:31:01.00783187Z,bellOnAction,2026-02-02 12:31:03.019099+00:00,2026-02-02 12:31:03.019181+00:00
2f266995cf6753f243c7fc9d537609da,2026-02-02T12:31:01.672301,0.0867107007885456,2026-02-02T12:31:01.00783187Z,lightOnInvocation,2026-02-02 12:31:01.014147+00:00,2026-02-02 12:31:01.014341+00:00
2f266995cf6753f243c7fc9d537609da,2026-02-02T12:31:01.672301,0.0867107007885456,2026-02-02T12:31:01.00783187Z,gateDownInvocation,2026-02-02 12:31:01.014928+00:00,2026-02-02 12:31:01.015257+00:00
2f266995cf6753f243c7fc9d537609da,2026-02-02T12:31:01.672301,0.0867107007885456,2026-02-02T12:31:01.00783187Z,lightOnAction,2026-02-02 12:31:03.015896+00:00,2026-02-02 12:31:03.016020+00:00
2f266995cf6753f243c7fc9d537609da,2026-02-02T12:31:01.672301,0.0867107007885456,2026-02-02T12:31:01.00783187Z,bellOnInvocation,2026-02-02 12:31:01.017715+00:00,2026-02-02 12:31:01.017904+00:00
b52be78894728a03557ff7cf100f7c7b,2026-02-02T12:23:35.918309,0.0124201941426754,2026-02-02T12:23:35.220101961Z,lightOnAction,2026-02-02 12:23:37.229858+00:00,2026-02-02 12:23:37.229988+00:00
b52be78894728a03557ff7cf100f7c7b,2026-02-02T12:23:35.918309,0.0124201941426754,2026-02-02T12:23:35.220101961Z,lightOnInvocation,2026-02-02 12:23:35.224865+00:00,2026-02-02 12:23:35.224927+00:00
b52be78894728a03557ff7cf100f7c7b,2026-02-02T12:23:35.918309,0.0124201941426754,2026-02-02T12:23:35.220101961Z,bellOnAction,2026-02-02 12:23:37.232587+00:00,2026-02-02 12:23:37.232675+00:00
b52be78894728a03557ff7cf100f7c7b,2026-02-02T12:23:35.918309,0.0124201941426754,2026-02-02T12:23:35.220101961Z,gateDownInvocation,2026-02-02 12:23:35.223616+00:00,2026-02-02 12:23:35.224953+00:00
b52be78894728a03557ff7cf100f7c7b,2026-02-02T12:23:35.918309,0.0124201941426754,2026-02-02T12:23:35.220101961Z,gateDownAction,2026-02-02 12:23:37.227043+00:00,2026-02-02 12:23:37.227178+00:00
b52be78894728a03557ff7cf100f7c7b,2026-02-02T12:23:35.918309,0.0124201941426754,2026-02-02T12:23:35.220101961Z,bellOnInvocation,2026-02-02 12:23:35.232055+00:00,2026-02-02 12:23:35.232141+00:00
b52be78894728a03557ff7cf100f7c7b,2026-02-02T12:23:35.918309,0.0124201941426754,2026-02-02T12:23:35.220101961Z,bellOnAction,2026-02-02 12:23:37.231750+00:00,2026-02-02 12:23:37.231870+00:00
b52be78894728a03557ff7cf100f7c7b,2026-02-02T12:23:35.918309,0.0124201941426754,2026-02-02T12:23:35.220101961Z,gateDownInvocation,2026-02-02 12:23:35.227556+00:00,2026-02-02 12:23:35.227665+00:00
b52be78894728a03557ff7cf100f7c7b,2026-02-02T12:23:35.918309,0.0124201941426754,2026-02-02T12:23:35.220101961Z,gateDownAction,2026-02-02 12:23:37.228580+00:00,2026-02-02 12:23:37.228662+00:00
b52be78894728a03557ff7cf100f7c7b,2026-02-02T12:23:35.918309,0.0124201941426754,2026-02-02T12:23:35.220101961Z,lightOnAction,2026-02-02 12:23:37.226000+00:00,2026-02-02 12:23:37.226088+00:00
b52be78894728a03557ff7cf100f7c7b,2026-02-02T12:23:35.918309,0.0124201941426754,2026-02-02T12:23:35.220101961Z,bellOnInvocation,2026-02-02 12:23:35.231129+00:00,2026-02-02 12:23:35.231189+00:00
b52be78894728a03557ff7cf100f7c7b,2026-02-02T12:23:35.918309,0.0124201941426754,2026-02-02T12:23:35.220101961Z,lightOnInvocation,2026-02-02 12:23:35.225559+00:00,2026-02-02 12:23:35.225601+00:00
9cdafd3a146d94a597ef48370f9ab8e2,2026-02-02T12:24:14.670990,0.018881235300374034,2026-02-02T12:24:13.99033719Z,gateDownAction,2026-02-02 12:24:16.000390+00:00,2026-02-02 12:24:16.000431+00:00
9cdafd3a146d94a597ef48370f9ab8e2,2026-02-02T12:24:14.670990,0.018881235300374034,2026-02-02T12:24:13.99033719Z,bellOnAction,2026-02-02 12:24:16.002740+00:00,2026-02-02 12:24:16.002812+00:00
9cdafd3a146d94a597ef48370f9ab8e2,2026-02-02T12:24:14.670990,0.018881235300374034,2026-02-02T12:24:13.99033719Z,lightOnAction,2026-02-02 12:24:15.999468+00:00,2026-02-02 12:24:15.999497+00:00
9cdafd3a146d94a597ef48370f9ab8e2,2026-02-02T12:24:14.670990,0.018881235300374034,2026-02-02T12:24:13.99033719Z,bellOnInvocation,2026-02-02 12:24:14.002478+00:00,2026-02-02 12:24:14.002591+00:00
9cdafd3a146d94a597ef48370f9ab8e2,2026-02-02T12:24:14.670990,0.018881235300374034,2026-02-02T12:24:13.99033719Z,lightOnAction,2026-02-02 12:24:16.004570+00:00,2026-02-02 12:24:16.004670+00:00
9cdafd3a146d94a597ef48370f9ab8e2,2026-02-02T12:24:14.670990,0.018881235300374034,2026-02-02T12:24:13.99033719Z,lightOnInvocation,2026-02-02 12:24:13.999150+00:00,2026-02-02 12:24:13.999295+00:00
9cdafd3a146d94a597ef48370f9ab8e2,2026-02-02T12:24:14.670990,0.018881235300374034,2026-02-02T12:24:13.99033719Z,bellOnInvocation,2026-02-02 12:24:14.001554+00:00,2026-02-02 12:24:14.001684+00:00
9cdafd3a146d94a597ef48370f9ab8e2,2026-02-02T12:24:14.670990,0.018881235300374034,2026-02-02T12:24:13.99033719Z,lightOnInvocation,2026-02-02 12:24:14.004018+00:00,2026-02-02 12:24:14.004127+00:00
9cdafd3a146d94a597ef48370f9ab8e2,2026-02-02T12:24:14.670990,0.018881235300374034,2026-02-02T12:24:13.99033719Z,bellOnAction,2026-02-02 12:24:16.004016+00:00,2026-02-02 12:24:16.004128+00:00
9cdafd3a146d94a597ef48370f9ab8e2,2026-02-02T12:24:14.670990,0.018881235300374034,2026-02-02T12:24:13.99033719Z,gateDownInvocation,2026-02-02 12:24:13.999936+00:00,2026-02-02 12:24:14.000109+00:00
9cdafd3a146d94a597ef48370f9ab8e2,2026-02-02T12:24:14.670990,0.018881235300374034,2026-02-02T12:24:13.99033719Z,gateDownAction,2026-02-02 12:24:16.004016+00:00,2026-02-02 12:24:16.004128+00:00
9cdafd3a146d94a597ef48370f9ab8e2,2026-02-02T12:24:14.670990,0.018881235300374034,2026-02-02T12:24:13.99033719Z,gateDownInvocation,2026-02-02 12:24:13.999847+00:00,2026-02-02 12:24:14.000067+00:00
ec3f41ae433f0ae3b81f9267cd52f1fb,2026-02-02T12:25:23.639237,0.030542289317989354,2026-02-02T12:25:23.96367083Z,gateUpInvocation,2026-02-02 12:25:23.974481+00:00,2026-02-02 12:25:23.974616+00:00
ec3f41ae433f0ae3b81f9267cd52f1fb,2026-02-02T12:25:23.639237,0.030542289317989354,2026-02-02T12:25:23.96367083Z,bellOffInvocation,2026-02-02 12:25:23.981676+00:00,2026-02-02 12:25:23.982019+00:00
ec3f41ae433f0ae3b81f9267cd52f1fb,2026-02-02T12:25:23.639237,0.030542289317989354,2026-02-02T12:25:23.96367083Z,lightOffInvocation,2026-02-02 12:25:23.979356+00:00,2026-02-02 12:25:23.979480+00:00
ec3f41ae433f0ae3b81f9267cd52f1fb,2026-02-02T12:25:23.639237,0.030542289317989354,2026-02-02T12:25:23.96367083Z,gateUpInvocation,2026-02-02 12:25:23.983444+00:00,2026-02-02 12:25:23.983578+00:00
ec3f41ae433f0ae3b81f9267cd52f1fb,2026-02-02T12:25:23.639237,0.030542289317989354,2026-02-02T12:25:23.96367083Z,lightOffInvocation,2026-02-02 12:25:23.976669+00:00,2026-02-02 12:25:23.976788+00:00
ec3f41ae433f0ae3b81f9267cd52f1fb,2026-02-02T12:25:23.639237,0.030542289317989354,2026-02-02T12:25:23.96367083Z,bellOffInvocation,2026-02-02 12:25:23.980610+00:00,2026-02-02 12:25:23.980762+00:00
f70615175dba5ad254236d1f5839f01f,2026-02-02T12:29:13.181448,0.06879316641578674,2026-02-02T12:29:13.491870213Z,bellOffInvocation,2026-02-02 12:29:13.497879+00:00,2026-02-02 12:29:13.497949+00:00
f70615175dba5ad254236d1f5839f01f,2026-02-02T12:29:13.181448,0.06879316641578674,2026-02-02T12:29:13.491870213Z,bellOffInvocation,2026-02-02 12:29:13.499153+00:00,2026-02-02 12:29:13.499216+00:00
f70615175dba5ad254236d1f5839f01f,2026-02-02T12:29:13.181448,0.06879316641578674,2026-02-02T12:29:13.491870213Z,lightOffInvocation,2026-02-02 12:29:13.499507+00:00,2026-02-02 12:29:13.499580+00:00
f70615175dba5ad254236d1f5839f01f,2026-02-02T12:29:13.181448,0.06879316641578674,2026-02-02T12:29:13.491870213Z,gateUpInvocation,2026-02-02 12:29:13.497870+00:00,2026-02-02 12:29:13.497942+00:00
f70615175dba5ad254236d1f5839f01f,2026-02-02T12:29:13.181448,0.06879316641578674,2026-02-02T12:29:13.491870213Z,gateUpInvocation,2026-02-02 12:29:13.500380+00:00,2026-02-02 12:29:13.500440+00:00
f70615175dba5ad254236d1f5839f01f,2026-02-02T12:29:13.181448,0.06879316641578674,2026-02-02T12:29:13.491870213Z,lightOffInvocation,2026-02-02 12:29:13.498938+00:00,2026-02-02 12:29:13.499004+00:00
ad1308ca2bdf0959c96993d8a944e5cb,2026-02-02T12:22:22.751513,0.0002267805989265442,2026-02-02T12:22:22.052320744Z,bellOnInvocation,2026-02-02 12:22:22.371713+00:00,2026-02-02 12:22:22.371794+00:00
ad1308ca2bdf0959c96993d8a944e5cb,2026-02-02T12:22:22.751513,0.0002267805989265442,2026-02-02T12:22:22.052320744Z,gateDownInvocation,2026-02-02 12:22:22.366515+00:00,2026-02-02 12:22:22.366610+00:00
ad1308ca2bdf0959c96993d8a944e5cb,2026-02-02T12:22:22.751513,0.0002267805989265442,2026-02-02T12:22:22.052320744Z,bellOnInvocation,2026-02-02 12:22:22.421404+00:00,2026-02-02 12:22:22.421543+00:00
ad1308ca2bdf0959c96993d8a944e5cb,2026-02-02T12:22:22.751513,0.0002267805989265442,2026-02-02T12:22:22.052320744Z,gateDownInvocation,2026-02-02 12:22:22.301351+00:00,2026-02-02 12:22:22.301491+00:00
ad1308ca2bdf0959c96993d8a944e5cb,2026-02-02T12:22:22.751513,0.0002267805989265442,2026-02-02T12:22:22.052320744Z,lightOnAction,2026-02-02 12:22:24.307873+00:00,2026-02-02 12:22:24.307971+00:00
ad1308ca2bdf0959c96993d8a944e5cb,2026-02-02T12:22:22.751513,0.0002267805989265442,2026-02-02T12:22:22.052320744Z,lightOnInvocation,2026-02-02 12:22:22.305626+00:00,2026-02-02 12:22:22.305781+00:00
ad1308ca2bdf0959c96993d8a944e5cb,2026-02-02T12:22:22.751513,0.0002267805989265442,2026-02-02T12:22:22.052320744Z,bellOnAction,2026-02-02 12:22:24.372862+00:00,2026-02-02 12:22:24.372993+00:00
ad1308ca2bdf0959c96993d8a944e5cb,2026-02-02T12:22:22.751513,0.0002267805989265442,2026-02-02T12:22:22.052320744Z,gateDownAction,2026-02-02 12:22:24.302507+00:00,2026-02-02 12:22:24.302591+00:00
ad1308ca2bdf0959c96993d8a944e5cb,2026-02-02T12:22:22.751513,0.0002267805989265442,2026-02-02T12:22:22.052320744Z,lightOnInvocation,2026-02-02 12:22:22.371734+00:00,2026-02-02 12:22:22.371835+00:00
ad1308ca2bdf0959c96993d8a944e5cb,2026-02-02T12:22:22.751513,0.0002267805989265442,2026-02-02T12:22:22.052320744Z,bellOnAction,2026-02-02 12:22:24.421686+00:00,2026-02-02 12:22:24.421844+00:00
ad1308ca2bdf0959c96993d8a944e5cb,2026-02-02T12:22:22.751513,0.0002267805989265442,2026-02-02T12:22:22.052320744Z,lightOnAction,2026-02-02 12:22:24.373152+00:00,2026-02-02 12:22:24.373254+00:00
ad1308ca2bdf0959c96993d8a944e5cb,2026-02-02T12:22:22.751513,0.0002267805989265442,2026-02-02T12:22:22.052320744Z,gateDownAction,2026-02-02 12:22:24.366722+00:00,2026-02-02 12:22:24.366842+00:00
b0069c485268f69bfc9258f5558c6214,2026-02-02T12:25:53.833188,0.0355753676935196,2026-02-02T12:25:54.165002514Z,lightOffInvocation,2026-02-02 12:25:54.169107+00:00,2026-02-02 12:25:54.169167+00:00
b0069c485268f69bfc9258f5558c6214,2026-02-02T12:25:53.833188,0.0355753676935196,2026-02-02T12:25:54.165002514Z,lightOffInvocation,2026-02-02 12:25:54.172674+00:00,2026-02-02 12:25:54.172694+00:00
b0069c485268f69bfc9258f5558c6214,2026-02-02T12:25:53.833188,0.0355753676935196,2026-02-02T12:25:54.165002514Z,bellOffInvocation,2026-02-02 12:25:54.171948+00:00,2026-02-02 12:25:54.172023+00:00
b0069c485268f69bfc9258f5558c6214,2026-02-02T12:25:53.833188,0.0355753676935196,2026-02-02T12:25:54.165002514Z,bellOffInvocation,2026-02-02 12:25:54.170937+00:00,2026-02-02 12:25:54.171026+00:00
b0069c485268f69bfc9258f5558c6214,2026-02-02T12:25:53.833188,0.0355753676935196,2026-02-02T12:25:54.165002514Z,gateUpInvocation,2026-02-02 12:25:54.169111+00:00,2026-02-02 12:25:54.169145+00:00
b0069c485268f69bfc9258f5558c6214,2026-02-02T12:25:53.833188,0.0355753676935196,2026-02-02T12:25:54.165002514Z,gateUpInvocation,2026-02-02 12:25:54.172158+00:00,2026-02-02 12:25:54.172195+00:00
228156173cb3b1fe9458eaecec8d788b,2026-02-02T12:24:36.214701,0.022471056321775915,2026-02-02T12:24:35.531554719Z,lightOnAction,2026-02-02 12:24:37.545652+00:00,2026-02-02 12:24:37.545713+00:00
228156173cb3b1fe9458eaecec8d788b,2026-02-02T12:24:36.214701,0.022471056321775915,2026-02-02T12:24:35.531554719Z,lightOnInvocation,2026-02-02 12:24:35.541895+00:00,2026-02-02 12:24:35.541965+00:00
228156173cb3b1fe9458eaecec8d788b,2026-02-02T12:24:36.214701,0.022471056321775915,2026-02-02T12:24:35.531554719Z,bellOnInvocation,2026-02-02 12:24:35.545587+00:00,2026-02-02 12:24:35.545640+00:00
228156173cb3b1fe9458eaecec8d788b,2026-02-02T12:24:36.214701,0.022471056321775915,2026-02-02T12:24:35.531554719Z,bellOnAction,2026-02-02 12:24:37.545777+00:00,2026-02-02 12:24:37.545837+00:00
228156173cb3b1fe9458eaecec8d788b,2026-02-02T12:24:36.214701,0.022471056321775915,2026-02-02T12:24:35.531554719Z,lightOnAction,2026-02-02 12:24:37.542760+00:00,2026-02-02 12:24:37.542843+00:00
228156173cb3b1fe9458eaecec8d788b,2026-02-02T12:24:36.214701,0.022471056321775915,2026-02-02T12:24:35.531554719Z,bellOnAction,2026-02-02 12:24:37.546101+00:00,2026-02-02 12:24:37.546150+00:00
228156173cb3b1fe9458eaecec8d788b,2026-02-02T12:24:36.214701,0.022471056321775915,2026-02-02T12:24:35.531554719Z,gateDownAction,2026-02-02 12:24:37.548100+00:00,2026-02-02 12:24:37.548154+00:00
228156173cb3b1fe9458eaecec8d788b,2026-02-02T12:24:36.214701,0.022471056321775915,2026-02-02T12:24:35.531554719Z,lightOnInvocation,2026-02-02 12:24:35.544840+00:00,2026-02-02 12:24:35.544916+00:00
228156173cb3b1fe9458eaecec8d788b,2026-02-02T12:24:36.214701,0.022471056321775915,2026-02-02T12:24:35.531554719Z,gateDownInvocation,2026-02-02 12:24:35.541731+00:00,2026-02-02 12:24:35.541994+00:00
228156173cb3b1fe9458eaecec8d788b,2026-02-02T12:24:36.214701,0.022471056321775915,2026-02-02T12:24:35.531554719Z,gateDownAction,2026-02-02 12:24:37.542587+00:00,2026-02-02 12:24:37.542672+00:00
228156173cb3b1fe9458eaecec8d788b,2026-02-02T12:24:36.214701,0.022471056321775915,2026-02-02T12:24:35.531554719Z,bellOnInvocation,2026-02-02 12:24:35.545395+00:00,2026-02-02 12:24:35.545455+00:00
228156173cb3b1fe9458eaecec8d788b,2026-02-02T12:24:36.214701,0.022471056321775915,2026-02-02T12:24:35.531554719Z,gateDownInvocation,2026-02-02 12:24:35.546992+00:00,2026-02-02 12:24:35.547111+00:00
516e335a1813bf2f38be4038276b702e,2026-02-02T12:30:44.378982,0.08383295622534753,2026-02-02T12:30:43.739656224Z,lightOnAction,2026-02-02 12:30:45.747873+00:00,2026-02-02 12:30:45.748031+00:00
516e335a1813bf2f38be4038276b702e,2026-02-02T12:30:44.378982,0.08383295622534753,2026-02-02T12:30:43.739656224Z,lightOnAction,2026-02-02 12:30:45.747705+00:00,2026-02-02 12:30:45.747822+00:00
516e335a1813bf2f38be4038276b702e,2026-02-02T12:30:44.378982,0.08383295622534753,2026-02-02T12:30:43.739656224Z,bellOnAction,2026-02-02 12:30:45.750014+00:00,2026-02-02 12:30:45.750100+00:00
516e335a1813bf2f38be4038276b702e,2026-02-02T12:30:44.378982,0.08383295622534753,2026-02-02T12:30:43.739656224Z,gateDownInvocation,2026-02-02 12:30:43.748598+00:00,2026-02-02 12:30:43.748797+00:00
516e335a1813bf2f38be4038276b702e,2026-02-02T12:30:44.378982,0.08383295622534753,2026-02-02T12:30:43.739656224Z,bellOnInvocation,2026-02-02 12:30:43.748662+00:00,2026-02-02 12:30:43.748921+00:00
516e335a1813bf2f38be4038276b702e,2026-02-02T12:30:44.378982,0.08383295622534753,2026-02-02T12:30:43.739656224Z,lightOnInvocation,2026-02-02 12:30:43.746456+00:00,2026-02-02 12:30:43.746645+00:00
516e335a1813bf2f38be4038276b702e,2026-02-02T12:30:44.378982,0.08383295622534753,2026-02-02T12:30:43.739656224Z,bellOnInvocation,2026-02-02 12:30:43.750664+00:00,2026-02-02 12:30:43.750810+00:00
516e335a1813bf2f38be4038276b702e,2026-02-02T12:30:44.378982,0.08383295622534753,2026-02-02T12:30:43.739656224Z,lightOnInvocation,2026-02-02 12:30:43.746530+00:00,2026-02-02 12:30:43.746718+00:00
516e335a1813bf2f38be4038276b702e,2026-02-02T12:30:44.378982,0.08383295622534753,2026-02-02T12:30:43.739656224Z,gateDownInvocation,2026-02-02 12:30:43.745909+00:00,2026-02-02 12:30:43.746189+00:00
516e335a1813bf2f38be4038276b702e,2026-02-02T12:30:44.378982,0.08383295622534753,2026-02-02T12:30:43.739656224Z,gateDownAction,2026-02-02 12:30:45.747448+00:00,2026-02-02 12:30:45.747540+00:00
516e335a1813bf2f38be4038276b702e,2026-02-02T12:30:44.378982,0.08383295622534753,2026-02-02T12:30:43.739656224Z,bellOnAction,2026-02-02 12:30:45.751602+00:00,2026-02-02 12:30:45.751669+00:00
516e335a1813bf2f38be4038276b702e,2026-02-02T12:30:44.378982,0.08383295622534753,2026-02-02T12:30:43.739656224Z,gateDownAction,2026-02-02 12:30:45.749409+00:00,2026-02-02 12:30:45.749476+00:00
87fea9fb8f07df647880d01a4a6a7fe3,2026-02-02T12:30:40.070569,0.08328080361856222,2026-02-02T12:30:40.426412292Z,lightOffInvocation,2026-02-02 12:30:40.432721+00:00,2026-02-02 12:30:40.432784+00:00
87fea9fb8f07df647880d01a4a6a7fe3,2026-02-02T12:30:40.070569,0.08328080361856222,2026-02-02T12:30:40.426412292Z,bellOffInvocation,2026-02-02 12:30:40.433088+00:00,2026-02-02 12:30:40.433165+00:00
87fea9fb8f07df647880d01a4a6a7fe3,2026-02-02T12:30:40.070569,0.08328080361856222,2026-02-02T12:30:40.426412292Z,lightOffInvocation,2026-02-02 12:30:40.433860+00:00,2026-02-02 12:30:40.433927+00:00
87fea9fb8f07df647880d01a4a6a7fe3,2026-02-02T12:30:40.070569,0.08328080361856222,2026-02-02T12:30:40.426412292Z,bellOffInvocation,2026-02-02 12:30:40.434121+00:00,2026-02-02 12:30:40.434164+00:00
87fea9fb8f07df647880d01a4a6a7fe3,2026-02-02T12:30:40.070569,0.08328080361856222,2026-02-02T12:30:40.426412292Z,gateUpInvocation,2026-02-02 12:30:40.433095+00:00,2026-02-02 12:30:40.433174+00:00
87fea9fb8f07df647880d01a4a6a7fe3,2026-02-02T12:30:40.070569,0.08328080361856222,2026-02-02T12:30:40.426412292Z,gateUpInvocation,2026-02-02 12:30:40.432728+00:00,2026-02-02 12:30:40.432803+00:00
34b13891e35521424a1d9acd85770b73,2026-02-02T12:22:39.960288,0.003261679780542851,2026-02-02T12:22:40.263569326Z,bellOffInvocation,2026-02-02 12:22:40.280380+00:00,2026-02-02 12:22:40.280514+00:00
34b13891e35521424a1d9acd85770b73,2026-02-02T12:22:39.960288,0.003261679780542851,2026-02-02T12:22:40.263569326Z,gateUpInvocation,2026-02-02 12:22:40.274642+00:00,2026-02-02 12:22:40.274789+00:00
34b13891e35521424a1d9acd85770b73,2026-02-02T12:22:39.960288,0.003261679780542851,2026-02-02T12:22:40.263569326Z,lightOffInvocation,2026-02-02 12:22:40.275057+00:00,2026-02-02 12:22:40.275209+00:00
34b13891e35521424a1d9acd85770b73,2026-02-02T12:22:39.960288,0.003261679780542851,2026-02-02T12:22:40.263569326Z,bellOffInvocation,2026-02-02 12:22:40.283940+00:00,2026-02-02 12:22:40.284079+00:00
34b13891e35521424a1d9acd85770b73,2026-02-02T12:22:39.960288,0.003261679780542851,2026-02-02T12:22:40.263569326Z,gateUpInvocation,2026-02-02 12:22:40.282243+00:00,2026-02-02 12:22:40.282361+00:00
34b13891e35521424a1d9acd85770b73,2026-02-02T12:22:39.960288,0.003261679780542851,2026-02-02T12:22:40.263569326Z,lightOffInvocation,2026-02-02 12:22:40.279682+00:00,2026-02-02 12:22:40.279817+00:00
b39cc950164e8cc8a17fcb68bd181444,2026-02-02T12:27:07.269977,0.047646090710294256,2026-02-02T12:27:06.596728443Z,gateDownInvocation,2026-02-02 12:27:06.602283+00:00,2026-02-02 12:27:06.602846+00:00
b39cc950164e8cc8a17fcb68bd181444,2026-02-02T12:27:07.269977,0.047646090710294256,2026-02-02T12:27:06.596728443Z,lightOnInvocation,2026-02-02 12:27:06.604804+00:00,2026-02-02 12:27:06.604901+00:00
b39cc950164e8cc8a17fcb68bd181444,2026-02-02T12:27:07.269977,0.047646090710294256,2026-02-02T12:27:06.596728443Z,bellOnAction,2026-02-02 12:27:08.606194+00:00,2026-02-02 12:27:08.606291+00:00
b39cc950164e8cc8a17fcb68bd181444,2026-02-02T12:27:07.269977,0.047646090710294256,2026-02-02T12:27:06.596728443Z,bellOnAction,2026-02-02 12:27:08.606357+00:00,2026-02-02 12:27:08.606442+00:00
b39cc950164e8cc8a17fcb68bd181444,2026-02-02T12:27:07.269977,0.047646090710294256,2026-02-02T12:27:06.596728443Z,lightOnAction,2026-02-02 12:27:08.605488+00:00,2026-02-02 12:27:08.605577+00:00
b39cc950164e8cc8a17fcb68bd181444,2026-02-02T12:27:07.269977,0.047646090710294256,2026-02-02T12:27:06.596728443Z,gateDownInvocation,2026-02-02 12:27:06.603562+00:00,2026-02-02 12:27:06.603697+00:00
b39cc950164e8cc8a17fcb68bd181444,2026-02-02T12:27:07.269977,0.047646090710294256,2026-02-02T12:27:06.596728443Z,lightOnInvocation,2026-02-02 12:27:06.602503+00:00,2026-02-02 12:27:06.602617+00:00
b39cc950164e8cc8a17fcb68bd181444,2026-02-02T12:27:07.269977,0.047646090710294256,2026-02-02T12:27:06.596728443Z,bellOnInvocation,2026-02-02 12:27:06.604708+00:00,2026-02-02 12:27:06.604794+00:00
b39cc950164e8cc8a17fcb68bd181444,2026-02-02T12:27:07.269977,0.047646090710294256,2026-02-02T12:27:06.596728443Z,gateDownAction,2026-02-02 12:27:08.604797+00:00,2026-02-02 12:27:08.604882+00:00
b39cc950164e8cc8a17fcb68bd181444,2026-02-02T12:27:07.269977,0.047646090710294256,2026-02-02T12:27:06.596728443Z,gateDownAction,2026-02-02 12:27:08.604831+00:00,2026-02-02 12:27:08.605000+00:00
b39cc950164e8cc8a17fcb68bd181444,2026-02-02T12:27:07.269977,0.047646090710294256,2026-02-02T12:27:06.596728443Z,bellOnInvocation,2026-02-02 12:27:06.604532+00:00,2026-02-02 12:27:06.604654+00:00
b39cc950164e8cc8a17fcb68bd181444,2026-02-02T12:27:07.269977,0.047646090710294256,2026-02-02T12:27:06.596728443Z,lightOnAction,2026-02-02 12:27:08.603480+00:00,2026-02-02 12:27:08.603565+00:00
46bfd651c6244e51bfdc194745546800,2026-02-02T12:26:32.678329,0.04188344819221498,2026-02-02T12:26:32.017424523Z,bellOnAction,2026-02-02 12:26:34.033355+00:00,2026-02-02 12:26:34.033479+00:00
46bfd651c6244e51bfdc194745546800,2026-02-02T12:26:32.678329,0.04188344819221498,2026-02-02T12:26:32.017424523Z,lightOnInvocation,2026-02-02 12:26:32.029401+00:00,2026-02-02 12:26:32.029591+00:00
46bfd651c6244e51bfdc194745546800,2026-02-02T12:26:32.678329,0.04188344819221498,2026-02-02T12:26:32.017424523Z,lightOnAction,2026-02-02 12:26:34.030508+00:00,2026-02-02 12:26:34.030634+00:00
46bfd651c6244e51bfdc194745546800,2026-02-02T12:26:32.678329,0.04188344819221498,2026-02-02T12:26:32.017424523Z,bellOnAction,2026-02-02 12:26:34.034617+00:00,2026-02-02 12:26:34.034703+00:00
46bfd651c6244e51bfdc194745546800,2026-02-02T12:26:32.678329,0.04188344819221498,2026-02-02T12:26:32.017424523Z,gateDownInvocation,2026-02-02 12:26:32.027156+00:00,2026-02-02 12:26:32.027373+00:00
46bfd651c6244e51bfdc194745546800,2026-02-02T12:26:32.678329,0.04188344819221498,2026-02-02T12:26:32.017424523Z,gateDownAction,2026-02-02 12:26:34.028741+00:00,2026-02-02 12:26:34.028839+00:00
46bfd651c6244e51bfdc194745546800,2026-02-02T12:26:32.678329,0.04188344819221498,2026-02-02T12:26:32.017424523Z,lightOnInvocation,2026-02-02 12:26:32.026486+00:00,2026-02-02 12:26:32.026718+00:00
46bfd651c6244e51bfdc194745546800,2026-02-02T12:26:32.678329,0.04188344819221498,2026-02-02T12:26:32.017424523Z,gateDownInvocation,2026-02-02 12:26:32.026465+00:00,2026-02-02 12:26:32.026828+00:00
46bfd651c6244e51bfdc194745546800,2026-02-02T12:26:32.678329,0.04188344819221498,2026-02-02T12:26:32.017424523Z,gateDownAction,2026-02-02 12:26:34.028025+00:00,2026-02-02 12:26:34.028136+00:00
46bfd651c6244e51bfdc194745546800,2026-02-02T12:26:32.678329,0.04188344819221498,2026-02-02T12:26:32.017424523Z,bellOnInvocation,2026-02-02 12:26:32.033144+00:00,2026-02-02 12:26:32.033333+00:00
46bfd651c6244e51bfdc194745546800,2026-02-02T12:26:32.678329,0.04188344819221498,2026-02-02T12:26:32.017424523Z,lightOnAction,2026-02-02 12:26:34.028694+00:00,2026-02-02 12:26:34.028798+00:00
46bfd651c6244e51bfdc194745546800,2026-02-02T12:26:32.678329,0.04188344819221498,2026-02-02T12:26:32.017424523Z,bellOnInvocation,2026-02-02 12:26:32.032614+00:00,2026-02-02 12:26:32.032889+00:00
5d58d35bc99d366da8b1e1451e3b5215,2026-02-02T12:28:12.313331,0.058650616031444086,2026-02-02T12:28:12.630452469Z,lightOffInvocation,2026-02-02 12:28:12.638062+00:00,2026-02-02 12:28:12.638184+00:00
5d58d35bc99d366da8b1e1451e3b5215,2026-02-02T12:28:12.313331,0.058650616031444086,2026-02-02T12:28:12.630452469Z,gateUpInvocation,2026-02-02 12:28:12.640397+00:00,2026-02-02 12:28:12.640551+00:00
5d58d35bc99d366da8b1e1451e3b5215,2026-02-02T12:28:12.313331,0.058650616031444086,2026-02-02T12:28:12.630452469Z,gateUpInvocation,2026-02-02 12:28:12.638119+00:00,2026-02-02 12:28:12.638285+00:00
5d58d35bc99d366da8b1e1451e3b5215,2026-02-02T12:28:12.313331,0.058650616031444086,2026-02-02T12:28:12.630452469Z,bellOffInvocation,2026-02-02 12:28:12.641472+00:00,2026-02-02 12:28:12.641630+00:00
5d58d35bc99d366da8b1e1451e3b5215,2026-02-02T12:28:12.313331,0.058650616031444086,2026-02-02T12:28:12.630452469Z,bellOffInvocation,2026-02-02 12:28:12.639621+00:00,2026-02-02 12:28:12.639758+00:00
5d58d35bc99d366da8b1e1451e3b5215,2026-02-02T12:28:12.313331,0.058650616031444086,2026-02-02T12:28:12.630452469Z,lightOffInvocation,2026-02-02 12:28:12.639109+00:00,2026-02-02 12:28:12.639271+00:00
30543d193d9b1d13d858a3166a6ddda5,2026-02-02T12:23:01.471852,0.00667985023393631,2026-02-02T12:23:00.774587733Z,bellOnAction,2026-02-02 12:23:02.808525+00:00,2026-02-02 12:23:02.808646+00:00
30543d193d9b1d13d858a3166a6ddda5,2026-02-02T12:23:01.471852,0.00667985023393631,2026-02-02T12:23:00.774587733Z,bellOnInvocation,2026-02-02 12:23:00.807183+00:00,2026-02-02 12:23:00.807268+00:00
30543d193d9b1d13d858a3166a6ddda5,2026-02-02T12:23:01.471852,0.00667985023393631,2026-02-02T12:23:00.774587733Z,lightOnAction,2026-02-02 12:23:02.794683+00:00,2026-02-02 12:23:02.794769+00:00
30543d193d9b1d13d858a3166a6ddda5,2026-02-02T12:23:01.471852,0.00667985023393631,2026-02-02T12:23:00.774587733Z,gateDownInvocation,2026-02-02 12:23:00.807126+00:00,2026-02-02 12:23:00.807296+00:00
30543d193d9b1d13d858a3166a6ddda5,2026-02-02T12:23:01.471852,0.00667985023393631,2026-02-02T12:23:00.774587733Z,lightOnInvocation,2026-02-02 12:23:00.804732+00:00,2026-02-02 12:23:00.804940+00:00
30543d193d9b1d13d858a3166a6ddda5,2026-02-02T12:23:01.471852,0.00667985023393631,2026-02-02T12:23:00.774587733Z,bellOnAction,2026-02-02 12:23:02.808737+00:00,2026-02-02 12:23:02.808845+00:00
30543d193d9b1d13d858a3166a6ddda5,2026-02-02T12:23:01.471852,0.00667985023393631,2026-02-02T12:23:00.774587733Z,gateDownAction,2026-02-02 12:23:02.808120+00:00,2026-02-02 12:23:02.808206+00:00
30543d193d9b1d13d858a3166a6ddda5,2026-02-02T12:23:01.471852,0.00667985023393631,2026-02-02T12:23:00.774587733Z,bellOnInvocation,2026-02-02 12:23:00.807206+00:00,2026-02-02 12:23:00.807378+00:00
30543d193d9b1d13d858a3166a6ddda5,2026-02-02T12:23:01.471852,0.00667985023393631,2026-02-02T12:23:00.774587733Z,lightOnInvocation,2026-02-02 12:23:00.793900+00:00,2026-02-02 12:23:00.794072+00:00
30543d193d9b1d13d858a3166a6ddda5,2026-02-02T12:23:01.471852,0.00667985023393631,2026-02-02T12:23:00.774587733Z,gateDownAction,2026-02-02 12:23:02.798238+00:00,2026-02-02 12:23:02.798308+00:00
30543d193d9b1d13d858a3166a6ddda5,2026-02-02T12:23:01.471852,0.00667985023393631,2026-02-02T12:23:00.774587733Z,lightOnAction,2026-02-02 12:23:02.805341+00:00,2026-02-02 12:23:02.805423+00:00
30543d193d9b1d13d858a3166a6ddda5,2026-02-02T12:23:01.471852,0.00667985023393631,2026-02-02T12:23:00.774587733Z,gateDownInvocation,2026-02-02 12:23:00.795568+00:00,2026-02-02 12:23:00.795813+00:00
b2fabe5b66aecd82c977b1ce4b563c94,2026-02-02T12:24:01.769276,0.016894882233655453,2026-02-02T12:24:02.070969518Z,lightOffInvocation,2026-02-02 12:24:02.082791+00:00,2026-02-02 12:24:02.082912+00:00
b2fabe5b66aecd82c977b1ce4b563c94,2026-02-02T12:24:01.769276,0.016894882233655453,2026-02-02T12:24:02.070969518Z,gateUpInvocation,2026-02-02 12:24:02.081074+00:00,2026-02-02 12:24:02.081217+00:00
b2fabe5b66aecd82c977b1ce4b563c94,2026-02-02T12:24:01.769276,0.016894882233655453,2026-02-02T12:24:02.070969518Z,bellOffInvocation,2026-02-02 12:24:02.085233+00:00,2026-02-02 12:24:02.085357+00:00
b2fabe5b66aecd82c977b1ce4b563c94,2026-02-02T12:24:01.769276,0.016894882233655453,2026-02-02T12:24:02.070969518Z,bellOffInvocation,2026-02-02 12:24:02.083376+00:00,2026-02-02 12:24:02.083505+00:00
b2fabe5b66aecd82c977b1ce4b563c94,2026-02-02T12:24:01.769276,0.016894882233655453,2026-02-02T12:24:02.070969518Z,lightOffInvocation,2026-02-02 12:24:02.081367+00:00,2026-02-02 12:24:02.081508+00:00
b2fabe5b66aecd82c977b1ce4b563c94,2026-02-02T12:24:01.769276,0.016894882233655453,2026-02-02T12:24:02.070969518Z,gateUpInvocation,2026-02-02 12:24:02.081162+00:00,2026-02-02 12:24:02.081295+00:00
6d5181fbf8464ac600fba26a62258aee,2026-02-02T12:30:57.367175,0.0861628421080351,2026-02-02T12:30:57.720252615Z,lightOffInvocation,2026-02-02 12:30:57.725601+00:00,2026-02-02 12:30:57.725755+00:00
6d5181fbf8464ac600fba26a62258aee,2026-02-02T12:30:57.367175,0.0861628421080351,2026-02-02T12:30:57.720252615Z,bellOffInvocation,2026-02-02 12:30:57.733655+00:00,2026-02-02 12:30:57.733799+00:00
6d5181fbf8464ac600fba26a62258aee,2026-02-02T12:30:57.367175,0.0861628421080351,2026-02-02T12:30:57.720252615Z,gateUpInvocation,2026-02-02 12:30:57.728833+00:00,2026-02-02 12:30:57.728990+00:00
6d5181fbf8464ac600fba26a62258aee,2026-02-02T12:30:57.367175,0.0861628421080351,2026-02-02T12:30:57.720252615Z,lightOffInvocation,2026-02-02 12:30:57.726607+00:00,2026-02-02 12:30:57.726763+00:00
6d5181fbf8464ac600fba26a62258aee,2026-02-02T12:30:57.367175,0.0861628421080351,2026-02-02T12:30:57.720252615Z,bellOffInvocation,2026-02-02 12:30:57.732484+00:00,2026-02-02 12:30:57.732627+00:00
6d5181fbf8464ac600fba26a62258aee,2026-02-02T12:30:57.367175,0.0861628421080351,2026-02-02T12:30:57.720252615Z,gateUpInvocation,2026-02-02 12:30:57.725603+00:00,2026-02-02 12:30:57.725755+00:00
2428bb92aafee2dbbd7ae7a0b9c690f9,2026-02-02T12:30:00.905149,0.07675174065476656,2026-02-02T12:30:01.248180334Z,gateUpInvocation,2026-02-02 12:30:01.253834+00:00,2026-02-02 12:30:01.253913+00:00
2428bb92aafee2dbbd7ae7a0b9c690f9,2026-02-02T12:30:00.905149,0.07675174065476656,2026-02-02T12:30:01.248180334Z,lightOffInvocation,2026-02-02 12:30:01.254805+00:00,2026-02-02 12:30:01.254881+00:00
2428bb92aafee2dbbd7ae7a0b9c690f9,2026-02-02T12:30:00.905149,0.07675174065476656,2026-02-02T12:30:01.248180334Z,lightOffInvocation,2026-02-02 12:30:01.257076+00:00,2026-02-02 12:30:01.257181+00:00
2428bb92aafee2dbbd7ae7a0b9c690f9,2026-02-02T12:30:00.905149,0.07675174065476656,2026-02-02T12:30:01.248180334Z,bellOffInvocation,2026-02-02 12:30:01.257623+00:00,2026-02-02 12:30:01.257695+00:00
2428bb92aafee2dbbd7ae7a0b9c690f9,2026-02-02T12:30:00.905149,0.07675174065476656,2026-02-02T12:30:01.248180334Z,gateUpInvocation,2026-02-02 12:30:01.254783+00:00,2026-02-02 12:30:01.254861+00:00
2428bb92aafee2dbbd7ae7a0b9c690f9,2026-02-02T12:30:00.905149,0.07675174065476656,2026-02-02T12:30:01.248180334Z,bellOffInvocation,2026-02-02 12:30:01.258886+00:00,2026-02-02 12:30:01.258935+00:00
35f3a65feae8edabf31367517e7c2e61,2026-02-02T12:27:20.261547,0.04998186708854438,2026-02-02T12:27:20.613087111Z,gateUpInvocation,2026-02-02 12:27:20.627025+00:00,2026-02-02 12:27:20.627134+00:00
35f3a65feae8edabf31367517e7c2e61,2026-02-02T12:27:20.261547,0.04998186708854438,2026-02-02T12:27:20.613087111Z,lightOffInvocation,2026-02-02 12:27:20.624599+00:00,2026-02-02 12:27:20.624697+00:00
35f3a65feae8edabf31367517e7c2e61,2026-02-02T12:27:20.261547,0.04998186708854438,2026-02-02T12:27:20.613087111Z,gateUpInvocation,2026-02-02 12:27:20.624305+00:00,2026-02-02 12:27:20.624527+00:00
35f3a65feae8edabf31367517e7c2e61,2026-02-02T12:27:20.261547,0.04998186708854438,2026-02-02T12:27:20.613087111Z,bellOffInvocation,2026-02-02 12:27:20.628412+00:00,2026-02-02 12:27:20.628520+00:00
35f3a65feae8edabf31367517e7c2e61,2026-02-02T12:27:20.261547,0.04998186708854438,2026-02-02T12:27:20.613087111Z,bellOffInvocation,2026-02-02 12:27:20.628681+00:00,2026-02-02 12:27:20.628788+00:00
35f3a65feae8edabf31367517e7c2e61,2026-02-02T12:27:20.261547,0.04998186708854438,2026-02-02T12:27:20.613087111Z,lightOffInvocation,2026-02-02 12:27:20.624966+00:00,2026-02-02 12:27:20.625122+00:00
349a603a7f9c93e054416735685e3bec,2026-02-02T12:30:35.702122,0.0825517317611456,2026-02-02T12:30:36.051579109Z,gateUpInvocation,2026-02-02 12:30:36.058784+00:00,2026-02-02 12:30:36.058900+00:00
349a603a7f9c93e054416735685e3bec,2026-02-02T12:30:35.702122,0.0825517317611456,2026-02-02T12:30:36.051579109Z,bellOffInvocation,2026-02-02 12:30:36.058939+00:00,2026-02-02 12:30:36.059059+00:00
349a603a7f9c93e054416735685e3bec,2026-02-02T12:30:35.702122,0.0825517317611456,2026-02-02T12:30:36.051579109Z,lightOffInvocation,2026-02-02 12:30:36.058819+00:00,2026-02-02 12:30:36.058911+00:00
349a603a7f9c93e054416735685e3bec,2026-02-02T12:30:35.702122,0.0825517317611456,2026-02-02T12:30:36.051579109Z,lightOffInvocation,2026-02-02 12:30:36.057895+00:00,2026-02-02 12:30:36.058035+00:00
349a603a7f9c93e054416735685e3bec,2026-02-02T12:30:35.702122,0.0825517317611456,2026-02-02T12:30:36.051579109Z,gateUpInvocation,2026-02-02 12:30:36.059626+00:00,2026-02-02 12:30:36.059711+00:00
349a603a7f9c93e054416735685e3bec,2026-02-02T12:30:35.702122,0.0825517317611456,2026-02-02T12:30:36.051579109Z,bellOffInvocation,2026-02-02 12:30:36.060632+00:00,2026-02-02 12:30:36.060703+00:00
1fc73dc516e5608c758eebaa9d4d97e0,2026-02-02T12:25:32.266727,0.03197790647838116,2026-02-02T12:25:32.578247583Z,bellOffInvocation,2026-02-02 12:25:32.590442+00:00,2026-02-02 12:25:32.590549+00:00
1fc73dc516e5608c758eebaa9d4d97e0,2026-02-02T12:25:32.266727,0.03197790647838116,2026-02-02T12:25:32.578247583Z,gateUpInvocation,2026-02-02 12:25:32.587187+00:00,2026-02-02 12:25:32.587352+00:00
1fc73dc516e5608c758eebaa9d4d97e0,2026-02-02T12:25:32.266727,0.03197790647838116,2026-02-02T12:25:32.578247583Z,lightOffInvocation,2026-02-02 12:25:32.588737+00:00,2026-02-02 12:25:32.588913+00:00
1fc73dc516e5608c758eebaa9d4d97e0,2026-02-02T12:25:32.266727,0.03197790647838116,2026-02-02T12:25:32.578247583Z,bellOffInvocation,2026-02-02 12:25:32.591094+00:00,2026-02-02 12:25:32.591227+00:00
1fc73dc516e5608c758eebaa9d4d97e0,2026-02-02T12:25:32.266727,0.03197790647838116,2026-02-02T12:25:32.578247583Z,lightOffInvocation,2026-02-02 12:25:32.587065+00:00,2026-02-02 12:25:32.587204+00:00
1fc73dc516e5608c758eebaa9d4d97e0,2026-02-02T12:25:32.266727,0.03197790647838116,2026-02-02T12:25:32.578247583Z,gateUpInvocation,2026-02-02 12:25:32.588852+00:00,2026-02-02 12:25:32.589006+00:00
4d10f41b6e10c320c3d1d96240171588,2026-02-02T12:24:36.214701,0.022637991362416746,2026-02-02T12:24:36.532978654Z,gateUpInvocation,2026-02-02 12:24:36.538220+00:00,2026-02-02 12:24:36.538260+00:00
4d10f41b6e10c320c3d1d96240171588,2026-02-02T12:24:36.214701,0.022637991362416746,2026-02-02T12:24:36.532978654Z,lightOffInvocation,2026-02-02 12:24:36.536924+00:00,2026-02-02 12:24:36.536999+00:00
4d10f41b6e10c320c3d1d96240171588,2026-02-02T12:24:36.214701,0.022637991362416746,2026-02-02T12:24:36.532978654Z,lightOffInvocation,2026-02-02 12:24:36.536659+00:00,2026-02-02 12:24:36.536702+00:00
4d10f41b6e10c320c3d1d96240171588,2026-02-02T12:24:36.214701,0.022637991362416746,2026-02-02T12:24:36.532978654Z,bellOffInvocation,2026-02-02 12:24:36.538799+00:00,2026-02-02 12:24:36.538827+00:00
4d10f41b6e10c320c3d1d96240171588,2026-02-02T12:24:36.214701,0.022637991362416746,2026-02-02T12:24:36.532978654Z,gateUpInvocation,2026-02-02 12:24:36.537660+00:00,2026-02-02 12:24:36.537703+00:00
4d10f41b6e10c320c3d1d96240171588,2026-02-02T12:24:36.214701,0.022637991362416746,2026-02-02T12:24:36.532978654Z,bellOffInvocation,2026-02-02 12:24:36.539718+00:00,2026-02-02 12:24:36.539760+00:00
01fe27e37a1852a78e27a8c3ac87b66a,2026-02-02T12:31:40.867980,0.09341347778573036,2026-02-02T12:31:41.228472529Z,bellOffInvocation,2026-02-02 12:31:41.234322+00:00,2026-02-02 12:31:41.234436+00:00
01fe27e37a1852a78e27a8c3ac87b66a,2026-02-02T12:31:40.867980,0.09341347778573036,2026-02-02T12:31:41.228472529Z,lightOffInvocation,2026-02-02 12:31:41.233885+00:00,2026-02-02 12:31:41.233992+00:00
01fe27e37a1852a78e27a8c3ac87b66a,2026-02-02T12:31:40.867980,0.09341347778573036,2026-02-02T12:31:41.228472529Z,lightOffInvocation,2026-02-02 12:31:41.234105+00:00,2026-02-02 12:31:41.234222+00:00
01fe27e37a1852a78e27a8c3ac87b66a,2026-02-02T12:31:40.867980,0.09341347778573036,2026-02-02T12:31:41.228472529Z,gateUpInvocation,2026-02-02 12:31:41.235171+00:00,2026-02-02 12:31:41.235271+00:00
01fe27e37a1852a78e27a8c3ac87b66a,2026-02-02T12:31:40.867980,0.09341347778573036,2026-02-02T12:31:41.228472529Z,gateUpInvocation,2026-02-02 12:31:41.234023+00:00,2026-02-02 12:31:41.234139+00:00
01fe27e37a1852a78e27a8c3ac87b66a,2026-02-02T12:31:40.867980,0.09341347778573036,2026-02-02T12:31:41.228472529Z,bellOffInvocation,2026-02-02 12:31:41.235771+00:00,2026-02-02 12:31:41.235838+00:00
b1eda465d0f29246e085a539ee156262,2026-02-02T12:25:19.327712,0.029824316205692297,2026-02-02T12:25:19.655357307Z,lightOffInvocation,2026-02-02 12:25:19.664342+00:00,2026-02-02 12:25:19.664505+00:00
b1eda465d0f29246e085a539ee156262,2026-02-02T12:25:19.327712,0.029824316205692297,2026-02-02T12:25:19.655357307Z,bellOffInvocation,2026-02-02 12:25:19.668151+00:00,2026-02-02 12:25:19.668292+00:00
b1eda465d0f29246e085a539ee156262,2026-02-02T12:25:19.327712,0.029824316205692297,2026-02-02T12:25:19.655357307Z,gateUpInvocation,2026-02-02 12:25:19.666241+00:00,2026-02-02 12:25:19.666333+00:00
b1eda465d0f29246e085a539ee156262,2026-02-02T12:25:19.327712,0.029824316205692297,2026-02-02T12:25:19.655357307Z,lightOffInvocation,2026-02-02 12:25:19.664595+00:00,2026-02-02 12:25:19.664701+00:00
b1eda465d0f29246e085a539ee156262,2026-02-02T12:25:19.327712,0.029824316205692297,2026-02-02T12:25:19.655357307Z,bellOffInvocation,2026-02-02 12:25:19.668310+00:00,2026-02-02 12:25:19.668436+00:00
b1eda465d0f29246e085a539ee156262,2026-02-02T12:25:19.327712,0.029824316205692297,2026-02-02T12:25:19.655357307Z,gateUpInvocation,2026-02-02 12:25:19.666251+00:00,2026-02-02 12:25:19.666386+00:00
c5d4deb2b5ec84351d2ad359260d7210,2026-02-02T12:26:49.968486,0.04476345404869318,2026-02-02T12:26:49.299473002Z,lightOnInvocation,2026-02-02 12:26:49.310041+00:00,2026-02-02 12:26:49.310167+00:00
c5d4deb2b5ec84351d2ad359260d7210,2026-02-02T12:26:49.968486,0.04476345404869318,2026-02-02T12:26:49.299473002Z,gateDownInvocation,2026-02-02 12:26:49.305069+00:00,2026-02-02 12:26:49.305330+00:00
c5d4deb2b5ec84351d2ad359260d7210,2026-02-02T12:26:49.968486,0.04476345404869318,2026-02-02T12:26:49.299473002Z,gateDownAction,2026-02-02 12:26:51.307036+00:00,2026-02-02 12:26:51.307152+00:00
c5d4deb2b5ec84351d2ad359260d7210,2026-02-02T12:26:49.968486,0.04476345404869318,2026-02-02T12:26:49.299473002Z,gateDownAction,2026-02-02 12:26:51.310553+00:00,2026-02-02 12:26:51.310727+00:00
c5d4deb2b5ec84351d2ad359260d7210,2026-02-02T12:26:49.968486,0.04476345404869318,2026-02-02T12:26:49.299473002Z,gateDownInvocation,2026-02-02 12:26:49.308097+00:00,2026-02-02 12:26:49.308335+00:00
c5d4deb2b5ec84351d2ad359260d7210,2026-02-02T12:26:49.968486,0.04476345404869318,2026-02-02T12:26:49.299473002Z,bellOnAction,2026-02-02 12:26:51.311055+00:00,2026-02-02 12:26:51.311161+00:00
c5d4deb2b5ec84351d2ad359260d7210,2026-02-02T12:26:49.968486,0.04476345404869318,2026-02-02T12:26:49.299473002Z,lightOnInvocation,2026-02-02 12:26:49.305173+00:00,2026-02-02 12:26:49.305354+00:00
c5d4deb2b5ec84351d2ad359260d7210,2026-02-02T12:26:49.968486,0.04476345404869318,2026-02-02T12:26:49.299473002Z,lightOnAction,2026-02-02 12:26:51.306967+00:00,2026-02-02 12:26:51.307120+00:00
c5d4deb2b5ec84351d2ad359260d7210,2026-02-02T12:26:49.968486,0.04476345404869318,2026-02-02T12:26:49.299473002Z,bellOnInvocation,2026-02-02 12:26:49.309331+00:00,2026-02-02 12:26:49.309457+00:00
c5d4deb2b5ec84351d2ad359260d7210,2026-02-02T12:26:49.968486,0.04476345404869318,2026-02-02T12:26:49.299473002Z,bellOnAction,2026-02-02 12:26:51.311447+00:00,2026-02-02 12:26:51.311599+00:00
c5d4deb2b5ec84351d2ad359260d7210,2026-02-02T12:26:49.968486,0.04476345404869318,2026-02-02T12:26:49.299473002Z,bellOnInvocation,2026-02-02 12:26:49.309583+00:00,2026-02-02 12:26:49.309716+00:00
c5d4deb2b5ec84351d2ad359260d7210,2026-02-02T12:26:49.968486,0.04476345404869318,2026-02-02T12:26:49.299473002Z,lightOnAction,2026-02-02 12:26:51.311310+00:00,2026-02-02 12:26:51.311437+00:00
067159588ecc1c7d47efe9236bcc40da,2026-02-02T12:26:28.368380,0.041330806677556044,2026-02-02T12:26:28.701289157Z,bellOffInvocation,2026-02-02 12:26:28.713622+00:00,2026-02-02 12:26:28.713895+00:00
067159588ecc1c7d47efe9236bcc40da,2026-02-02T12:26:28.368380,0.041330806677556044,2026-02-02T12:26:28.701289157Z,lightOffInvocation,2026-02-02 12:26:28.710698+00:00,2026-02-02 12:26:28.710854+00:00
067159588ecc1c7d47efe9236bcc40da,2026-02-02T12:26:28.368380,0.041330806677556044,2026-02-02T12:26:28.701289157Z,gateUpInvocation,2026-02-02 12:26:28.709454+00:00,2026-02-02 12:26:28.709597+00:00
067159588ecc1c7d47efe9236bcc40da,2026-02-02T12:26:28.368380,0.041330806677556044,2026-02-02T12:26:28.701289157Z,lightOffInvocation,2026-02-02 12:26:28.711568+00:00,2026-02-02 12:26:28.711692+00:00
067159588ecc1c7d47efe9236bcc40da,2026-02-02T12:26:28.368380,0.041330806677556044,2026-02-02T12:26:28.701289157Z,bellOffInvocation,2026-02-02 12:26:28.712187+00:00,2026-02-02 12:26:28.712321+00:00
067159588ecc1c7d47efe9236bcc40da,2026-02-02T12:26:28.368380,0.041330806677556044,2026-02-02T12:26:28.701289157Z,gateUpInvocation,2026-02-02 12:26:28.709381+00:00,2026-02-02 12:26:28.709523+00:00
d7f2428ebb900ca18f852025561c8712,2026-02-02T12:30:18.301031,0.07948958406106234,2026-02-02T12:30:17.676810445Z,gateDownInvocation,2026-02-02 12:30:17.684214+00:00,2026-02-02 12:30:17.684552+00:00
d7f2428ebb900ca18f852025561c8712,2026-02-02T12:30:18.301031,0.07948958406106234,2026-02-02T12:30:17.676810445Z,bellOnAction,2026-02-02 12:30:19.686333+00:00,2026-02-02 12:30:19.686415+00:00
d7f2428ebb900ca18f852025561c8712,2026-02-02T12:30:18.301031,0.07948958406106234,2026-02-02T12:30:17.676810445Z,lightOnInvocation,2026-02-02 12:30:17.684228+00:00,2026-02-02 12:30:17.684384+00:00
d7f2428ebb900ca18f852025561c8712,2026-02-02T12:30:18.301031,0.07948958406106234,2026-02-02T12:30:17.676810445Z,gateDownInvocation,2026-02-02 12:30:17.684390+00:00,2026-02-02 12:30:17.684753+00:00
d7f2428ebb900ca18f852025561c8712,2026-02-02T12:30:18.301031,0.07948958406106234,2026-02-02T12:30:17.676810445Z,lightOnAction,2026-02-02 12:30:19.685821+00:00,2026-02-02 12:30:19.685905+00:00
d7f2428ebb900ca18f852025561c8712,2026-02-02T12:30:18.301031,0.07948958406106234,2026-02-02T12:30:17.676810445Z,bellOnAction,2026-02-02 12:30:19.688856+00:00,2026-02-02 12:30:19.688937+00:00
d7f2428ebb900ca18f852025561c8712,2026-02-02T12:30:18.301031,0.07948958406106234,2026-02-02T12:30:17.676810445Z,bellOnInvocation,2026-02-02 12:30:17.687511+00:00,2026-02-02 12:30:17.687642+00:00
d7f2428ebb900ca18f852025561c8712,2026-02-02T12:30:18.301031,0.07948958406106234,2026-02-02T12:30:17.676810445Z,lightOnInvocation,2026-02-02 12:30:17.687148+00:00,2026-02-02 12:30:17.687349+00:00
d7f2428ebb900ca18f852025561c8712,2026-02-02T12:30:18.301031,0.07948958406106234,2026-02-02T12:30:17.676810445Z,lightOnAction,2026-02-02 12:30:19.689029+00:00,2026-02-02 12:30:19.689099+00:00
d7f2428ebb900ca18f852025561c8712,2026-02-02T12:30:18.301031,0.07948958406106234,2026-02-02T12:30:17.676810445Z,bellOnInvocation,2026-02-02 12:30:17.685258+00:00,2026-02-02 12:30:17.685466+00:00
d7f2428ebb900ca18f852025561c8712,2026-02-02T12:30:18.301031,0.07948958406106234,2026-02-02T12:30:17.676810445Z,gateDownAction,2026-02-02 12:30:19.685573+00:00,2026-02-02 12:30:19.685659+00:00
d7f2428ebb900ca18f852025561c8712,2026-02-02T12:30:18.301031,0.07948958406106234,2026-02-02T12:30:17.676810445Z,gateDownAction,2026-02-02 12:30:19.686312+00:00,2026-02-02 12:30:19.686426+00:00
f57b6a32f3af0e8e903f32a86f7ab5b2,2026-02-02T12:25:58.142446,0.03612528785278798,2026-02-02T12:25:57.46502208Z,gateDownInvocation,2026-02-02 12:25:57.475197+00:00,2026-02-02 12:25:57.475294+00:00
f57b6a32f3af0e8e903f32a86f7ab5b2,2026-02-02T12:25:58.142446,0.03612528785278798,2026-02-02T12:25:57.46502208Z,bellOnAction,2026-02-02 12:25:59.475701+00:00,2026-02-02 12:25:59.475802+00:00
f57b6a32f3af0e8e903f32a86f7ab5b2,2026-02-02T12:25:58.142446,0.03612528785278798,2026-02-02T12:25:57.46502208Z,lightOnInvocation,2026-02-02 12:25:57.472609+00:00,2026-02-02 12:25:57.472704+00:00
f57b6a32f3af0e8e903f32a86f7ab5b2,2026-02-02T12:25:58.142446,0.03612528785278798,2026-02-02T12:25:57.46502208Z,gateDownAction,2026-02-02 12:25:59.473551+00:00,2026-02-02 12:25:59.473721+00:00
f57b6a32f3af0e8e903f32a86f7ab5b2,2026-02-02T12:25:58.142446,0.03612528785278798,2026-02-02T12:25:57.46502208Z,gateDownInvocation,2026-02-02 12:25:57.472466+00:00,2026-02-02 12:25:57.472574+00:00
f57b6a32f3af0e8e903f32a86f7ab5b2,2026-02-02T12:25:58.142446,0.03612528785278798,2026-02-02T12:25:57.46502208Z,bellOnAction,2026-02-02 12:25:59.474534+00:00,2026-02-02 12:25:59.474646+00:00
f57b6a32f3af0e8e903f32a86f7ab5b2,2026-02-02T12:25:58.142446,0.03612528785278798,2026-02-02T12:25:57.46502208Z,lightOnAction,2026-02-02 12:25:59.475314+00:00,2026-02-02 12:25:59.475429+00:00
f57b6a32f3af0e8e903f32a86f7ab5b2,2026-02-02T12:25:58.142446,0.03612528785278798,2026-02-02T12:25:57.46502208Z,bellOnInvocation,2026-02-02 12:25:57.474464+00:00,2026-02-02 12:25:57.474557+00:00
f57b6a32f3af0e8e903f32a86f7ab5b2,2026-02-02T12:25:58.142446,0.03612528785278798,2026-02-02T12:25:57.46502208Z,bellOnInvocation,2026-02-02 12:25:57.475078+00:00,2026-02-02 12:25:57.475135+00:00
f57b6a32f3af0e8e903f32a86f7ab5b2,2026-02-02T12:25:58.142446,0.03612528785278798,2026-02-02T12:25:57.46502208Z,gateDownAction,2026-02-02 12:25:59.475813+00:00,2026-02-02 12:25:59.475857+00:00
f57b6a32f3af0e8e903f32a86f7ab5b2,2026-02-02T12:25:58.142446,0.03612528785278798,2026-02-02T12:25:57.46502208Z,lightOnAction,2026-02-02 12:25:59.474032+00:00,2026-02-02 12:25:59.474145+00:00
f57b6a32f3af0e8e903f32a86f7ab5b2,2026-02-02T12:25:58.142446,0.03612528785278798,2026-02-02T12:25:57.46502208Z,lightOnInvocation,2026-02-02 12:25:57.473173+00:00,2026-02-02 12:25:57.473247+00:00
e371833f7ee53ddd00e291fc54b373e4,2026-02-02T12:26:37.012727,0.0426030264957428,2026-02-02T12:26:36.335233316Z,gateDownInvocation,2026-02-02 12:26:36.340174+00:00,2026-02-02 12:26:36.340345+00:00
e371833f7ee53ddd00e291fc54b373e4,2026-02-02T12:26:37.012727,0.0426030264957428,2026-02-02T12:26:36.335233316Z,bellOnAction,2026-02-02 12:26:38.344310+00:00,2026-02-02 12:26:38.344421+00:00
e371833f7ee53ddd00e291fc54b373e4,2026-02-02T12:26:37.012727,0.0426030264957428,2026-02-02T12:26:36.335233316Z,gateDownAction,2026-02-02 12:26:38.340650+00:00,2026-02-02 12:26:38.340873+00:00
e371833f7ee53ddd00e291fc54b373e4,2026-02-02T12:26:37.012727,0.0426030264957428,2026-02-02T12:26:36.335233316Z,bellOnAction,2026-02-02 12:26:38.342908+00:00,2026-02-02 12:26:38.343032+00:00
e371833f7ee53ddd00e291fc54b373e4,2026-02-02T12:26:37.012727,0.0426030264957428,2026-02-02T12:26:36.335233316Z,lightOnInvocation,2026-02-02 12:26:36.341307+00:00,2026-02-02 12:26:36.341395+00:00
e371833f7ee53ddd00e291fc54b373e4,2026-02-02T12:26:37.012727,0.0426030264957428,2026-02-02T12:26:36.335233316Z,bellOnInvocation,2026-02-02 12:26:36.343202+00:00,2026-02-02 12:26:36.343285+00:00
e371833f7ee53ddd00e291fc54b373e4,2026-02-02T12:26:37.012727,0.0426030264957428,2026-02-02T12:26:36.335233316Z,lightOnAction,2026-02-02 12:26:38.341306+00:00,2026-02-02 12:26:38.341432+00:00
e371833f7ee53ddd00e291fc54b373e4,2026-02-02T12:26:37.012727,0.0426030264957428,2026-02-02T12:26:36.335233316Z,gateDownInvocation,2026-02-02 12:26:36.340141+00:00,2026-02-02 12:26:36.340333+00:00
e371833f7ee53ddd00e291fc54b373e4,2026-02-02T12:26:37.012727,0.0426030264957428,2026-02-02T12:26:36.335233316Z,lightOnInvocation,2026-02-02 12:26:36.340217+00:00,2026-02-02 12:26:36.340319+00:00
e371833f7ee53ddd00e291fc54b373e4,2026-02-02T12:26:37.012727,0.0426030264957428,2026-02-02T12:26:36.335233316Z,lightOnAction,2026-02-02 12:26:38.341474+00:00,2026-02-02 12:26:38.341522+00:00
e371833f7ee53ddd00e291fc54b373e4,2026-02-02T12:26:37.012727,0.0426030264957428,2026-02-02T12:26:36.335233316Z,gateDownAction,2026-02-02 12:26:38.341291+00:00,2026-02-02 12:26:38.341393+00:00
e371833f7ee53ddd00e291fc54b373e4,2026-02-02T12:26:37.012727,0.0426030264957428,2026-02-02T12:26:36.335233316Z,bellOnInvocation,2026-02-02 12:26:36.341550+00:00,2026-02-02 12:26:36.341628+00:00
23586b61ddaabb68d66afa3696f30c90,2026-02-02T12:25:06.402930,0.027503774880182748,2026-02-02T12:25:05.730718413Z,gateDownAction,2026-02-02 12:25:07.742144+00:00,2026-02-02 12:25:07.742230+00:00
23586b61ddaabb68d66afa3696f30c90,2026-02-02T12:25:06.402930,0.027503774880182748,2026-02-02T12:25:05.730718413Z,gateDownInvocation,2026-02-02 12:25:05.740197+00:00,2026-02-02 12:25:05.740431+00:00
23586b61ddaabb68d66afa3696f30c90,2026-02-02T12:25:06.402930,0.027503774880182748,2026-02-02T12:25:05.730718413Z,lightOnInvocation,2026-02-02 12:25:05.742245+00:00,2026-02-02 12:25:05.742372+00:00
23586b61ddaabb68d66afa3696f30c90,2026-02-02T12:25:06.402930,0.027503774880182748,2026-02-02T12:25:05.730718413Z,gateDownAction,2026-02-02 12:25:07.742051+00:00,2026-02-02 12:25:07.742165+00:00
23586b61ddaabb68d66afa3696f30c90,2026-02-02T12:25:06.402930,0.027503774880182748,2026-02-02T12:25:05.730718413Z,lightOnAction,2026-02-02 12:25:07.742051+00:00,2026-02-02 12:25:07.742165+00:00
23586b61ddaabb68d66afa3696f30c90,2026-02-02T12:25:06.402930,0.027503774880182748,2026-02-02T12:25:05.730718413Z,bellOnInvocation,2026-02-02 12:25:05.743406+00:00,2026-02-02 12:25:05.743555+00:00
23586b61ddaabb68d66afa3696f30c90,2026-02-02T12:25:06.402930,0.027503774880182748,2026-02-02T12:25:05.730718413Z,gateDownInvocation,2026-02-02 12:25:05.740813+00:00,2026-02-02 12:25:05.741008+00:00
23586b61ddaabb68d66afa3696f30c90,2026-02-02T12:25:06.402930,0.027503774880182748,2026-02-02T12:25:05.730718413Z,bellOnAction,2026-02-02 12:25:07.744739+00:00,2026-02-02 12:25:07.744824+00:00
23586b61ddaabb68d66afa3696f30c90,2026-02-02T12:25:06.402930,0.027503774880182748,2026-02-02T12:25:05.730718413Z,lightOnInvocation,2026-02-02 12:25:05.740999+00:00,2026-02-02 12:25:05.741167+00:00
23586b61ddaabb68d66afa3696f30c90,2026-02-02T12:25:06.402930,0.027503774880182748,2026-02-02T12:25:05.730718413Z,lightOnAction,2026-02-02 12:25:07.742555+00:00,2026-02-02 12:25:07.742623+00:00
23586b61ddaabb68d66afa3696f30c90,2026-02-02T12:25:06.402930,0.027503774880182748,2026-02-02T12:25:05.730718413Z,bellOnInvocation,2026-02-02 12:25:05.743060+00:00,2026-02-02 12:25:05.743214+00:00
23586b61ddaabb68d66afa3696f30c90,2026-02-02T12:25:06.402930,0.027503774880182748,2026-02-02T12:25:05.730718413Z,bellOnAction,2026-02-02 12:25:07.743708+00:00,2026-02-02 12:25:07.743780+00:00
f30c1499f143c2168e4220bf79d53a40,2026-02-02T12:32:06.937337,0.09776120585892202,2026-02-02T12:32:07.317348477Z,bellOffInvocation,2026-02-02 12:32:07.320394+00:00,2026-02-02 12:32:07.320437+00:00
f30c1499f143c2168e4220bf79d53a40,2026-02-02T12:32:06.937337,0.09776120585892202,2026-02-02T12:32:07.317348477Z,bellOffInvocation,2026-02-02 12:32:07.322561+00:00,2026-02-02 12:32:07.322603+00:00
f30c1499f143c2168e4220bf79d53a40,2026-02-02T12:32:06.937337,0.09776120585892202,2026-02-02T12:32:07.317348477Z,gateUpInvocation,2026-02-02 12:32:07.319861+00:00,2026-02-02 12:32:07.319893+00:00
f30c1499f143c2168e4220bf79d53a40,2026-02-02T12:32:06.937337,0.09776120585892202,2026-02-02T12:32:07.317348477Z,gateUpInvocation,2026-02-02 12:32:07.319788+00:00,2026-02-02 12:32:07.319829+00:00
f30c1499f143c2168e4220bf79d53a40,2026-02-02T12:32:06.937337,0.09776120585892202,2026-02-02T12:32:07.317348477Z,lightOffInvocation,2026-02-02 12:32:07.319770+00:00,2026-02-02 12:32:07.319800+00:00
f30c1499f143c2168e4220bf79d53a40,2026-02-02T12:32:06.937337,0.09776120585892202,2026-02-02T12:32:07.317348477Z,lightOffInvocation,2026-02-02 12:32:07.320441+00:00,2026-02-02 12:32:07.320478+00:00
c1b5dc8603e9b7f8b1a3d680deede41f,2026-02-02T12:23:44.539968,0.01385747716575861,2026-02-02T12:23:43.844645772Z,bellOnInvocation,2026-02-02 12:23:43.854457+00:00,2026-02-02 12:23:43.854592+00:00
c1b5dc8603e9b7f8b1a3d680deede41f,2026-02-02T12:23:44.539968,0.01385747716575861,2026-02-02T12:23:43.844645772Z,gateDownAction,2026-02-02 12:23:45.853475+00:00,2026-02-02 12:23:45.853561+00:00
c1b5dc8603e9b7f8b1a3d680deede41f,2026-02-02T12:23:44.539968,0.01385747716575861,2026-02-02T12:23:43.844645772Z,lightOnInvocation,2026-02-02 12:23:43.853066+00:00,2026-02-02 12:23:43.853176+00:00
c1b5dc8603e9b7f8b1a3d680deede41f,2026-02-02T12:23:44.539968,0.01385747716575861,2026-02-02T12:23:43.844645772Z,bellOnAction,2026-02-02 12:23:45.854785+00:00,2026-02-02 12:23:45.854834+00:00
c1b5dc8603e9b7f8b1a3d680deede41f,2026-02-02T12:23:44.539968,0.01385747716575861,2026-02-02T12:23:43.844645772Z,gateDownInvocation,2026-02-02 12:23:43.852271+00:00,2026-02-02 12:23:43.852488+00:00
c1b5dc8603e9b7f8b1a3d680deede41f,2026-02-02T12:23:44.539968,0.01385747716575861,2026-02-02T12:23:43.844645772Z,lightOnAction,2026-02-02 12:23:45.853336+00:00,2026-02-02 12:23:45.853431+00:00
c1b5dc8603e9b7f8b1a3d680deede41f,2026-02-02T12:23:44.539968,0.01385747716575861,2026-02-02T12:23:43.844645772Z,gateDownAction,2026-02-02 12:23:45.854731+00:00,2026-02-02 12:23:45.854798+00:00
c1b5dc8603e9b7f8b1a3d680deede41f,2026-02-02T12:23:44.539968,0.01385747716575861,2026-02-02T12:23:43.844645772Z,bellOnInvocation,2026-02-02 12:23:43.853741+00:00,2026-02-02 12:23:43.854019+00:00
c1b5dc8603e9b7f8b1a3d680deede41f,2026-02-02T12:23:44.539968,0.01385747716575861,2026-02-02T12:23:43.844645772Z,bellOnAction,2026-02-02 12:23:45.856216+00:00,2026-02-02 12:23:45.856307+00:00
c1b5dc8603e9b7f8b1a3d680deede41f,2026-02-02T12:23:44.539968,0.01385747716575861,2026-02-02T12:23:43.844645772Z,lightOnAction,2026-02-02 12:23:45.856120+00:00,2026-02-02 12:23:45.856209+00:00
c1b5dc8603e9b7f8b1a3d680deede41f,2026-02-02T12:23:44.539968,0.01385747716575861,2026-02-02T12:23:43.844645772Z,lightOnInvocation,2026-02-02 12:23:43.854327+00:00,2026-02-02 12:23:43.854459+00:00
c1b5dc8603e9b7f8b1a3d680deede41f,2026-02-02T12:23:44.539968,0.01385747716575861,2026-02-02T12:23:43.844645772Z,gateDownInvocation,2026-02-02 12:23:43.853781+00:00,2026-02-02 12:23:43.854017+00:00
63d6543825122ed4c264f3478d7a9913,2026-02-02T12:24:53.466130,0.0255123915255785,2026-02-02T12:24:53.781264916Z,gateUpInvocation,2026-02-02 12:24:53.789500+00:00,2026-02-02 12:24:53.789643+00:00
63d6543825122ed4c264f3478d7a9913,2026-02-02T12:24:53.466130,0.0255123915255785,2026-02-02T12:24:53.781264916Z,bellOffInvocation,2026-02-02 12:24:53.794475+00:00,2026-02-02 12:24:53.794614+00:00
63d6543825122ed4c264f3478d7a9913,2026-02-02T12:24:53.466130,0.0255123915255785,2026-02-02T12:24:53.781264916Z,lightOffInvocation,2026-02-02 12:24:53.789571+00:00,2026-02-02 12:24:53.789725+00:00
63d6543825122ed4c264f3478d7a9913,2026-02-02T12:24:53.466130,0.0255123915255785,2026-02-02T12:24:53.781264916Z,bellOffInvocation,2026-02-02 12:24:53.794561+00:00,2026-02-02 12:24:53.794642+00:00
63d6543825122ed4c264f3478d7a9913,2026-02-02T12:24:53.466130,0.0255123915255785,2026-02-02T12:24:53.781264916Z,lightOffInvocation,2026-02-02 12:24:53.792744+00:00,2026-02-02 12:24:53.792873+00:00
63d6543825122ed4c264f3478d7a9913,2026-02-02T12:24:53.466130,0.0255123915255785,2026-02-02T12:24:53.781264916Z,gateUpInvocation,2026-02-02 12:24:53.790748+00:00,2026-02-02 12:24:53.791002+00:00
af9aff0fcbabfaf94c942cb58dfe4b27,2026-02-02T12:25:15.023219,0.029104565224909784,2026-02-02T12:25:15.336429696Z,bellOffInvocation,2026-02-02 12:25:15.347689+00:00,2026-02-02 12:25:15.347813+00:00
af9aff0fcbabfaf94c942cb58dfe4b27,2026-02-02T12:25:15.023219,0.029104565224909784,2026-02-02T12:25:15.336429696Z,lightOffInvocation,2026-02-02 12:25:15.345003+00:00,2026-02-02 12:25:15.345099+00:00
af9aff0fcbabfaf94c942cb58dfe4b27,2026-02-02T12:25:15.023219,0.029104565224909784,2026-02-02T12:25:15.336429696Z,gateUpInvocation,2026-02-02 12:25:15.346324+00:00,2026-02-02 12:25:15.346429+00:00
af9aff0fcbabfaf94c942cb58dfe4b27,2026-02-02T12:25:15.023219,0.029104565224909784,2026-02-02T12:25:15.336429696Z,bellOffInvocation,2026-02-02 12:25:15.349182+00:00,2026-02-02 12:25:15.349295+00:00
af9aff0fcbabfaf94c942cb58dfe4b27,2026-02-02T12:25:15.023219,0.029104565224909784,2026-02-02T12:25:15.336429696Z,lightOffInvocation,2026-02-02 12:25:15.345164+00:00,2026-02-02 12:25:15.345297+00:00
af9aff0fcbabfaf94c942cb58dfe4b27,2026-02-02T12:25:15.023219,0.029104565224909784,2026-02-02T12:25:15.336429696Z,gateUpInvocation,2026-02-02 12:25:15.345645+00:00,2026-02-02 12:25:15.345776+00:00
090a8d3b5460644f177a7ae38f739809,2026-02-02T12:27:41.947938,0.053423791908741004,2026-02-02T12:27:41.266413704Z,gateDownAction,2026-02-02 12:27:43.282512+00:00,2026-02-02 12:27:43.282592+00:00
090a8d3b5460644f177a7ae38f739809,2026-02-02T12:27:41.947938,0.053423791908741004,2026-02-02T12:27:41.266413704Z,lightOnAction,2026-02-02 12:27:43.280273+00:00,2026-02-02 12:27:43.280359+00:00
090a8d3b5460644f177a7ae38f739809,2026-02-02T12:27:41.947938,0.053423791908741004,2026-02-02T12:27:41.266413704Z,bellOnInvocation,2026-02-02 12:27:41.280065+00:00,2026-02-02 12:27:41.280339+00:00
090a8d3b5460644f177a7ae38f739809,2026-02-02T12:27:41.947938,0.053423791908741004,2026-02-02T12:27:41.266413704Z,gateDownInvocation,2026-02-02 12:27:41.280900+00:00,2026-02-02 12:27:41.281201+00:00
090a8d3b5460644f177a7ae38f739809,2026-02-02T12:27:41.947938,0.053423791908741004,2026-02-02T12:27:41.266413704Z,bellOnAction,2026-02-02 12:27:43.284037+00:00,2026-02-02 12:27:43.284127+00:00
090a8d3b5460644f177a7ae38f739809,2026-02-02T12:27:41.947938,0.053423791908741004,2026-02-02T12:27:41.266413704Z,lightOnAction,2026-02-02 12:27:43.279822+00:00,2026-02-02 12:27:43.279916+00:00
090a8d3b5460644f177a7ae38f739809,2026-02-02T12:27:41.947938,0.053423791908741004,2026-02-02T12:27:41.266413704Z,lightOnInvocation,2026-02-02 12:27:41.278234+00:00,2026-02-02 12:27:41.278436+00:00
090a8d3b5460644f177a7ae38f739809,2026-02-02T12:27:41.947938,0.053423791908741004,2026-02-02T12:27:41.266413704Z,gateDownInvocation,2026-02-02 12:27:41.281529+00:00,2026-02-02 12:27:41.281861+00:00
090a8d3b5460644f177a7ae38f739809,2026-02-02T12:27:41.947938,0.053423791908741004,2026-02-02T12:27:41.266413704Z,lightOnInvocation,2026-02-02 12:27:41.276564+00:00,2026-02-02 12:27:41.276824+00:00
090a8d3b5460644f177a7ae38f739809,2026-02-02T12:27:41.947938,0.053423791908741004,2026-02-02T12:27:41.266413704Z,bellOnInvocation,2026-02-02 12:27:41.281925+00:00,2026-02-02 12:27:41.282130+00:00
090a8d3b5460644f177a7ae38f739809,2026-02-02T12:27:41.947938,0.053423791908741004,2026-02-02T12:27:41.266413704Z,bellOnAction,2026-02-02 12:27:43.282142+00:00,2026-02-02 12:27:43.282247+00:00
090a8d3b5460644f177a7ae38f739809,2026-02-02T12:27:41.947938,0.053423791908741004,2026-02-02T12:27:41.266413704Z,gateDownAction,2026-02-02 12:27:43.284214+00:00,2026-02-02 12:27:43.284314+00:00
e7b8b0271ddbba745cab8285a419ac33,2026-02-02T12:31:01.672301,0.08687414382307529,2026-02-02T12:31:01.988602003Z,gateUpInvocation,2026-02-02 12:31:01.995499+00:00,2026-02-02 12:31:01.995647+00:00
e7b8b0271ddbba745cab8285a419ac33,2026-02-02T12:31:01.672301,0.08687414382307529,2026-02-02T12:31:01.988602003Z,lightOffInvocation,2026-02-02 12:31:01.995866+00:00,2026-02-02 12:31:01.996033+00:00
e7b8b0271ddbba745cab8285a419ac33,2026-02-02T12:31:01.672301,0.08687414382307529,2026-02-02T12:31:01.988602003Z,bellOffInvocation,2026-02-02 12:31:01.998291+00:00,2026-02-02 12:31:01.998403+00:00
e7b8b0271ddbba745cab8285a419ac33,2026-02-02T12:31:01.672301,0.08687414382307529,2026-02-02T12:31:01.988602003Z,lightOffInvocation,2026-02-02 12:31:01.997655+00:00,2026-02-02 12:31:01.997739+00:00
e7b8b0271ddbba745cab8285a419ac33,2026-02-02T12:31:01.672301,0.08687414382307529,2026-02-02T12:31:01.988602003Z,gateUpInvocation,2026-02-02 12:31:01.995750+00:00,2026-02-02 12:31:01.995888+00:00
e7b8b0271ddbba745cab8285a419ac33,2026-02-02T12:31:01.672301,0.08687414382307529,2026-02-02T12:31:01.988602003Z,bellOffInvocation,2026-02-02 12:31:01.995765+00:00,2026-02-02 12:31:01.995876+00:00
c0d952c087d11a35e0d24708b66d08e8,2026-02-02T12:28:47.075399,0.06427497776165009,2026-02-02T12:28:46.380034139Z,bellOnInvocation,2026-02-02 12:28:46.394972+00:00,2026-02-02 12:28:46.395144+00:00
c0d952c087d11a35e0d24708b66d08e8,2026-02-02T12:28:47.075399,0.06427497776165009,2026-02-02T12:28:46.380034139Z,lightOnAction,2026-02-02 12:28:48.395768+00:00,2026-02-02 12:28:48.395850+00:00
c0d952c087d11a35e0d24708b66d08e8,2026-02-02T12:28:47.075399,0.06427497776165009,2026-02-02T12:28:46.380034139Z,gateDownAction,2026-02-02 12:28:48.392375+00:00,2026-02-02 12:28:48.392450+00:00
c0d952c087d11a35e0d24708b66d08e8,2026-02-02T12:28:47.075399,0.06427497776165009,2026-02-02T12:28:46.380034139Z,bellOnInvocation,2026-02-02 12:28:46.395902+00:00,2026-02-02 12:28:46.396092+00:00
c0d952c087d11a35e0d24708b66d08e8,2026-02-02T12:28:47.075399,0.06427497776165009,2026-02-02T12:28:46.380034139Z,bellOnAction,2026-02-02 12:28:48.396392+00:00,2026-02-02 12:28:48.396508+00:00
c0d952c087d11a35e0d24708b66d08e8,2026-02-02T12:28:47.075399,0.06427497776165009,2026-02-02T12:28:46.380034139Z,lightOnInvocation,2026-02-02 12:28:46.389595+00:00,2026-02-02 12:28:46.391947+00:00
c0d952c087d11a35e0d24708b66d08e8,2026-02-02T12:28:47.075399,0.06427497776165009,2026-02-02T12:28:46.380034139Z,gateDownInvocation,2026-02-02 12:28:46.389830+00:00,2026-02-02 12:28:46.390416+00:00
c0d952c087d11a35e0d24708b66d08e8,2026-02-02T12:28:47.075399,0.06427497776165009,2026-02-02T12:28:46.380034139Z,gateDownInvocation,2026-02-02 12:28:46.391544+00:00,2026-02-02 12:28:46.391844+00:00
c0d952c087d11a35e0d24708b66d08e8,2026-02-02T12:28:47.075399,0.06427497776165009,2026-02-02T12:28:46.380034139Z,lightOnAction,2026-02-02 12:28:48.390778+00:00,2026-02-02 12:28:48.390864+00:00
c0d952c087d11a35e0d24708b66d08e8,2026-02-02T12:28:47.075399,0.06427497776165009,2026-02-02T12:28:46.380034139Z,gateDownAction,2026-02-02 12:28:48.391707+00:00,2026-02-02 12:28:48.391793+00:00
c0d952c087d11a35e0d24708b66d08e8,2026-02-02T12:28:47.075399,0.06427497776165009,2026-02-02T12:28:46.380034139Z,bellOnAction,2026-02-02 12:28:48.397508+00:00,2026-02-02 12:28:48.397590+00:00
c0d952c087d11a35e0d24708b66d08e8,2026-02-02T12:28:47.075399,0.06427497776165009,2026-02-02T12:28:46.380034139Z,lightOnInvocation,2026-02-02 12:28:46.388937+00:00,2026-02-02 12:28:46.389155+00:00
1531cb96b8ffc07cd5caee98e877b3b7,2026-02-02T12:30:57.367175,0.08598838575316668,2026-02-02T12:30:56.67352602Z,gateDownAction,2026-02-02 12:30:58.684532+00:00,2026-02-02 12:30:58.684602+00:00
1531cb96b8ffc07cd5caee98e877b3b7,2026-02-02T12:30:57.367175,0.08598838575316668,2026-02-02T12:30:56.67352602Z,bellOnInvocation,2026-02-02 12:30:56.682736+00:00,2026-02-02 12:30:56.682957+00:00
1531cb96b8ffc07cd5caee98e877b3b7,2026-02-02T12:30:57.367175,0.08598838575316668,2026-02-02T12:30:56.67352602Z,bellOnInvocation,2026-02-02 12:30:56.687762+00:00,2026-02-02 12:30:56.687933+00:00
1531cb96b8ffc07cd5caee98e877b3b7,2026-02-02T12:30:57.367175,0.08598838575316668,2026-02-02T12:30:56.67352602Z,gateDownInvocation,2026-02-02 12:30:56.683445+00:00,2026-02-02 12:30:56.683775+00:00
1531cb96b8ffc07cd5caee98e877b3b7,2026-02-02T12:30:57.367175,0.08598838575316668,2026-02-02T12:30:56.67352602Z,bellOnAction,2026-02-02 12:30:58.688433+00:00,2026-02-02 12:30:58.688500+00:00
1531cb96b8ffc07cd5caee98e877b3b7,2026-02-02T12:30:57.367175,0.08598838575316668,2026-02-02T12:30:56.67352602Z,lightOnInvocation,2026-02-02 12:30:56.680179+00:00,2026-02-02 12:30:56.680366+00:00
1531cb96b8ffc07cd5caee98e877b3b7,2026-02-02T12:30:57.367175,0.08598838575316668,2026-02-02T12:30:56.67352602Z,lightOnAction,2026-02-02 12:30:58.682886+00:00,2026-02-02 12:30:58.683020+00:00
1531cb96b8ffc07cd5caee98e877b3b7,2026-02-02T12:30:57.367175,0.08598838575316668,2026-02-02T12:30:56.67352602Z,gateDownInvocation,2026-02-02 12:30:56.680285+00:00,2026-02-02 12:30:56.680611+00:00
1531cb96b8ffc07cd5caee98e877b3b7,2026-02-02T12:30:57.367175,0.08598838575316668,2026-02-02T12:30:56.67352602Z,gateDownAction,2026-02-02 12:30:58.681578+00:00,2026-02-02 12:30:58.681666+00:00
1531cb96b8ffc07cd5caee98e877b3b7,2026-02-02T12:30:57.367175,0.08598838575316668,2026-02-02T12:30:56.67352602Z,lightOnInvocation,2026-02-02 12:30:56.681689+00:00,2026-02-02 12:30:56.681923+00:00
1531cb96b8ffc07cd5caee98e877b3b7,2026-02-02T12:30:57.367175,0.08598838575316668,2026-02-02T12:30:56.67352602Z,lightOnAction,2026-02-02 12:30:58.681710+00:00,2026-02-02 12:30:58.681796+00:00
1531cb96b8ffc07cd5caee98e877b3b7,2026-02-02T12:30:57.367175,0.08598838575316668,2026-02-02T12:30:56.67352602Z,bellOnAction,2026-02-02 12:30:58.683863+00:00,2026-02-02 12:30:58.683945+00:00
8df6b9f108a6675d9f7b138fe3c4c93c,2026-02-02T12:27:46.300221,0.05431803007677794,2026-02-02T12:27:46.632610436Z,lightOffInvocation,2026-02-02 12:27:46.643446+00:00,2026-02-02 12:27:46.643617+00:00
8df6b9f108a6675d9f7b138fe3c4c93c,2026-02-02T12:27:46.300221,0.05431803007677794,2026-02-02T12:27:46.632610436Z,gateUpInvocation,2026-02-02 12:27:46.644578+00:00,2026-02-02 12:27:46.644740+00:00
8df6b9f108a6675d9f7b138fe3c4c93c,2026-02-02T12:27:46.300221,0.05431803007677794,2026-02-02T12:27:46.632610436Z,bellOffInvocation,2026-02-02 12:27:46.644592+00:00,2026-02-02 12:27:46.644750+00:00
8df6b9f108a6675d9f7b138fe3c4c93c,2026-02-02T12:27:46.300221,0.05431803007677794,2026-02-02T12:27:46.632610436Z,gateUpInvocation,2026-02-02 12:27:46.643918+00:00,2026-02-02 12:27:46.644101+00:00
8df6b9f108a6675d9f7b138fe3c4c93c,2026-02-02T12:27:46.300221,0.05431803007677794,2026-02-02T12:27:46.632610436Z,bellOffInvocation,2026-02-02 12:27:46.649475+00:00,2026-02-02 12:27:46.649576+00:00
8df6b9f108a6675d9f7b138fe3c4c93c,2026-02-02T12:27:46.300221,0.05431803007677794,2026-02-02T12:27:46.632610436Z,lightOffInvocation,2026-02-02 12:27:46.646099+00:00,2026-02-02 12:27:46.646244+00:00
675fad75c920675c26add58acbc889c2,2026-02-02T12:24:18.971259,0.01976283421649933,2026-02-02T12:24:19.280403977Z,lightOffInvocation,2026-02-02 12:24:19.293003+00:00,2026-02-02 12:24:19.293146+00:00
675fad75c920675c26add58acbc889c2,2026-02-02T12:24:18.971259,0.01976283421649933,2026-02-02T12:24:19.280403977Z,gateUpInvocation,2026-02-02 12:24:19.291098+00:00,2026-02-02 12:24:19.291247+00:00
675fad75c920675c26add58acbc889c2,2026-02-02T12:24:18.971259,0.01976283421649933,2026-02-02T12:24:19.280403977Z,bellOffInvocation,2026-02-02 12:24:19.293704+00:00,2026-02-02 12:24:19.293830+00:00
675fad75c920675c26add58acbc889c2,2026-02-02T12:24:18.971259,0.01976283421649933,2026-02-02T12:24:19.280403977Z,bellOffInvocation,2026-02-02 12:24:19.294815+00:00,2026-02-02 12:24:19.294977+00:00
675fad75c920675c26add58acbc889c2,2026-02-02T12:24:18.971259,0.01976283421649933,2026-02-02T12:24:19.280403977Z,gateUpInvocation,2026-02-02 12:24:19.291336+00:00,2026-02-02 12:24:19.291467+00:00
675fad75c920675c26add58acbc889c2,2026-02-02T12:24:18.971259,0.01976283421649933,2026-02-02T12:24:19.280403977Z,lightOffInvocation,2026-02-02 12:24:19.290374+00:00,2026-02-02 12:24:19.290512+00:00
c4abb1412d3e49b18628a6bb47f7f96a,2026-02-02T12:28:51.421911,0.06500201646955014,2026-02-02T12:28:50.742729397Z,lightOnAction,2026-02-02 12:28:52.752039+00:00,2026-02-02 12:28:52.752128+00:00
c4abb1412d3e49b18628a6bb47f7f96a,2026-02-02T12:28:51.421911,0.06500201646955014,2026-02-02T12:28:50.742729397Z,gateDownAction,2026-02-02 12:28:52.751370+00:00,2026-02-02 12:28:52.751451+00:00
c4abb1412d3e49b18628a6bb47f7f96a,2026-02-02T12:28:51.421911,0.06500201646955014,2026-02-02T12:28:50.742729397Z,lightOnInvocation,2026-02-02 12:28:50.751492+00:00,2026-02-02 12:28:50.751873+00:00
c4abb1412d3e49b18628a6bb47f7f96a,2026-02-02T12:28:51.421911,0.06500201646955014,2026-02-02T12:28:50.742729397Z,lightOnAction,2026-02-02 12:28:52.753305+00:00,2026-02-02 12:28:52.753389+00:00
c4abb1412d3e49b18628a6bb47f7f96a,2026-02-02T12:28:51.421911,0.06500201646955014,2026-02-02T12:28:50.742729397Z,bellOnInvocation,2026-02-02 12:28:50.753294+00:00,2026-02-02 12:28:50.753481+00:00
c4abb1412d3e49b18628a6bb47f7f96a,2026-02-02T12:28:51.421911,0.06500201646955014,2026-02-02T12:28:50.742729397Z,gateDownInvocation,2026-02-02 12:28:50.753968+00:00,2026-02-02 12:28:50.754240+00:00
c4abb1412d3e49b18628a6bb47f7f96a,2026-02-02T12:28:51.421911,0.06500201646955014,2026-02-02T12:28:50.742729397Z,gateDownAction,2026-02-02 12:28:52.754880+00:00,2026-02-02 12:28:52.754955+00:00
c4abb1412d3e49b18628a6bb47f7f96a,2026-02-02T12:28:51.421911,0.06500201646955014,2026-02-02T12:28:50.742729397Z,gateDownInvocation,2026-02-02 12:28:50.750285+00:00,2026-02-02 12:28:50.750584+00:00
c4abb1412d3e49b18628a6bb47f7f96a,2026-02-02T12:28:51.421911,0.06500201646955014,2026-02-02T12:28:50.742729397Z,bellOnInvocation,2026-02-02 12:28:50.751856+00:00,2026-02-02 12:28:50.752091+00:00
c4abb1412d3e49b18628a6bb47f7f96a,2026-02-02T12:28:51.421911,0.06500201646955014,2026-02-02T12:28:50.742729397Z,lightOnInvocation,2026-02-02 12:28:50.750535+00:00,2026-02-02 12:28:50.750729+00:00
c4abb1412d3e49b18628a6bb47f7f96a,2026-02-02T12:28:51.421911,0.06500201646955014,2026-02-02T12:28:50.742729397Z,bellOnAction,2026-02-02 12:28:52.754489+00:00,2026-02-02 12:28:52.754584+00:00
c4abb1412d3e49b18628a6bb47f7f96a,2026-02-02T12:28:51.421911,0.06500201646955014,2026-02-02T12:28:50.742729397Z,bellOnAction,2026-02-02 12:28:52.754308+00:00,2026-02-02 12:28:52.754397+00:00
9b976642c42174f9885be8236b1c5f80,2026-02-02T12:22:57.170181,0.0061300046524882315,2026-02-02T12:22:57.475131201Z,bellOffInvocation,2026-02-02 12:22:57.482206+00:00,2026-02-02 12:22:57.482249+00:00
9b976642c42174f9885be8236b1c5f80,2026-02-02T12:22:57.170181,0.0061300046524882315,2026-02-02T12:22:57.475131201Z,lightOffInvocation,2026-02-02 12:22:57.482048+00:00,2026-02-02 12:22:57.482094+00:00
9b976642c42174f9885be8236b1c5f80,2026-02-02T12:22:57.170181,0.0061300046524882315,2026-02-02T12:22:57.475131201Z,bellOffInvocation,2026-02-02 12:22:57.483116+00:00,2026-02-02 12:22:57.483167+00:00
9b976642c42174f9885be8236b1c5f80,2026-02-02T12:22:57.170181,0.0061300046524882315,2026-02-02T12:22:57.475131201Z,gateUpInvocation,2026-02-02 12:22:57.480386+00:00,2026-02-02 12:22:57.480428+00:00
9b976642c42174f9885be8236b1c5f80,2026-02-02T12:22:57.170181,0.0061300046524882315,2026-02-02T12:22:57.475131201Z,lightOffInvocation,2026-02-02 12:22:57.479698+00:00,2026-02-02 12:22:57.479745+00:00
9b976642c42174f9885be8236b1c5f80,2026-02-02T12:22:57.170181,0.0061300046524882315,2026-02-02T12:22:57.475131201Z,gateUpInvocation,2026-02-02 12:22:57.480816+00:00,2026-02-02 12:22:57.480858+00:00
f3aa6d9f9f25f472295e2c115d7aad8c,2026-02-02T12:23:18.684824,0.009548287071943284,2026-02-02T12:23:17.987002218Z,bellOnInvocation,2026-02-02 12:23:17.999989+00:00,2026-02-02 12:23:18.000146+00:00
f3aa6d9f9f25f472295e2c115d7aad8c,2026-02-02T12:23:18.684824,0.009548287071943284,2026-02-02T12:23:17.987002218Z,bellOnInvocation,2026-02-02 12:23:18.005982+00:00,2026-02-02 12:23:18.006158+00:00
f3aa6d9f9f25f472295e2c115d7aad8c,2026-02-02T12:23:18.684824,0.009548287071943284,2026-02-02T12:23:17.987002218Z,lightOnAction,2026-02-02 12:23:20.002207+00:00,2026-02-02 12:23:20.002280+00:00
f3aa6d9f9f25f472295e2c115d7aad8c,2026-02-02T12:23:18.684824,0.009548287071943284,2026-02-02T12:23:17.987002218Z,gateDownAction,2026-02-02 12:23:20.000575+00:00,2026-02-02 12:23:20.000701+00:00
f3aa6d9f9f25f472295e2c115d7aad8c,2026-02-02T12:23:18.684824,0.009548287071943284,2026-02-02T12:23:17.987002218Z,gateDownAction,2026-02-02 12:23:19.997467+00:00,2026-02-02 12:23:19.997564+00:00
f3aa6d9f9f25f472295e2c115d7aad8c,2026-02-02T12:23:18.684824,0.009548287071943284,2026-02-02T12:23:17.987002218Z,bellOnAction,2026-02-02 12:23:20.000832+00:00,2026-02-02 12:23:20.000964+00:00
f3aa6d9f9f25f472295e2c115d7aad8c,2026-02-02T12:23:18.684824,0.009548287071943284,2026-02-02T12:23:17.987002218Z,lightOnAction,2026-02-02 12:23:20.002227+00:00,2026-02-02 12:23:20.002310+00:00
f3aa6d9f9f25f472295e2c115d7aad8c,2026-02-02T12:23:18.684824,0.009548287071943284,2026-02-02T12:23:17.987002218Z,lightOnInvocation,2026-02-02 12:23:18.000542+00:00,2026-02-02 12:23:18.000713+00:00
f3aa6d9f9f25f472295e2c115d7aad8c,2026-02-02T12:23:18.684824,0.009548287071943284,2026-02-02T12:23:17.987002218Z,lightOnInvocation,2026-02-02 12:23:18.000448+00:00,2026-02-02 12:23:18.000896+00:00
f3aa6d9f9f25f472295e2c115d7aad8c,2026-02-02T12:23:18.684824,0.009548287071943284,2026-02-02T12:23:17.987002218Z,bellOnAction,2026-02-02 12:23:20.006613+00:00,2026-02-02 12:23:20.006700+00:00
f3aa6d9f9f25f472295e2c115d7aad8c,2026-02-02T12:23:18.684824,0.009548287071943284,2026-02-02T12:23:17.987002218Z,gateDownInvocation,2026-02-02 12:23:17.998310+00:00,2026-02-02 12:23:17.998546+00:00
f3aa6d9f9f25f472295e2c115d7aad8c,2026-02-02T12:23:18.684824,0.009548287071943284,2026-02-02T12:23:17.987002218Z,gateDownInvocation,2026-02-02 12:23:17.996555+00:00,2026-02-02 12:23:17.996750+00:00
d872e2684e614918340e6ff6931532c1,2026-02-02T12:23:57.466429,0.01617913644338846,2026-02-02T12:23:57.776197921Z,gateUpInvocation,2026-02-02 12:23:57.795228+00:00,2026-02-02 12:23:57.795351+00:00
d872e2684e614918340e6ff6931532c1,2026-02-02T12:23:57.466429,0.01617913644338846,2026-02-02T12:23:57.776197921Z,gateUpInvocation,2026-02-02 12:23:57.787066+00:00,2026-02-02 12:23:57.787206+00:00
d872e2684e614918340e6ff6931532c1,2026-02-02T12:23:57.466429,0.01617913644338846,2026-02-02T12:23:57.776197921Z,bellOffInvocation,2026-02-02 12:23:57.795227+00:00,2026-02-02 12:23:57.795358+00:00
d872e2684e614918340e6ff6931532c1,2026-02-02T12:23:57.466429,0.01617913644338846,2026-02-02T12:23:57.776197921Z,bellOffInvocation,2026-02-02 12:23:57.796219+00:00,2026-02-02 12:23:57.796260+00:00
d872e2684e614918340e6ff6931532c1,2026-02-02T12:23:57.466429,0.01617913644338846,2026-02-02T12:23:57.776197921Z,lightOffInvocation,2026-02-02 12:23:57.792470+00:00,2026-02-02 12:23:57.792615+00:00
d872e2684e614918340e6ff6931532c1,2026-02-02T12:23:57.466429,0.01617913644338846,2026-02-02T12:23:57.776197921Z,lightOffInvocation,2026-02-02 12:23:57.787013+00:00,2026-02-02 12:23:57.787116+00:00
7c4239d5fb84a03cce80a04dd81dca6c,2026-02-02T12:31:49.615065,0.09486232410581112,2026-02-02T12:31:49.922459754Z,bellOffInvocation,2026-02-02 12:31:49.930018+00:00,2026-02-02 12:31:49.930149+00:00
7c4239d5fb84a03cce80a04dd81dca6c,2026-02-02T12:31:49.615065,0.09486232410581112,2026-02-02T12:31:49.922459754Z,lightOffInvocation,2026-02-02 12:31:49.931807+00:00,2026-02-02 12:31:49.931944+00:00
7c4239d5fb84a03cce80a04dd81dca6c,2026-02-02T12:31:49.615065,0.09486232410581112,2026-02-02T12:31:49.922459754Z,lightOffInvocation,2026-02-02 12:31:49.929412+00:00,2026-02-02 12:31:49.929521+00:00
7c4239d5fb84a03cce80a04dd81dca6c,2026-02-02T12:31:49.615065,0.09486232410581112,2026-02-02T12:31:49.922459754Z,bellOffInvocation,2026-02-02 12:31:49.933305+00:00,2026-02-02 12:31:49.933409+00:00
7c4239d5fb84a03cce80a04dd81dca6c,2026-02-02T12:31:49.615065,0.09486232410581112,2026-02-02T12:31:49.922459754Z,gateUpInvocation,2026-02-02 12:31:49.929608+00:00,2026-02-02 12:31:49.929766+00:00
7c4239d5fb84a03cce80a04dd81dca6c,2026-02-02T12:31:49.615065,0.09486232410581112,2026-02-02T12:31:49.922459754Z,gateUpInvocation,2026-02-02 12:31:49.929490+00:00,2026-02-02 12:31:49.929602+00:00
c812b5ac8c4a9351b33310ecf695000d,2026-02-02T12:23:40.228219,0.013140215343892574,2026-02-02T12:23:39.540744534Z,bellOnInvocation,2026-02-02 12:23:39.556681+00:00,2026-02-02 12:23:39.556908+00:00
c812b5ac8c4a9351b33310ecf695000d,2026-02-02T12:23:40.228219,0.013140215343892574,2026-02-02T12:23:39.540744534Z,lightOnAction,2026-02-02 12:23:41.563244+00:00,2026-02-02 12:23:41.563330+00:00
c812b5ac8c4a9351b33310ecf695000d,2026-02-02T12:23:40.228219,0.013140215343892574,2026-02-02T12:23:39.540744534Z,lightOnInvocation,2026-02-02 12:23:39.561699+00:00,2026-02-02 12:23:39.561813+00:00
c812b5ac8c4a9351b33310ecf695000d,2026-02-02T12:23:40.228219,0.013140215343892574,2026-02-02T12:23:39.540744534Z,gateDownAction,2026-02-02 12:23:41.555290+00:00,2026-02-02 12:23:41.555376+00:00
c812b5ac8c4a9351b33310ecf695000d,2026-02-02T12:23:40.228219,0.013140215343892574,2026-02-02T12:23:39.540744534Z,gateDownAction,2026-02-02 12:23:41.560619+00:00,2026-02-02 12:23:41.560703+00:00
c812b5ac8c4a9351b33310ecf695000d,2026-02-02T12:23:40.228219,0.013140215343892574,2026-02-02T12:23:39.540744534Z,gateDownInvocation,2026-02-02 12:23:39.552545+00:00,2026-02-02 12:23:39.553015+00:00
c812b5ac8c4a9351b33310ecf695000d,2026-02-02T12:23:40.228219,0.013140215343892574,2026-02-02T12:23:39.540744534Z,lightOnAction,2026-02-02 12:23:41.555085+00:00,2026-02-02 12:23:41.555175+00:00
c812b5ac8c4a9351b33310ecf695000d,2026-02-02T12:23:40.228219,0.013140215343892574,2026-02-02T12:23:39.540744534Z,lightOnInvocation,2026-02-02 12:23:39.553428+00:00,2026-02-02 12:23:39.553616+00:00
c812b5ac8c4a9351b33310ecf695000d,2026-02-02T12:23:40.228219,0.013140215343892574,2026-02-02T12:23:39.540744534Z,bellOnInvocation,2026-02-02 12:23:39.556873+00:00,2026-02-02 12:23:39.557077+00:00
c812b5ac8c4a9351b33310ecf695000d,2026-02-02T12:23:40.228219,0.013140215343892574,2026-02-02T12:23:39.540744534Z,bellOnAction,2026-02-02 12:23:41.557777+00:00,2026-02-02 12:23:41.557864+00:00
c812b5ac8c4a9351b33310ecf695000d,2026-02-02T12:23:40.228219,0.013140215343892574,2026-02-02T12:23:39.540744534Z,bellOnAction,2026-02-02 12:23:41.558167+00:00,2026-02-02 12:23:41.558253+00:00
c812b5ac8c4a9351b33310ecf695000d,2026-02-02T12:23:40.228219,0.013140215343892574,2026-02-02T12:23:39.540744534Z,gateDownInvocation,2026-02-02 12:23:39.559221+00:00,2026-02-02 12:23:39.559505+00:00
ca9e5b5f61b7f4090272d5b6620df430,2026-02-02T12:28:25.337237,0.06065185021418334,2026-02-02T12:28:24.639113724Z,gateDownInvocation,2026-02-02 12:28:24.647175+00:00,2026-02-02 12:28:24.647523+00:00
ca9e5b5f61b7f4090272d5b6620df430,2026-02-02T12:28:25.337237,0.06065185021418334,2026-02-02T12:28:24.639113724Z,bellOnAction,2026-02-02 12:28:26.649141+00:00,2026-02-02 12:28:26.649224+00:00
ca9e5b5f61b7f4090272d5b6620df430,2026-02-02T12:28:25.337237,0.06065185021418334,2026-02-02T12:28:24.639113724Z,lightOnInvocation,2026-02-02 12:28:24.647850+00:00,2026-02-02 12:28:24.648022+00:00
ca9e5b5f61b7f4090272d5b6620df430,2026-02-02T12:28:25.337237,0.06065185021418334,2026-02-02T12:28:24.639113724Z,bellOnInvocation,2026-02-02 12:28:24.650021+00:00,2026-02-02 12:28:24.650133+00:00
ca9e5b5f61b7f4090272d5b6620df430,2026-02-02T12:28:25.337237,0.06065185021418334,2026-02-02T12:28:24.639113724Z,lightOnInvocation,2026-02-02 12:28:24.647409+00:00,2026-02-02 12:28:24.647634+00:00
ca9e5b5f61b7f4090272d5b6620df430,2026-02-02T12:28:25.337237,0.06065185021418334,2026-02-02T12:28:24.639113724Z,bellOnInvocation,2026-02-02 12:28:24.647853+00:00,2026-02-02 12:28:24.648034+00:00
ca9e5b5f61b7f4090272d5b6620df430,2026-02-02T12:28:25.337237,0.06065185021418334,2026-02-02T12:28:24.639113724Z,gateDownAction,2026-02-02 12:28:26.650751+00:00,2026-02-02 12:28:26.650826+00:00
ca9e5b5f61b7f4090272d5b6620df430,2026-02-02T12:28:25.337237,0.06065185021418334,2026-02-02T12:28:24.639113724Z,bellOnAction,2026-02-02 12:28:26.650387+00:00,2026-02-02 12:28:26.650470+00:00
ca9e5b5f61b7f4090272d5b6620df430,2026-02-02T12:28:25.337237,0.06065185021418334,2026-02-02T12:28:24.639113724Z,gateDownInvocation,2026-02-02 12:28:24.649351+00:00,2026-02-02 12:28:24.649528+00:00
ca9e5b5f61b7f4090272d5b6620df430,2026-02-02T12:28:25.337237,0.06065185021418334,2026-02-02T12:28:24.639113724Z,lightOnAction,2026-02-02 12:28:26.648564+00:00,2026-02-02 12:28:26.648651+00:00
ca9e5b5f61b7f4090272d5b6620df430,2026-02-02T12:28:25.337237,0.06065185021418334,2026-02-02T12:28:24.639113724Z,gateDownAction,2026-02-02 12:28:26.648650+00:00,2026-02-02 12:28:26.648735+00:00
ca9e5b5f61b7f4090272d5b6620df430,2026-02-02T12:28:25.337237,0.06065185021418334,2026-02-02T12:28:24.639113724Z,lightOnAction,2026-02-02 12:28:26.649186+00:00,2026-02-02 12:28:26.649272+00:00
e0c95f1e93ac803d8dc17cb960c8d345,2026-02-02T12:25:02.092954,0.02678179069696665,2026-02-02T12:25:01.398420966Z,gateDownAction,2026-02-02 12:25:03.408919+00:00,2026-02-02 12:25:03.408953+00:00
e0c95f1e93ac803d8dc17cb960c8d345,2026-02-02T12:25:02.092954,0.02678179069696665,2026-02-02T12:25:01.398420966Z,bellOnInvocation,2026-02-02 12:25:01.410583+00:00,2026-02-02 12:25:01.410730+00:00
e0c95f1e93ac803d8dc17cb960c8d345,2026-02-02T12:25:02.092954,0.02678179069696665,2026-02-02T12:25:01.398420966Z,lightOnAction,2026-02-02 12:25:03.409301+00:00,2026-02-02 12:25:03.409351+00:00
e0c95f1e93ac803d8dc17cb960c8d345,2026-02-02T12:25:02.092954,0.02678179069696665,2026-02-02T12:25:01.398420966Z,gateDownInvocation,2026-02-02 12:25:01.406806+00:00,2026-02-02 12:25:01.407127+00:00
e0c95f1e93ac803d8dc17cb960c8d345,2026-02-02T12:25:02.092954,0.02678179069696665,2026-02-02T12:25:01.398420966Z,lightOnAction,2026-02-02 12:25:03.409102+00:00,2026-02-02 12:25:03.409120+00:00
e0c95f1e93ac803d8dc17cb960c8d345,2026-02-02T12:25:02.092954,0.02678179069696665,2026-02-02T12:25:01.398420966Z,gateDownInvocation,2026-02-02 12:25:01.407147+00:00,2026-02-02 12:25:01.407453+00:00
e0c95f1e93ac803d8dc17cb960c8d345,2026-02-02T12:25:02.092954,0.02678179069696665,2026-02-02T12:25:01.398420966Z,lightOnInvocation,2026-02-02 12:25:01.408660+00:00,2026-02-02 12:25:01.408797+00:00
e0c95f1e93ac803d8dc17cb960c8d345,2026-02-02T12:25:02.092954,0.02678179069696665,2026-02-02T12:25:01.398420966Z,lightOnInvocation,2026-02-02 12:25:01.408303+00:00,2026-02-02 12:25:01.408498+00:00
e0c95f1e93ac803d8dc17cb960c8d345,2026-02-02T12:25:02.092954,0.02678179069696665,2026-02-02T12:25:01.398420966Z,bellOnAction,2026-02-02 12:25:03.410612+00:00,2026-02-02 12:25:03.410651+00:00
e0c95f1e93ac803d8dc17cb960c8d345,2026-02-02T12:25:02.092954,0.02678179069696665,2026-02-02T12:25:01.398420966Z,bellOnAction,2026-02-02 12:25:03.411618+00:00,2026-02-02 12:25:03.411654+00:00
e0c95f1e93ac803d8dc17cb960c8d345,2026-02-02T12:25:02.092954,0.02678179069696665,2026-02-02T12:25:01.398420966Z,gateDownAction,2026-02-02 12:25:03.408393+00:00,2026-02-02 12:25:03.408429+00:00
e0c95f1e93ac803d8dc17cb960c8d345,2026-02-02T12:25:02.092954,0.02678179069696665,2026-02-02T12:25:01.398420966Z,bellOnInvocation,2026-02-02 12:25:01.410030+00:00,2026-02-02 12:25:01.410199+00:00
853ec1ac201e708c32bf9a8cb88619d9,2026-02-02T12:22:22.751513,0.0003933863767027855,2026-02-02T12:22:23.052137568Z,lightOffInvocation,2026-02-02 12:22:23.075309+00:00,2026-02-02 12:22:23.075396+00:00
853ec1ac201e708c32bf9a8cb88619d9,2026-02-02T12:22:22.751513,0.0003933863767027855,2026-02-02T12:22:23.052137568Z,lightOffInvocation,2026-02-02 12:22:23.077833+00:00,2026-02-02 12:22:23.077915+00:00
853ec1ac201e708c32bf9a8cb88619d9,2026-02-02T12:22:22.751513,0.0003933863767027855,2026-02-02T12:22:23.052137568Z,gateUpInvocation,2026-02-02 12:22:23.081072+00:00,2026-02-02 12:22:23.081144+00:00
853ec1ac201e708c32bf9a8cb88619d9,2026-02-02T12:22:22.751513,0.0003933863767027855,2026-02-02T12:22:23.052137568Z,gateUpInvocation,2026-02-02 12:22:23.082365+00:00,2026-02-02 12:22:23.082504+00:00
853ec1ac201e708c32bf9a8cb88619d9,2026-02-02T12:22:22.751513,0.0003933863767027855,2026-02-02T12:22:23.052137568Z,bellOffInvocation,2026-02-02 12:22:23.089871+00:00,2026-02-02 12:22:23.089936+00:00
853ec1ac201e708c32bf9a8cb88619d9,2026-02-02T12:22:22.751513,0.0003933863767027855,2026-02-02T12:22:23.052137568Z,bellOffInvocation,2026-02-02 12:22:23.085744+00:00,2026-02-02 12:22:23.085852+00:00
898dc361ae2a976a7eae3e1eeed26cbf,2026-02-02T12:27:59.324189,0.05632006904041768,2026-02-02T12:27:58.645818476Z,bellOnAction,2026-02-02 12:28:00.655314+00:00,2026-02-02 12:28:00.655404+00:00
898dc361ae2a976a7eae3e1eeed26cbf,2026-02-02T12:27:59.324189,0.05632006904041768,2026-02-02T12:27:58.645818476Z,lightOnAction,2026-02-02 12:28:00.653490+00:00,2026-02-02 12:28:00.653577+00:00
898dc361ae2a976a7eae3e1eeed26cbf,2026-02-02T12:27:59.324189,0.05632006904041768,2026-02-02T12:27:58.645818476Z,gateDownInvocation,2026-02-02 12:27:58.653664+00:00,2026-02-02 12:27:58.653967+00:00
898dc361ae2a976a7eae3e1eeed26cbf,2026-02-02T12:27:59.324189,0.05632006904041768,2026-02-02T12:27:58.645818476Z,bellOnInvocation,2026-02-02 12:27:58.654709+00:00,2026-02-02 12:27:58.654852+00:00
898dc361ae2a976a7eae3e1eeed26cbf,2026-02-02T12:27:59.324189,0.05632006904041768,2026-02-02T12:27:58.645818476Z,bellOnAction,2026-02-02 12:28:00.655279+00:00,2026-02-02 12:28:00.655367+00:00
898dc361ae2a976a7eae3e1eeed26cbf,2026-02-02T12:27:59.324189,0.05632006904041768,2026-02-02T12:27:58.645818476Z,gateDownInvocation,2026-02-02 12:27:58.654315+00:00,2026-02-02 12:27:58.654481+00:00
898dc361ae2a976a7eae3e1eeed26cbf,2026-02-02T12:27:59.324189,0.05632006904041768,2026-02-02T12:27:58.645818476Z,lightOnAction,2026-02-02 12:28:00.654785+00:00,2026-02-02 12:28:00.654889+00:00
898dc361ae2a976a7eae3e1eeed26cbf,2026-02-02T12:27:59.324189,0.05632006904041768,2026-02-02T12:27:58.645818476Z,gateDownAction,2026-02-02 12:28:00.655152+00:00,2026-02-02 12:28:00.655238+00:00
898dc361ae2a976a7eae3e1eeed26cbf,2026-02-02T12:27:59.324189,0.05632006904041768,2026-02-02T12:27:58.645818476Z,bellOnInvocation,2026-02-02 12:27:58.653951+00:00,2026-02-02 12:27:58.654105+00:00
898dc361ae2a976a7eae3e1eeed26cbf,2026-02-02T12:27:59.324189,0.05632006904041768,2026-02-02T12:27:58.645818476Z,lightOnInvocation,2026-02-02 12:27:58.653037+00:00,2026-02-02 12:27:58.653183+00:00
898dc361ae2a976a7eae3e1eeed26cbf,2026-02-02T12:27:59.324189,0.05632006904041768,2026-02-02T12:27:58.645818476Z,gateDownAction,2026-02-02 12:28:00.656155+00:00,2026-02-02 12:28:00.656237+00:00
898dc361ae2a976a7eae3e1eeed26cbf,2026-02-02T12:27:59.324189,0.05632006904041768,2026-02-02T12:27:58.645818476Z,lightOnInvocation,2026-02-02 12:27:58.652620+00:00,2026-02-02 12:27:58.652764+00:00
226cbd7e382919c311898af221ef8c23,2026-02-02T12:30:13.973004,0.07892658433480264,2026-02-02T12:30:14.2985578Z,lightOffInvocation,2026-02-02 12:30:14.306115+00:00,2026-02-02 12:30:14.306215+00:00
226cbd7e382919c311898af221ef8c23,2026-02-02T12:30:13.973004,0.07892658433480264,2026-02-02T12:30:14.2985578Z,gateUpInvocation,2026-02-02 12:30:14.305307+00:00,2026-02-02 12:30:14.305389+00:00
226cbd7e382919c311898af221ef8c23,2026-02-02T12:30:13.973004,0.07892658433480264,2026-02-02T12:30:14.2985578Z,gateUpInvocation,2026-02-02 12:30:14.307325+00:00,2026-02-02 12:30:14.307407+00:00
226cbd7e382919c311898af221ef8c23,2026-02-02T12:30:13.973004,0.07892658433480264,2026-02-02T12:30:14.2985578Z,bellOffInvocation,2026-02-02 12:30:14.307692+00:00,2026-02-02 12:30:14.307741+00:00
226cbd7e382919c311898af221ef8c23,2026-02-02T12:30:13.973004,0.07892658433480264,2026-02-02T12:30:14.2985578Z,bellOffInvocation,2026-02-02 12:30:14.305814+00:00,2026-02-02 12:30:14.305892+00:00
226cbd7e382919c311898af221ef8c23,2026-02-02T12:30:13.973004,0.07892658433480264,2026-02-02T12:30:14.2985578Z,lightOffInvocation,2026-02-02 12:30:14.305467+00:00,2026-02-02 12:30:14.305561+00:00
c6a28501c8c604b33a663e654e0ce9ab,2026-02-02T12:27:15.911496,0.04908180537413359,2026-02-02T12:27:15.211900614Z,bellOnInvocation,2026-02-02 12:27:15.223445+00:00,2026-02-02 12:27:15.223570+00:00
c6a28501c8c604b33a663e654e0ce9ab,2026-02-02T12:27:15.911496,0.04908180537413359,2026-02-02T12:27:15.211900614Z,gateDownInvocation,2026-02-02 12:27:15.219126+00:00,2026-02-02 12:27:15.219334+00:00
c6a28501c8c604b33a663e654e0ce9ab,2026-02-02T12:27:15.911496,0.04908180537413359,2026-02-02T12:27:15.211900614Z,lightOnInvocation,2026-02-02 12:27:15.219620+00:00,2026-02-02 12:27:15.219756+00:00
c6a28501c8c604b33a663e654e0ce9ab,2026-02-02T12:27:15.911496,0.04908180537413359,2026-02-02T12:27:15.211900614Z,gateDownAction,2026-02-02 12:27:17.220037+00:00,2026-02-02 12:27:17.220120+00:00
c6a28501c8c604b33a663e654e0ce9ab,2026-02-02T12:27:15.911496,0.04908180537413359,2026-02-02T12:27:15.211900614Z,gateDownInvocation,2026-02-02 12:27:15.218901+00:00,2026-02-02 12:27:15.219127+00:00
c6a28501c8c604b33a663e654e0ce9ab,2026-02-02T12:27:15.911496,0.04908180537413359,2026-02-02T12:27:15.211900614Z,bellOnInvocation,2026-02-02 12:27:15.223322+00:00,2026-02-02 12:27:15.223478+00:00
c6a28501c8c604b33a663e654e0ce9ab,2026-02-02T12:27:15.911496,0.04908180537413359,2026-02-02T12:27:15.211900614Z,gateDownAction,2026-02-02 12:27:17.220361+00:00,2026-02-02 12:27:17.220447+00:00
c6a28501c8c604b33a663e654e0ce9ab,2026-02-02T12:27:15.911496,0.04908180537413359,2026-02-02T12:27:15.211900614Z,bellOnAction,2026-02-02 12:27:17.224433+00:00,2026-02-02 12:27:17.224498+00:00
c6a28501c8c604b33a663e654e0ce9ab,2026-02-02T12:27:15.911496,0.04908180537413359,2026-02-02T12:27:15.211900614Z,lightOnAction,2026-02-02 12:27:17.225559+00:00,2026-02-02 12:27:17.225628+00:00
c6a28501c8c604b33a663e654e0ce9ab,2026-02-02T12:27:15.911496,0.04908180537413359,2026-02-02T12:27:15.211900614Z,lightOnAction,2026-02-02 12:27:17.222858+00:00,2026-02-02 12:27:17.222967+00:00
c6a28501c8c604b33a663e654e0ce9ab,2026-02-02T12:27:15.911496,0.04908180537413359,2026-02-02T12:27:15.211900614Z,lightOnInvocation,2026-02-02 12:27:15.224402+00:00,2026-02-02 12:27:15.224533+00:00
c6a28501c8c604b33a663e654e0ce9ab,2026-02-02T12:27:15.911496,0.04908180537413359,2026-02-02T12:27:15.211900614Z,bellOnAction,2026-02-02 12:27:17.224847+00:00,2026-02-02 12:27:17.224937+00:00
80915c6a2c8f20918b071e4f4c0c3b98,2026-02-02T12:31:27.819357,0.0910753961303711,2026-02-02T12:31:27.198483252Z,gateDownAction,2026-02-02 12:31:29.201923+00:00,2026-02-02 12:31:29.201980+00:00
80915c6a2c8f20918b071e4f4c0c3b98,2026-02-02T12:31:27.819357,0.0910753961303711,2026-02-02T12:31:27.198483252Z,bellOnAction,2026-02-02 12:31:29.203959+00:00,2026-02-02 12:31:29.204034+00:00
80915c6a2c8f20918b071e4f4c0c3b98,2026-02-02T12:31:27.819357,0.0910753961303711,2026-02-02T12:31:27.198483252Z,lightOnAction,2026-02-02 12:31:29.202184+00:00,2026-02-02 12:31:29.202236+00:00
80915c6a2c8f20918b071e4f4c0c3b98,2026-02-02T12:31:27.819357,0.0910753961303711,2026-02-02T12:31:27.198483252Z,lightOnInvocation,2026-02-02 12:31:27.201547+00:00,2026-02-02 12:31:27.201629+00:00
80915c6a2c8f20918b071e4f4c0c3b98,2026-02-02T12:31:27.819357,0.0910753961303711,2026-02-02T12:31:27.198483252Z,lightOnAction,2026-02-02 12:31:29.202188+00:00,2026-02-02 12:31:29.202248+00:00
80915c6a2c8f20918b071e4f4c0c3b98,2026-02-02T12:31:27.819357,0.0910753961303711,2026-02-02T12:31:27.198483252Z,gateDownInvocation,2026-02-02 12:31:27.201480+00:00,2026-02-02 12:31:27.201571+00:00
80915c6a2c8f20918b071e4f4c0c3b98,2026-02-02T12:31:27.819357,0.0910753961303711,2026-02-02T12:31:27.198483252Z,gateDownAction,2026-02-02 12:31:29.202407+00:00,2026-02-02 12:31:29.202441+00:00
80915c6a2c8f20918b071e4f4c0c3b98,2026-02-02T12:31:27.819357,0.0910753961303711,2026-02-02T12:31:27.198483252Z,bellOnInvocation,2026-02-02 12:31:27.203268+00:00,2026-02-02 12:31:27.203311+00:00
80915c6a2c8f20918b071e4f4c0c3b98,2026-02-02T12:31:27.819357,0.0910753961303711,2026-02-02T12:31:27.198483252Z,gateDownInvocation,2026-02-02 12:31:27.202059+00:00,2026-02-02 12:31:27.202165+00:00
80915c6a2c8f20918b071e4f4c0c3b98,2026-02-02T12:31:27.819357,0.0910753961303711,2026-02-02T12:31:27.198483252Z,lightOnInvocation,2026-02-02 12:31:27.201440+00:00,2026-02-02 12:31:27.201504+00:00
80915c6a2c8f20918b071e4f4c0c3b98,2026-02-02T12:31:27.819357,0.0910753961303711,2026-02-02T12:31:27.198483252Z,bellOnAction,2026-02-02 12:31:29.201508+00:00,2026-02-02 12:31:29.201574+00:00
80915c6a2c8f20918b071e4f4c0c3b98,2026-02-02T12:31:27.819357,0.0910753961303711,2026-02-02T12:31:27.198483252Z,bellOnInvocation,2026-02-02 12:31:27.201521+00:00,2026-02-02 12:31:27.201579+00:00
2b55c6120f7a28b73a0f2599c030aca0,2026-02-02T12:23:10.080575,0.008114255435216426,2026-02-02T12:23:09.381973995Z,gateDownInvocation,2026-02-02 12:23:09.399257+00:00,2026-02-02 12:23:09.399474+00:00
2b55c6120f7a28b73a0f2599c030aca0,2026-02-02T12:23:10.080575,0.008114255435216426,2026-02-02T12:23:09.381973995Z,bellOnInvocation,2026-02-02 12:23:09.406361+00:00,2026-02-02 12:23:09.406513+00:00
2b55c6120f7a28b73a0f2599c030aca0,2026-02-02T12:23:10.080575,0.008114255435216426,2026-02-02T12:23:09.381973995Z,lightOnAction,2026-02-02 12:23:11.399026+00:00,2026-02-02 12:23:11.399109+00:00
2b55c6120f7a28b73a0f2599c030aca0,2026-02-02T12:23:10.080575,0.008114255435216426,2026-02-02T12:23:09.381973995Z,lightOnInvocation,2026-02-02 12:23:09.397031+00:00,2026-02-02 12:23:09.397204+00:00
2b55c6120f7a28b73a0f2599c030aca0,2026-02-02T12:23:10.080575,0.008114255435216426,2026-02-02T12:23:09.381973995Z,bellOnInvocation,2026-02-02 12:23:09.409518+00:00,2026-02-02 12:23:09.409688+00:00
2b55c6120f7a28b73a0f2599c030aca0,2026-02-02T12:23:10.080575,0.008114255435216426,2026-02-02T12:23:09.381973995Z,gateDownAction,2026-02-02 12:23:11.399253+00:00,2026-02-02 12:23:11.399324+00:00
2b55c6120f7a28b73a0f2599c030aca0,2026-02-02T12:23:10.080575,0.008114255435216426,2026-02-02T12:23:09.381973995Z,bellOnAction,2026-02-02 12:23:11.411296+00:00,2026-02-02 12:23:11.411361+00:00
2b55c6120f7a28b73a0f2599c030aca0,2026-02-02T12:23:10.080575,0.008114255435216426,2026-02-02T12:23:09.381973995Z,lightOnAction,2026-02-02 12:23:11.398509+00:00,2026-02-02 12:23:11.398570+00:00
2b55c6120f7a28b73a0f2599c030aca0,2026-02-02T12:23:10.080575,0.008114255435216426,2026-02-02T12:23:09.381973995Z,gateDownInvocation,2026-02-02 12:23:09.396883+00:00,2026-02-02 12:23:09.397131+00:00
2b55c6120f7a28b73a0f2599c030aca0,2026-02-02T12:23:10.080575,0.008114255435216426,2026-02-02T12:23:09.381973995Z,gateDownAction,2026-02-02 12:23:11.400916+00:00,2026-02-02 12:23:11.400968+00:00
2b55c6120f7a28b73a0f2599c030aca0,2026-02-02T12:23:10.080575,0.008114255435216426,2026-02-02T12:23:09.381973995Z,bellOnAction,2026-02-02 12:23:11.407774+00:00,2026-02-02 12:23:11.407840+00:00
2b55c6120f7a28b73a0f2599c030aca0,2026-02-02T12:23:10.080575,0.008114255435216426,2026-02-02T12:23:09.381973995Z,lightOnInvocation,2026-02-02 12:23:09.397610+00:00,2026-02-02 12:23:09.397798+00:00
72bca88f4f177320ceb51645941cac57,2026-02-02T12:32:02.612367,0.09703635625042915,2026-02-02T12:32:02.967968349Z,bellOffInvocation,2026-02-02 12:32:02.974627+00:00,2026-02-02 12:32:02.974710+00:00
72bca88f4f177320ceb51645941cac57,2026-02-02T12:32:02.612367,0.09703635625042915,2026-02-02T12:32:02.967968349Z,lightOffInvocation,2026-02-02 12:32:02.974860+00:00,2026-02-02 12:32:02.974944+00:00
72bca88f4f177320ceb51645941cac57,2026-02-02T12:32:02.612367,0.09703635625042915,2026-02-02T12:32:02.967968349Z,gateUpInvocation,2026-02-02 12:32:02.972758+00:00,2026-02-02 12:32:02.972893+00:00
72bca88f4f177320ceb51645941cac57,2026-02-02T12:32:02.612367,0.09703635625042915,2026-02-02T12:32:02.967968349Z,bellOffInvocation,2026-02-02 12:32:02.972372+00:00,2026-02-02 12:32:02.972466+00:00
72bca88f4f177320ceb51645941cac57,2026-02-02T12:32:02.612367,0.09703635625042915,2026-02-02T12:32:02.967968349Z,gateUpInvocation,2026-02-02 12:32:02.972443+00:00,2026-02-02 12:32:02.972576+00:00
72bca88f4f177320ceb51645941cac57,2026-02-02T12:32:02.612367,0.09703635625042915,2026-02-02T12:32:02.967968349Z,lightOffInvocation,2026-02-02 12:32:02.972230+00:00,2026-02-02 12:32:02.972347+00:00
822ad6651039968a162d9b9dc6a0b8ac,2026-02-02T12:23:05.773826,0.007563113185060024,2026-02-02T12:23:06.074755198Z,bellOffInvocation,2026-02-02 12:23:06.092808+00:00,2026-02-02 12:23:06.092919+00:00
822ad6651039968a162d9b9dc6a0b8ac,2026-02-02T12:23:05.773826,0.007563113185060024,2026-02-02T12:23:06.074755198Z,lightOffInvocation,2026-02-02 12:23:06.086754+00:00,2026-02-02 12:23:06.086948+00:00
822ad6651039968a162d9b9dc6a0b8ac,2026-02-02T12:23:05.773826,0.007563113185060024,2026-02-02T12:23:06.074755198Z,bellOffInvocation,2026-02-02 12:23:06.095650+00:00,2026-02-02 12:23:06.095759+00:00
822ad6651039968a162d9b9dc6a0b8ac,2026-02-02T12:23:05.773826,0.007563113185060024,2026-02-02T12:23:06.074755198Z,gateUpInvocation,2026-02-02 12:23:06.087562+00:00,2026-02-02 12:23:06.087709+00:00
822ad6651039968a162d9b9dc6a0b8ac,2026-02-02T12:23:05.773826,0.007563113185060024,2026-02-02T12:23:06.074755198Z,gateUpInvocation,2026-02-02 12:23:06.086727+00:00,2026-02-02 12:23:06.086866+00:00
822ad6651039968a162d9b9dc6a0b8ac,2026-02-02T12:23:05.773826,0.007563113185060024,2026-02-02T12:23:06.074755198Z,lightOffInvocation,2026-02-02 12:23:06.090041+00:00,2026-02-02 12:23:06.090184+00:00
82848a668ab06e38e96131bc836940af,2026-02-02T12:26:24.043672,0.040605896357870104,2026-02-02T12:26:24.351213247Z,gateUpInvocation,2026-02-02 12:26:24.354763+00:00,2026-02-02 12:26:24.354826+00:00
82848a668ab06e38e96131bc836940af,2026-02-02T12:26:24.043672,0.040605896357870104,2026-02-02T12:26:24.351213247Z,lightOffInvocation,2026-02-02 12:26:24.354456+00:00,2026-02-02 12:26:24.354509+00:00
82848a668ab06e38e96131bc836940af,2026-02-02T12:26:24.043672,0.040605896357870104,2026-02-02T12:26:24.351213247Z,bellOffInvocation,2026-02-02 12:26:24.355913+00:00,2026-02-02 12:26:24.355964+00:00
82848a668ab06e38e96131bc836940af,2026-02-02T12:26:24.043672,0.040605896357870104,2026-02-02T12:26:24.351213247Z,gateUpInvocation,2026-02-02 12:26:24.354456+00:00,2026-02-02 12:26:24.354509+00:00
82848a668ab06e38e96131bc836940af,2026-02-02T12:26:24.043672,0.040605896357870104,2026-02-02T12:26:24.351213247Z,lightOffInvocation,2026-02-02 12:26:24.355531+00:00,2026-02-02 12:26:24.355592+00:00
82848a668ab06e38e96131bc836940af,2026-02-02T12:26:24.043672,0.040605896357870104,2026-02-02T12:26:24.351213247Z,bellOffInvocation,2026-02-02 12:26:24.355220+00:00,2026-02-02 12:26:24.355262+00:00
9f93f15b61328ceef0f3828d31f3aa7a,2026-02-02T12:23:18.684824,0.009716198339033127,2026-02-02T12:23:18.99444241Z,bellOffInvocation,2026-02-02 12:23:19.002676+00:00,2026-02-02 12:23:19.002727+00:00
9f93f15b61328ceef0f3828d31f3aa7a,2026-02-02T12:23:18.684824,0.009716198339033127,2026-02-02T12:23:18.99444241Z,gateUpInvocation,2026-02-02 12:23:19.000642+00:00,2026-02-02 12:23:19.001002+00:00
9f93f15b61328ceef0f3828d31f3aa7a,2026-02-02T12:23:18.684824,0.009716198339033127,2026-02-02T12:23:18.99444241Z,lightOffInvocation,2026-02-02 12:23:19.002516+00:00,2026-02-02 12:23:19.002587+00:00
9f93f15b61328ceef0f3828d31f3aa7a,2026-02-02T12:23:18.684824,0.009716198339033127,2026-02-02T12:23:18.99444241Z,bellOffInvocation,2026-02-02 12:23:19.001077+00:00,2026-02-02 12:23:19.001166+00:00
9f93f15b61328ceef0f3828d31f3aa7a,2026-02-02T12:23:18.684824,0.009716198339033127,2026-02-02T12:23:18.99444241Z,lightOffInvocation,2026-02-02 12:23:19.000276+00:00,2026-02-02 12:23:19.000357+00:00
9f93f15b61328ceef0f3828d31f3aa7a,2026-02-02T12:23:18.684824,0.009716198339033127,2026-02-02T12:23:18.99444241Z,gateUpInvocation,2026-02-02 12:23:19.000171+00:00,2026-02-02 12:23:19.000243+00:00
c678ef2fa3efd9292c1ed5d3d6217f45,2026-02-02T12:23:53.164328,0.015295822475790977,2026-02-02T12:23:52.475587815Z,lightOnAction,2026-02-02 12:23:54.484392+00:00,2026-02-02 12:23:54.484405+00:00
c678ef2fa3efd9292c1ed5d3d6217f45,2026-02-02T12:23:53.164328,0.015295822475790977,2026-02-02T12:23:52.475587815Z,gateDownAction,2026-02-02 12:23:54.484224+00:00,2026-02-02 12:23:54.484259+00:00
c678ef2fa3efd9292c1ed5d3d6217f45,2026-02-02T12:23:53.164328,0.015295822475790977,2026-02-02T12:23:52.475587815Z,lightOnAction,2026-02-02 12:23:54.483958+00:00,2026-02-02 12:23:54.484026+00:00
c678ef2fa3efd9292c1ed5d3d6217f45,2026-02-02T12:23:53.164328,0.015295822475790977,2026-02-02T12:23:52.475587815Z,lightOnInvocation,2026-02-02 12:23:52.483221+00:00,2026-02-02 12:23:52.483357+00:00
c678ef2fa3efd9292c1ed5d3d6217f45,2026-02-02T12:23:53.164328,0.015295822475790977,2026-02-02T12:23:52.475587815Z,bellOnInvocation,2026-02-02 12:23:52.485256+00:00,2026-02-02 12:23:52.485358+00:00
c678ef2fa3efd9292c1ed5d3d6217f45,2026-02-02T12:23:53.164328,0.015295822475790977,2026-02-02T12:23:52.475587815Z,lightOnInvocation,2026-02-02 12:23:52.483773+00:00,2026-02-02 12:23:52.483974+00:00
c678ef2fa3efd9292c1ed5d3d6217f45,2026-02-02T12:23:53.164328,0.015295822475790977,2026-02-02T12:23:52.475587815Z,gateDownInvocation,2026-02-02 12:23:52.482738+00:00,2026-02-02 12:23:52.482880+00:00
c678ef2fa3efd9292c1ed5d3d6217f45,2026-02-02T12:23:53.164328,0.015295822475790977,2026-02-02T12:23:52.475587815Z,bellOnAction,2026-02-02 12:23:54.485858+00:00,2026-02-02 12:23:54.485884+00:00
c678ef2fa3efd9292c1ed5d3d6217f45,2026-02-02T12:23:53.164328,0.015295822475790977,2026-02-02T12:23:52.475587815Z,gateDownInvocation,2026-02-02 12:23:52.486665+00:00,2026-02-02 12:23:52.486908+00:00
c678ef2fa3efd9292c1ed5d3d6217f45,2026-02-02T12:23:53.164328,0.015295822475790977,2026-02-02T12:23:52.475587815Z,bellOnInvocation,2026-02-02 12:23:52.490651+00:00,2026-02-02 12:23:52.490704+00:00
c678ef2fa3efd9292c1ed5d3d6217f45,2026-02-02T12:23:53.164328,0.015295822475790977,2026-02-02T12:23:52.475587815Z,bellOnAction,2026-02-02 12:23:54.490971+00:00,2026-02-02 12:23:54.491030+00:00
c678ef2fa3efd9292c1ed5d3d6217f45,2026-02-02T12:23:53.164328,0.015295822475790977,2026-02-02T12:23:52.475587815Z,gateDownAction,2026-02-02 12:23:54.487752+00:00,2026-02-02 12:23:54.487780+00:00
225cff5ef0cf1d00b8c44889b6d501d1,2026-02-02T12:27:07.269977,0.04780906112725736,2026-02-02T12:27:07.574621571Z,lightOffInvocation,2026-02-02 12:27:07.583061+00:00,2026-02-02 12:27:07.583202+00:00
225cff5ef0cf1d00b8c44889b6d501d1,2026-02-02T12:27:07.269977,0.04780906112725736,2026-02-02T12:27:07.574621571Z,bellOffInvocation,2026-02-02 12:27:07.588182+00:00,2026-02-02 12:27:07.588328+00:00
225cff5ef0cf1d00b8c44889b6d501d1,2026-02-02T12:27:07.269977,0.04780906112725736,2026-02-02T12:27:07.574621571Z,lightOffInvocation,2026-02-02 12:27:07.582315+00:00,2026-02-02 12:27:07.582457+00:00
225cff5ef0cf1d00b8c44889b6d501d1,2026-02-02T12:27:07.269977,0.04780906112725736,2026-02-02T12:27:07.574621571Z,gateUpInvocation,2026-02-02 12:27:07.585356+00:00,2026-02-02 12:27:07.585495+00:00
225cff5ef0cf1d00b8c44889b6d501d1,2026-02-02T12:27:07.269977,0.04780906112725736,2026-02-02T12:27:07.574621571Z,bellOffInvocation,2026-02-02 12:27:07.585767+00:00,2026-02-02 12:27:07.585902+00:00
225cff5ef0cf1d00b8c44889b6d501d1,2026-02-02T12:27:07.269977,0.04780906112725736,2026-02-02T12:27:07.574621571Z,gateUpInvocation,2026-02-02 12:27:07.582124+00:00,2026-02-02 12:27:07.582275+00:00
cd7f3ce216b63400b13287236f8af625,2026-02-02T12:31:10.400034,0.08816512963792086,2026-02-02T12:31:09.735289871Z,gateDownAction,2026-02-02 12:31:11.745009+00:00,2026-02-02 12:31:11.745081+00:00
cd7f3ce216b63400b13287236f8af625,2026-02-02T12:31:10.400034,0.08816512963792086,2026-02-02T12:31:09.735289871Z,bellOnInvocation,2026-02-02 12:31:09.743327+00:00,2026-02-02 12:31:09.743472+00:00
cd7f3ce216b63400b13287236f8af625,2026-02-02T12:31:10.400034,0.08816512963792086,2026-02-02T12:31:09.735289871Z,bellOnAction,2026-02-02 12:31:11.745240+00:00,2026-02-02 12:31:11.745340+00:00
cd7f3ce216b63400b13287236f8af625,2026-02-02T12:31:10.400034,0.08816512963792086,2026-02-02T12:31:09.735289871Z,gateDownAction,2026-02-02 12:31:11.743076+00:00,2026-02-02 12:31:11.743152+00:00
cd7f3ce216b63400b13287236f8af625,2026-02-02T12:31:10.400034,0.08816512963792086,2026-02-02T12:31:09.735289871Z,lightOnAction,2026-02-02 12:31:11.746572+00:00,2026-02-02 12:31:11.746639+00:00
cd7f3ce216b63400b13287236f8af625,2026-02-02T12:31:10.400034,0.08816512963792086,2026-02-02T12:31:09.735289871Z,bellOnAction,2026-02-02 12:31:11.745698+00:00,2026-02-02 12:31:11.745771+00:00
cd7f3ce216b63400b13287236f8af625,2026-02-02T12:31:10.400034,0.08816512963792086,2026-02-02T12:31:09.735289871Z,lightOnInvocation,2026-02-02 12:31:09.741603+00:00,2026-02-02 12:31:09.741720+00:00
cd7f3ce216b63400b13287236f8af625,2026-02-02T12:31:10.400034,0.08816512963792086,2026-02-02T12:31:09.735289871Z,gateDownInvocation,2026-02-02 12:31:09.743389+00:00,2026-02-02 12:31:09.743578+00:00
cd7f3ce216b63400b13287236f8af625,2026-02-02T12:31:10.400034,0.08816512963792086,2026-02-02T12:31:09.735289871Z,bellOnInvocation,2026-02-02 12:31:09.745207+00:00,2026-02-02 12:31:09.745305+00:00
cd7f3ce216b63400b13287236f8af625,2026-02-02T12:31:10.400034,0.08816512963792086,2026-02-02T12:31:09.735289871Z,gateDownInvocation,2026-02-02 12:31:09.741669+00:00,2026-02-02 12:31:09.742013+00:00
cd7f3ce216b63400b13287236f8af625,2026-02-02T12:31:10.400034,0.08816512963792086,2026-02-02T12:31:09.735289871Z,lightOnAction,2026-02-02 12:31:11.743240+00:00,2026-02-02 12:31:11.743313+00:00
cd7f3ce216b63400b13287236f8af625,2026-02-02T12:31:10.400034,0.08816512963792086,2026-02-02T12:31:09.735289871Z,lightOnInvocation,2026-02-02 12:31:09.745464+00:00,2026-02-02 12:31:09.745578+00:00
77df3e6df86bd8b88cd2c7105e481dd9,2026-02-02T12:30:22.680667,0.08021991750342847,2026-02-02T12:30:22.059290109Z,lightOnInvocation,2026-02-02 12:30:22.065888+00:00,2026-02-02 12:30:22.066091+00:00
77df3e6df86bd8b88cd2c7105e481dd9,2026-02-02T12:30:22.680667,0.08021991750342847,2026-02-02T12:30:22.059290109Z,lightOnAction,2026-02-02 12:30:24.070623+00:00,2026-02-02 12:30:24.070686+00:00
77df3e6df86bd8b88cd2c7105e481dd9,2026-02-02T12:30:22.680667,0.08021991750342847,2026-02-02T12:30:22.059290109Z,gateDownInvocation,2026-02-02 12:30:22.065838+00:00,2026-02-02 12:30:22.066130+00:00
77df3e6df86bd8b88cd2c7105e481dd9,2026-02-02T12:30:22.680667,0.08021991750342847,2026-02-02T12:30:22.059290109Z,lightOnAction,2026-02-02 12:30:24.066850+00:00,2026-02-02 12:30:24.066977+00:00
77df3e6df86bd8b88cd2c7105e481dd9,2026-02-02T12:30:22.680667,0.08021991750342847,2026-02-02T12:30:22.059290109Z,bellOnInvocation,2026-02-02 12:30:22.070037+00:00,2026-02-02 12:30:22.070216+00:00
77df3e6df86bd8b88cd2c7105e481dd9,2026-02-02T12:30:22.680667,0.08021991750342847,2026-02-02T12:30:22.059290109Z,bellOnInvocation,2026-02-02 12:30:22.067446+00:00,2026-02-02 12:30:22.067656+00:00
77df3e6df86bd8b88cd2c7105e481dd9,2026-02-02T12:30:22.680667,0.08021991750342847,2026-02-02T12:30:22.059290109Z,gateDownAction,2026-02-02 12:30:24.069104+00:00,2026-02-02 12:30:24.069191+00:00
77df3e6df86bd8b88cd2c7105e481dd9,2026-02-02T12:30:22.680667,0.08021991750342847,2026-02-02T12:30:22.059290109Z,lightOnInvocation,2026-02-02 12:30:22.069286+00:00,2026-02-02 12:30:22.069453+00:00
77df3e6df86bd8b88cd2c7105e481dd9,2026-02-02T12:30:22.680667,0.08021991750342847,2026-02-02T12:30:22.059290109Z,bellOnAction,2026-02-02 12:30:24.068849+00:00,2026-02-02 12:30:24.068972+00:00
77df3e6df86bd8b88cd2c7105e481dd9,2026-02-02T12:30:22.680667,0.08021991750342847,2026-02-02T12:30:22.059290109Z,gateDownInvocation,2026-02-02 12:30:22.066558+00:00,2026-02-02 12:30:22.066941+00:00
77df3e6df86bd8b88cd2c7105e481dd9,2026-02-02T12:30:22.680667,0.08021991750342847,2026-02-02T12:30:22.059290109Z,gateDownAction,2026-02-02 12:30:24.067524+00:00,2026-02-02 12:30:24.067608+00:00
77df3e6df86bd8b88cd2c7105e481dd9,2026-02-02T12:30:22.680667,0.08021991750342847,2026-02-02T12:30:22.059290109Z,bellOnAction,2026-02-02 12:30:24.071467+00:00,2026-02-02 12:30:24.071534+00:00
821851e78b9af31460dd82d1a481bd6b,2026-02-02T12:26:32.678329,0.04204884805021287,2026-02-02T12:26:33.010118597Z,lightOffInvocation,2026-02-02 12:26:33.024446+00:00,2026-02-02 12:26:33.024530+00:00
821851e78b9af31460dd82d1a481bd6b,2026-02-02T12:26:32.678329,0.04204884805021287,2026-02-02T12:26:33.010118597Z,bellOffInvocation,2026-02-02 12:26:33.024727+00:00,2026-02-02 12:26:33.024830+00:00
821851e78b9af31460dd82d1a481bd6b,2026-02-02T12:26:32.678329,0.04204884805021287,2026-02-02T12:26:33.010118597Z,gateUpInvocation,2026-02-02 12:26:33.023026+00:00,2026-02-02 12:26:33.023144+00:00
821851e78b9af31460dd82d1a481bd6b,2026-02-02T12:26:32.678329,0.04204884805021287,2026-02-02T12:26:33.010118597Z,lightOffInvocation,2026-02-02 12:26:33.021548+00:00,2026-02-02 12:26:33.021687+00:00
821851e78b9af31460dd82d1a481bd6b,2026-02-02T12:26:32.678329,0.04204884805021287,2026-02-02T12:26:33.010118597Z,gateUpInvocation,2026-02-02 12:26:33.020534+00:00,2026-02-02 12:26:33.020649+00:00
821851e78b9af31460dd82d1a481bd6b,2026-02-02T12:26:32.678329,0.04204884805021287,2026-02-02T12:26:33.010118597Z,bellOffInvocation,2026-02-02 12:26:33.026450+00:00,2026-02-02 12:26:33.026671+00:00
e9f903be1fdb1b228edbb68059f265aa,2026-02-02T12:23:44.539968,0.014025318146133423,2026-02-02T12:23:44.851798203Z,gateUpInvocation,2026-02-02 12:23:44.855673+00:00,2026-02-02 12:23:44.855719+00:00
e9f903be1fdb1b228edbb68059f265aa,2026-02-02T12:23:44.539968,0.014025318146133423,2026-02-02T12:23:44.851798203Z,lightOffInvocation,2026-02-02 12:23:44.856478+00:00,2026-02-02 12:23:44.856516+00:00
e9f903be1fdb1b228edbb68059f265aa,2026-02-02T12:23:44.539968,0.014025318146133423,2026-02-02T12:23:44.851798203Z,lightOffInvocation,2026-02-02 12:23:44.858171+00:00,2026-02-02 12:23:44.858218+00:00
e9f903be1fdb1b228edbb68059f265aa,2026-02-02T12:23:44.539968,0.014025318146133423,2026-02-02T12:23:44.851798203Z,bellOffInvocation,2026-02-02 12:23:44.858255+00:00,2026-02-02 12:23:44.858296+00:00
e9f903be1fdb1b228edbb68059f265aa,2026-02-02T12:23:44.539968,0.014025318146133423,2026-02-02T12:23:44.851798203Z,bellOffInvocation,2026-02-02 12:23:44.859151+00:00,2026-02-02 12:23:44.859205+00:00
e9f903be1fdb1b228edbb68059f265aa,2026-02-02T12:23:44.539968,0.014025318146133423,2026-02-02T12:23:44.851798203Z,gateUpInvocation,2026-02-02 12:23:44.856716+00:00,2026-02-02 12:23:44.856757+00:00
7b4e7b5aceee31d5a341af4d3c088a18,2026-02-02T12:27:37.628770,0.052709172136282935,2026-02-02T12:27:36.978300139Z,gateDownAction,2026-02-02 12:27:38.987557+00:00,2026-02-02 12:27:38.987651+00:00
7b4e7b5aceee31d5a341af4d3c088a18,2026-02-02T12:27:37.628770,0.052709172136282935,2026-02-02T12:27:36.978300139Z,lightOnInvocation,2026-02-02 12:27:36.988884+00:00,2026-02-02 12:27:36.989067+00:00
7b4e7b5aceee31d5a341af4d3c088a18,2026-02-02T12:27:37.628770,0.052709172136282935,2026-02-02T12:27:36.978300139Z,lightOnAction,2026-02-02 12:27:38.987861+00:00,2026-02-02 12:27:38.988012+00:00
7b4e7b5aceee31d5a341af4d3c088a18,2026-02-02T12:27:37.628770,0.052709172136282935,2026-02-02T12:27:36.978300139Z,bellOnInvocation,2026-02-02 12:27:36.990710+00:00,2026-02-02 12:27:36.990891+00:00
7b4e7b5aceee31d5a341af4d3c088a18,2026-02-02T12:27:37.628770,0.052709172136282935,2026-02-02T12:27:36.978300139Z,bellOnAction,2026-02-02 12:27:38.989055+00:00,2026-02-02 12:27:38.989150+00:00
7b4e7b5aceee31d5a341af4d3c088a18,2026-02-02T12:27:37.628770,0.052709172136282935,2026-02-02T12:27:36.978300139Z,gateDownInvocation,2026-02-02 12:27:36.985115+00:00,2026-02-02 12:27:36.986010+00:00
7b4e7b5aceee31d5a341af4d3c088a18,2026-02-02T12:27:37.628770,0.052709172136282935,2026-02-02T12:27:36.978300139Z,bellOnAction,2026-02-02 12:27:38.991558+00:00,2026-02-02 12:27:38.991649+00:00
7b4e7b5aceee31d5a341af4d3c088a18,2026-02-02T12:27:37.628770,0.052709172136282935,2026-02-02T12:27:36.978300139Z,bellOnInvocation,2026-02-02 12:27:36.986758+00:00,2026-02-02 12:27:36.987014+00:00
7b4e7b5aceee31d5a341af4d3c088a18,2026-02-02T12:27:37.628770,0.052709172136282935,2026-02-02T12:27:36.978300139Z,lightOnInvocation,2026-02-02 12:27:36.986533+00:00,2026-02-02 12:27:36.986746+00:00
7b4e7b5aceee31d5a341af4d3c088a18,2026-02-02T12:27:37.628770,0.052709172136282935,2026-02-02T12:27:36.978300139Z,gateDownAction,2026-02-02 12:27:38.987515+00:00,2026-02-02 12:27:38.987632+00:00
7b4e7b5aceee31d5a341af4d3c088a18,2026-02-02T12:27:37.628770,0.052709172136282935,2026-02-02T12:27:36.978300139Z,gateDownInvocation,2026-02-02 12:27:36.986204+00:00,2026-02-02 12:27:36.986530+00:00
7b4e7b5aceee31d5a341af4d3c088a18,2026-02-02T12:27:37.628770,0.052709172136282935,2026-02-02T12:27:36.978300139Z,lightOnAction,2026-02-02 12:27:38.990208+00:00,2026-02-02 12:27:38.990289+00:00
4c492cb0472cf31ece89544b0675c964,2026-02-02T12:25:40.886393,0.03325115270510913,2026-02-02T12:25:40.218452521Z,bellOnInvocation,2026-02-02 12:25:40.230324+00:00,2026-02-02 12:25:40.230450+00:00
4c492cb0472cf31ece89544b0675c964,2026-02-02T12:25:40.886393,0.03325115270510913,2026-02-02T12:25:40.218452521Z,lightOnAction,2026-02-02 12:25:42.229204+00:00,2026-02-02 12:25:42.229290+00:00
4c492cb0472cf31ece89544b0675c964,2026-02-02T12:25:40.886393,0.03325115270510913,2026-02-02T12:25:40.218452521Z,gateDownInvocation,2026-02-02 12:25:40.228949+00:00,2026-02-02 12:25:40.229233+00:00
4c492cb0472cf31ece89544b0675c964,2026-02-02T12:25:40.886393,0.03325115270510913,2026-02-02T12:25:40.218452521Z,lightOnInvocation,2026-02-02 12:25:40.227123+00:00,2026-02-02 12:25:40.227319+00:00
4c492cb0472cf31ece89544b0675c964,2026-02-02T12:25:40.886393,0.03325115270510913,2026-02-02T12:25:40.218452521Z,bellOnInvocation,2026-02-02 12:25:40.228518+00:00,2026-02-02 12:25:40.228679+00:00
4c492cb0472cf31ece89544b0675c964,2026-02-02T12:25:40.886393,0.03325115270510913,2026-02-02T12:25:40.218452521Z,gateDownAction,2026-02-02 12:25:42.230775+00:00,2026-02-02 12:25:42.230851+00:00
4c492cb0472cf31ece89544b0675c964,2026-02-02T12:25:40.886393,0.03325115270510913,2026-02-02T12:25:40.218452521Z,bellOnAction,2026-02-02 12:25:42.229527+00:00,2026-02-02 12:25:42.229585+00:00
4c492cb0472cf31ece89544b0675c964,2026-02-02T12:25:40.886393,0.03325115270510913,2026-02-02T12:25:40.218452521Z,lightOnInvocation,2026-02-02 12:25:40.226516+00:00,2026-02-02 12:25:40.226687+00:00
4c492cb0472cf31ece89544b0675c964,2026-02-02T12:25:40.886393,0.03325115270510913,2026-02-02T12:25:40.218452521Z,gateDownAction,2026-02-02 12:25:42.227844+00:00,2026-02-02 12:25:42.228015+00:00
4c492cb0472cf31ece89544b0675c964,2026-02-02T12:25:40.886393,0.03325115270510913,2026-02-02T12:25:40.218452521Z,lightOnAction,2026-02-02 12:25:42.227522+00:00,2026-02-02 12:25:42.227609+00:00
4c492cb0472cf31ece89544b0675c964,2026-02-02T12:25:40.886393,0.03325115270510913,2026-02-02T12:25:40.218452521Z,gateDownInvocation,2026-02-02 12:25:40.226501+00:00,2026-02-02 12:25:40.226702+00:00
4c492cb0472cf31ece89544b0675c964,2026-02-02T12:25:40.886393,0.03325115270510913,2026-02-02T12:25:40.218452521Z,bellOnAction,2026-02-02 12:25:42.231362+00:00,2026-02-02 12:25:42.231448+00:00
b027e24a4ea95581c1fdee8c7644e1b8,2026-02-02T12:28:51.421911,0.06516724174313546,2026-02-02T12:28:51.734173633Z,lightOffInvocation,2026-02-02 12:28:51.740692+00:00,2026-02-02 12:28:51.740730+00:00
b027e24a4ea95581c1fdee8c7644e1b8,2026-02-02T12:28:51.421911,0.06516724174313546,2026-02-02T12:28:51.734173633Z,bellOffInvocation,2026-02-02 12:28:51.740399+00:00,2026-02-02 12:28:51.740471+00:00
b027e24a4ea95581c1fdee8c7644e1b8,2026-02-02T12:28:51.421911,0.06516724174313546,2026-02-02T12:28:51.734173633Z,bellOffInvocation,2026-02-02 12:28:51.740636+00:00,2026-02-02 12:28:51.740689+00:00
b027e24a4ea95581c1fdee8c7644e1b8,2026-02-02T12:28:51.421911,0.06516724174313546,2026-02-02T12:28:51.734173633Z,gateUpInvocation,2026-02-02 12:28:51.739757+00:00,2026-02-02 12:28:51.739821+00:00
b027e24a4ea95581c1fdee8c7644e1b8,2026-02-02T12:28:51.421911,0.06516724174313546,2026-02-02T12:28:51.734173633Z,gateUpInvocation,2026-02-02 12:28:51.739251+00:00,2026-02-02 12:28:51.739300+00:00
b027e24a4ea95581c1fdee8c7644e1b8,2026-02-02T12:28:51.421911,0.06516724174313546,2026-02-02T12:28:51.734173633Z,lightOffInvocation,2026-02-02 12:28:51.739222+00:00,2026-02-02 12:28:51.739309+00:00
d2e152afdb2f89ce6c718f316cda100b,2026-02-02T12:22:52.864876,0.005412819434797764,2026-02-02T12:22:53.171697933Z,gateUpInvocation,2026-02-02 12:22:53.183194+00:00,2026-02-02 12:22:53.183349+00:00
d2e152afdb2f89ce6c718f316cda100b,2026-02-02T12:22:52.864876,0.005412819434797764,2026-02-02T12:22:53.171697933Z,lightOffInvocation,2026-02-02 12:22:53.183384+00:00,2026-02-02 12:22:53.183532+00:00
d2e152afdb2f89ce6c718f316cda100b,2026-02-02T12:22:52.864876,0.005412819434797764,2026-02-02T12:22:53.171697933Z,lightOffInvocation,2026-02-02 12:22:53.188393+00:00,2026-02-02 12:22:53.188430+00:00
d2e152afdb2f89ce6c718f316cda100b,2026-02-02T12:22:52.864876,0.005412819434797764,2026-02-02T12:22:53.171697933Z,gateUpInvocation,2026-02-02 12:22:53.187749+00:00,2026-02-02 12:22:53.187794+00:00
d2e152afdb2f89ce6c718f316cda100b,2026-02-02T12:22:52.864876,0.005412819434797764,2026-02-02T12:22:53.171697933Z,bellOffInvocation,2026-02-02 12:22:53.187233+00:00,2026-02-02 12:22:53.187280+00:00
d2e152afdb2f89ce6c718f316cda100b,2026-02-02T12:22:52.864876,0.005412819434797764,2026-02-02T12:22:53.171697933Z,bellOffInvocation,2026-02-02 12:22:53.189488+00:00,2026-02-02 12:22:53.189518+00:00
ffd4f2b2fb716921d205c53b7bf32734,2026-02-02T12:30:18.301031,0.07965257156298161,2026-02-02T12:30:18.654754193Z,lightOffInvocation,2026-02-02 12:30:18.659218+00:00,2026-02-02 12:30:18.659273+00:00
ffd4f2b2fb716921d205c53b7bf32734,2026-02-02T12:30:18.301031,0.07965257156298161,2026-02-02T12:30:18.654754193Z,gateUpInvocation,2026-02-02 12:30:18.659278+00:00,2026-02-02 12:30:18.659334+00:00
ffd4f2b2fb716921d205c53b7bf32734,2026-02-02T12:30:18.301031,0.07965257156298161,2026-02-02T12:30:18.654754193Z,gateUpInvocation,2026-02-02 12:30:18.659095+00:00,2026-02-02 12:30:18.659165+00:00
ffd4f2b2fb716921d205c53b7bf32734,2026-02-02T12:30:18.301031,0.07965257156298161,2026-02-02T12:30:18.654754193Z,bellOffInvocation,2026-02-02 12:30:18.659315+00:00,2026-02-02 12:30:18.659367+00:00
ffd4f2b2fb716921d205c53b7bf32734,2026-02-02T12:30:18.301031,0.07965257156298161,2026-02-02T12:30:18.654754193Z,lightOffInvocation,2026-02-02 12:30:18.660813+00:00,2026-02-02 12:30:18.660876+00:00
ffd4f2b2fb716921d205c53b7bf32734,2026-02-02T12:30:18.301031,0.07965257156298161,2026-02-02T12:30:18.654754193Z,bellOffInvocation,2026-02-02 12:30:18.660829+00:00,2026-02-02 12:30:18.660884+00:00
83a89c2add260e7da835fa53f05d1f6c,2026-02-02T12:29:26.174307,0.07096302446721793,2026-02-02T12:29:26.512335631Z,gateUpInvocation,2026-02-02 12:29:26.528676+00:00,2026-02-02 12:29:26.528760+00:00
83a89c2add260e7da835fa53f05d1f6c,2026-02-02T12:29:26.174307,0.07096302446721793,2026-02-02T12:29:26.512335631Z,bellOffInvocation,2026-02-02 12:29:26.526228+00:00,2026-02-02 12:29:26.526329+00:00
83a89c2add260e7da835fa53f05d1f6c,2026-02-02T12:29:26.174307,0.07096302446721793,2026-02-02T12:29:26.512335631Z,lightOffInvocation,2026-02-02 12:29:26.521128+00:00,2026-02-02 12:29:26.521292+00:00
83a89c2add260e7da835fa53f05d1f6c,2026-02-02T12:29:26.174307,0.07096302446721793,2026-02-02T12:29:26.512335631Z,gateUpInvocation,2026-02-02 12:29:26.524538+00:00,2026-02-02 12:29:26.524637+00:00
83a89c2add260e7da835fa53f05d1f6c,2026-02-02T12:29:26.174307,0.07096302446721793,2026-02-02T12:29:26.512335631Z,bellOffInvocation,2026-02-02 12:29:26.532057+00:00,2026-02-02 12:29:26.532129+00:00
83a89c2add260e7da835fa53f05d1f6c,2026-02-02T12:29:26.174307,0.07096302446721793,2026-02-02T12:29:26.512335631Z,lightOffInvocation,2026-02-02 12:29:26.529184+00:00,2026-02-02 12:29:26.529267+00:00
63f13c32ae2de93e10b4b9d638aba792,2026-02-02T12:32:20.014882,0.0999316618838191,2026-02-02T12:32:20.341613321Z,lightOffInvocation,2026-02-02 12:32:20.346521+00:00,2026-02-02 12:32:20.346572+00:00
63f13c32ae2de93e10b4b9d638aba792,2026-02-02T12:32:20.014882,0.0999316618838191,2026-02-02T12:32:20.341613321Z,bellOffInvocation,2026-02-02 12:32:20.348314+00:00,2026-02-02 12:32:20.348389+00:00
63f13c32ae2de93e10b4b9d638aba792,2026-02-02T12:32:20.014882,0.0999316618838191,2026-02-02T12:32:20.341613321Z,bellOffInvocation,2026-02-02 12:32:20.347037+00:00,2026-02-02 12:32:20.347131+00:00
63f13c32ae2de93e10b4b9d638aba792,2026-02-02T12:32:20.014882,0.0999316618838191,2026-02-02T12:32:20.341613321Z,gateUpInvocation,2026-02-02 12:32:20.346598+00:00,2026-02-02 12:32:20.346683+00:00
63f13c32ae2de93e10b4b9d638aba792,2026-02-02T12:32:20.014882,0.0999316618838191,2026-02-02T12:32:20.341613321Z,lightOffInvocation,2026-02-02 12:32:20.346864+00:00,2026-02-02 12:32:20.346950+00:00
63f13c32ae2de93e10b4b9d638aba792,2026-02-02T12:32:20.014882,0.0999316618838191,2026-02-02T12:32:20.341613321Z,gateUpInvocation,2026-02-02 12:32:20.348165+00:00,2026-02-02 12:32:20.348238+00:00
5efed80955899a2f5b9d3b4b3e86cc42,2026-02-02T12:28:55.743880,0.06589355334708691,2026-02-02T12:28:56.092460051Z,bellOffInvocation,2026-02-02 12:28:56.101710+00:00,2026-02-02 12:28:56.101914+00:00
5efed80955899a2f5b9d3b4b3e86cc42,2026-02-02T12:28:55.743880,0.06589355334708691,2026-02-02T12:28:56.092460051Z,lightOffInvocation,2026-02-02 12:28:56.100562+00:00,2026-02-02 12:28:56.100728+00:00
5efed80955899a2f5b9d3b4b3e86cc42,2026-02-02T12:28:55.743880,0.06589355334708691,2026-02-02T12:28:56.092460051Z,gateUpInvocation,2026-02-02 12:28:56.100761+00:00,2026-02-02 12:28:56.100955+00:00
5efed80955899a2f5b9d3b4b3e86cc42,2026-02-02T12:28:55.743880,0.06589355334708691,2026-02-02T12:28:56.092460051Z,bellOffInvocation,2026-02-02 12:28:56.102725+00:00,2026-02-02 12:28:56.102864+00:00
5efed80955899a2f5b9d3b4b3e86cc42,2026-02-02T12:28:55.743880,0.06589355334708691,2026-02-02T12:28:56.092460051Z,gateUpInvocation,2026-02-02 12:28:56.101349+00:00,2026-02-02 12:28:56.101502+00:00
5efed80955899a2f5b9d3b4b3e86cc42,2026-02-02T12:28:55.743880,0.06589355334708691,2026-02-02T12:28:56.092460051Z,lightOffInvocation,2026-02-02 12:28:56.104123+00:00,2026-02-02 12:28:56.104270+00:00
14ca216d8904ade8d18659a9754e593b,2026-02-02T12:26:11.105229,0.03845413798980714,2026-02-02T12:26:11.439522877Z,gateUpInvocation,2026-02-02 12:26:11.454128+00:00,2026-02-02 12:26:11.454213+00:00
14ca216d8904ade8d18659a9754e593b,2026-02-02T12:26:11.105229,0.03845413798980714,2026-02-02T12:26:11.439522877Z,lightOffInvocation,2026-02-02 12:26:11.449649+00:00,2026-02-02 12:26:11.449787+00:00
14ca216d8904ade8d18659a9754e593b,2026-02-02T12:26:11.105229,0.03845413798980714,2026-02-02T12:26:11.439522877Z,lightOffInvocation,2026-02-02 12:26:11.452698+00:00,2026-02-02 12:26:11.452790+00:00
14ca216d8904ade8d18659a9754e593b,2026-02-02T12:26:11.105229,0.03845413798980714,2026-02-02T12:26:11.439522877Z,gateUpInvocation,2026-02-02 12:26:11.450051+00:00,2026-02-02 12:26:11.450176+00:00
14ca216d8904ade8d18659a9754e593b,2026-02-02T12:26:11.105229,0.03845413798980714,2026-02-02T12:26:11.439522877Z,bellOffInvocation,2026-02-02 12:26:11.452345+00:00,2026-02-02 12:26:11.452418+00:00
14ca216d8904ade8d18659a9754e593b,2026-02-02T12:26:11.105229,0.03845413798980714,2026-02-02T12:26:11.439522877Z,bellOffInvocation,2026-02-02 12:26:11.453983+00:00,2026-02-02 12:26:11.454082+00:00
7fd598e1ae66bab3c83083336e9728b9,2026-02-02T12:31:27.819357,0.09124414853355885,2026-02-02T12:31:28.211231897Z,lightOffInvocation,2026-02-02 12:31:28.216379+00:00,2026-02-02 12:31:28.216459+00:00
7fd598e1ae66bab3c83083336e9728b9,2026-02-02T12:31:27.819357,0.09124414853355885,2026-02-02T12:31:28.211231897Z,gateUpInvocation,2026-02-02 12:31:28.217462+00:00,2026-02-02 12:31:28.217520+00:00
7fd598e1ae66bab3c83083336e9728b9,2026-02-02T12:31:27.819357,0.09124414853355885,2026-02-02T12:31:28.211231897Z,bellOffInvocation,2026-02-02 12:31:28.218157+00:00,2026-02-02 12:31:28.218248+00:00
7fd598e1ae66bab3c83083336e9728b9,2026-02-02T12:31:27.819357,0.09124414853355885,2026-02-02T12:31:28.211231897Z,lightOffInvocation,2026-02-02 12:31:28.216363+00:00,2026-02-02 12:31:28.216482+00:00
7fd598e1ae66bab3c83083336e9728b9,2026-02-02T12:31:27.819357,0.09124414853355885,2026-02-02T12:31:28.211231897Z,bellOffInvocation,2026-02-02 12:31:28.216498+00:00,2026-02-02 12:31:28.216634+00:00
7fd598e1ae66bab3c83083336e9728b9,2026-02-02T12:31:27.819357,0.09124414853355885,2026-02-02T12:31:28.211231897Z,gateUpInvocation,2026-02-02 12:31:28.216283+00:00,2026-02-02 12:31:28.216389+00:00
d2535381cbdf3a7573210ee0a78ee4b8,2026-02-02T12:23:31.615690,0.011871364520132542,2026-02-02T12:23:31.926767526Z,lightOffInvocation,2026-02-02 12:23:31.931059+00:00,2026-02-02 12:23:31.931102+00:00
d2535381cbdf3a7573210ee0a78ee4b8,2026-02-02T12:23:31.615690,0.011871364520132542,2026-02-02T12:23:31.926767526Z,lightOffInvocation,2026-02-02 12:23:31.932194+00:00,2026-02-02 12:23:31.932244+00:00
d2535381cbdf3a7573210ee0a78ee4b8,2026-02-02T12:23:31.615690,0.011871364520132542,2026-02-02T12:23:31.926767526Z,gateUpInvocation,2026-02-02 12:23:31.931076+00:00,2026-02-02 12:23:31.931136+00:00
d2535381cbdf3a7573210ee0a78ee4b8,2026-02-02T12:23:31.615690,0.011871364520132542,2026-02-02T12:23:31.926767526Z,bellOffInvocation,2026-02-02 12:23:31.933271+00:00,2026-02-02 12:23:31.933326+00:00
d2535381cbdf3a7573210ee0a78ee4b8,2026-02-02T12:23:31.615690,0.011871364520132542,2026-02-02T12:23:31.926767526Z,bellOffInvocation,2026-02-02 12:23:31.931713+00:00,2026-02-02 12:23:31.931756+00:00
d2535381cbdf3a7573210ee0a78ee4b8,2026-02-02T12:23:31.615690,0.011871364520132542,2026-02-02T12:23:31.926767526Z,gateUpInvocation,2026-02-02 12:23:31.931099+00:00,2026-02-02 12:23:31.931154+00:00
d7c5010b5521b7afc5d005af89fce686,2026-02-02T12:29:21.848960,0.07024557769076824,2026-02-02T12:29:22.20721013Z,gateUpInvocation,2026-02-02 12:29:22.211687+00:00,2026-02-02 12:29:22.211743+00:00
d7c5010b5521b7afc5d005af89fce686,2026-02-02T12:29:21.848960,0.07024557769076824,2026-02-02T12:29:22.20721013Z,bellOffInvocation,2026-02-02 12:29:22.211547+00:00,2026-02-02 12:29:22.211607+00:00
d7c5010b5521b7afc5d005af89fce686,2026-02-02T12:29:21.848960,0.07024557769076824,2026-02-02T12:29:22.20721013Z,bellOffInvocation,2026-02-02 12:29:22.212540+00:00,2026-02-02 12:29:22.212597+00:00
d7c5010b5521b7afc5d005af89fce686,2026-02-02T12:29:21.848960,0.07024557769076824,2026-02-02T12:29:22.20721013Z,lightOffInvocation,2026-02-02 12:29:22.212574+00:00,2026-02-02 12:29:22.212617+00:00
d7c5010b5521b7afc5d005af89fce686,2026-02-02T12:29:21.848960,0.07024557769076824,2026-02-02T12:29:22.20721013Z,lightOffInvocation,2026-02-02 12:29:22.211529+00:00,2026-02-02 12:29:22.211571+00:00
d7c5010b5521b7afc5d005af89fce686,2026-02-02T12:29:21.848960,0.07024557769076824,2026-02-02T12:29:22.20721013Z,gateUpInvocation,2026-02-02 12:29:22.211826+00:00,2026-02-02 12:29:22.211884+00:00
00cea0f6a17fea6c07891ac091b27ae4,2026-02-02T12:27:41.947938,0.05358905568307639,2026-02-02T12:27:42.258215906Z,lightOffInvocation,2026-02-02 12:27:42.263997+00:00,2026-02-02 12:27:42.264092+00:00
00cea0f6a17fea6c07891ac091b27ae4,2026-02-02T12:27:41.947938,0.05358905568307639,2026-02-02T12:27:42.258215906Z,gateUpInvocation,2026-02-02 12:27:42.264072+00:00,2026-02-02 12:27:42.264151+00:00
00cea0f6a17fea6c07891ac091b27ae4,2026-02-02T12:27:41.947938,0.05358905568307639,2026-02-02T12:27:42.258215906Z,lightOffInvocation,2026-02-02 12:27:42.263910+00:00,2026-02-02 12:27:42.264002+00:00
00cea0f6a17fea6c07891ac091b27ae4,2026-02-02T12:27:41.947938,0.05358905568307639,2026-02-02T12:27:42.258215906Z,bellOffInvocation,2026-02-02 12:27:42.265758+00:00,2026-02-02 12:27:42.265836+00:00
00cea0f6a17fea6c07891ac091b27ae4,2026-02-02T12:27:41.947938,0.05358905568307639,2026-02-02T12:27:42.258215906Z,gateUpInvocation,2026-02-02 12:27:42.264817+00:00,2026-02-02 12:27:42.264878+00:00
00cea0f6a17fea6c07891ac091b27ae4,2026-02-02T12:27:41.947938,0.05358905568307639,2026-02-02T12:27:42.258215906Z,bellOffInvocation,2026-02-02 12:27:42.267193+00:00,2026-02-02 12:27:42.267274+00:00
c449139c866d55d1c7ccc2138f6a4299,2026-02-02T12:23:57.466429,0.016013241558718683,2026-02-02T12:23:56.780592515Z,lightOnAction,2026-02-02 12:23:58.792941+00:00,2026-02-02 12:23:58.793009+00:00
c449139c866d55d1c7ccc2138f6a4299,2026-02-02T12:23:57.466429,0.016013241558718683,2026-02-02T12:23:56.780592515Z,gateDownInvocation,2026-02-02 12:23:56.791489+00:00,2026-02-02 12:23:56.791873+00:00
c449139c866d55d1c7ccc2138f6a4299,2026-02-02T12:23:57.466429,0.016013241558718683,2026-02-02T12:23:56.780592515Z,lightOnAction,2026-02-02 12:23:58.792756+00:00,2026-02-02 12:23:58.792813+00:00
c449139c866d55d1c7ccc2138f6a4299,2026-02-02T12:23:57.466429,0.016013241558718683,2026-02-02T12:23:56.780592515Z,bellOnInvocation,2026-02-02 12:23:56.794301+00:00,2026-02-02 12:23:56.794507+00:00
c449139c866d55d1c7ccc2138f6a4299,2026-02-02T12:23:57.466429,0.016013241558718683,2026-02-02T12:23:56.780592515Z,bellOnAction,2026-02-02 12:23:58.796324+00:00,2026-02-02 12:23:58.796362+00:00
c449139c866d55d1c7ccc2138f6a4299,2026-02-02T12:23:57.466429,0.016013241558718683,2026-02-02T12:23:56.780592515Z,bellOnAction,2026-02-02 12:23:58.796136+00:00,2026-02-02 12:23:58.796172+00:00
c449139c866d55d1c7ccc2138f6a4299,2026-02-02T12:23:57.466429,0.016013241558718683,2026-02-02T12:23:56.780592515Z,bellOnInvocation,2026-02-02 12:23:56.794549+00:00,2026-02-02 12:23:56.794949+00:00
c449139c866d55d1c7ccc2138f6a4299,2026-02-02T12:23:57.466429,0.016013241558718683,2026-02-02T12:23:56.780592515Z,gateDownAction,2026-02-02 12:23:58.792756+00:00,2026-02-02 12:23:58.792813+00:00
c449139c866d55d1c7ccc2138f6a4299,2026-02-02T12:23:57.466429,0.016013241558718683,2026-02-02T12:23:56.780592515Z,gateDownInvocation,2026-02-02 12:23:56.793031+00:00,2026-02-02 12:23:56.793305+00:00
c449139c866d55d1c7ccc2138f6a4299,2026-02-02T12:23:57.466429,0.016013241558718683,2026-02-02T12:23:56.780592515Z,gateDownAction,2026-02-02 12:23:58.795137+00:00,2026-02-02 12:23:58.795171+00:00
c449139c866d55d1c7ccc2138f6a4299,2026-02-02T12:23:57.466429,0.016013241558718683,2026-02-02T12:23:56.780592515Z,lightOnInvocation,2026-02-02 12:23:56.791527+00:00,2026-02-02 12:23:56.791660+00:00
c449139c866d55d1c7ccc2138f6a4299,2026-02-02T12:23:57.466429,0.016013241558718683,2026-02-02T12:23:56.780592515Z,lightOnInvocation,2026-02-02 12:23:56.791639+00:00,2026-02-02 12:23:56.791858+00:00
1450a924fc1ed686edf9bcb1192f2a02,2026-02-02T12:24:49.155887,0.024793576522266866,2026-02-02T12:24:49.467786637Z,bellOffInvocation,2026-02-02 12:24:49.472534+00:00,2026-02-02 12:24:49.472577+00:00
1450a924fc1ed686edf9bcb1192f2a02,2026-02-02T12:24:49.155887,0.024793576522266866,2026-02-02T12:24:49.467786637Z,gateUpInvocation,2026-02-02 12:24:49.471503+00:00,2026-02-02 12:24:49.471561+00:00
1450a924fc1ed686edf9bcb1192f2a02,2026-02-02T12:24:49.155887,0.024793576522266866,2026-02-02T12:24:49.467786637Z,gateUpInvocation,2026-02-02 12:24:49.471411+00:00,2026-02-02 12:24:49.471457+00:00
1450a924fc1ed686edf9bcb1192f2a02,2026-02-02T12:24:49.155887,0.024793576522266866,2026-02-02T12:24:49.467786637Z,lightOffInvocation,2026-02-02 12:24:49.472113+00:00,2026-02-02 12:24:49.472146+00:00
1450a924fc1ed686edf9bcb1192f2a02,2026-02-02T12:24:49.155887,0.024793576522266866,2026-02-02T12:24:49.467786637Z,lightOffInvocation,2026-02-02 12:24:49.472043+00:00,2026-02-02 12:24:49.472101+00:00
1450a924fc1ed686edf9bcb1192f2a02,2026-02-02T12:24:49.155887,0.024793576522266866,2026-02-02T12:24:49.467786637Z,bellOffInvocation,2026-02-02 12:24:49.472764+00:00,2026-02-02 12:24:49.472811+00:00
e915a3371e853759e50fff6ee96e173b,2026-02-02T12:28:25.337237,0.060827674319124225,2026-02-02T12:28:25.694178688Z,bellOffInvocation,2026-02-02 12:28:25.704011+00:00,2026-02-02 12:28:25.704158+00:00
e915a3371e853759e50fff6ee96e173b,2026-02-02T12:28:25.337237,0.060827674319124225,2026-02-02T12:28:25.694178688Z,bellOffInvocation,2026-02-02 12:28:25.704411+00:00,2026-02-02 12:28:25.704514+00:00
e915a3371e853759e50fff6ee96e173b,2026-02-02T12:28:25.337237,0.060827674319124225,2026-02-02T12:28:25.694178688Z,lightOffInvocation,2026-02-02 12:28:25.703667+00:00,2026-02-02 12:28:25.703798+00:00
e915a3371e853759e50fff6ee96e173b,2026-02-02T12:28:25.337237,0.060827674319124225,2026-02-02T12:28:25.694178688Z,lightOffInvocation,2026-02-02 12:28:25.701298+00:00,2026-02-02 12:28:25.701396+00:00
e915a3371e853759e50fff6ee96e173b,2026-02-02T12:28:25.337237,0.060827674319124225,2026-02-02T12:28:25.694178688Z,gateUpInvocation,2026-02-02 12:28:25.701445+00:00,2026-02-02 12:28:25.701519+00:00
e915a3371e853759e50fff6ee96e173b,2026-02-02T12:28:25.337237,0.060827674319124225,2026-02-02T12:28:25.694178688Z,gateUpInvocation,2026-02-02 12:28:25.701343+00:00,2026-02-02 12:28:25.701443+00:00
b53251bb09a797115c6245d2702b9066,2026-02-02T12:31:58.309932,0.09631694728662969,2026-02-02T12:31:58.651126552Z,lightOffInvocation,2026-02-02 12:31:58.658121+00:00,2026-02-02 12:31:58.658249+00:00
b53251bb09a797115c6245d2702b9066,2026-02-02T12:31:58.309932,0.09631694728662969,2026-02-02T12:31:58.651126552Z,bellOffInvocation,2026-02-02 12:31:58.658245+00:00,2026-02-02 12:31:58.658374+00:00
b53251bb09a797115c6245d2702b9066,2026-02-02T12:31:58.309932,0.09631694728662969,2026-02-02T12:31:58.651126552Z,gateUpInvocation,2026-02-02 12:31:58.660684+00:00,2026-02-02 12:31:58.660776+00:00
b53251bb09a797115c6245d2702b9066,2026-02-02T12:31:58.309932,0.09631694728662969,2026-02-02T12:31:58.651126552Z,lightOffInvocation,2026-02-02 12:31:58.658006+00:00,2026-02-02 12:31:58.658148+00:00
b53251bb09a797115c6245d2702b9066,2026-02-02T12:31:58.309932,0.09631694728662969,2026-02-02T12:31:58.651126552Z,bellOffInvocation,2026-02-02 12:31:58.661255+00:00,2026-02-02 12:31:58.661381+00:00
b53251bb09a797115c6245d2702b9066,2026-02-02T12:31:58.309932,0.09631694728662969,2026-02-02T12:31:58.651126552Z,gateUpInvocation,2026-02-02 12:31:58.657764+00:00,2026-02-02 12:31:58.657895+00:00
db515c4ebb99623c99c96889435be89d,2026-02-02T12:23:31.615690,0.011703010395085813,2026-02-02T12:23:30.91668149Z,gateDownInvocation,2026-02-02 12:23:30.932445+00:00,2026-02-02 12:23:30.932739+00:00
db515c4ebb99623c99c96889435be89d,2026-02-02T12:23:31.615690,0.011703010395085813,2026-02-02T12:23:30.91668149Z,lightOnAction,2026-02-02 12:23:32.939419+00:00,2026-02-02 12:23:32.939500+00:00
db515c4ebb99623c99c96889435be89d,2026-02-02T12:23:31.615690,0.011703010395085813,2026-02-02T12:23:30.91668149Z,lightOnInvocation,2026-02-02 12:23:30.938932+00:00,2026-02-02 12:23:30.939073+00:00
db515c4ebb99623c99c96889435be89d,2026-02-02T12:23:31.615690,0.011703010395085813,2026-02-02T12:23:30.91668149Z,bellOnInvocation,2026-02-02 12:23:30.942209+00:00,2026-02-02 12:23:30.942331+00:00
db515c4ebb99623c99c96889435be89d,2026-02-02T12:23:31.615690,0.011703010395085813,2026-02-02T12:23:30.91668149Z,gateDownInvocation,2026-02-02 12:23:30.938842+00:00,2026-02-02 12:23:30.939068+00:00
db515c4ebb99623c99c96889435be89d,2026-02-02T12:23:31.615690,0.011703010395085813,2026-02-02T12:23:30.91668149Z,bellOnAction,2026-02-02 12:23:32.937665+00:00,2026-02-02 12:23:32.937743+00:00
db515c4ebb99623c99c96889435be89d,2026-02-02T12:23:31.615690,0.011703010395085813,2026-02-02T12:23:30.91668149Z,gateDownAction,2026-02-02 12:23:32.940014+00:00,2026-02-02 12:23:32.940100+00:00
db515c4ebb99623c99c96889435be89d,2026-02-02T12:23:31.615690,0.011703010395085813,2026-02-02T12:23:30.91668149Z,bellOnAction,2026-02-02 12:23:32.943141+00:00,2026-02-02 12:23:32.943257+00:00
db515c4ebb99623c99c96889435be89d,2026-02-02T12:23:31.615690,0.011703010395085813,2026-02-02T12:23:30.91668149Z,lightOnInvocation,2026-02-02 12:23:30.936353+00:00,2026-02-02 12:23:30.936509+00:00
db515c4ebb99623c99c96889435be89d,2026-02-02T12:23:31.615690,0.011703010395085813,2026-02-02T12:23:30.91668149Z,bellOnInvocation,2026-02-02 12:23:30.937123+00:00,2026-02-02 12:23:30.937263+00:00
db515c4ebb99623c99c96889435be89d,2026-02-02T12:23:31.615690,0.011703010395085813,2026-02-02T12:23:30.91668149Z,lightOnAction,2026-02-02 12:23:32.937988+00:00,2026-02-02 12:23:32.938087+00:00
db515c4ebb99623c99c96889435be89d,2026-02-02T12:23:31.615690,0.011703010395085813,2026-02-02T12:23:30.91668149Z,gateDownAction,2026-02-02 12:23:32.936277+00:00,2026-02-02 12:23:32.936394+00:00
31b6dd0eae181650f26bf5d11a6a40b7,2026-02-02T12:32:15.692688,0.09920745256385803,2026-02-02T12:32:15.9958537Z,lightOffInvocation,2026-02-02 12:32:16.001493+00:00,2026-02-02 12:32:16.001561+00:00
31b6dd0eae181650f26bf5d11a6a40b7,2026-02-02T12:32:15.692688,0.09920745256385803,2026-02-02T12:32:15.9958537Z,gateUpInvocation,2026-02-02 12:32:16.001439+00:00,2026-02-02 12:32:16.001505+00:00
31b6dd0eae181650f26bf5d11a6a40b7,2026-02-02T12:32:15.692688,0.09920745256385803,2026-02-02T12:32:15.9958537Z,lightOffInvocation,2026-02-02 12:32:16.001777+00:00,2026-02-02 12:32:16.001840+00:00
31b6dd0eae181650f26bf5d11a6a40b7,2026-02-02T12:32:15.692688,0.09920745256385803,2026-02-02T12:32:15.9958537Z,bellOffInvocation,2026-02-02 12:32:16.002725+00:00,2026-02-02 12:32:16.002817+00:00
31b6dd0eae181650f26bf5d11a6a40b7,2026-02-02T12:32:15.692688,0.09920745256385803,2026-02-02T12:32:15.9958537Z,gateUpInvocation,2026-02-02 12:32:16.002483+00:00,2026-02-02 12:32:16.002619+00:00
31b6dd0eae181650f26bf5d11a6a40b7,2026-02-02T12:32:15.692688,0.09920745256385803,2026-02-02T12:32:15.9958537Z,bellOffInvocation,2026-02-02 12:32:16.001776+00:00,2026-02-02 12:32:16.001843+00:00
342fd7a84e73e72692e3069ebbf04e0f,2026-02-02T12:23:14.382168,0.008998820498394967,2026-02-02T12:23:14.689860029Z,gateUpInvocation,2026-02-02 12:23:14.707217+00:00,2026-02-02 12:23:14.707359+00:00
342fd7a84e73e72692e3069ebbf04e0f,2026-02-02T12:23:14.382168,0.008998820498394967,2026-02-02T12:23:14.689860029Z,lightOffInvocation,2026-02-02 12:23:14.703634+00:00,2026-02-02 12:23:14.703792+00:00
342fd7a84e73e72692e3069ebbf04e0f,2026-02-02T12:23:14.382168,0.008998820498394967,2026-02-02T12:23:14.689860029Z,lightOffInvocation,2026-02-02 12:23:14.699717+00:00,2026-02-02 12:23:14.700030+00:00
342fd7a84e73e72692e3069ebbf04e0f,2026-02-02T12:23:14.382168,0.008998820498394967,2026-02-02T12:23:14.689860029Z,gateUpInvocation,2026-02-02 12:23:14.699798+00:00,2026-02-02 12:23:14.701014+00:00
342fd7a84e73e72692e3069ebbf04e0f,2026-02-02T12:23:14.382168,0.008998820498394967,2026-02-02T12:23:14.689860029Z,bellOffInvocation,2026-02-02 12:23:14.706945+00:00,2026-02-02 12:23:14.707068+00:00
342fd7a84e73e72692e3069ebbf04e0f,2026-02-02T12:23:14.382168,0.008998820498394967,2026-02-02T12:23:14.689860029Z,bellOffInvocation,2026-02-02 12:23:14.711457+00:00,2026-02-02 12:23:14.711553+00:00
3d22049bda6acd785752d093b6df22ed,2026-02-02T12:29:47.876187,0.07458232057420015,2026-02-02T12:29:48.230250866Z,gateUpInvocation,2026-02-02 12:29:48.236263+00:00,2026-02-02 12:29:48.236312+00:00
3d22049bda6acd785752d093b6df22ed,2026-02-02T12:29:47.876187,0.07458232057420015,2026-02-02T12:29:48.230250866Z,bellOffInvocation,2026-02-02 12:29:48.236314+00:00,2026-02-02 12:29:48.236365+00:00
3d22049bda6acd785752d093b6df22ed,2026-02-02T12:29:47.876187,0.07458232057420015,2026-02-02T12:29:48.230250866Z,lightOffInvocation,2026-02-02 12:29:48.235279+00:00,2026-02-02 12:29:48.235361+00:00
3d22049bda6acd785752d093b6df22ed,2026-02-02T12:29:47.876187,0.07458232057420015,2026-02-02T12:29:48.230250866Z,bellOffInvocation,2026-02-02 12:29:48.235399+00:00,2026-02-02 12:29:48.235464+00:00
3d22049bda6acd785752d093b6df22ed,2026-02-02T12:29:47.876187,0.07458232057420015,2026-02-02T12:29:48.230250866Z,lightOffInvocation,2026-02-02 12:29:48.235227+00:00,2026-02-02 12:29:48.235313+00:00
3d22049bda6acd785752d093b6df22ed,2026-02-02T12:29:47.876187,0.07458232057420015,2026-02-02T12:29:48.230250866Z,gateUpInvocation,2026-02-02 12:29:48.234734+00:00,2026-02-02 12:29:48.234800+00:00
73e4bf43473c161d3aa83f2b1b1591d6,2026-02-02T12:24:23.290332,0.020316938322603704,2026-02-02T12:24:22.605406995Z,lightOnInvocation,2026-02-02 12:24:22.618094+00:00,2026-02-02 12:24:22.618314+00:00
73e4bf43473c161d3aa83f2b1b1591d6,2026-02-02T12:24:23.290332,0.020316938322603704,2026-02-02T12:24:22.605406995Z,lightOnAction,2026-02-02 12:24:24.620079+00:00,2026-02-02 12:24:24.620178+00:00
73e4bf43473c161d3aa83f2b1b1591d6,2026-02-02T12:24:23.290332,0.020316938322603704,2026-02-02T12:24:22.605406995Z,gateDownInvocation,2026-02-02 12:24:22.617054+00:00,2026-02-02 12:24:22.617370+00:00
73e4bf43473c161d3aa83f2b1b1591d6,2026-02-02T12:24:23.290332,0.020316938322603704,2026-02-02T12:24:22.605406995Z,bellOnAction,2026-02-02 12:24:24.623319+00:00,2026-02-02 12:24:24.623416+00:00
73e4bf43473c161d3aa83f2b1b1591d6,2026-02-02T12:24:23.290332,0.020316938322603704,2026-02-02T12:24:22.605406995Z,lightOnInvocation,2026-02-02 12:24:22.617105+00:00,2026-02-02 12:24:22.617291+00:00
73e4bf43473c161d3aa83f2b1b1591d6,2026-02-02T12:24:23.290332,0.020316938322603704,2026-02-02T12:24:22.605406995Z,gateDownAction,2026-02-02 12:24:24.621581+00:00,2026-02-02 12:24:24.621600+00:00
73e4bf43473c161d3aa83f2b1b1591d6,2026-02-02T12:24:23.290332,0.020316938322603704,2026-02-02T12:24:22.605406995Z,lightOnAction,2026-02-02 12:24:24.619181+00:00,2026-02-02 12:24:24.619263+00:00
73e4bf43473c161d3aa83f2b1b1591d6,2026-02-02T12:24:23.290332,0.020316938322603704,2026-02-02T12:24:22.605406995Z,bellOnInvocation,2026-02-02 12:24:22.621165+00:00,2026-02-02 12:24:22.621300+00:00
73e4bf43473c161d3aa83f2b1b1591d6,2026-02-02T12:24:23.290332,0.020316938322603704,2026-02-02T12:24:22.605406995Z,bellOnInvocation,2026-02-02 12:24:22.620352+00:00,2026-02-02 12:24:22.620534+00:00
73e4bf43473c161d3aa83f2b1b1591d6,2026-02-02T12:24:23.290332,0.020316938322603704,2026-02-02T12:24:22.605406995Z,bellOnAction,2026-02-02 12:24:24.621716+00:00,2026-02-02 12:24:24.621739+00:00
73e4bf43473c161d3aa83f2b1b1591d6,2026-02-02T12:24:23.290332,0.020316938322603704,2026-02-02T12:24:22.605406995Z,gateDownInvocation,2026-02-02 12:24:22.620126+00:00,2026-02-02 12:24:22.620415+00:00
73e4bf43473c161d3aa83f2b1b1591d6,2026-02-02T12:24:23.290332,0.020316938322603704,2026-02-02T12:24:22.605406995Z,gateDownAction,2026-02-02 12:24:24.619181+00:00,2026-02-02 12:24:24.619263+00:00
996157d24ebc37836417c149a44e8b25,2026-02-02T12:28:07.992282,0.05792831108810903,2026-02-02T12:28:08.296242416Z,lightOffInvocation,2026-02-02 12:28:08.304668+00:00,2026-02-02 12:28:08.304834+00:00
996157d24ebc37836417c149a44e8b25,2026-02-02T12:28:07.992282,0.05792831108810903,2026-02-02T12:28:08.296242416Z,gateUpInvocation,2026-02-02 12:28:08.303521+00:00,2026-02-02 12:28:08.303660+00:00
996157d24ebc37836417c149a44e8b25,2026-02-02T12:28:07.992282,0.05792831108810903,2026-02-02T12:28:08.296242416Z,bellOffInvocation,2026-02-02 12:28:08.306441+00:00,2026-02-02 12:28:08.306541+00:00
996157d24ebc37836417c149a44e8b25,2026-02-02T12:28:07.992282,0.05792831108810903,2026-02-02T12:28:08.296242416Z,gateUpInvocation,2026-02-02 12:28:08.306437+00:00,2026-02-02 12:28:08.306526+00:00
996157d24ebc37836417c149a44e8b25,2026-02-02T12:28:07.992282,0.05792831108810903,2026-02-02T12:28:08.296242416Z,bellOffInvocation,2026-02-02 12:28:08.305056+00:00,2026-02-02 12:28:08.305197+00:00
996157d24ebc37836417c149a44e8b25,2026-02-02T12:28:07.992282,0.05792831108810903,2026-02-02T12:28:08.296242416Z,lightOffInvocation,2026-02-02 12:28:08.303545+00:00,2026-02-02 12:28:08.303700+00:00
8c6688e658e60047a6f4b764520fb5c9,2026-02-02T12:31:14.788876,0.08906442920435667,2026-02-02T12:31:15.131627109Z,bellOffInvocation,2026-02-02 12:31:15.141261+00:00,2026-02-02 12:31:15.141379+00:00
8c6688e658e60047a6f4b764520fb5c9,2026-02-02T12:31:14.788876,0.08906442920435667,2026-02-02T12:31:15.131627109Z,bellOffInvocation,2026-02-02 12:31:15.139165+00:00,2026-02-02 12:31:15.139294+00:00
8c6688e658e60047a6f4b764520fb5c9,2026-02-02T12:31:14.788876,0.08906442920435667,2026-02-02T12:31:15.131627109Z,lightOffInvocation,2026-02-02 12:31:15.140596+00:00,2026-02-02 12:31:15.140712+00:00
8c6688e658e60047a6f4b764520fb5c9,2026-02-02T12:31:14.788876,0.08906442920435667,2026-02-02T12:31:15.131627109Z,lightOffInvocation,2026-02-02 12:31:15.137717+00:00,2026-02-02 12:31:15.137865+00:00
8c6688e658e60047a6f4b764520fb5c9,2026-02-02T12:31:14.788876,0.08906442920435667,2026-02-02T12:31:15.131627109Z,gateUpInvocation,2026-02-02 12:31:15.137633+00:00,2026-02-02 12:31:15.137757+00:00
8c6688e658e60047a6f4b764520fb5c9,2026-02-02T12:31:14.788876,0.08906442920435667,2026-02-02T12:31:15.131627109Z,gateUpInvocation,2026-02-02 12:31:15.138632+00:00,2026-02-02 12:31:15.138772+00:00
9b06f5edf40c5d3a6551ad9b43788fa0,2026-02-02T12:26:37.012727,0.04277227893189192,2026-02-02T12:26:37.350784953Z,gateUpInvocation,2026-02-02 12:26:37.354406+00:00,2026-02-02 12:26:37.354463+00:00
9b06f5edf40c5d3a6551ad9b43788fa0,2026-02-02T12:26:37.012727,0.04277227893189192,2026-02-02T12:26:37.350784953Z,bellOffInvocation,2026-02-02 12:26:37.354900+00:00,2026-02-02 12:26:37.354940+00:00
9b06f5edf40c5d3a6551ad9b43788fa0,2026-02-02T12:26:37.012727,0.04277227893189192,2026-02-02T12:26:37.350784953Z,bellOffInvocation,2026-02-02 12:26:37.354543+00:00,2026-02-02 12:26:37.354588+00:00
9b06f5edf40c5d3a6551ad9b43788fa0,2026-02-02T12:26:37.012727,0.04277227893189192,2026-02-02T12:26:37.350784953Z,gateUpInvocation,2026-02-02 12:26:37.353777+00:00,2026-02-02 12:26:37.353818+00:00
9b06f5edf40c5d3a6551ad9b43788fa0,2026-02-02T12:26:37.012727,0.04277227893189192,2026-02-02T12:26:37.350784953Z,lightOffInvocation,2026-02-02 12:26:37.354974+00:00,2026-02-02 12:26:37.355002+00:00
9b06f5edf40c5d3a6551ad9b43788fa0,2026-02-02T12:26:37.012727,0.04277227893189192,2026-02-02T12:26:37.350784953Z,lightOffInvocation,2026-02-02 12:26:37.353785+00:00,2026-02-02 12:26:37.353840+00:00
8b21dc4b4c521509feed1d1e29ba864b,2026-02-02T12:26:15.405773,0.03916937814483643,2026-02-02T12:26:15.731356855Z,lightOffInvocation,2026-02-02 12:26:15.742093+00:00,2026-02-02 12:26:15.742222+00:00
8b21dc4b4c521509feed1d1e29ba864b,2026-02-02T12:26:15.405773,0.03916937814483643,2026-02-02T12:26:15.731356855Z,bellOffInvocation,2026-02-02 12:26:15.741621+00:00,2026-02-02 12:26:15.741778+00:00
8b21dc4b4c521509feed1d1e29ba864b,2026-02-02T12:26:15.405773,0.03916937814483643,2026-02-02T12:26:15.731356855Z,gateUpInvocation,2026-02-02 12:26:15.740655+00:00,2026-02-02 12:26:15.740814+00:00
8b21dc4b4c521509feed1d1e29ba864b,2026-02-02T12:26:15.405773,0.03916937814483643,2026-02-02T12:26:15.731356855Z,lightOffInvocation,2026-02-02 12:26:15.739425+00:00,2026-02-02 12:26:15.739532+00:00
8b21dc4b4c521509feed1d1e29ba864b,2026-02-02T12:26:15.405773,0.03916937814483643,2026-02-02T12:26:15.731356855Z,bellOffInvocation,2026-02-02 12:26:15.742616+00:00,2026-02-02 12:26:15.742757+00:00
8b21dc4b4c521509feed1d1e29ba864b,2026-02-02T12:26:15.405773,0.03916937814483643,2026-02-02T12:26:15.731356855Z,gateUpInvocation,2026-02-02 12:26:15.739709+00:00,2026-02-02 12:26:15.739894+00:00
52b5f2d11bec3ec697638f865ccff1d7,2026-02-02T12:25:36.571332,0.03269539755651951,2026-02-02T12:25:36.8836083Z,lightOffInvocation,2026-02-02 12:25:36.895236+00:00,2026-02-02 12:25:36.895380+00:00
52b5f2d11bec3ec697638f865ccff1d7,2026-02-02T12:25:36.571332,0.03269539755651951,2026-02-02T12:25:36.8836083Z,bellOffInvocation,2026-02-02 12:25:36.898969+00:00,2026-02-02 12:25:36.899109+00:00
52b5f2d11bec3ec697638f865ccff1d7,2026-02-02T12:25:36.571332,0.03269539755651951,2026-02-02T12:25:36.8836083Z,gateUpInvocation,2026-02-02 12:25:36.893699+00:00,2026-02-02 12:25:36.893858+00:00
52b5f2d11bec3ec697638f865ccff1d7,2026-02-02T12:25:36.571332,0.03269539755651951,2026-02-02T12:25:36.8836083Z,gateUpInvocation,2026-02-02 12:25:36.892729+00:00,2026-02-02 12:25:36.892919+00:00
52b5f2d11bec3ec697638f865ccff1d7,2026-02-02T12:25:36.571332,0.03269539755651951,2026-02-02T12:25:36.8836083Z,bellOffInvocation,2026-02-02 12:25:36.896463+00:00,2026-02-02 12:25:36.896629+00:00
52b5f2d11bec3ec697638f865ccff1d7,2026-02-02T12:25:36.571332,0.03269539755651951,2026-02-02T12:25:36.8836083Z,lightOffInvocation,2026-02-02 12:25:36.897262+00:00,2026-02-02 12:25:36.897424+00:00
ded231a5ede9bc1115c2afa8a7fbbeab,2026-02-02T12:30:09.610613,0.07820646841140987,2026-02-02T12:30:09.97737687Z,bellOffInvocation,2026-02-02 12:30:09.988624+00:00,2026-02-02 12:30:09.988695+00:00
ded231a5ede9bc1115c2afa8a7fbbeab,2026-02-02T12:30:09.610613,0.07820646841140987,2026-02-02T12:30:09.97737687Z,lightOffInvocation,2026-02-02 12:30:09.985846+00:00,2026-02-02 12:30:09.985924+00:00
ded231a5ede9bc1115c2afa8a7fbbeab,2026-02-02T12:30:09.610613,0.07820646841140987,2026-02-02T12:30:09.97737687Z,gateUpInvocation,2026-02-02 12:30:09.982731+00:00,2026-02-02 12:30:09.982831+00:00
ded231a5ede9bc1115c2afa8a7fbbeab,2026-02-02T12:30:09.610613,0.07820646841140987,2026-02-02T12:30:09.97737687Z,gateUpInvocation,2026-02-02 12:30:09.984189+00:00,2026-02-02 12:30:09.984282+00:00
ded231a5ede9bc1115c2afa8a7fbbeab,2026-02-02T12:30:09.610613,0.07820646841140987,2026-02-02T12:30:09.97737687Z,bellOffInvocation,2026-02-02 12:30:09.990028+00:00,2026-02-02 12:30:09.990117+00:00
ded231a5ede9bc1115c2afa8a7fbbeab,2026-02-02T12:30:09.610613,0.07820646841140987,2026-02-02T12:30:09.97737687Z,lightOffInvocation,2026-02-02 12:30:09.985099+00:00,2026-02-02 12:30:09.985190+00:00
a56c2906edf112c22b70dd8af346efae,2026-02-02T12:28:20.981329,0.0599332146823764,2026-02-02T12:28:20.326861615Z,bellOnAction,2026-02-02 12:28:22.339041+00:00,2026-02-02 12:28:22.339164+00:00
a56c2906edf112c22b70dd8af346efae,2026-02-02T12:28:20.981329,0.0599332146823764,2026-02-02T12:28:20.326861615Z,gateDownAction,2026-02-02 12:28:22.339152+00:00,2026-02-02 12:28:22.339245+00:00
a56c2906edf112c22b70dd8af346efae,2026-02-02T12:28:20.981329,0.0599332146823764,2026-02-02T12:28:20.326861615Z,bellOnInvocation,2026-02-02 12:28:20.337035+00:00,2026-02-02 12:28:20.337231+00:00
a56c2906edf112c22b70dd8af346efae,2026-02-02T12:28:20.981329,0.0599332146823764,2026-02-02T12:28:20.326861615Z,gateDownInvocation,2026-02-02 12:28:20.335170+00:00,2026-02-02 12:28:20.335460+00:00
a56c2906edf112c22b70dd8af346efae,2026-02-02T12:28:20.981329,0.0599332146823764,2026-02-02T12:28:20.326861615Z,lightOnInvocation,2026-02-02 12:28:20.335118+00:00,2026-02-02 12:28:20.335310+00:00
a56c2906edf112c22b70dd8af346efae,2026-02-02T12:28:20.981329,0.0599332146823764,2026-02-02T12:28:20.326861615Z,gateDownAction,2026-02-02 12:28:22.336435+00:00,2026-02-02 12:28:22.336526+00:00
a56c2906edf112c22b70dd8af346efae,2026-02-02T12:28:20.981329,0.0599332146823764,2026-02-02T12:28:20.326861615Z,lightOnInvocation,2026-02-02 12:28:20.335185+00:00,2026-02-02 12:28:20.335398+00:00
a56c2906edf112c22b70dd8af346efae,2026-02-02T12:28:20.981329,0.0599332146823764,2026-02-02T12:28:20.326861615Z,lightOnAction,2026-02-02 12:28:22.336454+00:00,2026-02-02 12:28:22.336538+00:00
a56c2906edf112c22b70dd8af346efae,2026-02-02T12:28:20.981329,0.0599332146823764,2026-02-02T12:28:20.326861615Z,bellOnAction,2026-02-02 12:28:22.338610+00:00,2026-02-02 12:28:22.338693+00:00
a56c2906edf112c22b70dd8af346efae,2026-02-02T12:28:20.981329,0.0599332146823764,2026-02-02T12:28:20.326861615Z,lightOnAction,2026-02-02 12:28:22.336489+00:00,2026-02-02 12:28:22.336592+00:00
a56c2906edf112c22b70dd8af346efae,2026-02-02T12:28:20.981329,0.0599332146823764,2026-02-02T12:28:20.326861615Z,bellOnInvocation,2026-02-02 12:28:20.337495+00:00,2026-02-02 12:28:20.337684+00:00
a56c2906edf112c22b70dd8af346efae,2026-02-02T12:28:20.981329,0.0599332146823764,2026-02-02T12:28:20.326861615Z,gateDownInvocation,2026-02-02 12:28:20.337225+00:00,2026-02-02 12:28:20.337413+00:00
423af3288aede6d9931de05a148668aa,2026-02-02T12:25:58.142446,0.03629008735337258,2026-02-02T12:25:58.453978725Z,bellOffInvocation,2026-02-02 12:25:58.471425+00:00,2026-02-02 12:25:58.471532+00:00
423af3288aede6d9931de05a148668aa,2026-02-02T12:25:58.142446,0.03629008735337258,2026-02-02T12:25:58.453978725Z,bellOffInvocation,2026-02-02 12:25:58.468393+00:00,2026-02-02 12:25:58.468500+00:00
423af3288aede6d9931de05a148668aa,2026-02-02T12:25:58.142446,0.03629008735337258,2026-02-02T12:25:58.453978725Z,lightOffInvocation,2026-02-02 12:25:58.463530+00:00,2026-02-02 12:25:58.463720+00:00
423af3288aede6d9931de05a148668aa,2026-02-02T12:25:58.142446,0.03629008735337258,2026-02-02T12:25:58.453978725Z,lightOffInvocation,2026-02-02 12:25:58.465687+00:00,2026-02-02 12:25:58.466094+00:00
423af3288aede6d9931de05a148668aa,2026-02-02T12:25:58.142446,0.03629008735337258,2026-02-02T12:25:58.453978725Z,gateUpInvocation,2026-02-02 12:25:58.466958+00:00,2026-02-02 12:25:58.467080+00:00
423af3288aede6d9931de05a148668aa,2026-02-02T12:25:58.142446,0.03629008735337258,2026-02-02T12:25:58.453978725Z,gateUpInvocation,2026-02-02 12:25:58.464178+00:00,2026-02-02 12:25:58.464299+00:00
ba9db5e1aa877f61a2d3306b68e0eb58,2026-02-02T12:32:06.937337,0.09759584958742858,2026-02-02T12:32:06.325316236Z,bellOnAction,2026-02-02 12:32:08.331138+00:00,2026-02-02 12:32:08.331223+00:00
ba9db5e1aa877f61a2d3306b68e0eb58,2026-02-02T12:32:06.937337,0.09759584958742858,2026-02-02T12:32:06.325316236Z,bellOnInvocation,2026-02-02 12:32:06.331294+00:00,2026-02-02 12:32:06.331369+00:00
ba9db5e1aa877f61a2d3306b68e0eb58,2026-02-02T12:32:06.937337,0.09759584958742858,2026-02-02T12:32:06.325316236Z,lightOnAction,2026-02-02 12:32:08.331154+00:00,2026-02-02 12:32:08.331239+00:00
ba9db5e1aa877f61a2d3306b68e0eb58,2026-02-02T12:32:06.937337,0.09759584958742858,2026-02-02T12:32:06.325316236Z,gateDownInvocation,2026-02-02 12:32:06.331103+00:00,2026-02-02 12:32:06.331217+00:00
ba9db5e1aa877f61a2d3306b68e0eb58,2026-02-02T12:32:06.937337,0.09759584958742858,2026-02-02T12:32:06.325316236Z,gateDownAction,2026-02-02 12:32:08.331210+00:00,2026-02-02 12:32:08.331265+00:00
ba9db5e1aa877f61a2d3306b68e0eb58,2026-02-02T12:32:06.937337,0.09759584958742858,2026-02-02T12:32:06.325316236Z,lightOnInvocation,2026-02-02 12:32:06.329577+00:00,2026-02-02 12:32:06.329668+00:00
ba9db5e1aa877f61a2d3306b68e0eb58,2026-02-02T12:32:06.937337,0.09759584958742858,2026-02-02T12:32:06.325316236Z,bellOnAction,2026-02-02 12:32:08.331526+00:00,2026-02-02 12:32:08.331578+00:00
ba9db5e1aa877f61a2d3306b68e0eb58,2026-02-02T12:32:06.937337,0.09759584958742858,2026-02-02T12:32:06.325316236Z,lightOnInvocation,2026-02-02 12:32:06.330161+00:00,2026-02-02 12:32:06.330250+00:00
ba9db5e1aa877f61a2d3306b68e0eb58,2026-02-02T12:32:06.937337,0.09759584958742858,2026-02-02T12:32:06.325316236Z,bellOnInvocation,2026-02-02 12:32:06.330322+00:00,2026-02-02 12:32:06.330406+00:00
ba9db5e1aa877f61a2d3306b68e0eb58,2026-02-02T12:32:06.937337,0.09759584958742858,2026-02-02T12:32:06.325316236Z,gateDownInvocation,2026-02-02 12:32:06.329604+00:00,2026-02-02 12:32:06.329717+00:00
ba9db5e1aa877f61a2d3306b68e0eb58,2026-02-02T12:32:06.937337,0.09759584958742858,2026-02-02T12:32:06.325316236Z,lightOnAction,2026-02-02 12:32:08.330807+00:00,2026-02-02 12:32:08.330887+00:00
ba9db5e1aa877f61a2d3306b68e0eb58,2026-02-02T12:32:06.937337,0.09759584958742858,2026-02-02T12:32:06.325316236Z,gateDownAction,2026-02-02 12:32:08.330521+00:00,2026-02-02 12:32:08.330606+00:00
c1943d5649f03c3585ac324dee8133f8,2026-02-02T12:24:57.767677,0.02622968338518143,2026-02-02T12:24:58.085407598Z,lightOffInvocation,2026-02-02 12:24:58.095629+00:00,2026-02-02 12:24:58.095764+00:00
c1943d5649f03c3585ac324dee8133f8,2026-02-02T12:24:57.767677,0.02622968338518143,2026-02-02T12:24:58.085407598Z,gateUpInvocation,2026-02-02 12:24:58.097182+00:00,2026-02-02 12:24:58.097360+00:00
c1943d5649f03c3585ac324dee8133f8,2026-02-02T12:24:57.767677,0.02622968338518143,2026-02-02T12:24:58.085407598Z,bellOffInvocation,2026-02-02 12:24:58.100399+00:00,2026-02-02 12:24:58.100557+00:00
c1943d5649f03c3585ac324dee8133f8,2026-02-02T12:24:57.767677,0.02622968338518143,2026-02-02T12:24:58.085407598Z,bellOffInvocation,2026-02-02 12:24:58.100093+00:00,2026-02-02 12:24:58.100240+00:00
c1943d5649f03c3585ac324dee8133f8,2026-02-02T12:24:57.767677,0.02622968338518143,2026-02-02T12:24:58.085407598Z,lightOffInvocation,2026-02-02 12:24:58.096639+00:00,2026-02-02 12:24:58.096988+00:00
c1943d5649f03c3585ac324dee8133f8,2026-02-02T12:24:57.767677,0.02622968338518143,2026-02-02T12:24:58.085407598Z,gateUpInvocation,2026-02-02 12:24:58.094670+00:00,2026-02-02 12:24:58.094811+00:00
c1dca41a48ed924d3064b4ef1712a145,2026-02-02T12:29:34.852245,0.0724137056718588,2026-02-02T12:29:35.217307803Z,bellOffInvocation,2026-02-02 12:29:35.225335+00:00,2026-02-02 12:29:35.225398+00:00
c1dca41a48ed924d3064b4ef1712a145,2026-02-02T12:29:34.852245,0.0724137056718588,2026-02-02T12:29:35.217307803Z,gateUpInvocation,2026-02-02 12:29:35.223361+00:00,2026-02-02 12:29:35.223441+00:00
c1dca41a48ed924d3064b4ef1712a145,2026-02-02T12:29:34.852245,0.0724137056718588,2026-02-02T12:29:35.217307803Z,lightOffInvocation,2026-02-02 12:29:35.224347+00:00,2026-02-02 12:29:35.224417+00:00
c1dca41a48ed924d3064b4ef1712a145,2026-02-02T12:29:34.852245,0.0724137056718588,2026-02-02T12:29:35.217307803Z,lightOffInvocation,2026-02-02 12:29:35.222768+00:00,2026-02-02 12:29:35.222843+00:00
c1dca41a48ed924d3064b4ef1712a145,2026-02-02T12:29:34.852245,0.0724137056718588,2026-02-02T12:29:35.217307803Z,gateUpInvocation,2026-02-02 12:29:35.222606+00:00,2026-02-02 12:29:35.222678+00:00
c1dca41a48ed924d3064b4ef1712a145,2026-02-02T12:29:34.852245,0.0724137056718588,2026-02-02T12:29:35.217307803Z,bellOffInvocation,2026-02-02 12:29:35.225730+00:00,2026-02-02 12:29:35.225808+00:00
8ce4e9d7155f608d3423e31c775f102a,2026-02-02T12:26:19.735001,0.03989266014900208,2026-02-02T12:26:20.071498547Z,gateUpInvocation,2026-02-02 12:26:20.079480+00:00,2026-02-02 12:26:20.079562+00:00
8ce4e9d7155f608d3423e31c775f102a,2026-02-02T12:26:19.735001,0.03989266014900208,2026-02-02T12:26:20.071498547Z,bellOffInvocation,2026-02-02 12:26:20.080759+00:00,2026-02-02 12:26:20.080819+00:00
8ce4e9d7155f608d3423e31c775f102a,2026-02-02T12:26:19.735001,0.03989266014900208,2026-02-02T12:26:20.071498547Z,lightOffInvocation,2026-02-02 12:26:20.077447+00:00,2026-02-02 12:26:20.077518+00:00
8ce4e9d7155f608d3423e31c775f102a,2026-02-02T12:26:19.735001,0.03989266014900208,2026-02-02T12:26:20.071498547Z,lightOffInvocation,2026-02-02 12:26:20.080364+00:00,2026-02-02 12:26:20.080411+00:00
8ce4e9d7155f608d3423e31c775f102a,2026-02-02T12:26:19.735001,0.03989266014900208,2026-02-02T12:26:20.071498547Z,bellOffInvocation,2026-02-02 12:26:20.080150+00:00,2026-02-02 12:26:20.080212+00:00
8ce4e9d7155f608d3423e31c775f102a,2026-02-02T12:26:19.735001,0.03989266014900208,2026-02-02T12:26:20.071498547Z,gateUpInvocation,2026-02-02 12:26:20.077519+00:00,2026-02-02 12:26:20.077587+00:00
533c2931fec17be5682ff9c51324ec89,2026-02-02T12:23:40.228219,0.013307288256156445,2026-02-02T12:23:40.543251962Z,bellOffInvocation,2026-02-02 12:23:40.564302+00:00,2026-02-02 12:23:40.564627+00:00
533c2931fec17be5682ff9c51324ec89,2026-02-02T12:23:40.228219,0.013307288256156445,2026-02-02T12:23:40.543251962Z,gateUpInvocation,2026-02-02 12:23:40.554311+00:00,2026-02-02 12:23:40.554427+00:00
533c2931fec17be5682ff9c51324ec89,2026-02-02T12:23:40.228219,0.013307288256156445,2026-02-02T12:23:40.543251962Z,bellOffInvocation,2026-02-02 12:23:40.557469+00:00,2026-02-02 12:23:40.557612+00:00
533c2931fec17be5682ff9c51324ec89,2026-02-02T12:23:40.228219,0.013307288256156445,2026-02-02T12:23:40.543251962Z,gateUpInvocation,2026-02-02 12:23:40.552784+00:00,2026-02-02 12:23:40.552955+00:00
533c2931fec17be5682ff9c51324ec89,2026-02-02T12:23:40.228219,0.013307288256156445,2026-02-02T12:23:40.543251962Z,lightOffInvocation,2026-02-02 12:23:40.555775+00:00,2026-02-02 12:23:40.555855+00:00
533c2931fec17be5682ff9c51324ec89,2026-02-02T12:23:40.228219,0.013307288256156445,2026-02-02T12:23:40.543251962Z,lightOffInvocation,2026-02-02 12:23:40.564187+00:00,2026-02-02 12:23:40.564532+00:00
964a0a05b3e21d42eeef1e1c367bb8f5,2026-02-02T12:28:42.716744,0.06372159833581448,2026-02-02T12:28:43.059426711Z,bellOffInvocation,2026-02-02 12:28:43.072113+00:00,2026-02-02 12:28:43.072241+00:00
964a0a05b3e21d42eeef1e1c367bb8f5,2026-02-02T12:28:42.716744,0.06372159833581448,2026-02-02T12:28:43.059426711Z,bellOffInvocation,2026-02-02 12:28:43.071217+00:00,2026-02-02 12:28:43.071334+00:00
964a0a05b3e21d42eeef1e1c367bb8f5,2026-02-02T12:28:42.716744,0.06372159833581448,2026-02-02T12:28:43.059426711Z,lightOffInvocation,2026-02-02 12:28:43.070640+00:00,2026-02-02 12:28:43.070743+00:00
964a0a05b3e21d42eeef1e1c367bb8f5,2026-02-02T12:28:42.716744,0.06372159833581448,2026-02-02T12:28:43.059426711Z,gateUpInvocation,2026-02-02 12:28:43.067065+00:00,2026-02-02 12:28:43.067181+00:00
964a0a05b3e21d42eeef1e1c367bb8f5,2026-02-02T12:28:42.716744,0.06372159833581448,2026-02-02T12:28:43.059426711Z,gateUpInvocation,2026-02-02 12:28:43.067497+00:00,2026-02-02 12:28:43.067634+00:00
964a0a05b3e21d42eeef1e1c367bb8f5,2026-02-02T12:28:42.716744,0.06372159833581448,2026-02-02T12:28:43.059426711Z,lightOffInvocation,2026-02-02 12:28:43.067119+00:00,2026-02-02 12:28:43.067240+00:00
22893ea48c44ab2a9d318af08caab862,2026-02-02T12:29:17.521945,0.06952104856426716,2026-02-02T12:29:17.85947162Z,lightOffInvocation,2026-02-02 12:29:17.862887+00:00,2026-02-02 12:29:17.862931+00:00
22893ea48c44ab2a9d318af08caab862,2026-02-02T12:29:17.521945,0.06952104856426716,2026-02-02T12:29:17.85947162Z,gateUpInvocation,2026-02-02 12:29:17.863248+00:00,2026-02-02 12:29:17.863298+00:00
22893ea48c44ab2a9d318af08caab862,2026-02-02T12:29:17.521945,0.06952104856426716,2026-02-02T12:29:17.85947162Z,bellOffInvocation,2026-02-02 12:29:17.863766+00:00,2026-02-02 12:29:17.863799+00:00
22893ea48c44ab2a9d318af08caab862,2026-02-02T12:29:17.521945,0.06952104856426716,2026-02-02T12:29:17.85947162Z,bellOffInvocation,2026-02-02 12:29:17.863291+00:00,2026-02-02 12:29:17.863350+00:00
22893ea48c44ab2a9d318af08caab862,2026-02-02T12:29:17.521945,0.06952104856426716,2026-02-02T12:29:17.85947162Z,lightOffInvocation,2026-02-02 12:29:17.863444+00:00,2026-02-02 12:29:17.863474+00:00
22893ea48c44ab2a9d318af08caab862,2026-02-02T12:29:17.521945,0.06952104856426716,2026-02-02T12:29:17.85947162Z,gateUpInvocation,2026-02-02 12:29:17.862867+00:00,2026-02-02 12:29:17.862910+00:00
1096b200e7cae18232be374a73fdedcb,2026-02-02T12:29:04.462787,0.06734656315178872,2026-02-02T12:29:04.811403572Z,gateUpInvocation,2026-02-02 12:29:04.820445+00:00,2026-02-02 12:29:04.820586+00:00
1096b200e7cae18232be374a73fdedcb,2026-02-02T12:29:04.462787,0.06734656315178872,2026-02-02T12:29:04.811403572Z,bellOffInvocation,2026-02-02 12:29:04.825432+00:00,2026-02-02 12:29:04.825533+00:00
1096b200e7cae18232be374a73fdedcb,2026-02-02T12:29:04.462787,0.06734656315178872,2026-02-02T12:29:04.811403572Z,bellOffInvocation,2026-02-02 12:29:04.820473+00:00,2026-02-02 12:29:04.820608+00:00
1096b200e7cae18232be374a73fdedcb,2026-02-02T12:29:04.462787,0.06734656315178872,2026-02-02T12:29:04.811403572Z,lightOffInvocation,2026-02-02 12:29:04.819314+00:00,2026-02-02 12:29:04.819454+00:00
1096b200e7cae18232be374a73fdedcb,2026-02-02T12:29:04.462787,0.06734656315178872,2026-02-02T12:29:04.811403572Z,lightOffInvocation,2026-02-02 12:29:04.822997+00:00,2026-02-02 12:29:04.823153+00:00
1096b200e7cae18232be374a73fdedcb,2026-02-02T12:29:04.462787,0.06734656315178872,2026-02-02T12:29:04.811403572Z,gateUpInvocation,2026-02-02 12:29:04.818968+00:00,2026-02-02 12:29:04.819119+00:00
