#group,false,false,true,true,false,false,true,true,true,true,true,true
#datatype,string,long,dateTime:RFC3339,dateTime:RFC3339,dateTime:RFC3339,long,string,string,string,string,string,string
#default,_result,,,,,,,,,,,
,result,table,_start,_stop,_time,_value,_field,_measurement,host,service.name,span_id,trace_id
,,0,2026-02-09T22:23:40.137148752Z,2026-02-10T10:23:40.137148752Z,2026-02-10T10:21:29.006133371Z,3208389,duration_nano,spans,c3e509cb4f2e,surveillance-cloud,01f49694b868b375,1068dc3143ff17ced2fa5dc76595a2d9
,,1,2026-02-09T22:23:40.137148752Z,2026-02-10T10:23:40.137148752Z,2026-02-10T10:12:03.845029286Z,3439454,duration_nano,spans,c3e509cb4f2e,surveillance-cloud,02e90bce2d9fdb00,f1683843ea75acdbc26023588b330c91
,,2,2026-02-09T22:23:40.137148752Z,2026-02-10T10:23:40.137148752Z,2026-02-10T10:14:02.69631328Z,4404179,duration_nano,spans,c3e509cb4f2e,surveillance-cloud,0dbfb0b78dd3d493,1e22c4d365918258b3fc57b9bdcb8e83
,,3,2026-02-09T22:23:40.137148752Z,2026-02-10T10:23:40.137148752Z,2026-02-10T10:16:01.205367075Z,4603646,duration_nano,spans,c3e509cb4f2e,surveillance-cloud,112f26fdcc88a8b8,4ee7a101387c1ca2efce34688c2c87d1
,,4,2026-02-09T22:23:40.137148752Z,2026-02-10T10:23:40.137148752Z,2026-02-10T10:21:30.086918691Z,3312729,duration_nano,spans,c3e509cb4f2e,surveillance-cloud,141f600ec6b4fbb8,d40a275172641a28d09b895b752b9b19
,,5,2026-02-09T22:23:40.137148752Z,2026-02-10T10:23:40.137148752Z,2026-02-10T10:19:30.541050307Z,3331837,duration_nano,spans,c3e509cb4f2e,surveillance-cloud,17b6ec25476ec63d,f01c3a2217a346dc5d1600138732864a
,,6,2026-02-09T22:23:40.137148752Z,2026-02-10T10:23:40.137148752Z,2026-02-10T10:14:00.598598404Z,9774677,duration_nano,spans,c3e509cb4f2e,surveillance-cloud,17cfa9097fa521c4,7088fcc40c87e8f908576a804fa46714
,,7,2026-02-09T22:23:40.137148752Z,2026-02-10T10:23:40.137148752Z,2026-02-10T10:14:03.755616621Z,3917206,duration_nano,spans,c3e509cb4f2e,surveillance-cloud,17ded664357b39e3,06ec7c7ed3d24fc7cba2539c16bf8424
,,8,2026-02-09T22:23:40.137148752Z,2026-02-10T10:23:40.137148752Z,2026-02-10T10:13:41.29889138Z,5029900,duration_nano,spans,c3e509cb4f2e,surveillance-cloud,1cc5325d3219daf0,30db0d9561b8b5e14e550c10f43e6e3b
,,9,2026-02-09T22:23:40.137148752Z,2026-02-10T10:23:40.137148752Z,2026-02-10T10:16:37.943555387Z,3786210,duration_nano,spans,c3e509cb4f2e,surveillance-cloud,2165863a6e5776f1,cf33e63db4a16f42a08194c3c9480fd1
,,10,2026-02-09T22:23:40.137148752Z,2026-02-10T10:23:40.137148752Z,2026-02-10T10:21:02.028891595Z,3360485,duration_nano,spans,c3e509cb4f2e,surveillance-cloud,32b677fb0871c2d2,bfc7a94458a0d88ce68012501b2974c8
,,11,2026-02-09T22:23:40.137148752Z,2026-02-10T10:23:40.137148752Z,2026-02-10T10:13:34.993644708Z,5260881,duration_nano,spans,c3e509cb4f2e,surveillance-cloud,3862794ace65c386,ee0568e18e642b37508c81624f879e0a
,,12,2026-02-09T22:23:40.137148752Z,2026-02-10T10:23:40.137148752Z,2026-02-10T10:12:02.689451585Z,3384224,duration_nano,spans,c3e509cb4f2e,surveillance-cloud,477a8bb23b0f104c,652a4c7716b1ce506d2eff0e55829446
,,13,2026-02-09T22:23:40.137148752Z,2026-02-10T10:23:40.137148752Z,2026-02-10T10:18:20.553792133Z,3237101,duration_nano,spans,c3e509cb4f2e,surveillance-cloud,4e450c8cf4365e37,4fd1303effd56d6ece27d26d8a1dfb55
,,14,2026-02-09T22:23:40.137148752Z,2026-02-10T10:23:40.137148752Z,2026-02-10T10:12:23.39772743Z,3217416,duration_nano,spans,c3e509cb4f2e,surveillance-cloud,500b7f250e5f8bba,fc1c382abf3737b06f62c08ad447c84a
,,15,2026-02-09T22:23:40.137148752Z,2026-02-10T10:23:40.137148752Z,2026-02-10T10:19:57.459796681Z,3260948,duration_nano,spans,c3e509cb4f2e,surveillance-cloud,5bfaf006976c0474,b83166e59c4062bc8365fb8dcd8e72ce
,,16,2026-02-09T22:23:40.137148752Z,2026-02-10T10:23:40.137148752Z,2026-02-10T10:19:56.387956953Z,3367552,duration_nano,spans,c3e509cb4f2e,surveillance-cloud,5d806b4a018907c1,ed17d01aaa45ed4896c7ae3b032e4789
,,17,2026-02-09T22:23:40.137148752Z,2026-02-10T10:23:40.137148752Z,2026-02-10T10:15:34.031957891Z,3351609,duration_nano,spans,c3e509cb4f2e,surveillance-cloud,5e8609ea96464b29,7aa14d2609800dce70cc7928d26b732e
,,18,2026-02-09T22:23:40.137148752Z,2026-02-10T10:23:40.137148752Z,2026-02-10T10:17:58.845620205Z,3338774,duration_nano,spans,c3e509cb4f2e,surveillance-cloud,6cb9acd9b5b053f5,3e0f656ca5b0d82fffbe41695666d92e
,,19,2026-02-09T22:23:40.137148752Z,2026-02-10T10:23:40.137148752Z,2026-02-10T10:20:29.805399887Z,3431159,duration_nano,spans,c3e509cb4f2e,surveillance-cloud,719463349d2d41de,cd3468671ae1556080460933b586256d
,,20,2026-02-09T22:23:40.137148752Z,2026-02-10T10:23:40.137148752Z,2026-02-10T10:12:04.880954477Z,3561349,duration_nano,spans,c3e509cb4f2e,surveillance-cloud,7457a462e67b09e7,6d573876ec25d38db4ce21fb335a53bc
,,21,2026-02-09T22:23:40.137148752Z,2026-02-10T10:23:40.137148752Z,2026-02-10T10:16:56.146023179Z,2939866,duration_nano,spans,c3e509cb4f2e,surveillance-cloud,75566bfafecd9ad6,d267b1f30c72dbeb3ca8075d2b76a007
,,22,2026-02-09T22:23:40.137148752Z,2026-02-10T10:23:40.137148752Z,2026-02-10T10:19:31.620049574Z,3401471,duration_nano,spans,c3e509cb4f2e,surveillance-cloud,7629175963df3be8,fd78f08f08139d15a844ce7bdc9468b5
,,23,2026-02-09T22:23:40.137148752Z,2026-02-10T10:23:40.137148752Z,2026-02-10T10:13:36.003274405Z,3438755,duration_nano,spans,c3e509cb4f2e,surveillance-cloud,773c6231c6068fa2,9b38e2f535a421803c308dbb87aebd4c
,,24,2026-02-09T22:23:40.137148752Z,2026-02-10T10:23:40.137148752Z,2026-02-10T10:14:01.573298327Z,5627012,duration_nano,spans,c3e509cb4f2e,surveillance-cloud,8b65365ab3a881a7,a22c63beb59a378cea9a744b5a0b9b45
,,25,2026-02-09T22:23:40.137148752Z,2026-02-10T10:23:40.137148752Z,2026-02-10T10:21:34.390073438Z,3392119,duration_nano,spans,c3e509cb4f2e,surveillance-cloud,8bd18f474400d083,632e5fdf8eff706c3316170cbeefecfc
,,26,2026-02-09T22:23:40.137148752Z,2026-02-10T10:23:40.137148752Z,2026-02-10T10:16:00.221936834Z,4662660,duration_nano,spans,c3e509cb4f2e,surveillance-cloud,8f54081475575f58,45c6d405bc065b0140105d4e002434bb
,,27,2026-02-09T22:23:40.137148752Z,2026-02-10T10:23:40.137148752Z,2026-02-10T10:21:31.165854568Z,3233532,duration_nano,spans,c3e509cb4f2e,surveillance-cloud,929343a92c59cdf1,956b9de43a0d1695b46fdbe543a21699
,,28,2026-02-09T22:23:40.137148752Z,2026-02-10T10:23:40.137148752Z,2026-02-10T10:14:58.31551719Z,6513768,duration_nano,spans,c3e509cb4f2e,surveillance-cloud,95ec767267a902af,402c8307184c27f638524c441f0143f6
,,29,2026-02-09T22:23:40.137148752Z,2026-02-10T10:23:40.137148752Z,2026-02-10T10:17:57.76129389Z,3272703,duration_nano,spans,c3e509cb4f2e,surveillance-cloud,a9b1b14857f93aa8,4a42b0fbb39701fe154e7398cf33f04c
,,30,2026-02-09T22:23:40.137148752Z,2026-02-10T10:23:40.137148752Z,2026-02-10T10:11:44.678751068Z,3334915,duration_nano,spans,c3e509cb4f2e,surveillance-cloud,b10b5255984862d5,2981e24a86d330b3e0db5374e9e9f166
,,31,2026-02-09T22:23:40.137148752Z,2026-02-10T10:23:40.137148752Z,2026-02-10T10:11:37.387166124Z,8097236,duration_nano,spans,c3e509cb4f2e,surveillance-cloud,c0b2def0f7594a7b,64d9b47b88849fe8b4cad71cb275af7b
,,32,2026-02-09T22:23:40.137148752Z,2026-02-10T10:23:40.137148752Z,2026-02-10T10:13:37.03933887Z,3908717,duration_nano,spans,c3e509cb4f2e,surveillance-cloud,cf3d27a8409cb20e,237d38d58135d62b1442facc71d0ea98
,,33,2026-02-09T22:23:40.137148752Z,2026-02-10T10:23:40.137148752Z,2026-02-10T10:17:31.790774026Z,3479975,duration_nano,spans,c3e509cb4f2e,surveillance-cloud,db97b91df55e8333,aac652d7a89eaf5a4302768326492c66
,,34,2026-02-09T22:23:40.137148752Z,2026-02-10T10:23:40.137148752Z,2026-02-10T10:19:58.535896632Z,3297319,duration_nano,spans,c3e509cb4f2e,surveillance-cloud,e43efb2cada2ae09,3ac36ec4c20ee8a9f7e61a447edff54a
,,35,2026-02-09T22:23:40.137148752Z,2026-02-10T10:23:40.137148752Z,2026-02-10T10:21:33.328172736Z,3302321,duration_nano,spans,c3e509cb4f2e,surveillance-cloud,ea7ab90fdd157551,f345a669983f669345215235d6a90703
,,36,2026-02-09T22:23:40.137148752Z,2026-02-10T10:23:40.137148752Z,2026-02-10T10:15:39.576749922Z,5066658,duration_nano,spans,c3e509cb4f2e,surveillance-cloud,f3311342421b71c4,688bee4f419ad6682bc733277f4c2263
,,37,2026-02-09T22:23:40.137148752Z,2026-02-10T10:23:40.137148752Z,2026-02-10T10:11:43.681440574Z,7344482,duration_nano,spans,c3e509cb4f2e,surveillance-cloud,f6bd9085ff6c9497,d364f8098ad55968b0bf14095c7abfb0
,,38,2026-02-09T22:23:40.137148752Z,2026-02-10T10:23:40.137148752Z,2026-02-10T10:15:35.195117669Z,3480157,duration_nano,spans,c3e509cb4f2e,surveillance-cloud,fee59121a012d995,dbf5553f92df533e086a0888da84a7dd
,,39,2026-02-09T22:23:40.137148752Z,2026-02-10T10:23:40.137148752Z,2026-02-10T10:17:32.854950621Z,3653627,duration_nano,spans,c3e509cb4f2e,surveillance-cloud,ff6d7f151ddec855,7684968772e142198d27f7f11a9d10ea
,,40,2026-02-09T22:23:40.137148752Z,2026-02-10T10:23:40.137148752Z,2026-02-10T10:19:08.826630628Z,121381727,duration_nano,spans,c3e509cb4f2e,surveillance-edge,014239a9de0f5836,1de38e85fa0a4fb443c80e520a8039a5
,,41,2026-02-09T22:23:40.137148752Z,2026-02-10T10:23:40.137148752Z,2026-02-10T10:12:52.127535157Z,159393385,duration_nano,spans,c3e509cb4f2e,surveillance-edge,015d9a83cfd51cdb,a7ed2696583ea720ba10077814983cb9
,,42,2026-02-09T22:23:40.137148752Z,2026-02-10T10:23:40.137148752Z,2026-02-10T10:21:04.052556593Z,125829121,duration_nano,spans,c3e509cb4f2e,surveillance-edge,02724241c89955b1,521d024761303e69673fdae69da068ff
,,43,2026-02-09T22:23:40.137148752Z,2026-02-10T10:23:40.137148752Z,2026-02-10T10:14:11.002196817Z,118291016,duration_nano,spans,c3e509cb4f2e,surveillance-edge,03c1c60bf2c457de,7dc92352d5534d37b4681d89cf396666
,,44,2026-02-09T22:23:40.137148752Z,2026-02-10T10:23:40.137148752Z,2026-02-10T10:12:38.304832403Z,124745996,duration_nano,spans,c3e509cb4f2e,surveillance-edge,0629a6f5390aae47,e0b1b2d23776e5304a2f4b4aa1d1b77d
,,45,2026-02-09T22:23:40.137148752Z,2026-02-10T10:23:40.137148752Z,2026-02-10T10:14:06.750963782Z,210087865,duration_nano,spans,c3e509cb4f2e,surveillance-edge,0655d88225ccf11f,4c32b40794cb7986895d115b80862a88
,,46,2026-02-09T22:23:40.137148752Z,2026-02-10T10:23:40.137148752Z,2026-02-10T10:13:22.098431952Z,122200433,duration_nano,spans,c3e509cb4f2e,surveillance-edge,06ab9646401c4c53,51290c8e2a9eb5b4372d5d2339876a34
,,47,2026-02-09T22:23:40.137148752Z,2026-02-10T10:23:40.137148752Z,2026-02-10T10:19:22.848061147Z,125405009,duration_nano,spans,c3e509cb4f2e,surveillance-edge,06d703bf80821ca2,78bec9f93b9279522bf1d10f930698d2
,,48,2026-02-09T22:23:40.137148752Z,2026-02-10T10:23:40.137148752Z,2026-02-10T10:15:55.709508399Z,187471136,duration_nano,spans,c3e509cb4f2e,surveillance-edge,0710795cfd1b7456,e3b7fda2fe60b4a3cb77ea35ff75d8b3
,,49,2026-02-09T22:23:40.137148752Z,2026-02-10T10:23:40.137148752Z,2026-02-10T10:20:43.708043935Z,115857189,duration_nano,spans,c3e509cb4f2e,surveillance-edge,07a3577b35e5a312,fc2f7b28d86d809f7e6efd74f47482eb
,,50,2026-02-09T22:23:40.137148752Z,2026-02-10T10:23:40.137148752Z,2026-02-10T10:12:51.06279506Z,126173107,duration_nano,spans,c3e509cb4f2e,surveillance-edge,0a7c527e2f4c323b,227f6b4ed990678ea9a318fc8add6276
,,51,2026-02-09T22:23:40.137148752Z,2026-02-10T10:23:40.137148752Z,2026-02-10T10:20:47.99270368Z,130507700,duration_nano,spans,c3e509cb4f2e,surveillance-edge,0a87aed032d916ca,049ef30eb772520f8f74b183db7b44eb
,,52,2026-02-09T22:23:40.137148752Z,2026-02-10T10:23:40.137148752Z,2026-02-10T10:21:32.105502546Z,119653393,duration_nano,spans,c3e509cb4f2e,surveillance-edge,0b558334b02a90c8,6be08ca3c8a064d06105336dc9fb55fb
,,53,2026-02-09T22:23:40.137148752Z,2026-02-10T10:23:40.137148752Z,2026-02-10T10:16:36.631216046Z,139957650,duration_nano,spans,c3e509cb4f2e,surveillance-edge,0b66f013cc7e930f,084444f61c71e00106d06012ba977c2e
,,54,2026-02-09T22:23:40.137148752Z,2026-02-10T10:23:40.137148752Z,2026-02-10T10:17:18.738653386Z,121299177,duration_nano,spans,c3e509cb4f2e,surveillance-edge,0b8e9396dff8d1e4,a3abbf1d039aa9a980f0cf0baecec456
,,55,2026-02-09T22:23:40.137148752Z,2026-02-10T10:23:40.137148752Z,2026-02-10T10:16:24.86383824Z,147068908,duration_nano,spans,c3e509cb4f2e,surveillance-edge,0c1ae73c1432aee6,527681ae66feb5fbddc448171f0c157c
,,56,2026-02-09T22:23:40.137148752Z,2026-02-10T10:23:40.137148752Z,2026-02-10T10:20:26.430825492Z,125968396,duration_nano,spans,c3e509cb4f2e,surveillance-edge,0debb6ad2d256148,be508eb0fa1aa6a397b539dff77632f3
,,57,2026-02-09T22:23:40.137148752Z,2026-02-10T10:23:40.137148752Z,2026-02-10T10:15:56.80004263Z,209166538,duration_nano,spans,c3e509cb4f2e,surveillance-edge,0fd6f153b9f10cbc,0c57ebbe76a7ed66114a6b86c2a6b3c6
,,58,2026-02-09T22:23:40.137148752Z,2026-02-10T10:23:40.137148752Z,2026-02-10T10:16:57.10452345Z,127608402,duration_nano,spans,c3e509cb4f2e,surveillance-edge,0ff191807440c795,3265a11ce1ce2fd2a1ac6654994cb5ed
,,59,2026-02-09T22:23:40.137148752Z,2026-02-10T10:23:40.137148752Z,2026-02-10T10:20:53.374353998Z,124616955,duration_nano,spans,c3e509cb4f2e,surveillance-edge,1018a45a5f3ec7aa,d9705b9084045c0e7a94a5b8c66f1a27
,,60,2026-02-09T22:23:40.137148752Z,2026-02-10T10:23:40.137148752Z,2026-02-10T10:20:51.215157496Z,124158331,duration_nano,spans,c3e509cb4f2e,surveillance-edge,10701f0452f34c71,323f9710c55b660412c55300f07e710c
,,61,2026-02-09T22:23:40.137148752Z,2026-02-10T10:23:40.137148752Z,2026-02-10T10:14:28.027083739Z,192764334,duration_nano,spans,c3e509cb4f2e,surveillance-edge,108f812efe3e835c,208f2b5ef5022a0ef4dd5a2dbff90e4e
,,62,2026-02-09T22:23:40.137148752Z,2026-02-10T10:23:40.137148752Z,2026-02-10T10:14:00.374603469Z,192091526,duration_nano,spans,c3e509cb4f2e,surveillance-edge,1099b4f76adfbe24,7088fcc40c87e8f908576a804fa46714
,,63,2026-02-09T22:23:40.137148752Z,2026-02-10T10:23:40.137148752Z,2026-02-10T10:20:36.127260827Z,126802573,duration_nano,spans,c3e509cb4f2e,surveillance-edge,10a5a6f02ac0a720,c239760492ca30774bf3d680b9183b47
,,64,2026-02-09T22:23:40.137148752Z,2026-02-10T10:23:40.137148752Z,2026-02-10T10:20:19.993954637Z,122503585,duration_nano,spans,c3e509cb4f2e,surveillance-edge,1110bf8a5cf2e567,4ddd78fab8f27d0c8d5620831590d3b4
,,65,2026-02-09T22:23:40.137148752Z,2026-02-10T10:23:40.137148752Z,2026-02-10T10:20:56.544292797Z,171948855,duration_nano,spans,c3e509cb4f2e,surveillance-edge,112a9a6cdc1d5295,ce0e9941ee6307b8e3aefe5bf2c6913f
,,66,2026-02-09T22:23:40.137148752Z,2026-02-10T10:23:40.137148752Z,2026-02-10T10:16:50.588046801Z,119248698,duration_nano,spans,c3e509cb4f2e,surveillance-edge,11b8f0c20ac08b93,45cb45b9e689298e27fc3947c1921c08
,,67,2026-02-09T22:23:40.137148752Z,2026-02-10T10:23:40.137148752Z,2026-02-10T10:17:19.824010064Z,124719956,duration_nano,spans,c3e509cb4f2e,surveillance-edge,11ba7ff3c195e4cf,317fff08d1abac75b9af354079357811
,,68,2026-02-09T22:23:40.137148752Z,2026-02-10T10:23:40.137148752Z,2026-02-10T10:21:06.216284276Z,123833954,duration_nano,spans,c3e509cb4f2e,surveillance-edge,130803868d0a4513,249d761fd8b50970e05f521410f57dfe
,,69,2026-02-09T22:23:40.137148752Z,2026-02-10T10:23:40.137148752Z,2026-02-10T10:16:33.368746097Z,124846985,duration_nano,spans,c3e509cb4f2e,surveillance-edge,138d42082af29bd4,9e072de70330a1f581789858676fa5d7
,,70,2026-02-09T22:23:40.137148752Z,2026-02-10T10:23:40.137148752Z,2026-02-10T10:20:15.748039992Z,126911394,duration_nano,spans,c3e509cb4f2e,surveillance-edge,1483d45b5c0a0a55,326088ae29593648ce19d1c3474a7503
,,71,2026-02-09T22:23:40.137148752Z,2026-02-10T10:23:40.137148752Z,2026-02-10T10:19:17.486352085Z,122097055,duration_nano,spans,c3e509cb4f2e,surveillance-edge,16f4f2895176d603,de79ed64bb6fda7a38c2547d14401e50
,,72,2026-02-09T22:23:40.137148752Z,2026-02-10T10:23:40.137148752Z,2026-02-10T10:18:52.713457262Z,121512463,duration_nano,spans,c3e509cb4f2e,surveillance-edge,17ad4a23a92af2be,402c46d9eae6677893216f60fe9ebfb0
,,73,2026-02-09T22:23:40.137148752Z,2026-02-10T10:23:40.137148752Z,2026-02-10T10:16:41.937204648Z,130254890,duration_nano,spans,c3e509cb4f2e,surveillance-edge,1922be7459137b7e,ad731e393c59c98b061f433eb3569af5
,,74,2026-02-09T22:23:40.137148752Z,2026-02-10T10:23:40.137148752Z,2026-02-10T10:21:20.262966278Z,123818623,duration_nano,spans,c3e509cb4f2e,surveillance-edge,197b10c1f2a07c86,44e94d42859236de832c567dead300c2
,,75,2026-02-09T22:23:40.137148752Z,2026-02-10T10:23:40.137148752Z,2026-02-10T10:15:24.218357431Z,217296185,duration_nano,spans,c3e509cb4f2e,surveillance-edge,19bb8ed14673a8ac,d2953608f7cc84eecd888cde3b17729e
,,76,2026-02-09T22:23:40.137148752Z,2026-02-10T10:23:40.137148752Z,2026-02-10T10:17:24.137788571Z,126519055,duration_nano,spans,c3e509cb4f2e,surveillance-edge,1aa704de0d633f50,183491ea714c5af0de675d930465330d
,,77,2026-02-09T22:23:40.137148752Z,2026-02-10T10:23:40.137148752Z,2026-02-10T10:14:24.844726925Z,134942197,duration_nano,spans,c3e509cb4f2e,surveillance-edge,1ab6e99aa143e168,2e37a974bad67e967d3572484c7177ea
,,78,2026-02-09T22:23:40.137148752Z,2026-02-10T10:23:40.137148752Z,2026-02-10T10:14:47.261408822Z,164654577,duration_nano,spans,c3e509cb4f2e,surveillance-edge,1cddddfc426bfa90,0ed8e4a02e2c559bdb89d6ee654c9106
,,79,2026-02-09T22:23:40.137148752Z,2026-02-10T10:23:40.137148752Z,2026-02-10T10:13:31.665778189Z,144395591,duration_nano,spans,c3e509cb4f2e,surveillance-edge,1cfdb4b79897a8f3,c1b03b685410a5a86c203a9955ea91e8
,,80,2026-02-09T22:23:40.137148752Z,2026-02-10T10:23:40.137148752Z,2026-02-10T10:20:37.217601328Z,130556586,duration_nano,spans,c3e509cb4f2e,surveillance-edge,1cff99d2d40ebe0d,d2483e32d1260c56e042eec98fec66fd
,,81,2026-02-09T22:23:40.137148752Z,2026-02-10T10:23:40.137148752Z,2026-02-10T10:19:53.056452453Z,126361791,duration_nano,spans,c3e509cb4f2e,surveillance-edge,1d52be3999f6ee22,b2eeb2138a9a6168d7b2fb966b17dc3e
,,82,2026-02-09T22:23:40.137148752Z,2026-02-10T10:23:40.137148752Z,2026-02-10T10:12:41.56025827Z,141641220,duration_nano,spans,c3e509cb4f2e,surveillance-edge,1da38dda4a5a68c1,a87a2890df1637dd62141ec5f54389f9
,,83,2026-02-09T22:23:40.137148752Z,2026-02-10T10:23:40.137148752Z,2026-02-10T10:15:39.349797045Z,213935367,duration_nano,spans,c3e509cb4f2e,surveillance-edge,1de9119c5f24d6c2,688bee4f419ad6682bc733277f4c2263
,,84,2026-02-09T22:23:40.137148752Z,2026-02-10T10:23:40.137148752Z,2026-02-10T10:12:55.278414156Z,136724507,duration_nano,spans,c3e509cb4f2e,surveillance-edge,1e7f2a6aad86aafb,d2e14dc5002bfb97f4383d5b992ae23e
,,85,2026-02-09T22:23:40.137148752Z,2026-02-10T10:23:40.137148752Z,2026-02-10T10:20:49.055519916Z,127354695,duration_nano,spans,c3e509cb4f2e,surveillance-edge,1ec7198ec7c14f32,75ad329aeeeba9de6200f9592176be3f
,,86,2026-02-09T22:23:40.137148752Z,2026-02-10T10:23:40.137148752Z,2026-02-10T10:21:22.421783199Z,118641904,duration_nano,spans,c3e509cb4f2e,surveillance-edge,1ee21c8ed83a4a31,8917efb878944a8d8851aeac07907253
,,87,2026-02-09T22:23:40.137148752Z,2026-02-10T10:23:40.137148752Z,2026-02-10T10:18:40.924597557Z,117759119,duration_nano,spans,c3e509cb4f2e,surveillance-edge,200c64c32267bb95,9f514711eaf12f7fe4d2373926fe9b40
,,88,2026-02-09T22:23:40.137148752Z,2026-02-10T10:23:40.137148752Z,2026-02-10T10:15:31.746775695Z,141090812,duration_nano,spans,c3e509cb4f2e,surveillance-edge,206086f7b44f6ac3,d77d9a9f27b88c5ffd0ca8c8df352146
,,89,2026-02-09T22:23:40.137148752Z,2026-02-10T10:23:40.137148752Z,2026-02-10T10:13:56.132769025Z,126637256,duration_nano,spans,c3e509cb4f2e,surveillance-edge,20c2946d0d2452fa,8184bffeeef94e6764bad877bc09e7a7
,,90,2026-02-09T22:23:40.137148752Z,2026-02-10T10:23:40.137148752Z,2026-02-10T10:18:58.072890359Z,123816826,duration_nano,spans,c3e509cb4f2e,surveillance-edge,212aeda1a68f98a9,dc1aff0e0f2888693cdc8cbe80c3325a
,,91,2026-02-09T22:23:40.137148752Z,2026-02-10T10:23:40.137148752Z,2026-02-10T10:19:12.07579705Z,122695252,duration_nano,spans,c3e509cb4f2e,surveillance-edge,2135816669a87671,64e7f84fd016511a1c66c80c7756c82e
,,92,2026-02-09T22:23:40.137148752Z,2026-02-10T10:23:40.137148752Z,2026-02-10T10:16:32.292256991Z,129295004,duration_nano,spans,c3e509cb4f2e,surveillance-edge,2180d6431fd1dead,d5023bd3ad2ece4a356a1e7e1483a46f
,,93,2026-02-09T22:23:40.137148752Z,2026-02-10T10:23:40.137148752Z,2026-02-10T10:13:04.879368185Z,138269521,duration_nano,spans,c3e509cb4f2e,surveillance-edge,21edafe03afb76ec,ad91432f527846c397e9c22504652da4
,,94,2026-02-09T22:23:40.137148752Z,2026-02-10T10:23:40.137148752Z,2026-02-10T10:20:52.287436709Z,120415247,duration_nano,spans,c3e509cb4f2e,surveillance-edge,22f7d678c952d915,5912f632825a77fb450e5ccb36d07350
,,95,2026-02-09T22:23:40.137148752Z,2026-02-10T10:23:40.137148752Z,2026-02-10T10:14:49.391566304Z,145057809,duration_nano,spans,c3e509cb4f2e,surveillance-edge,2375cc25e3a26a4d,b82377d28f194c13dd4003e364998d3b
,,96,2026-02-09T22:23:40.137148752Z,2026-02-10T10:23:40.137148752Z,2026-02-10T10:12:47.907967944Z,146615249,duration_nano,spans,c3e509cb4f2e,surveillance-edge,24b18bfd3f3a76ff,57b1146982bc24a6b12b2cc5a4f40517
,,97,2026-02-09T22:23:40.137148752Z,2026-02-10T10:23:40.137148752Z,2026-02-10T10:19:04.497482735Z,124143446,duration_nano,spans,c3e509cb4f2e,surveillance-edge,24bfe41a17b43e38,1119c6d287cd9cf5ba5ee96f89e0f8d5
,,98,2026-02-09T22:23:40.137148752Z,2026-02-10T10:23:40.137148752Z,2026-02-10T10:19:15.313537796Z,124898417,duration_nano,spans,c3e509cb4f2e,surveillance-edge,2512647fa7bf7ae1,3173f2b17781b6e82fb1db2734a8b686
,,99,2026-02-09T22:23:40.137148752Z,2026-02-10T10:23:40.137148752Z,2026-02-10T10:11:48.756291313Z,129448155,duration_nano,spans,c3e509cb4f2e,surveillance-edge,26149352f5afc764,1e3e8c0da3a06ae750da607103ed479f
,,100,2026-02-09T22:23:40.137148752Z,2026-02-10T10:23:40.137148752Z,2026-02-10T10:12:42.637137669Z,127245685,duration_nano,spans,c3e509cb4f2e,surveillance-edge,269170e55580bf45,85328e313d3d8740dd14e1ad08299ec9
,,101,2026-02-09T22:23:40.137148752Z,2026-02-10T10:23:40.137148752Z,2026-02-10T10:15:14.48889167Z,154290905,duration_nano,spans,c3e509cb4f2e,surveillance-edge,27654ec481d6915b,87a719ef97d1a256d9eec54683dbe574
,,102,2026-02-09T22:23:40.137148752Z,2026-02-10T10:23:40.137148752Z,2026-02-10T10:21:13.790546048Z,124894995,duration_nano,spans,c3e509cb4f2e,surveillance-edge,27892f2b11617e15,780ed0a3fcdf454e134d61376018e320
,,103,2026-02-09T22:23:40.137148752Z,2026-02-10T10:23:40.137148752Z,2026-02-10T10:19:58.407960793Z,118729014,duration_nano,spans,c3e509cb4f2e,surveillance-edge,2826967c74747fce,3ac36ec4c20ee8a9f7e61a447edff54a
,,104,2026-02-09T22:23:40.137148752Z,2026-02-10T10:23:40.137148752Z,2026-02-10T10:17:00.322183058Z,125185395,duration_nano,spans,c3e509cb4f2e,surveillance-edge,2a92b6d907783c01,8a20907f819277286ab547bf59212841
,,105,2026-02-09T22:23:40.137148752Z,2026-02-10T10:23:40.137148752Z,2026-02-10T10:13:48.586078508Z,139861199,duration_nano,spans,c3e509cb4f2e,surveillance-edge,2b2ef6ea413615ab,ebde1e343404d019caf9378f51d0a480
,,106,2026-02-09T22:23:40.137148752Z,2026-02-10T10:23:40.137148752Z,2026-02-10T10:16:37.695072597Z,237013004,duration_nano,spans,c3e509cb4f2e,surveillance-edge,2bab3d13be2b0e7b,cf33e63db4a16f42a08194c3c9480fd1
,,107,2026-02-09T22:23:40.137148752Z,2026-02-10T10:23:40.137148752Z,2026-02-10T10:11:49.80983777Z,201601209,duration_nano,spans,c3e509cb4f2e,surveillance-edge,2c8043b4d8a114ca,a307905b3b270bc73516e1492ec53f74
,,108,2026-02-09T22:23:40.137148752Z,2026-02-10T10:23:40.137148752Z,2026-02-10T10:12:24.316497978Z,125492083,duration_nano,spans,c3e509cb4f2e,surveillance-edge,2ccec859d924e46d,8a3dde81294da4553573b90053522795
,,109,2026-02-09T22:23:40.137148752Z,2026-02-10T10:23:40.137148752Z,2026-02-10T10:14:48.309557056Z,224171253,duration_nano,spans,c3e509cb4f2e,surveillance-edge,2df74aaa05d07569,9183bf56821aa46e3c81c9ce11074313
,,110,2026-02-09T22:23:40.137148752Z,2026-02-10T10:23:40.137148752Z,2026-02-10T10:16:00.003678694Z,195541043,duration_nano,spans,c3e509cb4f2e,surveillance-edge,2e67ff3787c5c957,45c6d405bc065b0140105d4e002434bb
,,111,2026-02-09T22:23:40.137148752Z,2026-02-10T10:23:40.137148752Z,2026-02-10T10:13:40.12178789Z,122227530,duration_nano,spans,c3e509cb4f2e,surveillance-edge,2f24fb999dae8fd6,ef2c715f2cd4a718869bd11e0e838e04
,,112,2026-02-09T22:23:40.137148752Z,2026-02-10T10:23:40.137148752Z,2026-02-10T10:13:32.722796034Z,124505262,duration_nano,spans,c3e509cb4f2e,surveillance-edge,2f2a68950484fe1f,b56d7f37b72cb212c5dd850efd4b881e
,,113,2026-02-09T22:23:40.137148752Z,2026-02-10T10:23:40.137148752Z,2026-02-10T10:13:25.344849414Z,131786163,duration_nano,spans,c3e509cb4f2e,surveillance-edge,2f39177cbfc5a245,a14662108fc90e39d27d3ed3fdafed48
,,114,2026-02-09T22:23:40.137148752Z,2026-02-10T10:23:40.137148752Z,2026-02-10T10:11:37.064546013Z,128400706,duration_nano,spans,c3e509cb4f2e,surveillance-edge,2f5cee9af8bb0e23,64d9b47b88849fe8b4cad71cb275af7b
,,115,2026-02-09T22:23:40.137148752Z,2026-02-10T10:23:40.137148752Z,2026-02-10T10:20:16.821350307Z,117793527,duration_nano,spans,c3e509cb4f2e,surveillance-edge,2f8aa1506d2a332a,36437950ce41f08af6d5e598d4e41398
,,116,2026-02-09T22:23:40.137148752Z,2026-02-10T10:23:40.137148752Z,2026-02-10T10:21:05.136389012Z,127001851,duration_nano,spans,c3e509cb4f2e,surveillance-edge,2fe901eef8292c58,4868c65708740fa80456581adc3172e5
,,117,2026-02-09T22:23:40.137148752Z,2026-02-10T10:23:40.137148752Z,2026-02-10T10:19:01.238997073Z,122227199,duration_nano,spans,c3e509cb4f2e,surveillance-edge,30031eb021597330,46e4cc422f72f5e25fc197ae731966a3
,,118,2026-02-09T22:23:40.137148752Z,2026-02-10T10:23:40.137148752Z,2026-02-10T10:15:38.264859699Z,160942107,duration_nano,spans,c3e509cb4f2e,surveillance-edge,3016d33c010c580b,842fe67da64c1bee406f5f5309bced08
,,119,2026-02-09T22:23:40.137148752Z,2026-02-10T10:23:40.137148752Z,2026-02-10T10:19:30.408137231Z,122606543,duration_nano,spans,c3e509cb4f2e,surveillance-edge,301752a377c231a6,f01c3a2217a346dc5d1600138732864a
,,120,2026-02-09T22:23:40.137148752Z,2026-02-10T10:23:40.137148752Z,2026-02-10T10:21:17.026016783Z,124070206,duration_nano,spans,c3e509cb4f2e,surveillance-edge,30e8fe1fa949b43e,a9607c1b798d9f5cbd4fe3432b8f76a3
,,121,2026-02-09T22:23:40.137148752Z,2026-02-10T10:23:40.137148752Z,2026-02-10T10:17:56.566378625Z,121908494,duration_nano,spans,c3e509cb4f2e,surveillance-edge,312e5bcd3df7d841,fe7ec7892e22035fab69b89518bd1f93
,,122,2026-02-09T22:23:40.137148752Z,2026-02-10T10:23:40.137148752Z,2026-02-10T10:11:39.232452506Z,176306572,duration_nano,spans,c3e509cb4f2e,surveillance-edge,31b42b896c2e4641,161e36434f75ec721c101d4a4821522e
,,123,2026-02-09T22:23:40.137148752Z,2026-02-10T10:23:40.137148752Z,2026-02-10T10:18:21.509443772Z,131316861,duration_nano,spans,c3e509cb4f2e,surveillance-edge,32a2db3efa0ddc79,97865d7fb00b6de8e577800df63e7732
,,124,2026-02-09T22:23:40.137148752Z,2026-02-10T10:23:40.137148752Z,2026-02-10T10:14:46.22119156Z,231302157,duration_nano,spans,c3e509cb4f2e,surveillance-edge,3328ab0ba6891b8a,6859bdc02ba064431b590d96d53c6caf
,,125,2026-02-09T22:23:40.137148752Z,2026-02-10T10:23:40.137148752Z,2026-02-10T10:13:27.462842095Z,168078505,duration_nano,spans,c3e509cb4f2e,surveillance-edge,34bf0b0b5a634e31,c10b9b8908cc09f5979f5c83c7a93413
,,126,2026-02-09T22:23:40.137148752Z,2026-02-10T10:23:40.137148752Z,2026-02-10T10:16:30.161575199Z,128442640,duration_nano,spans,c3e509cb4f2e,surveillance-edge,353a01e147d4ea79,d15a7891e8b2c3fbd479f0666d9f8f16
,,127,2026-02-09T22:23:40.137148752Z,2026-02-10T10:23:40.137148752Z,2026-02-10T10:19:57.334400982Z,120965762,duration_nano,spans,c3e509cb4f2e,surveillance-edge,35662fab552fae5b,b83166e59c4062bc8365fb8dcd8e72ce
,,128,2026-02-09T22:23:40.137148752Z,2026-02-10T10:23:40.137148752Z,2026-02-10T10:18:33.340299729Z,127477324,duration_nano,spans,c3e509cb4f2e,surveillance-edge,358046d513572981,3ab5d428fd8ee209d154f8839545fa3b
,,129,2026-02-09T22:23:40.137148752Z,2026-02-10T10:23:40.137148752Z,2026-02-10T10:14:16.363732366Z,144880237,duration_nano,spans,c3e509cb4f2e,surveillance-edge,36668b26339deea5,d26106ea458a0f2b1ad7e9c78bf98b65
,,130,2026-02-09T22:23:40.137148752Z,2026-02-10T10:23:40.137148752Z,2026-02-10T10:16:25.90861997Z,128738575,duration_nano,spans,c3e509cb4f2e,surveillance-edge,36d1e2974d4f4505,9e3380664d74a31aee47aec47b97d341
,,131,2026-02-09T22:23:40.137148752Z,2026-02-10T10:23:40.137148752Z,2026-02-10T10:15:58.920372104Z,120237718,duration_nano,spans,c3e509cb4f2e,surveillance-edge,37477eb2cbc13fc6,57c27ccd93428b8e138be7acd005dd84
,,132,2026-02-09T22:23:40.137148752Z,2026-02-10T10:23:40.137148752Z,2026-02-10T10:14:32.317374188Z,148697064,duration_nano,spans,c3e509cb4f2e,surveillance-edge,3818613093ddc0c9,5cf8ae6e7c57f8a77434883cbe8ea932
,,133,2026-02-09T22:23:40.137148752Z,2026-02-10T10:23:40.137148752Z,2026-02-10T10:13:10.296978322Z,125205124,duration_nano,spans,c3e509cb4f2e,surveillance-edge,39761005c94ebc6c,2d92548d71daf46501fb615bf7530d1f
,,134,2026-02-09T22:23:40.137148752Z,2026-02-10T10:23:40.137148752Z,2026-02-10T10:13:01.61527052Z,136035260,duration_nano,spans,c3e509cb4f2e,surveillance-edge,39e408b33f04f05e,d6559d819ff05b04306a67e4b6174516
,,135,2026-02-09T22:23:40.137148752Z,2026-02-10T10:23:40.137148752Z,2026-02-10T10:19:03.415261598Z,125749509,duration_nano,spans,c3e509cb4f2e,surveillance-edge,3a94d98d7d2c3e6d,39f28e3cc03ec17650f298c0ec1bb699
,,136,2026-02-09T22:23:40.137148752Z,2026-02-10T10:23:40.137148752Z,2026-02-10T10:16:23.779453538Z,159587167,duration_nano,spans,c3e509cb4f2e,surveillance-edge,3aaf068ad46a7713,80631c29c69c0d264963024214781197
,,137,2026-02-09T22:23:40.137148752Z,2026-02-10T10:23:40.137148752Z,2026-02-10T10:13:37.974452832Z,119264390,duration_nano,spans,c3e509cb4f2e,surveillance-edge,3b41ce0b78002dd5,2935c2acc93ab5898b7d560fc6403d28
,,138,2026-02-09T22:23:40.137148752Z,2026-02-10T10:23:40.137148752Z,2026-02-10T10:20:23.222760176Z,126485008,duration_nano,spans,c3e509cb4f2e,surveillance-edge,3b4e62f9d0cef14e,b6b70e3b7d440694727828bf51ac71ce
,,139,2026-02-09T22:23:40.137148752Z,2026-02-10T10:23:40.137148752Z,2026-02-10T10:17:25.22373176Z,120809969,duration_nano,spans,c3e509cb4f2e,surveillance-edge,3d102f27b2927df2,be78e945e760b2f00281faa437f14140
,,140,2026-02-09T22:23:40.137148752Z,2026-02-10T10:23:40.137148752Z,2026-02-10T10:17:03.587887808Z,123713027,duration_nano,spans,c3e509cb4f2e,surveillance-edge,3da531d992d1e890,2ca82f65122c500219068a646a43ba1b
,,141,2026-02-09T22:23:40.137148752Z,2026-02-10T10:23:40.137148752Z,2026-02-10T10:13:09.214244393Z,136562935,duration_nano,spans,c3e509cb4f2e,surveillance-edge,3dea520f2972e3f4,a95f3f1709679ea8ca85282a4d858248
,,142,2026-02-09T22:23:40.137148752Z,2026-02-10T10:23:40.137148752Z,2026-02-10T10:14:18.485565037Z,130068197,duration_nano,spans,c3e509cb4f2e,surveillance-edge,3e301ab21d8be952,dc8b7228574c3e85640eb5c5b72f3fc9
,,143,2026-02-09T22:23:40.137148752Z,2026-02-10T10:23:40.137148752Z,2026-02-10T10:13:52.91157669Z,165319979,duration_nano,spans,c3e509cb4f2e,surveillance-edge,3e4905bfe91a9520,0ea75a52fef52ad807bdcbc0216d0654
,,144,2026-02-09T22:23:40.137148752Z,2026-02-10T10:23:40.137148752Z,2026-02-10T10:19:13.151362783Z,130134176,duration_nano,spans,c3e509cb4f2e,surveillance-edge,40f3cd1d5d4852af,9120c3d6c2b587a767501e018a954708
,,145,2026-02-09T22:23:40.137148752Z,2026-02-10T10:23:40.137148752Z,2026-02-10T10:14:45.136496736Z,121241360,duration_nano,spans,c3e509cb4f2e,surveillance-edge,41a4702c6724103a,ecceaa7d5f427745682059a8bdcf04ca
,,146,2026-02-09T22:23:40.137148752Z,2026-02-10T10:23:40.137148752Z,2026-02-10T10:20:14.681176358Z,122905254,duration_nano,spans,c3e509cb4f2e,surveillance-edge,41fb031cc646fb10,3e9b1a8beab3df06c38b80f7697e53c9
,,147,2026-02-09T22:23:40.137148752Z,2026-02-10T10:23:40.137148752Z,2026-02-10T10:18:22.574731539Z,122440175,duration_nano,spans,c3e509cb4f2e,surveillance-edge,420428c4f5344c6e,29b5e1435afdc06923095a1b434fed51
,,148,2026-02-09T22:23:40.137148752Z,2026-02-10T10:23:40.137148752Z,2026-02-10T10:14:03.558804536Z,189639822,duration_nano,spans,c3e509cb4f2e,surveillance-edge,4254649a1883e960,06ec7c7ed3d24fc7cba2539c16bf8424
,,149,2026-02-09T22:23:40.137148752Z,2026-02-10T10:23:40.137148752Z,2026-02-10T10:13:41.161607532Z,129045672,duration_nano,spans,c3e509cb4f2e,surveillance-edge,4264db58b679b8ae,30db0d9561b8b5e14e550c10f43e6e3b
,,150,2026-02-09T22:23:40.137148752Z,2026-02-10T10:23:40.137148752Z,2026-02-10T10:14:54.826351203Z,122199999,duration_nano,spans,c3e509cb4f2e,surveillance-edge,427da22ccf311d20,40479d04ff370ba8c58000c4c382f268
,,151,2026-02-09T22:23:40.137148752Z,2026-02-10T10:23:40.137148752Z,2026-02-10T10:17:05.765654759Z,125586631,duration_nano,spans,c3e509cb4f2e,surveillance-edge,4336e966cc5c5d61,338b6251d56202b9d08a69d75a916dff
,,152,2026-02-09T22:23:40.137148752Z,2026-02-10T10:23:40.137148752Z,2026-02-10T10:16:16.331075674Z,184000124,duration_nano,spans,c3e509cb4f2e,surveillance-edge,4393484c012b2634,8f552b49d03a81eaa64218ddede6fee6
,,153,2026-02-09T22:23:40.137148752Z,2026-02-10T10:23:40.137148752Z,2026-02-10T10:12:45.817561097Z,176561792,duration_nano,spans,c3e509cb4f2e,surveillance-edge,43c48a5ab06a9f15,94710a6d467a5db91297fd45a907bcda
,,154,2026-02-09T22:23:40.137148752Z,2026-02-10T10:23:40.137148752Z,2026-02-10T10:19:54.113582119Z,117817914,duration_nano,spans,c3e509cb4f2e,surveillance-edge,45114a198143dabe,62addfbbdbd6206940b5ddb3571006ed
,,155,2026-02-09T22:23:40.137148752Z,2026-02-10T10:23:40.137148752Z,2026-02-10T10:19:18.56326569Z,124908571,duration_nano,spans,c3e509cb4f2e,surveillance-edge,471098a77aa0371a,11d84a7e1dd565c2a36c8361bb20779c
,,156,2026-02-09T22:23:40.137148752Z,2026-02-10T10:23:40.137148752Z,2026-02-10T10:13:34.807728981Z,157479571,duration_nano,spans,c3e509cb4f2e,surveillance-edge,4a40675cd76996d1,ee0568e18e642b37508c81624f879e0a
,,157,2026-02-09T22:23:40.137148752Z,2026-02-10T10:23:40.137148752Z,2026-02-10T10:19:25.009435591Z,119962279,duration_nano,spans,c3e509cb4f2e,surveillance-edge,4a4941fa7a5f96e4,3044cd16b5edd01f51342c49ed2b7b56
,,158,2026-02-09T22:23:40.137148752Z,2026-02-10T10:23:40.137148752Z,2026-02-10T10:14:22.735022266Z,135633404,duration_nano,spans,c3e509cb4f2e,surveillance-edge,4cc2b7e2b465cb69,f5282c3715d35127b3a4666ad02e682b
,,159,2026-02-09T22:23:40.137148752Z,2026-02-10T10:23:40.137148752Z,2026-02-10T10:13:16.7333893Z,126200506,duration_nano,spans,c3e509cb4f2e,surveillance-edge,4cf6203652c52de9,88d64e41b0a11d5ad21f45ec4b2578de
,,160,2026-02-09T22:23:40.137148752Z,2026-02-10T10:23:40.137148752Z,2026-02-10T10:20:46.918556446Z,116215589,duration_nano,spans,c3e509cb4f2e,surveillance-edge,4dc63ce663e83db8,3eb9ef6251d223f9a8a54e5a547c270d
,,161,2026-02-09T22:23:40.137148752Z,2026-02-10T10:23:40.137148752Z,2026-02-10T10:18:17.167164265Z,125410577,duration_nano,spans,c3e509cb4f2e,surveillance-edge,4df4f37c611fd959,ccef094f8fe6bf388acadf2cbbbb9f41
,,162,2026-02-09T22:23:40.137148752Z,2026-02-10T10:23:40.137148752Z,2026-02-10T10:17:30.591411308Z,123091078,duration_nano,spans,c3e509cb4f2e,surveillance-edge,4e58da3b3e34a04d,b453696211d3241b277e8eb772c76dfa
,,163,2026-02-09T22:23:40.137148752Z,2026-02-10T10:23:40.137148752Z,2026-02-10T10:19:51.993363399Z,122097925,duration_nano,spans,c3e509cb4f2e,surveillance-edge,4ef5d8885f2c73b7,a4955152f7eb05933dc4e5648618b2c1
,,164,2026-02-09T22:23:40.137148752Z,2026-02-10T10:23:40.137148752Z,2026-02-10T10:13:13.532967847Z,138351874,duration_nano,spans,c3e509cb4f2e,surveillance-edge,50ba839d6646d494,4ba93209d53f4a5ba432bbf5a79d3043
,,165,2026-02-09T22:23:40.137148752Z,2026-02-10T10:23:40.137148752Z,2026-02-10T10:15:36.092427973Z,124476889,duration_nano,spans,c3e509cb4f2e,surveillance-edge,50bb577e6e7a2fe2,1a2346c011840555592e8f4a1fc9681c
,,166,2026-02-09T22:23:40.137148752Z,2026-02-10T10:23:40.137148752Z,2026-02-10T10:19:06.663888484Z,120780281,duration_nano,spans,c3e509cb4f2e,surveillance-edge,50e27b26e0a65d4c,9d0f54102c07620fae835aebb1b839b1
,,167,2026-02-09T22:23:40.137148752Z,2026-02-10T10:23:40.137148752Z,2026-02-10T10:13:45.441817979Z,134343224,duration_nano,spans,c3e509cb4f2e,surveillance-edge,50f50a2174b2e9d8,af65ff522b83dd21261b0057db7e091d
,,168,2026-02-09T22:23:40.137148752Z,2026-02-10T10:23:40.137148752Z,2026-02-10T10:11:56.208764768Z,121607156,duration_nano,spans,c3e509cb4f2e,surveillance-edge,51614423eb3a789a,74bf6ff9bc5ff8bcb166d91134053f10
,,169,2026-02-09T22:23:40.137148752Z,2026-02-10T10:23:40.137148752Z,2026-02-10T10:18:14.997297558Z,119333118,duration_nano,spans,c3e509cb4f2e,surveillance-edge,517a9c4c06c0a774,eae0bcde46c7ce898b8c90e171138705
,,170,2026-02-09T22:23:40.137148752Z,2026-02-10T10:23:40.137148752Z,2026-02-10T10:15:25.288056599Z,162199150,duration_nano,spans,c3e509cb4f2e,surveillance-edge,519d9a4c20ad5c72,52a2fa6d0784ebae05133a8a9177ba5a
,,171,2026-02-09T22:23:40.137148752Z,2026-02-10T10:23:40.137148752Z,2026-02-10T10:12:56.352198709Z,123588965,duration_nano,spans,c3e509cb4f2e,surveillance-edge,51f94e0fd3ab160a,b57427f9c0adf1daaf28e76b2c661b3c
,,172,2026-02-09T22:23:40.137148752Z,2026-02-10T10:23:40.137148752Z,2026-02-10T10:15:27.448811197Z,204345620,duration_nano,spans,c3e509cb4f2e,surveillance-edge,52416767e6cb4f61,800246b619275fea07476e61a3a21cf0
,,173,2026-02-09T22:23:40.137148752Z,2026-02-10T10:23:40.137148752Z,2026-02-10T10:13:53.974788417Z,124279651,duration_nano,spans,c3e509cb4f2e,surveillance-edge,526d32c48d847049,c8ad04a81ab390bfb967c591b33e2074
,,174,2026-02-09T22:23:40.137148752Z,2026-02-10T10:23:40.137148752Z,2026-02-10T10:12:50.013293625Z,146611888,duration_nano,spans,c3e509cb4f2e,surveillance-edge,52f2e2f7d01133c7,3756ff292df09b898f59a020e6ff6611
,,175,2026-02-09T22:23:40.137148752Z,2026-02-10T10:23:40.137148752Z,2026-02-10T10:16:18.441835142Z,199641806,duration_nano,spans,c3e509cb4f2e,surveillance-edge,54323ed6edd0a74f,48aa11e0fbfb9887402e3239c9dbbceb
,,176,2026-02-09T22:23:40.137148752Z,2026-02-10T10:23:40.137148752Z,2026-02-10T10:21:08.377986736Z,116487767,duration_nano,spans,c3e509cb4f2e,surveillance-edge,547cdbe1ec5fa2e9,29611556689d4aa39787e357bd175c9d
,,177,2026-02-09T22:23:40.137148752Z,2026-02-10T10:23:40.137148752Z,2026-02-10T10:16:59.226444919Z,115412122,duration_nano,spans,c3e509cb4f2e,surveillance-edge,54d708bb15a48a94,22ad2db9f309bc22d91f4a080e34924f
,,178,2026-02-09T22:23:40.137148752Z,2026-02-10T10:23:40.137148752Z,2026-02-10T10:18:47.349652429Z,120154352,duration_nano,spans,c3e509cb4f2e,surveillance-edge,551a4883c9d9b97e,64c815d50cd4dfc5916f8e115f59ea9b
,,179,2026-02-09T22:23:40.137148752Z,2026-02-10T10:23:40.137148752Z,2026-02-10T10:18:35.499870429Z,119817132,duration_nano,spans,c3e509cb4f2e,surveillance-edge,558214c84e5fadbb,7c20e40c10d398cb6afa784d8d51da79
,,180,2026-02-09T22:23:40.137148752Z,2026-02-10T10:23:40.137148752Z,2026-02-10T10:17:09.004257035Z,123680613,duration_nano,spans,c3e509cb4f2e,surveillance-edge,56f4960090c3a511,1a08aab86ee484bba5ec825a4ed7fa03
,,181,2026-02-09T22:23:40.137148752Z,2026-02-10T10:23:40.137148752Z,2026-02-10T10:15:17.752398588Z,155268985,duration_nano,spans,c3e509cb4f2e,surveillance-edge,58057dfd20133797,e33c44c876931f2dff9696faf7129265
,,182,2026-02-09T22:23:40.137148752Z,2026-02-10T10:23:40.137148752Z,2026-02-10T10:13:47.53612513Z,239769396,duration_nano,spans,c3e509cb4f2e,surveillance-edge,5863c709e5c62d63,694cf1643b793b00ad0e21c7a7b0e5a5
,,183,2026-02-09T22:23:40.137148752Z,2026-02-10T10:23:40.137148752Z,2026-02-10T10:20:17.874353688Z,121025587,duration_nano,spans,c3e509cb4f2e,surveillance-edge,58a0f73391fad38a,4e2efefd40c7dd9e9dc7213a5ed3bdbf
,,184,2026-02-09T22:23:40.137148752Z,2026-02-10T10:23:40.137148752Z,2026-02-10T10:18:34.425505811Z,126690567,duration_nano,spans,c3e509cb4f2e,surveillance-edge,58b337496e9c3a24,6ccda38f2a10c860226b7577069ee6db
,,185,2026-02-09T22:23:40.137148752Z,2026-02-10T10:23:40.137148752Z,2026-02-10T10:12:44.769789135Z,120312908,duration_nano,spans,c3e509cb4f2e,surveillance-edge,58e3d9698492e53d,7143fa44357dad1c84294675defe2c58
,,186,2026-02-09T22:23:40.137148752Z,2026-02-10T10:23:40.137148752Z,2026-02-10T10:17:50.087194338Z,119555382,duration_nano,spans,c3e509cb4f2e,surveillance-edge,597a726af6d34799,1e1e439384a3471851a764b38a482867
,,187,2026-02-09T22:23:40.137148752Z,2026-02-10T10:23:40.137148752Z,2026-02-10T10:19:16.396371893Z,125782422,duration_nano,spans,c3e509cb4f2e,surveillance-edge,5a9b22ddef65fea4,b60c06d195ae452443ad2c2c95f1426f
,,188,2026-02-09T22:23:40.137148752Z,2026-02-10T10:23:40.137148752Z,2026-02-10T10:20:27.510608399Z,123800954,duration_nano,spans,c3e509cb4f2e,surveillance-edge,5ac7655760a6c58d,97d6cbe66290de74aaec65c3dfd20ee7
,,189,2026-02-09T22:23:40.137148752Z,2026-02-10T10:23:40.137148752Z,2026-02-10T10:18:29.034365983Z,122490780,duration_nano,spans,c3e509cb4f2e,surveillance-edge,5b397c7b58abfa52,0fac3b8f080eafdc3b812514a9572e67
,,190,2026-02-09T22:23:40.137148752Z,2026-02-10T10:23:40.137148752Z,2026-02-10T10:12:43.692751603Z,117777705,duration_nano,spans,c3e509cb4f2e,surveillance-edge,5b6ad8ad797b42a5,c4e741996c4f70a6316e27a58bf6a85c
,,191,2026-02-09T22:23:40.137148752Z,2026-02-10T10:23:40.137148752Z,2026-02-10T10:14:55.920333492Z,205778507,duration_nano,spans,c3e509cb4f2e,surveillance-edge,5b7d2f6c59d7c2bb,41e3afa3cbfc0c3eaece4e73c09f9d6c
,,192,2026-02-09T22:23:40.137148752Z,2026-02-10T10:23:40.137148752Z,2026-02-10T10:14:09.930404331Z,142248685,duration_nano,spans,c3e509cb4f2e,surveillance-edge,5c065194d2f94a42,a64564950f47f7b4144c2959597e398b
,,193,2026-02-09T22:23:40.137148752Z,2026-02-10T10:23:40.137148752Z,2026-02-10T10:13:02.688463138Z,129775318,duration_nano,spans,c3e509cb4f2e,surveillance-edge,5c5b2bec57ea185a,75d031c3f79fcd55a7e91b454fa93551
,,194,2026-02-09T22:23:40.137148752Z,2026-02-10T10:23:40.137148752Z,2026-02-10T10:14:52.692110484Z,142067428,duration_nano,spans,c3e509cb4f2e,surveillance-edge,5c871012424c3116,50a96b45871aef1fa52bd2676e0a3d64
,,195,2026-02-09T22:23:40.137148752Z,2026-02-10T10:23:40.137148752Z,2026-02-10T10:21:21.345313071Z,131164194,duration_nano,spans,c3e509cb4f2e,surveillance-edge,5cf221bcbb2180e8,12b9922563dab590da9a1e102c4895e2
,,196,2026-02-09T22:23:40.137148752Z,2026-02-10T10:23:40.137148752Z,2026-02-10T10:15:32.820165184Z,139140735,duration_nano,spans,c3e509cb4f2e,surveillance-edge,5d0f117b28e5fa18,80f0ea385f3c8fab22e3373e2c3ae4df
,,197,2026-02-09T22:23:40.137148752Z,2026-02-10T10:23:40.137148752Z,2026-02-10T10:13:17.824538888Z,131161048,duration_nano,spans,c3e509cb4f2e,surveillance-edge,5dd4ca9c0be9c60b,70b11c2473d046a175197ff05e194420
,,198,2026-02-09T22:23:40.137148752Z,2026-02-10T10:23:40.137148752Z,2026-02-10T10:18:46.273808262Z,122133766,duration_nano,spans,c3e509cb4f2e,surveillance-edge,5f51623e271ec341,61bdbf7e279716fd4d4da06dd198e9ea
,,199,2026-02-09T22:23:40.137148752Z,2026-02-10T10:23:40.137148752Z,2026-02-10T10:14:08.877479464Z,152703830,duration_nano,spans,c3e509cb4f2e,surveillance-edge,5f796dbf08953831,b512c6841629904b265d4bb26396ee2d
,,200,2026-02-09T22:23:40.137148752Z,2026-02-10T10:23:40.137148752Z,2026-02-10T10:20:40.464256802Z,121082353,duration_nano,spans,c3e509cb4f2e,surveillance-edge,5fd7fca7c9e2ec3b,4c432aad6381fbdfd706f94ff79f91eb
,,201,2026-02-09T22:23:40.137148752Z,2026-02-10T10:23:40.137148752Z,2026-02-10T10:14:35.52849935Z,123955378,duration_nano,spans,c3e509cb4f2e,surveillance-edge,60700df7b88ead45,124f927c2433249b4449cb89822a2c9f
,,202,2026-02-09T22:23:40.137148752Z,2026-02-10T10:23:40.137148752Z,2026-02-10T10:16:47.34002667Z,122487157,duration_nano,spans,c3e509cb4f2e,surveillance-edge,6233b3a2dc17a47c,731924dd34fdd8e9f90571d343ae479a
,,203,2026-02-09T22:23:40.137148752Z,2026-02-10T10:23:40.137148752Z,2026-02-10T10:17:54.400279549Z,119922529,duration_nano,spans,c3e509cb4f2e,surveillance-edge,631a58ff7b4fb816,0edf473ab9ab4ab1e1f853918cc59835
,,204,2026-02-09T22:23:40.137148752Z,2026-02-10T10:23:40.137148752Z,2026-02-10T10:12:04.753303516Z,120847734,duration_nano,spans,c3e509cb4f2e,surveillance-edge,65358e9ce4074c2a,6d573876ec25d38db4ce21fb335a53bc
,,205,2026-02-09T22:23:40.137148752Z,2026-02-10T10:23:40.137148752Z,2026-02-10T10:20:31.838748166Z,126603613,duration_nano,spans,c3e509cb4f2e,surveillance-edge,65e2e36e82da01ce,c677c4d9486dfde97488315ac1ff0514
,,206,2026-02-09T22:23:40.137148752Z,2026-02-10T10:23:40.137148752Z,2026-02-10T10:16:43.022218702Z,131639146,duration_nano,spans,c3e509cb4f2e,surveillance-edge,65f9e8e6f5924dbe,5d89696ed70a0c7f9a243218bc90aedb
,,207,2026-02-09T22:23:40.137148752Z,2026-02-10T10:23:40.137148752Z,2026-02-10T10:16:22.71085816Z,174371109,duration_nano,spans,c3e509cb4f2e,surveillance-edge,664191fd37fa3099,82ee648b1c6a4ec401266799ec717502
,,208,2026-02-09T22:23:40.137148752Z,2026-02-10T10:23:40.137148752Z,2026-02-10T10:21:29.960046037Z,122518752,duration_nano,spans,c3e509cb4f2e,surveillance-edge,679be1bb93becee9,d40a275172641a28d09b895b752b9b19
,,209,2026-02-09T22:23:40.137148752Z,2026-02-10T10:23:40.137148752Z,2026-02-10T10:13:08.135512954Z,128523591,duration_nano,spans,c3e509cb4f2e,surveillance-edge,684eda808169ab71,ac4c3f96e63c7fb818e9325b1ac673bf
,,210,2026-02-09T22:23:40.137148752Z,2026-02-10T10:23:40.137148752Z,2026-02-10T10:14:39.847725499Z,304174043,duration_nano,spans,c3e509cb4f2e,surveillance-edge,6987ed1112c4abfd,043e119fc60d230ffce87ca892151837
,,211,2026-02-09T22:23:40.137148752Z,2026-02-10T10:23:40.137148752Z,2026-02-10T10:18:23.657047975Z,126015329,duration_nano,spans,c3e509cb4f2e,surveillance-edge,69ca1d6d6c598a98,0c0b37a80b467e189c39ea9dbd2d49a8
,,212,2026-02-09T22:23:40.137148752Z,2026-02-10T10:23:40.137148752Z,2026-02-10T10:12:19.986462596Z,116412058,duration_nano,spans,c3e509cb4f2e,surveillance-edge,69d225b22425fa6e,e2a4c10e00531576cce8305d4ab54e93
,,213,2026-02-09T22:23:40.137148752Z,2026-02-10T10:23:40.137148752Z,2026-02-10T10:17:52.24916953Z,125798793,duration_nano,spans,c3e509cb4f2e,surveillance-edge,6a32c19eeaa26caf,163f76c813f08d7cdaf85ace2a3d0233
,,214,2026-02-09T22:23:40.137148752Z,2026-02-10T10:23:40.137148752Z,2026-02-10T10:21:01.898491154Z,121470065,duration_nano,spans,c3e509cb4f2e,surveillance-edge,6a5e19305478dbe0,bfc7a94458a0d88ce68012501b2974c8
,,215,2026-02-09T22:23:40.137148752Z,2026-02-10T10:23:40.137148752Z,2026-02-10T10:19:00.166460662Z,118105699,duration_nano,spans,c3e509cb4f2e,surveillance-edge,6aad03c184f79418,0197ca75b3fb552389e1808c76efdf67
,,216,2026-02-09T22:23:40.137148752Z,2026-02-10T10:23:40.137148752Z,2026-02-10T10:12:40.479381316Z,129892054,duration_nano,spans,c3e509cb4f2e,surveillance-edge,6c3c84f1fddc51f2,90d01bd5d13dadc4f84849c2c883616b
,,217,2026-02-09T22:23:40.137148752Z,2026-02-10T10:23:40.137148752Z,2026-02-10T10:16:28.047806642Z,201925318,duration_nano,spans,c3e509cb4f2e,surveillance-edge,6c5955ce279acfe7,509c060180d1e53e58d56b8fcf1163d7
,,218,2026-02-09T22:23:40.137148752Z,2026-02-10T10:23:40.137148752Z,2026-02-10T10:17:06.837315193Z,115571593,duration_nano,spans,c3e509cb4f2e,surveillance-edge,6d9d4b2fe2e9587c,9270cf6d6294af315b5bbe65adbda1fb
,,219,2026-02-09T22:23:40.137148752Z,2026-02-10T10:23:40.137148752Z,2026-02-10T10:18:27.951258126Z,121101475,duration_nano,spans,c3e509cb4f2e,surveillance-edge,6ea61be21a8fb173,cb5fe6650a4d669f299979b9c4d971e3
,,220,2026-02-09T22:23:40.137148752Z,2026-02-10T10:23:40.137148752Z,2026-02-10T10:13:46.49359423Z,134331241,duration_nano,spans,c3e509cb4f2e,surveillance-edge,7039c878a94a320a,bcb2a599b3f0c0807a191437f6eee58a
,,221,2026-02-09T22:23:40.137148752Z,2026-02-10T10:23:40.137148752Z,2026-02-10T10:20:18.943421805Z,116940961,duration_nano,spans,c3e509cb4f2e,surveillance-edge,707b87234c774eb3,c65275cda6ba6c930025979f44b54159
,,222,2026-02-09T22:23:40.137148752Z,2026-02-10T10:23:40.137148752Z,2026-02-10T10:18:39.841632564Z,133756279,duration_nano,spans,c3e509cb4f2e,surveillance-edge,7099f9319cfefcd4,53875e46864667fe2841717ef1cf27e2
,,223,2026-02-09T22:23:40.137148752Z,2026-02-10T10:23:40.137148752Z,2026-02-10T10:11:41.362174404Z,124032958,duration_nano,spans,c3e509cb4f2e,surveillance-edge,71e3c40a500e278b,157679298d0eb02d37125ffa82f10a7e
,,224,2026-02-09T22:23:40.137148752Z,2026-02-10T10:23:40.137148752Z,2026-02-10T10:16:51.675898662Z,121312548,duration_nano,spans,c3e509cb4f2e,surveillance-edge,7289a6c4324a3eed,906b6157d9571d7482accf09d9087c3d
,,225,2026-02-09T22:23:40.137148752Z,2026-02-10T10:23:40.137148752Z,2026-02-10T10:17:29.518585215Z,119109583,duration_nano,spans,c3e509cb4f2e,surveillance-edge,739e84638f56a2b7,2dbf3e6092d53a9c0c442c5f2328b3bb
,,226,2026-02-09T22:23:40.137148752Z,2026-02-10T10:23:40.137148752Z,2026-02-10T10:15:19.909377368Z,256288465,duration_nano,spans,c3e509cb4f2e,surveillance-edge,74ad263f2654c045,ec73c2fec36bfc0e4732ef495273e1a2
,,227,2026-02-09T22:23:40.137148752Z,2026-02-10T10:23:40.137148752Z,2026-02-10T10:16:56.013150938Z,125603821,duration_nano,spans,c3e509cb4f2e,surveillance-edge,74cb7b9d04878d02,d267b1f30c72dbeb3ca8075d2b76a007
,,228,2026-02-09T22:23:40.137148752Z,2026-02-10T10:23:40.137148752Z,2026-02-10T10:20:42.629360841Z,120061675,duration_nano,spans,c3e509cb4f2e,surveillance-edge,74ea25d265a25613,94a17ccdb7b7fbb975f78b75e76cafe0
,,229,2026-02-09T22:23:40.137148752Z,2026-02-10T10:23:40.137148752Z,2026-02-10T10:16:19.503714264Z,178130638,duration_nano,spans,c3e509cb4f2e,surveillance-edge,75cc35119c15c33d,7a4f8880fa4e8e91081d83a2280f6302
,,230,2026-02-09T22:23:40.137148752Z,2026-02-10T10:23:40.137148752Z,2026-02-10T10:12:34.009050993Z,125653447,duration_nano,spans,c3e509cb4f2e,surveillance-edge,75e89441c4f07aae,b29d042b54e47995dcd7a57387ac61b8
,,231,2026-02-09T22:23:40.137148752Z,2026-02-10T10:23:40.137148752Z,2026-02-10T10:13:58.272731713Z,122469386,duration_nano,spans,c3e509cb4f2e,surveillance-edge,766430f01bf3b2b8,86091c50b28edfadbb49d053730ddcfb
,,232,2026-02-09T22:23:40.137148752Z,2026-02-10T10:23:40.137148752Z,2026-02-10T10:12:30.826716869Z,172537831,duration_nano,spans,c3e509cb4f2e,surveillance-edge,7810b816ce8b09bd,4368e43c1c59014f4972f8916ec60c64
,,233,2026-02-09T22:23:40.137148752Z,2026-02-10T10:23:40.137148752Z,2026-02-10T10:16:44.104030277Z,150437178,duration_nano,spans,c3e509cb4f2e,surveillance-edge,7871d24490e5711a,d4b3b462b4a9f347679465b8b4c9c2a9
,,234,2026-02-09T22:23:40.137148752Z,2026-02-10T10:23:40.137148752Z,2026-02-10T10:11:52.986650376Z,156695160,duration_nano,spans,c3e509cb4f2e,surveillance-edge,78e9f2114f662c9b,2759f11500e1a67a913565de095ffa57
,,235,2026-02-09T22:23:40.137148752Z,2026-02-10T10:23:40.137148752Z,2026-02-10T10:14:33.384178259Z,130095265,duration_nano,spans,c3e509cb4f2e,surveillance-edge,79475cdf38fc4167,4c621813e88149256318e8641ba04afa
,,236,2026-02-09T22:23:40.137148752Z,2026-02-10T10:23:40.137148752Z,2026-02-10T10:21:15.938718088Z,122418828,duration_nano,spans,c3e509cb4f2e,surveillance-edge,7950365282d0d145,bbf34daddb351865cdcb1ac6a1fa4bae
,,237,2026-02-09T22:23:40.137148752Z,2026-02-10T10:23:40.137148752Z,2026-02-10T10:16:45.182246583Z,124070750,duration_nano,spans,c3e509cb4f2e,surveillance-edge,798502718aa45123,da62b4962e11a443b2376554f90e25fc
,,238,2026-02-09T22:23:40.137148752Z,2026-02-10T10:23:40.137148752Z,2026-02-10T10:17:04.676274367Z,122404094,duration_nano,spans,c3e509cb4f2e,surveillance-edge,79f7d18c624e1418,da0d870df54513a3f28cf0e622275c1d
,,239,2026-02-09T22:23:40.137148752Z,2026-02-10T10:23:40.137148752Z,2026-02-10T10:11:36.01235275Z,266153730,duration_nano,spans,c3e509cb4f2e,surveillance-edge,7a8505537a57adb0,9979fac75e06e900a950622b345135a1
,,240,2026-02-09T22:23:40.137148752Z,2026-02-10T10:23:40.137148752Z,2026-02-10T10:17:20.902309753Z,122602592,duration_nano,spans,c3e509cb4f2e,surveillance-edge,7aaa0f648b8d1ff2,81fe97416b9f2dec69da8853a5cca39c
,,241,2026-02-09T22:23:40.137148752Z,2026-02-10T10:23:40.137148752Z,2026-02-10T10:21:26.724613746Z,124564440,duration_nano,spans,c3e509cb4f2e,surveillance-edge,7b1e3021c631d6f3,303c4f5bf51421b41466bcf28c536ac8
,,242,2026-02-09T22:23:40.137148752Z,2026-02-10T10:23:40.137148752Z,2026-02-10T10:17:26.272810258Z,118695477,duration_nano,spans,c3e509cb4f2e,surveillance-edge,7b507c32888f99f1,b3985a04b923811f0ae0f081425b9672
,,243,2026-02-09T22:23:40.137148752Z,2026-02-10T10:23:40.137148752Z,2026-02-10T10:14:50.471588766Z,216627061,duration_nano,spans,c3e509cb4f2e,surveillance-edge,7c07d025c7130054,2ce0f63f70751fb703364f2d516f1c98
,,244,2026-02-09T22:23:40.137148752Z,2026-02-10T10:23:40.137148752Z,2026-02-10T10:16:53.846892146Z,119468869,duration_nano,spans,c3e509cb4f2e,surveillance-edge,7c67c832827ae48a,94b6b2479d5f74994a3eec4ff1f14954
,,245,2026-02-09T22:23:40.137148752Z,2026-02-10T10:23:40.137148752Z,2026-02-10T10:14:34.456010297Z,144698433,duration_nano,spans,c3e509cb4f2e,surveillance-edge,7d1dbf7799a3b588,707c3fc0337eaa0c522b7a0378b848d0
,,246,2026-02-09T22:23:40.137148752Z,2026-02-10T10:23:40.137148752Z,2026-02-10T10:11:43.476461319Z,180425007,duration_nano,spans,c3e509cb4f2e,surveillance-edge,7d2da9ff955b8919,d364f8098ad55968b0bf14095c7abfb0
,,247,2026-02-09T22:23:40.137148752Z,2026-02-10T10:23:40.137148752Z,2026-02-10T10:16:49.516147244Z,133615707,duration_nano,spans,c3e509cb4f2e,surveillance-edge,7d7a5a11740eceba,cbd1f68a9ec43a1779633ac76480b8bd
,,248,2026-02-09T22:23:40.137148752Z,2026-02-10T10:23:40.137148752Z,2026-02-10T10:19:31.489236295Z,126446203,duration_nano,spans,c3e509cb4f2e,surveillance-edge,7dbf9a1e3ff3868b,fd78f08f08139d15a844ce7bdc9468b5
,,249,2026-02-09T22:23:40.137148752Z,2026-02-10T10:23:40.137148752Z,2026-02-10T10:16:46.264851038Z,120679146,duration_nano,spans,c3e509cb4f2e,surveillance-edge,7dca7e395847884f,111d88198ab359346a871f41a9a4b133
,,250,2026-02-09T22:23:40.137148752Z,2026-02-10T10:23:40.137148752Z,2026-02-10T10:12:01.515696732Z,115865210,duration_nano,spans,c3e509cb4f2e,surveillance-edge,7dfa77c2cb645c66,af354fb3be7b19a5074ee8e6a8e01dd1
,,251,2026-02-09T22:23:40.137148752Z,2026-02-10T10:23:40.137148752Z,2026-02-10T10:15:20.992956251Z,144717824,duration_nano,spans,c3e509cb4f2e,surveillance-edge,7e7308c0a1f9d7ef,3d752180cfdd9e80f1331026a8ad99d3
,,252,2026-02-09T22:23:40.137148752Z,2026-02-10T10:23:40.137148752Z,2026-02-10T10:18:38.751817718Z,125083894,duration_nano,spans,c3e509cb4f2e,surveillance-edge,7eaacc18c34a9f11,ef5876813eb30a4df3dd834444ed0eb9
,,253,2026-02-09T22:23:40.137148752Z,2026-02-10T10:23:40.137148752Z,2026-02-10T10:11:57.289662478Z,125828988,duration_nano,spans,c3e509cb4f2e,surveillance-edge,7ec6c6c56f529f0e,75b8c6698a65417c7a7ac5e1758944f8
,,254,2026-02-09T22:23:40.137148752Z,2026-02-10T10:23:40.137148752Z,2026-02-10T10:13:36.896845444Z,136055753,duration_nano,spans,c3e509cb4f2e,surveillance-edge,7eef696a53e25017,237d38d58135d62b1442facc71d0ea98
,,255,2026-02-09T22:23:40.137148752Z,2026-02-10T10:23:40.137148752Z,2026-02-10T10:18:25.827415366Z,127007786,duration_nano,spans,c3e509cb4f2e,surveillance-edge,7fe97eee1d2f7bfb,ff836700bb7d8fec1a0bc4b3f24d94b8
,,256,2026-02-09T22:23:40.137148752Z,2026-02-10T10:23:40.137148752Z,2026-02-10T10:21:28.883278781Z,116664114,duration_nano,spans,c3e509cb4f2e,surveillance-edge,80a8e577c03fe7ed,1068dc3143ff17ced2fa5dc76595a2d9
,,257,2026-02-09T22:23:40.137148752Z,2026-02-10T10:23:40.137148752Z,2026-02-10T10:20:29.669727583Z,125487777,duration_nano,spans,c3e509cb4f2e,surveillance-edge,812198f8b8bee231,cd3468671ae1556080460933b586256d
,,258,2026-02-09T22:23:40.137148752Z,2026-02-10T10:23:40.137148752Z,2026-02-10T10:21:02.966475072Z,120413715,duration_nano,spans,c3e509cb4f2e,surveillance-edge,8122443d1e23ce96,6eb0a7dcbeea819b994a67bc9b3a882c
,,259,2026-02-09T22:23:40.137148752Z,2026-02-10T10:23:40.137148752Z,2026-02-10T10:14:26.977514071Z,128005316,duration_nano,spans,c3e509cb4f2e,surveillance-edge,8250ad19f96e02b5,39d143ad7b173bb1f4286a2c56686e7f
,,260,2026-02-09T22:23:40.137148752Z,2026-02-10T10:23:40.137148752Z,2026-02-10T10:17:14.377419402Z,132618730,duration_nano,spans,c3e509cb4f2e,surveillance-edge,829a3ec2fd2125b8,52602218a64dff30fae3f512522265cf
,,261,2026-02-09T22:23:40.137148752Z,2026-02-10T10:23:40.137148752Z,2026-02-10T10:19:05.583169898Z,126498180,duration_nano,spans,c3e509cb4f2e,surveillance-edge,82a6f5f8a4c3a7a0,2145f740653b680c7e141f38ed3fbc3f
,,262,2026-02-09T22:23:40.137148752Z,2026-02-10T10:23:40.137148752Z,2026-02-10T10:12:26.50077593Z,131532942,duration_nano,spans,c3e509cb4f2e,surveillance-edge,83e6143ec46d3650,137d4479b884d2bf7b2ae451d98eb8a9
,,263,2026-02-09T22:23:40.137148752Z,2026-02-10T10:23:40.137148752Z,2026-02-10T10:14:19.522835949Z,119819378,duration_nano,spans,c3e509cb4f2e,surveillance-edge,845c67aa5149aaac,c7e6001cb7480d1cfc8723af128df758
,,264,2026-02-09T22:23:40.137148752Z,2026-02-10T10:23:40.137148752Z,2026-02-10T10:20:54.461772125Z,139047197,duration_nano,spans,c3e509cb4f2e,surveillance-edge,8491960591481503,0967ba8c1bc4620597945bb852dab99b
,,265,2026-02-09T22:23:40.137148752Z,2026-02-10T10:23:40.137148752Z,2026-02-10T10:11:40.319471298Z,128193107,duration_nano,spans,c3e509cb4f2e,surveillance-edge,84a22911c32837a6,a7b2c8f6312cc5b13596c85598aa3079
,,266,2026-02-09T22:23:40.137148752Z,2026-02-10T10:23:40.137148752Z,2026-02-10T10:13:33.762212847Z,177410085,duration_nano,spans,c3e509cb4f2e,surveillance-edge,856a8d9df5d44d56,3a55eb483f01bfbaddd0a4ef84e635be
,,267,2026-02-09T22:23:40.137148752Z,2026-02-10T10:23:40.137148752Z,2026-02-10T10:21:10.545902258Z,122406989,duration_nano,spans,c3e509cb4f2e,surveillance-edge,85df8eebdb349818,df3e8ec64cbf4d8296c2b57cbf6f6cbc
,,268,2026-02-09T22:23:40.137148752Z,2026-02-10T10:23:40.137148752Z,2026-02-10T10:12:54.229230583Z,123048171,duration_nano,spans,c3e509cb4f2e,surveillance-edge,86e0787a95f7bace,35eaf93b50a73e355662c73e32873384
,,269,2026-02-09T22:23:40.137148752Z,2026-02-10T10:23:40.137148752Z,2026-02-10T10:12:59.503873298Z,127167252,duration_nano,spans,c3e509cb4f2e,surveillance-edge,87080aa76a68089c,c99d66a905a414f10319234631e79aec
,,270,2026-02-09T22:23:40.137148752Z,2026-02-10T10:23:40.137148752Z,2026-02-10T10:18:37.661616323Z,124368278,duration_nano,spans,c3e509cb4f2e,surveillance-edge,871e2865935db2ff,72405db76ea405985aced9f799cb037c
,,271,2026-02-09T22:23:40.137148752Z,2026-02-10T10:23:40.137148752Z,2026-02-10T10:18:48.388597005Z,125079923,duration_nano,spans,c3e509cb4f2e,surveillance-edge,872241e410c85fb2,29886e8b5d142f18a919373523a019a8
,,272,2026-02-09T22:23:40.137148752Z,2026-02-10T10:23:40.137148752Z,2026-02-10T10:11:50.875037632Z,151695685,duration_nano,spans,c3e509cb4f2e,surveillance-edge,8744e5e7fed6cc2c,5f6c1a5546212df6c5652c7b9393ae39
,,273,2026-02-09T22:23:40.137148752Z,2026-02-10T10:23:40.137148752Z,2026-02-10T10:13:43.281644Z,167131096,duration_nano,spans,c3e509cb4f2e,surveillance-edge,87dc95892a99b5de,9c0448ca86ac8981fba2f4224f9ed925
,,274,2026-02-09T22:23:40.137148752Z,2026-02-10T10:23:40.137148752Z,2026-02-10T10:19:29.32912635Z,121759702,duration_nano,spans,c3e509cb4f2e,surveillance-edge,87f668866557b915,340cf2fcd2f98ae1e60a4ee5ec3fde4c
,,275,2026-02-09T22:23:40.137148752Z,2026-02-10T10:23:40.137148752Z,2026-02-10T10:14:15.293903567Z,147798822,duration_nano,spans,c3e509cb4f2e,surveillance-edge,881af2d9ad9a2e9c,89769879c8ff4b91c0a9ee0721078767
,,276,2026-02-09T22:23:40.137148752Z,2026-02-10T10:23:40.137148752Z,2026-02-10T10:16:31.218189717Z,131226726,duration_nano,spans,c3e509cb4f2e,surveillance-edge,88a749f819f6b9cb,844c51f65f0a3df6f64d59bd62bd13fc
,,277,2026-02-09T22:23:40.137148752Z,2026-02-10T10:23:40.137148752Z,2026-02-10T10:17:23.064668229Z,124023341,duration_nano,spans,c3e509cb4f2e,surveillance-edge,891002f1aef8f72a,cfcf6cb58b1c3c9e97da2b9e0324b08d
,,278,2026-02-09T22:23:40.137148752Z,2026-02-10T10:23:40.137148752Z,2026-02-10T10:17:11.120119069Z,118024773,duration_nano,spans,c3e509cb4f2e,surveillance-edge,8927da204ca1343d,0a74ffdd2bf4c8a1ec1c86f723574ea8
,,279,2026-02-09T22:23:40.137148752Z,2026-02-10T10:23:40.137148752Z,2026-02-10T10:12:39.379673573Z,121747921,duration_nano,spans,c3e509cb4f2e,surveillance-edge,8b3a7e0077b84db8,7cad19018f46bbe5195e5bd0df718413
,,280,2026-02-09T22:23:40.137148752Z,2026-02-10T10:23:40.137148752Z,2026-02-10T10:14:58.079830064Z,196461893,duration_nano,spans,c3e509cb4f2e,surveillance-edge,8b7d3b66eef1d21f,402c8307184c27f638524c441f0143f6
,,281,2026-02-09T22:23:40.137148752Z,2026-02-10T10:23:40.137148752Z,2026-02-10T10:14:05.682156658Z,188035760,duration_nano,spans,c3e509cb4f2e,surveillance-edge,8bd4753de5f6a3e4,9e405d8c8f44455699a29fab297a7ddb
,,282,2026-02-09T22:23:40.137148752Z,2026-02-10T10:23:40.137148752Z,2026-02-10T10:12:46.865428398Z,127115973,duration_nano,spans,c3e509cb4f2e,surveillance-edge,8d9af260532c7308,08932ede894b454475eaf007504a9ebf
,,283,2026-02-09T22:23:40.137148752Z,2026-02-10T10:23:40.137148752Z,2026-02-10T10:17:21.980983025Z,129138145,duration_nano,spans,c3e509cb4f2e,surveillance-edge,8de01765de34084c,58ed7d378b7c3bb4fced2c62318ff25d
,,284,2026-02-09T22:23:40.137148752Z,2026-02-10T10:23:40.137148752Z,2026-02-10T10:19:23.926258264Z,120216368,duration_nano,spans,c3e509cb4f2e,surveillance-edge,8de620d06bba6115,07e753de9bff4c18801eb7e4ea0a796d
,,285,2026-02-09T22:23:40.137148752Z,2026-02-10T10:23:40.137148752Z,2026-02-10T10:18:55.912888006Z,120770586,duration_nano,spans,c3e509cb4f2e,surveillance-edge,8f12007042262a28,970a1acdd40962f91568b3abc714542f
,,286,2026-02-09T22:23:40.137148752Z,2026-02-10T10:23:40.137148752Z,2026-02-10T10:18:51.633592044Z,126196794,duration_nano,spans,c3e509cb4f2e,surveillance-edge,8f2e7685d9b38ef7,b34d3bb01d63e5f870dc0a375428c6a4
,,287,2026-02-09T22:23:40.137148752Z,2026-02-10T10:23:40.137148752Z,2026-02-10T10:14:40.902382882Z,150133079,duration_nano,spans,c3e509cb4f2e,surveillance-edge,8fb47fb5db7732dd,7d87ffcafdae9bf32ee5601221aedc85
,,288,2026-02-09T22:23:40.137148752Z,2026-02-10T10:23:40.137148752Z,2026-02-10T10:18:50.555677555Z,121773621,duration_nano,spans,c3e509cb4f2e,surveillance-edge,918ccd3ec2aa04e9,df7ed3b3dfae2e58a79b734e65add5dc
,,289,2026-02-09T22:23:40.137148752Z,2026-02-10T10:23:40.137148752Z,2026-02-10T10:19:07.744622837Z,121967019,duration_nano,spans,c3e509cb4f2e,surveillance-edge,91a7737b18420579,485f3211d04f31d40cb2e2394b7f90a3
,,290,2026-02-09T22:23:40.137148752Z,2026-02-10T10:23:40.137148752Z,2026-02-10T10:16:48.430801832Z,121762227,duration_nano,spans,c3e509cb4f2e,surveillance-edge,9246b9696deba422,60e89094081e0c8fb23ff28b7df6e082
,,291,2026-02-09T22:23:40.137148752Z,2026-02-10T10:23:40.137148752Z,2026-02-10T10:21:18.099051745Z,120896675,duration_nano,spans,c3e509cb4f2e,surveillance-edge,9270af7fce09ce44,d46b4c17e7827b21f061981ca2eb9baf
,,292,2026-02-09T22:23:40.137148752Z,2026-02-10T10:23:40.137148752Z,2026-02-10T10:12:02.559435949Z,120983286,duration_nano,spans,c3e509cb4f2e,surveillance-edge,932e287b9f60c737,652a4c7716b1ce506d2eff0e55829446
,,293,2026-02-09T22:23:40.137148752Z,2026-02-10T10:23:40.137148752Z,2026-02-10T10:14:25.893582921Z,170929197,duration_nano,spans,c3e509cb4f2e,surveillance-edge,9335a7fa8180548b,bad73bd87deed58a79d5b42cd5e52a23
,,294,2026-02-09T22:23:40.137148752Z,2026-02-10T10:23:40.137148752Z,2026-02-10T10:14:21.663269777Z,130940293,duration_nano,spans,c3e509cb4f2e,surveillance-edge,93ee7918a7f80b7c,b02dec6b87266399b68037433e7f743c
,,295,2026-02-09T22:23:40.137148752Z,2026-02-10T10:23:40.137148752Z,2026-02-10T10:14:14.234517162Z,201062675,duration_nano,spans,c3e509cb4f2e,surveillance-edge,949a8ecb3aaa81ee,31b206cd9edd7df5af0d2ac783978a57
,,296,2026-02-09T22:23:40.137148752Z,2026-02-10T10:23:40.137148752Z,2026-02-10T10:13:28.54157451Z,165545133,duration_nano,spans,c3e509cb4f2e,surveillance-edge,94f3b697408abcd0,deffca73a2b2eb19e4a1d03c58ab23df
,,297,2026-02-09T22:23:40.137148752Z,2026-02-10T10:23:40.137148752Z,2026-02-10T10:16:40.874484547Z,141835976,duration_nano,spans,c3e509cb4f2e,surveillance-edge,9554539e1ac9a0eb,a97f7f4083a09dc988887ce09d6d1691
,,298,2026-02-09T22:23:40.137148752Z,2026-02-10T10:23:40.137148752Z,2026-02-10T10:13:21.023331326Z,123061991,duration_nano,spans,c3e509cb4f2e,surveillance-edge,9555dd1e1b05c19d,8a25332132f8bf596fd932be8330088c
,,299,2026-02-09T22:23:40.137148752Z,2026-02-10T10:23:40.137148752Z,2026-02-10T10:21:07.291287321Z,127910997,duration_nano,spans,c3e509cb4f2e,surveillance-edge,97050a89d49f3bb2,0f5a22fe932e7d24c753f6c4a249b483
,,300,2026-02-09T22:23:40.137148752Z,2026-02-10T10:23:40.137148752Z,2026-02-10T10:12:36.168166028Z,118268979,duration_nano,spans,c3e509cb4f2e,surveillance-edge,97071e671aa41987,aeaf3529928f0896c3d2825ce951303d
,,301,2026-02-09T22:23:40.137148752Z,2026-02-10T10:23:40.137148752Z,2026-02-10T10:13:23.167107835Z,123128655,duration_nano,spans,c3e509cb4f2e,surveillance-edge,9726d7ef51342d80,4403b57718a93b3c75d2da0d1599fc99
,,302,2026-02-09T22:23:40.137148752Z,2026-02-10T10:23:40.137148752Z,2026-02-10T10:12:27.576030516Z,192593453,duration_nano,spans,c3e509cb4f2e,surveillance-edge,977e107b91ad09fd,54a68254303fb81e338213c594c6c1eb
,,303,2026-02-09T22:23:40.137148752Z,2026-02-10T10:23:40.137148752Z,2026-02-10T10:13:39.039947795Z,119612459,duration_nano,spans,c3e509cb4f2e,surveillance-edge,97cc93877982336b,5b314c60bb06afe7bd143894d02be4b0
,,304,2026-02-09T22:23:40.137148752Z,2026-02-10T10:23:40.137148752Z,2026-02-10T10:20:59.743232889Z,153131242,duration_nano,spans,c3e509cb4f2e,surveillance-edge,988f5cfdab588ab7,ccfb9f4b55b8c9c258ea3d2e7911c816
,,305,2026-02-09T22:23:40.137148752Z,2026-02-10T10:23:40.137148752Z,2026-02-10T10:19:28.252913048Z,124256940,duration_nano,spans,c3e509cb4f2e,surveillance-edge,98e0a9f0ee001c9c,2cecc9831020f1445f4b79026d9bb94c
,,306,2026-02-09T22:23:40.137148752Z,2026-02-10T10:23:40.137148752Z,2026-02-10T10:13:00.543508209Z,130813938,duration_nano,spans,c3e509cb4f2e,surveillance-edge,98ea7118c6241ad5,16e857e63b0c2740eb1a611a7af3203a
,,307,2026-02-09T22:23:40.137148752Z,2026-02-10T10:23:40.137148752Z,2026-02-10T10:21:11.631068246Z,127996929,duration_nano,spans,c3e509cb4f2e,surveillance-edge,9922ea42b7763e8e,ff1b1d0db7c1ba9e32014e1186d841b9
,,308,2026-02-09T22:23:40.137148752Z,2026-02-10T10:23:40.137148752Z,2026-02-10T10:12:21.074036468Z,144459147,duration_nano,spans,c3e509cb4f2e,surveillance-edge,99d5bbb036ecb17f,a52b1c61ff1532af59fa08a1bdae6f2b
,,309,2026-02-09T22:23:40.137148752Z,2026-02-10T10:23:40.137148752Z,2026-02-10T10:15:22.047959428Z,223835851,duration_nano,spans,c3e509cb4f2e,surveillance-edge,99d79be4b126e548,123ede7cbb4c23b6d0c6d8742d69c6d8
,,310,2026-02-09T22:23:40.137148752Z,2026-02-10T10:23:40.137148752Z,2026-02-10T10:14:43.023830076Z,312773780,duration_nano,spans,c3e509cb4f2e,surveillance-edge,9aa462b2945c6abd,9bff58110a58ea7299e0595adec32508
,,311,2026-02-09T22:23:40.137148752Z,2026-02-10T10:23:40.137148752Z,2026-02-10T10:19:46.681430377Z,130809399,duration_nano,spans,c3e509cb4f2e,surveillance-edge,9b099dcd781017c1,9f20e08dadd2ba19a5da87b832c1cdc3
,,312,2026-02-09T22:23:40.137148752Z,2026-02-10T10:23:40.137148752Z,2026-02-10T10:16:26.982354576Z,136827192,duration_nano,spans,c3e509cb4f2e,surveillance-edge,9bcdbacd02f61167,c87b64ce2dbee5c9aafc5df6725371fa
,,313,2026-02-09T22:23:40.137148752Z,2026-02-10T10:23:40.137148752Z,2026-02-10T10:18:43.082922442Z,119684224,duration_nano,spans,c3e509cb4f2e,surveillance-edge,9c71d3895307d767,08adc808b7890cb1abe139e7c83e0e4d
,,314,2026-02-09T22:23:40.137148752Z,2026-02-10T10:23:40.137148752Z,2026-02-10T10:13:14.595084315Z,122032766,duration_nano,spans,c3e509cb4f2e,surveillance-edge,9c970bb7b3c4018a,1dc4f46b29b6236fda29a31787aff480
,,315,2026-02-09T22:23:40.137148752Z,2026-02-10T10:23:40.137148752Z,2026-02-10T10:20:13.63895824Z,149358795,duration_nano,spans,c3e509cb4f2e,surveillance-edge,9ccf933a70bf073d,f1bd30047d45c3941a44f9fd16648ac6
,,316,2026-02-09T22:23:40.137148752Z,2026-02-10T10:23:40.137148752Z,2026-02-10T10:20:58.666518555Z,125686559,duration_nano,spans,c3e509cb4f2e,surveillance-edge,9d4ae3a36c0137d0,3cc6c305df95d582d03788cf620a0cd7
,,317,2026-02-09T22:23:40.137148752Z,2026-02-10T10:23:40.137148752Z,2026-02-10T10:13:49.642871862Z,175994092,duration_nano,spans,c3e509cb4f2e,surveillance-edge,9e113b4ec86426ed,7c04165bf0e8222d0d19fe223a98313c
,,318,2026-02-09T22:23:40.137148752Z,2026-02-10T10:23:40.137148752Z,2026-02-10T10:12:31.884715692Z,137913189,duration_nano,spans,c3e509cb4f2e,surveillance-edge,9e854f41c3857514,7b80561b25ec55ee5c16635c4178279c
,,319,2026-02-09T22:23:40.137148752Z,2026-02-10T10:23:40.137148752Z,2026-02-10T10:18:16.086482968Z,126886231,duration_nano,spans,c3e509cb4f2e,surveillance-edge,9ef209d62c3e7009,f7da0493805482a4184dd57210563a19
,,320,2026-02-09T22:23:40.137148752Z,2026-02-10T10:23:40.137148752Z,2026-02-10T10:21:27.800711259Z,129703241,duration_nano,spans,c3e509cb4f2e,surveillance-edge,9f8304f12eac24c5,3e8b3a0ff841ce4043d838e0ae5dd109
,,321,2026-02-09T22:23:40.137148752Z,2026-02-10T10:23:40.137148752Z,2026-02-10T10:18:59.11731582Z,116279960,duration_nano,spans,c3e509cb4f2e,surveillance-edge,a12bdce1d00f93fa,c398e4d1c0944048b5b51a9e6742ef50
,,322,2026-02-09T22:23:40.137148752Z,2026-02-10T10:23:40.137148752Z,2026-02-10T10:20:22.137741636Z,129006074,duration_nano,spans,c3e509cb4f2e,surveillance-edge,a284b5ca55703cc9,7abe92582619a61474172087a2e93162
,,323,2026-02-09T22:23:40.137148752Z,2026-02-10T10:23:40.137148752Z,2026-02-10T10:13:35.854819194Z,142904664,duration_nano,spans,c3e509cb4f2e,surveillance-edge,a2cf6bf9dd3df8c5,9b38e2f535a421803c308dbb87aebd4c
,,324,2026-02-09T22:23:40.137148752Z,2026-02-10T10:23:40.137148752Z,2026-02-10T10:15:26.368950225Z,126787544,duration_nano,spans,c3e509cb4f2e,surveillance-edge,a2f32f71096f963a,ce7287522555d4586374826c4157e247
,,325,2026-02-09T22:23:40.137148752Z,2026-02-10T10:23:40.137148752Z,2026-02-10T10:20:21.065719392Z,126322305,duration_nano,spans,c3e509cb4f2e,surveillance-edge,a513bc5b27f493b8,5d56337935d682a33b4fd2bf605717a6
,,326,2026-02-09T22:23:40.137148752Z,2026-02-10T10:23:40.137148752Z,2026-02-10T10:15:54.659479543Z,131856058,duration_nano,spans,c3e509cb4f2e,surveillance-edge,a6428cc9c6ba1517,1901f8f3340c47e7d12da6bacec399c5
,,327,2026-02-09T22:23:40.137148752Z,2026-02-10T10:23:40.137148752Z,2026-02-10T10:21:34.267692896Z,118614942,duration_nano,spans,c3e509cb4f2e,surveillance-edge,a6e8607efcc9e199,632e5fdf8eff706c3316170cbeefecfc
,,328,2026-02-09T22:23:40.137148752Z,2026-02-10T10:23:40.137148752Z,2026-02-10T10:15:18.836132527Z,172609301,duration_nano,spans,c3e509cb4f2e,surveillance-edge,a6fd3a436bf58864,c093c72a33eb64da83826fb88959d8e3
,,329,2026-02-09T22:23:40.137148752Z,2026-02-10T10:23:40.137148752Z,2026-02-10T10:14:41.937667786Z,145364924,duration_nano,spans,c3e509cb4f2e,surveillance-edge,a6fd4525164c06a3,7fa991a3383075d84aa58d7f586131f6
,,330,2026-02-09T22:23:40.137148752Z,2026-02-10T10:23:40.137148752Z,2026-02-10T10:20:25.346436273Z,122834024,duration_nano,spans,c3e509cb4f2e,surveillance-edge,a75e1fa6b39ae86a,cee6691271efa43889506f4926ae348c
,,331,2026-02-09T22:23:40.137148752Z,2026-02-10T10:23:40.137148752Z,2026-02-10T10:15:23.119115656Z,116687895,duration_nano,spans,c3e509cb4f2e,surveillance-edge,a78dca7fd5a32f70,405e0a9585c8a71a1564b82a90d27527
,,332,2026-02-09T22:23:40.137148752Z,2026-02-10T10:23:40.137148752Z,2026-02-10T10:18:32.247155421Z,121923649,duration_nano,spans,c3e509cb4f2e,surveillance-edge,a85533efc3ef6dcc,7cdca63c6f27f58989a27fcb30f15afa
,,333,2026-02-09T22:23:40.137148752Z,2026-02-10T10:23:40.137148752Z,2026-02-10T10:19:47.738975088Z,119686613,duration_nano,spans,c3e509cb4f2e,surveillance-edge,a93e030a07285273,88ad626766913a3f5a8e82979b3af333
,,334,2026-02-09T22:23:40.137148752Z,2026-02-10T10:23:40.137148752Z,2026-02-10T10:13:55.043603187Z,125199469,duration_nano,spans,c3e509cb4f2e,surveillance-edge,a980d6fd5650d70d,2cb005f80d8f391909e4155add135a36
,,335,2026-02-09T22:23:40.137148752Z,2026-02-10T10:23:40.137148752Z,2026-02-10T10:20:41.540750709Z,124522317,duration_nano,spans,c3e509cb4f2e,surveillance-edge,aa13be6668dd1ebe,7666e603902278c71c5431e13382d90c
,,336,2026-02-09T22:23:40.137148752Z,2026-02-10T10:23:40.137148752Z,2026-02-10T10:20:44.794972625Z,124639758,duration_nano,spans,c3e509cb4f2e,surveillance-edge,aaabf4759e906c72,c2dddb271c7b54dc9f67650f7f85a5f2
,,337,2026-02-09T22:23:40.137148752Z,2026-02-10T10:23:40.137148752Z,2026-02-10T10:14:57.017141514Z,216089201,duration_nano,spans,c3e509cb4f2e,surveillance-edge,ab19759151eec9b8,2e41d734ae5797915ef53109816ae399
,,338,2026-02-09T22:23:40.137148752Z,2026-02-10T10:23:40.137148752Z,2026-02-10T10:14:20.608322329Z,237371008,duration_nano,spans,c3e509cb4f2e,surveillance-edge,acb981844cc62b7f,7b5f0d8554325f39303635ff710c78ca
,,339,2026-02-09T22:23:40.137148752Z,2026-02-10T10:23:40.137148752Z,2026-02-10T10:20:30.750754844Z,123222750,duration_nano,spans,c3e509cb4f2e,surveillance-edge,acc9daa8471aade8,25a790f8fbb69b4d509bacc2b35b452e
,,340,2026-02-09T22:23:40.137148752Z,2026-02-10T10:23:40.137148752Z,2026-02-10T10:21:00.817147021Z,128098056,duration_nano,spans,c3e509cb4f2e,surveillance-edge,ad135ddc9967e931,8ee8288e8b3fbd9e77d60b2a2b08494e
,,341,2026-02-09T22:23:40.137148752Z,2026-02-10T10:23:40.137148752Z,2026-02-10T10:16:52.767333469Z,123603680,duration_nano,spans,c3e509cb4f2e,surveillance-edge,ad66fab8380c620d,cbcb05ab72fb8476aadd6c450e23bd01
,,342,2026-02-09T22:23:40.137148752Z,2026-02-10T10:23:40.137148752Z,2026-02-10T10:13:26.420404603Z,125369164,duration_nano,spans,c3e509cb4f2e,surveillance-edge,ad7c61a1d47d12e6,f85f4922d4187c6c638db962b3de14a0
,,343,2026-02-09T22:23:40.137148752Z,2026-02-10T10:23:40.137148752Z,2026-02-10T10:17:49.020458964Z,123061440,duration_nano,spans,c3e509cb4f2e,surveillance-edge,ae28fc605aedd0ce,d791d07925c1812a622feb4f76291b81
,,344,2026-02-09T22:23:40.137148752Z,2026-02-10T10:23:40.137148752Z,2026-02-10T10:15:28.527717579Z,145675270,duration_nano,spans,c3e509cb4f2e,surveillance-edge,afafb0511e603c2c,1ea5e97aeaaf1a4c3d748dc859a5cbbc
,,345,2026-02-09T22:23:40.137148752Z,2026-02-10T10:23:40.137148752Z,2026-02-10T10:21:09.463889363Z,124931734,duration_nano,spans,c3e509cb4f2e,surveillance-edge,afce571885ec4e7a,0c4fbde12ce7290c57ce879024c6ca03
,,346,2026-02-09T22:23:40.137148752Z,2026-02-10T10:23:40.137148752Z,2026-02-10T10:15:15.597286427Z,279737108,duration_nano,spans,c3e509cb4f2e,surveillance-edge,afd4f373a50d683e,eb92f0a86812d0d2b704877efed51da1
,,347,2026-02-09T22:23:40.137148752Z,2026-02-10T10:23:40.137148752Z,2026-02-10T10:13:03.77216834Z,125376449,duration_nano,spans,c3e509cb4f2e,surveillance-edge,b09c24152a971437,e62e840374c828fe14430a89fa454f20
,,348,2026-02-09T22:23:40.137148752Z,2026-02-10T10:23:40.137148752Z,2026-02-10T10:14:29.092986671Z,199544250,duration_nano,spans,c3e509cb4f2e,surveillance-edge,b0e8320f43d4a09b,8aa3924f43d9cccabc2c9f2579cb32aa
,,349,2026-02-09T22:23:40.137148752Z,2026-02-10T10:23:40.137148752Z,2026-02-10T10:13:29.581605223Z,141747294,duration_nano,spans,c3e509cb4f2e,surveillance-edge,b17a90573ea47c2f,d3409dbaefc61670a48617f4327d31f3
,,350,2026-02-09T22:23:40.137148752Z,2026-02-10T10:23:40.137148752Z,2026-02-10T10:13:18.863225399Z,149862318,duration_nano,spans,c3e509cb4f2e,surveillance-edge,b2a342aee16826ec,0180f9790d36ccedc16a411c26eeec05
,,351,2026-02-09T22:23:40.137148752Z,2026-02-10T10:23:40.137148752Z,2026-02-10T10:14:12.056915137Z,137807597,duration_nano,spans,c3e509cb4f2e,surveillance-edge,b2e1b37dc8371ce9,f217235606622d80fe4784418e3218b2
,,352,2026-02-09T22:23:40.137148752Z,2026-02-10T10:23:40.137148752Z,2026-02-10T10:19:09.912690517Z,124655834,duration_nano,spans,c3e509cb4f2e,surveillance-edge,b31e66d4bb4d2744,09c26d2bc10fc25ff9c52598f1e3d7a8
,,353,2026-02-09T22:23:40.137148752Z,2026-02-10T10:23:40.137148752Z,2026-02-10T10:12:37.245293287Z,121603748,duration_nano,spans,c3e509cb4f2e,surveillance-edge,b3930f10eb156d67,ea653b6b4958775fa48e4fcadd25a6bc
,,354,2026-02-09T22:23:40.137148752Z,2026-02-10T10:23:40.137148752Z,2026-02-10T10:14:02.506930075Z,182394150,duration_nano,spans,c3e509cb4f2e,surveillance-edge,b41d13115a9ac4c0,1e22c4d365918258b3fc57b9bdcb8e83
,,355,2026-02-09T22:23:40.137148752Z,2026-02-10T10:23:40.137148752Z,2026-02-10T10:20:50.135800826Z,121251125,duration_nano,spans,c3e509cb4f2e,surveillance-edge,b44b7855585fc05e,13d451a3fd16d2c19698183ac556e527
,,356,2026-02-09T22:23:40.137148752Z,2026-02-10T10:23:40.137148752Z,2026-02-10T10:12:48.963592855Z,123168723,duration_nano,spans,c3e509cb4f2e,surveillance-edge,b4d94eb0a7977f76,b0a3b11831b124b3eb7c2c8fc92aa990
,,357,2026-02-09T22:23:40.137148752Z,2026-02-10T10:23:40.137148752Z,2026-02-10T10:19:49.849594913Z,124551576,duration_nano,spans,c3e509cb4f2e,surveillance-edge,b58e1343edb045c4,26a11c0710abe4f3b7ced7a04f9ec403
,,358,2026-02-09T22:23:40.137148752Z,2026-02-10T10:23:40.137148752Z,2026-02-10T10:16:21.626380822Z,130963542,duration_nano,spans,c3e509cb4f2e,surveillance-edge,b7219ba31d6f7e9f,07a638a6842077a523c028760aef8e9e
,,359,2026-02-09T22:23:40.137148752Z,2026-02-10T10:23:40.137148752Z,2026-02-10T10:19:55.18012927Z,118867823,duration_nano,spans,c3e509cb4f2e,surveillance-edge,b8268e2bb89c7461,298ba048146b810bcf4efc0db0bc66da
,,360,2026-02-09T22:23:40.137148752Z,2026-02-10T10:23:40.137148752Z,2026-02-10T10:18:57.001789301Z,124730983,duration_nano,spans,c3e509cb4f2e,surveillance-edge,b9506f6cceb535a9,940345a03b76635166f83b06b7967be0
,,361,2026-02-09T22:23:40.137148752Z,2026-02-10T10:23:40.137148752Z,2026-02-10T10:14:30.178799707Z,204180710,duration_nano,spans,c3e509cb4f2e,surveillance-edge,ba34f03694c89ddf,d0ca0bee8612a34b25e45674f145ae36
,,362,2026-02-09T22:23:40.137148752Z,2026-02-10T10:23:40.137148752Z,2026-02-10T10:13:50.72978205Z,148852879,duration_nano,spans,c3e509cb4f2e,surveillance-edge,ba548d34b31c12f4,d9807a1a82a3df2c29822ea9f183bde1
,,363,2026-02-09T22:23:40.137148752Z,2026-02-10T10:23:40.137148752Z,2026-02-10T10:11:51.91243723Z,136982657,duration_nano,spans,c3e509cb4f2e,surveillance-edge,ba78156ed86e4ddd,8bdc3caa574828fc4039573ada1fb953
,,364,2026-02-09T22:23:40.137148752Z,2026-02-10T10:23:40.137148752Z,2026-02-10T10:16:20.562577815Z,162830493,duration_nano,spans,c3e509cb4f2e,surveillance-edge,baaf85a72b0eed69,09ecd1450d03740adeec0f1b9d6e66a8
,,365,2026-02-09T22:23:40.137148752Z,2026-02-10T10:23:40.137148752Z,2026-02-10T10:17:58.717275379Z,123938775,duration_nano,spans,c3e509cb4f2e,surveillance-edge,bb71cf3e8a3a5643,3e0f656ca5b0d82fffbe41695666d92e
,,366,2026-02-09T22:23:40.137148752Z,2026-02-10T10:23:40.137148752Z,2026-02-10T10:21:23.467539123Z,172481674,duration_nano,spans,c3e509cb4f2e,surveillance-edge,bcbf6f4af37137d7,9d54cc496bc715cb2d2fd32a6695ed70
,,367,2026-02-09T22:23:40.137148752Z,2026-02-10T10:23:40.137148752Z,2026-02-10T10:12:25.403563492Z,278807278,duration_nano,spans,c3e509cb4f2e,surveillance-edge,bd5fbaa559f4ef8b,00c0a5c75c798ba94a490f58341cb85f
,,368,2026-02-09T22:23:40.137148752Z,2026-02-10T10:23:40.137148752Z,2026-02-10T10:17:12.210537272Z,129984517,duration_nano,spans,c3e509cb4f2e,surveillance-edge,bdcc1ff095a0dfb7,54a2e8f568007725c9707bfd1cc702a7
,,369,2026-02-09T22:23:40.137148752Z,2026-02-10T10:23:40.137148752Z,2026-02-10T10:20:34.000324473Z,116102780,duration_nano,spans,c3e509cb4f2e,surveillance-edge,be826108184041cf,47cc754a195621ea7e19dcd82bdcf8de
,,370,2026-02-09T22:23:40.137148752Z,2026-02-10T10:23:40.137148752Z,2026-02-10T10:18:26.87112746Z,115914004,duration_nano,spans,c3e509cb4f2e,surveillance-edge,bec61beb7455e38a,d98f8c2b99aa644549e50cbf936835a1
,,371,2026-02-09T22:23:40.137148752Z,2026-02-10T10:23:40.137148752Z,2026-02-10T10:11:54.053398431Z,125449236,duration_nano,spans,c3e509cb4f2e,surveillance-edge,bf4f55a11c6bed32,6366d10f1efc275edf7ee988c3910f38
,,372,2026-02-09T22:23:40.137148752Z,2026-02-10T10:23:40.137148752Z,2026-02-10T10:21:24.549870256Z,122061107,duration_nano,spans,c3e509cb4f2e,surveillance-edge,c0568db726d00e50,eeb553bfd1be11b063abe40a3ea71497
,,373,2026-02-09T22:23:40.137148752Z,2026-02-10T10:23:40.137148752Z,2026-02-10T10:14:31.238505202Z,127172154,duration_nano,spans,c3e509cb4f2e,surveillance-edge,c09c0706b0e5d9f6,cb6c479330ca07f821e0aeb0a78a42c3
,,374,2026-02-09T22:23:40.137148752Z,2026-02-10T10:23:40.137148752Z,2026-02-10T10:18:30.109401667Z,118487389,duration_nano,spans,c3e509cb4f2e,surveillance-edge,c0b4e80b3a209888,877e9c1662fb650b630db4cc500125b9
,,375,2026-02-09T22:23:40.137148752Z,2026-02-10T10:23:40.137148752Z,2026-02-10T10:17:27.34962509Z,121211384,duration_nano,spans,c3e509cb4f2e,surveillance-edge,c26a1d931ac77ba1,4ac0786a63040694e68ab5ba5146b4f6
,,376,2026-02-09T22:23:40.137148752Z,2026-02-10T10:23:40.137148752Z,2026-02-10T10:18:18.261225931Z,126547130,duration_nano,spans,c3e509cb4f2e,surveillance-edge,c26aa9668fb97eac,926b5db247886240f6b1809fc265ddeb
,,377,2026-02-09T22:23:40.137148752Z,2026-02-10T10:23:40.137148752Z,2026-02-10T10:15:16.696242802Z,171896382,duration_nano,spans,c3e509cb4f2e,surveillance-edge,c28a6248d539c8af,6717a4f4422ca5859f676d5466e241ee
,,378,2026-02-09T22:23:40.137148752Z,2026-02-10T10:23:40.137148752Z,2026-02-10T10:12:53.173995466Z,118084950,duration_nano,spans,c3e509cb4f2e,surveillance-edge,c28b5d60642a0fc3,892ff517f9fe412a1ea974195eb509c5
,,379,2026-02-09T22:23:40.137148752Z,2026-02-10T10:23:40.137148752Z,2026-02-10T10:16:17.35954778Z,161060325,duration_nano,spans,c3e509cb4f2e,surveillance-edge,c28e6da819a73d09,de25104e01a3ba84d623d2eee5a07f6b
,,380,2026-02-09T22:23:40.137148752Z,2026-02-10T10:23:40.137148752Z,2026-02-10T10:17:53.328056312Z,122829795,duration_nano,spans,c3e509cb4f2e,surveillance-edge,c32f5e1d8bbd120a,1b7f64b44796e10e0031b130ec65329a
,,381,2026-02-09T22:23:40.137148752Z,2026-02-10T10:23:40.137148752Z,2026-02-10T10:17:17.648727748Z,125407201,duration_nano,spans,c3e509cb4f2e,surveillance-edge,c34f5d7cca1d6e98,598251ec180f648e76ffc90a90fb0f4f
,,382,2026-02-09T22:23:40.137148752Z,2026-02-10T10:23:40.137148752Z,2026-02-10T10:21:14.863411134Z,152335468,duration_nano,spans,c3e509cb4f2e,surveillance-edge,c55d0ae876708137,66b79f9c8405249833fce7251214fefe
,,383,2026-02-09T22:23:40.137148752Z,2026-02-10T10:23:40.137148752Z,2026-02-10T10:21:19.179959351Z,124062103,duration_nano,spans,c3e509cb4f2e,surveillance-edge,c5af58975ddff449,db920bc66ef31a53fc3932bf2cf45d66
,,384,2026-02-09T22:23:40.137148752Z,2026-02-10T10:23:40.137148752Z,2026-02-10T10:16:39.819393842Z,196943352,duration_nano,spans,c3e509cb4f2e,surveillance-edge,c63b426d3e7461fa,c9be99a3f0d5defb40d2b5b6eb756990
,,385,2026-02-09T22:23:40.137148752Z,2026-02-10T10:23:40.137148752Z,2026-02-10T10:11:55.116832513Z,150554853,duration_nano,spans,c3e509cb4f2e,surveillance-edge,c6df73e280d8e5ef,49b3f672ba722163084ef16dc7bc77e9
,,386,2026-02-09T22:23:40.137148752Z,2026-02-10T10:23:40.137148752Z,2026-02-10T10:21:33.196466392Z,127932772,duration_nano,spans,c3e509cb4f2e,surveillance-edge,c7647639804588b9,f345a669983f669345215235d6a90703
,,387,2026-02-09T22:23:40.137148752Z,2026-02-10T10:23:40.137148752Z,2026-02-10T10:15:34.990358467Z,200325914,duration_nano,spans,c3e509cb4f2e,surveillance-edge,c777cd941a18fc34,dbf5553f92df533e086a0888da84a7dd
,,388,2026-02-09T22:23:40.137148752Z,2026-02-10T10:23:40.137148752Z,2026-02-10T10:19:02.326739431Z,122474312,duration_nano,spans,c3e509cb4f2e,surveillance-edge,c896053b52b19771,87f4c601e80cdd29aabb4554e818b13c
,,389,2026-02-09T22:23:40.137148752Z,2026-02-10T10:23:40.137148752Z,2026-02-10T10:19:21.759645171Z,126136436,duration_nano,spans,c3e509cb4f2e,surveillance-edge,c8de0389ce38a73b,1b3ef19c3375eb943c4d39fbd53ee31b
,,390,2026-02-09T22:23:40.137148752Z,2026-02-10T10:23:40.137148752Z,2026-02-10T10:14:51.55060702Z,148374922,duration_nano,spans,c3e509cb4f2e,surveillance-edge,c926eee355437ed0,21ba0476c737e48acc28ca212f4a63af
,,391,2026-02-09T22:23:40.137148752Z,2026-02-10T10:23:40.137148752Z,2026-02-10T10:16:34.459269656Z,125767293,duration_nano,spans,c3e509cb4f2e,surveillance-edge,c98273b6beaa253e,73b3cd00f9c42ec76bb89bf2c65d0cd9
,,392,2026-02-09T22:23:40.137148752Z,2026-02-10T10:23:40.137148752Z,2026-02-10T10:18:24.737082622Z,114516958,duration_nano,spans,c3e509cb4f2e,surveillance-edge,cb189ce12bbd6915,5471269bffb41a109d454a4819d7a50c
,,393,2026-02-09T22:23:40.137148752Z,2026-02-10T10:23:40.137148752Z,2026-02-10T10:12:57.40508612Z,127748318,duration_nano,spans,c3e509cb4f2e,surveillance-edge,cbaa9204f497d344,df119ab593e3f7df7db1f33665760fb5
,,394,2026-02-09T22:23:40.137148752Z,2026-02-10T10:23:40.137148752Z,2026-02-10T10:16:35.543775093Z,133617621,duration_nano,spans,c3e509cb4f2e,surveillance-edge,cc0cae43533ab677,074ec0146dc4f1cd42c40c9e7354a14b
,,395,2026-02-09T22:23:40.137148752Z,2026-02-10T10:23:40.137148752Z,2026-02-10T10:12:00.47517523Z,121225098,duration_nano,spans,c3e509cb4f2e,surveillance-edge,ccb83bde35f08f17,8a29a681b49b2a81ee9b1a20fce3f059
,,396,2026-02-09T22:23:40.137148752Z,2026-02-10T10:23:40.137148752Z,2026-02-10T10:20:28.596384977Z,122525888,duration_nano,spans,c3e509cb4f2e,surveillance-edge,cccd9b3306abde03,553ec7769c663ba99d71545a95fd862c
,,397,2026-02-09T22:23:40.137148752Z,2026-02-10T10:23:40.137148752Z,2026-02-10T10:16:29.100906933Z,135666021,duration_nano,spans,c3e509cb4f2e,surveillance-edge,cee1ca455c795cd3,2dadab1a4e47d35224b2b9bc4fb602b7
,,398,2026-02-09T22:23:40.137148752Z,2026-02-10T10:23:40.137148752Z,2026-02-10T10:17:57.629485364Z,125636541,duration_nano,spans,c3e509cb4f2e,surveillance-edge,cf086191336f97c1,4a42b0fbb39701fe154e7398cf33f04c
,,399,2026-02-09T22:23:40.137148752Z,2026-02-10T10:23:40.137148752Z,2026-02-10T10:17:28.444586831Z,129888563,duration_nano,spans,c3e509cb4f2e,surveillance-edge,cf7a5c5e6c8c52d2,618f3934ab600dcd5aca0b4b616f24f8
,,400,2026-02-09T22:23:40.137148752Z,2026-02-10T10:23:40.137148752Z,2026-02-10T10:18:31.170394672Z,124022110,duration_nano,spans,c3e509cb4f2e,surveillance-edge,cf94b35e42de9f40,d58a2def6874aa7ef9e9b6f2a1fc30b8
,,401,2026-02-09T22:23:40.137148752Z,2026-02-10T10:23:40.137148752Z,2026-02-10T10:15:57.844173802Z,122180373,duration_nano,spans,c3e509cb4f2e,surveillance-edge,d002b6d62f21c465,0dd936c63425b712c9deb2e7df24d3c5
,,402,2026-02-09T22:23:40.137148752Z,2026-02-10T10:23:40.137148752Z,2026-02-10T10:11:46.64857727Z,133066496,duration_nano,spans,c3e509cb4f2e,surveillance-edge,d00629a20016137a,33ca0f6033dff695c3a63d319b6a4822
,,403,2026-02-09T22:23:40.137148752Z,2026-02-10T10:23:40.137148752Z,2026-02-10T10:20:35.045220292Z,114584183,duration_nano,spans,c3e509cb4f2e,surveillance-edge,d084148aee1a6b65,221c35934f188ea8a46c453c6bdc0cdf
,,404,2026-02-09T22:23:40.137148752Z,2026-02-10T10:23:40.137148752Z,2026-02-10T10:21:25.639766877Z,123489518,duration_nano,spans,c3e509cb4f2e,surveillance-edge,d11194523fc4946a,7db2a8258e410cbadf7110cbec65c1df
,,405,2026-02-09T22:23:40.137148752Z,2026-02-10T10:23:40.137148752Z,2026-02-10T10:20:32.922228412Z,117204668,duration_nano,spans,c3e509cb4f2e,surveillance-edge,d13da70b3dbf41a7,6e921066449991ccd7d070fac7c69e41
,,406,2026-02-09T22:23:40.137148752Z,2026-02-10T10:23:40.137148752Z,2026-02-10T10:17:02.503934369Z,127766442,duration_nano,spans,c3e509cb4f2e,surveillance-edge,d1dba7a856bf9a82,04315f903f0cc40a210dd635b1232555
,,407,2026-02-09T22:23:40.137148752Z,2026-02-10T10:23:40.137148752Z,2026-02-10T10:20:38.305637904Z,126204754,duration_nano,spans,c3e509cb4f2e,surveillance-edge,d2c2ff824a3be96a,93e5d1b6867b7c4f8883f040e59287f2
,,408,2026-02-09T22:23:40.137148752Z,2026-02-10T10:23:40.137148752Z,2026-02-10T10:13:44.36089182Z,139547287,duration_nano,spans,c3e509cb4f2e,surveillance-edge,d2caf549ab3ae28e,b8a3cb4df6fb9aa4c36459c5779cb0ae
,,409,2026-02-09T22:23:40.137148752Z,2026-02-10T10:23:40.137148752Z,2026-02-10T10:18:49.466693102Z,122877688,duration_nano,spans,c3e509cb4f2e,surveillance-edge,d3d894ad11e396fd,eaaf7fe1de9ebe18ae242cb894174f79
,,410,2026-02-09T22:23:40.137148752Z,2026-02-10T10:23:40.137148752Z,2026-02-10T10:15:33.902810002Z,117055575,duration_nano,spans,c3e509cb4f2e,surveillance-edge,d456bcf2f5aca1f1,7aa14d2609800dce70cc7928d26b732e
,,411,2026-02-09T22:23:40.137148752Z,2026-02-10T10:23:40.137148752Z,2026-02-10T10:17:32.726793207Z,123225849,duration_nano,spans,c3e509cb4f2e,surveillance-edge,d4735d62e5923c5d,7684968772e142198d27f7f11a9d10ea
,,412,2026-02-09T22:23:40.137148752Z,2026-02-10T10:23:40.137148752Z,2026-02-10T10:14:17.410575789Z,176038741,duration_nano,spans,c3e509cb4f2e,surveillance-edge,d4c108397b676fa5,f4fcbc0d7baaa733d03099a5d996657d
,,413,2026-02-09T22:23:40.137148752Z,2026-02-10T10:23:40.137148752Z,2026-02-10T10:18:36.581125994Z,123729890,duration_nano,spans,c3e509cb4f2e,surveillance-edge,d58dab33c8b9644a,fbcff72919c4e1fde379c41cdffc2b5a
,,414,2026-02-09T22:23:40.137148752Z,2026-02-10T10:23:40.137148752Z,2026-02-10T10:20:24.269064267Z,118147211,duration_nano,spans,c3e509cb4f2e,surveillance-edge,d60b5d15a2315431,72000b7ff017366dedd7c4f2b05ffbd8
,,415,2026-02-09T22:23:40.137148752Z,2026-02-10T10:23:40.137148752Z,2026-02-10T10:12:22.142311416Z,180758984,duration_nano,spans,c3e509cb4f2e,surveillance-edge,d63b0053c8b71309,ce47ec08ede265a2ea6c451b64c7010c
,,416,2026-02-09T22:23:40.137148752Z,2026-02-10T10:23:40.137148752Z,2026-02-10T10:11:58.362896856Z,126309726,duration_nano,spans,c3e509cb4f2e,surveillance-edge,d6e16906a437af9a,8edbe99d1384484c116cf825b4f93bf1
,,417,2026-02-09T22:23:40.137148752Z,2026-02-10T10:23:40.137148752Z,2026-02-10T10:19:56.262370657Z,119558845,duration_nano,spans,c3e509cb4f2e,surveillance-edge,d9dfa7cda6890cbc,ed17d01aaa45ed4896c7ae3b032e4789
,,418,2026-02-09T22:23:40.137148752Z,2026-02-10T10:23:40.137148752Z,2026-02-10T10:14:07.803493191Z,194251315,duration_nano,spans,c3e509cb4f2e,surveillance-edge,da34730f199e82c8,cca41d39d19172d9473e617959e984c9
,,419,2026-02-09T22:23:40.137148752Z,2026-02-10T10:23:40.137148752Z,2026-02-10T10:18:44.16465985Z,119719912,duration_nano,spans,c3e509cb4f2e,surveillance-edge,da41cdf6770bce5b,cc8e8b64c71baec41aae9fe77db1b5b6
,,420,2026-02-09T22:23:40.137148752Z,2026-02-10T10:23:40.137148752Z,2026-02-10T10:15:13.401762135Z,117148711,duration_nano,spans,c3e509cb4f2e,surveillance-edge,db0bcf46e090cc59,f05994583dcfad3956c6395a71b072fe
,,421,2026-02-09T22:23:40.137148752Z,2026-02-10T10:23:40.137148752Z,2026-02-10T10:11:45.60615645Z,120506928,duration_nano,spans,c3e509cb4f2e,surveillance-edge,db2a73c5455f9d85,3ec99ca2c80988b6914548db1d6e82a4
,,422,2026-02-09T22:23:40.137148752Z,2026-02-10T10:23:40.137148752Z,2026-02-10T10:11:47.701962856Z,120636870,duration_nano,spans,c3e509cb4f2e,surveillance-edge,db46fe0ff9ccbdd7,144864163a7855318adcad4df1fd365d
,,423,2026-02-09T22:23:40.137148752Z,2026-02-10T10:23:40.137148752Z,2026-02-10T10:12:28.645227593Z,227480034,duration_nano,spans,c3e509cb4f2e,surveillance-edge,dbf5601652ee69f1,4667e44e721b8f57ddaeb6ad81f0513a
,,424,2026-02-09T22:23:40.137148752Z,2026-02-10T10:23:40.137148752Z,2026-02-10T10:16:58.153074542Z,117782651,duration_nano,spans,c3e509cb4f2e,surveillance-edge,dc14126a90b8c4da,18f18c772b2b110bc77c0c8173b9207b
,,425,2026-02-09T22:23:40.137148752Z,2026-02-10T10:23:40.137148752Z,2026-02-10T10:12:29.697247408Z,226509069,duration_nano,spans,c3e509cb4f2e,surveillance-edge,dc4d4c45f02492a0,fa1b7dd7a84f5a2c98fbbf5cc1ab4efc
,,426,2026-02-09T22:23:40.137148752Z,2026-02-10T10:23:40.137148752Z,2026-02-10T10:20:39.379605484Z,126262018,duration_nano,spans,c3e509cb4f2e,surveillance-edge,dce515581642b2d5,c97a01ddc08918030b1240d7b4c5c493
,,427,2026-02-09T22:23:40.137148752Z,2026-02-10T10:23:40.137148752Z,2026-02-10T10:17:07.924831037Z,120534906,duration_nano,spans,c3e509cb4f2e,surveillance-edge,dd8a229f595cb5a7,5d518ca40e44d8714d41ec266ed6918f
,,428,2026-02-09T22:23:40.137148752Z,2026-02-10T10:23:40.137148752Z,2026-02-10T10:11:42.412888765Z,127417523,duration_nano,spans,c3e509cb4f2e,surveillance-edge,dde9a5c661e57ef7,a22a4d3c0b371b9e22a44840e6d3eda6
,,429,2026-02-09T22:23:40.137148752Z,2026-02-10T10:23:40.137148752Z,2026-02-10T10:18:20.424730751Z,121009809,duration_nano,spans,c3e509cb4f2e,surveillance-edge,de984c03472205d0,4fd1303effd56d6ece27d26d8a1dfb55
,,430,2026-02-09T22:23:40.137148752Z,2026-02-10T10:23:40.137148752Z,2026-02-10T10:19:27.171056518Z,120236532,duration_nano,spans,c3e509cb4f2e,surveillance-edge,def4d0abef6583a5,01de7c8682a7a086ad65782771883ba7
,,431,2026-02-09T22:23:40.137148752Z,2026-02-10T10:23:40.137148752Z,2026-02-10T10:20:45.869661219Z,126594587,duration_nano,spans,c3e509cb4f2e,surveillance-edge,df626b85b6f6bce9,ca87a3043441683f5536234759c29850
,,432,2026-02-09T22:23:40.137148752Z,2026-02-10T10:23:40.137148752Z,2026-02-10T10:13:59.320687317Z,147851569,duration_nano,spans,c3e509cb4f2e,surveillance-edge,dfaf758ff6626e75,076d448688c835464630e75f17c5325b
,,433,2026-02-09T22:23:40.137148752Z,2026-02-10T10:23:40.137148752Z,2026-02-10T10:20:55.496987751Z,128395373,duration_nano,spans,c3e509cb4f2e,surveillance-edge,e0d515e06546b1b6,15ebf59704b83aaacd2e2a4de2209ab4
,,434,2026-02-09T22:23:40.137148752Z,2026-02-10T10:23:40.137148752Z,2026-02-10T10:15:37.171342037Z,190937167,duration_nano,spans,c3e509cb4f2e,surveillance-edge,e137a4ff2230f205,1ddd38250d2a5c8c2165e83c557f35d7
,,435,2026-02-09T22:23:40.137148752Z,2026-02-10T10:23:40.137148752Z,2026-02-10T10:14:01.429609334Z,137601727,duration_nano,spans,c3e509cb4f2e,surveillance-edge,e1b4a82faf8b2399,a22c63beb59a378cea9a744b5a0b9b45
,,436,2026-02-09T22:23:40.137148752Z,2026-02-10T10:23:40.137148752Z,2026-02-10T10:18:45.228254226Z,121030030,duration_nano,spans,c3e509cb4f2e,surveillance-edge,e2fd95de0fe5cc32,73d7997c8d86b05796f423687194ae2a
,,437,2026-02-09T22:23:40.137148752Z,2026-02-10T10:23:40.137148752Z,2026-02-10T10:13:11.372024229Z,123543636,duration_nano,spans,c3e509cb4f2e,surveillance-edge,e3397c071e2a6986,c1e678dcabaddd0df5a5790c66f2c993
,,438,2026-02-09T22:23:40.137148752Z,2026-02-10T10:23:40.137148752Z,2026-02-10T10:16:38.749509047Z,131215398,duration_nano,spans,c3e509cb4f2e,surveillance-edge,e57672f14c06ca91,1c33568dfb0ed493abc2545601118dbf
,,439,2026-02-09T22:23:40.137148752Z,2026-02-10T10:23:40.137148752Z,2026-02-10T10:17:16.554973487Z,128750646,duration_nano,spans,c3e509cb4f2e,surveillance-edge,e5a1becd24944a2b,104f7b6f179cd933d67315db9d0c84ea
,,440,2026-02-09T22:23:40.137148752Z,2026-02-10T10:23:40.137148752Z,2026-02-10T10:13:51.807402847Z,248539999,duration_nano,spans,c3e509cb4f2e,surveillance-edge,e5a367e8471ca6ba,2f93cc91193b9773828cb5123b0e8470
,,441,2026-02-09T22:23:40.137148752Z,2026-02-10T10:23:40.137148752Z,2026-02-10T10:19:10.99550796Z,126666273,duration_nano,spans,c3e509cb4f2e,surveillance-edge,e5f49231716dc164,d1315c825544c6ca317c24c1d448f6bf
,,442,2026-02-09T22:23:40.137148752Z,2026-02-10T10:23:40.137148752Z,2026-02-10T10:11:44.537542523Z,132789395,duration_nano,spans,c3e509cb4f2e,surveillance-edge,e74c20294464ccfe,2981e24a86d330b3e0db5374e9e9f166
,,443,2026-02-09T22:23:40.137148752Z,2026-02-10T10:23:40.137148752Z,2026-02-10T10:21:31.036175563Z,125512182,duration_nano,spans,c3e509cb4f2e,surveillance-edge,e7dfac2cfcc89269,956b9de43a0d1695b46fdbe543a21699
,,444,2026-02-09T22:23:40.137148752Z,2026-02-10T10:23:40.137148752Z,2026-02-10T10:17:47.936505464Z,132260203,duration_nano,spans,c3e509cb4f2e,surveillance-edge,e852b9bed986508f,f9220cab3b436217ee0959800c816cd2
,,445,2026-02-09T22:23:40.137148752Z,2026-02-10T10:23:40.137148752Z,2026-02-10T10:19:48.813533594Z,114823432,duration_nano,spans,c3e509cb4f2e,surveillance-edge,e8c9be7ef54b2f8e,f6f1b65c925316ab168c90873cc2c168
,,446,2026-02-09T22:23:40.137148752Z,2026-02-10T10:23:40.137148752Z,2026-02-10T10:14:38.773753509Z,228000033,duration_nano,spans,c3e509cb4f2e,surveillance-edge,e8de5ff98657ecca,2d32a8ce9df0db2c0f5707d6b03d5309
,,447,2026-02-09T22:23:40.137148752Z,2026-02-10T10:23:40.137148752Z,2026-02-10T10:13:24.260665753Z,133174270,duration_nano,spans,c3e509cb4f2e,surveillance-edge,e92aae66197bbca8,9ddb2ad489e2fd751633ae539498235b
,,448,2026-02-09T22:23:40.137148752Z,2026-02-10T10:23:40.137148752Z,2026-02-10T10:18:53.786433522Z,125509285,duration_nano,spans,c3e509cb4f2e,surveillance-edge,e9c059a5ce7c55ba,50f3066effab23d41a21cf5b9f006637
,,449,2026-02-09T22:23:40.137148752Z,2026-02-10T10:23:40.137148752Z,2026-02-10T10:14:37.70234736Z,123928087,duration_nano,spans,c3e509cb4f2e,surveillance-edge,e9c604fcee2b108d,2e4ebc83e91f84c6245bcce326450da8
,,450,2026-02-09T22:23:40.137148752Z,2026-02-10T10:23:40.137148752Z,2026-02-10T10:17:51.162599535Z,126934480,duration_nano,spans,c3e509cb4f2e,surveillance-edge,e9de619a80203ce0,d2318a91870eca5d472f0acfa4b4f091
,,451,2026-02-09T22:23:40.137148752Z,2026-02-10T10:23:40.137148752Z,2026-02-10T10:17:55.483915458Z,127116864,duration_nano,spans,c3e509cb4f2e,surveillance-edge,eb030e3a8a33cc75,d64a8d58d4f65d5a3392ea1223658b2e
,,452,2026-02-09T22:23:40.137148752Z,2026-02-10T10:23:40.137148752Z,2026-02-10T10:12:32.952943724Z,121998466,duration_nano,spans,c3e509cb4f2e,surveillance-edge,ebb4226531b92673,88fa9c1db9f32dd8c1abf7098e9361d8
,,453,2026-02-09T22:23:40.137148752Z,2026-02-10T10:23:40.137148752Z,2026-02-10T10:16:01.047771209Z,145372340,duration_nano,spans,c3e509cb4f2e,surveillance-edge,ed1516aa84cabd92,4ee7a101387c1ca2efce34688c2c87d1
,,454,2026-02-09T22:23:40.137148752Z,2026-02-10T10:23:40.137148752Z,2026-02-10T10:13:42.243441007Z,330914743,duration_nano,spans,c3e509cb4f2e,surveillance-edge,ee45c103326593c0,5efaae19f76d5c5214368208c6da3e29
,,455,2026-02-09T22:23:40.137148752Z,2026-02-10T10:23:40.137148752Z,2026-02-10T10:14:53.759639311Z,211689994,duration_nano,spans,c3e509cb4f2e,surveillance-edge,ee62dfa6d8ab168e,704a62c93320eee1af44d3a187a23143
,,456,2026-02-09T22:23:40.137148752Z,2026-02-10T10:23:40.137148752Z,2026-02-10T10:13:07.045643798Z,125035040,duration_nano,spans,c3e509cb4f2e,surveillance-edge,ee95df8be7dc1340,72c30e9fb34dd24030cdc48cc8eefc26
,,457,2026-02-09T22:23:40.137148752Z,2026-02-10T10:23:40.137148752Z,2026-02-10T10:14:04.626387078Z,163746243,duration_nano,spans,c3e509cb4f2e,surveillance-edge,ee9635baac830851,451f3bb2b1632abf06376ae75326138b
,,458,2026-02-09T22:23:40.137148752Z,2026-02-10T10:23:40.137148752Z,2026-02-10T10:18:13.940820948Z,124312370,duration_nano,spans,c3e509cb4f2e,surveillance-edge,ef06fd7cc7e17f0c,7900ba5f43309562c50384547bc1fefd
,,459,2026-02-09T22:23:40.137148752Z,2026-02-10T10:23:40.137148752Z,2026-02-10T10:12:58.455643556Z,122065569,duration_nano,spans,c3e509cb4f2e,surveillance-edge,efaea8dcfe17f241,1f74fde43c465c67b336db2f529dc7b4
,,460,2026-02-09T22:23:40.137148752Z,2026-02-10T10:23:40.137148752Z,2026-02-10T10:13:19.936195338Z,139509126,duration_nano,spans,c3e509cb4f2e,surveillance-edge,f0c746b1ad36e190,02f27ef2c3214da31a48705236b8f832
,,461,2026-02-09T22:23:40.137148752Z,2026-02-10T10:23:40.137148752Z,2026-02-10T10:19:20.67796151Z,124344855,duration_nano,spans,c3e509cb4f2e,surveillance-edge,f144e0c2f2262f5c,5f1bd2cbb1bcde908e06254e80d4cb02
,,462,2026-02-09T22:23:40.137148752Z,2026-02-10T10:23:40.137148752Z,2026-02-10T10:12:03.662916751Z,175799193,duration_nano,spans,c3e509cb4f2e,surveillance-edge,f16168ef049c54e0,f1683843ea75acdbc26023588b330c91
,,463,2026-02-09T22:23:40.137148752Z,2026-02-10T10:23:40.137148752Z,2026-02-10T10:21:12.714522701Z,126474709,duration_nano,spans,c3e509cb4f2e,surveillance-edge,f1a0358ef40ab108,a5570c90397246c68205496c7f9bbe30
,,464,2026-02-09T22:23:40.137148752Z,2026-02-10T10:23:40.137148752Z,2026-02-10T10:19:26.088699638Z,118485600,duration_nano,spans,c3e509cb4f2e,surveillance-edge,f1af1706710f5658,d7f4fbdbb5f32a9d19dc625d8b61c608
,,465,2026-02-09T22:23:40.137148752Z,2026-02-10T10:23:40.137148752Z,2026-02-10T10:13:30.625697447Z,149308218,duration_nano,spans,c3e509cb4f2e,surveillance-edge,f2955faa11269609,e65d93ddb44537075057918d81714927
,,466,2026-02-09T22:23:40.137148752Z,2026-02-10T10:23:40.137148752Z,2026-02-10T10:19:50.92579911Z,119796297,duration_nano,spans,c3e509cb4f2e,surveillance-edge,f30b5d4ad9c8877e,48574de531bc6ef7d73106229ab5da4a
,,467,2026-02-09T22:23:40.137148752Z,2026-02-10T10:23:40.137148752Z,2026-02-10T10:14:36.619195713Z,127158141,duration_nano,spans,c3e509cb4f2e,surveillance-edge,f32736318561ea27,04e70889843d80213690a2e74d7356f5
,,468,2026-02-09T22:23:40.137148752Z,2026-02-10T10:23:40.137148752Z,2026-02-10T10:20:57.57668579Z,117876982,duration_nano,spans,c3e509cb4f2e,surveillance-edge,f343f8fd53b42c74,29083dcff83220b21db586ee4ae068e7
,,469,2026-02-09T22:23:40.137148752Z,2026-02-10T10:23:40.137148752Z,2026-02-10T10:15:29.566656948Z,175553866,duration_nano,spans,c3e509cb4f2e,surveillance-edge,f3ed695fd11c002d,babb35050d0e9eb62cf9f9b6843773a0
,,470,2026-02-09T22:23:40.137148752Z,2026-02-10T10:23:40.137148752Z,2026-02-10T10:14:13.144402479Z,128977326,duration_nano,spans,c3e509cb4f2e,surveillance-edge,f3eeddaeaa1d1f8e,04a7f89b63d8e11667ac4896725e2267
,,471,2026-02-09T22:23:40.137148752Z,2026-02-10T10:23:40.137148752Z,2026-02-10T10:17:10.07954878Z,124472655,duration_nano,spans,c3e509cb4f2e,surveillance-edge,f422064533e6df09,a3c9a686385c822e2318c8331e90089d
,,472,2026-02-09T22:23:40.137148752Z,2026-02-10T10:23:40.137148752Z,2026-02-10T10:16:54.935279217Z,119114027,duration_nano,spans,c3e509cb4f2e,surveillance-edge,f59567d4ad557354,a0e6e55b47290aa651e7fd841c59e385
,,473,2026-02-09T22:23:40.137148752Z,2026-02-10T10:23:40.137148752Z,2026-02-10T10:19:19.603680982Z,117176620,duration_nano,spans,c3e509cb4f2e,surveillance-edge,f5e98749b64f373b,6c347462bfb7a29ec59bdb2388af93f8
,,474,2026-02-09T22:23:40.137148752Z,2026-02-10T10:23:40.137148752Z,2026-02-10T10:13:12.446572071Z,126763125,duration_nano,spans,c3e509cb4f2e,surveillance-edge,f651d1a84aa515d9,c3cdb0e9f66da2f113008726230529c2
,,475,2026-02-09T22:23:40.137148752Z,2026-02-10T10:23:40.137148752Z,2026-02-10T10:14:23.801106596Z,231067271,duration_nano,spans,c3e509cb4f2e,surveillance-edge,f65ffa08d9e9ac23,7ba14f8b7d1cd214b8ec6ec3190082b2
,,476,2026-02-09T22:23:40.137148752Z,2026-02-10T10:23:40.137148752Z,2026-02-10T10:18:42.001781279Z,125570043,duration_nano,spans,c3e509cb4f2e,surveillance-edge,f754d4fdb4c6a904,3ebfc4955e05ccfc8f1ecbc622d4684b
,,477,2026-02-09T22:23:40.137148752Z,2026-02-10T10:23:40.137148752Z,2026-02-10T10:17:15.465759291Z,123935181,duration_nano,spans,c3e509cb4f2e,surveillance-edge,f7a0ae0788aac303,0044a97bd9dde01e4b55260336cf73ba
,,478,2026-02-09T22:23:40.137148752Z,2026-02-10T10:23:40.137148752Z,2026-02-10T10:17:13.288822213Z,123635617,duration_nano,spans,c3e509cb4f2e,surveillance-edge,f7b85db2ffe3fc50,5c222ef35baca6e3f67f1aad7405d692
,,479,2026-02-09T22:23:40.137148752Z,2026-02-10T10:23:40.137148752Z,2026-02-10T10:11:59.425887641Z,116109619,duration_nano,spans,c3e509cb4f2e,surveillance-edge,f83564583013e775,9109ffed696548b12aa6b085b813363f
,,480,2026-02-09T22:23:40.137148752Z,2026-02-10T10:23:40.137148752Z,2026-02-10T10:13:57.195055052Z,158712657,duration_nano,spans,c3e509cb4f2e,surveillance-edge,f8480cc4d45baa90,b9a83a1672bcfa180488dbac5a0bc836
,,481,2026-02-09T22:23:40.137148752Z,2026-02-10T10:23:40.137148752Z,2026-02-10T10:15:30.670507827Z,150662491,duration_nano,spans,c3e509cb4f2e,surveillance-edge,f8d60835781df2d5,76b639251f34460548ca9fcfdd4678f4
,,482,2026-02-09T22:23:40.137148752Z,2026-02-10T10:23:40.137148752Z,2026-02-10T10:14:44.088790484Z,152840189,duration_nano,spans,c3e509cb4f2e,surveillance-edge,f8ecc1c006de4b1a,375eedcfbcc6ec5ab73dc95f288a9e4f
,,483,2026-02-09T22:23:40.137148752Z,2026-02-10T10:23:40.137148752Z,2026-02-10T10:12:35.086647699Z,126059259,duration_nano,spans,c3e509cb4f2e,surveillance-edge,f9494c99263a55d1,1b5c4023d423352b5026329e64a78249
,,484,2026-02-09T22:23:40.137148752Z,2026-02-10T10:23:40.137148752Z,2026-02-10T10:11:38.151217835Z,119305140,duration_nano,spans,c3e509cb4f2e,surveillance-edge,fa1dd2120eb640b0,7a0d1282c82cd4cad5399bc28bf0e69b
,,485,2026-02-09T22:23:40.137148752Z,2026-02-10T10:23:40.137148752Z,2026-02-10T10:13:15.659795893Z,126989889,duration_nano,spans,c3e509cb4f2e,surveillance-edge,fae040f914e77256,5628cc47fd3c6d29c5782023edb234e4
,,486,2026-02-09T22:23:40.137148752Z,2026-02-10T10:23:40.137148752Z,2026-02-10T10:18:54.859368834Z,151800032,duration_nano,spans,c3e509cb4f2e,surveillance-edge,fcffbd78276530a1,149f6eeb12e4951fc6185d2064724702
,,487,2026-02-09T22:23:40.137148752Z,2026-02-10T10:23:40.137148752Z,2026-02-10T10:12:23.231916739Z,155696505,duration_nano,spans,c3e509cb4f2e,surveillance-edge,fd4f808002a6f760,fc1c382abf3737b06f62c08ad447c84a
,,488,2026-02-09T22:23:40.137148752Z,2026-02-10T10:23:40.137148752Z,2026-02-10T10:19:14.233384565Z,119609433,duration_nano,spans,c3e509cb4f2e,surveillance-edge,fddc989461a5cfe8,b1bfc9b14dd341e04377e88b202222d2
,,489,2026-02-09T22:23:40.137148752Z,2026-02-10T10:23:40.137148752Z,2026-02-10T10:13:05.959068575Z,127209955,duration_nano,spans,c3e509cb4f2e,surveillance-edge,fdec3665ac323554,7b8c131c0f120b3e3479066f2121e10a
,,490,2026-02-09T22:23:40.137148752Z,2026-02-10T10:23:40.137148752Z,2026-02-10T10:17:31.638085437Z,140156964,duration_nano,spans,c3e509cb4f2e,surveillance-edge,fe9304fe2ee0669f,aac652d7a89eaf5a4302768326492c66
,,491,2026-02-09T22:23:40.137148752Z,2026-02-10T10:23:40.137148752Z,2026-02-10T10:17:01.408458787Z,124097067,duration_nano,spans,c3e509cb4f2e,surveillance-edge,ff235cb6df08dfe6,0bff9a83fffae31016352795d6f916e0
,,492,2026-02-09T22:23:40.137148752Z,2026-02-10T10:23:40.137148752Z,2026-02-10T10:18:19.346003065Z,121849971,duration_nano,spans,c3e509cb4f2e,surveillance-edge,ff3574ba651ea3a7,38f56f1db9bfe013a4d5ce9dba3d2e36
,,493,2026-02-09T22:23:40.137148752Z,2026-02-10T10:23:40.137148752Z,2026-02-10T10:16:55.947897456Z,58345740,duration_nano,spans,c3e509cb4f2e,surveillance-iot,001d28e8e13e04d4,d267b1f30c72dbeb3ca8075d2b76a007
,,494,2026-02-09T22:23:40.137148752Z,2026-02-10T10:23:40.137148752Z,2026-02-10T10:21:13.727812238Z,57998785,duration_nano,spans,c3e509cb4f2e,surveillance-iot,0072e408ef69b9fd,780ed0a3fcdf454e134d61376018e320
,,495,2026-02-09T22:23:40.137148752Z,2026-02-10T10:23:40.137148752Z,2026-02-10T10:16:26.92855793Z,49721469,duration_nano,spans,c3e509cb4f2e,surveillance-iot,01620e34e8952367,c87b64ce2dbee5c9aafc5df6725371fa
,,496,2026-02-09T22:23:40.137148752Z,2026-02-10T10:23:40.137148752Z,2026-02-10T10:14:21.626403642Z,33208504,duration_nano,spans,c3e509cb4f2e,surveillance-iot,0216647bdd2693bc,b02dec6b87266399b68037433e7f743c
,,497,2026-02-09T22:23:40.137148752Z,2026-02-10T10:23:40.137148752Z,2026-02-10T10:19:50.867838636Z,54226855,duration_nano,spans,c3e509cb4f2e,surveillance-iot,027dd364a9cd2a30,48574de531bc6ef7d73106229ab5da4a
,,498,2026-02-09T22:23:40.137148752Z,2026-02-10T10:23:40.137148752Z,2026-02-10T10:14:48.279225038Z,26498130,duration_nano,spans,c3e509cb4f2e,surveillance-iot,0323ae00fce0f8fa,9183bf56821aa46e3c81c9ce11074313
,,499,2026-02-09T22:23:40.137148752Z,2026-02-10T10:23:40.137148752Z,2026-02-10T10:15:34.921758261Z,61225955,duration_nano,spans,c3e509cb4f2e,surveillance-iot,040a2bd7f7a086ee,dbf5553f92df533e086a0888da84a7dd
,,500,2026-02-09T22:23:40.137148752Z,2026-02-10T10:23:40.137148752Z,2026-02-10T10:15:20.930457522Z,59883265,duration_nano,spans,c3e509cb4f2e,surveillance-iot,040bf019d24673ef,3d752180cfdd9e80f1331026a8ad99d3
,,501,2026-02-09T22:23:40.137148752Z,2026-02-10T10:23:40.137148752Z,2026-02-10T10:13:46.456391538Z,33406081,duration_nano,spans,c3e509cb4f2e,surveillance-iot,042510ca4574be58,bcb2a599b3f0c0807a191437f6eee58a
,,502,2026-02-09T22:23:40.137148752Z,2026-02-10T10:23:40.137148752Z,2026-02-10T10:21:00.757713424Z,55259325,duration_nano,spans,c3e509cb4f2e,surveillance-iot,04f1b7aabe4c45d1,8ee8288e8b3fbd9e77d60b2a2b08494e
,,503,2026-02-09T22:23:40.137148752Z,2026-02-10T10:23:40.137148752Z,2026-02-10T10:14:32.258149496Z,52159314,duration_nano,spans,c3e509cb4f2e,surveillance-iot,06a4044e2f4cd93e,5cf8ae6e7c57f8a77434883cbe8ea932
,,504,2026-02-09T22:23:40.137148752Z,2026-02-10T10:23:40.137148752Z,2026-02-10T10:11:56.140006853Z,61323992,duration_nano,spans,c3e509cb4f2e,surveillance-iot,06ef551c92e2cf55,74bf6ff9bc5ff8bcb166d91134053f10
,,505,2026-02-09T22:23:40.137148752Z,2026-02-10T10:23:40.137148752Z,2026-02-10T10:19:31.427599617Z,56320661,duration_nano,spans,c3e509cb4f2e,surveillance-iot,088bd15dc5a0908b,fd78f08f08139d15a844ce7bdc9468b5
,,506,2026-02-09T22:23:40.137148752Z,2026-02-10T10:23:40.137148752Z,2026-02-10T10:14:08.821340878Z,50130035,duration_nano,spans,c3e509cb4f2e,surveillance-iot,0893ffb2a8c15240,b512c6841629904b265d4bb26396ee2d
,,507,2026-02-09T22:23:40.137148752Z,2026-02-10T10:23:40.137148752Z,2026-02-10T10:20:51.147630086Z,61153638,duration_nano,spans,c3e509cb4f2e,surveillance-iot,08a129f5e019ac22,323f9710c55b660412c55300f07e710c
,,508,2026-02-09T22:23:40.137148752Z,2026-02-10T10:23:40.137148752Z,2026-02-10T10:20:15.697435329Z,45603368,duration_nano,spans,c3e509cb4f2e,surveillance-iot,08c97121663e931b,326088ae29593648ce19d1c3474a7503
,,509,2026-02-09T22:23:40.137148752Z,2026-02-10T10:23:40.137148752Z,2026-02-10T10:15:57.815937941Z,24945164,duration_nano,spans,c3e509cb4f2e,surveillance-iot,0ad15cd13c5d380c,0dd936c63425b712c9deb2e7df24d3c5
,,510,2026-02-09T22:23:40.137148752Z,2026-02-10T10:23:40.137148752Z,2026-02-10T10:16:31.177677548Z,36897164,duration_nano,spans,c3e509cb4f2e,surveillance-iot,0ae60621a5a1ef63,844c51f65f0a3df6f64d59bd62bd13fc
,,511,2026-02-09T22:23:40.137148752Z,2026-02-10T10:23:40.137148752Z,2026-02-10T10:19:03.347413976Z,62803774,duration_nano,spans,c3e509cb4f2e,surveillance-iot,0b2e1ab3c3049d4b,39f28e3cc03ec17650f298c0ec1bb699
,,512,2026-02-09T22:23:40.137148752Z,2026-02-10T10:23:40.137148752Z,2026-02-10T10:13:54.989441718Z,49952085,duration_nano,spans,c3e509cb4f2e,surveillance-iot,0b418db833f323cf,2cb005f80d8f391909e4155add135a36
,,513,2026-02-09T22:23:40.137148752Z,2026-02-10T10:23:40.137148752Z,2026-02-10T10:17:05.698160256Z,61387877,duration_nano,spans,c3e509cb4f2e,surveillance-iot,0c01c04ef15a5e47,338b6251d56202b9d08a69d75a916dff
,,514,2026-02-09T22:23:40.137148752Z,2026-02-10T10:23:40.137148752Z,2026-02-10T10:12:36.109871435Z,53505635,duration_nano,spans,c3e509cb4f2e,surveillance-iot,0cfff8b59c90598f,aeaf3529928f0896c3d2825ce951303d
,,515,2026-02-09T22:23:40.137148752Z,2026-02-10T10:23:40.137148752Z,2026-02-10T10:20:33.937939156Z,59900265,duration_nano,spans,c3e509cb4f2e,surveillance-iot,0dce26a25cb8b7f6,47cc754a195621ea7e19dcd82bdcf8de
,,516,2026-02-09T22:23:40.137148752Z,2026-02-10T10:23:40.137148752Z,2026-02-10T10:13:00.516038516Z,23238271,duration_nano,spans,c3e509cb4f2e,surveillance-iot,0e281af9838f916d,16e857e63b0c2740eb1a611a7af3203a
,,517,2026-02-09T22:23:40.137148752Z,2026-02-10T10:23:40.137148752Z,2026-02-10T10:16:37.648625596Z,39994408,duration_nano,spans,c3e509cb4f2e,surveillance-iot,0f3d866ce0bb07de,cf33e63db4a16f42a08194c3c9480fd1
,,518,2026-02-09T22:23:40.137148752Z,2026-02-10T10:23:40.137148752Z,2026-02-10T10:18:18.1883762Z,66621330,duration_nano,spans,c3e509cb4f2e,surveillance-iot,1187c7077eeab803,926b5db247886240f6b1809fc265ddeb
,,519,2026-02-09T22:23:40.137148752Z,2026-02-10T10:23:40.137148752Z,2026-02-10T10:13:20.95940008Z,59759742,duration_nano,spans,c3e509cb4f2e,surveillance-iot,11c93537bc2439c2,8a25332132f8bf596fd932be8330088c
,,520,2026-02-09T22:23:40.137148752Z,2026-02-10T10:23:40.137148752Z,2026-02-10T10:13:50.662277865Z,60085427,duration_nano,spans,c3e509cb4f2e,surveillance-iot,11ca57cff06c4a0a,d9807a1a82a3df2c29822ea9f183bde1
,,521,2026-02-09T22:23:40.137148752Z,2026-02-10T10:23:40.137148752Z,2026-02-10T10:18:58.018256905Z,50380812,duration_nano,spans,c3e509cb4f2e,surveillance-iot,11d29991fb642d2b,dc1aff0e0f2888693cdc8cbe80c3325a
,,522,2026-02-09T22:23:40.137148752Z,2026-02-10T10:23:40.137148752Z,2026-02-10T10:19:12.00785287Z,63517946,duration_nano,spans,c3e509cb4f2e,surveillance-iot,14b5b421003132d6,64e7f84fd016511a1c66c80c7756c82e
,,523,2026-02-09T22:23:40.137148752Z,2026-02-10T10:23:40.137148752Z,2026-02-10T10:14:14.15830072Z,67560720,duration_nano,spans,c3e509cb4f2e,surveillance-iot,14b6e126c8c6dfe6,31b206cd9edd7df5af0d2ac783978a57
,,524,2026-02-09T22:23:40.137148752Z,2026-02-10T10:23:40.137148752Z,2026-02-10T10:16:35.477617915Z,61005972,duration_nano,spans,c3e509cb4f2e,surveillance-iot,159c3c4ff8671822,074ec0146dc4f1cd42c40c9e7354a14b
,,525,2026-02-09T22:23:40.137148752Z,2026-02-10T10:23:40.137148752Z,2026-02-10T10:19:53.007319768Z,44984342,duration_nano,spans,c3e509cb4f2e,surveillance-iot,173b1b9d83786283,b2eeb2138a9a6168d7b2fb966b17dc3e
,,526,2026-02-09T22:23:40.137148752Z,2026-02-10T10:23:40.137148752Z,2026-02-10T10:18:19.277986682Z,63059738,duration_nano,spans,c3e509cb4f2e,surveillance-iot,1783e7703179199a,38f56f1db9bfe013a4d5ce9dba3d2e36
,,527,2026-02-09T22:23:40.137148752Z,2026-02-10T10:23:40.137148752Z,2026-02-10T10:13:30.596660261Z,25225186,duration_nano,spans,c3e509cb4f2e,surveillance-iot,179090c90459b2b7,e65d93ddb44537075057918d81714927
,,528,2026-02-09T22:23:40.137148752Z,2026-02-10T10:23:40.137148752Z,2026-02-10T10:14:34.39868887Z,51964200,duration_nano,spans,c3e509cb4f2e,surveillance-iot,18873f60a12d0a44,707c3fc0337eaa0c522b7a0378b848d0
,,529,2026-02-09T22:23:40.137148752Z,2026-02-10T10:23:40.137148752Z,2026-02-10T10:15:38.189878233Z,65974554,duration_nano,spans,c3e509cb4f2e,surveillance-iot,1a30d20ee2433406,842fe67da64c1bee406f5f5309bced08
,,530,2026-02-09T22:23:40.137148752Z,2026-02-10T10:23:40.137148752Z,2026-02-10T10:13:31.636699872Z,25244021,duration_nano,spans,c3e509cb4f2e,surveillance-iot,1a4d672c3e35a815,c1b03b685410a5a86c203a9955ea91e8
,,531,2026-02-09T22:23:40.137148752Z,2026-02-10T10:23:40.137148752Z,2026-02-10T10:17:02.428851616Z,68232770,duration_nano,spans,c3e509cb4f2e,surveillance-iot,1ae6530ae09cec1a,04315f903f0cc40a210dd635b1232555
,,532,2026-02-09T22:23:40.137148752Z,2026-02-10T10:23:40.137148752Z,2026-02-10T10:18:16.018397827Z,61258299,duration_nano,spans,c3e509cb4f2e,surveillance-iot,1ba6c95c5c42f730,f7da0493805482a4184dd57210563a19
,,533,2026-02-09T22:23:40.137148752Z,2026-02-10T10:23:40.137148752Z,2026-02-10T10:12:47.877455587Z,26851483,duration_nano,spans,c3e509cb4f2e,surveillance-iot,1cf1aa0e35b83e79,57b1146982bc24a6b12b2cc5a4f40517
,,534,2026-02-09T22:23:40.137148752Z,2026-02-10T10:23:40.137148752Z,2026-02-10T10:12:04.67870278Z,68689032,duration_nano,spans,c3e509cb4f2e,surveillance-iot,1d50d2df3b848c00,6d573876ec25d38db4ce21fb335a53bc
,,535,2026-02-09T22:23:40.137148752Z,2026-02-10T10:23:40.137148752Z,2026-02-10T10:13:10.229231142Z,62242443,duration_nano,spans,c3e509cb4f2e,surveillance-iot,1d549d79c522fbe7,2d92548d71daf46501fb615bf7530d1f
,,536,2026-02-09T22:23:40.137148752Z,2026-02-10T10:23:40.137148752Z,2026-02-10T10:21:14.807537408Z,51221947,duration_nano,spans,c3e509cb4f2e,surveillance-iot,1de035779d3c8eaf,66b79f9c8405249833fce7251214fefe
,,537,2026-02-09T22:23:40.137148752Z,2026-02-10T10:23:40.137148752Z,2026-02-10T10:12:39.319299124Z,55028703,duration_nano,spans,c3e509cb4f2e,surveillance-iot,1f2ed37b8fceb258,7cad19018f46bbe5195e5bd0df718413
,,538,2026-02-09T22:23:40.137148752Z,2026-02-10T10:23:40.137148752Z,2026-02-10T10:11:47.667243829Z,28691804,duration_nano,spans,c3e509cb4f2e,surveillance-iot,1f402516246f39e7,144864163a7855318adcad4df1fd365d
,,539,2026-02-09T22:23:40.137148752Z,2026-02-10T10:23:40.137148752Z,2026-02-10T10:13:15.609432513Z,42764283,duration_nano,spans,c3e509cb4f2e,surveillance-iot,1f5610e09b6cfc1b,5628cc47fd3c6d29c5782023edb234e4
,,540,2026-02-09T22:23:40.137148752Z,2026-02-10T10:23:40.137148752Z,2026-02-10T10:13:09.148638735Z,60059409,duration_nano,spans,c3e509cb4f2e,surveillance-iot,1f56d57a91d9689a,a95f3f1709679ea8ca85282a4d858248
,,541,2026-02-09T22:23:40.137148752Z,2026-02-10T10:23:40.137148752Z,2026-02-10T10:18:39.767968514Z,67109627,duration_nano,spans,c3e509cb4f2e,surveillance-iot,20220fde06063d55,53875e46864667fe2841717ef1cf27e2
,,542,2026-02-09T22:23:40.137148752Z,2026-02-10T10:23:40.137148752Z,2026-02-10T10:11:48.719594164Z,29383890,duration_nano,spans,c3e509cb4f2e,surveillance-iot,20483a339b551682,1e3e8c0da3a06ae750da607103ed479f
,,543,2026-02-09T22:23:40.137148752Z,2026-02-10T10:23:40.137148752Z,2026-02-10T10:13:35.826185647Z,25572874,duration_nano,spans,c3e509cb4f2e,surveillance-iot,2056b5c462eba2e0,9b38e2f535a421803c308dbb87aebd4c
,,544,2026-02-09T22:23:40.137148752Z,2026-02-10T10:23:40.137148752Z,2026-02-10T10:19:27.107409073Z,60217207,duration_nano,spans,c3e509cb4f2e,surveillance-iot,20c7fd262956c399,01de7c8682a7a086ad65782771883ba7
,,545,2026-02-09T22:23:40.137148752Z,2026-02-10T10:23:40.137148752Z,2026-02-10T10:17:56.497707015Z,64267412,duration_nano,spans,c3e509cb4f2e,surveillance-iot,2127a412b8338870,fe7ec7892e22035fab69b89518bd1f93
,,546,2026-02-09T22:23:40.137148752Z,2026-02-10T10:23:40.137148752Z,2026-02-10T10:16:36.55779125Z,66880231,duration_nano,spans,c3e509cb4f2e,surveillance-iot,212e72b15ad1e5fd,084444f61c71e00106d06012ba977c2e
,,547,2026-02-09T22:23:40.137148752Z,2026-02-10T10:23:40.137148752Z,2026-02-10T10:14:03.526216199Z,23618103,duration_nano,spans,c3e509cb4f2e,surveillance-iot,21a5e55f7b337c89,06ec7c7ed3d24fc7cba2539c16bf8424
,,548,2026-02-09T22:23:40.137148752Z,2026-02-10T10:23:40.137148752Z,2026-02-10T10:12:30.724174058Z,89315203,duration_nano,spans,c3e509cb4f2e,surveillance-iot,2429995922a2b8bd,4368e43c1c59014f4972f8916ec60c64
,,549,2026-02-09T22:23:40.137148752Z,2026-02-10T10:23:40.137148752Z,2026-02-10T10:17:57.587734267Z,35089858,duration_nano,spans,c3e509cb4f2e,surveillance-iot,246d91da26739eee,4a42b0fbb39701fe154e7398cf33f04c
,,550,2026-02-09T22:23:40.137148752Z,2026-02-10T10:23:40.137148752Z,2026-02-10T10:18:54.798070992Z,57366361,duration_nano,spans,c3e509cb4f2e,surveillance-iot,24b06da81ee819a6,149f6eeb12e4951fc6185d2064724702
,,551,2026-02-09T22:23:40.137148752Z,2026-02-10T10:23:40.137148752Z,2026-02-10T10:14:51.490296013Z,51157192,duration_nano,spans,c3e509cb4f2e,surveillance-iot,255857a87ee7db72,21ba0476c737e48acc28ca212f4a63af
,,552,2026-02-09T22:23:40.137148752Z,2026-02-10T10:23:40.137148752Z,2026-02-10T10:16:32.238875696Z,50181092,duration_nano,spans,c3e509cb4f2e,surveillance-iot,2594b2f670774290,d5023bd3ad2ece4a356a1e7e1483a46f
,,553,2026-02-09T22:23:40.137148752Z,2026-02-10T10:23:40.137148752Z,2026-02-10T10:14:12.016861627Z,36753794,duration_nano,spans,c3e509cb4f2e,surveillance-iot,2628cad130657351,f217235606622d80fe4784418e3218b2
,,554,2026-02-09T22:23:40.137148752Z,2026-02-10T10:23:40.137148752Z,2026-02-10T10:14:00.340805246Z,21802453,duration_nano,spans,c3e509cb4f2e,surveillance-iot,269c1eaa09f81d98,7088fcc40c87e8f908576a804fa46714
,,555,2026-02-09T22:23:40.137148752Z,2026-02-10T10:23:40.137148752Z,2026-02-10T10:14:25.856599021Z,32655493,duration_nano,spans,c3e509cb4f2e,surveillance-iot,26cbb9be082ad8fa,bad73bd87deed58a79d5b42cd5e52a23
,,556,2026-02-09T22:23:40.137148752Z,2026-02-10T10:23:40.137148752Z,2026-02-10T10:17:06.778063201Z,56598106,duration_nano,spans,c3e509cb4f2e,surveillance-iot,2720207dc7ff9aa6,9270cf6d6294af315b5bbe65adbda1fb
,,557,2026-02-09T22:23:40.137148752Z,2026-02-10T10:23:40.137148752Z,2026-02-10T10:16:41.888033291Z,45117383,duration_nano,spans,c3e509cb4f2e,surveillance-iot,276292f7fbf25e67,ad731e393c59c98b061f433eb3569af5
,,558,2026-02-09T22:23:40.137148752Z,2026-02-10T10:23:40.137148752Z,2026-02-10T10:14:47.235941844Z,22689614,duration_nano,spans,c3e509cb4f2e,surveillance-iot,27e2a83f2c46a96c,0ed8e4a02e2c559bdb89d6ee654c9106
,,559,2026-02-09T22:23:40.137148752Z,2026-02-10T10:23:40.137148752Z,2026-02-10T10:16:16.244994995Z,64008285,duration_nano,spans,c3e509cb4f2e,surveillance-iot,28313b0e4cbe9b3f,8f552b49d03a81eaa64218ddede6fee6
,,560,2026-02-09T22:23:40.137148752Z,2026-02-10T10:23:40.137148752Z,2026-02-10T10:13:25.279087659Z,58573754,duration_nano,spans,c3e509cb4f2e,surveillance-iot,2908d300cbfcf83b,a14662108fc90e39d27d3ed3fdafed48
,,561,2026-02-09T22:23:40.137148752Z,2026-02-10T10:23:40.137148752Z,2026-02-10T10:12:26.420643911Z,64463830,duration_nano,spans,c3e509cb4f2e,surveillance-iot,29975f5c0c308a0b,137d4479b884d2bf7b2ae451d98eb8a9
,,562,2026-02-09T22:23:40.137148752Z,2026-02-10T10:23:40.137148752Z,2026-02-10T10:11:59.379441891Z,40579802,duration_nano,spans,c3e509cb4f2e,surveillance-iot,29ea79b30adab081,9109ffed696548b12aa6b085b813363f
,,563,2026-02-09T22:23:40.137148752Z,2026-02-10T10:23:40.137148752Z,2026-02-10T10:14:54.778259321Z,43430320,duration_nano,spans,c3e509cb4f2e,surveillance-iot,2a121ebc8968d3f7,40479d04ff370ba8c58000c4c382f268
,,564,2026-02-09T22:23:40.137148752Z,2026-02-10T10:23:40.137148752Z,2026-02-10T10:13:12.389011492Z,52425286,duration_nano,spans,c3e509cb4f2e,surveillance-iot,2a2c989860ab51f8,c3cdb0e9f66da2f113008726230529c2
,,565,2026-02-09T22:23:40.137148752Z,2026-02-10T10:23:40.137148752Z,2026-02-10T10:16:29.058702594Z,37583115,duration_nano,spans,c3e509cb4f2e,surveillance-iot,2a3ff9a588a975f1,2dadab1a4e47d35224b2b9bc4fb602b7
,,566,2026-02-09T22:23:40.137148752Z,2026-02-10T10:23:40.137148752Z,2026-02-10T10:15:31.689845649Z,49828318,duration_nano,spans,c3e509cb4f2e,surveillance-iot,2ab9392807db3339,d77d9a9f27b88c5ffd0ca8c8df352146
,,567,2026-02-09T22:23:40.137148752Z,2026-02-10T10:23:40.137148752Z,2026-02-10T10:16:01.220229995Z,33357,duration_nano,spans,c3e509cb4f2e,surveillance-iot,2b5ca01b5691ba40,4ee7a101387c1ca2efce34688c2c87d1
,,568,2026-02-09T22:23:40.137148752Z,2026-02-10T10:23:40.137148752Z,2026-02-10T10:19:14.167478703Z,61739210,duration_nano,spans,c3e509cb4f2e,surveillance-iot,2b6343baed70e465,b1bfc9b14dd341e04377e88b202222d2
,,569,2026-02-09T22:23:40.137148752Z,2026-02-10T10:23:40.137148752Z,2026-02-10T10:13:17.749640495Z,65151134,duration_nano,spans,c3e509cb4f2e,surveillance-iot,2b6755d1c9f1d1e2,70b11c2473d046a175197ff05e194420
,,570,2026-02-09T22:23:40.137148752Z,2026-02-10T10:23:40.137148752Z,2026-02-10T10:14:06.696574849Z,46155555,duration_nano,spans,c3e509cb4f2e,surveillance-iot,2c1d8a25fc3d2ee5,4c32b40794cb7986895d115b80862a88
,,571,2026-02-09T22:23:40.137148752Z,2026-02-10T10:23:40.137148752Z,2026-02-10T10:16:38.708283764Z,35920470,duration_nano,spans,c3e509cb4f2e,surveillance-iot,2ca55e8ad08850f2,1c33568dfb0ed493abc2545601118dbf
,,572,2026-02-09T22:23:40.137148752Z,2026-02-10T10:23:40.137148752Z,2026-02-10T10:17:04.607736557Z,63047664,duration_nano,spans,c3e509cb4f2e,surveillance-iot,2d070c0894e8fc06,da0d870df54513a3f28cf0e622275c1d
,,573,2026-02-09T22:23:40.137148752Z,2026-02-10T10:23:40.137148752Z,2026-02-10T10:12:48.926873367Z,31924484,duration_nano,spans,c3e509cb4f2e,surveillance-iot,2d60b8c128dffa74,b0a3b11831b124b3eb7c2c8fc92aa990
,,574,2026-02-09T22:23:40.137148752Z,2026-02-10T10:23:40.137148752Z,2026-02-10T10:12:25.331004674Z,51643975,duration_nano,spans,c3e509cb4f2e,surveillance-iot,2d8afb816f592307,00c0a5c75c798ba94a490f58341cb85f
,,575,2026-02-09T22:23:40.137148752Z,2026-02-10T10:23:40.137148752Z,2026-02-10T10:17:54.348428495Z,49267760,duration_nano,spans,c3e509cb4f2e,surveillance-iot,2eb27b568e524e46,0edf473ab9ab4ab1e1f853918cc59835
,,576,2026-02-09T22:23:40.137148752Z,2026-02-10T10:23:40.137148752Z,2026-02-10T10:20:30.687438921Z,59441753,duration_nano,spans,c3e509cb4f2e,surveillance-iot,2ed7a2ea8d9c6b7e,25a790f8fbb69b4d509bacc2b35b452e
,,577,2026-02-09T22:23:40.137148752Z,2026-02-10T10:23:40.137148752Z,2026-02-10T10:21:01.838019368Z,56760960,duration_nano,spans,c3e509cb4f2e,surveillance-iot,2f53a8f4d944f221,bfc7a94458a0d88ce68012501b2974c8
,,578,2026-02-09T22:23:40.137148752Z,2026-02-10T10:23:40.137148752Z,2026-02-10T10:13:49.606285197Z,32297198,duration_nano,spans,c3e509cb4f2e,surveillance-iot,2f77a81c0b72e85c,7c04165bf0e8222d0d19fe223a98313c
,,579,2026-02-09T22:23:40.137148752Z,2026-02-10T10:23:40.137148752Z,2026-02-10T10:14:01.390371405Z,33678739,duration_nano,spans,c3e509cb4f2e,surveillance-iot,2f78a3c5606645c0,a22c63beb59a378cea9a744b5a0b9b45
,,580,2026-02-09T22:23:40.137148752Z,2026-02-10T10:23:40.137148752Z,2026-02-10T10:12:29.656985862Z,35726250,duration_nano,spans,c3e509cb4f2e,surveillance-iot,31cf28aa05674caa,fa1b7dd7a84f5a2c98fbbf5cc1ab4efc
,,581,2026-02-09T22:23:40.137148752Z,2026-02-10T10:23:40.137148752Z,2026-02-10T10:14:26.909510602Z,63097055,duration_nano,spans,c3e509cb4f2e,surveillance-iot,322f5578010f598c,39d143ad7b173bb1f4286a2c56686e7f
,,582,2026-02-09T22:23:40.137148752Z,2026-02-10T10:23:40.137148752Z,2026-02-10T10:21:26.657231032Z,62631322,duration_nano,spans,c3e509cb4f2e,surveillance-iot,3370cdf03a7fe8d7,303c4f5bf51421b41466bcf28c536ac8
,,583,2026-02-09T22:23:40.137148752Z,2026-02-10T10:23:40.137148752Z,2026-02-10T10:21:27.73805253Z,58156143,duration_nano,spans,c3e509cb4f2e,surveillance-iot,33c34615b79019d5,3e8b3a0ff841ce4043d838e0ae5dd109
,,584,2026-02-09T22:23:40.137148752Z,2026-02-10T10:23:40.137148752Z,2026-02-10T10:15:17.718840682Z,27414350,duration_nano,spans,c3e509cb4f2e,surveillance-iot,33e15550dbfa34f2,e33c44c876931f2dff9696faf7129265
,,585,2026-02-09T22:23:40.137148752Z,2026-02-10T10:23:40.137148752Z,2026-02-10T10:16:22.638746699Z,60973555,duration_nano,spans,c3e509cb4f2e,surveillance-iot,33edd9f22c820311,82ee648b1c6a4ec401266799ec717502
,,586,2026-02-09T22:23:40.137148752Z,2026-02-10T10:23:40.137148752Z,2026-02-10T10:18:51.568044094Z,60788998,duration_nano,spans,c3e509cb4f2e,surveillance-iot,34ad884a3af26e9d,b34d3bb01d63e5f870dc0a375428c6a4
,,587,2026-02-09T22:23:40.137148752Z,2026-02-10T10:23:40.137148752Z,2026-02-10T10:18:28.967821819Z,62067016,duration_nano,spans,c3e509cb4f2e,surveillance-iot,350570063455e24b,0fac3b8f080eafdc3b812514a9572e67
,,588,2026-02-09T22:23:40.137148752Z,2026-02-10T10:23:40.137148752Z,2026-02-10T10:13:44.29885726Z,57279805,duration_nano,spans,c3e509cb4f2e,surveillance-iot,353c1bed5d81f13a,b8a3cb4df6fb9aa4c36459c5779cb0ae
,,589,2026-02-09T22:23:40.137148752Z,2026-02-10T10:23:40.137148752Z,2026-02-10T10:19:06.597454059Z,61079248,duration_nano,spans,c3e509cb4f2e,surveillance-iot,36a59d3ec954c7e5,9d0f54102c07620fae835aebb1b839b1
,,590,2026-02-09T22:23:40.137148752Z,2026-02-10T10:23:40.137148752Z,2026-02-10T10:14:36.548223021Z,64706598,duration_nano,spans,c3e509cb4f2e,surveillance-iot,36ad9f09022bef1f,04e70889843d80213690a2e74d7356f5
,,591,2026-02-09T22:23:40.137148752Z,2026-02-10T10:23:40.137148752Z,2026-02-10T10:12:04.916576169Z,17462,duration_nano,spans,c3e509cb4f2e,surveillance-iot,36d2a2aaa5d07605,6d573876ec25d38db4ce21fb335a53bc
,,592,2026-02-09T22:23:40.137148752Z,2026-02-10T10:23:40.137148752Z,2026-02-10T10:15:25.229414604Z,53424158,duration_nano,spans,c3e509cb4f2e,surveillance-iot,36d31ad21f3088b4,52a2fa6d0784ebae05133a8a9177ba5a
,,593,2026-02-09T22:23:40.137148752Z,2026-02-10T10:23:40.137148752Z,2026-02-10T10:17:22.99681053Z,62567076,duration_nano,spans,c3e509cb4f2e,surveillance-iot,371697a65048d141,cfcf6cb58b1c3c9e97da2b9e0324b08d
,,594,2026-02-09T22:23:40.137148752Z,2026-02-10T10:23:40.137148752Z,2026-02-10T10:15:59.94106474Z,55505155,duration_nano,spans,c3e509cb4f2e,surveillance-iot,37615735e3919877,45c6d405bc065b0140105d4e002434bb
,,595,2026-02-09T22:23:40.137148752Z,2026-02-10T10:23:40.137148752Z,2026-02-10T10:15:54.620832823Z,31750163,duration_nano,spans,c3e509cb4f2e,surveillance-iot,3774b0e5cc11f90c,1901f8f3340c47e7d12da6bacec399c5
,,596,2026-02-09T22:23:40.137148752Z,2026-02-10T10:23:40.137148752Z,2026-02-10T10:21:19.117837795Z,57364363,duration_nano,spans,c3e509cb4f2e,surveillance-iot,37773185291c54b3,db920bc66ef31a53fc3932bf2cf45d66
,,597,2026-02-09T22:23:40.137148752Z,2026-02-10T10:23:40.137148752Z,2026-02-10T10:18:52.647520938Z,61669727,duration_nano,spans,c3e509cb4f2e,surveillance-iot,3798dadc4a486877,402c46d9eae6677893216f60fe9ebfb0
,,598,2026-02-09T22:23:40.137148752Z,2026-02-10T10:23:40.137148752Z,2026-02-10T10:18:36.517631179Z,59219776,duration_nano,spans,c3e509cb4f2e,surveillance-iot,37cb21e12052c573,fbcff72919c4e1fde379c41cdffc2b5a
,,599,2026-02-09T22:23:40.137148752Z,2026-02-10T10:23:40.137148752Z,2026-02-10T10:13:29.557396929Z,20125629,duration_nano,spans,c3e509cb4f2e,surveillance-iot,3809e55d8c683599,d3409dbaefc61670a48617f4327d31f3
,,600,2026-02-09T22:23:40.137148752Z,2026-02-10T10:23:40.137148752Z,2026-02-10T10:12:43.657308975Z,29544019,duration_nano,spans,c3e509cb4f2e,surveillance-iot,3852eb7de1b332e2,c4e741996c4f70a6316e27a58bf6a85c
,,601,2026-02-09T22:23:40.137148752Z,2026-02-10T10:23:40.137148752Z,2026-02-10T10:20:55.475579779Z,18792095,duration_nano,spans,c3e509cb4f2e,surveillance-iot,385449b2f2c4787c,15ebf59704b83aaacd2e2a4de2209ab4
,,602,2026-02-09T22:23:40.137148752Z,2026-02-10T10:23:40.137148752Z,2026-02-10T10:21:34.397331132Z,14812,duration_nano,spans,c3e509cb4f2e,surveillance-iot,38b03c699bbe6bab,632e5fdf8eff706c3316170cbeefecfc
,,603,2026-02-09T22:23:40.137148752Z,2026-02-10T10:23:40.137148752Z,2026-02-10T10:16:42.958693439Z,58248148,duration_nano,spans,c3e509cb4f2e,surveillance-iot,38cc3104ba66839d,5d89696ed70a0c7f9a243218bc90aedb
,,604,2026-02-09T22:23:40.137148752Z,2026-02-10T10:23:40.137148752Z,2026-02-10T10:16:53.777585108Z,63110467,duration_nano,spans,c3e509cb4f2e,surveillance-iot,39918a631b911812,94b6b2479d5f74994a3eec4ff1f14954
,,605,2026-02-09T22:23:40.137148752Z,2026-02-10T10:23:40.137148752Z,2026-02-10T10:12:22.090848095Z,46662496,duration_nano,spans,c3e509cb4f2e,surveillance-iot,3b644f19f6ccbbfd,ce47ec08ede265a2ea6c451b64c7010c
,,606,2026-02-09T22:23:40.137148752Z,2026-02-10T10:23:40.137148752Z,2026-02-10T10:19:28.186566625Z,63030653,duration_nano,spans,c3e509cb4f2e,surveillance-iot,3ba72a814b82c511,2cecc9831020f1445f4b79026d9bb94c
,,607,2026-02-09T22:23:40.137148752Z,2026-02-10T10:23:40.137148752Z,2026-02-10T10:18:43.017415224Z,61054278,duration_nano,spans,c3e509cb4f2e,surveillance-iot,3bcfb250dfb00847,08adc808b7890cb1abe139e7c83e0e4d
,,608,2026-02-09T22:23:40.137148752Z,2026-02-10T10:23:40.137148752Z,2026-02-10T10:17:30.538624582Z,49391030,duration_nano,spans,c3e509cb4f2e,surveillance-iot,3d9bbde0b1acadc2,b453696211d3241b277e8eb772c76dfa
,,609,2026-02-09T22:23:40.137148752Z,2026-02-10T10:23:40.137148752Z,2026-02-10T10:17:55.417752141Z,59875043,duration_nano,spans,c3e509cb4f2e,surveillance-iot,3dc93a6807f2100b,d64a8d58d4f65d5a3392ea1223658b2e
,,610,2026-02-09T22:23:40.137148752Z,2026-02-10T10:23:40.137148752Z,2026-02-10T10:21:29.897445055Z,59127320,duration_nano,spans,c3e509cb4f2e,surveillance-iot,3dca7726eb100906,d40a275172641a28d09b895b752b9b19
,,611,2026-02-09T22:23:40.137148752Z,2026-02-10T10:23:40.137148752Z,2026-02-10T10:11:54.00071847Z,47576577,duration_nano,spans,c3e509cb4f2e,surveillance-iot,3e9d7140720b6c43,6366d10f1efc275edf7ee988c3910f38
,,612,2026-02-09T22:23:40.137148752Z,2026-02-10T10:23:40.137148752Z,2026-02-10T10:14:40.859994963Z,38481862,duration_nano,spans,c3e509cb4f2e,surveillance-iot,3ecae71c8c75a880,7d87ffcafdae9bf32ee5601221aedc85
,,613,2026-02-09T22:23:40.137148752Z,2026-02-10T10:23:40.137148752Z,2026-02-10T10:18:23.587879322Z,63445774,duration_nano,spans,c3e509cb4f2e,surveillance-iot,3f72d5b1baa30020,0c0b37a80b467e189c39ea9dbd2d49a8
,,614,2026-02-09T22:23:40.137148752Z,2026-02-10T10:23:40.137148752Z,2026-02-10T10:17:08.937681333Z,62311317,duration_nano,spans,c3e509cb4f2e,surveillance-iot,3f957fd8abc671e0,1a08aab86ee484bba5ec825a4ed7fa03
,,615,2026-02-09T22:23:40.137148752Z,2026-02-10T10:23:40.137148752Z,2026-02-10T10:20:42.557959426Z,67503704,duration_nano,spans,c3e509cb4f2e,surveillance-iot,3fa91154f6a0f48b,94a17ccdb7b7fbb975f78b75e76cafe0
,,616,2026-02-09T22:23:40.137148752Z,2026-02-10T10:23:40.137148752Z,2026-02-10T10:17:07.857924946Z,62241513,duration_nano,spans,c3e509cb4f2e,surveillance-iot,3fa918ca9b8eab6f,5d518ca40e44d8714d41ec266ed6918f
,,617,2026-02-09T22:23:40.137148752Z,2026-02-10T10:23:40.137148752Z,2026-02-10T10:19:07.67771141Z,62335086,duration_nano,spans,c3e509cb4f2e,surveillance-iot,40e665197209294d,485f3211d04f31d40cb2e2394b7f90a3
,,618,2026-02-09T22:23:40.137148752Z,2026-02-10T10:23:40.137148752Z,2026-02-10T10:18:22.52821699Z,43813822,duration_nano,spans,c3e509cb4f2e,surveillance-iot,4103f10d51705646,29b5e1435afdc06923095a1b434fed51
,,619,2026-02-09T22:23:40.137148752Z,2026-02-10T10:23:40.137148752Z,2026-02-10T10:14:07.766890215Z,32349909,duration_nano,spans,c3e509cb4f2e,surveillance-iot,422fe471d9ccb9ac,cca41d39d19172d9473e617959e984c9
,,620,2026-02-09T22:23:40.137148752Z,2026-02-10T10:23:40.137148752Z,2026-02-10T10:16:19.45800714Z,42443733,duration_nano,spans,c3e509cb4f2e,surveillance-iot,426475daa77bccaf,7a4f8880fa4e8e91081d83a2280f6302
,,621,2026-02-09T22:23:40.137148752Z,2026-02-10T10:23:40.137148752Z,2026-02-10T10:17:17.56802997Z,62276178,duration_nano,spans,c3e509cb4f2e,surveillance-iot,438c665d863165d5,598251ec180f648e76ffc90a90fb0f4f
,,622,2026-02-09T22:23:40.137148752Z,2026-02-10T10:23:40.137148752Z,2026-02-10T10:15:37.109823055Z,50330587,duration_nano,spans,c3e509cb4f2e,surveillance-iot,44430cfa90f8cbc7,1ddd38250d2a5c8c2165e83c557f35d7
,,623,2026-02-09T22:23:40.137148752Z,2026-02-10T10:23:40.137148752Z,2026-02-10T10:15:32.758180632Z,54528511,duration_nano,spans,c3e509cb4f2e,surveillance-iot,448a86fd1d846e9a,80f0ea385f3c8fab22e3373e2c3ae4df
,,624,2026-02-09T22:23:40.137148752Z,2026-02-10T10:23:40.137148752Z,2026-02-10T10:15:13.372760718Z,23606536,duration_nano,spans,c3e509cb4f2e,surveillance-iot,45a25f400c71c71c,f05994583dcfad3956c6395a71b072fe
,,625,2026-02-09T22:23:40.137148752Z,2026-02-10T10:23:40.137148752Z,2026-02-10T10:18:31.127447748Z,37901342,duration_nano,spans,c3e509cb4f2e,surveillance-iot,45b5fadf727c5222,d58a2def6874aa7ef9e9b6f2a1fc30b8
,,626,2026-02-09T22:23:40.137148752Z,2026-02-10T10:23:40.137148752Z,2026-02-10T10:16:30.116879208Z,35758204,duration_nano,spans,c3e509cb4f2e,surveillance-iot,45f619cf919d2934,d15a7891e8b2c3fbd479f0666d9f8f16
,,627,2026-02-09T22:23:40.137148752Z,2026-02-10T10:23:40.137148752Z,2026-02-10T10:12:54.189874417Z,32315528,duration_nano,spans,c3e509cb4f2e,surveillance-iot,4666ca164bd5bd05,35eaf93b50a73e355662c73e32873384
,,628,2026-02-09T22:23:40.137148752Z,2026-02-10T10:23:40.137148752Z,2026-02-10T10:14:16.309593835Z,50644909,duration_nano,spans,c3e509cb4f2e,surveillance-iot,46c590b8b04bf172,d26106ea458a0f2b1ad7e9c78bf98b65
,,629,2026-02-09T22:23:40.137148752Z,2026-02-10T10:23:40.137148752Z,2026-02-10T10:12:40.398496746Z,73413687,duration_nano,spans,c3e509cb4f2e,surveillance-iot,46e025b7be8cf011,90d01bd5d13dadc4f84849c2c883616b
,,630,2026-02-09T22:23:40.137148752Z,2026-02-10T10:23:40.137148752Z,2026-02-10T10:14:50.408333216Z,55590736,duration_nano,spans,c3e509cb4f2e,surveillance-iot,472c2fe9270caffc,2ce0f63f70751fb703364f2d516f1c98
,,631,2026-02-09T22:23:40.137148752Z,2026-02-10T10:23:40.137148752Z,2026-02-10T10:20:57.555603532Z,18572577,duration_nano,spans,c3e509cb4f2e,surveillance-iot,477420498903cb9b,29083dcff83220b21db586ee4ae068e7
,,632,2026-02-09T22:23:40.137148752Z,2026-02-10T10:23:40.137148752Z,2026-02-10T10:18:49.407588043Z,54589548,duration_nano,spans,c3e509cb4f2e,surveillance-iot,47837a15de5f9a02,eaaf7fe1de9ebe18ae242cb894174f79
,,633,2026-02-09T22:23:40.137148752Z,2026-02-10T10:23:40.137148752Z,2026-02-10T10:13:01.558801948Z,50494047,duration_nano,spans,c3e509cb4f2e,surveillance-iot,48521a77acbdebf3,d6559d819ff05b04306a67e4b6174516
,,634,2026-02-09T22:23:40.137148752Z,2026-02-10T10:23:40.137148752Z,2026-02-10T10:13:13.469280129Z,57693763,duration_nano,spans,c3e509cb4f2e,surveillance-iot,49ae1c0e6d41ac6e,4ba93209d53f4a5ba432bbf5a79d3043
,,635,2026-02-09T22:23:40.137148752Z,2026-02-10T10:23:40.137148752Z,2026-02-10T10:12:45.786712779Z,26104452,duration_nano,spans,c3e509cb4f2e,surveillance-iot,49f0b9897920e7b5,94710a6d467a5db91297fd45a907bcda
,,636,2026-02-09T22:23:40.137148752Z,2026-02-10T10:23:40.137148752Z,2026-02-10T10:14:52.581927625Z,102188138,duration_nano,spans,c3e509cb4f2e,surveillance-iot,4ae6b3d423442232,50a96b45871aef1fa52bd2676e0a3d64
,,637,2026-02-09T22:23:40.137148752Z,2026-02-10T10:23:40.137148752Z,2026-02-10T10:21:20.19725696Z,60561241,duration_nano,spans,c3e509cb4f2e,surveillance-iot,4b88fdfdbbcbd452,44e94d42859236de832c567dead300c2
,,638,2026-02-09T22:23:40.137148752Z,2026-02-10T10:23:40.137148752Z,2026-02-10T10:21:23.435961257Z,22682535,duration_nano,spans,c3e509cb4f2e,surveillance-iot,4c6df7df25ef9ab2,9d54cc496bc715cb2d2fd32a6695ed70
,,639,2026-02-09T22:23:40.137148752Z,2026-02-10T10:23:40.137148752Z,2026-02-10T10:14:58.342276347Z,85583,duration_nano,spans,c3e509cb4f2e,surveillance-iot,4d80e3a4ba6a202c,402c8307184c27f638524c441f0143f6
,,640,2026-02-09T22:23:40.137148752Z,2026-02-10T10:23:40.137148752Z,2026-02-10T10:14:27.996870181Z,26432342,duration_nano,spans,c3e509cb4f2e,surveillance-iot,4d9dd91e02f0f9ea,208f2b5ef5022a0ef4dd5a2dbff90e4e
,,641,2026-02-09T22:23:40.137148752Z,2026-02-10T10:23:40.137148752Z,2026-02-10T10:17:24.078289529Z,54871993,duration_nano,spans,c3e509cb4f2e,surveillance-iot,4e26f862d1304db8,183491ea714c5af0de675d930465330d
,,642,2026-02-09T22:23:40.137148752Z,2026-02-10T10:23:40.137148752Z,2026-02-10T10:21:33.127540311Z,62218081,duration_nano,spans,c3e509cb4f2e,surveillance-iot,4e6d135d8fccafb1,f345a669983f669345215235d6a90703
,,643,2026-02-09T22:23:40.137148752Z,2026-02-10T10:23:40.137148752Z,2026-02-10T10:12:02.529079368Z,25537048,duration_nano,spans,c3e509cb4f2e,surveillance-iot,4e89af78884c2c98,652a4c7716b1ce506d2eff0e55829446
,,644,2026-02-09T22:23:40.137148752Z,2026-02-10T10:23:40.137148752Z,2026-02-10T10:16:59.167722908Z,55389792,duration_nano,spans,c3e509cb4f2e,surveillance-iot,4f46c1b163f5421b,22ad2db9f309bc22d91f4a080e34924f
,,645,2026-02-09T22:23:40.137148752Z,2026-02-10T10:23:40.137148752Z,2026-02-10T10:13:24.189063277Z,64829706,duration_nano,spans,c3e509cb4f2e,surveillance-iot,4fa5232c122b5284,9ddb2ad489e2fd751633ae539498235b
,,646,2026-02-09T22:23:40.137148752Z,2026-02-10T10:23:40.137148752Z,2026-02-10T10:13:02.63020128Z,52139580,duration_nano,spans,c3e509cb4f2e,surveillance-iot,4fdecd38f63e9938,75d031c3f79fcd55a7e91b454fa93551
,,647,2026-02-09T22:23:40.137148752Z,2026-02-10T10:23:40.137148752Z,2026-02-10T10:20:16.76831715Z,50475021,duration_nano,spans,c3e509cb4f2e,surveillance-iot,5022c0c366cc3770,36437950ce41f08af6d5e598d4e41398
,,648,2026-02-09T22:23:40.137148752Z,2026-02-10T10:23:40.137148752Z,2026-02-10T10:16:58.11848098Z,31953566,duration_nano,spans,c3e509cb4f2e,surveillance-iot,507e6f078f19c92d,18f18c772b2b110bc77c0c8173b9207b
,,649,2026-02-09T22:23:40.137148752Z,2026-02-10T10:23:40.137148752Z,2026-02-10T10:14:55.848830679Z,61411133,duration_nano,spans,c3e509cb4f2e,surveillance-iot,508cccd0145c9ea8,41e3afa3cbfc0c3eaece4e73c09f9d6c
,,650,2026-02-09T22:23:40.137148752Z,2026-02-10T10:23:40.137148752Z,2026-02-10T10:17:53.268445029Z,56222323,duration_nano,spans,c3e509cb4f2e,surveillance-iot,51bfc577a989ab04,1b7f64b44796e10e0031b130ec65329a
,,651,2026-02-09T22:23:40.137148752Z,2026-02-10T10:23:40.137148752Z,2026-02-10T10:15:18.772119913Z,56444401,duration_nano,spans,c3e509cb4f2e,surveillance-iot,530aec0896a6083c,c093c72a33eb64da83826fb88959d8e3
,,652,2026-02-09T22:23:40.137148752Z,2026-02-10T10:23:40.137148752Z,2026-02-10T10:17:00.249605256Z,66952466,duration_nano,spans,c3e509cb4f2e,surveillance-iot,53464d3e29c49e1d,8a20907f819277286ab547bf59212841
,,653,2026-02-09T22:23:40.137148752Z,2026-02-10T10:23:40.137148752Z,2026-02-10T10:14:20.539071866Z,59769913,duration_nano,spans,c3e509cb4f2e,surveillance-iot,546fcdcc101f4047,7b5f0d8554325f39303635ff710c78ca
,,654,2026-02-09T22:23:40.137148752Z,2026-02-10T10:23:40.137148752Z,2026-02-10T10:16:17.336238871Z,20057220,duration_nano,spans,c3e509cb4f2e,surveillance-iot,549549e1e3dbd86b,de25104e01a3ba84d623d2eee5a07f6b
,,655,2026-02-09T22:23:40.137148752Z,2026-02-10T10:23:40.137148752Z,2026-02-10T10:11:55.070644488Z,41559580,duration_nano,spans,c3e509cb4f2e,surveillance-iot,54c5bb154ccd910b,49b3f672ba722163084ef16dc7bc77e9
,,656,2026-02-09T22:23:40.137148752Z,2026-02-10T10:23:40.137148752Z,2026-02-10T10:21:22.357627965Z,61082324,duration_nano,spans,c3e509cb4f2e,surveillance-iot,5500f84333add984,8917efb878944a8d8851aeac07907253
,,657,2026-02-09T22:23:40.137148752Z,2026-02-10T10:23:40.137148752Z,2026-02-10T10:20:44.727597487Z,62794319,duration_nano,spans,c3e509cb4f2e,surveillance-iot,55c933f3d0d98b4e,c2dddb271c7b54dc9f67650f7f85a5f2
,,658,2026-02-09T22:23:40.137148752Z,2026-02-10T10:23:40.137148752Z,2026-02-10T10:15:14.422343875Z,63056074,duration_nano,spans,c3e509cb4f2e,surveillance-iot,55caa66bc4bf3833,87a719ef97d1a256d9eec54683dbe574
,,659,2026-02-09T22:23:40.137148752Z,2026-02-10T10:23:40.137148752Z,2026-02-10T10:14:23.747701557Z,45841323,duration_nano,spans,c3e509cb4f2e,surveillance-iot,5791790d797dbced,7ba14f8b7d1cd214b8ec6ec3190082b2
,,660,2026-02-09T22:23:40.137148752Z,2026-02-10T10:23:40.137148752Z,2026-02-10T10:13:45.379497599Z,56056632,duration_nano,spans,c3e509cb4f2e,surveillance-iot,57d32d9070292fa5,af65ff522b83dd21261b0057db7e091d
,,661,2026-02-09T22:23:40.137148752Z,2026-02-10T10:23:40.137148752Z,2026-02-10T10:19:56.19812542Z,60793292,duration_nano,spans,c3e509cb4f2e,surveillance-iot,5802069aaaea68bc,ed17d01aaa45ed4896c7ae3b032e4789
,,662,2026-02-09T22:23:40.137148752Z,2026-02-10T10:23:40.137148752Z,2026-02-10T10:15:29.545986513Z,17958781,duration_nano,spans,c3e509cb4f2e,surveillance-iot,580b29d673d665fb,babb35050d0e9eb62cf9f9b6843773a0
,,663,2026-02-09T22:23:40.137148752Z,2026-02-10T10:23:40.137148752Z,2026-02-10T10:12:51.026599861Z,31455580,duration_nano,spans,c3e509cb4f2e,surveillance-iot,588055fb608f2f03,227f6b4ed990678ea9a318fc8add6276
,,664,2026-02-09T22:23:40.137148752Z,2026-02-10T10:23:40.137148752Z,2026-02-10T10:11:41.336379902Z,19493495,duration_nano,spans,c3e509cb4f2e,surveillance-iot,592dc3bd81ac3372,157679298d0eb02d37125ffa82f10a7e
,,665,2026-02-09T22:23:40.137148752Z,2026-02-10T10:23:40.137148752Z,2026-02-10T10:15:27.387793323Z,52656613,duration_nano,spans,c3e509cb4f2e,surveillance-iot,596d559bf12823e4,800246b619275fea07476e61a3a21cf0
,,666,2026-02-09T22:23:40.137148752Z,2026-02-10T10:23:40.137148752Z,2026-02-10T10:12:59.46883102Z,30875398,duration_nano,spans,c3e509cb4f2e,surveillance-iot,5974104ed3e7baf1,c99d66a905a414f10319234631e79aec
,,667,2026-02-09T22:23:40.137148752Z,2026-02-10T10:23:40.137148752Z,2026-02-10T10:13:27.436818821Z,22153241,duration_nano,spans,c3e509cb4f2e,surveillance-iot,59c2e7e25e070a09,c10b9b8908cc09f5979f5c83c7a93413
,,668,2026-02-09T22:23:40.137148752Z,2026-02-10T10:23:40.137148752Z,2026-02-10T10:13:59.287592534Z,28975617,duration_nano,spans,c3e509cb4f2e,surveillance-iot,5a91fc6b95b1fd1d,076d448688c835464630e75f17c5325b
,,669,2026-02-09T22:23:40.137148752Z,2026-02-10T10:23:40.137148752Z,2026-02-10T10:17:52.177938317Z,65376017,duration_nano,spans,c3e509cb4f2e,surveillance-iot,5b6838d054cca6cb,163f76c813f08d7cdaf85ace2a3d0233
,,670,2026-02-09T22:23:40.137148752Z,2026-02-10T10:23:40.137148752Z,2026-02-10T10:12:27.512646788Z,52802140,duration_nano,spans,c3e509cb4f2e,surveillance-iot,5b926cc94d7fad22,54a68254303fb81e338213c594c6c1eb
,,671,2026-02-09T22:23:40.137148752Z,2026-02-10T10:23:40.137148752Z,2026-02-10T10:13:33.736834561Z,21582292,duration_nano,spans,c3e509cb4f2e,surveillance-iot,5c0e6f3761456bab,3a55eb483f01bfbaddd0a4ef84e635be
,,672,2026-02-09T22:23:40.137148752Z,2026-02-10T10:23:40.137148752Z,2026-02-10T10:18:44.097675051Z,62944873,duration_nano,spans,c3e509cb4f2e,surveillance-iot,5c4681da2a134202,cc8e8b64c71baec41aae9fe77db1b5b6
,,673,2026-02-09T22:23:40.137148752Z,2026-02-10T10:23:40.137148752Z,2026-02-10T10:21:12.647484264Z,62002254,duration_nano,spans,c3e509cb4f2e,surveillance-iot,5c4825411635f895,a5570c90397246c68205496c7f9bbe30
,,674,2026-02-09T22:23:40.137148752Z,2026-02-10T10:23:40.137148752Z,2026-02-10T10:18:41.937963628Z,59177478,duration_nano,spans,c3e509cb4f2e,surveillance-iot,5cc7a2e79104639a,3ebfc4955e05ccfc8f1ecbc622d4684b
,,675,2026-02-09T22:23:40.137148752Z,2026-02-10T10:23:40.137148752Z,2026-02-10T10:18:35.438069695Z,58366492,duration_nano,spans,c3e509cb4f2e,surveillance-iot,5d4c535f8093bcd5,7c20e40c10d398cb6afa784d8d51da79
,,676,2026-02-09T22:23:40.137148752Z,2026-02-10T10:23:40.137148752Z,2026-02-10T10:21:11.55741446Z,67126321,duration_nano,spans,c3e509cb4f2e,surveillance-iot,5e827d8905a35f37,ff1b1d0db7c1ba9e32014e1186d841b9
,,677,2026-02-09T22:23:40.137148752Z,2026-02-10T10:23:40.137148752Z,2026-02-10T10:12:56.30429602Z,44094770,duration_nano,spans,c3e509cb4f2e,surveillance-iot,600885bc1ae313c1,b57427f9c0adf1daaf28e76b2c661b3c
,,678,2026-02-09T22:23:40.137148752Z,2026-02-10T10:23:40.137148752Z,2026-02-10T10:11:52.927639133Z,41111157,duration_nano,spans,c3e509cb4f2e,surveillance-iot,605721bc04035530,2759f11500e1a67a913565de095ffa57
,,679,2026-02-09T22:23:40.137148752Z,2026-02-10T10:23:40.137148752Z,2026-02-10T10:11:49.77015403Z,27267296,duration_nano,spans,c3e509cb4f2e,surveillance-iot,6090a91dcf26818b,a307905b3b270bc73516e1492ec53f74
,,680,2026-02-09T22:23:40.137148752Z,2026-02-10T10:23:40.137148752Z,2026-02-10T10:17:03.51756343Z,63320323,duration_nano,spans,c3e509cb4f2e,surveillance-iot,618300e58eb69e57,2ca82f65122c500219068a646a43ba1b
,,681,2026-02-09T22:23:40.137148752Z,2026-02-10T10:23:40.137148752Z,2026-02-10T10:13:58.209357822Z,57708016,duration_nano,spans,c3e509cb4f2e,surveillance-iot,6254dc9e23240249,86091c50b28edfadbb49d053730ddcfb
,,682,2026-02-09T22:23:40.137148752Z,2026-02-10T10:23:40.137148752Z,2026-02-10T10:14:44.038476124Z,43793762,duration_nano,spans,c3e509cb4f2e,surveillance-iot,62f6e92da614e2f5,375eedcfbcc6ec5ab73dc95f288a9e4f
,,683,2026-02-09T22:23:40.137148752Z,2026-02-10T10:23:40.137148752Z,2026-02-10T10:21:28.817960805Z,62356093,duration_nano,spans,c3e509cb4f2e,surveillance-iot,631e5475feab9523,1068dc3143ff17ced2fa5dc76595a2d9
,,684,2026-02-09T22:23:40.137148752Z,2026-02-10T10:23:40.137148752Z,2026-02-10T10:21:10.478085612Z,63964720,duration_nano,spans,c3e509cb4f2e,surveillance-iot,64a933791ae130ff,df3e8ec64cbf4d8296c2b57cbf6f6cbc
,,685,2026-02-09T22:23:40.137148752Z,2026-02-10T10:23:40.137148752Z,2026-02-10T10:17:31.606195434Z,29359326,duration_nano,spans,c3e509cb4f2e,surveillance-iot,64afc704563f57b4,aac652d7a89eaf5a4302768326492c66
,,686,2026-02-09T22:23:40.137148752Z,2026-02-10T10:23:40.137148752Z,2026-02-10T10:16:33.308063241Z,56351406,duration_nano,spans,c3e509cb4f2e,surveillance-iot,64f1f6809316ad49,9e072de70330a1f581789858676fa5d7
,,687,2026-02-09T22:23:40.137148752Z,2026-02-10T10:23:40.137148752Z,2026-02-10T10:16:44.03780676Z,62463483,duration_nano,spans,c3e509cb4f2e,surveillance-iot,65e3ddfd3bdc5624,d4b3b462b4a9f347679465b8b4c9c2a9
,,688,2026-02-09T22:23:40.137148752Z,2026-02-10T10:23:40.137148752Z,2026-02-10T10:13:48.556265518Z,26848041,duration_nano,spans,c3e509cb4f2e,surveillance-iot,664fa3282e05f281,ebde1e343404d019caf9378f51d0a480
,,689,2026-02-09T22:23:40.137148752Z,2026-02-10T10:23:40.137148752Z,2026-02-10T10:20:38.23755837Z,60180736,duration_nano,spans,c3e509cb4f2e,surveillance-iot,66a5c5d6ee1c76d0,93e5d1b6867b7c4f8883f040e59287f2
,,690,2026-02-09T22:23:40.137148752Z,2026-02-10T10:23:40.137148752Z,2026-02-10T10:19:31.627785167Z,15936,duration_nano,spans,c3e509cb4f2e,surveillance-iot,66dca7cc3743d6ec,fd78f08f08139d15a844ce7bdc9468b5
,,691,2026-02-09T22:23:40.137148752Z,2026-02-10T10:23:40.137148752Z,2026-02-10T10:19:55.127679168Z,49364872,duration_nano,spans,c3e509cb4f2e,surveillance-iot,66e5e306a90d10e5,298ba048146b810bcf4efc0db0bc66da
,,692,2026-02-09T22:23:40.137148752Z,2026-02-10T10:23:40.137148752Z,2026-02-10T10:13:42.180288325Z,52527674,duration_nano,spans,c3e509cb4f2e,surveillance-iot,6775f96ad7a6bccc,5efaae19f76d5c5214368208c6da3e29
,,693,2026-02-09T22:23:40.137148752Z,2026-02-10T10:23:40.137148752Z,2026-02-10T10:18:24.67827409Z,55607870,duration_nano,spans,c3e509cb4f2e,surveillance-iot,67c8ca1e42d71cf1,5471269bffb41a109d454a4819d7a50c
,,694,2026-02-09T22:23:40.137148752Z,2026-02-10T10:23:40.137148752Z,2026-02-10T10:18:32.18708676Z,55611998,duration_nano,spans,c3e509cb4f2e,surveillance-iot,68fc126dfc5e00d4,7cdca63c6f27f58989a27fcb30f15afa
,,695,2026-02-09T22:23:40.137148752Z,2026-02-10T10:23:40.137148752Z,2026-02-10T10:16:45.118898252Z,57314771,duration_nano,spans,c3e509cb4f2e,surveillance-iot,6c21808cf64e4a48,da62b4962e11a443b2376554f90e25fc
,,696,2026-02-09T22:23:40.137148752Z,2026-02-10T10:23:40.137148752Z,2026-02-10T10:18:34.357778205Z,62072018,duration_nano,spans,c3e509cb4f2e,surveillance-iot,6c34cbc778af7eeb,6ccda38f2a10c860226b7577069ee6db
,,697,2026-02-09T22:23:40.137148752Z,2026-02-10T10:23:40.137148752Z,2026-02-10T10:20:54.387212005Z,71557496,duration_nano,spans,c3e509cb4f2e,surveillance-iot,6d1774b0fbe3f69d,0967ba8c1bc4620597945bb852dab99b
,,698,2026-02-09T22:23:40.137148752Z,2026-02-10T10:23:40.137148752Z,2026-02-10T10:14:58.030243651Z,42878782,duration_nano,spans,c3e509cb4f2e,surveillance-iot,6e02a7ccf47995ba,402c8307184c27f638524c441f0143f6
,,699,2026-02-09T22:23:40.137148752Z,2026-02-10T10:23:40.137148752Z,2026-02-10T10:15:36.011386209Z,75221241,duration_nano,spans,c3e509cb4f2e,surveillance-iot,6e3e15fb3c786ae5,1a2346c011840555592e8f4a1fc9681c
,,700,2026-02-09T22:23:40.137148752Z,2026-02-10T10:23:40.137148752Z,2026-02-10T10:19:24.947590234Z,57577698,duration_nano,spans,c3e509cb4f2e,surveillance-iot,6e75e9f9b892df0c,3044cd16b5edd01f51342c49ed2b7b56
,,701,2026-02-09T22:23:40.137148752Z,2026-02-10T10:23:40.137148752Z,2026-02-10T10:18:13.881777464Z,50338232,duration_nano,spans,c3e509cb4f2e,surveillance-iot,6eae2e1084dea267,7900ba5f43309562c50384547bc1fefd
,,702,2026-02-09T22:23:40.137148752Z,2026-02-10T10:23:40.137148752Z,2026-02-10T10:18:30.047451767Z,58664086,duration_nano,spans,c3e509cb4f2e,surveillance-iot,6fb366b011623fb7,877e9c1662fb650b630db4cc500125b9
,,703,2026-02-09T22:23:40.137148752Z,2026-02-10T10:23:40.137148752Z,2026-02-10T10:13:19.879209167Z,51421663,duration_nano,spans,c3e509cb4f2e,surveillance-iot,7079011a87fd0c41,02f27ef2c3214da31a48705236b8f832
,,704,2026-02-09T22:23:40.137148752Z,2026-02-10T10:23:40.137148752Z,2026-02-10T10:14:04.567941881Z,51407448,duration_nano,spans,c3e509cb4f2e,surveillance-iot,70e9168c57a5fa16,451f3bb2b1632abf06376ae75326138b
,,705,2026-02-09T22:23:40.137148752Z,2026-02-10T10:23:40.137148752Z,2026-02-10T10:12:58.41881226Z,33259821,duration_nano,spans,c3e509cb4f2e,surveillance-iot,71185774405d9ad1,1f74fde43c465c67b336db2f529dc7b4
,,706,2026-02-09T22:23:40.137148752Z,2026-02-10T10:23:40.137148752Z,2026-02-10T10:15:22.008151038Z,35728612,duration_nano,spans,c3e509cb4f2e,surveillance-iot,7173658baac9defb,123ede7cbb4c23b6d0c6d8742d69c6d8
,,707,2026-02-09T22:23:40.137148752Z,2026-02-10T10:23:40.137148752Z,2026-02-10T10:18:45.177360259Z,47232154,duration_nano,spans,c3e509cb4f2e,surveillance-iot,71737a9a3aee65a0,73d7997c8d86b05796f423687194ae2a
,,708,2026-02-09T22:23:40.137148752Z,2026-02-10T10:23:40.137148752Z,2026-02-10T10:14:13.078806131Z,59766452,duration_nano,spans,c3e509cb4f2e,surveillance-iot,71bc57cc50903564,04a7f89b63d8e11667ac4896725e2267
,,709,2026-02-09T22:23:40.137148752Z,2026-02-10T10:23:40.137148752Z,2026-02-10T10:16:20.517179467Z,41697271,duration_nano,spans,c3e509cb4f2e,surveillance-iot,72f70579c56b4f78,09ecd1450d03740adeec0f1b9d6e66a8
,,710,2026-02-09T22:23:40.137148752Z,2026-02-10T10:23:40.137148752Z,2026-02-10T10:11:40.249932776Z,61313763,duration_nano,spans,c3e509cb4f2e,surveillance-iot,731a483fc025dfcd,a7b2c8f6312cc5b13596c85598aa3079
,,711,2026-02-09T22:23:40.137148752Z,2026-02-10T10:23:40.137148752Z,2026-02-10T10:13:06.979183827Z,60625589,duration_nano,spans,c3e509cb4f2e,surveillance-iot,73cda890b0c4a485,72c30e9fb34dd24030cdc48cc8eefc26
,,712,2026-02-09T22:23:40.137148752Z,2026-02-10T10:23:40.137148752Z,2026-02-10T10:16:47.278464656Z,57073298,duration_nano,spans,c3e509cb4f2e,surveillance-iot,747ec19104824b71,731924dd34fdd8e9f90571d343ae479a
,,713,2026-02-09T22:23:40.137148752Z,2026-02-10T10:23:40.137148752Z,2026-02-10T10:19:05.518231853Z,58924138,duration_nano,spans,c3e509cb4f2e,surveillance-iot,74bb36f6048cbd66,2145f740653b680c7e141f38ed3fbc3f
,,714,2026-02-09T22:23:40.137148752Z,2026-02-10T10:23:40.137148752Z,2026-02-10T10:18:37.598025161Z,57671299,duration_nano,spans,c3e509cb4f2e,surveillance-iot,75bec2a44699daf8,72405db76ea405985aced9f799cb037c
,,715,2026-02-09T22:23:40.137148752Z,2026-02-10T10:23:40.137148752Z,2026-02-10T10:18:47.288174031Z,57691461,duration_nano,spans,c3e509cb4f2e,surveillance-iot,773f0ac60d2934e3,64c815d50cd4dfc5916f8e115f59ea9b
,,716,2026-02-09T22:23:40.137148752Z,2026-02-10T10:23:40.137148752Z,2026-02-10T10:13:57.147505147Z,42933283,duration_nano,spans,c3e509cb4f2e,surveillance-iot,77d1a6ac3426a9f9,b9a83a1672bcfa180488dbac5a0bc836
,,717,2026-02-09T22:23:40.137148752Z,2026-02-10T10:23:40.137148752Z,2026-02-10T10:20:26.368085938Z,57942230,duration_nano,spans,c3e509cb4f2e,surveillance-iot,78ba56457a82d9bc,be508eb0fa1aa6a397b539dff77632f3
,,718,2026-02-09T22:23:40.137148752Z,2026-02-10T10:23:40.137148752Z,2026-02-10T10:11:50.827408777Z,42189132,duration_nano,spans,c3e509cb4f2e,surveillance-iot,79bab3ca57df540e,5f6c1a5546212df6c5652c7b9393ae39
,,719,2026-02-09T22:23:40.137148752Z,2026-02-10T10:23:40.137148752Z,2026-02-10T10:19:57.277731381Z,52331260,duration_nano,spans,c3e509cb4f2e,surveillance-iot,7a0fa628e7fc4fc2,b83166e59c4062bc8365fb8dcd8e72ce
,,720,2026-02-09T22:23:40.137148752Z,2026-02-10T10:23:40.137148752Z,2026-02-10T10:14:49.330685154Z,53873025,duration_nano,spans,c3e509cb4f2e,surveillance-iot,7a972a32bdd66eb3,b82377d28f194c13dd4003e364998d3b
,,721,2026-02-09T22:23:40.137148752Z,2026-02-10T10:23:40.137148752Z,2026-02-10T10:20:37.147318765Z,64626463,duration_nano,spans,c3e509cb4f2e,surveillance-iot,7aa1049c4ca2270f,d2483e32d1260c56e042eec98fec66fd
,,722,2026-02-09T22:23:40.137148752Z,2026-02-10T10:23:40.137148752Z,2026-02-10T10:14:15.247894195Z,41087800,duration_nano,spans,c3e509cb4f2e,surveillance-iot,7b848cea2ce680a4,89769879c8ff4b91c0a9ee0721078767
,,723,2026-02-09T22:23:40.137148752Z,2026-02-10T10:23:40.137148752Z,2026-02-10T10:16:01.016525074Z,27731481,duration_nano,spans,c3e509cb4f2e,surveillance-iot,7bd9fd2d6cefa1cc,4ee7a101387c1ca2efce34688c2c87d1
,,724,2026-02-09T22:23:40.137148752Z,2026-02-10T10:23:40.137148752Z,2026-02-10T10:18:59.088090451Z,26862269,duration_nano,spans,c3e509cb4f2e,surveillance-iot,7c5eec5c473a1e7f,c398e4d1c0944048b5b51a9e6742ef50
,,725,2026-02-09T22:23:40.137148752Z,2026-02-10T10:23:40.137148752Z,2026-02-10T10:21:08.307074832Z,67708533,duration_nano,spans,c3e509cb4f2e,surveillance-iot,7c61126fc8aec611,29611556689d4aa39787e357bd175c9d
,,726,2026-02-09T22:23:40.137148752Z,2026-02-10T10:23:40.137148752Z,2026-02-10T10:12:44.709598176Z,54990914,duration_nano,spans,c3e509cb4f2e,surveillance-iot,7ce53bea1905ad78,7143fa44357dad1c84294675defe2c58
,,727,2026-02-09T22:23:40.137148752Z,2026-02-10T10:23:40.137148752Z,2026-02-10T10:20:27.44740517Z,58299523,duration_nano,spans,c3e509cb4f2e,surveillance-iot,7d2658ff2ffdae92,97d6cbe66290de74aaec65c3dfd20ee7
,,728,2026-02-09T22:23:40.137148752Z,2026-02-10T10:23:40.137148752Z,2026-02-10T10:20:58.598017726Z,63269403,duration_nano,spans,c3e509cb4f2e,surveillance-iot,7d7b11df2aa6dbdc,3cc6c305df95d582d03788cf620a0cd7
,,729,2026-02-09T22:23:40.137148752Z,2026-02-10T10:23:40.137148752Z,2026-02-10T10:16:25.875771665Z,28084684,duration_nano,spans,c3e509cb4f2e,surveillance-iot,7e201bc67266007e,9e3380664d74a31aee47aec47b97d341
,,730,2026-02-09T22:23:40.137148752Z,2026-02-10T10:23:40.137148752Z,2026-02-10T10:11:38.081069078Z,64042567,duration_nano,spans,c3e509cb4f2e,surveillance-iot,7e9a5548f1ff2b59,7a0d1282c82cd4cad5399bc28bf0e69b
,,731,2026-02-09T22:23:40.137148752Z,2026-02-10T10:23:40.137148752Z,2026-02-10T10:17:32.657190888Z,63756498,duration_nano,spans,c3e509cb4f2e,surveillance-iot,7ee9f412af2026c1,7684968772e142198d27f7f11a9d10ea
,,732,2026-02-09T22:23:40.137148752Z,2026-02-10T10:23:40.137148752Z,2026-02-10T10:12:41.50096868Z,54230252,duration_nano,spans,c3e509cb4f2e,surveillance-iot,7efdc8c5a7587921,a87a2890df1637dd62141ec5f54389f9
,,733,2026-02-09T22:23:40.137148752Z,2026-02-10T10:23:40.137148752Z,2026-02-10T10:13:41.136001949Z,22197630,duration_nano,spans,c3e509cb4f2e,surveillance-iot,7fd992a3d7565db6,30db0d9561b8b5e14e550c10f43e6e3b
,,734,2026-02-09T22:23:40.137148752Z,2026-02-10T10:23:40.137148752Z,2026-02-10T10:16:52.688401395Z,70788824,duration_nano,spans,c3e509cb4f2e,surveillance-iot,7ff0b0f9d8339e43,cbcb05ab72fb8476aadd6c450e23bd01
,,735,2026-02-09T22:23:40.137148752Z,2026-02-10T10:23:40.137148752Z,2026-02-10T10:15:39.587330041Z,17027,duration_nano,spans,c3e509cb4f2e,surveillance-iot,8021d23337447f0d,688bee4f419ad6682bc733277f4c2263
,,736,2026-02-09T22:23:40.137148752Z,2026-02-10T10:23:40.137148752Z,2026-02-10T10:20:23.157081512Z,60786519,duration_nano,spans,c3e509cb4f2e,surveillance-iot,80935a9a3da69dda,b6b70e3b7d440694727828bf51ac71ce
,,737,2026-02-09T22:23:40.137148752Z,2026-02-10T10:23:40.137148752Z,2026-02-10T10:13:14.547791793Z,42416612,duration_nano,spans,c3e509cb4f2e,surveillance-iot,81820c437c4f7c6b,1dc4f46b29b6236fda29a31787aff480
,,738,2026-02-09T22:23:40.137148752Z,2026-02-10T10:23:40.137148752Z,2026-02-10T10:20:25.287600897Z,54852835,duration_nano,spans,c3e509cb4f2e,surveillance-iot,81ded55daafe3a33,cee6691271efa43889506f4926ae348c
,,739,2026-02-09T22:23:40.137148752Z,2026-02-10T10:23:40.137148752Z,2026-02-10T10:12:52.079713524Z,44107935,duration_nano,spans,c3e509cb4f2e,surveillance-iot,8230eb6f4faed06c,a7ed2696583ea720ba10077814983cb9
,,740,2026-02-09T22:23:40.137148752Z,2026-02-10T10:23:40.137148752Z,2026-02-10T10:17:18.668227864Z,65561795,duration_nano,spans,c3e509cb4f2e,surveillance-iot,8242633649f4adae,a3abbf1d039aa9a980f0cf0baecec456
,,741,2026-02-09T22:23:40.137148752Z,2026-02-10T10:23:40.137148752Z,2026-02-10T10:21:25.568195378Z,65760916,duration_nano,spans,c3e509cb4f2e,surveillance-iot,82a3513675ad8dcd,7db2a8258e410cbadf7110cbec65c1df
,,742,2026-02-09T22:23:40.137148752Z,2026-02-10T10:23:40.137148752Z,2026-02-10T10:19:08.758237085Z,64462576,duration_nano,spans,c3e509cb4f2e,surveillance-iot,832f712efa438e48,1de38e85fa0a4fb443c80e520a8039a5
,,743,2026-02-09T22:23:40.137148752Z,2026-02-10T10:23:40.137148752Z,2026-02-10T10:17:16.478083444Z,70372968,duration_nano,spans,c3e509cb4f2e,surveillance-iot,84a0dc9c0ae19bd7,104f7b6f179cd933d67315db9d0c84ea
,,744,2026-02-09T22:23:40.137148752Z,2026-02-10T10:23:40.137148752Z,2026-02-10T10:21:21.277819915Z,61395139,duration_nano,spans,c3e509cb4f2e,surveillance-iot,85a880ca850799f2,12b9922563dab590da9a1e102c4895e2
,,745,2026-02-09T22:23:40.137148752Z,2026-02-10T10:23:40.137148752Z,2026-02-10T10:17:47.88776383Z,43095677,duration_nano,spans,c3e509cb4f2e,surveillance-iot,85bc2e95f651ceb6,f9220cab3b436217ee0959800c816cd2
,,746,2026-02-09T22:23:40.137148752Z,2026-02-10T10:23:40.137148752Z,2026-02-10T10:17:19.757765768Z,59895485,duration_nano,spans,c3e509cb4f2e,surveillance-iot,85d3bc5c4b145160,317fff08d1abac75b9af354079357811
,,747,2026-02-09T22:23:40.137148752Z,2026-02-10T10:23:40.137148752Z,2026-02-10T10:18:55.877243463Z,30582202,duration_nano,spans,c3e509cb4f2e,surveillance-iot,85e2e0f6725d9c9a,970a1acdd40962f91568b3abc714542f
,,748,2026-02-09T22:23:40.137148752Z,2026-02-10T10:23:40.137148752Z,2026-02-10T10:20:40.3974789Z,62805930,duration_nano,spans,c3e509cb4f2e,surveillance-iot,86208d8f9821a3ec,4c432aad6381fbdfd706f94ff79f91eb
,,749,2026-02-09T22:23:40.137148752Z,2026-02-10T10:23:40.137148752Z,2026-02-10T10:19:48.75816741Z,53067561,duration_nano,spans,c3e509cb4f2e,surveillance-iot,86337d989d56e8b9,f6f1b65c925316ab168c90873cc2c168
,,750,2026-02-09T22:23:40.137148752Z,2026-02-10T10:23:40.137148752Z,2026-02-10T10:17:28.36760867Z,71018798,duration_nano,spans,c3e509cb4f2e,surveillance-iot,868802049ecc4c71,618f3934ab600dcd5aca0b4b616f24f8
,,751,2026-02-09T22:23:40.137148752Z,2026-02-10T10:23:40.137148752Z,2026-02-10T10:18:50.487757982Z,63527498,duration_nano,spans,c3e509cb4f2e,surveillance-iot,873957ef8f2d63e1,df7ed3b3dfae2e58a79b734e65add5dc
,,752,2026-02-09T22:23:40.137148752Z,2026-02-10T10:23:40.137148752Z,2026-02-10T10:16:50.525782837Z,58584692,duration_nano,spans,c3e509cb4f2e,surveillance-iot,876e17f4de80dea0,45cb45b9e689298e27fc3947c1921c08
,,753,2026-02-09T22:23:40.137148752Z,2026-02-10T10:23:40.137148752Z,2026-02-10T10:15:26.308577029Z,56103945,duration_nano,spans,c3e509cb4f2e,surveillance-iot,87b5e3c99b920dcd,ce7287522555d4586374826c4157e247
,,754,2026-02-09T22:23:40.137148752Z,2026-02-10T10:23:40.137148752Z,2026-02-10T10:13:56.059231155Z,64670340,duration_nano,spans,c3e509cb4f2e,surveillance-iot,87d4c6da24f7f47a,8184bffeeef94e6764bad877bc09e7a7
,,755,2026-02-09T22:23:40.137148752Z,2026-02-10T10:23:40.137148752Z,2026-02-10T10:19:21.698057975Z,57627089,duration_nano,spans,c3e509cb4f2e,surveillance-iot,87d7411593eb7aa7,1b3ef19c3375eb943c4d39fbd53ee31b
,,756,2026-02-09T22:23:40.137148752Z,2026-02-10T10:23:40.137148752Z,2026-02-10T10:14:18.428267135Z,52407340,duration_nano,spans,c3e509cb4f2e,surveillance-iot,88154ed5389df89e,dc8b7228574c3e85640eb5c5b72f3fc9
,,757,2026-02-09T22:23:40.137148752Z,2026-02-10T10:23:40.137148752Z,2026-02-10T10:12:49.977990827Z,29712494,duration_nano,spans,c3e509cb4f2e,surveillance-iot,88c78b909157134e,3756ff292df09b898f59a020e6ff6611
,,758,2026-02-09T22:23:40.137148752Z,2026-02-10T10:23:40.137148752Z,2026-02-10T10:14:42.962838572Z,51652622,duration_nano,spans,c3e509cb4f2e,surveillance-iot,8a70e16aead63ebc,9bff58110a58ea7299e0595adec32508
,,759,2026-02-09T22:23:40.137148752Z,2026-02-10T10:23:40.137148752Z,2026-02-10T10:20:45.808037334Z,56253384,duration_nano,spans,c3e509cb4f2e,surveillance-iot,8b486ec9737327d3,ca87a3043441683f5536234759c29850
,,760,2026-02-09T22:23:40.137148752Z,2026-02-10T10:23:40.137148752Z,2026-02-10T10:16:39.768254591Z,42819045,duration_nano,spans,c3e509cb4f2e,surveillance-iot,8b61f515f4be040e,c9be99a3f0d5defb40d2b5b6eb756990
,,761,2026-02-09T22:23:40.137148752Z,2026-02-10T10:23:40.137148752Z,2026-02-10T10:20:50.068045659Z,63373111,duration_nano,spans,c3e509cb4f2e,surveillance-iot,8c48734fc232596d,13d451a3fd16d2c19698183ac556e527
,,762,2026-02-09T22:23:40.137148752Z,2026-02-10T10:23:40.137148752Z,2026-02-10T10:14:29.048134184Z,38812754,duration_nano,spans,c3e509cb4f2e,surveillance-iot,8cf641c9827f442d,8aa3924f43d9cccabc2c9f2579cb32aa
,,763,2026-02-09T22:23:40.137148752Z,2026-02-10T10:23:40.137148752Z,2026-02-10T10:19:19.576795902Z,24609229,duration_nano,spans,c3e509cb4f2e,surveillance-iot,8db6e945651bbff0,6c347462bfb7a29ec59bdb2388af93f8
,,764,2026-02-09T22:23:40.137148752Z,2026-02-10T10:23:40.137148752Z,2026-02-10T10:17:32.86344166Z,15706,duration_nano,spans,c3e509cb4f2e,surveillance-iot,8e853fcae765544a,7684968772e142198d27f7f11a9d10ea
,,765,2026-02-09T22:23:40.137148752Z,2026-02-10T10:23:40.137148752Z,2026-02-10T10:18:17.097865008Z,62546120,duration_nano,spans,c3e509cb4f2e,surveillance-iot,8f2636a32dc45fa9,ccef094f8fe6bf388acadf2cbbbb9f41
,,766,2026-02-09T22:23:40.137148752Z,2026-02-10T10:23:40.137148752Z,2026-02-10T10:19:49.825762835Z,21393918,duration_nano,spans,c3e509cb4f2e,surveillance-iot,8fceecf24af788fa,26a11c0710abe4f3b7ced7a04f9ec403
,,767,2026-02-09T22:23:40.137148752Z,2026-02-10T10:23:40.137148752Z,2026-02-10T10:12:42.57932089Z,53995322,duration_nano,spans,c3e509cb4f2e,surveillance-iot,906ec6a73dfe75ee,85328e313d3d8740dd14e1ad08299ec9
,,768,2026-02-09T22:23:40.137148752Z,2026-02-10T10:23:40.137148752Z,2026-02-10T10:14:10.949490515Z,48066696,duration_nano,spans,c3e509cb4f2e,surveillance-iot,90ad9099223b6898,7dc92352d5534d37b4681d89cf396666
,,769,2026-02-09T22:23:40.137148752Z,2026-02-10T10:23:40.137148752Z,2026-02-10T10:16:18.378748424Z,58755358,duration_nano,spans,c3e509cb4f2e,surveillance-iot,90d57deb0ed2817e,48aa11e0fbfb9887402e3239c9dbbceb
,,770,2026-02-09T22:23:40.137148752Z,2026-02-10T10:23:40.137148752Z,2026-02-10T10:13:22.039047501Z,56401659,duration_nano,spans,c3e509cb4f2e,surveillance-iot,91ce2f10dad03e14,51290c8e2a9eb5b4372d5d2339876a34
,,771,2026-02-09T22:23:40.137148752Z,2026-02-10T10:23:40.137148752Z,2026-02-10T10:12:23.160509885Z,60500774,duration_nano,spans,c3e509cb4f2e,surveillance-iot,92a00ffcdb101f72,fc1c382abf3737b06f62c08ad447c84a
,,772,2026-02-09T22:23:40.137148752Z,2026-02-10T10:23:40.137148752Z,2026-02-10T10:20:14.648133118Z,29553699,duration_nano,spans,c3e509cb4f2e,surveillance-iot,9334bb0cc3f64258,3e9b1a8beab3df06c38b80f7697e53c9
,,773,2026-02-09T22:23:40.137148752Z,2026-02-10T10:23:40.137148752Z,2026-02-10T10:18:25.757212549Z,64127476,duration_nano,spans,c3e509cb4f2e,surveillance-iot,93c8604878e84a57,ff836700bb7d8fec1a0bc4b3f24d94b8
,,774,2026-02-09T22:23:40.137148752Z,2026-02-10T10:23:40.137148752Z,2026-02-10T10:18:38.677711031Z,68190299,duration_nano,spans,c3e509cb4f2e,surveillance-iot,945f03166b3a8390,ef5876813eb30a4df3dd834444ed0eb9
,,775,2026-02-09T22:23:40.137148752Z,2026-02-10T10:23:40.137148752Z,2026-02-10T10:20:21.008051258Z,51830917,duration_nano,spans,c3e509cb4f2e,surveillance-iot,94a5365722ed1788,5d56337935d682a33b4fd2bf605717a6
,,776,2026-02-09T22:23:40.137148752Z,2026-02-10T10:23:40.137148752Z,2026-02-10T10:19:29.267557367Z,56890409,duration_nano,spans,c3e509cb4f2e,surveillance-iot,963ad11b9b3c3d13,340cf2fcd2f98ae1e60a4ee5ec3fde4c
,,777,2026-02-09T22:23:40.137148752Z,2026-02-10T10:23:40.137148752Z,2026-02-10T10:17:11.096349859Z,21103181,duration_nano,spans,c3e509cb4f2e,surveillance-iot,96a89a9bef732ad8,0a74ffdd2bf4c8a1ec1c86f723574ea8
,,778,2026-02-09T22:23:40.137148752Z,2026-02-10T10:23:40.137148752Z,2026-02-10T10:13:38.988429098Z,46451983,duration_nano,spans,c3e509cb4f2e,surveillance-iot,97591a5ab20b31f3,5b314c60bb06afe7bd143894d02be4b0
,,779,2026-02-09T22:23:40.137148752Z,2026-02-10T10:23:40.137148752Z,2026-02-10T10:17:25.157517063Z,61667760,duration_nano,spans,c3e509cb4f2e,surveillance-iot,97951121288f484d,be78e945e760b2f00281faa437f14140
,,780,2026-02-09T22:23:40.137148752Z,2026-02-10T10:23:40.137148752Z,2026-02-10T10:20:46.88743481Z,28404344,duration_nano,spans,c3e509cb4f2e,surveillance-iot,97f4bb1b459972ed,3eb9ef6251d223f9a8a54e5a547c270d
,,781,2026-02-09T22:23:40.137148752Z,2026-02-10T10:23:40.137148752Z,2026-02-10T10:20:28.527642541Z,63913027,duration_nano,spans,c3e509cb4f2e,surveillance-iot,9812f37c7689c5e8,553ec7769c663ba99d71545a95fd862c
,,782,2026-02-09T22:23:40.137148752Z,2026-02-10T10:23:40.137148752Z,2026-02-10T10:18:21.437527413Z,65920433,duration_nano,spans,c3e509cb4f2e,surveillance-iot,9829dc48e274e73a,97865d7fb00b6de8e577800df63e7732
,,783,2026-02-09T22:23:40.137148752Z,2026-02-10T10:23:40.137148752Z,2026-02-10T10:15:28.471888517Z,52974953,duration_nano,spans,c3e509cb4f2e,surveillance-iot,99e8db29339ae730,1ea5e97aeaaf1a4c3d748dc859a5cbbc
,,784,2026-02-09T22:23:40.137148752Z,2026-02-10T10:23:40.137148752Z,2026-02-10T10:14:17.376226966Z,30174216,duration_nano,spans,c3e509cb4f2e,surveillance-iot,9ae76cec22ce27ac,f4fcbc0d7baaa733d03099a5d996657d
,,785,2026-02-09T22:23:40.137148752Z,2026-02-10T10:23:40.137148752Z,2026-02-10T10:16:48.3575899Z,67343293,duration_nano,spans,c3e509cb4f2e,surveillance-iot,9b9c513464ac211c,60e89094081e0c8fb23ff28b7df6e082
,,786,2026-02-09T22:23:40.137148752Z,2026-02-10T10:23:40.137148752Z,2026-02-10T10:20:56.516012994Z,25448964,duration_nano,spans,c3e509cb4f2e,surveillance-iot,9cabcfb34bb74432,ce0e9941ee6307b8e3aefe5bf2c6913f
,,787,2026-02-09T22:23:40.137148752Z,2026-02-10T10:23:40.137148752Z,2026-02-10T10:20:49.007266932Z,43067596,duration_nano,spans,c3e509cb4f2e,surveillance-iot,9db2beb37fefb331,75ad329aeeeba9de6200f9592176be3f
,,788,2026-02-09T22:23:40.137148752Z,2026-02-10T10:23:40.137148752Z,2026-02-10T10:19:16.328234834Z,62969365,duration_nano,spans,c3e509cb4f2e,surveillance-iot,9df6f8aac42073a1,b60c06d195ae452443ad2c2c95f1426f
,,789,2026-02-09T22:23:40.137148752Z,2026-02-10T10:23:40.137148752Z,2026-02-10T10:12:24.250646766Z,58322235,duration_nano,spans,c3e509cb4f2e,surveillance-iot,9e8454278f8f4de8,8a3dde81294da4553573b90053522795
,,790,2026-02-09T22:23:40.137148752Z,2026-02-10T10:23:40.137148752Z,2026-02-10T10:13:53.92907314Z,39830296,duration_nano,spans,c3e509cb4f2e,surveillance-iot,9ea40f52545e920f,c8ad04a81ab390bfb967c591b33e2074
,,791,2026-02-09T22:23:40.137148752Z,2026-02-10T10:23:40.137148752Z,2026-02-10T10:17:21.91678917Z,58717927,duration_nano,spans,c3e509cb4f2e,surveillance-iot,9f8041da4201b219,58ed7d378b7c3bb4fced2c62318ff25d
,,792,2026-02-09T22:23:40.137148752Z,2026-02-10T10:23:40.137148752Z,2026-02-10T10:11:44.491277365Z,40755110,duration_nano,spans,c3e509cb4f2e,surveillance-iot,a12f7aa95de858b2,2981e24a86d330b3e0db5374e9e9f166
,,793,2026-02-09T22:23:40.137148752Z,2026-02-10T10:23:40.137148752Z,2026-02-10T10:20:17.83770339Z,32983731,duration_nano,spans,c3e509cb4f2e,surveillance-iot,a13843602a01f691,4e2efefd40c7dd9e9dc7213a5ed3bdbf
,,794,2026-02-09T22:23:40.137148752Z,2026-02-10T10:23:40.137148752Z,2026-02-10T10:21:07.227609676Z,58311169,duration_nano,spans,c3e509cb4f2e,surveillance-iot,a18b827466ab7253,0f5a22fe932e7d24c753f6c4a249b483
,,795,2026-02-09T22:23:40.137148752Z,2026-02-10T10:23:40.137148752Z,2026-02-10T10:18:40.857538992Z,63494417,duration_nano,spans,c3e509cb4f2e,surveillance-iot,a194b06e53c9b8fb,9f514711eaf12f7fe4d2373926fe9b40
,,796,2026-02-09T22:23:40.137148752Z,2026-02-10T10:23:40.137148752Z,2026-02-10T10:20:35.017623392Z,25137950,duration_nano,spans,c3e509cb4f2e,surveillance-iot,a1ca03154fa66d37,221c35934f188ea8a46c453c6bdc0cdf
,,797,2026-02-09T22:23:40.137148752Z,2026-02-10T10:23:40.137148752Z,2026-02-10T10:20:43.647544059Z,57620927,duration_nano,spans,c3e509cb4f2e,surveillance-iot,a1ce968533a5f240,fc2f7b28d86d809f7e6efd74f47482eb
,,798,2026-02-09T22:23:40.137148752Z,2026-02-10T10:23:40.137148752Z,2026-02-10T10:12:00.443291153Z,27488608,duration_nano,spans,c3e509cb4f2e,surveillance-iot,a25a14abe6f60cfb,8a29a681b49b2a81ee9b1a20fce3f059
,,799,2026-02-09T22:23:40.137148752Z,2026-02-10T10:23:40.137148752Z,2026-02-10T10:19:22.77743578Z,65060093,duration_nano,spans,c3e509cb4f2e,surveillance-iot,a2692bbcf55223bb,78bec9f93b9279522bf1d10f930698d2
,,800,2026-02-09T22:23:40.137148752Z,2026-02-10T10:23:40.137148752Z,2026-02-10T10:19:30.347455386Z,56759117,duration_nano,spans,c3e509cb4f2e,surveillance-iot,a345f60f05d176fd,f01c3a2217a346dc5d1600138732864a
,,801,2026-02-09T22:23:40.137148752Z,2026-02-10T10:23:40.137148752Z,2026-02-10T10:20:13.572371071Z,59148927,duration_nano,spans,c3e509cb4f2e,surveillance-iot,a3f30e0a47f19328,f1bd30047d45c3941a44f9fd16648ac6
,,802,2026-02-09T22:23:40.137148752Z,2026-02-10T10:23:40.137148752Z,2026-02-10T10:15:30.590289443Z,76936127,duration_nano,spans,c3e509cb4f2e,surveillance-iot,a464fd66fc11cd41,76b639251f34460548ca9fcfdd4678f4
,,803,2026-02-09T22:23:40.137148752Z,2026-02-10T10:23:40.137148752Z,2026-02-10T10:13:52.819002689Z,80657530,duration_nano,spans,c3e509cb4f2e,surveillance-iot,a68061db8823100b,0ea75a52fef52ad807bdcbc0216d0654
,,804,2026-02-09T22:23:40.137148752Z,2026-02-10T10:23:40.137148752Z,2026-02-10T10:18:53.727580769Z,53446753,duration_nano,spans,c3e509cb4f2e,surveillance-iot,a68de729386e6809,50f3066effab23d41a21cf5b9f006637
,,805,2026-02-09T22:23:40.137148752Z,2026-02-10T10:23:40.137148752Z,2026-02-10T10:19:58.348056984Z,56979543,duration_nano,spans,c3e509cb4f2e,surveillance-iot,a6fb02b31dc6277b,3ac36ec4c20ee8a9f7e61a447edff54a
,,806,2026-02-09T22:23:40.137148752Z,2026-02-10T10:23:40.137148752Z,2026-02-10T10:13:28.478956253Z,56221636,duration_nano,spans,c3e509cb4f2e,surveillance-iot,a7f7350cc3942827,deffca73a2b2eb19e4a1d03c58ab23df
,,807,2026-02-09T22:23:40.137148752Z,2026-02-10T10:23:40.137148752Z,2026-02-10T10:17:12.138186166Z,64957419,duration_nano,spans,c3e509cb4f2e,surveillance-iot,a864dadf33e36931,54a2e8f568007725c9707bfd1cc702a7
,,808,2026-02-09T22:23:40.137148752Z,2026-02-10T10:23:40.137148752Z,2026-02-10T10:19:09.84758232Z,59688273,duration_nano,spans,c3e509cb4f2e,surveillance-iot,a8b19f85a44939ef,09c26d2bc10fc25ff9c52598f1e3d7a8
,,809,2026-02-09T22:23:40.137148752Z,2026-02-10T10:23:40.137148752Z,2026-02-10T10:21:15.878085795Z,55982770,duration_nano,spans,c3e509cb4f2e,surveillance-iot,ab9b85e4f8fc254c,bbf34daddb351865cdcb1ac6a1fa4bae
,,810,2026-02-09T22:23:40.137148752Z,2026-02-10T10:23:40.137148752Z,2026-02-10T10:12:31.840158146Z,39188270,duration_nano,spans,c3e509cb4f2e,surveillance-iot,ac21f7e4fda6344b,7b80561b25ec55ee5c16635c4178279c
,,811,2026-02-09T22:23:40.137148752Z,2026-02-10T10:23:40.137148752Z,2026-02-10T10:11:58.310123738Z,45981698,duration_nano,spans,c3e509cb4f2e,surveillance-iot,aefecfb44b5ab03f,8edbe99d1384484c116cf825b4f93bf1
,,812,2026-02-09T22:23:40.137148752Z,2026-02-10T10:23:40.137148752Z,2026-02-10T10:12:53.148404718Z,21278481,duration_nano,spans,c3e509cb4f2e,surveillance-iot,afa346777da0a140,892ff517f9fe412a1ea974195eb509c5
,,813,2026-02-09T22:23:40.137148752Z,2026-02-10T10:23:40.137148752Z,2026-02-10T10:12:28.586970266Z,47792038,duration_nano,spans,c3e509cb4f2e,surveillance-iot,afafb44f8a498828,4667e44e721b8f57ddaeb6ad81f0513a
,,814,2026-02-09T22:23:40.137148752Z,2026-02-10T10:23:40.137148752Z,2026-02-10T10:17:58.853021202Z,14101,duration_nano,spans,c3e509cb4f2e,surveillance-iot,afe5187e6afbc9c1,3e0f656ca5b0d82fffbe41695666d92e
,,815,2026-02-09T22:23:40.137148752Z,2026-02-10T10:23:40.137148752Z,2026-02-10T10:14:33.338804762Z,41454570,duration_nano,spans,c3e509cb4f2e,surveillance-iot,b0476dbaf4322929,4c621813e88149256318e8641ba04afa
,,816,2026-02-09T22:23:40.137148752Z,2026-02-10T10:23:40.137148752Z,2026-02-10T10:13:04.789418782Z,81462069,duration_nano,spans,c3e509cb4f2e,surveillance-iot,b1a08f81468b58bc,ad91432f527846c397e9c22504652da4
,,817,2026-02-09T22:23:40.137148752Z,2026-02-10T10:23:40.137148752Z,2026-02-10T10:17:13.228249761Z,56312488,duration_nano,spans,c3e509cb4f2e,surveillance-iot,b3034e27a05f6316,5c222ef35baca6e3f67f1aad7405d692
,,818,2026-02-09T22:23:40.137148752Z,2026-02-10T10:23:40.137148752Z,2026-02-10T10:14:41.916275189Z,18401784,duration_nano,spans,c3e509cb4f2e,surveillance-iot,b37f0168684cc725,7fa991a3383075d84aa58d7f586131f6
,,819,2026-02-09T22:23:40.137148752Z,2026-02-10T10:23:40.137148752Z,2026-02-10T10:13:43.255720945Z,22910496,duration_nano,spans,c3e509cb4f2e,surveillance-iot,b3c6ba4237a919a1,9c0448ca86ac8981fba2f4224f9ed925
,,820,2026-02-09T22:23:40.137148752Z,2026-02-10T10:23:40.137148752Z,2026-02-10T10:14:05.63787058Z,39410855,duration_nano,spans,c3e509cb4f2e,surveillance-iot,b3e1d268bba88fd3,9e405d8c8f44455699a29fab297a7ddb
,,821,2026-02-09T22:23:40.137148752Z,2026-02-10T10:23:40.137148752Z,2026-02-10T10:13:32.687353949Z,31652215,duration_nano,spans,c3e509cb4f2e,surveillance-iot,b4025ca05f3f6993,b56d7f37b72cb212c5dd850efd4b881e
,,822,2026-02-09T22:23:40.137148752Z,2026-02-10T10:23:40.137148752Z,2026-02-10T10:16:54.868679514Z,61731970,duration_nano,spans,c3e509cb4f2e,surveillance-iot,b4898e766e9fabf2,a0e6e55b47290aa651e7fd841c59e385
,,823,2026-02-09T22:23:40.137148752Z,2026-02-10T10:23:40.137148752Z,2026-02-10T10:13:23.118829196Z,43225675,duration_nano,spans,c3e509cb4f2e,surveillance-iot,b6124f393c515540,4403b57718a93b3c75d2da0d1599fc99
,,824,2026-02-09T22:23:40.137148752Z,2026-02-10T10:23:40.137148752Z,2026-02-10T10:13:34.7766871Z,27566910,duration_nano,spans,c3e509cb4f2e,surveillance-iot,b65a2b01157b28bf,ee0568e18e642b37508c81624f879e0a
,,825,2026-02-09T22:23:40.137148752Z,2026-02-10T10:23:40.137148752Z,2026-02-10T10:19:46.649390708Z,26506085,duration_nano,spans,c3e509cb4f2e,surveillance-iot,b65cd9c051de6aa7,9f20e08dadd2ba19a5da87b832c1cdc3
,,826,2026-02-09T22:23:40.137148752Z,2026-02-10T10:23:40.137148752Z,2026-02-10T10:16:40.836760789Z,35078183,duration_nano,spans,c3e509cb4f2e,surveillance-iot,b66e846e401703c5,a97f7f4083a09dc988887ce09d6d1691
,,827,2026-02-09T22:23:40.137148752Z,2026-02-10T10:23:40.137148752Z,2026-02-10T10:13:11.322325653Z,45216170,duration_nano,spans,c3e509cb4f2e,surveillance-iot,b7645b618f6cd2d6,c1e678dcabaddd0df5a5790c66f2c993
,,828,2026-02-09T22:23:40.137148752Z,2026-02-10T10:23:40.137148752Z,2026-02-10T10:16:24.797321626Z,56939583,duration_nano,spans,c3e509cb4f2e,surveillance-iot,b8494e6b2f7e5ff2,527681ae66feb5fbddc448171f0c157c
,,829,2026-02-09T22:23:40.137148752Z,2026-02-10T10:23:40.137148752Z,2026-02-10T10:14:35.46825444Z,54997343,duration_nano,spans,c3e509cb4f2e,surveillance-iot,b84e293b48c8ceba,124f927c2433249b4449cb89822a2c9f
,,830,2026-02-09T22:23:40.137148752Z,2026-02-10T10:23:40.137148752Z,2026-02-10T10:13:47.506716565Z,25064262,duration_nano,spans,c3e509cb4f2e,surveillance-iot,b851fcd3ee72d20a,694cf1643b793b00ad0e21c7a7b0e5a5
,,831,2026-02-09T22:23:40.137148752Z,2026-02-10T10:23:40.137148752Z,2026-02-10T10:19:04.427444576Z,64299988,duration_nano,spans,c3e509cb4f2e,surveillance-iot,b869b5647bcc3b9e,1119c6d287cd9cf5ba5ee96f89e0f8d5
,,832,2026-02-09T22:23:40.137148752Z,2026-02-10T10:23:40.137148752Z,2026-02-10T10:11:57.230854952Z,51332609,duration_nano,spans,c3e509cb4f2e,surveillance-iot,b9c5b1d01ea2802a,75b8c6698a65417c7a7ac5e1758944f8
,,833,2026-02-09T22:23:40.137148752Z,2026-02-10T10:23:40.137148752Z,2026-02-10T10:21:03.987956168Z,59731984,duration_nano,spans,c3e509cb4f2e,surveillance-iot,ba07fc6bf0f65736,521d024761303e69673fdae69da068ff
,,834,2026-02-09T22:23:40.137148752Z,2026-02-10T10:23:40.137148752Z,2026-02-10T10:14:02.450643694Z,49609081,duration_nano,spans,c3e509cb4f2e,surveillance-iot,ba0bc2f35bf14811,1e22c4d365918258b3fc57b9bdcb8e83
,,835,2026-02-09T22:23:40.137148752Z,2026-02-10T10:23:40.137148752Z,2026-02-10T10:17:58.648212096Z,63839297,duration_nano,spans,c3e509cb4f2e,surveillance-iot,ba8136605040711e,3e0f656ca5b0d82fffbe41695666d92e
,,836,2026-02-09T22:23:40.137148752Z,2026-02-10T10:23:40.137148752Z,2026-02-10T10:17:27.28736721Z,57481093,duration_nano,spans,c3e509cb4f2e,surveillance-iot,ba8db05b1bd4c464,4ac0786a63040694e68ab5ba5146b4f6
,,837,2026-02-09T22:23:40.137148752Z,2026-02-10T10:23:40.137148752Z,2026-02-10T10:12:33.968762801Z,35308483,duration_nano,spans,c3e509cb4f2e,surveillance-iot,bafee023e8ea90fd,b29d042b54e47995dcd7a57387ac61b8
,,838,2026-02-09T22:23:40.137148752Z,2026-02-10T10:23:40.137148752Z,2026-02-10T10:16:27.997654955Z,40951957,duration_nano,spans,c3e509cb4f2e,surveillance-iot,bb5730f232799c9d,509c060180d1e53e58d56b8fcf1163d7
,,839,2026-02-09T22:23:40.137148752Z,2026-02-10T10:23:40.137148752Z,2026-02-10T10:18:20.358436783Z,61726488,duration_nano,spans,c3e509cb4f2e,surveillance-iot,bc58fe7da72ccb40,4fd1303effd56d6ece27d26d8a1dfb55
,,840,2026-02-09T22:23:40.137148752Z,2026-02-10T10:23:40.137148752Z,2026-02-10T10:11:35.473309743Z,476890010,duration_nano,spans,c3e509cb4f2e,surveillance-iot,bc792ccfb6b1c7f4,9979fac75e06e900a950622b345135a1
,,841,2026-02-09T22:23:40.137148752Z,2026-02-10T10:23:40.137148752Z,2026-02-10T10:12:38.259804429Z,40783252,duration_nano,spans,c3e509cb4f2e,surveillance-iot,bcb91abde269ab47,e0b1b2d23776e5304a2f4b4aa1d1b77d
,,842,2026-02-09T22:23:40.137148752Z,2026-02-10T10:23:40.137148752Z,2026-02-10T10:18:14.957994409Z,35902008,duration_nano,spans,c3e509cb4f2e,surveillance-iot,bd7ddda9f038784c,eae0bcde46c7ce898b8c90e171138705
,,843,2026-02-09T22:23:40.137148752Z,2026-02-10T10:23:40.137148752Z,2026-02-10T10:19:02.258533948Z,63701330,duration_nano,spans,c3e509cb4f2e,surveillance-iot,bd90e903ad4710b6,87f4c601e80cdd29aabb4554e818b13c
,,844,2026-02-09T22:23:40.137148752Z,2026-02-10T10:23:40.137148752Z,2026-02-10T10:13:05.899563168Z,54489325,duration_nano,spans,c3e509cb4f2e,surveillance-iot,bde2cbc9fef39fa6,7b8c131c0f120b3e3479066f2121e10a
,,845,2026-02-09T22:23:40.137148752Z,2026-02-10T10:23:40.137148752Z,2026-02-10T10:14:37.639026507Z,55948307,duration_nano,spans,c3e509cb4f2e,surveillance-iot,be3df122bad2bd9d,2e4ebc83e91f84c6245bcce326450da8
,,846,2026-02-09T22:23:40.137148752Z,2026-02-10T10:23:40.137148752Z,2026-02-10T10:19:15.246265544Z,60787932,duration_nano,spans,c3e509cb4f2e,surveillance-iot,be454c1c7a1b461e,3173f2b17781b6e82fb1db2734a8b686
,,847,2026-02-09T22:23:40.137148752Z,2026-02-10T10:23:40.137148752Z,2026-02-10T10:21:30.97723749Z,53953829,duration_nano,spans,c3e509cb4f2e,surveillance-iot,beb4dc840eb57f4b,956b9de43a0d1695b46fdbe543a21699
,,848,2026-02-09T22:23:40.137148752Z,2026-02-10T10:23:40.137148752Z,2026-02-10T10:14:53.711237795Z,45185860,duration_nano,spans,c3e509cb4f2e,surveillance-iot,bf1ea4a40b8837e6,704a62c93320eee1af44d3a187a23143
,,849,2026-02-09T22:23:40.137148752Z,2026-02-10T10:23:40.137148752Z,2026-02-10T10:20:36.057256878Z,64633361,duration_nano,spans,c3e509cb4f2e,surveillance-iot,c14346d0eb453561,c239760492ca30774bf3d680b9183b47
,,850,2026-02-09T22:23:40.137148752Z,2026-02-10T10:23:40.137148752Z,2026-02-10T10:11:51.887494682Z,20245385,duration_nano,spans,c3e509cb4f2e,surveillance-iot,c2631b9107d7ac89,8bdc3caa574828fc4039573ada1fb953
,,851,2026-02-09T22:23:40.137148752Z,2026-02-10T10:23:40.137148752Z,2026-02-10T10:16:49.448063941Z,60280307,duration_nano,spans,c3e509cb4f2e,surveillance-iot,c2f372623443e453,cbd1f68a9ec43a1779633ac76480b8bd
,,852,2026-02-09T22:23:40.137148752Z,2026-02-10T10:23:40.137148752Z,2026-02-10T10:12:20.99905447Z,69569131,duration_nano,spans,c3e509cb4f2e,surveillance-iot,c3867e0fcfbb88f9,a52b1c61ff1532af59fa08a1bdae6f2b
,,853,2026-02-09T22:23:40.137148752Z,2026-02-10T10:23:40.137148752Z,2026-02-10T10:18:27.888076011Z,59710251,duration_nano,spans,c3e509cb4f2e,surveillance-iot,c3e6ec025f15c7c9,cb5fe6650a4d669f299979b9c4d971e3
,,854,2026-02-09T22:23:40.137148752Z,2026-02-10T10:23:40.137148752Z,2026-02-10T10:19:47.697497248Z,37985127,duration_nano,spans,c3e509cb4f2e,surveillance-iot,c4adcecf64a7845f,88ad626766913a3f5a8e82979b3af333
,,855,2026-02-09T22:23:40.137148752Z,2026-02-10T10:23:40.137148752Z,2026-02-10T10:11:42.37728404Z,29340684,duration_nano,spans,c3e509cb4f2e,surveillance-iot,c4f0f5f7ec19bd6a,a22a4d3c0b371b9e22a44840e6d3eda6
,,856,2026-02-09T22:23:40.137148752Z,2026-02-10T10:23:40.137148752Z,2026-02-10T10:13:51.748684484Z,46552677,duration_nano,spans,c3e509cb4f2e,surveillance-iot,c6d9812fa9be73cd,2f93cc91193b9773828cb5123b0e8470
,,857,2026-02-09T22:23:40.137148752Z,2026-02-10T10:23:40.137148752Z,2026-02-10T10:14:56.942676927Z,68386440,duration_nano,spans,c3e509cb4f2e,surveillance-iot,c6d9f5a9fa3f14d7,2e41d734ae5797915ef53109816ae399
,,858,2026-02-09T22:23:40.137148752Z,2026-02-10T10:23:40.137148752Z,2026-02-10T10:13:03.707999426Z,59036661,duration_nano,spans,c3e509cb4f2e,surveillance-iot,c6eab8f6d16037dc,e62e840374c828fe14430a89fa454f20
,,859,2026-02-09T22:23:40.137148752Z,2026-02-10T10:23:40.137148752Z,2026-02-10T10:14:46.158629711Z,53736842,duration_nano,spans,c3e509cb4f2e,surveillance-iot,c72c1a30cc72e9ae,6859bdc02ba064431b590d96d53c6caf
,,860,2026-02-09T22:23:40.137148752Z,2026-02-10T10:23:40.137148752Z,2026-02-10T10:15:33.841128452Z,58670546,duration_nano,spans,c3e509cb4f2e,surveillance-iot,c78e3e7dbb94b12b,7aa14d2609800dce70cc7928d26b732e
,,861,2026-02-09T22:23:40.137148752Z,2026-02-10T10:23:40.137148752Z,2026-02-10T10:20:41.477299466Z,58111597,duration_nano,spans,c3e509cb4f2e,surveillance-iot,c78eacaeb9bd3808,7666e603902278c71c5431e13382d90c
,,862,2026-02-09T22:23:40.137148752Z,2026-02-10T10:23:40.137148752Z,2026-02-10T10:18:46.247150966Z,23212250,duration_nano,spans,c3e509cb4f2e,surveillance-iot,c7b39859f360722d,61bdbf7e279716fd4d4da06dd198e9ea
,,863,2026-02-09T22:23:40.137148752Z,2026-02-10T10:23:40.137148752Z,2026-02-10T10:19:23.868409246Z,53924974,duration_nano,spans,c3e509cb4f2e,surveillance-iot,c8754522574262ae,07e753de9bff4c18801eb7e4ea0a796d
,,864,2026-02-09T22:23:40.137148752Z,2026-02-10T10:23:40.137148752Z,2026-02-10T10:15:55.6686059Z,37697508,duration_nano,spans,c3e509cb4f2e,surveillance-iot,caa400cdac0124d1,e3b7fda2fe60b4a3cb77ea35ff75d8b3
,,865,2026-02-09T22:23:40.137148752Z,2026-02-10T10:23:40.137148752Z,2026-02-10T10:15:23.067886243Z,47981990,duration_nano,spans,c3e509cb4f2e,surveillance-iot,cab6cafa0a29410b,405e0a9585c8a71a1564b82a90d27527
,,866,2026-02-09T22:23:40.137148752Z,2026-02-10T10:23:40.137148752Z,2026-02-10T10:21:05.067419165Z,63020513,duration_nano,spans,c3e509cb4f2e,surveillance-iot,cac7b11beb53f385,4868c65708740fa80456581adc3172e5
,,867,2026-02-09T22:23:40.137148752Z,2026-02-10T10:23:40.137148752Z,2026-02-10T10:12:57.369978117Z,31456937,duration_nano,spans,c3e509cb4f2e,surveillance-iot,cae26c492f464b03,df119ab593e3f7df7db1f33665760fb5
,,868,2026-02-09T22:23:40.137148752Z,2026-02-10T10:23:40.137148752Z,2026-02-10T10:19:01.187622324Z,47409674,duration_nano,spans,c3e509cb4f2e,surveillance-iot,cba02ca10dfab144,46e4cc422f72f5e25fc197ae731966a3
,,869,2026-02-09T22:23:40.137148752Z,2026-02-10T10:23:40.137148752Z,2026-02-10T10:20:24.236750402Z,29138132,duration_nano,spans,c3e509cb4f2e,surveillance-iot,cbea9043063cd092,72000b7ff017366dedd7c4f2b05ffbd8
,,870,2026-02-09T22:23:40.137148752Z,2026-02-10T10:23:40.137148752Z,2026-02-10T10:19:17.418337896Z,63411447,duration_nano,spans,c3e509cb4f2e,surveillance-iot,cc3747bb9904c392,de79ed64bb6fda7a38c2547d14401e50
,,871,2026-02-09T22:23:40.137148752Z,2026-02-10T10:23:40.137148752Z,2026-02-10T10:19:10.927571734Z,63239053,duration_nano,spans,c3e509cb4f2e,surveillance-iot,cd336471a5e56c59,d1315c825544c6ca317c24c1d448f6bf
,,872,2026-02-09T22:23:40.137148752Z,2026-02-10T10:23:40.137148752Z,2026-02-10T10:19:26.02771302Z,57912601,duration_nano,spans,c3e509cb4f2e,surveillance-iot,cd4dcf389cc3ee31,d7f4fbdbb5f32a9d19dc625d8b61c608
,,873,2026-02-09T22:23:40.137148752Z,2026-02-10T10:23:40.137148752Z,2026-02-10T10:14:38.719803761Z,46813771,duration_nano,spans,c3e509cb4f2e,surveillance-iot,cd8e3da4d1426a42,2d32a8ce9df0db2c0f5707d6b03d5309
,,874,2026-02-09T22:23:40.137148752Z,2026-02-10T10:23:40.137148752Z,2026-02-10T10:13:37.918278314Z,49306144,duration_nano,spans,c3e509cb4f2e,surveillance-iot,cdd7d19a911c567a,2935c2acc93ab5898b7d560fc6403d28
,,875,2026-02-09T22:23:40.137148752Z,2026-02-10T10:23:40.137148752Z,2026-02-10T10:15:16.621356515Z,66727220,duration_nano,spans,c3e509cb4f2e,surveillance-iot,ce34106f2a612e77,6717a4f4422ca5859f676d5466e241ee
,,876,2026-02-09T22:23:40.137148752Z,2026-02-10T10:23:40.137148752Z,2026-02-10T10:11:45.558502138Z,41022429,duration_nano,spans,c3e509cb4f2e,surveillance-iot,ced6ae92ebc70eb0,3ec99ca2c80988b6914548db1d6e82a4
,,877,2026-02-09T22:23:40.137148752Z,2026-02-10T10:23:40.137148752Z,2026-02-10T10:19:51.9477237Z,42233219,duration_nano,spans,c3e509cb4f2e,surveillance-iot,cf74efcd0d9d2f45,a4955152f7eb05933dc4e5648618b2c1
,,878,2026-02-09T22:23:40.137148752Z,2026-02-10T10:23:40.137148752Z,2026-02-10T10:17:14.307864598Z,64356612,duration_nano,spans,c3e509cb4f2e,surveillance-iot,cfc15f417c3b7f88,52602218a64dff30fae3f512522265cf
,,879,2026-02-09T22:23:40.137148752Z,2026-02-10T10:23:40.137148752Z,2026-02-10T10:14:30.108537475Z,61328199,duration_nano,spans,c3e509cb4f2e,surveillance-iot,d095b9881ffb372e,d0ca0bee8612a34b25e45674f145ae36
,,880,2026-02-09T22:23:40.137148752Z,2026-02-10T10:23:40.137148752Z,2026-02-10T10:20:19.958136159Z,30751072,duration_nano,spans,c3e509cb4f2e,surveillance-iot,d212593b41291420,4ddd78fab8f27d0c8d5620831590d3b4
,,881,2026-02-09T22:23:40.137148752Z,2026-02-10T10:23:40.137148752Z,2026-02-10T10:17:51.107785231Z,52129045,duration_nano,spans,c3e509cb4f2e,surveillance-iot,d28aad16a9f91fc5,d2318a91870eca5d472f0acfa4b4f091
,,882,2026-02-09T22:23:40.137148752Z,2026-02-10T10:23:40.137148752Z,2026-02-10T10:21:18.03794157Z,57317521,duration_nano,spans,c3e509cb4f2e,surveillance-iot,d2ec8cedb174e138,d46b4c17e7827b21f061981ca2eb9baf
,,883,2026-02-09T22:23:40.137148752Z,2026-02-10T10:23:40.137148752Z,2026-02-10T10:11:37.019384956Z,38699899,duration_nano,spans,c3e509cb4f2e,surveillance-iot,d2fbee628d198050,64d9b47b88849fe8b4cad71cb275af7b
,,884,2026-02-09T22:23:40.137148752Z,2026-02-10T10:23:40.137148752Z,2026-02-10T10:16:23.730475876Z,45959252,duration_nano,spans,c3e509cb4f2e,surveillance-iot,d3e96cb03099c8fa,80631c29c69c0d264963024214781197
,,885,2026-02-09T22:23:40.137148752Z,2026-02-10T10:23:40.137148752Z,2026-02-10T10:21:24.47807192Z,67859103,duration_nano,spans,c3e509cb4f2e,surveillance-iot,d41727dd943f1936,eeb553bfd1be11b063abe40a3ea71497
,,886,2026-02-09T22:23:40.137148752Z,2026-02-10T10:23:40.137148752Z,2026-02-10T10:14:22.678667938Z,51133004,duration_nano,spans,c3e509cb4f2e,surveillance-iot,d54243ac396e399a,f5282c3715d35127b3a4666ad02e682b
,,887,2026-02-09T22:23:40.137148752Z,2026-02-10T10:23:40.137148752Z,2026-02-10T10:18:56.927517168Z,70033589,duration_nano,spans,c3e509cb4f2e,surveillance-iot,d5691a371ecfca22,940345a03b76635166f83b06b7967be0
,,888,2026-02-09T22:23:40.137148752Z,2026-02-10T10:23:40.137148752Z,2026-02-10T10:17:26.238462063Z,30355530,duration_nano,spans,c3e509cb4f2e,surveillance-iot,d662e05f495a7ee4,b3985a04b923811f0ae0f081425b9672
,,889,2026-02-09T22:23:40.137148752Z,2026-02-10T10:23:40.137148752Z,2026-02-10T10:12:55.249353187Z,24587135,duration_nano,spans,c3e509cb4f2e,surveillance-iot,d7e73c2fafcf2ebf,d2e14dc5002bfb97f4383d5b992ae23e
,,890,2026-02-09T22:23:40.137148752Z,2026-02-10T10:23:40.137148752Z,2026-02-10T10:19:18.498183193Z,60369473,duration_nano,spans,c3e509cb4f2e,surveillance-iot,d95a3bd8d494964f,11d84a7e1dd565c2a36c8361bb20779c
,,891,2026-02-09T22:23:40.137148752Z,2026-02-10T10:23:40.137148752Z,2026-02-10T10:19:58.543539554Z,21039,duration_nano,spans,c3e509cb4f2e,surveillance-iot,d991f73a18ada8e2,3ac36ec4c20ee8a9f7e61a447edff54a
,,892,2026-02-09T22:23:40.137148752Z,2026-02-10T10:23:40.137148752Z,2026-02-10T10:12:01.489700197Z,21314949,duration_nano,spans,c3e509cb4f2e,surveillance-iot,da2496cd602b9a65,af354fb3be7b19a5074ee8e6a8e01dd1
,,893,2026-02-09T22:23:40.137148752Z,2026-02-10T10:23:40.137148752Z,2026-02-10T10:15:56.732224454Z,63843643,duration_nano,spans,c3e509cb4f2e,surveillance-iot,da9fda36080e0904,0c57ebbe76a7ed66114a6b86c2a6b3c6
,,894,2026-02-09T22:23:40.137148752Z,2026-02-10T10:23:40.137148752Z,2026-02-10T10:16:57.028249225Z,69807455,duration_nano,spans,c3e509cb4f2e,surveillance-iot,daa3749b8d46896a,3265a11ce1ce2fd2a1ac6654994cb5ed
,,895,2026-02-09T22:23:40.137148752Z,2026-02-10T10:23:40.137148752Z,2026-02-10T10:20:31.768189669Z,64284499,duration_nano,spans,c3e509cb4f2e,surveillance-iot,db1b18e41d3620e4,c677c4d9486dfde97488315ac1ff0514
,,896,2026-02-09T22:23:40.137148752Z,2026-02-10T10:23:40.137148752Z,2026-02-10T10:13:26.358835476Z,56027721,duration_nano,spans,c3e509cb4f2e,surveillance-iot,dbf902fceaebdc2f,f85f4922d4187c6c638db962b3de14a0
,,897,2026-02-09T22:23:40.137148752Z,2026-02-10T10:23:40.137148752Z,2026-02-10T10:15:24.143446927Z,64078683,duration_nano,spans,c3e509cb4f2e,surveillance-iot,dc9f0547e76d82b5,d2953608f7cc84eecd888cde3b17729e
,,898,2026-02-09T22:23:40.137148752Z,2026-02-10T10:23:40.137148752Z,2026-02-10T10:20:39.317917842Z,55256361,duration_nano,spans,c3e509cb4f2e,surveillance-iot,dcb7a24b97daf924,c97a01ddc08918030b1240d7b4c5c493
,,899,2026-02-09T22:23:40.137148752Z,2026-02-10T10:23:40.137148752Z,2026-02-10T10:14:09.897909234Z,29127462,duration_nano,spans,c3e509cb4f2e,surveillance-iot,dceab6ccd0b90e2d,a64564950f47f7b4144c2959597e398b
,,900,2026-02-09T22:23:40.137148752Z,2026-02-10T10:23:40.137148752Z,2026-02-10T10:11:43.428660277Z,37866006,duration_nano,spans,c3e509cb4f2e,surveillance-iot,e07c7f1c28f0e04f,d364f8098ad55968b0bf14095c7abfb0
,,901,2026-02-09T22:23:40.137148752Z,2026-02-10T10:23:40.137148752Z,2026-02-10T10:21:06.147276505Z,65003648,duration_nano,spans,c3e509cb4f2e,surveillance-iot,e15a8c37bb5db104,249d761fd8b50970e05f521410f57dfe
,,902,2026-02-09T22:23:40.137148752Z,2026-02-10T10:23:40.137148752Z,2026-02-10T10:20:32.857960726Z,61325456,duration_nano,spans,c3e509cb4f2e,surveillance-iot,e1e2b76ef89e5f5c,6e921066449991ccd7d070fac7c69e41
,,903,2026-02-09T22:23:40.137148752Z,2026-02-10T10:23:40.137148752Z,2026-02-10T10:20:47.937757046Z,50454439,duration_nano,spans,c3e509cb4f2e,surveillance-iot,e29441afd30c6aa3,049ef30eb772520f8f74b183db7b44eb
,,904,2026-02-09T22:23:40.137148752Z,2026-02-10T10:23:40.137148752Z,2026-02-10T10:16:21.579292309Z,42722954,duration_nano,spans,c3e509cb4f2e,surveillance-iot,e40272a77241c963,07a638a6842077a523c028760aef8e9e
,,905,2026-02-09T22:23:40.137148752Z,2026-02-10T10:23:40.137148752Z,2026-02-10T10:12:03.580332211Z,64962086,duration_nano,spans,c3e509cb4f2e,surveillance-iot,e5546a8ca6eed435,f1683843ea75acdbc26023588b330c91
,,906,2026-02-09T22:23:40.137148752Z,2026-02-10T10:23:40.137148752Z,2026-02-10T10:13:18.836704638Z,23091844,duration_nano,spans,c3e509cb4f2e,surveillance-iot,e5629e44354f4355,0180f9790d36ccedc16a411c26eeec05
,,907,2026-02-09T22:23:40.137148752Z,2026-02-10T10:23:40.137148752Z,2026-02-10T10:14:19.496804863Z,22906855,duration_nano,spans,c3e509cb4f2e,surveillance-iot,e5b92e01b215b5db,c7e6001cb7480d1cfc8723af128df758
,,908,2026-02-09T22:23:40.137148752Z,2026-02-10T10:23:40.137148752Z,2026-02-10T10:19:20.618134101Z,55504053,duration_nano,spans,c3e509cb4f2e,surveillance-iot,e5ca162c10adc27f,5f1bd2cbb1bcde908e06254e80d4cb02
,,909,2026-02-09T22:23:40.137148752Z,2026-02-10T10:23:40.137148752Z,2026-02-10T10:20:22.077362215Z,56742496,duration_nano,spans,c3e509cb4f2e,surveillance-iot,e638ebb8b9400b44,7abe92582619a61474172087a2e93162
,,910,2026-02-09T22:23:40.137148752Z,2026-02-10T10:23:40.137148752Z,2026-02-10T10:17:48.947550212Z,66627659,duration_nano,spans,c3e509cb4f2e,surveillance-iot,e6b12ba9d06156ae,d791d07925c1812a622feb4f76291b81
,,911,2026-02-09T22:23:40.137148752Z,2026-02-10T10:23:40.137148752Z,2026-02-10T10:21:16.958176412Z,62752694,duration_nano,spans,c3e509cb4f2e,surveillance-iot,e7b4e06451898c86,a9607c1b798d9f5cbd4fe3432b8f76a3
,,912,2026-02-09T22:23:40.137148752Z,2026-02-10T10:23:40.137148752Z,2026-02-10T10:17:29.45744229Z,57181397,duration_nano,spans,c3e509cb4f2e,surveillance-iot,eaad494c78e2e082,2dbf3e6092d53a9c0c442c5f2328b3bb
,,913,2026-02-09T22:23:40.137148752Z,2026-02-10T10:23:40.137148752Z,2026-02-10T10:11:39.181236433Z,43107890,duration_nano,spans,c3e509cb4f2e,surveillance-iot,eb1797450b008d33,161e36434f75ec721c101d4a4821522e
,,914,2026-02-09T22:23:40.137148752Z,2026-02-10T10:23:40.137148752Z,2026-02-10T10:17:20.837488001Z,60391878,duration_nano,spans,c3e509cb4f2e,surveillance-iot,eb2560bb7c34b298,81fe97416b9f2dec69da8853a5cca39c
,,915,2026-02-09T22:23:40.137148752Z,2026-02-10T10:23:40.137148752Z,2026-02-10T10:12:32.899360046Z,49933246,duration_nano,spans,c3e509cb4f2e,surveillance-iot,ec75b18d3808acd3,88fa9c1db9f32dd8c1abf7098e9361d8
,,916,2026-02-09T22:23:40.137148752Z,2026-02-10T10:23:40.137148752Z,2026-02-10T10:13:08.059710709Z,70578083,duration_nano,spans,c3e509cb4f2e,surveillance-iot,ed2ed788c40fe0e7,ac4c3f96e63c7fb818e9325b1ac673bf
,,917,2026-02-09T22:23:40.137148752Z,2026-02-10T10:23:40.137148752Z,2026-02-10T10:16:34.388404386Z,64922913,duration_nano,spans,c3e509cb4f2e,surveillance-iot,edad30a08ee92b6b,73b3cd00f9c42ec76bb89bf2c65d0cd9
,,918,2026-02-09T22:23:40.137148752Z,2026-02-10T10:23:40.137148752Z,2026-02-10T10:17:10.017652034Z,58161209,duration_nano,spans,c3e509cb4f2e,surveillance-iot,edff106491971463,a3c9a686385c822e2318c8331e90089d
,,919,2026-02-09T22:23:40.137148752Z,2026-02-10T10:23:40.137148752Z,2026-02-10T10:17:01.338602638Z,62548935,duration_nano,spans,c3e509cb4f2e,surveillance-iot,ee0294b53a48066b,0bff9a83fffae31016352795d6f916e0
,,920,2026-02-09T22:23:40.137148752Z,2026-02-10T10:23:40.137148752Z,2026-02-10T10:17:50.037550226Z,45594390,duration_nano,spans,c3e509cb4f2e,surveillance-iot,f00ca52e567de9ba,1e1e439384a3471851a764b38a482867
,,921,2026-02-09T22:23:40.137148752Z,2026-02-10T10:23:40.137148752Z,2026-02-10T10:19:13.088126298Z,57455497,duration_nano,spans,c3e509cb4f2e,surveillance-iot,f018b57f2acc0f2e,9120c3d6c2b587a767501e018a954708
,,922,2026-02-09T22:23:40.137148752Z,2026-02-10T10:23:40.137148752Z,2026-02-10T10:18:26.846438033Z,22544277,duration_nano,spans,c3e509cb4f2e,surveillance-iot,f168e2eae4065b6d,d98f8c2b99aa644549e50cbf936835a1
,,923,2026-02-09T22:23:40.137148752Z,2026-02-10T10:23:40.137148752Z,2026-02-10T10:20:59.678011071Z,58933668,duration_nano,spans,c3e509cb4f2e,surveillance-iot,f1a295a6f2e15514,ccfb9f4b55b8c9c258ea3d2e7911c816
,,924,2026-02-09T22:23:40.137148752Z,2026-02-10T10:23:40.137148752Z,2026-02-10T10:14:39.78716765Z,44085242,duration_nano,spans,c3e509cb4f2e,surveillance-iot,f1a75b8a9bba04e4,043e119fc60d230ffce87ca892151837
,,925,2026-02-09T22:23:40.137148752Z,2026-02-10T10:23:40.137148752Z,2026-02-10T10:12:37.189584589Z,51289312,duration_nano,spans,c3e509cb4f2e,surveillance-iot,f2151935b792b0a0,ea653b6b4958775fa48e4fcadd25a6bc
,,926,2026-02-09T22:23:40.137148752Z,2026-02-10T10:23:40.137148752Z,2026-02-10T10:15:58.858677968Z,56761731,duration_nano,spans,c3e509cb4f2e,surveillance-iot,f21555a296b9ef76,57c27ccd93428b8e138be7acd005dd84
,,927,2026-02-09T22:23:40.137148752Z,2026-02-10T10:23:40.137148752Z,2026-02-10T10:15:19.849524827Z,52601722,duration_nano,spans,c3e509cb4f2e,surveillance-iot,f2ae37f1c8a4afaa,ec73c2fec36bfc0e4732ef495273e1a2
,,928,2026-02-09T22:23:40.137148752Z,2026-02-10T10:23:40.137148752Z,2026-02-10T10:21:09.398149361Z,60772342,duration_nano,spans,c3e509cb4f2e,surveillance-iot,f324e8a571586622,0c4fbde12ce7290c57ce879024c6ca03
,,929,2026-02-09T22:23:40.137148752Z,2026-02-10T10:23:40.137148752Z,2026-02-10T10:21:02.918187834Z,44760889,duration_nano,spans,c3e509cb4f2e,surveillance-iot,f3d3f834cca6f446,6eb0a7dcbeea819b994a67bc9b3a882c
,,930,2026-02-09T22:23:40.137148752Z,2026-02-10T10:23:40.137148752Z,2026-02-10T10:16:46.198049781Z,61764752,duration_nano,spans,c3e509cb4f2e,surveillance-iot,f429142f0d062213,111d88198ab359346a871f41a9a4b133
,,931,2026-02-09T22:23:40.137148752Z,2026-02-10T10:23:40.137148752Z,2026-02-10T10:16:51.607784767Z,63263695,duration_nano,spans,c3e509cb4f2e,surveillance-iot,f4a5fc2c84a0fb4e,906b6157d9571d7482accf09d9087c3d
,,932,2026-02-09T22:23:40.137148752Z,2026-02-10T10:23:40.137148752Z,2026-02-10T10:12:46.836366699Z,25391305,duration_nano,spans,c3e509cb4f2e,surveillance-iot,f5f69c1ec677954e,08932ede894b454475eaf007504a9ebf
,,933,2026-02-09T22:23:40.137148752Z,2026-02-10T10:23:40.137148752Z,2026-02-10T10:14:31.216127065Z,19354154,duration_nano,spans,c3e509cb4f2e,surveillance-iot,f6b8b040adeb4300,cb6c479330ca07f821e0aeb0a78a42c3
,,934,2026-02-09T22:23:40.137148752Z,2026-02-10T10:23:40.137148752Z,2026-02-10T10:13:40.058054593Z,57662911,duration_nano,spans,c3e509cb4f2e,surveillance-iot,f6c32a950112e92f,ef2c715f2cd4a718869bd11e0e838e04
,,935,2026-02-09T22:23:40.137148752Z,2026-02-10T10:23:40.137148752Z,2026-02-10T10:19:54.067505194Z,43410189,duration_nano,spans,c3e509cb4f2e,surveillance-iot,f6f0c66dbfcbbfee,62addfbbdbd6206940b5ddb3571006ed
,,936,2026-02-09T22:23:40.137148752Z,2026-02-10T10:23:40.137148752Z,2026-02-10T10:15:15.512075541Z,75365784,duration_nano,spans,c3e509cb4f2e,surveillance-iot,f780e6fc9d0b9f31,eb92f0a86812d0d2b704877efed51da1
,,937,2026-02-09T22:23:40.137148752Z,2026-02-10T10:23:40.137148752Z,2026-02-10T10:18:48.365541272Z,20735196,duration_nano,spans,c3e509cb4f2e,surveillance-iot,f803d514f41e31a1,29886e8b5d142f18a919373523a019a8
,,938,2026-02-09T22:23:40.137148752Z,2026-02-10T10:23:40.137148752Z,2026-02-10T10:19:00.137743966Z,25728646,duration_nano,spans,c3e509cb4f2e,surveillance-iot,f927dd1b442da336,0197ca75b3fb552389e1808c76efdf67
,,939,2026-02-09T22:23:40.137148752Z,2026-02-10T10:23:40.137148752Z,2026-02-10T10:21:32.047584785Z,55545535,duration_nano,spans,c3e509cb4f2e,surveillance-iot,f9a561a916f355bd,6be08ca3c8a064d06105336dc9fb55fb
,,940,2026-02-09T22:23:40.137148752Z,2026-02-10T10:23:40.137148752Z,2026-02-10T10:21:34.20774092Z,57174556,duration_nano,spans,c3e509cb4f2e,surveillance-iot,fa8fb3491282d7ff,632e5fdf8eff706c3316170cbeefecfc
,,941,2026-02-09T22:23:40.137148752Z,2026-02-10T10:23:40.137148752Z,2026-02-10T10:13:16.678654377Z,48043366,duration_nano,spans,c3e509cb4f2e,surveillance-iot,faa84e5fae655ba0,88d64e41b0a11d5ad21f45ec4b2578de
,,942,2026-02-09T22:23:40.137148752Z,2026-02-10T10:23:40.137148752Z,2026-02-10T10:11:46.61716747Z,25756897,duration_nano,spans,c3e509cb4f2e,surveillance-iot,fb65d463f8f633d9,33ca0f6033dff695c3a63d319b6a4822
,,943,2026-02-09T22:23:40.137148752Z,2026-02-10T10:23:40.137148752Z,2026-02-10T10:12:35.030184171Z,51453745,duration_nano,spans,c3e509cb4f2e,surveillance-iot,fc836a89503df819,1b5c4023d423352b5026329e64a78249
,,944,2026-02-09T22:23:40.137148752Z,2026-02-10T10:23:40.137148752Z,2026-02-10T10:12:19.936891263Z,42557934,duration_nano,spans,c3e509cb4f2e,surveillance-iot,fc83f32c5b6485ad,e2a4c10e00531576cce8305d4ab54e93
,,945,2026-02-09T22:23:40.137148752Z,2026-02-10T10:23:40.137148752Z,2026-02-10T10:20:52.227830327Z,55451835,duration_nano,spans,c3e509cb4f2e,surveillance-iot,fcb62fee6e3472eb,5912f632825a77fb450e5ccb36d07350
,,946,2026-02-09T22:23:40.137148752Z,2026-02-10T10:23:40.137148752Z,2026-02-10T10:20:18.887545365Z,53069743,duration_nano,spans,c3e509cb4f2e,surveillance-iot,fd723cb5fd0d2c20,c65275cda6ba6c930025979f44b54159
,,947,2026-02-09T22:23:40.137148752Z,2026-02-10T10:23:40.137148752Z,2026-02-10T10:15:39.281951305Z,63644707,duration_nano,spans,c3e509cb4f2e,surveillance-iot,fd902a8f039d89d7,688bee4f419ad6682bc733277f4c2263
,,948,2026-02-09T22:23:40.137148752Z,2026-02-10T10:23:40.137148752Z,2026-02-10T10:18:33.267866796Z,66002714,duration_nano,spans,c3e509cb4f2e,surveillance-iot,fd9520ce6798ece8,3ab5d428fd8ee209d154f8839545fa3b
,,949,2026-02-09T22:23:40.137148752Z,2026-02-10T10:23:40.137148752Z,2026-02-10T10:13:36.866550678Z,26916508,duration_nano,spans,c3e509cb4f2e,surveillance-iot,fe16030f1397a094,237d38d58135d62b1442facc71d0ea98
,,950,2026-02-09T22:23:40.137148752Z,2026-02-10T10:23:40.137148752Z,2026-02-10T10:20:29.607197616Z,57817276,duration_nano,spans,c3e509cb4f2e,surveillance-iot,fe459c017ceba8b5,cd3468671ae1556080460933b586256d
,,951,2026-02-09T22:23:40.137148752Z,2026-02-10T10:23:40.137148752Z,2026-02-10T10:14:24.816236973Z,24941702,duration_nano,spans,c3e509cb4f2e,surveillance-iot,ff1040ffc753b071,2e37a974bad67e967d3572484c7177ea
,,952,2026-02-09T22:23:40.137148752Z,2026-02-10T10:23:40.137148752Z,2026-02-10T10:14:45.106744263Z,26177721,duration_nano,spans,c3e509cb4f2e,surveillance-iot,ff52376ba0090eb3,ecceaa7d5f427745682059a8bdcf04ca
,,953,2026-02-09T22:23:40.137148752Z,2026-02-10T10:23:40.137148752Z,2026-02-10T10:17:15.397676834Z,63241535,duration_nano,spans,c3e509cb4f2e,surveillance-iot,ffa576b6805b342b,0044a97bd9dde01e4b55260336cf73ba
,,954,2026-02-09T22:23:40.137148752Z,2026-02-10T10:23:40.137148752Z,2026-02-10T10:20:53.307808666Z,59875303,duration_nano,spans,c3e509cb4f2e,surveillance-iot,fff130552c867ecc,d9705b9084045c0e7a94a5b8c66f1a27

