,result,table,_start,_stop,_time,_value,_field,_measurement,host,service.name,span_id,trace_id
,,0,2025-12-01T13:17:45.976701674Z,2025-12-01T14:17:45.976701674Z,2025-12-01T13:58:21.509467169Z,"{""service"":""bellOff""}",attributes,spans,580706b33949,railway-consumer,005b3a1722b8797a,542809a417dd449eac6054226084b0c0
,,1,2025-12-01T13:17:45.976701674Z,2025-12-01T14:17:45.976701674Z,2025-12-01T13:51:20.573686807Z,"{""service"":""bellOff""}",attributes,spans,580706b33949,railway-consumer,00b0c24b51856105,9330b77649b565ff55050e0e0704da8d
,,2,2025-12-01T13:17:45.976701674Z,2025-12-01T14:17:45.976701674Z,2025-12-01T13:49:12.572043528Z,"{""service"":""bellOff""}",attributes,spans,580706b33949,railway-consumer,00f8c8b3272e54f4,d816156c5e8b14006dfb927790dbc3d9
,,3,2025-12-01T13:17:45.976701674Z,2025-12-01T14:17:45.976701674Z,2025-12-01T13:49:38.575156265Z,"{""service"":""bellOff""}",attributes,spans,580706b33949,railway-consumer,024e866f3eb9f0c9,99513dd3648f211d86d437e09a425115
,,4,2025-12-01T13:17:45.976701674Z,2025-12-01T14:17:45.976701674Z,2025-12-01T13:52:06.574693583Z,"{""service"":""bellOff""}",attributes,spans,580706b33949,railway-consumer,0333a03d924caea3,c8ab5c45a7df58000075fc0730c7cfb3
,,5,2025-12-01T13:17:45.976701674Z,2025-12-01T14:17:45.976701674Z,2025-12-01T13:49:45.569528414Z,"{""service"":""bellOff""}",attributes,spans,580706b33949,railway-consumer,041855b0d3621c47,cdf2ff1688d304c887c89ef94f19ae0a
,,6,2025-12-01T13:17:45.976701674Z,2025-12-01T14:17:45.976701674Z,2025-12-01T13:52:16.571527801Z,"{""service"":""bellOff""}",attributes,spans,580706b33949,railway-consumer,04a50abdbb2cf8b2,abc3cd049539d870ba446e8ef148bb69
,,7,2025-12-01T13:17:45.976701674Z,2025-12-01T14:17:45.976701674Z,2025-12-01T13:53:52.568305884Z,"{""service"":""bellOff""}",attributes,spans,580706b33949,railway-consumer,05031e347061217a,9ecf4a0be30ce57cfa6512a18b6aa314
,,8,2025-12-01T13:17:45.976701674Z,2025-12-01T14:17:45.976701674Z,2025-12-01T13:52:10.572415688Z,"{""service"":""bellOff""}",attributes,spans,580706b33949,railway-consumer,058e603d0392a631,dc680ca2d454ed14a443ddfeb3b37e31
,,9,2025-12-01T13:17:45.976701674Z,2025-12-01T14:17:45.976701674Z,2025-12-01T13:48:23.575466307Z,"{""service"":""bellOff""}",attributes,spans,580706b33949,railway-consumer,0598086835b485a3,d1999e0e8b69c86b9442b08e7efde899
,,10,2025-12-01T13:17:45.976701674Z,2025-12-01T14:17:45.976701674Z,2025-12-01T13:54:52.5687173Z,"{""service"":""bellOff""}",attributes,spans,580706b33949,railway-consumer,065121822bec363c,5855c45b816f9549a9571b8bfd4d0a4c
,,11,2025-12-01T13:17:45.976701674Z,2025-12-01T14:17:45.976701674Z,2025-12-01T13:56:45.228368943Z,"{""service"":""bellOff""}",attributes,spans,580706b33949,railway-consumer,066ac7f47d5b5d45,83a72d3f836bb1da0079c69030a9474c
,,12,2025-12-01T13:17:45.976701674Z,2025-12-01T14:17:45.976701674Z,2025-12-01T13:58:30.663835886Z,"{""service"":""bellOff""}",attributes,spans,580706b33949,railway-consumer,07a046afd213f556,9e2324d64ddaaa6a26466acbe2d3bfc7
,,13,2025-12-01T13:17:45.976701674Z,2025-12-01T14:17:45.976701674Z,2025-12-01T13:56:17.57112461Z,"{""service"":""bellOff""}",attributes,spans,580706b33949,railway-consumer,07a487a9e05af798,0f15f7e4da0049f7c7958883e179ee55
,,14,2025-12-01T13:17:45.976701674Z,2025-12-01T14:17:45.976701674Z,2025-12-01T13:49:43.572743905Z,"{""service"":""bellOff""}",attributes,spans,580706b33949,railway-consumer,080c3d04a0211025,726bce89b1b495004b188653dd427b65
,,15,2025-12-01T13:17:45.976701674Z,2025-12-01T14:17:45.976701674Z,2025-12-01T13:54:26.568451913Z,"{""service"":""bellOff""}",attributes,spans,580706b33949,railway-consumer,08b0260ed3fa7c7b,dbbd6016e6793c5f7b60dad8c1713f63
,,16,2025-12-01T13:17:45.976701674Z,2025-12-01T14:17:45.976701674Z,2025-12-01T13:49:24.573103365Z,"{""service"":""bellOff""}",attributes,spans,580706b33949,railway-consumer,08c063553a858e79,7f208d99f9f76be65968c58ce661ad41
,,17,2025-12-01T13:17:45.976701674Z,2025-12-01T14:17:45.976701674Z,2025-12-01T13:55:11.56836713Z,"{""service"":""bellOff""}",attributes,spans,580706b33949,railway-consumer,08e57b2034cd0ca4,e837f8f3fc93beaf8477cf6c5c783d32
,,18,2025-12-01T13:17:45.976701674Z,2025-12-01T14:17:45.976701674Z,2025-12-01T13:52:53.570398583Z,"{""service"":""bellOff""}",attributes,spans,580706b33949,railway-consumer,090567e20fa49cf3,ecaaaf099476d381773e7664d5f991b4
,,19,2025-12-01T13:17:45.976701674Z,2025-12-01T14:17:45.976701674Z,2025-12-01T13:55:00.568456289Z,"{""service"":""bellOff""}",attributes,spans,580706b33949,railway-consumer,09c7f982e9c4e7c9,3cbf6fe07d361d81de8db87ea54b9495
,,20,2025-12-01T13:17:45.976701674Z,2025-12-01T14:17:45.976701674Z,2025-12-01T13:50:30.568662592Z,"{""service"":""bellOff""}",attributes,spans,580706b33949,railway-consumer,0abc1d98c47eeef5,0ebf119f4c47dc9ed4b7ad27cfbfa2e5
,,21,2025-12-01T13:17:45.976701674Z,2025-12-01T14:17:45.976701674Z,2025-12-01T13:51:32.575057828Z,"{""service"":""bellOff""}",attributes,spans,580706b33949,railway-consumer,0b7ee3c54831b91a,50d4b2d4d1bc3f5139b9bf5a615722cf
,,22,2025-12-01T13:17:45.976701674Z,2025-12-01T14:17:45.976701674Z,2025-12-01T13:58:06.833968708Z,"{""service"":""bellOff""}",attributes,spans,580706b33949,railway-consumer,0c0f50dfb22ebf0a,1a1a15ed66f8f1db903c69b691f0acb3
,,23,2025-12-01T13:17:45.976701674Z,2025-12-01T14:17:45.976701674Z,2025-12-01T13:56:24.572387017Z,"{""service"":""bellOff""}",attributes,spans,580706b33949,railway-consumer,0c0fb9bc32688225,4fc6c002c44a33924fcbdce81a9cc60a
,,24,2025-12-01T13:17:45.976701674Z,2025-12-01T14:17:45.976701674Z,2025-12-01T13:53:13.568543941Z,"{""service"":""bellOff""}",attributes,spans,580706b33949,railway-consumer,0c8fdcdfbd2a190c,c597fd0b5eace31ba1e3379bfe71f8c3
,,25,2025-12-01T13:17:45.976701674Z,2025-12-01T14:17:45.976701674Z,2025-12-01T13:57:12.639903803Z,"{""service"":""bellOff""}",attributes,spans,580706b33949,railway-consumer,0cb28a05c2fc7f2e,6d2fe3fd664ef21e7bc929c5d32f608a
,,26,2025-12-01T13:17:45.976701674Z,2025-12-01T14:17:45.976701674Z,2025-12-01T13:54:06.601583147Z,"{""service"":""bellOff""}",attributes,spans,580706b33949,railway-consumer,0d28c29224992727,78d39caa9188261557ae2ab63566b32f
,,27,2025-12-01T13:17:45.976701674Z,2025-12-01T14:17:45.976701674Z,2025-12-01T13:58:48.48860471Z,"{""service"":""bellOff""}",attributes,spans,580706b33949,railway-consumer,0d59263f4db7d922,073bda262d7ee67c268dbf456b9eae41
,,28,2025-12-01T13:17:45.976701674Z,2025-12-01T14:17:45.976701674Z,2025-12-01T13:51:48.580283928Z,"{""service"":""bellOff""}",attributes,spans,580706b33949,railway-consumer,0ddf96533757c1f3,4068b59ee1080b01736b29e4c5fb5d1b
,,29,2025-12-01T13:17:45.976701674Z,2025-12-01T14:17:45.976701674Z,2025-12-01T13:50:49.574463317Z,"{""service"":""bellOff""}",attributes,spans,580706b33949,railway-consumer,0e902c01cc48aed2,3cb7a954feedb3739d71c4aa54ead879
,,30,2025-12-01T13:17:45.976701674Z,2025-12-01T14:17:45.976701674Z,2025-12-01T13:57:00.717136478Z,"{""service"":""bellOff""}",attributes,spans,580706b33949,railway-consumer,0efcb708b2a0e668,a6cfc0dccb3ad329bb24f4a1b476659c
,,31,2025-12-01T13:17:45.976701674Z,2025-12-01T14:17:45.976701674Z,2025-12-01T13:48:50.576189763Z,"{""service"":""bellOff""}",attributes,spans,580706b33949,railway-consumer,0f70797836668117,a56fd9d3cebcf84c5caf002ba817ba15
,,32,2025-12-01T13:17:45.976701674Z,2025-12-01T14:17:45.976701674Z,2025-12-01T13:53:56.568231508Z,"{""service"":""bellOff""}",attributes,spans,580706b33949,railway-consumer,0f9696a484e46e4b,19c6c2985ebcdb62bd654f13bb3fa8d0
,,33,2025-12-01T13:17:45.976701674Z,2025-12-01T14:17:45.976701674Z,2025-12-01T13:49:19.584239507Z,"{""service"":""bellOff""}",attributes,spans,580706b33949,railway-consumer,1039812120c8d020,092dac15874f5bf61124ad9003042ab8
,,34,2025-12-01T13:17:45.976701674Z,2025-12-01T14:17:45.976701674Z,2025-12-01T13:49:27.572444355Z,"{""service"":""bellOff""}",attributes,spans,580706b33949,railway-consumer,107490936556d7d3,f4fa9c84718c1fe25cc523ed2b148677
,,35,2025-12-01T13:17:45.976701674Z,2025-12-01T14:17:45.976701674Z,2025-12-01T13:53:11.572334223Z,"{""service"":""bellOff""}",attributes,spans,580706b33949,railway-consumer,11253983db254b98,de1bf36bd8f7e2f9eb2aa4fc9616a931
,,36,2025-12-01T13:17:45.976701674Z,2025-12-01T14:17:45.976701674Z,2025-12-01T13:53:58.571865912Z,"{""service"":""bellOff""}",attributes,spans,580706b33949,railway-consumer,1171941fb38753c4,e8e4dccfba5d04955bc852f9f191a904
,,37,2025-12-01T13:17:45.976701674Z,2025-12-01T14:17:45.976701674Z,2025-12-01T13:51:10.574076508Z,"{""service"":""bellOff""}",attributes,spans,580706b33949,railway-consumer,1194c2c1508492d2,5c38a1e02c920dcbed50ff6b15e8a43c
,,38,2025-12-01T13:17:45.976701674Z,2025-12-01T14:17:45.976701674Z,2025-12-01T13:52:36.575288974Z,"{""service"":""bellOff""}",attributes,spans,580706b33949,railway-consumer,12462e6358c85969,bcf346e51a671789c112853452fb48c4
,,39,2025-12-01T13:17:45.976701674Z,2025-12-01T14:17:45.976701674Z,2025-12-01T13:57:40.897972468Z,"{""service"":""bellOff""}",attributes,spans,580706b33949,railway-consumer,12a032c52a5becaf,29d905dc082323e14d6296d804cba2d3
,,40,2025-12-01T13:17:45.976701674Z,2025-12-01T14:17:45.976701674Z,2025-12-01T13:51:18.571655169Z,"{""service"":""bellOff""}",attributes,spans,580706b33949,railway-consumer,13057087b6d15bc4,9c12f597fb28cd50a2651fd67be4041c
,,41,2025-12-01T13:17:45.976701674Z,2025-12-01T14:17:45.976701674Z,2025-12-01T13:49:32.572814264Z,"{""service"":""bellOff""}",attributes,spans,580706b33949,railway-consumer,13332dcf8be345f4,d1726e16e0657ad253158ba9386f5984
,,42,2025-12-01T13:17:45.976701674Z,2025-12-01T14:17:45.976701674Z,2025-12-01T13:56:34.781590698Z,"{""service"":""bellOff""}",attributes,spans,580706b33949,railway-consumer,1373d2696e8da1d5,a0a515f9da76aab4396f66f190b6ead3
,,43,2025-12-01T13:17:45.976701674Z,2025-12-01T14:17:45.976701674Z,2025-12-01T13:55:08.56839871Z,"{""service"":""bellOff""}",attributes,spans,580706b33949,railway-consumer,137ce6f4ea1d64e9,aa34ab752ad67c10de7bfe9ab2af1a61
,,44,2025-12-01T13:17:45.976701674Z,2025-12-01T14:17:45.976701674Z,2025-12-01T13:52:26.57466357Z,"{""service"":""bellOff""}",attributes,spans,580706b33949,railway-consumer,138639673ea3e748,3e7bc922f164831970dfa78391a0ba2c
,,45,2025-12-01T13:17:45.976701674Z,2025-12-01T14:17:45.976701674Z,2025-12-01T13:48:53.572296352Z,"{""service"":""bellOff""}",attributes,spans,580706b33949,railway-consumer,138966fe01952dac,b8e10ca7b10ef25a624c8cc58500a16a
,,46,2025-12-01T13:17:45.976701674Z,2025-12-01T14:17:45.976701674Z,2025-12-01T13:55:59.570031226Z,"{""service"":""bellOff""}",attributes,spans,580706b33949,railway-consumer,14a9fc44d90fc21f,2f0609a09bd443c74fe6932170a2a00c
,,47,2025-12-01T13:17:45.976701674Z,2025-12-01T14:17:45.976701674Z,2025-12-01T13:50:12.570914018Z,"{""service"":""bellOff""}",attributes,spans,580706b33949,railway-consumer,15658b20a4f664b1,32a47efc2c2b314ffdfda3a76d41959c
,,48,2025-12-01T13:17:45.976701674Z,2025-12-01T14:17:45.976701674Z,2025-12-01T13:48:44.582076361Z,"{""service"":""bellOff""}",attributes,spans,580706b33949,railway-consumer,15e80d6c7289ed30,61a4b355207045970869c0fb59c62434
,,49,2025-12-01T13:17:45.976701674Z,2025-12-01T14:17:45.976701674Z,2025-12-01T13:49:49.574353907Z,"{""service"":""bellOff""}",attributes,spans,580706b33949,railway-consumer,161542a691d390d0,92532712f2684f7da2cb58609fa85158
,,50,2025-12-01T13:17:45.976701674Z,2025-12-01T14:17:45.976701674Z,2025-12-01T13:52:47.569916972Z,"{""service"":""bellOff""}",attributes,spans,580706b33949,railway-consumer,1635c9362b1eece1,179ed8b0d83dd0ee7a1ffef96c73f679
,,51,2025-12-01T13:17:45.976701674Z,2025-12-01T14:17:45.976701674Z,2025-12-01T13:57:55.434306452Z,"{""service"":""bellOff""}",attributes,spans,580706b33949,railway-consumer,166d3e1ab9126db3,33bc38f21f7533a18b9a37725b887644
,,52,2025-12-01T13:17:45.976701674Z,2025-12-01T14:17:45.976701674Z,2025-12-01T13:58:15.732648841Z,"{""service"":""bellOff""}",attributes,spans,580706b33949,railway-consumer,16b30e78f43e6130,d02de175afc07010511865bdb67a945f
,,53,2025-12-01T13:17:45.976701674Z,2025-12-01T14:17:45.976701674Z,2025-12-01T13:48:56.577092115Z,"{""service"":""bellOff""}",attributes,spans,580706b33949,railway-consumer,170ee7f1c7a691c8,091403461ca8805f5b10cab16f51484a
,,54,2025-12-01T13:17:45.976701674Z,2025-12-01T14:17:45.976701674Z,2025-12-01T13:48:59.573450459Z,"{""service"":""bellOff""}",attributes,spans,580706b33949,railway-consumer,17c5b0ca53ec5028,09ae36425d9e01ad043a84d9dd1b7b62
,,55,2025-12-01T13:17:45.976701674Z,2025-12-01T14:17:45.976701674Z,2025-12-01T13:50:24.573485224Z,"{""service"":""bellOff""}",attributes,spans,580706b33949,railway-consumer,17e1586634f02eea,bcd7404e44e43db23f71a1134ba0ff37
,,56,2025-12-01T13:17:45.976701674Z,2025-12-01T14:17:45.976701674Z,2025-12-01T13:52:24.571335158Z,"{""service"":""bellOff""}",attributes,spans,580706b33949,railway-consumer,1853e8732cfcdbd3,9802fa883d05fb88dff284d6899ea392
,,57,2025-12-01T13:17:45.976701674Z,2025-12-01T14:17:45.976701674Z,2025-12-01T13:48:35.580227282Z,"{""service"":""bellOff""}",attributes,spans,580706b33949,railway-consumer,18758f5fbb78f537,35bc1f7216ca00547eb68a8ea1d8a502
,,58,2025-12-01T13:17:45.976701674Z,2025-12-01T14:17:45.976701674Z,2025-12-01T13:52:18.571367911Z,"{""service"":""bellOff""}",attributes,spans,580706b33949,railway-consumer,18d9d7b88c624c2e,06e4155ea16f13f089ec39e5c8188ccc
,,59,2025-12-01T13:17:45.976701674Z,2025-12-01T14:17:45.976701674Z,2025-12-01T13:56:48.265516212Z,"{""service"":""bellOff""}",attributes,spans,580706b33949,railway-consumer,190031f6eb4081cb,ef22f73fceb5ced23847f9a31ec223c3
,,60,2025-12-01T13:17:45.976701674Z,2025-12-01T14:17:45.976701674Z,2025-12-01T13:49:53.572980639Z,"{""service"":""bellOff""}",attributes,spans,580706b33949,railway-consumer,19702fd98e0cb3bc,3f5ddffbad87b82412ec31832c863363
,,61,2025-12-01T13:17:45.976701674Z,2025-12-01T14:17:45.976701674Z,2025-12-01T13:55:19.568509641Z,"{""service"":""bellOff""}",attributes,spans,580706b33949,railway-consumer,19dd51e0943b6800,f44a735ab8f557c3fd374be8ab24a3db
,,62,2025-12-01T13:17:45.976701674Z,2025-12-01T14:17:45.976701674Z,2025-12-01T13:51:05.576150649Z,"{""service"":""bellOff""}",attributes,spans,580706b33949,railway-consumer,1a07e1eb1d91ee2a,3ecb81e8bb5a84d31bf1723d9a5b867c
,,63,2025-12-01T13:17:45.976701674Z,2025-12-01T14:17:45.976701674Z,2025-12-01T13:50:13.572992285Z,"{""service"":""bellOff""}",attributes,spans,580706b33949,railway-consumer,1a2e292270f50af7,5ed13724078f828c6cb133fbd48c6969
,,64,2025-12-01T13:17:45.976701674Z,2025-12-01T14:17:45.976701674Z,2025-12-01T13:56:51.968410306Z,"{""service"":""bellOff""}",attributes,spans,580706b33949,railway-consumer,1a75ebaf5e13682c,844e0ad2dd0f83103acbf7699e687a49
,,65,2025-12-01T13:17:45.976701674Z,2025-12-01T14:17:45.976701674Z,2025-12-01T13:58:09.661590579Z,"{""service"":""bellOff""}",attributes,spans,580706b33949,railway-consumer,1ade743390f4c845,b22410cbe985b14c2e85247ffa708f77
,,66,2025-12-01T13:17:45.976701674Z,2025-12-01T14:17:45.976701674Z,2025-12-01T13:58:26.734841121Z,"{""service"":""bellOff""}",attributes,spans,580706b33949,railway-consumer,1b78e47ff2cec6f8,e7d84a8a76666e250b70378c7249f3c1
,,67,2025-12-01T13:17:45.976701674Z,2025-12-01T14:17:45.976701674Z,2025-12-01T13:54:24.575710175Z,"{""service"":""bellOff""}",attributes,spans,580706b33949,railway-consumer,1b7f55788e264109,d9ea3e13114e55904c0d1758f94cf109
,,68,2025-12-01T13:17:45.976701674Z,2025-12-01T14:17:45.976701674Z,2025-12-01T13:52:15.575026417Z,"{""service"":""bellOff""}",attributes,spans,580706b33949,railway-consumer,1b98ac50afdfb796,f40347ada40d6481bbf3c9506a2ccb39
,,69,2025-12-01T13:17:45.976701674Z,2025-12-01T14:17:45.976701674Z,2025-12-01T13:54:10.568381164Z,"{""service"":""bellOff""}",attributes,spans,580706b33949,railway-consumer,1bc2f95f71fd4fd3,47c4bc0704b86595d5fc6a1b0b13fbaf
,,70,2025-12-01T13:17:45.976701674Z,2025-12-01T14:17:45.976701674Z,2025-12-01T13:51:35.576792649Z,"{""service"":""bellOff""}",attributes,spans,580706b33949,railway-consumer,1bfb038150c3fd83,8350fcf285b9f4d6f62f2c5a72e8c834
,,71,2025-12-01T13:17:45.976701674Z,2025-12-01T14:17:45.976701674Z,2025-12-01T13:56:56.573346985Z,"{""service"":""bellOff""}",attributes,spans,580706b33949,railway-consumer,1c33e69487ae2fd5,cf181ec842381a759e27d648811d48b9
,,72,2025-12-01T13:17:45.976701674Z,2025-12-01T14:17:45.976701674Z,2025-12-01T13:54:30.568564412Z,"{""service"":""bellOff""}",attributes,spans,580706b33949,railway-consumer,1c9cc3b6c0675e86,fdf0bed02026227e07d9b2ed3734ba83
,,73,2025-12-01T13:17:45.976701674Z,2025-12-01T14:17:45.976701674Z,2025-12-01T13:53:57.587644411Z,"{""service"":""bellOff""}",attributes,spans,580706b33949,railway-consumer,1c9fee44bae759f6,d139b1cfc2e64dab5fa48b3074ec8f51
,,74,2025-12-01T13:17:45.976701674Z,2025-12-01T14:17:45.976701674Z,2025-12-01T13:49:50.573545442Z,"{""service"":""bellOff""}",attributes,spans,580706b33949,railway-consumer,1ca809af3d42106c,6173d31b2b83d76db520365cc71219a8
,,75,2025-12-01T13:17:45.976701674Z,2025-12-01T14:17:45.976701674Z,2025-12-01T13:48:52.583532306Z,"{""service"":""bellOff""}",attributes,spans,580706b33949,railway-consumer,1cbbec7ebfa378b5,f8f71cde55fd8289cf56d29563a7b1d9
,,76,2025-12-01T13:17:45.976701674Z,2025-12-01T14:17:45.976701674Z,2025-12-01T13:51:00.575366902Z,"{""service"":""bellOff""}",attributes,spans,580706b33949,railway-consumer,1d49ca35208c057a,6c281e59c6040dbfa114cea3de2e6012
,,77,2025-12-01T13:17:45.976701674Z,2025-12-01T14:17:45.976701674Z,2025-12-01T13:57:21.195920018Z,"{""service"":""bellOff""}",attributes,spans,580706b33949,railway-consumer,1d5574b64d664c5f,e237b76abec2e44e36408e709ca9c6e6
,,78,2025-12-01T13:17:45.976701674Z,2025-12-01T14:17:45.976701674Z,2025-12-01T13:50:40.57285508Z,"{""service"":""bellOff""}",attributes,spans,580706b33949,railway-consumer,1d89ae111ed2b613,7c4b0b4d58addfde94d80f12c4471d94
,,79,2025-12-01T13:17:45.976701674Z,2025-12-01T14:17:45.976701674Z,2025-12-01T13:50:34.575351394Z,"{""service"":""bellOff""}",attributes,spans,580706b33949,railway-consumer,1dcc5b527970bd61,83c85cfef482f99a4c78fa2d7e24207b
,,80,2025-12-01T13:17:45.976701674Z,2025-12-01T14:17:45.976701674Z,2025-12-01T13:52:03.581634432Z,"{""service"":""bellOff""}",attributes,spans,580706b33949,railway-consumer,1f62f99fb6398a15,a763910a04f34b74899dcf785b205d82
,,81,2025-12-01T13:17:45.976701674Z,2025-12-01T14:17:45.976701674Z,2025-12-01T13:54:41.568973327Z,"{""service"":""bellOff""}",attributes,spans,580706b33949,railway-consumer,1f7fcb3e52ec0fc2,50f393825e3af429c3bca249a0498a7d
,,82,2025-12-01T13:17:45.976701674Z,2025-12-01T14:17:45.976701674Z,2025-12-01T13:49:37.57370324Z,"{""service"":""bellOff""}",attributes,spans,580706b33949,railway-consumer,1fb6fb573ee91fcf,5511b9f664a635ddaf9498124b2121c6
,,83,2025-12-01T13:17:45.976701674Z,2025-12-01T14:17:45.976701674Z,2025-12-01T13:54:38.568984152Z,"{""service"":""bellOff""}",attributes,spans,580706b33949,railway-consumer,1fcbc849e909118a,7b59d2553617144029e4143d6ef76e5b
,,84,2025-12-01T13:17:45.976701674Z,2025-12-01T14:17:45.976701674Z,2025-12-01T13:50:53.573119112Z,"{""service"":""bellOff""}",attributes,spans,580706b33949,railway-consumer,20bb3dd288f67350,b6a3ec8b0cecbf69d4aa67a3a8a2cee3
,,85,2025-12-01T13:17:45.976701674Z,2025-12-01T14:17:45.976701674Z,2025-12-01T13:53:38.568622932Z,"{""service"":""bellOff""}",attributes,spans,580706b33949,railway-consumer,2125de8fd976ff28,523dc22d1f47be19bd99acb9703a7b78
,,86,2025-12-01T13:17:45.976701674Z,2025-12-01T14:17:45.976701674Z,2025-12-01T13:55:03.56877914Z,"{""service"":""bellOff""}",attributes,spans,580706b33949,railway-consumer,218e1acdd15f44f0,1f4bfd9f8b7b878be1ec16f47326e9a0
,,87,2025-12-01T13:17:45.976701674Z,2025-12-01T14:17:45.976701674Z,2025-12-01T13:48:33.580861225Z,"{""service"":""bellOff""}",attributes,spans,580706b33949,railway-consumer,21ae670c1c6285ad,243614debdbc9c5965bba8799c3c8769
,,88,2025-12-01T13:17:45.976701674Z,2025-12-01T14:17:45.976701674Z,2025-12-01T13:56:06.571615096Z,"{""service"":""bellOff""}",attributes,spans,580706b33949,railway-consumer,22eb7464d047f1ca,176ba4982cbbf0121a26a8d15f71500f
,,89,2025-12-01T13:17:45.976701674Z,2025-12-01T14:17:45.976701674Z,2025-12-01T13:54:15.57430079Z,"{""service"":""bellOff""}",attributes,spans,580706b33949,railway-consumer,234c7aa9b9cad0e9,2b0d7d09d288a0b2b4ee829e7644c0bc
,,90,2025-12-01T13:17:45.976701674Z,2025-12-01T14:17:45.976701674Z,2025-12-01T13:50:10.572314717Z,"{""service"":""bellOff""}",attributes,spans,580706b33949,railway-consumer,2446de1911d83e2e,68c50aca8ab5461d8ba61512c6afe8fc
,,91,2025-12-01T13:17:45.976701674Z,2025-12-01T14:17:45.976701674Z,2025-12-01T13:51:08.571438405Z,"{""service"":""bellOff""}",attributes,spans,580706b33949,railway-consumer,247830820e0324cb,7d527813bfc2ede9808b83c7096df44e
,,92,2025-12-01T13:17:45.976701674Z,2025-12-01T14:17:45.976701674Z,2025-12-01T13:57:22.849731687Z,"{""service"":""bellOff""}",attributes,spans,580706b33949,railway-consumer,24c3d7156fd776bf,20b4daa5ba911facc5a730dfc2c522c7
,,93,2025-12-01T13:17:45.976701674Z,2025-12-01T14:17:45.976701674Z,2025-12-01T13:51:47.576090239Z,"{""service"":""bellOff""}",attributes,spans,580706b33949,railway-consumer,256c5570c0e00b51,90c4305936a87375c5562f7077fdf4bc
,,94,2025-12-01T13:17:45.976701674Z,2025-12-01T14:17:45.976701674Z,2025-12-01T13:55:04.568771669Z,"{""service"":""bellOff""}",attributes,spans,580706b33949,railway-consumer,26c1c4772840ac6f,224c893736d23cdb41350086e68382cd
,,95,2025-12-01T13:17:45.976701674Z,2025-12-01T14:17:45.976701674Z,2025-12-01T13:54:56.568581043Z,"{""service"":""bellOff""}",attributes,spans,580706b33949,railway-consumer,2876720ccffc9c86,af25566650db7aa82ade93e4b6cfcf97
,,96,2025-12-01T13:17:45.976701674Z,2025-12-01T14:17:45.976701674Z,2025-12-01T13:58:23.084879303Z,"{""service"":""bellOff""}",attributes,spans,580706b33949,railway-consumer,287b4df63fb0d69e,ed7d111505ecf42a1b652baec83208e5
,,97,2025-12-01T13:17:45.976701674Z,2025-12-01T14:17:45.976701674Z,2025-12-01T13:57:46.631025545Z,"{""service"":""bellOff""}",attributes,spans,580706b33949,railway-consumer,292f232da74064ca,034f76db8f6cdb861c0f1e1f184ff488
,,98,2025-12-01T13:17:45.976701674Z,2025-12-01T14:17:45.976701674Z,2025-12-01T13:49:47.572787705Z,"{""service"":""bellOff""}",attributes,spans,580706b33949,railway-consumer,2962f5a68f594c6e,3adee3881424a12942a4794e24a62d28
,,99,2025-12-01T13:17:45.976701674Z,2025-12-01T14:17:45.976701674Z,2025-12-01T13:50:37.575093697Z,"{""service"":""bellOff""}",attributes,spans,580706b33949,railway-consumer,29b41c8df1b7da94,985f5c4664aafc89decd3f55abcd1be6
,,100,2025-12-01T13:17:45.976701674Z,2025-12-01T14:17:45.976701674Z,2025-12-01T13:52:40.572084103Z,"{""service"":""bellOff""}",attributes,spans,580706b33949,railway-consumer,2a390114bd8eac64,307777fe64e56d83e1bae79a83618045
,,101,2025-12-01T13:17:45.976701674Z,2025-12-01T14:17:45.976701674Z,2025-12-01T13:51:40.572340096Z,"{""service"":""bellOff""}",attributes,spans,580706b33949,railway-consumer,2ae3a226748a1cb6,3194c3e93aef6adadef1894dbc6dc6b9
,,102,2025-12-01T13:17:45.976701674Z,2025-12-01T14:17:45.976701674Z,2025-12-01T13:49:48.570673603Z,"{""service"":""bellOff""}",attributes,spans,580706b33949,railway-consumer,2b7c2c29b977e18e,9109e14dea47a55b8e8345f1458e5da0
,,103,2025-12-01T13:17:45.976701674Z,2025-12-01T14:17:45.976701674Z,2025-12-01T13:55:58.571722868Z,"{""service"":""bellOff""}",attributes,spans,580706b33949,railway-consumer,2bb1a96ffb24d033,caaef3c6fcbd6f014ff563605ee3ed9c
,,104,2025-12-01T13:17:45.976701674Z,2025-12-01T14:17:45.976701674Z,2025-12-01T13:52:45.568213994Z,"{""service"":""bellOff""}",attributes,spans,580706b33949,railway-consumer,2bb2c3b243344cfc,fd1281144bc010f3cb675d409e05c596
,,105,2025-12-01T13:17:45.976701674Z,2025-12-01T14:17:45.976701674Z,2025-12-01T13:50:00.568795047Z,"{""service"":""bellOff""}",attributes,spans,580706b33949,railway-consumer,2d998f71342dfdfa,d70166d974077ede8899288a9f97b092
,,106,2025-12-01T13:17:45.976701674Z,2025-12-01T14:17:45.976701674Z,2025-12-01T13:53:02.573804182Z,"{""service"":""bellOff""}",attributes,spans,580706b33949,railway-consumer,2e463b8c3b06c54e,1e32a239eedc7849f0ee6359d0c5223a
,,107,2025-12-01T13:17:45.976701674Z,2025-12-01T14:17:45.976701674Z,2025-12-01T13:51:57.576811158Z,"{""service"":""bellOff""}",attributes,spans,580706b33949,railway-consumer,2ee7d0b4bb0b7bc6,42688f8b30650e74e9cfc7b3c56d1e10
,,108,2025-12-01T13:17:45.976701674Z,2025-12-01T14:17:45.976701674Z,2025-12-01T13:50:01.570877099Z,"{""service"":""bellOff""}",attributes,spans,580706b33949,railway-consumer,2f64095e11f387dc,234343de8c9d76b812f9cff7835cecbc
,,109,2025-12-01T13:17:45.976701674Z,2025-12-01T14:17:45.976701674Z,2025-12-01T13:55:56.568790473Z,"{""service"":""bellOff""}",attributes,spans,580706b33949,railway-consumer,2fdb50f4771d21e3,16bc7b8de81fda76cdd9082ff7737f79
,,110,2025-12-01T13:17:45.976701674Z,2025-12-01T14:17:45.976701674Z,2025-12-01T13:54:35.568151274Z,"{""service"":""bellOff""}",attributes,spans,580706b33949,railway-consumer,311cfc31a1d87381,0281e22e19e1a4474505757521ca0f7a
,,111,2025-12-01T13:17:45.976701674Z,2025-12-01T14:17:45.976701674Z,2025-12-01T13:54:25.568128685Z,"{""service"":""bellOff""}",attributes,spans,580706b33949,railway-consumer,314b8c9506bebb86,757abdf3693e1db5f7b590bbf1b3e7c9
,,112,2025-12-01T13:17:45.976701674Z,2025-12-01T14:17:45.976701674Z,2025-12-01T13:50:22.574417852Z,"{""service"":""bellOff""}",attributes,spans,580706b33949,railway-consumer,317bf81f3870d2fd,3737414cb509aae5434fd2fd777ebc48
,,113,2025-12-01T13:17:45.976701674Z,2025-12-01T14:17:45.976701674Z,2025-12-01T13:49:04.572592743Z,"{""service"":""bellOff""}",attributes,spans,580706b33949,railway-consumer,31e9e661ed56713b,adc10fa1317aaffb4ab5dd1ee8d90d85
,,114,2025-12-01T13:17:45.976701674Z,2025-12-01T14:17:45.976701674Z,2025-12-01T13:50:18.573715727Z,"{""service"":""bellOff""}",attributes,spans,580706b33949,railway-consumer,31ea0f097efb219c,c7f9520eccea709f8d3ce04301fa8f12
,,115,2025-12-01T13:17:45.976701674Z,2025-12-01T14:17:45.976701674Z,2025-12-01T13:51:43.573030382Z,"{""service"":""bellOff""}",attributes,spans,580706b33949,railway-consumer,31ed7f713d882fc0,8fd91508758403f498958d8a9512f525
,,116,2025-12-01T13:17:45.976701674Z,2025-12-01T14:17:45.976701674Z,2025-12-01T13:50:07.573032654Z,"{""service"":""bellOff""}",attributes,spans,580706b33949,railway-consumer,3282bffa6caf3ab0,db848e6df722519126fd702b903ce61a
,,117,2025-12-01T13:17:45.976701674Z,2025-12-01T14:17:45.976701674Z,2025-12-01T13:49:03.575505014Z,"{""service"":""bellOff""}",attributes,spans,580706b33949,railway-consumer,32b50900433ae292,ed99a7d2d8f0fdbc730d48f1451c924f
,,118,2025-12-01T13:17:45.976701674Z,2025-12-01T14:17:45.976701674Z,2025-12-01T13:51:16.57235536Z,"{""service"":""bellOff""}",attributes,spans,580706b33949,railway-consumer,32d849d929c4c861,7ed6cba0c577bec069879dcba3c62b61
,,119,2025-12-01T13:17:45.976701674Z,2025-12-01T14:17:45.976701674Z,2025-12-01T13:56:49.182734265Z,"{""service"":""bellOff""}",attributes,spans,580706b33949,railway-consumer,3388a1aa84b97dea,58b529db6303248a062fe28c602c415e
,,120,2025-12-01T13:17:45.976701674Z,2025-12-01T14:17:45.976701674Z,2025-12-01T13:52:01.570182314Z,"{""service"":""bellOff""}",attributes,spans,580706b33949,railway-consumer,33e1531a883bf371,6274c331675a6826e426e77c0666aca1
,,121,2025-12-01T13:17:45.976701674Z,2025-12-01T14:17:45.976701674Z,2025-12-01T13:54:36.595391984Z,"{""service"":""bellOff""}",attributes,spans,580706b33949,railway-consumer,346bdef42d4070f7,ac9e7de81693f269b27691fd3d2c94ce
,,122,2025-12-01T13:17:45.976701674Z,2025-12-01T14:17:45.976701674Z,2025-12-01T13:52:48.568562039Z,"{""service"":""bellOff""}",attributes,spans,580706b33949,railway-consumer,356f6dc6ca8e2f8f,796a36575c8b6f9dba34e2da39dd3c00
,,123,2025-12-01T13:17:45.976701674Z,2025-12-01T14:17:45.976701674Z,2025-12-01T13:54:09.568351551Z,"{""service"":""bellOff""}",attributes,spans,580706b33949,railway-consumer,36fa4b01331d01ba,8856681a21d5febd7229aa542298699d
,,124,2025-12-01T13:17:45.976701674Z,2025-12-01T14:17:45.976701674Z,2025-12-01T13:56:10.572416757Z,"{""service"":""bellOff""}",attributes,spans,580706b33949,railway-consumer,36fea0e7812a573c,a9232d9f438851a5a6ea50b87d6794d4
,,125,2025-12-01T13:17:45.976701674Z,2025-12-01T14:17:45.976701674Z,2025-12-01T13:49:17.575763329Z,"{""service"":""bellOff""}",attributes,spans,580706b33949,railway-consumer,376a2f0ca7db7ecf,59dcbbb648b265114f2482526f87e203
,,126,2025-12-01T13:17:45.976701674Z,2025-12-01T14:17:45.976701674Z,2025-12-01T13:52:29.568369887Z,"{""service"":""bellOff""}",attributes,spans,580706b33949,railway-consumer,382ee7f6cefa0de9,6e5f33ea336943d8063c76098af296a2
,,127,2025-12-01T13:17:45.976701674Z,2025-12-01T14:17:45.976701674Z,2025-12-01T13:52:56.572921043Z,"{""service"":""bellOff""}",attributes,spans,580706b33949,railway-consumer,383840c01f05d09f,16e2f9029efc58bc59265b24556eafd3
,,128,2025-12-01T13:17:45.976701674Z,2025-12-01T14:17:45.976701674Z,2025-12-01T13:56:47.072810619Z,"{""service"":""bellOff""}",attributes,spans,580706b33949,railway-consumer,39036dae5ec6de1a,5488668d8edaac2a05e1e44c9abe21d1
,,129,2025-12-01T13:17:45.976701674Z,2025-12-01T14:17:45.976701674Z,2025-12-01T13:58:05.306359388Z,"{""service"":""bellOff""}",attributes,spans,580706b33949,railway-consumer,39090e154310a779,e15ea8f0ca7a7522987361c9856ee1ec
,,130,2025-12-01T13:17:45.976701674Z,2025-12-01T14:17:45.976701674Z,2025-12-01T13:53:30.568380182Z,"{""service"":""bellOff""}",attributes,spans,580706b33949,railway-consumer,396d3db85d08c9e5,ecbd19c2a04e7bcc96239ed6fc6c8195
,,131,2025-12-01T13:17:45.976701674Z,2025-12-01T14:17:45.976701674Z,2025-12-01T13:54:47.56862901Z,"{""service"":""bellOff""}",attributes,spans,580706b33949,railway-consumer,398a1838680ad3c0,a0819acb55d5fbf45f066d82322419fa
,,132,2025-12-01T13:17:45.976701674Z,2025-12-01T14:17:45.976701674Z,2025-12-01T13:53:06.568912027Z,"{""service"":""bellOff""}",attributes,spans,580706b33949,railway-consumer,3b07fd820ce68794,dc9544a074679453fa4313f99414f729
,,133,2025-12-01T13:17:45.976701674Z,2025-12-01T14:17:45.976701674Z,2025-12-01T13:57:24.451186328Z,"{""service"":""bellOff""}",attributes,spans,580706b33949,railway-consumer,3c1a19e446b29494,dba4017c82eb8dcd01da1aab062623c0
,,134,2025-12-01T13:17:45.976701674Z,2025-12-01T14:17:45.976701674Z,2025-12-01T13:50:57.570702073Z,"{""service"":""bellOff""}",attributes,spans,580706b33949,railway-consumer,3c9528871bbf2991,99e7feae1a602c019beb3e437d2c8ccb
,,135,2025-12-01T13:17:45.976701674Z,2025-12-01T14:17:45.976701674Z,2025-12-01T13:56:02.583713107Z,"{""service"":""bellOff""}",attributes,spans,580706b33949,railway-consumer,3cc3f2ffaf71ff84,ff8997ca8f51497ca75ac71e2156fbe5
,,136,2025-12-01T13:17:45.976701674Z,2025-12-01T14:17:45.976701674Z,2025-12-01T13:50:16.570207581Z,"{""service"":""bellOff""}",attributes,spans,580706b33949,railway-consumer,3ce3ce9990a05960,296cab58d94458938b6726890d9a8825
,,137,2025-12-01T13:17:45.976701674Z,2025-12-01T14:17:45.976701674Z,2025-12-01T13:50:51.573859283Z,"{""service"":""bellOff""}",attributes,spans,580706b33949,railway-consumer,3d7075fbe09f6b43,508b7d4f2f2c9e5fde5aace93b721af9
,,138,2025-12-01T13:17:45.976701674Z,2025-12-01T14:17:45.976701674Z,2025-12-01T13:51:22.57637566Z,"{""service"":""bellOff""}",attributes,spans,580706b33949,railway-consumer,3e998b3b2a9b24ce,eba108398e3146b778a03ef9de86114a
,,139,2025-12-01T13:17:45.976701674Z,2025-12-01T14:17:45.976701674Z,2025-12-01T13:57:59.754297022Z,"{""service"":""bellOff""}",attributes,spans,580706b33949,railway-consumer,3ec717530dc4bdab,588b17d1736c2ba7f6a4e64ffd297adf
,,140,2025-12-01T13:17:45.976701674Z,2025-12-01T14:17:45.976701674Z,2025-12-01T13:51:41.573962583Z,"{""service"":""bellOff""}",attributes,spans,580706b33949,railway-consumer,402af5f3c3d37f57,4efe4cab6e6324f5cdc4fadad45c783e
,,141,2025-12-01T13:17:45.976701674Z,2025-12-01T14:17:45.976701674Z,2025-12-01T13:55:23.56837384Z,"{""service"":""bellOff""}",attributes,spans,580706b33949,railway-consumer,40475c39dd4ef6b9,fb0ccbc1cd5af97cc924875e5fdb4431
,,142,2025-12-01T13:17:45.976701674Z,2025-12-01T14:17:45.976701674Z,2025-12-01T13:51:17.571148872Z,"{""service"":""bellOff""}",attributes,spans,580706b33949,railway-consumer,4049fd3c556078a8,4b98e4b4c6a5dcfcd6f5942b1e61c84f
,,143,2025-12-01T13:17:45.976701674Z,2025-12-01T14:17:45.976701674Z,2025-12-01T13:53:34.578429948Z,"{""service"":""bellOff""}",attributes,spans,580706b33949,railway-consumer,405a2a5270f11c4d,7f811eab8464a54857a4534186c58429
,,144,2025-12-01T13:17:45.976701674Z,2025-12-01T14:17:45.976701674Z,2025-12-01T13:52:08.56955302Z,"{""service"":""bellOff""}",attributes,spans,580706b33949,railway-consumer,407aab3766ece5ee,4a50df54377329530ce4ca578f11577f
,,145,2025-12-01T13:17:45.976701674Z,2025-12-01T14:17:45.976701674Z,2025-12-01T13:53:37.56856586Z,"{""service"":""bellOff""}",attributes,spans,580706b33949,railway-consumer,41257a1f0a01142f,61f45f670c33e18fa0f3703315f79fda
,,146,2025-12-01T13:17:45.976701674Z,2025-12-01T14:17:45.976701674Z,2025-12-01T13:52:23.570422763Z,"{""service"":""bellOff""}",attributes,spans,580706b33949,railway-consumer,4175a4764740242c,b85a820e8f924d6ee75023ea0b75058f
,,147,2025-12-01T13:17:45.976701674Z,2025-12-01T14:17:45.976701674Z,2025-12-01T13:57:01.757730074Z,"{""service"":""bellOff""}",attributes,spans,580706b33949,railway-consumer,417b71109045cada,4483e20e017ecce020db5c5e6e7a6402
,,148,2025-12-01T13:17:45.976701674Z,2025-12-01T14:17:45.976701674Z,2025-12-01T13:52:55.571544892Z,"{""service"":""bellOff""}",attributes,spans,580706b33949,railway-consumer,419108b5acae5356,b21d17be71cbf1c9613a5f402fbbae5c
,,149,2025-12-01T13:17:45.976701674Z,2025-12-01T14:17:45.976701674Z,2025-12-01T13:51:04.5754609Z,"{""service"":""bellOff""}",attributes,spans,580706b33949,railway-consumer,41a9ca6310cffaae,3cc3375b90f8cb4d18fe6ec8466080d1
,,150,2025-12-01T13:17:45.976701674Z,2025-12-01T14:17:45.976701674Z,2025-12-01T13:48:47.582385365Z,"{""service"":""bellOff""}",attributes,spans,580706b33949,railway-consumer,41e1d6e9e52ad349,27e64b888739b6eef482da62ce9ffad0
,,151,2025-12-01T13:17:45.976701674Z,2025-12-01T14:17:45.976701674Z,2025-12-01T13:56:44.230292892Z,"{""service"":""bellOff""}",attributes,spans,580706b33949,railway-consumer,4262656af065715c,0b8c83db4d86f9610d734366826eeff3
,,152,2025-12-01T13:17:45.976701674Z,2025-12-01T14:17:45.976701674Z,2025-12-01T13:54:05.568304014Z,"{""service"":""bellOff""}",attributes,spans,580706b33949,railway-consumer,42747890ff0133cc,7ce2014269671954e1d1972790c2e5c4
,,153,2025-12-01T13:17:45.976701674Z,2025-12-01T14:17:45.976701674Z,2025-12-01T13:48:31.580677356Z,"{""service"":""bellOff""}",attributes,spans,580706b33949,railway-consumer,4284771ea805babf,6ffb83560b25abc85bad78b315310473
,,154,2025-12-01T13:17:45.976701674Z,2025-12-01T14:17:45.976701674Z,2025-12-01T13:48:48.573642999Z,"{""service"":""bellOff""}",attributes,spans,580706b33949,railway-consumer,433d1262dd27cb88,84e4ebab63d04755745684ec43ddfe36
,,155,2025-12-01T13:17:45.976701674Z,2025-12-01T14:17:45.976701674Z,2025-12-01T13:54:37.568556434Z,"{""service"":""bellOff""}",attributes,spans,580706b33949,railway-consumer,43abcf380e85fbc1,f402bed9676146f8670a3278f8c22ad4
,,156,2025-12-01T13:17:45.976701674Z,2025-12-01T14:17:45.976701674Z,2025-12-01T13:58:18.677766526Z,"{""service"":""bellOff""}",attributes,spans,580706b33949,railway-consumer,43c083328ad3607a,ca11844a874e671831201d4fb7605bcb
,,157,2025-12-01T13:17:45.976701674Z,2025-12-01T14:17:45.976701674Z,2025-12-01T13:52:32.568438174Z,"{""service"":""bellOff""}",attributes,spans,580706b33949,railway-consumer,4409e3504fe2ccc3,90795ceb5ea3eb5ca350c2c9a3304171
,,158,2025-12-01T13:17:45.976701674Z,2025-12-01T14:17:45.976701674Z,2025-12-01T13:56:11.571024326Z,"{""service"":""bellOff""}",attributes,spans,580706b33949,railway-consumer,444137ab2c4a5f22,f86554b86ccdde4952a5682e26806084
,,159,2025-12-01T13:17:45.976701674Z,2025-12-01T14:17:45.976701674Z,2025-12-01T13:52:25.577253141Z,"{""service"":""bellOff""}",attributes,spans,580706b33949,railway-consumer,449070b0346d8325,ab7770efa97ecee7dcce8cfbbd8cae88
,,160,2025-12-01T13:17:45.976701674Z,2025-12-01T14:17:45.976701674Z,2025-12-01T13:54:20.568356899Z,"{""service"":""bellOff""}",attributes,spans,580706b33949,railway-consumer,44cf2627984b6fad,6065ca3f26b4e021b3e9afd563c77204
,,161,2025-12-01T13:17:45.976701674Z,2025-12-01T14:17:45.976701674Z,2025-12-01T13:53:59.568298794Z,"{""service"":""bellOff""}",attributes,spans,580706b33949,railway-consumer,44daa06f837ec185,cdb9d2795a1b94779eae2e067bab22fd
,,162,2025-12-01T13:17:45.976701674Z,2025-12-01T14:17:45.976701674Z,2025-12-01T13:57:32.451458639Z,"{""service"":""bellOff""}",attributes,spans,580706b33949,railway-consumer,456810eddeffb6a6,e8904d570e2015f6ba377fb81a6d66c6
,,163,2025-12-01T13:17:45.976701674Z,2025-12-01T14:17:45.976701674Z,2025-12-01T13:52:27.569497846Z,"{""service"":""bellOff""}",attributes,spans,580706b33949,railway-consumer,45906ebbd61530fb,9c2f968756dd75a69594bd905504b316
,,164,2025-12-01T13:17:45.976701674Z,2025-12-01T14:17:45.976701674Z,2025-12-01T13:53:22.568790407Z,"{""service"":""bellOff""}",attributes,spans,580706b33949,railway-consumer,45a2cf79fd5ad893,5209a526ce2f359ceec50316cc784ff0
,,165,2025-12-01T13:17:45.976701674Z,2025-12-01T14:17:45.976701674Z,2025-12-01T13:50:08.571872286Z,"{""service"":""bellOff""}",attributes,spans,580706b33949,railway-consumer,4646c68af59231f8,14646cc13aeffd104774c56e8632fef1
,,166,2025-12-01T13:17:45.976701674Z,2025-12-01T14:17:45.976701674Z,2025-12-01T13:54:58.568896992Z,"{""service"":""bellOff""}",attributes,spans,580706b33949,railway-consumer,466baad4aa1a7737,79974b4da4c5eaf67e5eb237a3fb89b4
,,167,2025-12-01T13:17:45.976701674Z,2025-12-01T14:17:45.976701674Z,2025-12-01T13:51:06.575014319Z,"{""service"":""bellOff""}",attributes,spans,580706b33949,railway-consumer,480c3894d3865ef3,6942e3ad1df2177189e05f821592f627
,,168,2025-12-01T13:17:45.976701674Z,2025-12-01T14:17:45.976701674Z,2025-12-01T13:54:11.568516914Z,"{""service"":""bellOff""}",attributes,spans,580706b33949,railway-consumer,4879b89b9a8aef3e,7afabd3ae2e38e6b1d0ebdcec325d0fe
,,169,2025-12-01T13:17:45.976701674Z,2025-12-01T14:17:45.976701674Z,2025-12-01T13:53:49.571192905Z,"{""service"":""bellOff""}",attributes,spans,580706b33949,railway-consumer,487ea9e17104718b,e5f3ef318bd7533321d2ccd37e55cf37
,,170,2025-12-01T13:17:45.976701674Z,2025-12-01T14:17:45.976701674Z,2025-12-01T13:50:43.572073533Z,"{""service"":""bellOff""}",attributes,spans,580706b33949,railway-consumer,48959aaf778a8b90,e9e5d38e3be06b542c3c0ce2823c5e10
,,171,2025-12-01T13:17:45.976701674Z,2025-12-01T14:17:45.976701674Z,2025-12-01T13:55:12.568296127Z,"{""service"":""bellOff""}",attributes,spans,580706b33949,railway-consumer,48df24245d3e27d4,66ef5ab4c8a0a04377f9ebba98a96f9a
,,172,2025-12-01T13:17:45.976701674Z,2025-12-01T14:17:45.976701674Z,2025-12-01T13:50:47.572549554Z,"{""service"":""bellOff""}",attributes,spans,580706b33949,railway-consumer,4923fb6bac2c1c87,e327075f73c625a4b52eb662171819c1
,,173,2025-12-01T13:17:45.976701674Z,2025-12-01T14:17:45.976701674Z,2025-12-01T13:50:19.57355651Z,"{""service"":""bellOff""}",attributes,spans,580706b33949,railway-consumer,4a3b30b74f966b43,6d258851a9ed4b0cac6c1360c0cd1cd6
,,174,2025-12-01T13:17:45.976701674Z,2025-12-01T14:17:45.976701674Z,2025-12-01T13:55:16.568745634Z,"{""service"":""bellOff""}",attributes,spans,580706b33949,railway-consumer,4a3c6f962e939ad8,a4258b43d9deac999af3e34e356484f6
,,175,2025-12-01T13:17:45.976701674Z,2025-12-01T14:17:45.976701674Z,2025-12-01T13:51:36.574407854Z,"{""service"":""bellOff""}",attributes,spans,580706b33949,railway-consumer,4a4479ecf7d4c622,a2b7a0c1753b0500e6c6a0a402af8fc3
,,176,2025-12-01T13:17:45.976701674Z,2025-12-01T14:17:45.976701674Z,2025-12-01T13:50:31.573016297Z,"{""service"":""bellOff""}",attributes,spans,580706b33949,railway-consumer,4a63044b48d719a9,41ee2b4fdba8355fb8c1ba38a703f500
,,177,2025-12-01T13:17:45.976701674Z,2025-12-01T14:17:45.976701674Z,2025-12-01T13:58:28.736649222Z,"{""service"":""bellOff""}",attributes,spans,580706b33949,railway-consumer,4a854ecbda7e2a06,c0eee512838aa636e5e31edac7d646ff
,,178,2025-12-01T13:17:45.976701674Z,2025-12-01T14:17:45.976701674Z,2025-12-01T13:50:58.569990057Z,"{""service"":""bellOff""}",attributes,spans,580706b33949,railway-consumer,4aff2a22b5ea4047,07bf8c5404060f62035c87f3f495d154
,,179,2025-12-01T13:17:45.976701674Z,2025-12-01T14:17:45.976701674Z,2025-12-01T13:52:22.572754948Z,"{""service"":""bellOff""}",attributes,spans,580706b33949,railway-consumer,4b09ef901e3c4942,8335723d99d33f1a82f17e8f5ef19e7b
,,180,2025-12-01T13:17:45.976701674Z,2025-12-01T14:17:45.976701674Z,2025-12-01T13:56:16.572283259Z,"{""service"":""bellOff""}",attributes,spans,580706b33949,railway-consumer,4bdf8cfde58e867b,0f03d540a434aac35df5ab04132182de
,,181,2025-12-01T13:17:45.976701674Z,2025-12-01T14:17:45.976701674Z,2025-12-01T13:58:45.506838386Z,"{""service"":""bellOff""}",attributes,spans,580706b33949,railway-consumer,4c0d03e30cf23c19,7b82f8fed003795cf283c0c2cc545873
,,182,2025-12-01T13:17:45.976701674Z,2025-12-01T14:17:45.976701674Z,2025-12-01T13:58:41.514672044Z,"{""service"":""bellOff""}",attributes,spans,580706b33949,railway-consumer,4ce36ad3eead9a8d,e47b216148a522109957aa81d5f5b6fb
,,183,2025-12-01T13:17:45.976701674Z,2025-12-01T14:17:45.976701674Z,2025-12-01T13:51:42.573972583Z,"{""service"":""bellOff""}",attributes,spans,580706b33949,railway-consumer,4ce9881d9e3cb327,1b8cff8779c5cd035b16a6711b856be7
,,184,2025-12-01T13:17:45.976701674Z,2025-12-01T14:17:45.976701674Z,2025-12-01T13:55:33.57548465Z,"{""service"":""bellOff""}",attributes,spans,580706b33949,railway-consumer,4db96cdc61620d0c,5c0c7931c5d86bfe720a87d63cefbf1a
,,185,2025-12-01T13:17:45.976701674Z,2025-12-01T14:17:45.976701674Z,2025-12-01T13:51:54.572759304Z,"{""service"":""bellOff""}",attributes,spans,580706b33949,railway-consumer,4dec3e6ed7fdbf87,278906845aec6167989ea471a9798d60
,,186,2025-12-01T13:17:45.976701674Z,2025-12-01T14:17:45.976701674Z,2025-12-01T13:57:42.433723467Z,"{""service"":""bellOff""}",attributes,spans,580706b33949,railway-consumer,4decbd625b2211a1,26b2534726dec6b388f90107ce1f7001
,,187,2025-12-01T13:17:45.976701674Z,2025-12-01T14:17:45.976701674Z,2025-12-01T13:58:37.506571061Z,"{""service"":""bellOff""}",attributes,spans,580706b33949,railway-consumer,4df79a102b401510,bdeaa280379d7d17779a22ff80099402
,,188,2025-12-01T13:17:45.976701674Z,2025-12-01T14:17:45.976701674Z,2025-12-01T13:57:07.871671928Z,"{""service"":""bellOff""}",attributes,spans,580706b33949,railway-consumer,4e30afada8a1bab8,ace13df2884efb19a4e739fcad645119
,,189,2025-12-01T13:17:45.976701674Z,2025-12-01T14:17:45.976701674Z,2025-12-01T13:56:53.965775344Z,"{""service"":""bellOff""}",attributes,spans,580706b33949,railway-consumer,4e5d7932290a137a,26ab7e63dcc9210251bd072c4fa49f42
,,190,2025-12-01T13:17:45.976701674Z,2025-12-01T14:17:45.976701674Z,2025-12-01T13:50:44.572462108Z,"{""service"":""bellOff""}",attributes,spans,580706b33949,railway-consumer,4eaaf4631a637450,469e5e08122e415411704228b1201e78
,,191,2025-12-01T13:17:45.976701674Z,2025-12-01T14:17:45.976701674Z,2025-12-01T13:51:25.571965761Z,"{""service"":""bellOff""}",attributes,spans,580706b33949,railway-consumer,4edd4d3cf154ecfc,9865424b62d4bea2c04accef6e4018e6
,,192,2025-12-01T13:17:45.976701674Z,2025-12-01T14:17:45.976701674Z,2025-12-01T13:55:31.728075335Z,"{""service"":""bellOff""}",attributes,spans,580706b33949,railway-consumer,4f3c51d79533270f,5749227e3b7b876563d3506655380700
,,193,2025-12-01T13:17:45.976701674Z,2025-12-01T14:17:45.976701674Z,2025-12-01T13:57:02.668660193Z,"{""service"":""bellOff""}",attributes,spans,580706b33949,railway-consumer,4f4a2e7eea90ebcf,366898ee1e748426d892e900b70f960c
,,194,2025-12-01T13:17:45.976701674Z,2025-12-01T14:17:45.976701674Z,2025-12-01T13:48:40.576049786Z,"{""service"":""bellOff""}",attributes,spans,580706b33949,railway-consumer,4f95a0ab071b6e62,1d2e4cdf2a7474cb423d167edf2a5883
,,195,2025-12-01T13:17:45.976701674Z,2025-12-01T14:17:45.976701674Z,2025-12-01T13:49:52.570385289Z,"{""service"":""bellOff""}",attributes,spans,580706b33949,railway-consumer,4fa95de69b7d165d,026209129e61c70f6ab7750b06e09e33
,,196,2025-12-01T13:17:45.976701674Z,2025-12-01T14:17:45.976701674Z,2025-12-01T13:56:36.002038056Z,"{""service"":""bellOff""}",attributes,spans,580706b33949,railway-consumer,4fbc49024a6e2041,cd6e823ada26234792b3ce1e276b4b1c
,,197,2025-12-01T13:17:45.976701674Z,2025-12-01T14:17:45.976701674Z,2025-12-01T13:57:51.111143124Z,"{""service"":""bellOff""}",attributes,spans,580706b33949,railway-consumer,50c29ca02603e506,35876fc2e2232103f1b30fce74993bbb
,,198,2025-12-01T13:17:45.976701674Z,2025-12-01T14:17:45.976701674Z,2025-12-01T13:54:46.568623093Z,"{""service"":""bellOff""}",attributes,spans,580706b33949,railway-consumer,510265293111a312,0a4419a6577bfda39dea127fe578ef12
,,199,2025-12-01T13:17:45.976701674Z,2025-12-01T14:17:45.976701674Z,2025-12-01T13:56:26.573041452Z,"{""service"":""bellOff""}",attributes,spans,580706b33949,railway-consumer,52f8dfc2b85cedf8,d98c33c1ff37f61c279988be5ec16c11
,,200,2025-12-01T13:17:45.976701674Z,2025-12-01T14:17:45.976701674Z,2025-12-01T13:52:14.572213616Z,"{""service"":""bellOff""}",attributes,spans,580706b33949,railway-consumer,53bee21ea1ce51f9,602ff5704151ae1d8b53c0d0fc96f43d
,,201,2025-12-01T13:17:45.976701674Z,2025-12-01T14:17:45.976701674Z,2025-12-01T13:57:14.631213267Z,"{""service"":""bellOff""}",attributes,spans,580706b33949,railway-consumer,53c77f0482607663,1a33b16e299d560f4dfcb684a123a49f
,,202,2025-12-01T13:17:45.976701674Z,2025-12-01T14:17:45.976701674Z,2025-12-01T13:53:23.568469568Z,"{""service"":""bellOff""}",attributes,spans,580706b33949,railway-consumer,544aa98dbea2bddf,200e27342701e60adc996f1bfe2fbb11
,,203,2025-12-01T13:17:45.976701674Z,2025-12-01T14:17:45.976701674Z,2025-12-01T13:56:41.15067002Z,"{""service"":""bellOff""}",attributes,spans,580706b33949,railway-consumer,5562e5d93fdad580,5525b75082868b41653aefac8c5fcb27
,,204,2025-12-01T13:17:45.976701674Z,2025-12-01T14:17:45.976701674Z,2025-12-01T13:48:57.577194336Z,"{""service"":""bellOff""}",attributes,spans,580706b33949,railway-consumer,55e111ee869c98ef,dc6c67eebbd0f4d6947369a3c2762de9
,,205,2025-12-01T13:17:45.976701674Z,2025-12-01T14:17:45.976701674Z,2025-12-01T13:52:21.573738418Z,"{""service"":""bellOff""}",attributes,spans,580706b33949,railway-consumer,56b120a13fca3a4f,15ec752e958ba6283551099300420559
,,206,2025-12-01T13:17:45.976701674Z,2025-12-01T14:17:45.976701674Z,2025-12-01T13:52:58.568772631Z,"{""service"":""bellOff""}",attributes,spans,580706b33949,railway-consumer,56c5834d0b169fae,96bf5173ea726600080fd6de149470a0
,,207,2025-12-01T13:17:45.976701674Z,2025-12-01T14:17:45.976701674Z,2025-12-01T13:57:18.013986791Z,"{""service"":""bellOff""}",attributes,spans,580706b33949,railway-consumer,575c18ef5c53d33d,d72472f6c094beb1c64869972bf92c08
,,208,2025-12-01T13:17:45.976701674Z,2025-12-01T14:17:45.976701674Z,2025-12-01T13:53:26.569513961Z,"{""service"":""bellOff""}",attributes,spans,580706b33949,railway-consumer,57a9f1ecb1a358b1,03679b78d0a5eb88707c8e0a69c1f865
,,209,2025-12-01T13:17:45.976701674Z,2025-12-01T14:17:45.976701674Z,2025-12-01T13:53:15.578616804Z,"{""service"":""bellOff""}",attributes,spans,580706b33949,railway-consumer,57b4a3077d86c412,c581be30c56db69920c92026f7ad4d6f
,,210,2025-12-01T13:17:45.976701674Z,2025-12-01T14:17:45.976701674Z,2025-12-01T13:55:57.58328511Z,"{""service"":""bellOff""}",attributes,spans,580706b33949,railway-consumer,57e2a4121b4d347e,1573e3280512fdd10d94e7a58457925c
,,211,2025-12-01T13:17:45.976701674Z,2025-12-01T14:17:45.976701674Z,2025-12-01T13:49:46.572066628Z,"{""service"":""bellOff""}",attributes,spans,580706b33949,railway-consumer,588dcaaabf5a88a0,c09a88937873a9d4424013bad8b4ca5a
,,212,2025-12-01T13:17:45.976701674Z,2025-12-01T14:17:45.976701674Z,2025-12-01T13:52:52.570016992Z,"{""service"":""bellOff""}",attributes,spans,580706b33949,railway-consumer,58981940de009bc1,99968dca93dfeb31d3635f34ce53ad14
,,213,2025-12-01T13:17:45.976701674Z,2025-12-01T14:17:45.976701674Z,2025-12-01T13:52:59.571736172Z,"{""service"":""bellOff""}",attributes,spans,580706b33949,railway-consumer,58de38be4453029a,34b37a724e2a72105f984fc7ff39063e
,,214,2025-12-01T13:17:45.976701674Z,2025-12-01T14:17:45.976701674Z,2025-12-01T13:53:47.568304096Z,"{""service"":""bellOff""}",attributes,spans,580706b33949,railway-consumer,59d1262e8f06521e,57fee7807ed727aa3da19fbe7082e0d6
,,215,2025-12-01T13:17:45.976701674Z,2025-12-01T14:17:45.976701674Z,2025-12-01T13:58:35.55658938Z,"{""service"":""bellOff""}",attributes,spans,580706b33949,railway-consumer,59fdb540219eec5a,5d7829452d1355eae104ca1c8c3c60f1
,,216,2025-12-01T13:17:45.976701674Z,2025-12-01T14:17:45.976701674Z,2025-12-01T13:52:33.568866374Z,"{""service"":""bellOff""}",attributes,spans,580706b33949,railway-consumer,5a180fba62f47476,f24b0573910d45fd3f859cf124e0a1a2
,,217,2025-12-01T13:17:45.976701674Z,2025-12-01T14:17:45.976701674Z,2025-12-01T13:55:14.568383848Z,"{""service"":""bellOff""}",attributes,spans,580706b33949,railway-consumer,5a6357c829609e0a,d95f8dd0237e7a01aea369fe3d1e4a5e
,,218,2025-12-01T13:17:45.976701674Z,2025-12-01T14:17:45.976701674Z,2025-12-01T13:55:36.816498822Z,"{""service"":""bellOff""}",attributes,spans,580706b33949,railway-consumer,5a6dd2c661af6a56,4fc2310a01469b9c74530fd7c7cda322
,,219,2025-12-01T13:17:45.976701674Z,2025-12-01T14:17:45.976701674Z,2025-12-01T13:56:43.242660796Z,"{""service"":""bellOff""}",attributes,spans,580706b33949,railway-consumer,5acf03ec3da63e5e,7e8290049404c6237c2dded8589f4804
,,220,2025-12-01T13:17:45.976701674Z,2025-12-01T14:17:45.976701674Z,2025-12-01T13:50:59.570908804Z,"{""service"":""bellOff""}",attributes,spans,580706b33949,railway-consumer,5b4b54da4e94af5b,3119485f69533b614f9b1cb5b51fea53
,,221,2025-12-01T13:17:45.976701674Z,2025-12-01T14:17:45.976701674Z,2025-12-01T13:52:02.571748902Z,"{""service"":""bellOff""}",attributes,spans,580706b33949,railway-consumer,5b5f582eed16256b,baf0ff333d7c8c99f71724cd4119f865
,,222,2025-12-01T13:17:45.976701674Z,2025-12-01T14:17:45.976701674Z,2025-12-01T13:54:23.568156591Z,"{""service"":""bellOff""}",attributes,spans,580706b33949,railway-consumer,5ba172530bfbec9a,edeb4c1b8a3025fbd5d663d85d22a6b1
,,223,2025-12-01T13:17:45.976701674Z,2025-12-01T14:17:45.976701674Z,2025-12-01T13:53:43.5680747Z,"{""service"":""bellOff""}",attributes,spans,580706b33949,railway-consumer,5bc2775b352cecde,e668b4481f4e94af6e4c580958464db9
,,224,2025-12-01T13:17:45.976701674Z,2025-12-01T14:17:45.976701674Z,2025-12-01T13:52:30.568513795Z,"{""service"":""bellOff""}",attributes,spans,580706b33949,railway-consumer,5c49109479f9399a,74f99cbeb54e5f418f8924af25435dfb
,,225,2025-12-01T13:17:45.976701674Z,2025-12-01T14:17:45.976701674Z,2025-12-01T13:48:58.578512212Z,"{""service"":""bellOff""}",attributes,spans,580706b33949,railway-consumer,5c4bfc71ceffd0b2,493e816df839515b5b888809e3492124
,,226,2025-12-01T13:17:45.976701674Z,2025-12-01T14:17:45.976701674Z,2025-12-01T13:55:39.573700483Z,"{""service"":""bellOff""}",attributes,spans,580706b33949,railway-consumer,5cddd53e26433c2f,e3bb2c23f4e5f39fff00cce9792d6043
,,227,2025-12-01T13:17:45.976701674Z,2025-12-01T14:17:45.976701674Z,2025-12-01T13:53:36.568682362Z,"{""service"":""bellOff""}",attributes,spans,580706b33949,railway-consumer,5d0b65e01c4597a4,45569d5538faeff40bf3cfc8bf22cf47
,,228,2025-12-01T13:17:45.976701674Z,2025-12-01T14:17:45.976701674Z,2025-12-01T13:56:58.570746976Z,"{""service"":""bellOff""}",attributes,spans,580706b33949,railway-consumer,5e4bcf6741b207d5,ddcc919700e829b9ae329cd46ed6f0d1
,,229,2025-12-01T13:17:45.976701674Z,2025-12-01T14:17:45.976701674Z,2025-12-01T13:56:07.573384977Z,"{""service"":""bellOff""}",attributes,spans,580706b33949,railway-consumer,5ecce84ad3fa0946,b1eb2e23afc0c6cea4607dbc66561c37
,,230,2025-12-01T13:17:45.976701674Z,2025-12-01T14:17:45.976701674Z,2025-12-01T13:49:58.575429763Z,"{""service"":""bellOff""}",attributes,spans,580706b33949,railway-consumer,5edbe49fb97eac09,1cd6a0afe13616a53328c8de040fc798
,,231,2025-12-01T13:17:45.976701674Z,2025-12-01T14:17:45.976701674Z,2025-12-01T13:50:15.57219988Z,"{""service"":""bellOff""}",attributes,spans,580706b33949,railway-consumer,5f97b1216c86334c,e6641e0be0d920dd3fce8344a53986f9
,,232,2025-12-01T13:17:45.976701674Z,2025-12-01T14:17:45.976701674Z,2025-12-01T13:56:05.572444567Z,"{""service"":""bellOff""}",attributes,spans,580706b33949,railway-consumer,5fbfa21f130e9cf1,4849105588de46dfeaa8e0fa2153e0ed
,,233,2025-12-01T13:17:45.976701674Z,2025-12-01T14:17:45.976701674Z,2025-12-01T13:56:15.570270132Z,"{""service"":""bellOff""}",attributes,spans,580706b33949,railway-consumer,6084b2274346ef7c,315b477a13b0b3df2cba7f60ea83d34e
,,234,2025-12-01T13:17:45.976701674Z,2025-12-01T14:17:45.976701674Z,2025-12-01T13:49:08.573046449Z,"{""service"":""bellOff""}",attributes,spans,580706b33949,railway-consumer,60852a406310b71d,925d0f505250d3edaa7ce470c04e2482
,,235,2025-12-01T13:17:45.976701674Z,2025-12-01T14:17:45.976701674Z,2025-12-01T13:53:42.568776729Z,"{""service"":""bellOff""}",attributes,spans,580706b33949,railway-consumer,60a774124c6823ae,7afc7e1fa03cc38c1f0d8c29e56b0f96
,,236,2025-12-01T13:17:45.976701674Z,2025-12-01T14:17:45.976701674Z,2025-12-01T13:48:42.578094971Z,"{""service"":""bellOff""}",attributes,spans,580706b33949,railway-consumer,6103afde5828849f,d53541f199d05479ff8337f0ddc7cccf
,,237,2025-12-01T13:17:45.976701674Z,2025-12-01T14:17:45.976701674Z,2025-12-01T13:50:25.57231272Z,"{""service"":""bellOff""}",attributes,spans,580706b33949,railway-consumer,622e31073fea8ceb,95a7a53514d0ec73394634f28a8eb243
,,238,2025-12-01T13:17:45.976701674Z,2025-12-01T14:17:45.976701674Z,2025-12-01T13:48:24.576168665Z,"{""service"":""bellOff""}",attributes,spans,580706b33949,railway-consumer,62adfe9ceac49e8a,9ec38cc72d5a6d8012bda89a394716b9
,,239,2025-12-01T13:17:45.976701674Z,2025-12-01T14:17:45.976701674Z,2025-12-01T13:56:14.568609639Z,"{""service"":""bellOff""}",attributes,spans,580706b33949,railway-consumer,62c8f035ae0a3692,f9e64c5b06db1149f06c5735904430f8
,,240,2025-12-01T13:17:45.976701674Z,2025-12-01T14:17:45.976701674Z,2025-12-01T13:56:27.574728485Z,"{""service"":""bellOff""}",attributes,spans,580706b33949,railway-consumer,62d3bdc36b0b352b,872945bb0aa6cb85fd028997d822b23a
,,241,2025-12-01T13:17:45.976701674Z,2025-12-01T14:17:45.976701674Z,2025-12-01T13:54:43.568461622Z,"{""service"":""bellOff""}",attributes,spans,580706b33949,railway-consumer,62f03eef60270310,cef0ff4da9759bef8f3cefaa5620d2f5
,,242,2025-12-01T13:17:45.976701674Z,2025-12-01T14:17:45.976701674Z,2025-12-01T13:48:37.596520605Z,"{""service"":""bellOff""}",attributes,spans,580706b33949,railway-consumer,634451667e72a23a,8b1d0ab667c9edcc415b26c261d9f73f
,,243,2025-12-01T13:17:45.976701674Z,2025-12-01T14:17:45.976701674Z,2025-12-01T13:49:26.573254641Z,"{""service"":""bellOff""}",attributes,spans,580706b33949,railway-consumer,63c9cd9186096176,b9123212c153a81dd46ec239b3b98593
,,244,2025-12-01T13:17:45.976701674Z,2025-12-01T14:17:45.976701674Z,2025-12-01T13:58:46.738793194Z,"{""service"":""bellOff""}",attributes,spans,580706b33949,railway-consumer,648271a79cf3c1ab,5ea9c4f8529e98eff03632209b915cbd
,,245,2025-12-01T13:17:45.976701674Z,2025-12-01T14:17:45.976701674Z,2025-12-01T13:55:47.575697111Z,"{""service"":""bellOff""}",attributes,spans,580706b33949,railway-consumer,65b32a700afd718f,bc8109f9ad110847a3c4472059f8e7be
,,246,2025-12-01T13:17:45.976701674Z,2025-12-01T14:17:45.976701674Z,2025-12-01T13:50:46.574719166Z,"{""service"":""bellOff""}",attributes,spans,580706b33949,railway-consumer,65f78cb2c485a88b,680877a61fc6f5d2a46791d6edd684e3
,,247,2025-12-01T13:17:45.976701674Z,2025-12-01T14:17:45.976701674Z,2025-12-01T13:52:07.568246351Z,"{""service"":""bellOff""}",attributes,spans,580706b33949,railway-consumer,666fab37549543a0,a472ac0860ded02e6d39f72b0849083f
,,248,2025-12-01T13:17:45.976701674Z,2025-12-01T14:17:45.976701674Z,2025-12-01T13:53:10.570295828Z,"{""service"":""bellOff""}",attributes,spans,580706b33949,railway-consumer,6718ccf6a548833d,406641c76257fb99e0e55976de28d17d
,,249,2025-12-01T13:17:45.976701674Z,2025-12-01T14:17:45.976701674Z,2025-12-01T13:49:42.571443712Z,"{""service"":""bellOff""}",attributes,spans,580706b33949,railway-consumer,69354c59f2cf9d6c,2747aa5a5fc9f4c5925dfd41a193c997
,,250,2025-12-01T13:17:45.976701674Z,2025-12-01T14:17:45.976701674Z,2025-12-01T13:52:39.572039595Z,"{""service"":""bellOff""}",attributes,spans,580706b33949,railway-consumer,6a7f0f0241109b37,378e4028e5a069a7d73f375266ac571c
,,251,2025-12-01T13:17:45.976701674Z,2025-12-01T14:17:45.976701674Z,2025-12-01T13:54:16.568193137Z,"{""service"":""bellOff""}",attributes,spans,580706b33949,railway-consumer,6bf2f484a504d097,d95d797e51fe85c137538a4b26fa3777
,,252,2025-12-01T13:17:45.976701674Z,2025-12-01T14:17:45.976701674Z,2025-12-01T13:58:27.718255517Z,"{""service"":""bellOff""}",attributes,spans,580706b33949,railway-consumer,6c144c01eb6cb0ff,f76b5bf2d00d2ca01a02a23907c2217f
,,253,2025-12-01T13:17:45.976701674Z,2025-12-01T14:17:45.976701674Z,2025-12-01T13:50:26.573322274Z,"{""service"":""bellOff""}",attributes,spans,580706b33949,railway-consumer,6c394b274d7f355b,450fd105a19993b5ee132dfa1950facb
,,254,2025-12-01T13:17:45.976701674Z,2025-12-01T14:17:45.976701674Z,2025-12-01T13:56:51.05316458Z,"{""service"":""bellOff""}",attributes,spans,580706b33949,railway-consumer,6c56947a1276859f,7214d44d9d99a5f92b6a5ec2c9e55a87
,,255,2025-12-01T13:17:45.976701674Z,2025-12-01T14:17:45.976701674Z,2025-12-01T13:58:29.691805229Z,"{""service"":""bellOff""}",attributes,spans,580706b33949,railway-consumer,6d11cb1c2d053ff9,5bbdbecbb0a529859be4f790da97e8b1
,,256,2025-12-01T13:17:45.976701674Z,2025-12-01T14:17:45.976701674Z,2025-12-01T13:56:08.569448672Z,"{""service"":""bellOff""}",attributes,spans,580706b33949,railway-consumer,6d4dfabebf38cf11,55ed1697573945e459533490398b0280
,,257,2025-12-01T13:17:45.976701674Z,2025-12-01T14:17:45.976701674Z,2025-12-01T13:51:39.573416294Z,"{""service"":""bellOff""}",attributes,spans,580706b33949,railway-consumer,6d9ec02f2cdf210e,6e872021e9a313af29d49915f3440257
,,258,2025-12-01T13:17:45.976701674Z,2025-12-01T14:17:45.976701674Z,2025-12-01T13:54:59.568548248Z,"{""service"":""bellOff""}",attributes,spans,580706b33949,railway-consumer,6e832c242d6518ab,78a748c37a7622062b25c9fb49be4cdc
,,259,2025-12-01T13:17:45.976701674Z,2025-12-01T14:17:45.976701674Z,2025-12-01T13:55:05.568559154Z,"{""service"":""bellOff""}",attributes,spans,580706b33949,railway-consumer,6efb3569b4b64565,ac2a523dbbdd03c7b5ed7ae7b5cc2066
,,260,2025-12-01T13:17:45.976701674Z,2025-12-01T14:17:45.976701674Z,2025-12-01T13:54:57.568327691Z,"{""service"":""bellOff""}",attributes,spans,580706b33949,railway-consumer,6ff98cbb1b30e5b6,271ee0ffee9b79f2bdd8bc79e2027da4
,,261,2025-12-01T13:17:45.976701674Z,2025-12-01T14:17:45.976701674Z,2025-12-01T13:49:28.572917878Z,"{""service"":""bellOff""}",attributes,spans,580706b33949,railway-consumer,71149ebc2f16f1a7,d0325756034113dc4e4b1f27489be0bb
,,262,2025-12-01T13:17:45.976701674Z,2025-12-01T14:17:45.976701674Z,2025-12-01T13:53:05.570026341Z,"{""service"":""bellOff""}",attributes,spans,580706b33949,railway-consumer,718cd8a785769486,23e46ed0d83706d390a1b3006fad8395
,,263,2025-12-01T13:17:45.976701674Z,2025-12-01T14:17:45.976701674Z,2025-12-01T13:50:56.574349973Z,"{""service"":""bellOff""}",attributes,spans,580706b33949,railway-consumer,7199267fa67296d3,e99bb33dd31dcd3cf52783857010aeda
,,264,2025-12-01T13:17:45.976701674Z,2025-12-01T14:17:45.976701674Z,2025-12-01T13:50:09.573284539Z,"{""service"":""bellOff""}",attributes,spans,580706b33949,railway-consumer,71c8434ae0b36802,95b05df1c0160d89354e55d24100a476
,,265,2025-12-01T13:17:45.976701674Z,2025-12-01T14:17:45.976701674Z,2025-12-01T13:51:58.570984647Z,"{""service"":""bellOff""}",attributes,spans,580706b33949,railway-consumer,71caa937b3c2cd5a,9f8230a32f0ca779b8956a1c4a3284a0
,,266,2025-12-01T13:17:45.976701674Z,2025-12-01T14:17:45.976701674Z,2025-12-01T13:58:08.375968993Z,"{""service"":""bellOff""}",attributes,spans,580706b33949,railway-consumer,7258ab701d2428e1,f51bb054620d697b7e726bce53bd5a08
,,267,2025-12-01T13:17:45.976701674Z,2025-12-01T14:17:45.976701674Z,2025-12-01T13:57:56.781190348Z,"{""service"":""bellOff""}",attributes,spans,580706b33949,railway-consumer,72b9d61ea8163a4f,7ada8d8b22a71f1772d0bd70534fc117
,,268,2025-12-01T13:17:45.976701674Z,2025-12-01T14:17:45.976701674Z,2025-12-01T13:51:52.573279496Z,"{""service"":""bellOff""}",attributes,spans,580706b33949,railway-consumer,72bfbb1a6d3242a8,48c5af88e18bddf7d9a9bcd78525a9ac
,,269,2025-12-01T13:17:45.976701674Z,2025-12-01T14:17:45.976701674Z,2025-12-01T13:52:34.568463598Z,"{""service"":""bellOff""}",attributes,spans,580706b33949,railway-consumer,732388ebd07ff326,3bbf7a0fd25a410285419d86736e5bf6
,,270,2025-12-01T13:17:45.976701674Z,2025-12-01T14:17:45.976701674Z,2025-12-01T13:54:12.568311948Z,"{""service"":""bellOff""}",attributes,spans,580706b33949,railway-consumer,7415ecac9deb8067,419ea3d99c740798bdfa6e49f09df265
,,271,2025-12-01T13:17:45.976701674Z,2025-12-01T14:17:45.976701674Z,2025-12-01T13:55:28.568715399Z,"{""service"":""bellOff""}",attributes,spans,580706b33949,railway-consumer,7416b19a12244314,4e22ba2255ae08479366edb71cf3c3c4
,,272,2025-12-01T13:17:45.976701674Z,2025-12-01T14:17:45.976701674Z,2025-12-01T13:50:39.571999201Z,"{""service"":""bellOff""}",attributes,spans,580706b33949,railway-consumer,742b3f3e97f0d432,b9945c02f44de66029b30e38ac3d99c9
,,273,2025-12-01T13:17:45.976701674Z,2025-12-01T14:17:45.976701674Z,2025-12-01T13:55:27.568365417Z,"{""service"":""bellOff""}",attributes,spans,580706b33949,railway-consumer,742ca6971de01277,b8b076f4d344eafb4c280a783feb7210
,,274,2025-12-01T13:17:45.976701674Z,2025-12-01T14:17:45.976701674Z,2025-12-01T13:55:25.568501449Z,"{""service"":""bellOff""}",attributes,spans,580706b33949,railway-consumer,7481e634eb454c0e,55c3b62c1ab0c07cc0a83ba22d61595b
,,275,2025-12-01T13:17:45.976701674Z,2025-12-01T14:17:45.976701674Z,2025-12-01T13:51:55.573086965Z,"{""service"":""bellOff""}",attributes,spans,580706b33949,railway-consumer,74d119e56edba231,467f988d8e2c4abb5726f4be18acc993
,,276,2025-12-01T13:17:45.976701674Z,2025-12-01T14:17:45.976701674Z,2025-12-01T13:56:18.570673932Z,"{""service"":""bellOff""}",attributes,spans,580706b33949,railway-consumer,75bd733c59818005,44bbbf571bae962c339a0cdc91212fb7
,,277,2025-12-01T13:17:45.976701674Z,2025-12-01T14:17:45.976701674Z,2025-12-01T13:49:05.575944084Z,"{""service"":""bellOff""}",attributes,spans,580706b33949,railway-consumer,75f703f72f925f7e,8fb5dda2a22ba2ed955fc22f908f40d5
,,278,2025-12-01T13:17:45.976701674Z,2025-12-01T14:17:45.976701674Z,2025-12-01T13:52:12.570094998Z,"{""service"":""bellOff""}",attributes,spans,580706b33949,railway-consumer,7669d7888643875c,def4e2ba783ca62306c04d68f83e5550
,,279,2025-12-01T13:17:45.976701674Z,2025-12-01T14:17:45.976701674Z,2025-12-01T13:54:31.568238734Z,"{""service"":""bellOff""}",attributes,spans,580706b33949,railway-consumer,76ca9ec616d5cbed,5317812f01a8793b5cebd7d07ed34346
,,280,2025-12-01T13:17:45.976701674Z,2025-12-01T14:17:45.976701674Z,2025-12-01T13:53:00.570868243Z,"{""service"":""bellOff""}",attributes,spans,580706b33949,railway-consumer,773aac59be553b97,225eaf0e4c31943874fc9a338a0513b5
,,281,2025-12-01T13:17:45.976701674Z,2025-12-01T14:17:45.976701674Z,2025-12-01T13:54:07.568307701Z,"{""service"":""bellOff""}",attributes,spans,580706b33949,railway-consumer,773ac95dc807d15f,c5ec8ebbfce811d5994d19d0727b7fc0
,,282,2025-12-01T13:17:45.976701674Z,2025-12-01T14:17:45.976701674Z,2025-12-01T13:51:46.570807884Z,"{""service"":""bellOff""}",attributes,spans,580706b33949,railway-consumer,781eb369afd1b77b,14ad3a638204bd1d00a85c8a079d33c0
,,283,2025-12-01T13:17:45.976701674Z,2025-12-01T14:17:45.976701674Z,2025-12-01T13:49:02.572239814Z,"{""service"":""bellOff""}",attributes,spans,580706b33949,railway-consumer,78657ea3c17fc5bd,525999f794f48c048f172a66aae7daef
,,284,2025-12-01T13:17:45.976701674Z,2025-12-01T14:17:45.976701674Z,2025-12-01T13:58:17.269478992Z,"{""service"":""bellOff""}",attributes,spans,580706b33949,railway-consumer,788505d1fae79594,37ff97b28a0c7452b21e6a3831872a42
,,285,2025-12-01T13:17:45.976701674Z,2025-12-01T14:17:45.976701674Z,2025-12-01T13:48:34.579739836Z,"{""service"":""bellOff""}",attributes,spans,580706b33949,railway-consumer,78962226d7997311,75330f2d831543999d00dac7f59b42f4
,,286,2025-12-01T13:17:45.976701674Z,2025-12-01T14:17:45.976701674Z,2025-12-01T13:53:19.570125389Z,"{""service"":""bellOff""}",attributes,spans,580706b33949,railway-consumer,78d2eadce2bea76c,213f567c5e3b7bd72038c903ecf44f8e
,,287,2025-12-01T13:17:45.976701674Z,2025-12-01T14:17:45.976701674Z,2025-12-01T13:53:14.568400267Z,"{""service"":""bellOff""}",attributes,spans,580706b33949,railway-consumer,79628f02a63c3e2a,bdb4e8d12bdbcaf810936e51f3dbd342
,,288,2025-12-01T13:17:45.976701674Z,2025-12-01T14:17:45.976701674Z,2025-12-01T13:48:39.574103371Z,"{""service"":""bellOff""}",attributes,spans,580706b33949,railway-consumer,796e4f9550407873,ce05c665064d4dd3032699ab993255a6
,,289,2025-12-01T13:17:45.976701674Z,2025-12-01T14:17:45.976701674Z,2025-12-01T13:57:43.742244782Z,"{""service"":""bellOff""}",attributes,spans,580706b33949,railway-consumer,79f0d03c36b922c2,e043f79b8b02f70907cd792b57084964
,,290,2025-12-01T13:17:45.976701674Z,2025-12-01T14:17:45.976701674Z,2025-12-01T13:54:54.568403484Z,"{""service"":""bellOff""}",attributes,spans,580706b33949,railway-consumer,7a03dff312b51b30,60f912e1115c1f1c1fcb754fd094705c
,,291,2025-12-01T13:17:45.976701674Z,2025-12-01T14:17:45.976701674Z,2025-12-01T13:49:34.573779338Z,"{""service"":""bellOff""}",attributes,spans,580706b33949,railway-consumer,7a236ee8cbd4c2b7,0fbd5cae032968cad23f9dfea2f39ada
,,292,2025-12-01T13:17:45.976701674Z,2025-12-01T14:17:45.976701674Z,2025-12-01T13:53:17.573507488Z,"{""service"":""bellOff""}",attributes,spans,580706b33949,railway-consumer,7c7820e624c3dec0,ebf9a3658def86285ed3fa0aefd67cb6
,,293,2025-12-01T13:17:45.976701674Z,2025-12-01T14:17:45.976701674Z,2025-12-01T13:53:01.57107037Z,"{""service"":""bellOff""}",attributes,spans,580706b33949,railway-consumer,7ca9abb5a2005ca5,2cf3c39f2cdf3a777108d9a70cb923c9
,,294,2025-12-01T13:17:45.976701674Z,2025-12-01T14:17:45.976701674Z,2025-12-01T13:49:06.574301912Z,"{""service"":""bellOff""}",attributes,spans,580706b33949,railway-consumer,7cb55b4d3e3e9c3f,5dd85adc225b6c4b0b68dcd25dd137d0
,,295,2025-12-01T13:17:45.976701674Z,2025-12-01T14:17:45.976701674Z,2025-12-01T13:48:49.586498141Z,"{""service"":""bellOff""}",attributes,spans,580706b33949,railway-consumer,7cef0e41371b09e4,124d87badaead1f6e0d8dabd9cb39784
,,296,2025-12-01T13:17:45.976701674Z,2025-12-01T14:17:45.976701674Z,2025-12-01T13:51:24.575739972Z,"{""service"":""bellOff""}",attributes,spans,580706b33949,railway-consumer,7df3f1da1c72e865,b0b04980f2a001f1741483a2d8e2baef
,,297,2025-12-01T13:17:45.976701674Z,2025-12-01T14:17:45.976701674Z,2025-12-01T13:55:10.56842476Z,"{""service"":""bellOff""}",attributes,spans,580706b33949,railway-consumer,7f2dd9a29890ca24,20a6df0aa29c0f4e60c750025e0d6603
,,298,2025-12-01T13:17:45.976701674Z,2025-12-01T14:17:45.976701674Z,2025-12-01T13:55:18.568586889Z,"{""service"":""bellOff""}",attributes,spans,580706b33949,railway-consumer,805440ade90ab08c,d886c201c71d06e72b4a7cf6974276cf
,,299,2025-12-01T13:17:45.976701674Z,2025-12-01T14:17:45.976701674Z,2025-12-01T13:53:55.575804924Z,"{""service"":""bellOff""}",attributes,spans,580706b33949,railway-consumer,8089770ce7943f21,13d59deaa2a5d656a423f5fafe2bedb5
,,300,2025-12-01T13:17:45.976701674Z,2025-12-01T14:17:45.976701674Z,2025-12-01T13:56:28.569969239Z,"{""service"":""bellOff""}",attributes,spans,580706b33949,railway-consumer,80d1e472499b0245,c77caa200ccb430692fd160506403e80
,,301,2025-12-01T13:17:45.976701674Z,2025-12-01T14:17:45.976701674Z,2025-12-01T13:54:33.613287936Z,"{""service"":""bellOff""}",attributes,spans,580706b33949,railway-consumer,80e1065c4d3f7ef4,b0e86173c598573ca05848fe780293b1
,,302,2025-12-01T13:17:45.976701674Z,2025-12-01T14:17:45.976701674Z,2025-12-01T13:52:49.56851641Z,"{""service"":""bellOff""}",attributes,spans,580706b33949,railway-consumer,80f414acdcdc2612,6a01aaa455e2c3ddfd7a0bf4a7ee074a
,,303,2025-12-01T13:17:45.976701674Z,2025-12-01T14:17:45.976701674Z,2025-12-01T13:55:13.568479463Z,"{""service"":""bellOff""}",attributes,spans,580706b33949,railway-consumer,8282af3a949e0405,123000a96529dbb52517cd5012cf95f2
,,304,2025-12-01T13:17:45.976701674Z,2025-12-01T14:17:45.976701674Z,2025-12-01T13:54:01.575186012Z,"{""service"":""bellOff""}",attributes,spans,580706b33949,railway-consumer,829b6e7d1e43b448,9a5ed38a3f19cefc626275ac9e10b1c8
,,305,2025-12-01T13:17:45.976701674Z,2025-12-01T14:17:45.976701674Z,2025-12-01T13:53:48.568527666Z,"{""service"":""bellOff""}",attributes,spans,580706b33949,railway-consumer,82ae7b36736ce299,ce501a739259f593aed778142cf3b25d
,,306,2025-12-01T13:17:45.976701674Z,2025-12-01T14:17:45.976701674Z,2025-12-01T13:51:29.574813189Z,"{""service"":""bellOff""}",attributes,spans,580706b33949,railway-consumer,82ef4c76adc5f9e4,8e0155f6d5da84f894de1aade7cdeed4
,,307,2025-12-01T13:17:45.976701674Z,2025-12-01T14:17:45.976701674Z,2025-12-01T13:55:09.568713333Z,"{""service"":""bellOff""}",attributes,spans,580706b33949,railway-consumer,839c9748579f1df2,16f34f6eac126fa6241e3746a1235f63
,,308,2025-12-01T13:17:45.976701674Z,2025-12-01T14:17:45.976701674Z,2025-12-01T13:50:02.572196963Z,"{""service"":""bellOff""}",attributes,spans,580706b33949,railway-consumer,83f22f184eea41ed,83936f586be0d143a91df4a82e5c04fe
,,309,2025-12-01T13:17:45.976701674Z,2025-12-01T14:17:45.976701674Z,2025-12-01T13:57:52.45143096Z,"{""service"":""bellOff""}",attributes,spans,580706b33949,railway-consumer,840dca853830ed4f,1afc2b51b5ff70b0c47149c1b7ae837b
,,310,2025-12-01T13:17:45.976701674Z,2025-12-01T14:17:45.976701674Z,2025-12-01T13:57:16.10378936Z,"{""service"":""bellOff""}",attributes,spans,580706b33949,railway-consumer,846ba2c9c139c794,ad37de2ba23d68a32e9c66fcd0550000
,,311,2025-12-01T13:17:45.976701674Z,2025-12-01T14:17:45.976701674Z,2025-12-01T13:58:00.955935646Z,"{""service"":""bellOff""}",attributes,spans,580706b33949,railway-consumer,84c0ada24ac6efe9,9c1c39b2a7556a39685b6a8bc453fc5a
,,312,2025-12-01T13:17:45.976701674Z,2025-12-01T14:17:45.976701674Z,2025-12-01T13:52:37.573254667Z,"{""service"":""bellOff""}",attributes,spans,580706b33949,railway-consumer,852f910d0f8eaffb,e9c71e6429204cebe92f3e24bb1e80e1
,,313,2025-12-01T13:17:45.976701674Z,2025-12-01T14:17:45.976701674Z,2025-12-01T13:52:51.569465983Z,"{""service"":""bellOff""}",attributes,spans,580706b33949,railway-consumer,856c7f7c8112b78f,636e609c38dd71d8d618f457bbd4cd04
,,314,2025-12-01T13:17:45.976701674Z,2025-12-01T14:17:45.976701674Z,2025-12-01T13:56:23.572874153Z,"{""service"":""bellOff""}",attributes,spans,580706b33949,railway-consumer,85aa986457bd5b9f,26d6980acc2bdbc0d21984394f90cd83
,,315,2025-12-01T13:17:45.976701674Z,2025-12-01T14:17:45.976701674Z,2025-12-01T13:54:45.568850258Z,"{""service"":""bellOff""}",attributes,spans,580706b33949,railway-consumer,8605302844328f1f,1d78a37183622134542e730ae9144f4c
,,316,2025-12-01T13:17:45.976701674Z,2025-12-01T14:17:45.976701674Z,2025-12-01T13:55:50.571486935Z,"{""service"":""bellOff""}",attributes,spans,580706b33949,railway-consumer,865e5fbf0689d7e1,789c0e2203986de814c1a573b07becd0
,,317,2025-12-01T13:17:45.976701674Z,2025-12-01T14:17:45.976701674Z,2025-12-01T13:49:31.572704815Z,"{""service"":""bellOff""}",attributes,spans,580706b33949,railway-consumer,868ef63225c572f8,58da377c09a96a2868b6d8677aa692f5
,,318,2025-12-01T13:17:45.976701674Z,2025-12-01T14:17:45.976701674Z,2025-12-01T13:55:34.573479887Z,"{""service"":""bellOff""}",attributes,spans,580706b33949,railway-consumer,86dcee11f2c9109e,82ccfe6ccaaee92b431b24de776af988
,,319,2025-12-01T13:17:45.976701674Z,2025-12-01T14:17:45.976701674Z,2025-12-01T13:50:29.572251739Z,"{""service"":""bellOff""}",attributes,spans,580706b33949,railway-consumer,86e57b7c7bdf3d0f,e2671446012c39424dc994d73432d7a6
,,320,2025-12-01T13:17:45.976701674Z,2025-12-01T14:17:45.976701674Z,2025-12-01T13:57:03.592938057Z,"{""service"":""bellOff""}",attributes,spans,580706b33949,railway-consumer,87a2981af7ddb8dd,233b58e342cdc7e35337ea779c547555
,,321,2025-12-01T13:17:45.976701674Z,2025-12-01T14:17:45.976701674Z,2025-12-01T13:56:01.571880093Z,"{""service"":""bellOff""}",attributes,spans,580706b33949,railway-consumer,880aa9bc75c64239,ed1a7b5bcba577826f5e3058a809b51e
,,322,2025-12-01T13:17:45.976701674Z,2025-12-01T14:17:45.976701674Z,2025-12-01T13:56:20.571920002Z,"{""service"":""bellOff""}",attributes,spans,580706b33949,railway-consumer,8828426a0e248b2c,0cd193c195685dd1d32fc91c3ca4f5b4
,,323,2025-12-01T13:17:45.976701674Z,2025-12-01T14:17:45.976701674Z,2025-12-01T13:58:02.462801053Z,"{""service"":""bellOff""}",attributes,spans,580706b33949,railway-consumer,884b616ba0ace7c0,843527e308c7c4dc988cbd9e98f5e1a2
,,324,2025-12-01T13:17:45.976701674Z,2025-12-01T14:17:45.976701674Z,2025-12-01T13:50:14.572652617Z,"{""service"":""bellOff""}",attributes,spans,580706b33949,railway-consumer,8908688560c78f9f,d80aa8dcb8b846441b645f6b4357ca2f
,,325,2025-12-01T13:17:45.976701674Z,2025-12-01T14:17:45.976701674Z,2025-12-01T13:51:37.57128718Z,"{""service"":""bellOff""}",attributes,spans,580706b33949,railway-consumer,8999c6790a7b3ea5,2ba37eedfe79e4040ada336b349787e2
,,326,2025-12-01T13:17:45.976701674Z,2025-12-01T14:17:45.976701674Z,2025-12-01T13:51:38.573581497Z,"{""service"":""bellOff""}",attributes,spans,580706b33949,railway-consumer,89b3434a7849ab70,dbc90b5115a001f4815bd95983c55cb4
,,327,2025-12-01T13:17:45.976701674Z,2025-12-01T14:17:45.976701674Z,2025-12-01T13:50:05.572324948Z,"{""service"":""bellOff""}",attributes,spans,580706b33949,railway-consumer,8aa3e4c3c847864c,5faa9424508d41ce962e5011a8a057ba
,,328,2025-12-01T13:17:45.976701674Z,2025-12-01T14:17:45.976701674Z,2025-12-01T13:56:29.568572684Z,"{""service"":""bellOff""}",attributes,spans,580706b33949,railway-consumer,8aab2b7c394b4133,eb31ff48c92cdfc485017206e1ec212a
,,329,2025-12-01T13:17:45.976701674Z,2025-12-01T14:17:45.976701674Z,2025-12-01T13:52:05.572110675Z,"{""service"":""bellOff""}",attributes,spans,580706b33949,railway-consumer,8b05f1dafc06fa83,a2b1d2c6473acf6a90641c541184447b
,,330,2025-12-01T13:17:45.976701674Z,2025-12-01T14:17:45.976701674Z,2025-12-01T13:56:19.57283368Z,"{""service"":""bellOff""}",attributes,spans,580706b33949,railway-consumer,8bb45c44d267dca4,006c5cb73dad45b3d1b56903ce959ce9
,,331,2025-12-01T13:17:45.976701674Z,2025-12-01T14:17:45.976701674Z,2025-12-01T13:56:33.645800243Z,"{""service"":""bellOff""}",attributes,spans,580706b33949,railway-consumer,8c52419650d6c2bd,feeb7699626a9d295946d7eac8398a75
,,332,2025-12-01T13:17:45.976701674Z,2025-12-01T14:17:45.976701674Z,2025-12-01T13:49:20.57462166Z,"{""service"":""bellOff""}",attributes,spans,580706b33949,railway-consumer,8c78362545c04e1e,07862b378e6a93f38ff510620839150e
,,333,2025-12-01T13:17:45.976701674Z,2025-12-01T14:17:45.976701674Z,2025-12-01T13:53:45.56934283Z,"{""service"":""bellOff""}",attributes,spans,580706b33949,railway-consumer,8c83c47f3981470a,a6494000b78fab32cdacc85dfb069c80
,,334,2025-12-01T13:17:45.976701674Z,2025-12-01T14:17:45.976701674Z,2025-12-01T13:55:15.568702126Z,"{""service"":""bellOff""}",attributes,spans,580706b33949,railway-consumer,8cb33532d5834c4a,e3cf591ec38d02103e67be4ebd708083
,,335,2025-12-01T13:17:45.976701674Z,2025-12-01T14:17:45.976701674Z,2025-12-01T13:51:33.574669343Z,"{""service"":""bellOff""}",attributes,spans,580706b33949,railway-consumer,8cb6873fa5998ab6,eeb289540159f7f14718bbbb8812e83f
,,336,2025-12-01T13:17:45.976701674Z,2025-12-01T14:17:45.976701674Z,2025-12-01T13:48:28.577917632Z,"{""service"":""bellOff""}",attributes,spans,580706b33949,railway-consumer,8cc4e17b4cdc837c,d7820aa34daa1786199cee670a31d2e4
,,337,2025-12-01T13:17:45.976701674Z,2025-12-01T14:17:45.976701674Z,2025-12-01T13:56:38.900194532Z,"{""service"":""bellOff""}",attributes,spans,580706b33949,railway-consumer,8d7086e4ed4bee12,e108da61846689ae9a922a98d332517f
,,338,2025-12-01T13:17:45.976701674Z,2025-12-01T14:17:45.976701674Z,2025-12-01T13:56:54.832156344Z,"{""service"":""bellOff""}",attributes,spans,580706b33949,railway-consumer,8df637916657937c,ad5692a499f57f4cd06992a65d8ea103
,,339,2025-12-01T13:17:45.976701674Z,2025-12-01T14:17:45.976701674Z,2025-12-01T13:57:45.00233474Z,"{""service"":""bellOff""}",attributes,spans,580706b33949,railway-consumer,8e492bb47f4ef1e5,f8eafa832de267e678c7ac80ab9f98cb
,,340,2025-12-01T13:17:45.976701674Z,2025-12-01T14:17:45.976701674Z,2025-12-01T13:51:13.576000396Z,"{""service"":""bellOff""}",attributes,spans,580706b33949,railway-consumer,8e63ec4d0c0289ce,87dc5b48b21fb3241c0de44b814000fd
,,341,2025-12-01T13:17:45.976701674Z,2025-12-01T14:17:45.976701674Z,2025-12-01T13:48:36.576228321Z,"{""service"":""bellOff""}",attributes,spans,580706b33949,railway-consumer,8ec3561e0d3b558b,06df4ebb253f190a3c592e5d6ffd1b69
,,342,2025-12-01T13:17:45.976701674Z,2025-12-01T14:17:45.976701674Z,2025-12-01T13:57:33.915655344Z,"{""service"":""bellOff""}",attributes,spans,580706b33949,railway-consumer,8fcb6e6a4204d931,d14a19456d8669ba4f6292a2f3f9f5f8
,,343,2025-12-01T13:17:45.976701674Z,2025-12-01T14:17:45.976701674Z,2025-12-01T13:54:00.569645128Z,"{""service"":""bellOff""}",attributes,spans,580706b33949,railway-consumer,8fd0ffe0768c3544,5ac2808fde53424232ba4f11e3a26c17
,,344,2025-12-01T13:17:45.976701674Z,2025-12-01T14:17:45.976701674Z,2025-12-01T13:52:19.569632974Z,"{""service"":""bellOff""}",attributes,spans,580706b33949,railway-consumer,902ca598ac28da9d,231e6d5625eb52d055a8c4ff91910e0f
,,345,2025-12-01T13:17:45.976701674Z,2025-12-01T14:17:45.976701674Z,2025-12-01T13:55:40.572798989Z,"{""service"":""bellOff""}",attributes,spans,580706b33949,railway-consumer,905db8342a786161,0d22ec3326771c1d3ac02f95cf034f3e
,,346,2025-12-01T13:17:45.976701674Z,2025-12-01T14:17:45.976701674Z,2025-12-01T13:56:37.976673995Z,"{""service"":""bellOff""}",attributes,spans,580706b33949,railway-consumer,90aed07714ec8ced,74e778e74ef8cb51b271eae5a87c7fc8
,,347,2025-12-01T13:17:45.976701674Z,2025-12-01T14:17:45.976701674Z,2025-12-01T13:54:22.56845746Z,"{""service"":""bellOff""}",attributes,spans,580706b33949,railway-consumer,91705600f7746dd5,8710f616fc5226e2209a6eaa58665c19
,,348,2025-12-01T13:17:45.976701674Z,2025-12-01T14:17:45.976701674Z,2025-12-01T13:53:39.577017364Z,"{""service"":""bellOff""}",attributes,spans,580706b33949,railway-consumer,91cfc01947f41cb4,8e16ccba31d4cab62f22f04823d0db68
,,349,2025-12-01T13:17:45.976701674Z,2025-12-01T14:17:45.976701674Z,2025-12-01T13:56:59.569134819Z,"{""service"":""bellOff""}",attributes,spans,580706b33949,railway-consumer,925738490190fd2f,5ae99970b84080af94bbedda41977af6
,,350,2025-12-01T13:17:45.976701674Z,2025-12-01T14:17:45.976701674Z,2025-12-01T13:51:28.574716789Z,"{""service"":""bellOff""}",attributes,spans,580706b33949,railway-consumer,925fe9a9bed52c4a,b0ce18d45893b73aa6adc4a3c688f4a1
,,351,2025-12-01T13:17:45.976701674Z,2025-12-01T14:17:45.976701674Z,2025-12-01T13:48:27.575336556Z,"{""service"":""bellOff""}",attributes,spans,580706b33949,railway-consumer,928116a5e727288e,6184ae73c81c751a9cffc49234a9e40c
,,352,2025-12-01T13:17:45.976701674Z,2025-12-01T14:17:45.976701674Z,2025-12-01T13:54:27.568312265Z,"{""service"":""bellOff""}",attributes,spans,580706b33949,railway-consumer,92a347df4ec6034f,095b8f08e199858309f8495ab63a020b
,,353,2025-12-01T13:17:45.976701674Z,2025-12-01T14:17:45.976701674Z,2025-12-01T13:48:51.580144451Z,"{""service"":""bellOff""}",attributes,spans,580706b33949,railway-consumer,92fbc75ad34300ce,923e305169d97efc252d4cf25a5af366
,,354,2025-12-01T13:17:45.976701674Z,2025-12-01T14:17:45.976701674Z,2025-12-01T13:49:14.573799925Z,"{""service"":""bellOff""}",attributes,spans,580706b33949,railway-consumer,935502fa28ed2e51,55d01387c31855992575c1d1b392957d
,,355,2025-12-01T13:17:45.976701674Z,2025-12-01T14:17:45.976701674Z,2025-12-01T13:50:33.575584622Z,"{""service"":""bellOff""}",attributes,spans,580706b33949,railway-consumer,935947f0e30de850,8931ae8006046406b0a2f48fbe6f89be
,,356,2025-12-01T13:17:45.976701674Z,2025-12-01T14:17:45.976701674Z,2025-12-01T13:55:41.568268104Z,"{""service"":""bellOff""}",attributes,spans,580706b33949,railway-consumer,940e197d00908c5c,03927c2bd3839e654dbe6b21b148201a
,,357,2025-12-01T13:17:45.976701674Z,2025-12-01T14:17:45.976701674Z,2025-12-01T13:51:19.571696816Z,"{""service"":""bellOff""}",attributes,spans,580706b33949,railway-consumer,94271605b4ec34e4,f5f7a2ba5127d209fa92c92eabdaeebe
,,358,2025-12-01T13:17:45.976701674Z,2025-12-01T14:17:45.976701674Z,2025-12-01T13:49:40.57114676Z,"{""service"":""bellOff""}",attributes,spans,580706b33949,railway-consumer,944aa9f686e0ce93,92217b0a3fdcae232716666b7b194eea
,,359,2025-12-01T13:17:45.976701674Z,2025-12-01T14:17:45.976701674Z,2025-12-01T13:51:14.574048324Z,"{""service"":""bellOff""}",attributes,spans,580706b33949,railway-consumer,945d88ba4602f36a,d76daf29cd8c915a8a57a1c4613bc25d
,,360,2025-12-01T13:17:45.976701674Z,2025-12-01T14:17:45.976701674Z,2025-12-01T13:52:00.573678194Z,"{""service"":""bellOff""}",attributes,spans,580706b33949,railway-consumer,954c1ee317e9ed52,a97024ee018db188f740e9543c9bd578
,,361,2025-12-01T13:17:45.976701674Z,2025-12-01T14:17:45.976701674Z,2025-12-01T13:54:39.56915446Z,"{""service"":""bellOff""}",attributes,spans,580706b33949,railway-consumer,95c8581425d1abed,976e86f7eda27cc490dee05bcfbb0cad
,,362,2025-12-01T13:17:45.976701674Z,2025-12-01T14:17:45.976701674Z,2025-12-01T13:50:23.572367751Z,"{""service"":""bellOff""}",attributes,spans,580706b33949,railway-consumer,961cf10a294cec5b,af68b02634a082512d5b03aa27138b05
,,363,2025-12-01T13:17:45.976701674Z,2025-12-01T14:17:45.976701674Z,2025-12-01T13:49:22.572526752Z,"{""service"":""bellOff""}",attributes,spans,580706b33949,railway-consumer,961eb0df369ec7f3,274f3a1c5db1d2c93c2a83e474ba28c7
,,364,2025-12-01T13:17:45.976701674Z,2025-12-01T14:17:45.976701674Z,2025-12-01T13:50:03.572861877Z,"{""service"":""bellOff""}",attributes,spans,580706b33949,railway-consumer,9647759592f10293,2f62ff481d8d78b54ea0b66ecccd4815
,,365,2025-12-01T13:17:45.976701674Z,2025-12-01T14:17:45.976701674Z,2025-12-01T13:55:52.576309931Z,"{""service"":""bellOff""}",attributes,spans,580706b33949,railway-consumer,970afe2278cb2608,7de572c1986aad6199cd7db99843b18f
,,366,2025-12-01T13:17:45.976701674Z,2025-12-01T14:17:45.976701674Z,2025-12-01T13:55:49.568607752Z,"{""service"":""bellOff""}",attributes,spans,580706b33949,railway-consumer,977c2ab0b3fc9de8,2e7238a16ea9daf29e60af470b3cc6be
,,367,2025-12-01T13:17:45.976701674Z,2025-12-01T14:17:45.976701674Z,2025-12-01T13:56:25.577250723Z,"{""service"":""bellOff""}",attributes,spans,580706b33949,railway-consumer,978b0b6a4a6c2345,2fc7c63edec8ae442cdd628644f13efd
,,368,2025-12-01T13:17:45.976701674Z,2025-12-01T14:17:45.976701674Z,2025-12-01T13:55:24.568636039Z,"{""service"":""bellOff""}",attributes,spans,580706b33949,railway-consumer,978cc45c507e09c9,3fa6beffb06654300835c3165569c6b7
,,369,2025-12-01T13:17:45.976701674Z,2025-12-01T14:17:45.976701674Z,2025-12-01T13:53:16.571119468Z,"{""service"":""bellOff""}",attributes,spans,580706b33949,railway-consumer,98555bc17c59295b,f8fac4229b82ca7f7944c9060e0fda45
,,370,2025-12-01T13:17:45.976701674Z,2025-12-01T14:17:45.976701674Z,2025-12-01T13:53:33.569410109Z,"{""service"":""bellOff""}",attributes,spans,580706b33949,railway-consumer,992d046fd2fc0476,cfd58363713dbe7eedb580de736d4488
,,371,2025-12-01T13:17:45.976701674Z,2025-12-01T14:17:45.976701674Z,2025-12-01T13:54:53.568528737Z,"{""service"":""bellOff""}",attributes,spans,580706b33949,railway-consumer,9968623ea8b4f1da,6c445a3d8191e0fff5c79796af4f32b7
,,372,2025-12-01T13:17:45.976701674Z,2025-12-01T14:17:45.976701674Z,2025-12-01T13:49:01.572850208Z,"{""service"":""bellOff""}",attributes,spans,580706b33949,railway-consumer,99a4fde09cc37e5f,5d7f647e20194021b93945284fbce319
,,373,2025-12-01T13:17:45.976701674Z,2025-12-01T14:17:45.976701674Z,2025-12-01T13:50:04.572192699Z,"{""service"":""bellOff""}",attributes,spans,580706b33949,railway-consumer,99ea5121733da4f8,5717f4268ee2143ae0ef5762a3deb5d9
,,374,2025-12-01T13:17:45.976701674Z,2025-12-01T14:17:45.976701674Z,2025-12-01T13:51:30.572080575Z,"{""service"":""bellOff""}",attributes,spans,580706b33949,railway-consumer,99f7ee9c254f1fad,332ea81fea3a35dcffcf668a46015936
,,375,2025-12-01T13:17:45.976701674Z,2025-12-01T14:17:45.976701674Z,2025-12-01T13:58:11.027971385Z,"{""service"":""bellOff""}",attributes,spans,580706b33949,railway-consumer,9a5ab7e67ae592ba,7eb5944058990be33858e399f532c7ff
,,376,2025-12-01T13:17:45.976701674Z,2025-12-01T14:17:45.976701674Z,2025-12-01T13:50:35.573874914Z,"{""service"":""bellOff""}",attributes,spans,580706b33949,railway-consumer,9a5d1b325aa1e537,dfc266b4b6998fe4cbf6d0b992d4cb99
,,377,2025-12-01T13:17:45.976701674Z,2025-12-01T14:17:45.976701674Z,2025-12-01T13:55:07.568348962Z,"{""service"":""bellOff""}",attributes,spans,580706b33949,railway-consumer,9a92672ad17427fc,1aa686d9e9702abf414b44a52030b46d
,,378,2025-12-01T13:17:45.976701674Z,2025-12-01T14:17:45.976701674Z,2025-12-01T13:55:44.584305594Z,"{""service"":""bellOff""}",attributes,spans,580706b33949,railway-consumer,9c6b49f96e6a1d5a,bc07ebb464dac954932793d5b787723f
,,379,2025-12-01T13:17:45.976701674Z,2025-12-01T14:17:45.976701674Z,2025-12-01T13:54:51.568594737Z,"{""service"":""bellOff""}",attributes,spans,580706b33949,railway-consumer,9c9370539a2d9044,1a0f6bdf6033b60f1fcb2c232725567c
,,380,2025-12-01T13:17:45.976701674Z,2025-12-01T14:17:45.976701674Z,2025-12-01T13:53:41.569213234Z,"{""service"":""bellOff""}",attributes,spans,580706b33949,railway-consumer,9d40e8b8a2dd415c,cb708983e6f89d55a45c07dadfcbae4f
,,381,2025-12-01T13:17:45.976701674Z,2025-12-01T14:17:45.976701674Z,2025-12-01T13:53:51.569467227Z,"{""service"":""bellOff""}",attributes,spans,580706b33949,railway-consumer,9de418012eb989c4,c0b08e0a43c739d320be8ef1598982a3
,,382,2025-12-01T13:17:45.976701674Z,2025-12-01T14:17:45.976701674Z,2025-12-01T13:50:48.574688344Z,"{""service"":""bellOff""}",attributes,spans,580706b33949,railway-consumer,9dfd5637b3eb69a5,03979ff63230da59aa7efe9463299d86
,,383,2025-12-01T13:17:45.976701674Z,2025-12-01T14:17:45.976701674Z,2025-12-01T13:53:32.568412289Z,"{""service"":""bellOff""}",attributes,spans,580706b33949,railway-consumer,9e7f3d49a033714f,7c8e08155776457587b77089d104580c
,,384,2025-12-01T13:17:45.976701674Z,2025-12-01T14:17:45.976701674Z,2025-12-01T13:53:54.585175436Z,"{""service"":""bellOff""}",attributes,spans,580706b33949,railway-consumer,9ed73d9ba68f7915,17c1d107a288d9ac7aebde9ac48449e2
,,385,2025-12-01T13:17:45.976701674Z,2025-12-01T14:17:45.976701674Z,2025-12-01T13:55:43.568538207Z,"{""service"":""bellOff""}",attributes,spans,580706b33949,railway-consumer,9ee4b7705f34e6d3,a39d3d95585875a031b3518fedef75c9
,,386,2025-12-01T13:17:45.976701674Z,2025-12-01T14:17:45.976701674Z,2025-12-01T13:52:54.570129724Z,"{""service"":""bellOff""}",attributes,spans,580706b33949,railway-consumer,9f42e41394d3cd87,ccb27190fb01a82a1506e00102dfdbdc
,,387,2025-12-01T13:17:45.976701674Z,2025-12-01T14:17:45.976701674Z,2025-12-01T13:55:48.574134413Z,"{""service"":""bellOff""}",attributes,spans,580706b33949,railway-consumer,9fdbce0ed08e9da8,635619162ad5511c7d50df9fa15aa709
,,388,2025-12-01T13:17:45.976701674Z,2025-12-01T14:17:45.976701674Z,2025-12-01T13:58:33.665192006Z,"{""service"":""bellOff""}",attributes,spans,580706b33949,railway-consumer,a05436ecafbbf744,07170a14c35fadf219207531c48fd2b2
,,389,2025-12-01T13:17:45.976701674Z,2025-12-01T14:17:45.976701674Z,2025-12-01T13:54:29.568603829Z,"{""service"":""bellOff""}",attributes,spans,580706b33949,railway-consumer,a0dcd2a36dab8539,36a37c04e282e12a860a1454de6ffca7
,,390,2025-12-01T13:17:45.976701674Z,2025-12-01T14:17:45.976701674Z,2025-12-01T13:49:10.575953629Z,"{""service"":""bellOff""}",attributes,spans,580706b33949,railway-consumer,a11124ad4a270507,81af05a492a8d661218b28c73a9bc0fe
,,391,2025-12-01T13:17:45.976701674Z,2025-12-01T14:17:45.976701674Z,2025-12-01T13:50:55.572090096Z,"{""service"":""bellOff""}",attributes,spans,580706b33949,railway-consumer,a21a599425c3e163,1fc78399e8744e8d9fc0369f0486266f
,,392,2025-12-01T13:17:45.976701674Z,2025-12-01T14:17:45.976701674Z,2025-12-01T13:49:39.571352286Z,"{""service"":""bellOff""}",attributes,spans,580706b33949,railway-consumer,a2b2d52a2b1a6a02,ce3211007fd1e7dc5cac469d7de35d30
,,393,2025-12-01T13:17:45.976701674Z,2025-12-01T14:17:45.976701674Z,2025-12-01T13:49:09.574033193Z,"{""service"":""bellOff""}",attributes,spans,580706b33949,railway-consumer,a2b4614eb43d4049,413a88df6c8d1aa5449e02ff3fa7a614
,,394,2025-12-01T13:17:45.976701674Z,2025-12-01T14:17:45.976701674Z,2025-12-01T13:49:35.573426201Z,"{""service"":""bellOff""}",attributes,spans,580706b33949,railway-consumer,a30cf21256bb3a48,f81a84ba9b38f8e72ea222b8d08873f2
,,395,2025-12-01T13:17:45.976701674Z,2025-12-01T14:17:45.976701674Z,2025-12-01T13:50:32.573369417Z,"{""service"":""bellOff""}",attributes,spans,580706b33949,railway-consumer,a32540b01cdaff54,13ebb6834637cd57ea09842bbe6de654
,,396,2025-12-01T13:17:45.976701674Z,2025-12-01T14:17:45.976701674Z,2025-12-01T13:57:29.305351886Z,"{""service"":""bellOff""}",attributes,spans,580706b33949,railway-consumer,a4d94c29cd27380b,4b4c686e70037ffe234f834a64792ec0
,,397,2025-12-01T13:17:45.976701674Z,2025-12-01T14:17:45.976701674Z,2025-12-01T13:53:31.568590432Z,"{""service"":""bellOff""}",attributes,spans,580706b33949,railway-consumer,a56fd559218e5239,48616bacc20faf5ff12e3a1c3c31d87b
,,398,2025-12-01T13:17:45.976701674Z,2025-12-01T14:17:45.976701674Z,2025-12-01T13:50:36.572006293Z,"{""service"":""bellOff""}",attributes,spans,580706b33949,railway-consumer,a5a40c3041e11e3f,afe07159cd2345391fc117bef812b641
,,399,2025-12-01T13:17:45.976701674Z,2025-12-01T14:17:45.976701674Z,2025-12-01T13:50:27.572575323Z,"{""service"":""bellOff""}",attributes,spans,580706b33949,railway-consumer,a5c16cb0d2ca02db,ea7e437f4eb56d4bfb1956a5a319138f
,,400,2025-12-01T13:17:45.976701674Z,2025-12-01T14:17:45.976701674Z,2025-12-01T13:51:44.571434811Z,"{""service"":""bellOff""}",attributes,spans,580706b33949,railway-consumer,a6b6fbd8a83702bf,66e54a9e381fa320bfd6d3a7ed4e92a8
,,401,2025-12-01T13:17:45.976701674Z,2025-12-01T14:17:45.976701674Z,2025-12-01T13:50:52.573450623Z,"{""service"":""bellOff""}",attributes,spans,580706b33949,railway-consumer,a70c6222d1dcf324,9bf5bc47e1b560778582f7174f963739
,,402,2025-12-01T13:17:45.976701674Z,2025-12-01T14:17:45.976701674Z,2025-12-01T13:52:41.571896116Z,"{""service"":""bellOff""}",attributes,spans,580706b33949,railway-consumer,a93066a0d30302ef,e7e00282b13e67d3d50807f4c701e8a8
,,403,2025-12-01T13:17:45.976701674Z,2025-12-01T14:17:45.976701674Z,2025-12-01T13:57:06.421018099Z,"{""service"":""bellOff""}",attributes,spans,580706b33949,railway-consumer,a9e6c3de678f6f85,609a9f906aa3c061e3ebaa0c43bfe979
,,404,2025-12-01T13:17:45.976701674Z,2025-12-01T14:17:45.976701674Z,2025-12-01T13:53:53.569402582Z,"{""service"":""bellOff""}",attributes,spans,580706b33949,railway-consumer,a9f88edceae35e5c,c0e933dd83bfc822af1bc6a859590045
,,405,2025-12-01T13:17:45.976701674Z,2025-12-01T14:17:45.976701674Z,2025-12-01T13:58:31.612626526Z,"{""service"":""bellOff""}",attributes,spans,580706b33949,railway-consumer,ab183bd0158ba1b9,5f0d7c88170ff49732771f79620b8b15
,,406,2025-12-01T13:17:45.976701674Z,2025-12-01T14:17:45.976701674Z,2025-12-01T13:52:17.572466512Z,"{""service"":""bellOff""}",attributes,spans,580706b33949,railway-consumer,ab1c550695d7393a,0fb059f55a50458b41f460198a6282e8
,,407,2025-12-01T13:17:45.976701674Z,2025-12-01T14:17:45.976701674Z,2025-12-01T13:51:27.573283276Z,"{""service"":""bellOff""}",attributes,spans,580706b33949,railway-consumer,ab2009cc256a558d,5735545386da1bfc31a7282b3a9d7471
,,408,2025-12-01T13:17:45.976701674Z,2025-12-01T14:17:45.976701674Z,2025-12-01T13:54:48.568666389Z,"{""service"":""bellOff""}",attributes,spans,580706b33949,railway-consumer,abc7e7f6058fe2c6,ae4c87025e8099fb784b2b5dadfef797
,,409,2025-12-01T13:17:45.976701674Z,2025-12-01T14:17:45.976701674Z,2025-12-01T13:53:25.57668148Z,"{""service"":""bellOff""}",attributes,spans,580706b33949,railway-consumer,ac966b064eefa70e,66a3ea1b6d025a55d6e1386b5e942a9e
,,410,2025-12-01T13:17:45.976701674Z,2025-12-01T14:17:45.976701674Z,2025-12-01T13:49:33.573917463Z,"{""service"":""bellOff""}",attributes,spans,580706b33949,railway-consumer,aead9b4216a8c03b,b7fc430853db1a4e5a7740527ab23e32
,,411,2025-12-01T13:17:45.976701674Z,2025-12-01T14:17:45.976701674Z,2025-12-01T13:57:04.838587552Z,"{""service"":""bellOff""}",attributes,spans,580706b33949,railway-consumer,aeb142637df7478e,794280f689e208696535703005297b5d
,,412,2025-12-01T13:17:45.976701674Z,2025-12-01T14:17:45.976701674Z,2025-12-01T13:53:40.569388084Z,"{""service"":""bellOff""}",attributes,spans,580706b33949,railway-consumer,aed4cdf9889b2ba4,58da721173a2124537217e9177ddfc84
,,413,2025-12-01T13:17:45.976701674Z,2025-12-01T14:17:45.976701674Z,2025-12-01T13:53:24.568706752Z,"{""service"":""bellOff""}",attributes,spans,580706b33949,railway-consumer,af0b14bdd6220613,cf2f9157d8f3c4718e5586d2369c884c
,,414,2025-12-01T13:17:45.976701674Z,2025-12-01T14:17:45.976701674Z,2025-12-01T13:51:07.57641296Z,"{""service"":""bellOff""}",attributes,spans,580706b33949,railway-consumer,af26003dfeea8edc,d5730a7da496f8e58e1a50c936a1f730
,,415,2025-12-01T13:17:45.976701674Z,2025-12-01T14:17:45.976701674Z,2025-12-01T13:52:11.572735028Z,"{""service"":""bellOff""}",attributes,spans,580706b33949,railway-consumer,afd893f496f696c4,b02d2ccab00bd2cf79c097d77b185f8c
,,416,2025-12-01T13:17:45.976701674Z,2025-12-01T14:17:45.976701674Z,2025-12-01T13:49:56.572601509Z,"{""service"":""bellOff""}",attributes,spans,580706b33949,railway-consumer,afeb851306860676,11a5c0d1958bd66e606822786fd82de1
,,417,2025-12-01T13:17:45.976701674Z,2025-12-01T14:17:45.976701674Z,2025-12-01T13:48:43.580072189Z,"{""service"":""bellOff""}",attributes,spans,580706b33949,railway-consumer,b01fdf58efee1fcb,160035a163e782407cab993570c0db1a
,,418,2025-12-01T13:17:45.976701674Z,2025-12-01T14:17:45.976701674Z,2025-12-01T13:56:03.575632859Z,"{""service"":""bellOff""}",attributes,spans,580706b33949,railway-consumer,b07768d8f5394f62,c2fdb6ee0f17bd8ccf731a315d7c0cc8
,,419,2025-12-01T13:17:45.976701674Z,2025-12-01T14:17:45.976701674Z,2025-12-01T13:49:36.573811753Z,"{""service"":""bellOff""}",attributes,spans,580706b33949,railway-consumer,b14f6d8ce74bad81,f9df010b6ba351fd35d81a32b41d09e4
,,420,2025-12-01T13:17:45.976701674Z,2025-12-01T14:17:45.976701674Z,2025-12-01T13:48:22.578945362Z,"{""service"":""bellOff""}",attributes,spans,580706b33949,railway-consumer,b19b1639b699b9d5,04acbae220d1a4dff3e7989ed108923a
,,421,2025-12-01T13:17:45.976701674Z,2025-12-01T14:17:45.976701674Z,2025-12-01T13:55:02.568660775Z,"{""service"":""bellOff""}",attributes,spans,580706b33949,railway-consumer,b1cfa37e314b0ded,20ad6195dd3c1aa8453e584cd9229f8e
,,422,2025-12-01T13:17:45.976701674Z,2025-12-01T14:17:45.976701674Z,2025-12-01T13:55:45.56881366Z,"{""service"":""bellOff""}",attributes,spans,580706b33949,railway-consumer,b1e42dc546860383,39931849621f6a71bbb856f57b58e59f
,,423,2025-12-01T13:17:45.976701674Z,2025-12-01T14:17:45.976701674Z,2025-12-01T13:48:55.576193438Z,"{""service"":""bellOff""}",attributes,spans,580706b33949,railway-consumer,b206e69f49428009,fe36b6210ee78ffa745a38590e2531b0
,,424,2025-12-01T13:17:45.976701674Z,2025-12-01T14:17:45.976701674Z,2025-12-01T13:53:28.569001021Z,"{""service"":""bellOff""}",attributes,spans,580706b33949,railway-consumer,b216ad65c3f0cf30,7951d3fd21803fa59e5a4e7cf23677c0
,,425,2025-12-01T13:17:45.976701674Z,2025-12-01T14:17:45.976701674Z,2025-12-01T13:53:29.568415758Z,"{""service"":""bellOff""}",attributes,spans,580706b33949,railway-consumer,b2530668a57816ff,3eade228ad2425a486adb0beb391e1ad
,,426,2025-12-01T13:17:45.976701674Z,2025-12-01T14:17:45.976701674Z,2025-12-01T13:48:32.581992652Z,"{""service"":""bellOff""}",attributes,spans,580706b33949,railway-consumer,b258b9799b79519a,6238bec69054e51e65f94b57375cfce4
,,427,2025-12-01T13:17:45.976701674Z,2025-12-01T14:17:45.976701674Z,2025-12-01T13:52:35.573923886Z,"{""service"":""bellOff""}",attributes,spans,580706b33949,railway-consumer,b2eb960205a3708f,2223d3cd17da294ea9907c54b7614972
,,428,2025-12-01T13:17:45.976701674Z,2025-12-01T14:17:45.976701674Z,2025-12-01T13:52:04.571925673Z,"{""service"":""bellOff""}",attributes,spans,580706b33949,railway-consumer,b2f871f01a782f1c,a15670116eb82de6194dbbb4bdad180d
,,429,2025-12-01T13:17:45.976701674Z,2025-12-01T14:17:45.976701674Z,2025-12-01T13:53:35.569398622Z,"{""service"":""bellOff""}",attributes,spans,580706b33949,railway-consumer,b32ac6bf1e32723b,a16a9d8712ba683962bb2bc77f28c120
,,430,2025-12-01T13:17:45.976701674Z,2025-12-01T14:17:45.976701674Z,2025-12-01T13:54:08.576458539Z,"{""service"":""bellOff""}",attributes,spans,580706b33949,railway-consumer,b32c694707c58a99,53b8e90411322c333854a797405d4f68
,,431,2025-12-01T13:17:45.976701674Z,2025-12-01T14:17:45.976701674Z,2025-12-01T13:54:28.568292819Z,"{""service"":""bellOff""}",attributes,spans,580706b33949,railway-consumer,b3ca9ac93cd3fae3,4a4e3b1b546f63595c577fee4eb13967
,,432,2025-12-01T13:17:45.976701674Z,2025-12-01T14:17:45.976701674Z,2025-12-01T13:50:38.574494273Z,"{""service"":""bellOff""}",attributes,spans,580706b33949,railway-consumer,b43ca98aedfc22c4,aa72388e4f7bf732dca8eb878159db4c
,,433,2025-12-01T13:17:45.976701674Z,2025-12-01T14:17:45.976701674Z,2025-12-01T13:49:57.575699852Z,"{""service"":""bellOff""}",attributes,spans,580706b33949,railway-consumer,b4ed2b44693f53ec,d1ef29a52609624220735202b856e68d
,,434,2025-12-01T13:17:45.976701674Z,2025-12-01T14:17:45.976701674Z,2025-12-01T13:53:18.573308924Z,"{""service"":""bellOff""}",attributes,spans,580706b33949,railway-consumer,b5102f5d17ef98da,c20139d34155910a8d066635aa549c92
,,435,2025-12-01T13:17:45.976701674Z,2025-12-01T14:17:45.976701674Z,2025-12-01T13:55:17.568484303Z,"{""service"":""bellOff""}",attributes,spans,580706b33949,railway-consumer,b51882b0706cae38,f472725b3cb244f3502f56bbb076596d
,,436,2025-12-01T13:17:45.976701674Z,2025-12-01T14:17:45.976701674Z,2025-12-01T13:49:54.575731324Z,"{""service"":""bellOff""}",attributes,spans,580706b33949,railway-consumer,b5d87dd3b61a82ac,efa36c10f776d9d0d75eb7024732bba8
,,437,2025-12-01T13:17:45.976701674Z,2025-12-01T14:17:45.976701674Z,2025-12-01T13:54:02.594535279Z,"{""service"":""bellOff""}",attributes,spans,580706b33949,railway-consumer,b7d83276a076522f,9d66a930ad1639951994a00e19931ee7
,,438,2025-12-01T13:17:45.976701674Z,2025-12-01T14:17:45.976701674Z,2025-12-01T13:56:46.215342697Z,"{""service"":""bellOff""}",attributes,spans,580706b33949,railway-consumer,b8901ed6912425b7,33ec7e5b6fbc777941484fc60e114e37
,,439,2025-12-01T13:17:45.976701674Z,2025-12-01T14:17:45.976701674Z,2025-12-01T13:50:28.572814942Z,"{""service"":""bellOff""}",attributes,spans,580706b33949,railway-consumer,b8c4cef0643a56f4,f8e1f6cfb62960340d74ff44edebf0c7
,,440,2025-12-01T13:17:45.976701674Z,2025-12-01T14:17:45.976701674Z,2025-12-01T13:50:45.572402603Z,"{""service"":""bellOff""}",attributes,spans,580706b33949,railway-consumer,b94429fced52b814,602425d12cf22b0394c112080a301908
,,441,2025-12-01T13:17:45.976701674Z,2025-12-01T14:17:45.976701674Z,2025-12-01T13:53:12.57029039Z,"{""service"":""bellOff""}",attributes,spans,580706b33949,railway-consumer,b94d29472383ec6b,b809273a1be7d91390fa862c9c831fb0
,,442,2025-12-01T13:17:45.976701674Z,2025-12-01T14:17:45.976701674Z,2025-12-01T13:56:55.652372136Z,"{""service"":""bellOff""}",attributes,spans,580706b33949,railway-consumer,b9ae970d21158d20,e24c494ba96c65ea845010e04dd648b7
,,443,2025-12-01T13:17:45.976701674Z,2025-12-01T14:17:45.976701674Z,2025-12-01T13:53:20.570276824Z,"{""service"":""bellOff""}",attributes,spans,580706b33949,railway-consumer,b9bd11866f3288bd,755cee78c4e7b8d8681aad982954a9dd
,,444,2025-12-01T13:17:45.976701674Z,2025-12-01T14:17:45.976701674Z,2025-12-01T13:49:00.578023109Z,"{""service"":""bellOff""}",attributes,spans,580706b33949,railway-consumer,b9c2d0d7a856f160,f4c7c49077cfae6b95f7d462a22e92de
,,445,2025-12-01T13:17:45.976701674Z,2025-12-01T14:17:45.976701674Z,2025-12-01T13:56:32.575072903Z,"{""service"":""bellOff""}",attributes,spans,580706b33949,railway-consumer,b9e8c0d53b6d4cda,06ca81ef21493f7159c598df2fe7271c
,,446,2025-12-01T13:17:45.976701674Z,2025-12-01T14:17:45.976701674Z,2025-12-01T13:51:34.571954436Z,"{""service"":""bellOff""}",attributes,spans,580706b33949,railway-consumer,ba74a7f4e6dbf34e,e2e5e2cf8835c2946d7db155cee88996
,,447,2025-12-01T13:17:45.976701674Z,2025-12-01T14:17:45.976701674Z,2025-12-01T13:52:50.574896896Z,"{""service"":""bellOff""}",attributes,spans,580706b33949,railway-consumer,bb52d5aab4072c9d,f10f0d7194823880d6b2e6292d093d74
,,448,2025-12-01T13:17:45.976701674Z,2025-12-01T14:17:45.976701674Z,2025-12-01T13:51:53.571242435Z,"{""service"":""bellOff""}",attributes,spans,580706b33949,railway-consumer,bb5ecb293e33e4ae,dfa8f7ae4279e96ee8d10727484085cf
,,449,2025-12-01T13:17:45.976701674Z,2025-12-01T14:17:45.976701674Z,2025-12-01T13:56:52.894996808Z,"{""service"":""bellOff""}",attributes,spans,580706b33949,railway-consumer,bb7ed23c635a871e,168f487eecf99d766c1e5f902f2b6a2a
,,450,2025-12-01T13:17:45.976701674Z,2025-12-01T14:17:45.976701674Z,2025-12-01T13:54:13.568252453Z,"{""service"":""bellOff""}",attributes,spans,580706b33949,railway-consumer,bc236eb945736802,97f982dc2b16481a6bc625e38719cf76
,,451,2025-12-01T13:17:45.976701674Z,2025-12-01T14:17:45.976701674Z,2025-12-01T13:58:03.899503811Z,"{""service"":""bellOff""}",attributes,spans,580706b33949,railway-consumer,bc3a5e8ad7863e5a,8200d4d7c6663b95dd3fea89041f055a
,,452,2025-12-01T13:17:45.976701674Z,2025-12-01T14:17:45.976701674Z,2025-12-01T13:49:13.571395553Z,"{""service"":""bellOff""}",attributes,spans,580706b33949,railway-consumer,bc6d23344c36f21e,0276bef7b177f3ba3a613c5eab2c756d
,,453,2025-12-01T13:17:45.976701674Z,2025-12-01T14:17:45.976701674Z,2025-12-01T13:56:40.086108729Z,"{""service"":""bellOff""}",attributes,spans,580706b33949,railway-consumer,bc898902ff947ece,9ddb355f1afc6a96242c220110bc8562
,,454,2025-12-01T13:17:45.976701674Z,2025-12-01T14:17:45.976701674Z,2025-12-01T13:55:29.568670386Z,"{""service"":""bellOff""}",attributes,spans,580706b33949,railway-consumer,bcf22818f20c54e7,3833c02c0470fbbcf896f8cc73ce6fae
,,455,2025-12-01T13:17:45.976701674Z,2025-12-01T14:17:45.976701674Z,2025-12-01T13:55:06.568529863Z,"{""service"":""bellOff""}",attributes,spans,580706b33949,railway-consumer,bd79b3458b07d18e,bc928d02be504c25dfd1d186b3585799
,,456,2025-12-01T13:17:45.976701674Z,2025-12-01T14:17:45.976701674Z,2025-12-01T13:52:43.575172408Z,"{""service"":""bellOff""}",attributes,spans,580706b33949,railway-consumer,bd8f21e826c20a22,0a3915c6b852d2ffe042f637c4ae6dec
,,457,2025-12-01T13:17:45.976701674Z,2025-12-01T14:17:45.976701674Z,2025-12-01T13:51:11.576268298Z,"{""service"":""bellOff""}",attributes,spans,580706b33949,railway-consumer,bda7a62084944df8,df0615902923c97563f7847ebe3cb85d
,,458,2025-12-01T13:17:45.976701674Z,2025-12-01T14:17:45.976701674Z,2025-12-01T13:51:45.569171791Z,"{""service"":""bellOff""}",attributes,spans,580706b33949,railway-consumer,be324fce47f0eb10,9b3687b0d8701fd2d4cb389a908da872
,,459,2025-12-01T13:17:45.976701674Z,2025-12-01T14:17:45.976701674Z,2025-12-01T13:55:55.570558099Z,"{""service"":""bellOff""}",attributes,spans,580706b33949,railway-consumer,beefdcedb78387fe,d4b4b1824014702470069c8702f79a0a
,,460,2025-12-01T13:17:45.976701674Z,2025-12-01T14:17:45.976701674Z,2025-12-01T13:50:41.573583772Z,"{""service"":""bellOff""}",attributes,spans,580706b33949,railway-consumer,bf3680905361b83e,bac5febfc39fc26b33ad9befe4f622bf
,,461,2025-12-01T13:17:45.976701674Z,2025-12-01T14:17:45.976701674Z,2025-12-01T13:51:31.570987054Z,"{""service"":""bellOff""}",attributes,spans,580706b33949,railway-consumer,bf411c1342b71e99,e34fa745eac439f7c89d88529f421e58
,,462,2025-12-01T13:17:45.976701674Z,2025-12-01T14:17:45.976701674Z,2025-12-01T13:50:06.57279552Z,"{""service"":""bellOff""}",attributes,spans,580706b33949,railway-consumer,bf501624384abcdb,cdbc4a32919521c71dbd5611cbe3973b
,,463,2025-12-01T13:17:45.976701674Z,2025-12-01T14:17:45.976701674Z,2025-12-01T13:48:45.579453473Z,"{""service"":""bellOff""}",attributes,spans,580706b33949,railway-consumer,c0f049beaf87f7c7,b0a56cde6dee48b19e6d4d50df53f850
,,464,2025-12-01T13:17:45.976701674Z,2025-12-01T14:17:45.976701674Z,2025-12-01T13:57:58.273617274Z,"{""service"":""bellOff""}",attributes,spans,580706b33949,railway-consumer,c1c9fd6fab5b3b76,efba051c134dfabb635d1964257b7a85
,,465,2025-12-01T13:17:45.976701674Z,2025-12-01T14:17:45.976701674Z,2025-12-01T13:48:38.59211187Z,"{""service"":""bellOff""}",attributes,spans,580706b33949,railway-consumer,c1ebb7cc061f13af,b9afc4f472053688ee8989354060e111
,,466,2025-12-01T13:17:45.976701674Z,2025-12-01T14:17:45.976701674Z,2025-12-01T13:54:55.568603321Z,"{""service"":""bellOff""}",attributes,spans,580706b33949,railway-consumer,c205638214fccfe3,fabc69be01eceaceca15c8a4860f6046
,,467,2025-12-01T13:17:45.976701674Z,2025-12-01T14:17:45.976701674Z,2025-12-01T13:57:27.723957203Z,"{""service"":""bellOff""}",attributes,spans,580706b33949,railway-consumer,c23eec52c6911c23,97e45ca2c5cc4c8aa3431b9385cde097
,,468,2025-12-01T13:17:45.976701674Z,2025-12-01T14:17:45.976701674Z,2025-12-01T13:49:23.572658314Z,"{""service"":""bellOff""}",attributes,spans,580706b33949,railway-consumer,c2bde68aa7674bbd,875c99cd698357a015ed22bdb603833b
,,469,2025-12-01T13:17:45.976701674Z,2025-12-01T14:17:45.976701674Z,2025-12-01T13:52:28.568952445Z,"{""service"":""bellOff""}",attributes,spans,580706b33949,railway-consumer,c3412ba507a5a3f7,7274c32dbaa5c2a9bbb0887c54a5325a
,,470,2025-12-01T13:17:45.976701674Z,2025-12-01T14:17:45.976701674Z,2025-12-01T13:54:19.568534504Z,"{""service"":""bellOff""}",attributes,spans,580706b33949,railway-consumer,c3b20ee9c992ef97,11df768960557b02a3a08e368d17b2a0
,,471,2025-12-01T13:17:45.976701674Z,2025-12-01T14:17:45.976701674Z,2025-12-01T13:51:50.571841912Z,"{""service"":""bellOff""}",attributes,spans,580706b33949,railway-consumer,c54f74414cf84d7e,126a0dd69b1b5d6fc64b4f884a1c0e1d
,,472,2025-12-01T13:17:45.976701674Z,2025-12-01T14:17:45.976701674Z,2025-12-01T13:55:32.573112861Z,"{""service"":""bellOff""}",attributes,spans,580706b33949,railway-consumer,c618b087a7a30bf6,e5cc382eb1d4f877465f295a3b67a7b1
,,473,2025-12-01T13:17:45.976701674Z,2025-12-01T14:17:45.976701674Z,2025-12-01T13:58:24.555249802Z,"{""service"":""bellOff""}",attributes,spans,580706b33949,railway-consumer,c6ad41df4010a81e,fd7e707d2325c97fb65a66cbc9798e96
,,474,2025-12-01T13:17:45.976701674Z,2025-12-01T14:17:45.976701674Z,2025-12-01T13:55:38.5698632Z,"{""service"":""bellOff""}",attributes,spans,580706b33949,railway-consumer,c77c5bc12105f56e,4205d00960237b3a9025626963eca90c
,,475,2025-12-01T13:17:45.976701674Z,2025-12-01T14:17:45.976701674Z,2025-12-01T13:58:12.572543107Z,"{""service"":""bellOff""}",attributes,spans,580706b33949,railway-consumer,c77d1c845e200f59,1ed7c45c4d89ca01c8362e62ff6842d9
,,476,2025-12-01T13:17:45.976701674Z,2025-12-01T14:17:45.976701674Z,2025-12-01T13:52:46.570167312Z,"{""service"":""bellOff""}",attributes,spans,580706b33949,railway-consumer,c78c5420282ec795,e75b5b66020e0afb0a6e6b0efa70aae7
,,477,2025-12-01T13:17:45.976701674Z,2025-12-01T14:17:45.976701674Z,2025-12-01T13:58:34.606033569Z,"{""service"":""bellOff""}",attributes,spans,580706b33949,railway-consumer,c7c9821b5280839c,917bc9828cf65c85991511e502eb0d8b
,,478,2025-12-01T13:17:45.976701674Z,2025-12-01T14:17:45.976701674Z,2025-12-01T13:55:42.568226048Z,"{""service"":""bellOff""}",attributes,spans,580706b33949,railway-consumer,c84f6a5e67af202d,1bcaa95245f6365d47462f120c1e773b
,,479,2025-12-01T13:17:45.976701674Z,2025-12-01T14:17:45.976701674Z,2025-12-01T13:49:59.569233452Z,"{""service"":""bellOff""}",attributes,spans,580706b33949,railway-consumer,c977c69089401862,57df0ce57a9ba68990579d74217bfc03
,,480,2025-12-01T13:17:45.976701674Z,2025-12-01T14:17:45.976701674Z,2025-12-01T13:56:21.572280088Z,"{""service"":""bellOff""}",attributes,spans,580706b33949,railway-consumer,c9d5981bc46d5a2d,4eb4cd548d7d7860a240f6b4102a2870
,,481,2025-12-01T13:17:45.976701674Z,2025-12-01T14:17:45.976701674Z,2025-12-01T13:54:14.568208157Z,"{""service"":""bellOff""}",attributes,spans,580706b33949,railway-consumer,c9e26beb819924b1,75fb51c07e12fad2ee3aabec89f9b10e
,,482,2025-12-01T13:17:45.976701674Z,2025-12-01T14:17:45.976701674Z,2025-12-01T13:58:47.580180948Z,"{""service"":""bellOff""}",attributes,spans,580706b33949,railway-consumer,ca911c1919360273,137e7ce4306b3eb7b850cbb109107285
,,483,2025-12-01T13:17:45.976701674Z,2025-12-01T14:17:45.976701674Z,2025-12-01T13:58:44.569773315Z,"{""service"":""bellOff""}",attributes,spans,580706b33949,railway-consumer,cb5da7c3fd80d92a,d0c4b210c62e391cc16c220959bf9744
,,484,2025-12-01T13:17:45.976701674Z,2025-12-01T14:17:45.976701674Z,2025-12-01T13:53:09.568637816Z,"{""service"":""bellOff""}",attributes,spans,580706b33949,railway-consumer,cbe78e0522b49d2c,6d114670f58731343cc2e3feaabf14aa
,,485,2025-12-01T13:17:45.976701674Z,2025-12-01T14:17:45.976701674Z,2025-12-01T13:51:01.574483948Z,"{""service"":""bellOff""}",attributes,spans,580706b33949,railway-consumer,cbf6da4bae4f55dd,5ba1d9032de3d4c76e2cbfb02bf1b3c1
,,486,2025-12-01T13:17:45.976701674Z,2025-12-01T14:17:45.976701674Z,2025-12-01T13:48:46.574408051Z,"{""service"":""bellOff""}",attributes,spans,580706b33949,railway-consumer,cc109c53224fe851,4fc5fa6f234c58a6b9ec5a37a3cbb074
,,487,2025-12-01T13:17:45.976701674Z,2025-12-01T14:17:45.976701674Z,2025-12-01T13:58:42.574698653Z,"{""service"":""bellOff""}",attributes,spans,580706b33949,railway-consumer,cd9a091f07965ccb,187ba3e955f9ba55123175eec312955e
,,488,2025-12-01T13:17:45.976701674Z,2025-12-01T14:17:45.976701674Z,2025-12-01T13:57:48.126239673Z,"{""service"":""bellOff""}",attributes,spans,580706b33949,railway-consumer,cdabdfa5f34efcfd,e01cbea9974916ebe2be25d81771f177
,,489,2025-12-01T13:17:45.976701674Z,2025-12-01T14:17:45.976701674Z,2025-12-01T13:55:37.568715235Z,"{""service"":""bellOff""}",attributes,spans,580706b33949,railway-consumer,ce14f7a295663134,475bac6772e07653f6b514cf11b8a145
,,490,2025-12-01T13:17:45.976701674Z,2025-12-01T14:17:45.976701674Z,2025-12-01T13:50:17.572838559Z,"{""service"":""bellOff""}",attributes,spans,580706b33949,railway-consumer,ce2ac5bb44458bc0,2b25b680e8b172c050467f308d256948
,,491,2025-12-01T13:17:45.976701674Z,2025-12-01T14:17:45.976701674Z,2025-12-01T13:52:42.5729344Z,"{""service"":""bellOff""}",attributes,spans,580706b33949,railway-consumer,cf29019f0cd5d266,46211ca77af34d13e1d1812abdff6aa6
,,492,2025-12-01T13:17:45.976701674Z,2025-12-01T14:17:45.976701674Z,2025-12-01T13:57:26.183541156Z,"{""service"":""bellOff""}",attributes,spans,580706b33949,railway-consumer,cf7e67114b3606e1,cfb4c58f79cf13cf41e075ed31e7b61d
,,493,2025-12-01T13:17:45.976701674Z,2025-12-01T14:17:45.976701674Z,2025-12-01T13:55:53.574644305Z,"{""service"":""bellOff""}",attributes,spans,580706b33949,railway-consumer,d1999c7038fe9d88,42b9011a477c5759ffcc9c117eb3a255
,,494,2025-12-01T13:17:45.976701674Z,2025-12-01T14:17:45.976701674Z,2025-12-01T13:49:21.570695955Z,"{""service"":""bellOff""}",attributes,spans,580706b33949,railway-consumer,d1b2e6a1a63eee88,b2c003f8b8242236ab5cc8479779bcd7
,,495,2025-12-01T13:17:45.976701674Z,2025-12-01T14:17:45.976701674Z,2025-12-01T13:53:08.568587728Z,"{""service"":""bellOff""}",attributes,spans,580706b33949,railway-consumer,d2abe65e470afa75,8269066abc5a4f7002992235765bdd43
,,496,2025-12-01T13:17:45.976701674Z,2025-12-01T14:17:45.976701674Z,2025-12-01T13:50:20.570271329Z,"{""service"":""bellOff""}",attributes,spans,580706b33949,railway-consumer,d375056de809c5d8,3bd184bbd51a8fd770bd5a79f3403dd8
,,497,2025-12-01T13:17:45.976701674Z,2025-12-01T14:17:45.976701674Z,2025-12-01T13:51:23.574926348Z,"{""service"":""bellOff""}",attributes,spans,580706b33949,railway-consumer,d42e116ee2776b05,74ea60d99a6590732cf80e4a0239e024
,,498,2025-12-01T13:17:45.976701674Z,2025-12-01T14:17:45.976701674Z,2025-12-01T13:48:29.584164802Z,"{""service"":""bellOff""}",attributes,spans,580706b33949,railway-consumer,d4a1fd3aa45a514f,4fc8297423ac74da0bc097a861712557
,,499,2025-12-01T13:17:45.976701674Z,2025-12-01T14:17:45.976701674Z,2025-12-01T13:58:36.488884856Z,"{""service"":""bellOff""}",attributes,spans,580706b33949,railway-consumer,d4c1ac2374b7e34d,94ef2d3239d596fed864ef30a540e5d5
,,500,2025-12-01T13:17:45.976701674Z,2025-12-01T14:17:45.976701674Z,2025-12-01T13:51:56.573354963Z,"{""service"":""bellOff""}",attributes,spans,580706b33949,railway-consumer,d55b6f7509f93894,f13c35d61ccfcc22fd90f90bc0a80372
,,501,2025-12-01T13:17:45.976701674Z,2025-12-01T14:17:45.976701674Z,2025-12-01T13:57:09.485762218Z,"{""service"":""bellOff""}",attributes,spans,580706b33949,railway-consumer,d571d1b2cc59ffed,78815730a61cb91ed9fe27094a8b0892
,,502,2025-12-01T13:17:45.976701674Z,2025-12-01T14:17:45.976701674Z,2025-12-01T13:49:44.572212623Z,"{""service"":""bellOff""}",attributes,spans,580706b33949,railway-consumer,d59608be0decd970,91bbfb961308ee8c5215c914fe0415c0
,,503,2025-12-01T13:17:45.976701674Z,2025-12-01T14:17:45.976701674Z,2025-12-01T13:56:22.575325688Z,"{""service"":""bellOff""}",attributes,spans,580706b33949,railway-consumer,d6415da402962985,e9aff2d1a9086d932e068d348d882e05
,,504,2025-12-01T13:17:45.976701674Z,2025-12-01T14:17:45.976701674Z,2025-12-01T13:48:21.578226635Z,"{""service"":""bellOff""}",attributes,spans,580706b33949,railway-consumer,d825e00b5ebe1d71,06ca5627c34da6b5ed0535b30bf16a78
,,505,2025-12-01T13:17:45.976701674Z,2025-12-01T14:17:45.976701674Z,2025-12-01T13:55:21.568296312Z,"{""service"":""bellOff""}",attributes,spans,580706b33949,railway-consumer,d912c0a47b0dfa2d,8451d02e9e668d06f29af7f8f00a37fa
,,506,2025-12-01T13:17:45.976701674Z,2025-12-01T14:17:45.976701674Z,2025-12-01T13:48:25.574181599Z,"{""service"":""bellOff""}",attributes,spans,580706b33949,railway-consumer,d97cdc9470b1dbbe,7320e1276f309abed1db5dc1354a4461
,,507,2025-12-01T13:17:45.976701674Z,2025-12-01T14:17:45.976701674Z,2025-12-01T13:51:51.573635561Z,"{""service"":""bellOff""}",attributes,spans,580706b33949,railway-consumer,d995317c0ea532c8,83202445bde6b12e87b58b55014b9c36
,,508,2025-12-01T13:17:45.976701674Z,2025-12-01T14:17:45.976701674Z,2025-12-01T13:57:19.580510111Z,"{""service"":""bellOff""}",attributes,spans,580706b33949,railway-consumer,d9b10ef987d0745b,06a3aec74b59750d9ca8b69ef688550c
,,509,2025-12-01T13:17:45.976701674Z,2025-12-01T14:17:45.976701674Z,2025-12-01T13:54:32.568389069Z,"{""service"":""bellOff""}",attributes,spans,580706b33949,railway-consumer,db716aa509ddb043,b38e5d60fd8b72a11a0b2fbc4b16f487
,,510,2025-12-01T13:17:45.976701674Z,2025-12-01T14:17:45.976701674Z,2025-12-01T13:50:54.571763226Z,"{""service"":""bellOff""}",attributes,spans,580706b33949,railway-consumer,db922c81b0830368,98fdf9e927459302e85939b2a9c7513f
,,511,2025-12-01T13:17:45.976701674Z,2025-12-01T14:17:45.976701674Z,2025-12-01T13:57:30.817323074Z,"{""service"":""bellOff""}",attributes,spans,580706b33949,railway-consumer,dba0d8c4c73ccced,12b08a03363e910bc769e5c67adc6e31
,,512,2025-12-01T13:17:45.976701674Z,2025-12-01T14:17:45.976701674Z,2025-12-01T13:50:11.57395798Z,"{""service"":""bellOff""}",attributes,spans,580706b33949,railway-consumer,dc09f3afcb910319,81cb55915f09e90d933f827a97be6a8a
,,513,2025-12-01T13:17:45.976701674Z,2025-12-01T14:17:45.976701674Z,2025-12-01T13:51:03.574634582Z,"{""service"":""bellOff""}",attributes,spans,580706b33949,railway-consumer,dd67a830545d2a44,b80bbe7157d61656f661816a251ce3fd
,,514,2025-12-01T13:17:45.976701674Z,2025-12-01T14:17:45.976701674Z,2025-12-01T13:54:04.575141901Z,"{""service"":""bellOff""}",attributes,spans,580706b33949,railway-consumer,dd8997f600f21583,e67b9e310945b40f1628fff6a264a732
,,515,2025-12-01T13:17:45.976701674Z,2025-12-01T14:17:45.976701674Z,2025-12-01T13:53:46.569589156Z,"{""service"":""bellOff""}",attributes,spans,580706b33949,railway-consumer,dd9de9f1042e987f,0eafa0445711784156591290d1f5b87f
,,516,2025-12-01T13:17:45.976701674Z,2025-12-01T14:17:45.976701674Z,2025-12-01T13:50:21.574758031Z,"{""service"":""bellOff""}",attributes,spans,580706b33949,railway-consumer,ddd28c9a0bc152e1,8ec3d1abc1491dd4d85559a9476e87a4
,,517,2025-12-01T13:17:45.976701674Z,2025-12-01T14:17:45.976701674Z,2025-12-01T13:49:25.573307697Z,"{""service"":""bellOff""}",attributes,spans,580706b33949,railway-consumer,ddefb12c9e1ffffe,c442b5fbf883078dbc3dfa186545a9de
,,518,2025-12-01T13:17:45.976701674Z,2025-12-01T14:17:45.976701674Z,2025-12-01T13:51:12.570615515Z,"{""service"":""bellOff""}",attributes,spans,580706b33949,railway-consumer,def689603cf8d20f,a940eecff2ad5739f44c0f5e5a11d69a
,,519,2025-12-01T13:17:45.976701674Z,2025-12-01T14:17:45.976701674Z,2025-12-01T13:54:03.576193262Z,"{""service"":""bellOff""}",attributes,spans,580706b33949,railway-consumer,df599aa45f45883a,cd5361dfded4359d083d80d8db068ca4
,,520,2025-12-01T13:17:45.976701674Z,2025-12-01T14:17:45.976701674Z,2025-12-01T13:56:12.56967713Z,"{""service"":""bellOff""}",attributes,spans,580706b33949,railway-consumer,df6e448f73ebfa9a,3bb6314dc329d3b66c295cf6083f2dd3
,,521,2025-12-01T13:17:45.976701674Z,2025-12-01T14:17:45.976701674Z,2025-12-01T13:56:42.195669547Z,"{""service"":""bellOff""}",attributes,spans,580706b33949,railway-consumer,dfd562af2f4ebaaf,c34144a9ecf8943d0012d766007d564a
,,522,2025-12-01T13:17:45.976701674Z,2025-12-01T14:17:45.976701674Z,2025-12-01T13:49:15.578726706Z,"{""service"":""bellOff""}",attributes,spans,580706b33949,railway-consumer,e0498a045c04efd3,ce365ee17fb525499454aeeee8698725
,,523,2025-12-01T13:17:45.976701674Z,2025-12-01T14:17:45.976701674Z,2025-12-01T13:49:11.575282573Z,"{""service"":""bellOff""}",attributes,spans,580706b33949,railway-consumer,e0954d04f08e2f35,a27a2846dbd0237dc36bbc784f68b8be
,,524,2025-12-01T13:17:45.976701674Z,2025-12-01T14:17:45.976701674Z,2025-12-01T13:52:57.569342098Z,"{""service"":""bellOff""}",attributes,spans,580706b33949,railway-consumer,e0bf91a3c33447b1,bdefd461f2fb189736d3eda39108c2e9
,,525,2025-12-01T13:17:45.976701674Z,2025-12-01T14:17:45.976701674Z,2025-12-01T13:55:30.871652627Z,"{""service"":""bellOff""}",attributes,spans,580706b33949,railway-consumer,e1213b34bb2a2111,622bb1f44ce00d8862eaf87f2969d7d1
,,526,2025-12-01T13:17:45.976701674Z,2025-12-01T14:17:45.976701674Z,2025-12-01T13:51:21.573203165Z,"{""service"":""bellOff""}",attributes,spans,580706b33949,railway-consumer,e1b4e6a2bcd3e6ca,0b72bff074d2af70a2f47c3de4a0f604
,,527,2025-12-01T13:17:45.976701674Z,2025-12-01T14:17:45.976701674Z,2025-12-01T13:52:09.571619588Z,"{""service"":""bellOff""}",attributes,spans,580706b33949,railway-consumer,e2b12fb579234b0e,88b37b1b12f585a99110b9484b7b24c8
,,528,2025-12-01T13:17:45.976701674Z,2025-12-01T14:17:45.976701674Z,2025-12-01T13:56:13.568509594Z,"{""service"":""bellOff""}",attributes,spans,580706b33949,railway-consumer,e2ef91e7c0198291,40c6b29f6d09fe0f9c8f16a2bb2b1467
,,529,2025-12-01T13:17:45.976701674Z,2025-12-01T14:17:45.976701674Z,2025-12-01T13:55:26.568656696Z,"{""service"":""bellOff""}",attributes,spans,580706b33949,railway-consumer,e3242576ef1fc0fb,0be253d4ce4fef4f9632e7471ffcf497
,,530,2025-12-01T13:17:45.976701674Z,2025-12-01T14:17:45.976701674Z,2025-12-01T13:53:21.572331352Z,"{""service"":""bellOff""}",attributes,spans,580706b33949,railway-consumer,e3a63d88c84ac995,ba193ac383d4f8f9a072c3bb07ac2a48
,,531,2025-12-01T13:17:45.976701674Z,2025-12-01T14:17:45.976701674Z,2025-12-01T13:48:54.57410041Z,"{""service"":""bellOff""}",attributes,spans,580706b33949,railway-consumer,e4576233ababf6e9,c5b998da8c44abf2e52bfc7f58e4713e
,,532,2025-12-01T13:17:45.976701674Z,2025-12-01T14:17:45.976701674Z,2025-12-01T13:54:40.568490718Z,"{""service"":""bellOff""}",attributes,spans,580706b33949,railway-consumer,e4cc444ba70a113d,d48b002820f5c4feccc0f4410663476f
,,533,2025-12-01T13:17:45.976701674Z,2025-12-01T14:17:45.976701674Z,2025-12-01T13:49:18.574682214Z,"{""service"":""bellOff""}",attributes,spans,580706b33949,railway-consumer,e57d3b17efc31b6e,0e54b364ebd396f72d081e5b53d72751
,,534,2025-12-01T13:17:45.976701674Z,2025-12-01T14:17:45.976701674Z,2025-12-01T13:58:38.57899711Z,"{""service"":""bellOff""}",attributes,spans,580706b33949,railway-consumer,e58a1eabaaa042dc,605cdcc515df2c48f7746769c33e3ddf
,,535,2025-12-01T13:17:45.976701674Z,2025-12-01T14:17:45.976701674Z,2025-12-01T13:52:20.573694597Z,"{""service"":""bellOff""}",attributes,spans,580706b33949,railway-consumer,e5cfa179af5ce817,532d36cc361c24fa13240bde4ebd6a56
,,536,2025-12-01T13:17:45.976701674Z,2025-12-01T14:17:45.976701674Z,2025-12-01T13:51:09.573548479Z,"{""service"":""bellOff""}",attributes,spans,580706b33949,railway-consumer,e5eb8b6ada552eba,71e7da6bd59ab295cd7cf82a7843e06a
,,537,2025-12-01T13:17:45.976701674Z,2025-12-01T14:17:45.976701674Z,2025-12-01T13:58:40.540452989Z,"{""service"":""bellOff""}",attributes,spans,580706b33949,railway-consumer,e5f1175af0e54f61,0e2109d373ccf7112834daee8d80ab97
,,538,2025-12-01T13:17:45.976701674Z,2025-12-01T14:17:45.976701674Z,2025-12-01T13:49:07.575051439Z,"{""service"":""bellOff""}",attributes,spans,580706b33949,railway-consumer,e7b3a22239cc2abb,d8aab888155b44f7157d4188afbf9fb9
,,539,2025-12-01T13:17:45.976701674Z,2025-12-01T14:17:45.976701674Z,2025-12-01T13:53:03.569145342Z,"{""service"":""bellOff""}",attributes,spans,580706b33949,railway-consumer,e7c60819cf205a56,882b271d7633434299ba57444e2d740b
,,540,2025-12-01T13:17:45.976701674Z,2025-12-01T14:17:45.976701674Z,2025-12-01T13:50:50.573241823Z,"{""service"":""bellOff""}",attributes,spans,580706b33949,railway-consumer,e7ebcad3d17b8460,b51a97e6a14be9164a8e032fb56f737c
,,541,2025-12-01T13:17:45.976701674Z,2025-12-01T14:17:45.976701674Z,2025-12-01T13:53:27.569087485Z,"{""service"":""bellOff""}",attributes,spans,580706b33949,railway-consumer,e7ffbe8d9eff6212,68fd1818309366a3687ade6967a86eca
,,542,2025-12-01T13:17:45.976701674Z,2025-12-01T14:17:45.976701674Z,2025-12-01T13:58:43.568958605Z,"{""service"":""bellOff""}",attributes,spans,580706b33949,railway-consumer,e84618ea9e8eed39,ed88ba223df4ae36e2328fc6526b02ab
,,543,2025-12-01T13:17:45.976701674Z,2025-12-01T14:17:45.976701674Z,2025-12-01T13:55:54.576917644Z,"{""service"":""bellOff""}",attributes,spans,580706b33949,railway-consumer,e962de39e4e72e6d,85bb5b7550632f2ccea7fb3aec3eeb6f
,,544,2025-12-01T13:17:45.976701674Z,2025-12-01T14:17:45.976701674Z,2025-12-01T13:54:50.568400789Z,"{""service"":""bellOff""}",attributes,spans,580706b33949,railway-consumer,ea8799f6778a2d52,8fd0597a9589ab22d8d022a9d976c019
,,545,2025-12-01T13:17:45.976701674Z,2025-12-01T14:17:45.976701674Z,2025-12-01T13:54:18.573579101Z,"{""service"":""bellOff""}",attributes,spans,580706b33949,railway-consumer,eab396f6fd116b13,9c2a381dee9ad711812b89aa5d788ad8
,,546,2025-12-01T13:17:45.976701674Z,2025-12-01T14:17:45.976701674Z,2025-12-01T13:54:21.568464208Z,"{""service"":""bellOff""}",attributes,spans,580706b33949,railway-consumer,ead8a7a6442fc7ac,f332ef00bb497cce6af11c40f9482653
,,547,2025-12-01T13:17:45.976701674Z,2025-12-01T14:17:45.976701674Z,2025-12-01T13:53:50.569161778Z,"{""service"":""bellOff""}",attributes,spans,580706b33949,railway-consumer,eaf6b4015773e1a4,0849bd56ea282d5185ea3110201b2201
,,548,2025-12-01T13:17:45.976701674Z,2025-12-01T14:17:45.976701674Z,2025-12-01T13:58:25.605879325Z,"{""service"":""bellOff""}",attributes,spans,580706b33949,railway-consumer,eb396ed7a1ce88d0,3085aeb18d79fadd5eaa4b3ac52193ea
,,549,2025-12-01T13:17:45.976701674Z,2025-12-01T14:17:45.976701674Z,2025-12-01T13:58:14.083068984Z,"{""service"":""bellOff""}",attributes,spans,580706b33949,railway-consumer,eb4d8c96f9990493,5d416c5d6792906c24d446f7e5b8ffc6
,,550,2025-12-01T13:17:45.976701674Z,2025-12-01T14:17:45.976701674Z,2025-12-01T13:58:39.555147045Z,"{""service"":""bellOff""}",attributes,spans,580706b33949,railway-consumer,eb7cf3722061995c,d87752378a532ecd41ace1ec8764a481
,,551,2025-12-01T13:17:45.976701674Z,2025-12-01T14:17:45.976701674Z,2025-12-01T13:48:26.575491534Z,"{""service"":""bellOff""}",attributes,spans,580706b33949,railway-consumer,eb900ce438c308eb,13bb7ef4c2503d4b2ea61b58de2ba40f
,,552,2025-12-01T13:17:45.976701674Z,2025-12-01T14:17:45.976701674Z,2025-12-01T13:57:53.925964745Z,"{""service"":""bellOff""}",attributes,spans,580706b33949,railway-consumer,ebd8524668ccd498,c589f0de70cd937d454d13a57d9f7036
,,553,2025-12-01T13:17:45.976701674Z,2025-12-01T14:17:45.976701674Z,2025-12-01T13:54:44.568751184Z,"{""service"":""bellOff""}",attributes,spans,580706b33949,railway-consumer,ee5a8ad5df1938f9,bea66d04ac1e92c5f2003ef8d713c55c
,,554,2025-12-01T13:17:45.976701674Z,2025-12-01T14:17:45.976701674Z,2025-12-01T13:57:49.528365127Z,"{""service"":""bellOff""}",attributes,spans,580706b33949,railway-consumer,ee948ccd6071be87,17398a0305854ca9f1bb59c07a4aab1b
,,555,2025-12-01T13:17:45.976701674Z,2025-12-01T14:17:45.976701674Z,2025-12-01T13:55:51.575168766Z,"{""service"":""bellOff""}",attributes,spans,580706b33949,railway-consumer,eeb080d32c0f7e7a,1af67e089bf3131af9fcda2dd41a3248
,,556,2025-12-01T13:17:45.976701674Z,2025-12-01T14:17:45.976701674Z,2025-12-01T13:51:26.572046824Z,"{""service"":""bellOff""}",attributes,spans,580706b33949,railway-consumer,eed47032edcd2e34,c5da144a722edb65e135627d4583dd9b
,,557,2025-12-01T13:17:45.976701674Z,2025-12-01T14:17:45.976701674Z,2025-12-01T13:48:30.579573357Z,"{""service"":""bellOff""}",attributes,spans,580706b33949,railway-consumer,eeec83091a97a82a,3f1ec415940cf84531cbebe5775cf187
,,558,2025-12-01T13:17:45.976701674Z,2025-12-01T14:17:45.976701674Z,2025-12-01T13:55:46.57108746Z,"{""service"":""bellOff""}",attributes,spans,580706b33949,railway-consumer,eeeee3503370c0b1,5be633ef4a529d1b951652366fc12ea2
,,559,2025-12-01T13:17:45.976701674Z,2025-12-01T14:17:45.976701674Z,2025-12-01T13:55:01.569374355Z,"{""service"":""bellOff""}",attributes,spans,580706b33949,railway-consumer,ef2c92e231ddf503,abd9858f278bd606160da23a5bbc1c6f
,,560,2025-12-01T13:17:45.976701674Z,2025-12-01T14:17:45.976701674Z,2025-12-01T13:56:09.572036992Z,"{""service"":""bellOff""}",attributes,spans,580706b33949,railway-consumer,efe94cbb78e1425a,e00cd381a256c7275aba24f0323042a2
,,561,2025-12-01T13:17:45.976701674Z,2025-12-01T14:17:45.976701674Z,2025-12-01T13:48:41.576306071Z,"{""service"":""bellOff""}",attributes,spans,580706b33949,railway-consumer,f2141e6dee641e2b,04efad5662d11d98c1f101d33f86992b
,,562,2025-12-01T13:17:45.976701674Z,2025-12-01T14:17:45.976701674Z,2025-12-01T13:58:20.047590145Z,"{""service"":""bellOff""}",attributes,spans,580706b33949,railway-consumer,f2575cc90a1ae49e,9a457e359d64f3d830023289b47f6c1a
,,563,2025-12-01T13:17:45.976701674Z,2025-12-01T14:17:45.976701674Z,2025-12-01T13:56:04.569051715Z,"{""service"":""bellOff""}",attributes,spans,580706b33949,railway-consumer,f270a4f61ae151ee,9db6dcc44f229900870ad1326ac5a1a6
,,564,2025-12-01T13:17:45.976701674Z,2025-12-01T14:17:45.976701674Z,2025-12-01T13:52:44.568254445Z,"{""service"":""bellOff""}",attributes,spans,580706b33949,railway-consumer,f2858518f415aae4,73ae42c2f31f4d964a325b9d66c61889
,,565,2025-12-01T13:17:45.976701674Z,2025-12-01T14:17:45.976701674Z,2025-12-01T13:54:49.568579144Z,"{""service"":""bellOff""}",attributes,spans,580706b33949,railway-consumer,f33a6de3c1847a6d,671636ba0a3386b85af47d8dc96d267f
,,566,2025-12-01T13:17:45.976701674Z,2025-12-01T14:17:45.976701674Z,2025-12-01T13:49:41.575031755Z,"{""service"":""bellOff""}",attributes,spans,580706b33949,railway-consumer,f348cf3dd668caaa,a97bce9cb010a4e142a2fb55fc4b7bc5
,,567,2025-12-01T13:17:45.976701674Z,2025-12-01T14:17:45.976701674Z,2025-12-01T13:52:31.568343404Z,"{""service"":""bellOff""}",attributes,spans,580706b33949,railway-consumer,f34cfc64381f9ca0,92bc1310fc7839964302e354d675428b
,,568,2025-12-01T13:17:45.976701674Z,2025-12-01T14:17:45.976701674Z,2025-12-01T13:51:15.575442278Z,"{""service"":""bellOff""}",attributes,spans,580706b33949,railway-consumer,f35826cc319e617b,3da17acb211abfd02a90b2c6852b32fa
,,569,2025-12-01T13:17:45.976701674Z,2025-12-01T14:17:45.976701674Z,2025-12-01T13:57:39.01706581Z,"{""service"":""bellOff""}",attributes,spans,580706b33949,railway-consumer,f431961ea526641d,f9ffa1783886b75653b4ab64cb56f624
,,570,2025-12-01T13:17:45.976701674Z,2025-12-01T14:17:45.976701674Z,2025-12-01T13:58:32.72148491Z,"{""service"":""bellOff""}",attributes,spans,580706b33949,railway-consumer,f469b76e8d6e0579,d77aabefdd4ed9daf22afd1976a72e10
,,571,2025-12-01T13:17:45.976701674Z,2025-12-01T14:17:45.976701674Z,2025-12-01T13:55:35.704016711Z,"{""service"":""bellOff""}",attributes,spans,580706b33949,railway-consumer,f46d69c4165fa179,eabacc36d8d45d29c3f5673a1366ebd1
,,572,2025-12-01T13:17:45.976701674Z,2025-12-01T14:17:45.976701674Z,2025-12-01T13:56:31.571584935Z,"{""service"":""bellOff""}",attributes,spans,580706b33949,railway-consumer,f4d2f54e27390e9a,770dbfa17da005ec699687184040d2f2
,,573,2025-12-01T13:17:45.976701674Z,2025-12-01T14:17:45.976701674Z,2025-12-01T13:54:42.568447693Z,"{""service"":""bellOff""}",attributes,spans,580706b33949,railway-consumer,f504d1e0dfb4b3b5,c233d377d349efe65d9b7f7a26664221
,,574,2025-12-01T13:17:45.976701674Z,2025-12-01T14:17:45.976701674Z,2025-12-01T13:57:37.426161048Z,"{""service"":""bellOff""}",attributes,spans,580706b33949,railway-consumer,f53acc575f6bf52f,6103c0b55aced7338ad5c78121d23fc2
,,575,2025-12-01T13:17:45.976701674Z,2025-12-01T14:17:45.976701674Z,2025-12-01T13:49:16.571806266Z,"{""service"":""bellOff""}",attributes,spans,580706b33949,railway-consumer,f5d00e1d00746192,c44970ca2b59c37483a5f2f2d5fbfb66
,,576,2025-12-01T13:17:45.976701674Z,2025-12-01T14:17:45.976701674Z,2025-12-01T13:56:37.060529295Z,"{""service"":""bellOff""}",attributes,spans,580706b33949,railway-consumer,f60293c4eea9dc91,6cbd02d19e7f040f6879aa329c5cd13e
,,577,2025-12-01T13:17:45.976701674Z,2025-12-01T14:17:45.976701674Z,2025-12-01T13:53:07.569245861Z,"{""service"":""bellOff""}",attributes,spans,580706b33949,railway-consumer,f708daae8db72bcc,9f9863f9e5d5a80c1361aec3991aca3d
,,578,2025-12-01T13:17:45.976701674Z,2025-12-01T14:17:45.976701674Z,2025-12-01T13:55:22.568551043Z,"{""service"":""bellOff""}",attributes,spans,580706b33949,railway-consumer,f79dc7f87c126029,02bcca50312dd30a9066f5de16eca266
,,579,2025-12-01T13:17:45.976701674Z,2025-12-01T14:17:45.976701674Z,2025-12-01T13:52:13.568288714Z,"{""service"":""bellOff""}",attributes,spans,580706b33949,railway-consumer,f86c6883f03d80bb,44978564a2016d49ba2cf869ccdc219a
,,580,2025-12-01T13:17:45.976701674Z,2025-12-01T14:17:45.976701674Z,2025-12-01T13:57:11.141929431Z,"{""service"":""bellOff""}",attributes,spans,580706b33949,railway-consumer,f897ac8d099b13ae,40cd6adf07cde5345cb5d8ac94630c4a
,,581,2025-12-01T13:17:45.976701674Z,2025-12-01T14:17:45.976701674Z,2025-12-01T13:54:17.568193541Z,"{""service"":""bellOff""}",attributes,spans,580706b33949,railway-consumer,f8e01e45c6ebff1d,9e3848ef364f2f58e80550293beffb70
,,582,2025-12-01T13:17:45.976701674Z,2025-12-01T14:17:45.976701674Z,2025-12-01T13:49:51.573522952Z,"{""service"":""bellOff""}",attributes,spans,580706b33949,railway-consumer,f8fb7d09fbfa8367,193447082b39e23e417a030379a6647a
,,583,2025-12-01T13:17:45.976701674Z,2025-12-01T14:17:45.976701674Z,2025-12-01T13:49:29.575783139Z,"{""service"":""bellOff""}",attributes,spans,580706b33949,railway-consumer,f9a5536c280c052d,fbfff643c69aae2f7138cf43723d87e7
,,584,2025-12-01T13:17:45.976701674Z,2025-12-01T14:17:45.976701674Z,2025-12-01T13:56:00.571251885Z,"{""service"":""bellOff""}",attributes,spans,580706b33949,railway-consumer,f9a6369edd59cb63,6ae6b8bfa85616564cbf4b4ac071e09e
,,585,2025-12-01T13:17:45.976701674Z,2025-12-01T14:17:45.976701674Z,2025-12-01T13:54:34.569845806Z,"{""service"":""bellOff""}",attributes,spans,580706b33949,railway-consumer,f9be753bcf9a26d0,715575390d8490dfd83f4d217dbdf9d2
,,586,2025-12-01T13:17:45.976701674Z,2025-12-01T14:17:45.976701674Z,2025-12-01T13:53:04.569039294Z,"{""service"":""bellOff""}",attributes,spans,580706b33949,railway-consumer,f9d9588af82e723c,db574bff5bc3a09dfb9fcfdeec6bf885
,,587,2025-12-01T13:17:45.976701674Z,2025-12-01T14:17:45.976701674Z,2025-12-01T13:52:38.574029872Z,"{""service"":""bellOff""}",attributes,spans,580706b33949,railway-consumer,fab5eac47c71ea5f,c99d032cec3891917cecc850ac3935ad
,,588,2025-12-01T13:17:45.976701674Z,2025-12-01T14:17:45.976701674Z,2025-12-01T13:55:20.568524199Z,"{""service"":""bellOff""}",attributes,spans,580706b33949,railway-consumer,fb77dae7d46ede50,47bf0d406c81b4ecb0d8358820e1b4a3
,,589,2025-12-01T13:17:45.976701674Z,2025-12-01T14:17:45.976701674Z,2025-12-01T13:56:30.571161387Z,"{""service"":""bellOff""}",attributes,spans,580706b33949,railway-consumer,fb9c9fa8aeb053e1,9d48031c3ba4b62d9ef02f54b401064a
,,590,2025-12-01T13:17:45.976701674Z,2025-12-01T14:17:45.976701674Z,2025-12-01T13:49:30.574675406Z,"{""service"":""bellOff""}",attributes,spans,580706b33949,railway-consumer,fc03b78a983fcc14,328007fdcab068431c9a3109ed833d57
,,591,2025-12-01T13:17:45.976701674Z,2025-12-01T14:17:45.976701674Z,2025-12-01T13:51:49.570497124Z,"{""service"":""bellOff""}",attributes,spans,580706b33949,railway-consumer,fc1ba08c1c675bb4,c53148b7fdb21ad92f356be1d4ab66cb
,,592,2025-12-01T13:17:45.976701674Z,2025-12-01T14:17:45.976701674Z,2025-12-01T13:49:55.572100535Z,"{""service"":""bellOff""}",attributes,spans,580706b33949,railway-consumer,fcc81d1ae51bb4fc,e4146fc53c2e0f5729a260e04bf85a34
,,593,2025-12-01T13:17:45.976701674Z,2025-12-01T14:17:45.976701674Z,2025-12-01T13:50:42.574522701Z,"{""service"":""bellOff""}",attributes,spans,580706b33949,railway-consumer,fd7fe9df615c0ba6,985f027b11f2a7fcd8a6892976f21247
,,594,2025-12-01T13:17:45.976701674Z,2025-12-01T14:17:45.976701674Z,2025-12-01T13:57:35.43617491Z,"{""service"":""bellOff""}",attributes,spans,580706b33949,railway-consumer,fd9ad2db767c463a,2721eb1814f727018e66bbd392f2c21b
,,595,2025-12-01T13:17:45.976701674Z,2025-12-01T14:17:45.976701674Z,2025-12-01T13:56:57.57191657Z,"{""service"":""bellOff""}",attributes,spans,580706b33949,railway-consumer,fdeb56826a47289e,ca1323f73b5ef99f39d36db6591e76ed
,,596,2025-12-01T13:17:45.976701674Z,2025-12-01T14:17:45.976701674Z,2025-12-01T13:53:44.568453896Z,"{""service"":""bellOff""}",attributes,spans,580706b33949,railway-consumer,fe8e9791c9bdb103,02a357a20dedb95940a453b46e91d4fb
,,597,2025-12-01T13:17:45.976701674Z,2025-12-01T14:17:45.976701674Z,2025-12-01T13:51:02.572926612Z,"{""service"":""bellOff""}",attributes,spans,580706b33949,railway-consumer,feba6ba6f8eb9cfc,8eefc93044cb9f9f464db6602fff6502
,,598,2025-12-01T13:17:45.976701674Z,2025-12-01T14:17:45.976701674Z,2025-12-01T13:56:50.175363198Z,"{""service"":""bellOff""}",attributes,spans,580706b33949,railway-consumer,ff2fc7ca613349c9,ae30893c7d66c0253b962a1cba0195d6
,,599,2025-12-01T13:17:45.976701674Z,2025-12-01T14:17:45.976701674Z,2025-12-01T13:51:59.572750386Z,"{""service"":""bellOff""}",attributes,spans,580706b33949,railway-consumer,ff4ea70a1b4567fc,cd4f8c425b64d2f8e9b5e83112fa05c2
,,600,2025-12-01T13:17:45.976701674Z,2025-12-01T14:17:45.976701674Z,2025-12-01T13:53:58.732615025Z,"{""interval"":56605}",attributes,spans,580706b33949,railway-simulation,00080052860e3c00,7653b05f18fe2d0fa8306d6b7a814253
,,601,2025-12-01T13:17:45.976701674Z,2025-12-01T14:17:45.976701674Z,2025-12-01T13:48:47.733363857Z,"{""interval"":5290}",attributes,spans,580706b33949,railway-simulation,001ef4e513bc957a,4549d9388fd8994a0ccfa07980847d2b
,,602,2025-12-01T13:17:45.976701674Z,2025-12-01T14:17:45.976701674Z,2025-12-01T13:50:28.732607007Z,"{""interval"":21955}",attributes,spans,580706b33949,railway-simulation,0022ff6d1a96e87b,ece4bfbed12e2a703ea3d60aa7932ba9
,,603,2025-12-01T13:17:45.976701674Z,2025-12-01T14:17:45.976701674Z,2025-12-01T13:56:04.232686141Z,"{""interval"":77395}",attributes,spans,580706b33949,railway-simulation,00316c5dd3c174ba,0f341cfae362a79763764904338a0801
,,604,2025-12-01T13:17:45.976701674Z,2025-12-01T14:17:45.976701674Z,2025-12-01T13:56:18.566080106Z,"{""interval"":79705}",attributes,spans,580706b33949,railway-simulation,0040552472676509,44bbbf571bae962c339a0cdc91212fb7
,,605,2025-12-01T13:17:45.976701674Z,2025-12-01T14:17:45.976701674Z,2025-12-01T13:53:19.732695752Z,"{""interval"":50170}",attributes,spans,580706b33949,railway-simulation,004b6c888b2785f6,cf45f42904bc976503c53b19f67d1744
,,606,2025-12-01T13:17:45.976701674Z,2025-12-01T14:17:45.976701674Z,2025-12-01T13:49:16.066475228Z,"{""interval"":10075}",attributes,spans,580706b33949,railway-simulation,004f438e87c5dcaf,80de60073f0e03bdf1d2f6cf4c62bbcf
,,607,2025-12-01T13:17:45.976701674Z,2025-12-01T14:17:45.976701674Z,2025-12-01T13:54:25.565903976Z,"{""interval"":61060}",attributes,spans,580706b33949,railway-simulation,006328916cf586e6,757abdf3693e1db5f7b590bbf1b3e7c9
,,608,2025-12-01T13:17:45.976701674Z,2025-12-01T14:17:45.976701674Z,2025-12-01T13:52:14.23258412Z,"{""interval"":39445}",attributes,spans,580706b33949,railway-simulation,0065eccaa9c82505,5a38a231e6431b0c2f1d8bc2f4c8dc77
,,609,2025-12-01T13:17:45.976701674Z,2025-12-01T14:17:45.976701674Z,2025-12-01T13:55:12.399230084Z,"{""interval"":68815}",attributes,spans,580706b33949,railway-simulation,0087f925fe167d63,322d3ae52ea3ad34ece304b6edb4c6e1
,,610,2025-12-01T13:17:45.976701674Z,2025-12-01T14:17:45.976701674Z,2025-12-01T13:56:39.527874541Z,"{""interval"":83170}",attributes,spans,580706b33949,railway-simulation,008c3be5e2ba9960,fb155704ae2690d43f61ba1df027166a
,,611,2025-12-01T13:17:45.976701674Z,2025-12-01T14:17:45.976701674Z,2025-12-01T13:54:02.065979286Z,"{""interval"":57265}",attributes,spans,580706b33949,railway-simulation,00c8b7a807978c8f,ae3d0639948827670e4b1e7d0df5b85f
,,612,2025-12-01T13:17:45.976701674Z,2025-12-01T14:17:45.976701674Z,2025-12-01T13:55:59.566098067Z,"{""interval"":76570}",attributes,spans,580706b33949,railway-simulation,00ca5a1954d44c4f,2f0609a09bd443c74fe6932170a2a00c
,,613,2025-12-01T13:17:45.976701674Z,2025-12-01T14:17:45.976701674Z,2025-12-01T13:58:48.59142883Z,"{""interval"":99835}",attributes,spans,580706b33949,railway-simulation,00d229a56dc6709d,1c655a01af5cd3ec3fac5e06419a8f33
,,614,2025-12-01T13:17:45.976701674Z,2025-12-01T14:17:45.976701674Z,2025-12-01T13:52:13.232554496Z,"{""interval"":39280}",attributes,spans,580706b33949,railway-simulation,00d77f2305b1da7c,7841c006206e0cf9a108bcf1d8d9df1e
,,615,2025-12-01T13:17:45.976701674Z,2025-12-01T14:17:45.976701674Z,2025-12-01T13:56:46.404807134Z,"{""interval"":84160}",attributes,spans,580706b33949,railway-simulation,00de6b3daf26809c,a914fbc9d72a37dce49b2d5ca12eb69c
,,616,2025-12-01T13:17:45.976701674Z,2025-12-01T14:17:45.976701674Z,2025-12-01T13:49:43.06596939Z,"{""interval"":14530}",attributes,spans,580706b33949,railway-simulation,00df8483fd23249f,620ae92f1f8b5032933f18d1c89ae884
,,617,2025-12-01T13:17:45.976701674Z,2025-12-01T14:17:45.976701674Z,2025-12-01T13:55:47.899511799Z,"{""interval"":74590}",attributes,spans,580706b33949,railway-simulation,00e2db82108c6d70,b70a2e526aff3a06885a7e8210c5c814
,,618,2025-12-01T13:17:45.976701674Z,2025-12-01T14:17:45.976701674Z,2025-12-01T13:58:26.633791304Z,"{""interval"":96205}",attributes,spans,580706b33949,railway-simulation,01063938e09b4143,e7d84a8a76666e250b70378c7249f3c1
,,619,2025-12-01T13:17:45.976701674Z,2025-12-01T14:17:45.976701674Z,2025-12-01T13:50:57.565976216Z,"{""interval"":26740}",attributes,spans,580706b33949,railway-simulation,011236a59a17a420,99e7feae1a602c019beb3e437d2c8ccb
,,620,2025-12-01T13:17:45.976701674Z,2025-12-01T14:17:45.976701674Z,2025-12-01T13:56:32.902525366Z,"{""interval"":82015}",attributes,spans,580706b33949,railway-simulation,0127b3124df5839f,7c6f52dfa1bac15a26042240a01d82f8
,,621,2025-12-01T13:17:45.976701674Z,2025-12-01T14:17:45.976701674Z,2025-12-01T13:56:16.899355687Z,"{""interval"":79375}",attributes,spans,580706b33949,railway-simulation,014d9416e011b3dc,b65c35104baff9059da9cd7d8b8d2f8d
,,622,2025-12-01T13:17:45.976701674Z,2025-12-01T14:17:45.976701674Z,2025-12-01T13:53:19.232611735Z,"{""interval"":50170}",attributes,spans,580706b33949,railway-simulation,01535efd1c7b82cc,3760423b0399ad2f8a2152ee809438b6
,,623,2025-12-01T13:17:45.976701674Z,2025-12-01T14:17:45.976701674Z,2025-12-01T13:48:57.399230672Z,"{""interval"":6940}",attributes,spans,580706b33949,railway-simulation,0154d519d0153d91,2539634281ca22a52c3fcebef9db92dc
,,624,2025-12-01T13:17:45.976701674Z,2025-12-01T14:17:45.976701674Z,2025-12-01T13:49:59.399681286Z,"{""interval"":17170}",attributes,spans,580706b33949,railway-simulation,0158c97028eaa968,de480384da2670020ff78a1fcf6619b0
,,625,2025-12-01T13:17:45.976701674Z,2025-12-01T14:17:45.976701674Z,2025-12-01T13:48:25.565393908Z,"{""interval"":1660}",attributes,spans,580706b33949,railway-simulation,0162cb25f3603851,7320e1276f309abed1db5dc1354a4461
,,626,2025-12-01T13:17:45.976701674Z,2025-12-01T14:17:45.976701674Z,2025-12-01T13:49:37.900061133Z,"{""interval"":13540.000000000002}",attributes,spans,580706b33949,railway-simulation,017bdd33ed561360,757e0dd5c9e633d85d2c1f7dfdbef463
,,627,2025-12-01T13:17:45.976701674Z,2025-12-01T14:17:45.976701674Z,2025-12-01T13:51:28.23286468Z,"{""interval"":31854.999999999996}",attributes,spans,580706b33949,railway-simulation,019ce637281c1cae,2d91887c97a611dc7f3fd5a9f1b773a6
,,628,2025-12-01T13:17:45.976701674Z,2025-12-01T14:17:45.976701674Z,2025-12-01T13:50:05.566667514Z,"{""interval"":18160}",attributes,spans,580706b33949,railway-simulation,019f006f5c0aa499,5faa9424508d41ce962e5011a8a057ba
,,629,2025-12-01T13:17:45.976701674Z,2025-12-01T14:17:45.976701674Z,2025-12-01T13:53:10.732700799Z,"{""interval"":48685}",attributes,spans,580706b33949,railway-simulation,01c7210bf4cd6fdd,0241f40f696186150b4af17f5b4c0e41
,,630,2025-12-01T13:17:45.976701674Z,2025-12-01T14:17:45.976701674Z,2025-12-01T13:51:29.066039668Z,"{""interval"":32020.000000000004}",attributes,spans,580706b33949,railway-simulation,01c7473205315d0f,7a45ab7c485d150372a11dd6b38d1801
,,631,2025-12-01T13:17:45.976701674Z,2025-12-01T14:17:45.976701674Z,2025-12-01T13:49:37.232592695Z,"{""interval"":13540.000000000002}",attributes,spans,580706b33949,railway-simulation,01cd02d1978bdc60,b9f2e5d978cd77f61acdb8376685ffb0
,,632,2025-12-01T13:17:45.976701674Z,2025-12-01T14:17:45.976701674Z,2025-12-01T13:52:51.232550283Z,"{""interval"":45550}",attributes,spans,580706b33949,railway-simulation,01db3c1f709f5a8c,66420d3447bad45fcce2acc711c05d0d
,,633,2025-12-01T13:17:45.976701674Z,2025-12-01T14:17:45.976701674Z,2025-12-01T13:58:34.511558948Z,"{""interval"":97525}",attributes,spans,580706b33949,railway-simulation,01f2f74dd797cc80,917bc9828cf65c85991511e502eb0d8b
,,634,2025-12-01T13:17:45.976701674Z,2025-12-01T14:17:45.976701674Z,2025-12-01T13:49:36.399226795Z,"{""interval"":13375}",attributes,spans,580706b33949,railway-simulation,0203b0e617597b04,d399be4d71fb539f1b9ab131a29ed131
,,635,2025-12-01T13:17:45.976701674Z,2025-12-01T14:17:45.976701674Z,2025-12-01T13:50:49.566059066Z,"{""interval"":25420}",attributes,spans,580706b33949,railway-simulation,0206d80b1d10ab3e,3cb7a954feedb3739d71c4aa54ead879
,,636,2025-12-01T13:17:45.976701674Z,2025-12-01T14:17:45.976701674Z,2025-12-01T13:50:30.733084207Z,"{""interval"":22285}",attributes,spans,580706b33949,railway-simulation,022b06b9b1071dce,d1c205a7d492194120121ae76372fe75
,,637,2025-12-01T13:17:45.976701674Z,2025-12-01T14:17:45.976701674Z,2025-12-01T13:53:19.899384322Z,"{""interval"":50170}",attributes,spans,580706b33949,railway-simulation,025dd138bc06e5a5,33c3d36bb20bff7617a7ad26f7465503
,,638,2025-12-01T13:17:45.976701674Z,2025-12-01T14:17:45.976701674Z,2025-12-01T13:51:12.23266721Z,"{""interval"":29214.999999999996}",attributes,spans,580706b33949,railway-simulation,028bf38e40d99293,a808da57d1894cf0198c442ac803aa7d
,,639,2025-12-01T13:17:45.976701674Z,2025-12-01T14:17:45.976701674Z,2025-12-01T13:51:33.566084258Z,"{""interval"":32680}",attributes,spans,580706b33949,railway-simulation,029034ebd5c7c815,eeb289540159f7f14718bbbb8812e83f
,,640,2025-12-01T13:17:45.976701674Z,2025-12-01T14:17:45.976701674Z,2025-12-01T13:56:16.566009925Z,"{""interval"":79375}",attributes,spans,580706b33949,railway-simulation,02952fa7d3e05441,0f03d540a434aac35df5ab04132182de
,,641,2025-12-01T13:17:45.976701674Z,2025-12-01T14:17:45.976701674Z,2025-12-01T13:58:01.954663385Z,"{""interval"":93400}",attributes,spans,580706b33949,railway-simulation,02976333593978a8,c88c147e054b9c1dc1e43ba6d463fbc2
,,642,2025-12-01T13:17:45.976701674Z,2025-12-01T14:17:45.976701674Z,2025-12-01T13:51:45.565913981Z,"{""interval"":34660}",attributes,spans,580706b33949,railway-simulation,02b4f8bd1b329f0f,9b3687b0d8701fd2d4cb389a908da872
,,643,2025-12-01T13:17:45.976701674Z,2025-12-01T14:17:45.976701674Z,2025-12-01T13:51:44.89921521Z,"{""interval"":34495}",attributes,spans,580706b33949,railway-simulation,02c0c9aa1883f144,72b8fcf22ca1268d460718b898405dbe
,,644,2025-12-01T13:17:45.976701674Z,2025-12-01T14:17:45.976701674Z,2025-12-01T13:56:12.566035494Z,"{""interval"":78715}",attributes,spans,580706b33949,railway-simulation,02e4bb07661770cf,3bb6314dc329d3b66c295cf6083f2dd3
,,645,2025-12-01T13:17:45.976701674Z,2025-12-01T14:17:45.976701674Z,2025-12-01T13:49:14.899894098Z,"{""interval"":9745}",attributes,spans,580706b33949,railway-simulation,02e7c0a0e17d9591,fcda7fd89bc1ed44cec2915830ba695e
,,646,2025-12-01T13:17:45.976701674Z,2025-12-01T14:17:45.976701674Z,2025-12-01T13:49:14.066479105Z,"{""interval"":9745}",attributes,spans,580706b33949,railway-simulation,02e98229cc7d51be,e7ac461cbfc4bf95eeab22b9ff8961bb
,,647,2025-12-01T13:17:45.976701674Z,2025-12-01T14:17:45.976701674Z,2025-12-01T13:51:59.732583291Z,"{""interval"":36970}",attributes,spans,580706b33949,railway-simulation,034eb546d95f71ee,d090e9ef940d2d5cb02505242ce9dee2
,,648,2025-12-01T13:17:45.976701674Z,2025-12-01T14:17:45.976701674Z,2025-12-01T13:49:51.899225004Z,"{""interval"":15850}",attributes,spans,580706b33949,railway-simulation,035f78db4af9ab0a,d857ec7cb6263e03e8c27d85886935e9
,,649,2025-12-01T13:17:45.976701674Z,2025-12-01T14:17:45.976701674Z,2025-12-01T13:53:00.565950114Z,"{""interval"":47035}",attributes,spans,580706b33949,railway-simulation,03869e623fe8a91e,225eaf0e4c31943874fc9a338a0513b5
,,650,2025-12-01T13:17:45.976701674Z,2025-12-01T14:17:45.976701674Z,2025-12-01T13:58:31.250088566Z,"{""interval"":97030}",attributes,spans,580706b33949,railway-simulation,038c107d72522b06,e94c3b5c0ce381ca28e96d86a1ffc7cd
,,651,2025-12-01T13:17:45.976701674Z,2025-12-01T14:17:45.976701674Z,2025-12-01T13:57:24.308338463Z,"{""interval"":89275}",attributes,spans,580706b33949,railway-simulation,038edc71fdf34161,dba4017c82eb8dcd01da1aab062623c0
,,652,2025-12-01T13:17:45.976701674Z,2025-12-01T14:17:45.976701674Z,2025-12-01T13:52:49.732565686Z,"{""interval"":45220}",attributes,spans,580706b33949,railway-simulation,0396f0f5f638bc09,6bc5cf2ab40d409c6456317416bd1278
,,653,2025-12-01T13:17:45.976701674Z,2025-12-01T14:17:45.976701674Z,2025-12-01T13:49:16.566247908Z,"{""interval"":10075}",attributes,spans,580706b33949,railway-simulation,03b93d2a5899e50d,c44970ca2b59c37483a5f2f2d5fbfb66
,,654,2025-12-01T13:17:45.976701674Z,2025-12-01T14:17:45.976701674Z,2025-12-01T13:50:20.399308832Z,"{""interval"":20635}",attributes,spans,580706b33949,railway-simulation,03c559550568607b,311a386e3b58d6d7e9660e542588a32d
,,655,2025-12-01T13:17:45.976701674Z,2025-12-01T14:17:45.976701674Z,2025-12-01T13:52:48.232552414Z,"{""interval"":45055}",attributes,spans,580706b33949,railway-simulation,03cf63bb33c5523e,ab36f181007366b2ee104a5c1d54aef6
,,656,2025-12-01T13:17:45.976701674Z,2025-12-01T14:17:45.976701674Z,2025-12-01T13:57:58.86766998Z,"{""interval"":93070}",attributes,spans,580706b33949,railway-simulation,03eb1c05c0e04f7c,fb116faae9b8015cff6d892d7993a184
,,657,2025-12-01T13:17:45.976701674Z,2025-12-01T14:17:45.976701674Z,2025-12-01T13:49:24.733081349Z,"{""interval"":11395}",attributes,spans,580706b33949,railway-simulation,03edfcf4061ee441,ffd76f436bb4f795718ac30906fab409
,,658,2025-12-01T13:17:45.976701674Z,2025-12-01T14:17:45.976701674Z,2025-12-01T13:52:58.06592027Z,"{""interval"":46705}",attributes,spans,580706b33949,railway-simulation,03ee3fa47ca2b146,d882f6dde85e1c19203fa08405f8a96a
,,659,2025-12-01T13:17:45.976701674Z,2025-12-01T14:17:45.976701674Z,2025-12-01T13:54:34.081842697Z,"{""interval"":62545}",attributes,spans,580706b33949,railway-simulation,040bde514818d26b,8a71aa7da5fa592c238498db7fe773b9
,,660,2025-12-01T13:17:45.976701674Z,2025-12-01T14:17:45.976701674Z,2025-12-01T13:52:21.232602771Z,"{""interval"":40600}",attributes,spans,580706b33949,railway-simulation,041dc3101def2173,b480ded71f8e8ccf0a1e5b71de02f768
,,661,2025-12-01T13:17:45.976701674Z,2025-12-01T14:17:45.976701674Z,2025-12-01T13:51:45.232572472Z,"{""interval"":34660}",attributes,spans,580706b33949,railway-simulation,0420708e75bcde2b,6fb8c482d836347978ec8e859e98f94a
,,662,2025-12-01T13:17:45.976701674Z,2025-12-01T14:17:45.976701674Z,2025-12-01T13:54:21.732596369Z,"{""interval"":60400}",attributes,spans,580706b33949,railway-simulation,043cd3379bc6a23b,1bb50160d451d54b365b4b04f83ab1a8
,,663,2025-12-01T13:17:45.976701674Z,2025-12-01T14:17:45.976701674Z,2025-12-01T13:51:28.732649369Z,"{""interval"":31854.999999999996}",attributes,spans,580706b33949,railway-simulation,045bcddd6cbd7d33,36d182f9094613e92919977f0388da9c
,,664,2025-12-01T13:17:45.976701674Z,2025-12-01T14:17:45.976701674Z,2025-12-01T13:53:25.40143559Z,"{""interval"":51160.00000000001}",attributes,spans,580706b33949,railway-simulation,0462b6da7344fb5d,3bb948b48ca41b06ffc399882bee7046
,,665,2025-12-01T13:17:45.976701674Z,2025-12-01T14:17:45.976701674Z,2025-12-01T13:58:11.62774729Z,"{""interval"":94555}",attributes,spans,580706b33949,railway-simulation,0465aa2fa67048af,a488190a78c4675396b51802839a603d
,,666,2025-12-01T13:17:45.976701674Z,2025-12-01T14:17:45.976701674Z,2025-12-01T13:55:04.232600704Z,"{""interval"":67495}",attributes,spans,580706b33949,railway-simulation,047b0737d7847264,0fa4d974f6cf67fe2446368b446d087a
,,667,2025-12-01T13:17:45.976701674Z,2025-12-01T14:17:45.976701674Z,2025-12-01T13:55:00.399259287Z,"{""interval"":66835}",attributes,spans,580706b33949,railway-simulation,04918c8b85615d46,73dd09cf34215524d15ec0577f6dc8db
,,668,2025-12-01T13:17:45.976701674Z,2025-12-01T14:17:45.976701674Z,2025-12-01T13:50:39.065944744Z,"{""interval"":23770}",attributes,spans,580706b33949,railway-simulation,049ac003119c4bfa,a1f44fc6e93e86c47e6c469502366205
,,669,2025-12-01T13:17:45.976701674Z,2025-12-01T14:17:45.976701674Z,2025-12-01T13:58:48.295108786Z,"{""interval"":99835}",attributes,spans,580706b33949,railway-simulation,04d05eb33d2e5422,f323b1402ecb7a79a27d8cf501f348c3
,,670,2025-12-01T13:17:45.976701674Z,2025-12-01T14:17:45.976701674Z,2025-12-01T13:49:41.566851662Z,"{""interval"":14200}",attributes,spans,580706b33949,railway-simulation,04d8d8b76a8f2235,a97bce9cb010a4e142a2fb55fc4b7bc5
,,671,2025-12-01T13:17:45.976701674Z,2025-12-01T14:17:45.976701674Z,2025-12-01T13:49:07.566557656Z,"{""interval"":8590}",attributes,spans,580706b33949,railway-simulation,04d9f713bedb1f8f,d8aab888155b44f7157d4188afbf9fb9
,,672,2025-12-01T13:17:45.976701674Z,2025-12-01T14:17:45.976701674Z,2025-12-01T13:50:20.066249012Z,"{""interval"":20635}",attributes,spans,580706b33949,railway-simulation,04dd59eca924462f,050df3ea330b96e3e79f4697a8b28622
,,673,2025-12-01T13:17:45.976701674Z,2025-12-01T14:17:45.976701674Z,2025-12-01T13:53:56.732619134Z,"{""interval"":56275}",attributes,spans,580706b33949,railway-simulation,04fe27f65b15aae9,a152f6ad9006390a134f61003db25b05
,,674,2025-12-01T13:17:45.976701674Z,2025-12-01T14:17:45.976701674Z,2025-12-01T13:57:03.89940249Z,"{""interval"":87130}",attributes,spans,580706b33949,railway-simulation,04fe3bcbc780cb68,d1ca9e844f2e72afa63b2941ad812271
,,675,2025-12-01T13:17:45.976701674Z,2025-12-01T14:17:45.976701674Z,2025-12-01T13:54:06.903131164Z,"{""interval"":57924.99999999999}",attributes,spans,580706b33949,railway-simulation,05367898b19cc0f7,151efb23e79275bd6851a6a10a15ffe0
,,676,2025-12-01T13:17:45.976701674Z,2025-12-01T14:17:45.976701674Z,2025-12-01T13:53:04.232549563Z,"{""interval"":47695}",attributes,spans,580706b33949,railway-simulation,055b230bb4f72851,e0ff8ece775846ef16baee32e80a562d
,,677,2025-12-01T13:17:45.976701674Z,2025-12-01T14:17:45.976701674Z,2025-12-01T13:57:45.135502196Z,"{""interval"":91420}",attributes,spans,580706b33949,railway-simulation,057b4902b8b143fd,4d2d51faebe07d658edca5be71902750
,,678,2025-12-01T13:17:45.976701674Z,2025-12-01T14:17:45.976701674Z,2025-12-01T13:56:36.234440828Z,"{""interval"":82510}",attributes,spans,580706b33949,railway-simulation,058e04f477832d97,9b12425bcfd21d0c5932a260df00681b
,,679,2025-12-01T13:17:45.976701674Z,2025-12-01T14:17:45.976701674Z,2025-12-01T13:52:07.066083606Z,"{""interval"":38290}",attributes,spans,580706b33949,railway-simulation,05be2d740da4665c,8ce0e66bdcfb49a9c0bb24f5e9af4a94
,,680,2025-12-01T13:17:45.976701674Z,2025-12-01T14:17:45.976701674Z,2025-12-01T13:56:56.399397524Z,"{""interval"":85975}",attributes,spans,580706b33949,railway-simulation,061481938dda1138,217c92c7752711172c7a9812f0777d79
,,681,2025-12-01T13:17:45.976701674Z,2025-12-01T14:17:45.976701674Z,2025-12-01T13:56:15.39945997Z,"{""interval"":79210}",attributes,spans,580706b33949,railway-simulation,06345feb2fb79cff,c5cf0f7c79a0e7f8004ec4b2ee66ee02
,,682,2025-12-01T13:17:45.976701674Z,2025-12-01T14:17:45.976701674Z,2025-12-01T13:53:45.565982342Z,"{""interval"":54460}",attributes,spans,580706b33949,railway-simulation,065900cdf411a9ad,a6494000b78fab32cdacc85dfb069c80
,,683,2025-12-01T13:17:45.976701674Z,2025-12-01T14:17:45.976701674Z,2025-12-01T13:56:20.232710434Z,"{""interval"":80035}",attributes,spans,580706b33949,railway-simulation,065c47be2308bf82,2dda2194b398bbe888c5fe2759963f02
,,684,2025-12-01T13:17:45.976701674Z,2025-12-01T14:17:45.976701674Z,2025-12-01T13:54:50.232557613Z,"{""interval"":65185}",attributes,spans,580706b33949,railway-simulation,065faf8341414788,36e4f2bbf76970cc03b5052272c76495
,,685,2025-12-01T13:17:45.976701674Z,2025-12-01T14:17:45.976701674Z,2025-12-01T13:56:11.232844409Z,"{""interval"":78550}",attributes,spans,580706b33949,railway-simulation,068a2dec1398c2c9,1a95dbd4269a3faad21ceb1d185271e9
,,686,2025-12-01T13:17:45.976701674Z,2025-12-01T14:17:45.976701674Z,2025-12-01T13:52:28.565910436Z,"{""interval"":41755}",attributes,spans,580706b33949,railway-simulation,068f850863b2b499,7274c32dbaa5c2a9bbb0887c54a5325a
,,687,2025-12-01T13:17:45.976701674Z,2025-12-01T14:17:45.976701674Z,2025-12-01T13:50:04.899233129Z,"{""interval"":17995}",attributes,spans,580706b33949,railway-simulation,06907f51f8ba117c,ab726cdfd0c15dbc20047cf98a965ecb
,,688,2025-12-01T13:17:45.976701674Z,2025-12-01T14:17:45.976701674Z,2025-12-01T13:49:23.899276234Z,"{""interval"":11230}",attributes,spans,580706b33949,railway-simulation,06a14c2f3b0da742,904f54b67dc529acf2bd39f50eaafd35
,,689,2025-12-01T13:17:45.976701674Z,2025-12-01T14:17:45.976701674Z,2025-12-01T13:50:07.566754141Z,"{""interval"":18490}",attributes,spans,580706b33949,railway-simulation,06b57b8051dc9838,db848e6df722519126fd702b903ce61a
,,690,2025-12-01T13:17:45.976701674Z,2025-12-01T14:17:45.976701674Z,2025-12-01T13:55:16.899259839Z,"{""interval"":69475}",attributes,spans,580706b33949,railway-simulation,06b58097d54dbfa4,4243410dee82aa3f564928f6c021d522
,,691,2025-12-01T13:17:45.976701674Z,2025-12-01T14:17:45.976701674Z,2025-12-01T13:51:36.232592636Z,"{""interval"":33175}",attributes,spans,580706b33949,railway-simulation,06b8de0ee0cc147d,ec901310644e461365e019ec1a1011e8
,,692,2025-12-01T13:17:45.976701674Z,2025-12-01T14:17:45.976701674Z,2025-12-01T13:54:06.569765379Z,"{""interval"":57924.99999999999}",attributes,spans,580706b33949,railway-simulation,06d29f819fd27f64,78d39caa9188261557ae2ab63566b32f
,,693,2025-12-01T13:17:45.976701674Z,2025-12-01T14:17:45.976701674Z,2025-12-01T13:53:52.232557957Z,"{""interval"":55615}",attributes,spans,580706b33949,railway-simulation,06dc3937476ae920,fb0d863de5d0fee6277c83a65572eda2
,,694,2025-12-01T13:17:45.976701674Z,2025-12-01T14:17:45.976701674Z,2025-12-01T13:49:25.400303295Z,"{""interval"":11560}",attributes,spans,580706b33949,railway-simulation,070b083711eb86c4,ba2a678f2220e45f93ba4d5f53abf63b
,,695,2025-12-01T13:17:45.976701674Z,2025-12-01T14:17:45.976701674Z,2025-12-01T13:55:10.899303991Z,"{""interval"":68485}",attributes,spans,580706b33949,railway-simulation,070d637cb8e78637,fae724b00ce83e417146c9b37915c23d
,,696,2025-12-01T13:17:45.976701674Z,2025-12-01T14:17:45.976701674Z,2025-12-01T13:52:06.065933179Z,"{""interval"":38125}",attributes,spans,580706b33949,railway-simulation,070e0524e01e6f17,71f610944620d6ada647c7dc9f72a8dd
,,697,2025-12-01T13:17:45.976701674Z,2025-12-01T14:17:45.976701674Z,2025-12-01T13:58:43.136013954Z,"{""interval"":99010}",attributes,spans,580706b33949,railway-simulation,074982b4a0c5b66b,99acc5784b4b66db4d07da3f52d07c53
,,698,2025-12-01T13:17:45.976701674Z,2025-12-01T14:17:45.976701674Z,2025-12-01T13:49:09.232561916Z,"{""interval"":8920}",attributes,spans,580706b33949,railway-simulation,074b01936a5e56dc,7aab187ea151e412c94cf845f135b5a6
,,699,2025-12-01T13:17:45.976701674Z,2025-12-01T14:17:45.976701674Z,2025-12-01T13:55:09.399281859Z,"{""interval"":68320}",attributes,spans,580706b33949,railway-simulation,076016014c2ebc89,336184bc8e792370a995437523364ebf
,,700,2025-12-01T13:17:45.976701674Z,2025-12-01T14:17:45.976701674Z,2025-12-01T13:52:36.399399527Z,"{""interval"":43075}",attributes,spans,580706b33949,railway-simulation,0767170c0526ea57,8b9ebdbabc4a9cf39abe0ccde6081ee3
,,701,2025-12-01T13:17:45.976701674Z,2025-12-01T14:17:45.976701674Z,2025-12-01T13:55:24.065910996Z,"{""interval"":70795}",attributes,spans,580706b33949,railway-simulation,077062281937e6c5,148d0bec17faca183a52c1614e45ca74
,,702,2025-12-01T13:17:45.976701674Z,2025-12-01T14:17:45.976701674Z,2025-12-01T13:51:20.566030954Z,"{""interval"":30535}",attributes,spans,580706b33949,railway-simulation,07712a54ed853a5d,9330b77649b565ff55050e0e0704da8d
,,703,2025-12-01T13:17:45.976701674Z,2025-12-01T14:17:45.976701674Z,2025-12-01T13:53:11.232740335Z,"{""interval"":48850}",attributes,spans,580706b33949,railway-simulation,0786019fc794e3ff,ac3896f18755302dba59831c8adbf7c3
,,704,2025-12-01T13:17:45.976701674Z,2025-12-01T14:17:45.976701674Z,2025-12-01T13:51:26.39933698Z,"{""interval"":31525}",attributes,spans,580706b33949,railway-simulation,078a1fd56525b447,9666bbb89a8b50ed7982b04c037dd105
,,705,2025-12-01T13:17:45.976701674Z,2025-12-01T14:17:45.976701674Z,2025-12-01T13:57:57.871480137Z,"{""interval"":92905}",attributes,spans,580706b33949,railway-simulation,078f80adb9f79749,b00419deda10d0d7d24cb83becb6e38f
,,706,2025-12-01T13:17:45.976701674Z,2025-12-01T14:17:45.976701674Z,2025-12-01T13:54:27.399277911Z,"{""interval"":61390}",attributes,spans,580706b33949,railway-simulation,07bdf1681748acfb,f4b7ddde34d4d6eb1ad705222b969ec2
,,707,2025-12-01T13:17:45.976701674Z,2025-12-01T14:17:45.976701674Z,2025-12-01T13:50:15.733699288Z,"{""interval"":19810}",attributes,spans,580706b33949,railway-simulation,07db524df008b7e1,b920066a5907484ed3e0888551c15305
,,708,2025-12-01T13:17:45.976701674Z,2025-12-01T14:17:45.976701674Z,2025-12-01T13:49:37.399229953Z,"{""interval"":13540.000000000002}",attributes,spans,580706b33949,railway-simulation,07eb6a09c8c41613,06c5ead25bd14049ae84a0380cca0c72
,,709,2025-12-01T13:17:45.976701674Z,2025-12-01T14:17:45.976701674Z,2025-12-01T13:53:35.899290192Z,"{""interval"":52810}",attributes,spans,580706b33949,railway-simulation,07fa7d5d09642299,4c9fbe57b0f331d673f3a77e79b3f0c3
,,710,2025-12-01T13:17:45.976701674Z,2025-12-01T14:17:45.976701674Z,2025-12-01T13:54:33.402242367Z,"{""interval"":62380}",attributes,spans,580706b33949,railway-simulation,0818e4104ae80abd,a5c9dc6492179256ff9b32f565c7fbd2
,,711,2025-12-01T13:17:45.976701674Z,2025-12-01T14:17:45.976701674Z,2025-12-01T13:55:09.565985828Z,"{""interval"":68320}",attributes,spans,580706b33949,railway-simulation,081b1dc5c0053a6b,16f34f6eac126fa6241e3746a1235f63
,,712,2025-12-01T13:17:45.976701674Z,2025-12-01T14:17:45.976701674Z,2025-12-01T13:55:00.89928764Z,"{""interval"":66835}",attributes,spans,580706b33949,railway-simulation,081e5226f2fb95c1,78b4f9531a9776422abaa5bc807e0dd0
,,713,2025-12-01T13:17:45.976701674Z,2025-12-01T14:17:45.976701674Z,2025-12-01T13:54:59.565974407Z,"{""interval"":66670}",attributes,spans,580706b33949,railway-simulation,083b19ec08e861e4,78a748c37a7622062b25c9fb49be4cdc
,,714,2025-12-01T13:17:45.976701674Z,2025-12-01T14:17:45.976701674Z,2025-12-01T13:48:32.06589944Z,"{""interval"":2815}",attributes,spans,580706b33949,railway-simulation,085852a9a2ab9e88,3291e960c8d0665bfc478b225c2c1db8
,,715,2025-12-01T13:17:45.976701674Z,2025-12-01T14:17:45.976701674Z,2025-12-01T13:54:00.899292015Z,"{""interval"":56934.99999999999}",attributes,spans,580706b33949,railway-simulation,0880f39fc0d92024,9b69dd45f73c0e18ab151a3cf9a1bb05
,,716,2025-12-01T13:17:45.976701674Z,2025-12-01T14:17:45.976701674Z,2025-12-01T13:48:51.066352225Z,"{""interval"":5950}",attributes,spans,580706b33949,railway-simulation,08a60e8fc3491384,83cae99ce1eb24748cf8ebdc96e911e3
,,717,2025-12-01T13:17:45.976701674Z,2025-12-01T14:17:45.976701674Z,2025-12-01T13:48:22.399097653Z,"{""interval"":1165}",attributes,spans,580706b33949,railway-simulation,08a70bc0a7193416,8bbe32209ae2cd9910bab32bd019553d
,,718,2025-12-01T13:17:45.976701674Z,2025-12-01T14:17:45.976701674Z,2025-12-01T13:56:26.399335244Z,"{""interval"":81025}",attributes,spans,580706b33949,railway-simulation,08b23ea7a777f5d4,0ccca76d7b8b61f16685fe1cd43ed4b8
,,719,2025-12-01T13:17:45.976701674Z,2025-12-01T14:17:45.976701674Z,2025-12-01T13:57:42.848953549Z,"{""interval"":91255}",attributes,spans,580706b33949,railway-simulation,08b648c67c51b58c,fe44624ab865ca832ab303df944adc2c
,,720,2025-12-01T13:17:45.976701674Z,2025-12-01T14:17:45.976701674Z,2025-12-01T13:51:33.732729562Z,"{""interval"":32680}",attributes,spans,580706b33949,railway-simulation,08ca1d2c31f8834a,1bbe29fca10f5e3e7127dd9d54ad78ca
,,721,2025-12-01T13:17:45.976701674Z,2025-12-01T14:17:45.976701674Z,2025-12-01T13:55:16.399242173Z,"{""interval"":69475}",attributes,spans,580706b33949,railway-simulation,08d39da2cbfa99d7,4762f91742cc4c320cb5cc476c50c0db
,,722,2025-12-01T13:17:45.976701674Z,2025-12-01T14:17:45.976701674Z,2025-12-01T13:49:18.733413344Z,"{""interval"":10405}",attributes,spans,580706b33949,railway-simulation,08d77568868298b4,cafbf91e18d63a61c48fe0b9a89ef61c
,,723,2025-12-01T13:17:45.976701674Z,2025-12-01T14:17:45.976701674Z,2025-12-01T13:55:38.899270937Z,"{""interval"":73105}",attributes,spans,580706b33949,railway-simulation,08de19cc9bddf38c,e789855a760f7d8a352889c77d7ac2f5
,,724,2025-12-01T13:17:45.976701674Z,2025-12-01T14:17:45.976701674Z,2025-12-01T13:56:57.899581226Z,"{""interval"":86140}",attributes,spans,580706b33949,railway-simulation,08f923d09e2b3a72,5e303d395a771d59aad6b316b0094361
,,725,2025-12-01T13:17:45.976701674Z,2025-12-01T14:17:45.976701674Z,2025-12-01T13:48:43.232573003Z,"{""interval"":4630}",attributes,spans,580706b33949,railway-simulation,08fcf75209be0845,1579807df3fcaee813bc763f510ded62
,,726,2025-12-01T13:17:45.976701674Z,2025-12-01T14:17:45.976701674Z,2025-12-01T13:51:07.732690493Z,"{""interval"":28390}",attributes,spans,580706b33949,railway-simulation,0912e8e3d1bf9d9e,3e4c9696748f05a61ed66cdc49d090d9
,,727,2025-12-01T13:17:45.976701674Z,2025-12-01T14:17:45.976701674Z,2025-12-01T13:52:21.565956237Z,"{""interval"":40600}",attributes,spans,580706b33949,railway-simulation,092786d2c877c018,15ec752e958ba6283551099300420559
,,728,2025-12-01T13:17:45.976701674Z,2025-12-01T14:17:45.976701674Z,2025-12-01T13:52:59.732659996Z,"{""interval"":46870}",attributes,spans,580706b33949,railway-simulation,092d8564e59d8315,1f3b9394660f5fa7a53facc903b1c646
,,729,2025-12-01T13:17:45.976701674Z,2025-12-01T14:17:45.976701674Z,2025-12-01T13:48:23.398640894Z,"{""interval"":1330}",attributes,spans,580706b33949,railway-simulation,092f70e0915b4897,a1649ba33a222cd63893f051c79734b7
,,730,2025-12-01T13:17:45.976701674Z,2025-12-01T14:17:45.976701674Z,2025-12-01T13:49:21.400061714Z,"{""interval"":10900}",attributes,spans,580706b33949,railway-simulation,092fac19c9107177,05b9eef1608db63839afbc09e8f3ce14
,,731,2025-12-01T13:17:45.976701674Z,2025-12-01T14:17:45.976701674Z,2025-12-01T13:56:26.732616623Z,"{""interval"":81025}",attributes,spans,580706b33949,railway-simulation,0970031f4d16ec26,6e11a9fdcefd34291bd58896df4c0458
,,732,2025-12-01T13:17:45.976701674Z,2025-12-01T14:17:45.976701674Z,2025-12-01T13:50:56.232643404Z,"{""interval"":26575.000000000004}",attributes,spans,580706b33949,railway-simulation,0973ad5e89e0697c,f0820dc69d09983b9d2fa453849b8046
,,733,2025-12-01T13:17:45.976701674Z,2025-12-01T14:17:45.976701674Z,2025-12-01T13:50:34.399366009Z,"{""interval"":22945}",attributes,spans,580706b33949,railway-simulation,09832ea0e469a4aa,78801f13396fe35b8ca82cac067f3b06
,,734,2025-12-01T13:17:45.976701674Z,2025-12-01T14:17:45.976701674Z,2025-12-01T13:56:50.33744436Z,"{""interval"":84820}",attributes,spans,580706b33949,railway-simulation,09cca3d7d8a92ce0,3832ca4ed554c103a772308d98555db1
,,735,2025-12-01T13:17:45.976701674Z,2025-12-01T14:17:45.976701674Z,2025-12-01T13:54:56.89933699Z,"{""interval"":66175}",attributes,spans,580706b33949,railway-simulation,09e3150db1ca044d,ebbe5a9a865996c7ba6e3f44e2998244
,,736,2025-12-01T13:17:45.976701674Z,2025-12-01T14:17:45.976701674Z,2025-12-01T13:48:31.733007051Z,"{""interval"":2650}",attributes,spans,580706b33949,railway-simulation,09e90ae6758825fd,7905679e715bab731ddda54600322b94
,,737,2025-12-01T13:17:45.976701674Z,2025-12-01T14:17:45.976701674Z,2025-12-01T13:48:32.899184846Z,"{""interval"":2815}",attributes,spans,580706b33949,railway-simulation,0a05a68cd4e70055,e12e7dac775d799377d616318e03f324
,,738,2025-12-01T13:17:45.976701674Z,2025-12-01T14:17:45.976701674Z,2025-12-01T13:50:33.732604174Z,"{""interval"":22780}",attributes,spans,580706b33949,railway-simulation,0a2e0ca32a730b24,3626983113692936f4f298c64e6851af
,,739,2025-12-01T13:17:45.976701674Z,2025-12-01T14:17:45.976701674Z,2025-12-01T13:55:35.602306199Z,"{""interval"":72610}",attributes,spans,580706b33949,railway-simulation,0a49963ea87a0b38,eabacc36d8d45d29c3f5673a1366ebd1
,,740,2025-12-01T13:17:45.976701674Z,2025-12-01T14:17:45.976701674Z,2025-12-01T13:56:33.399342945Z,"{""interval"":82180}",attributes,spans,580706b33949,railway-simulation,0a50122eb135edb1,90c9543340e702aeb245f81476f6880c
,,741,2025-12-01T13:17:45.976701674Z,2025-12-01T14:17:45.976701674Z,2025-12-01T13:52:10.732686205Z,"{""interval"":38785}",attributes,spans,580706b33949,railway-simulation,0a57fe957a319f23,0897d960ddd296dcf8b72183d3388628
,,742,2025-12-01T13:17:45.976701674Z,2025-12-01T14:17:45.976701674Z,2025-12-01T13:50:27.899304736Z,"{""interval"":21790}",attributes,spans,580706b33949,railway-simulation,0a725ceb25c66df5,19b683d60e5ab07977a87b7d6b6a325b
,,743,2025-12-01T13:17:45.976701674Z,2025-12-01T14:17:45.976701674Z,2025-12-01T13:50:31.732616096Z,"{""interval"":22450}",attributes,spans,580706b33949,railway-simulation,0a7496c993c0ad1b,ee39abba69fc5faaf22afb4f1e8948bc
,,744,2025-12-01T13:17:45.976701674Z,2025-12-01T14:17:45.976701674Z,2025-12-01T13:48:47.066865695Z,"{""interval"":5290}",attributes,spans,580706b33949,railway-simulation,0a836579414d37f7,c52d2cae7b2c5a77e454554ab8ee9e44
,,745,2025-12-01T13:17:45.976701674Z,2025-12-01T14:17:45.976701674Z,2025-12-01T13:50:05.399228086Z,"{""interval"":18160}",attributes,spans,580706b33949,railway-simulation,0a9cd135cb52bd9b,78528f84652da6c4bcc0d526f8efa6a2
,,746,2025-12-01T13:17:45.976701674Z,2025-12-01T14:17:45.976701674Z,2025-12-01T13:52:24.399354023Z,"{""interval"":41095}",attributes,spans,580706b33949,railway-simulation,0aaea77838eaa0dc,1cb83632a6f7e5342625950e85428c02
,,747,2025-12-01T13:17:45.976701674Z,2025-12-01T14:17:45.976701674Z,2025-12-01T13:55:20.73260284Z,"{""interval"":70135}",attributes,spans,580706b33949,railway-simulation,0aba900a5838e6ae,74cac5c78537c8a111ee59ffbb496c4a
,,748,2025-12-01T13:17:45.976701674Z,2025-12-01T14:17:45.976701674Z,2025-12-01T13:49:38.400053289Z,"{""interval"":13705}",attributes,spans,580706b33949,railway-simulation,0ac002f68c50c02a,87bedaa8a00e53cd00f2e4123383ca46
,,749,2025-12-01T13:17:45.976701674Z,2025-12-01T14:17:45.976701674Z,2025-12-01T13:50:30.39939313Z,"{""interval"":22285}",attributes,spans,580706b33949,railway-simulation,0afb42fbf7ff67b2,9876ff3409437f7c3a48445425e7f79e
,,750,2025-12-01T13:17:45.976701674Z,2025-12-01T14:17:45.976701674Z,2025-12-01T13:53:48.899248746Z,"{""interval"":54955.00000000001}",attributes,spans,580706b33949,railway-simulation,0aff61c297efd825,bc09f7401b7c62ecbaac7fc610d86c7e
,,751,2025-12-01T13:17:45.976701674Z,2025-12-01T14:17:45.976701674Z,2025-12-01T13:57:50.230317812Z,"{""interval"":92080}",attributes,spans,580706b33949,railway-simulation,0b00380a45d18e62,e854afe969ec6c71ff77d9ed73248a5d
,,752,2025-12-01T13:17:45.976701674Z,2025-12-01T14:17:45.976701674Z,2025-12-01T13:52:13.732590183Z,"{""interval"":39280}",attributes,spans,580706b33949,railway-simulation,0b114545b7e94444,0cb6d8eb0e6a71ea7b1ee67a434bf1ff
,,753,2025-12-01T13:17:45.976701674Z,2025-12-01T14:17:45.976701674Z,2025-12-01T13:57:38.574208142Z,"{""interval"":90760}",attributes,spans,580706b33949,railway-simulation,0b14ef6e72cc657a,10898ac5e2e83d2ed840bc30b9d62c3b
,,754,2025-12-01T13:17:45.976701674Z,2025-12-01T14:17:45.976701674Z,2025-12-01T13:57:02.433129424Z,"{""interval"":86965}",attributes,spans,580706b33949,railway-simulation,0b1821df034e13de,64fde513858530e1c25c28e396261d00
,,755,2025-12-01T13:17:45.976701674Z,2025-12-01T14:17:45.976701674Z,2025-12-01T13:58:05.456370552Z,"{""interval"":93730}",attributes,spans,580706b33949,railway-simulation,0b358bf0572d9dde,d1ac38cde453196931da04a0279b97ac
,,756,2025-12-01T13:17:45.976701674Z,2025-12-01T14:17:45.976701674Z,2025-12-01T13:51:22.899341268Z,"{""interval"":30865.000000000004}",attributes,spans,580706b33949,railway-simulation,0b4e0bdbfba3dc7a,104a4cd6f95539edb9fe00e98cd8dbf5
,,757,2025-12-01T13:17:45.976701674Z,2025-12-01T14:17:45.976701674Z,2025-12-01T13:50:44.066608763Z,"{""interval"":24595}",attributes,spans,580706b33949,railway-simulation,0b56d594789ef8a3,74326e2ad2b72475d58cdd09e3d8f74a
,,758,2025-12-01T13:17:45.976701674Z,2025-12-01T14:17:45.976701674Z,2025-12-01T13:49:54.732635312Z,"{""interval"":16345}",attributes,spans,580706b33949,railway-simulation,0b579611eca10939,6bb7f6db1d83332069b828ef61beb254
,,759,2025-12-01T13:17:45.976701674Z,2025-12-01T14:17:45.976701674Z,2025-12-01T13:54:17.39926035Z,"{""interval"":59740.00000000001}",attributes,spans,580706b33949,railway-simulation,0b69192c190034ea,a5f256febfc2652baaf36a3c9b60e6e2
,,760,2025-12-01T13:17:45.976701674Z,2025-12-01T14:17:45.976701674Z,2025-12-01T13:53:14.065968171Z,"{""interval"":49345}",attributes,spans,580706b33949,railway-simulation,0b7c84bde9a811e4,3920384d29cbda3917f6b9a0a86794ab
,,761,2025-12-01T13:17:45.976701674Z,2025-12-01T14:17:45.976701674Z,2025-12-01T13:53:03.232559413Z,"{""interval"":47530}",attributes,spans,580706b33949,railway-simulation,0b7cc3b7ffb4c817,5030d58c376887a8cb4aece89be1dabc
,,762,2025-12-01T13:17:45.976701674Z,2025-12-01T14:17:45.976701674Z,2025-12-01T13:55:53.73285954Z,"{""interval"":75580}",attributes,spans,580706b33949,railway-simulation,0b85fb4009e1cd17,e703027253eb9c3b16c1655fac2760ce
,,763,2025-12-01T13:17:45.976701674Z,2025-12-01T14:17:45.976701674Z,2025-12-01T13:50:52.732597626Z,"{""interval"":25915}",attributes,spans,580706b33949,railway-simulation,0b8783e1e5937f7c,b1a75cd068729d2a8c10775b0b880924
,,764,2025-12-01T13:17:45.976701674Z,2025-12-01T14:17:45.976701674Z,2025-12-01T13:54:27.899277966Z,"{""interval"":61390}",attributes,spans,580706b33949,railway-simulation,0ba36225c142d525,c8ccce2d8a180f783669611b2a147acb
,,765,2025-12-01T13:17:45.976701674Z,2025-12-01T14:17:45.976701674Z,2025-12-01T13:55:11.899260906Z,"{""interval"":68650}",attributes,spans,580706b33949,railway-simulation,0bad9a84a9e404f6,17a79dc15039fd9630be8933d9220083
,,766,2025-12-01T13:17:45.976701674Z,2025-12-01T14:17:45.976701674Z,2025-12-01T13:54:01.566201355Z,"{""interval"":57100}",attributes,spans,580706b33949,railway-simulation,0bcec66ea730172b,9a5ed38a3f19cefc626275ac9e10b1c8
,,767,2025-12-01T13:17:45.976701674Z,2025-12-01T14:17:45.976701674Z,2025-12-01T13:50:01.566386015Z,"{""interval"":17500}",attributes,spans,580706b33949,railway-simulation,0bd7d05e9bb78e0e,234343de8c9d76b812f9cff7835cecbc
,,768,2025-12-01T13:17:45.976701674Z,2025-12-01T14:17:45.976701674Z,2025-12-01T13:57:09.362651074Z,"{""interval"":87790}",attributes,spans,580706b33949,railway-simulation,0bd9c3f5107876a4,78815730a61cb91ed9fe27094a8b0892
,,769,2025-12-01T13:17:45.976701674Z,2025-12-01T14:17:45.976701674Z,2025-12-01T13:51:40.565901021Z,"{""interval"":33835}",attributes,spans,580706b33949,railway-simulation,0be64a83a6f06536,3194c3e93aef6adadef1894dbc6dc6b9
,,770,2025-12-01T13:17:45.976701674Z,2025-12-01T14:17:45.976701674Z,2025-12-01T13:51:00.899343576Z,"{""interval"":27235}",attributes,spans,580706b33949,railway-simulation,0c0f0e1e188fbd98,94e17f5b585060f9859ce062866e7889
,,771,2025-12-01T13:17:45.976701674Z,2025-12-01T14:17:45.976701674Z,2025-12-01T13:54:48.232649942Z,"{""interval"":64855}",attributes,spans,580706b33949,railway-simulation,0c2e6de2e6dbcad4,99de812294d2c2fda609ad69c6245568
,,772,2025-12-01T13:17:45.976701674Z,2025-12-01T14:17:45.976701674Z,2025-12-01T13:53:24.899237128Z,"{""interval"":50995}",attributes,spans,580706b33949,railway-simulation,0c31c7659d7576a5,4d503d43e21fe3524d8b26c1e05f59e7
,,773,2025-12-01T13:17:45.976701674Z,2025-12-01T14:17:45.976701674Z,2025-12-01T13:51:48.232564246Z,"{""interval"":35155}",attributes,spans,580706b33949,railway-simulation,0c7df26ecc9ab035,3e3dc13cb502eca7917d65f6fc1f02da
,,774,2025-12-01T13:17:45.976701674Z,2025-12-01T14:17:45.976701674Z,2025-12-01T13:53:34.566059744Z,"{""interval"":52644.99999999999}",attributes,spans,580706b33949,railway-simulation,0c8590595c7cd24c,7f811eab8464a54857a4534186c58429
,,775,2025-12-01T13:17:45.976701674Z,2025-12-01T14:17:45.976701674Z,2025-12-01T13:50:29.232952905Z,"{""interval"":22120}",attributes,spans,580706b33949,railway-simulation,0c8ae2fe64636db7,960c4a8f2d2e39b8442369581e101165
,,776,2025-12-01T13:17:45.976701674Z,2025-12-01T14:17:45.976701674Z,2025-12-01T13:58:41.293741263Z,"{""interval"":98680}",attributes,spans,580706b33949,railway-simulation,0cb50283c5c47c6a,903822c0bf936d3609ddd9ab3a6195e5
,,777,2025-12-01T13:17:45.976701674Z,2025-12-01T14:17:45.976701674Z,2025-12-01T13:51:34.066017451Z,"{""interval"":32845}",attributes,spans,580706b33949,railway-simulation,0cc6030c94764cbd,57522ac8b3d64c36780d2d7f453ddb8f
,,778,2025-12-01T13:17:45.976701674Z,2025-12-01T14:17:45.976701674Z,2025-12-01T13:55:39.065928206Z,"{""interval"":73270}",attributes,spans,580706b33949,railway-simulation,0cc884eb76d08127,374d4cba9e44bae0ba0c1f141440cd6d
,,779,2025-12-01T13:17:45.976701674Z,2025-12-01T14:17:45.976701674Z,2025-12-01T13:48:31.899769491Z,"{""interval"":2650}",attributes,spans,580706b33949,railway-simulation,0cdf538a691eed58,e21eb2d3a2965efa07799780360bed00
,,780,2025-12-01T13:17:45.976701674Z,2025-12-01T14:17:45.976701674Z,2025-12-01T13:54:56.232589435Z,"{""interval"":66175}",attributes,spans,580706b33949,railway-simulation,0ce1daf6e83f3762,29c80be8b5f6e06783f39653afa5d738
,,781,2025-12-01T13:17:45.976701674Z,2025-12-01T14:17:45.976701674Z,2025-12-01T13:55:42.23270325Z,"{""interval"":73765}",attributes,spans,580706b33949,railway-simulation,0cf88940a4438f80,6158af446b2264793bd262c899d34228
,,782,2025-12-01T13:17:45.976701674Z,2025-12-01T14:17:45.976701674Z,2025-12-01T13:56:04.066135729Z,"{""interval"":77395}",attributes,spans,580706b33949,railway-simulation,0d0a178a1bdfcb07,599b64f4a0314216850e4feecbe42a29
,,783,2025-12-01T13:17:45.976701674Z,2025-12-01T14:17:45.976701674Z,2025-12-01T13:55:38.399366245Z,"{""interval"":73105}",attributes,spans,580706b33949,railway-simulation,0d259f1d9c6397c8,b9c5773413ae82d37c682515a7805cb8
,,784,2025-12-01T13:17:45.976701674Z,2025-12-01T14:17:45.976701674Z,2025-12-01T13:51:32.732711167Z,"{""interval"":32515.000000000004}",attributes,spans,580706b33949,railway-simulation,0d35ff27ee0dc50e,1021c87508b54875cddb71e545c4b981
,,785,2025-12-01T13:17:45.976701674Z,2025-12-01T14:17:45.976701674Z,2025-12-01T13:49:10.233298469Z,"{""interval"":9085}",attributes,spans,580706b33949,railway-simulation,0d54b57ef77c9bcb,8498a31d167ae11f3db297937a5885cd
,,786,2025-12-01T13:17:45.976701674Z,2025-12-01T14:17:45.976701674Z,2025-12-01T13:57:31.218750648Z,"{""interval"":89935}",attributes,spans,580706b33949,railway-simulation,0d64c9654676d81d,c9a0b34edabced570a07a39ed0156438
,,787,2025-12-01T13:17:45.976701674Z,2025-12-01T14:17:45.976701674Z,2025-12-01T13:52:43.399272958Z,"{""interval"":44230}",attributes,spans,580706b33949,railway-simulation,0d670e2db38ab981,f682e4eead243434f1d37e192cc8c5ec
,,788,2025-12-01T13:17:45.976701674Z,2025-12-01T14:17:45.976701674Z,2025-12-01T13:52:20.565953037Z,"{""interval"":40435}",attributes,spans,580706b33949,railway-simulation,0d749ced42039f02,532d36cc361c24fa13240bde4ebd6a56
,,789,2025-12-01T13:17:45.976701674Z,2025-12-01T14:17:45.976701674Z,2025-12-01T13:49:33.232634987Z,"{""interval"":12880}",attributes,spans,580706b33949,railway-simulation,0d7704ec91fb87af,680a127ed3e9514d77a9d3f4ddbc8bba
,,790,2025-12-01T13:17:45.976701674Z,2025-12-01T14:17:45.976701674Z,2025-12-01T13:50:19.232558537Z,"{""interval"":20470}",attributes,spans,580706b33949,railway-simulation,0d770f1d6659fc08,7023e33482e5b2a7f60cf02064783dcb
,,791,2025-12-01T13:17:45.976701674Z,2025-12-01T14:17:45.976701674Z,2025-12-01T13:50:29.899761372Z,"{""interval"":22120}",attributes,spans,580706b33949,railway-simulation,0d8a090fa2f95e87,7ea4755159a054b727262ad2222c2f52
,,792,2025-12-01T13:17:45.976701674Z,2025-12-01T14:17:45.976701674Z,2025-12-01T13:56:03.899358463Z,"{""interval"":77230}",attributes,spans,580706b33949,railway-simulation,0d9eb11545870e56,db80669dbdda4b4004f0fbaece444561
,,793,2025-12-01T13:17:45.976701674Z,2025-12-01T14:17:45.976701674Z,2025-12-01T13:53:53.565911394Z,"{""interval"":55780}",attributes,spans,580706b33949,railway-simulation,0da66b84152ed043,c0e933dd83bfc822af1bc6a859590045
,,794,2025-12-01T13:17:45.976701674Z,2025-12-01T14:17:45.976701674Z,2025-12-01T13:55:03.565921622Z,"{""interval"":67330}",attributes,spans,580706b33949,railway-simulation,0dc26bfba812e643,1f4bfd9f8b7b878be1ec16f47326e9a0
,,795,2025-12-01T13:17:45.976701674Z,2025-12-01T14:17:45.976701674Z,2025-12-01T13:50:54.732609112Z,"{""interval"":26245}",attributes,spans,580706b33949,railway-simulation,0dd27bf2c9544037,8ed422ce6979a9486725d72dd85fa32b
,,796,2025-12-01T13:17:45.976701674Z,2025-12-01T14:17:45.976701674Z,2025-12-01T13:53:45.065914683Z,"{""interval"":54460}",attributes,spans,580706b33949,railway-simulation,0ddc1e297fd6c825,3e0d54a17a31501277178991a73582aa
,,797,2025-12-01T13:17:45.976701674Z,2025-12-01T14:17:45.976701674Z,2025-12-01T13:53:04.399232318Z,"{""interval"":47695}",attributes,spans,580706b33949,railway-simulation,0de5a88823a72db4,13bee4253fb8308e05ad6bb47f12214c
,,798,2025-12-01T13:17:45.976701674Z,2025-12-01T14:17:45.976701674Z,2025-12-01T13:58:25.895707453Z,"{""interval"":96040}",attributes,spans,580706b33949,railway-simulation,0e0332f8ceda60f2,1ee0f520934169cea787a7c62711273c
,,799,2025-12-01T13:17:45.976701674Z,2025-12-01T14:17:45.976701674Z,2025-12-01T13:56:09.732796924Z,"{""interval"":78220}",attributes,spans,580706b33949,railway-simulation,0e0f435275cc123b,6b041fe775b4bf35f7eb2050cc28d45d
,,800,2025-12-01T13:17:45.976701674Z,2025-12-01T14:17:45.976701674Z,2025-12-01T13:48:36.566519974Z,"{""interval"":3475}",attributes,spans,580706b33949,railway-simulation,0e1ab94662bc6a4d,06df4ebb253f190a3c592e5d6ffd1b69
,,801,2025-12-01T13:17:45.976701674Z,2025-12-01T14:17:45.976701674Z,2025-12-01T13:54:14.399288004Z,"{""interval"":59245.00000000001}",attributes,spans,580706b33949,railway-simulation,0e2151070b9abebf,cfe5df9f15bcf4a26a2b5203d460e327
,,802,2025-12-01T13:17:45.976701674Z,2025-12-01T14:17:45.976701674Z,2025-12-01T13:55:07.735792613Z,"{""interval"":67990}",attributes,spans,580706b33949,railway-simulation,0e21b663b72a8f81,3988389271bbd764c034c1b360c78a78
,,803,2025-12-01T13:17:45.976701674Z,2025-12-01T14:17:45.976701674Z,2025-12-01T13:57:12.536483662Z,"{""interval"":88120}",attributes,spans,580706b33949,railway-simulation,0e2e802699c949d8,6d2fe3fd664ef21e7bc929c5d32f608a
,,804,2025-12-01T13:17:45.976701674Z,2025-12-01T14:17:45.976701674Z,2025-12-01T13:58:04.407124194Z,"{""interval"":93730}",attributes,spans,580706b33949,railway-simulation,0e4366e184181bc9,a3ca0dbb57cd2d5d932a19134f4200f7
,,805,2025-12-01T13:17:45.976701674Z,2025-12-01T14:17:45.976701674Z,2025-12-01T13:55:41.066010803Z,"{""interval"":73600}",attributes,spans,580706b33949,railway-simulation,0e596b802f24ca26,82435d80a0e6dbf3e808488f809838cc
,,806,2025-12-01T13:17:45.976701674Z,2025-12-01T14:17:45.976701674Z,2025-12-01T13:54:11.73261662Z,"{""interval"":58750.00000000001}",attributes,spans,580706b33949,railway-simulation,0e6d3b8793ce2104,2c3a946830eef563a5a055db933cd6ee
,,807,2025-12-01T13:17:45.976701674Z,2025-12-01T14:17:45.976701674Z,2025-12-01T13:54:02.399441341Z,"{""interval"":57265}",attributes,spans,580706b33949,railway-simulation,0e74ffe5235dffe2,ac816a0502f0a94ba55334dda71e6959
,,808,2025-12-01T13:17:45.976701674Z,2025-12-01T14:17:45.976701674Z,2025-12-01T13:51:04.399327465Z,"{""interval"":27895}",attributes,spans,580706b33949,railway-simulation,0eba3c4e08af679c,94e7ee5bd443a93d789a0f0ab5b13b83
,,809,2025-12-01T13:17:45.976701674Z,2025-12-01T14:17:45.976701674Z,2025-12-01T13:48:21.899101001Z,"{""interval"":1000}",attributes,spans,580706b33949,railway-simulation,0ebec55ffb79e5cd,522c0d285d934fcaa645a0daf5585c2d
,,810,2025-12-01T13:17:45.976701674Z,2025-12-01T14:17:45.976701674Z,2025-12-01T13:56:23.065921711Z,"{""interval"":80530}",attributes,spans,580706b33949,railway-simulation,0ec4d14505ebe5ad,4c0554efd96063d6eb642139c57f76a2
,,811,2025-12-01T13:17:45.976701674Z,2025-12-01T14:17:45.976701674Z,2025-12-01T13:53:21.732729825Z,"{""interval"":50500}",attributes,spans,580706b33949,railway-simulation,0eda027411ccc9bd,37192fb2c6b3959d302e7e313b1f818a
,,812,2025-12-01T13:17:45.976701674Z,2025-12-01T14:17:45.976701674Z,2025-12-01T13:50:51.899357016Z,"{""interval"":25750}",attributes,spans,580706b33949,railway-simulation,0f233818597232c8,1ac737f8edd339aaede080d3270cf3eb
,,813,2025-12-01T13:17:45.976701674Z,2025-12-01T14:17:45.976701674Z,2025-12-01T13:55:19.732615127Z,"{""interval"":69970}",attributes,spans,580706b33949,railway-simulation,0f85b7c3c9339af6,aff5bf966a456d9bf75d09472aec5667
,,814,2025-12-01T13:17:45.976701674Z,2025-12-01T14:17:45.976701674Z,2025-12-01T13:53:17.232684419Z,"{""interval"":49840}",attributes,spans,580706b33949,railway-simulation,0fa2b53150e15acc,4e1aba48da0aa367a0860229260970c0
,,815,2025-12-01T13:17:45.976701674Z,2025-12-01T14:17:45.976701674Z,2025-12-01T13:49:29.899543295Z,"{""interval"":12220}",attributes,spans,580706b33949,railway-simulation,0fab5e6174f67cc1,5bdac2b7b35828718ca152f06f354d86
,,816,2025-12-01T13:17:45.976701674Z,2025-12-01T14:17:45.976701674Z,2025-12-01T13:52:27.065958041Z,"{""interval"":41590}",attributes,spans,580706b33949,railway-simulation,0fb54fcbe44bcaf7,51a79933a204ebb0ae5c07cec4a87eb4
,,817,2025-12-01T13:17:45.976701674Z,2025-12-01T14:17:45.976701674Z,2025-12-01T13:52:31.565898807Z,"{""interval"":42250}",attributes,spans,580706b33949,railway-simulation,0fc7d7e19a59ab44,92bc1310fc7839964302e354d675428b
,,818,2025-12-01T13:17:45.976701674Z,2025-12-01T14:17:45.976701674Z,2025-12-01T13:48:38.233525405Z,"{""interval"":3805}",attributes,spans,580706b33949,railway-simulation,0fca194f6dbed7e1,fd306d28a2cd43279ce6e7e3c609ef4b
,,819,2025-12-01T13:17:45.976701674Z,2025-12-01T14:17:45.976701674Z,2025-12-01T13:50:27.065982768Z,"{""interval"":21790}",attributes,spans,580706b33949,railway-simulation,0fde01ac965599ad,3407da89342e5c8d37dcbffd56fdd263
,,820,2025-12-01T13:17:45.976701674Z,2025-12-01T14:17:45.976701674Z,2025-12-01T13:53:09.732645089Z,"{""interval"":48520}",attributes,spans,580706b33949,railway-simulation,1009598b49d640ad,c3cce5b1fd749d7dca663db31a431b5b
,,821,2025-12-01T13:17:45.976701674Z,2025-12-01T14:17:45.976701674Z,2025-12-01T13:52:25.565969495Z,"{""interval"":41260}",attributes,spans,580706b33949,railway-simulation,100a1a59d87ac552,ab7770efa97ecee7dcce8cfbbd8cae88
,,822,2025-12-01T13:17:45.976701674Z,2025-12-01T14:17:45.976701674Z,2025-12-01T13:48:34.398974245Z,"{""interval"":3145}",attributes,spans,580706b33949,railway-simulation,1034989b70a4e2ee,9ec0cb666381f50a02943459df684e65
,,823,2025-12-01T13:17:45.976701674Z,2025-12-01T14:17:45.976701674Z,2025-12-01T13:48:36.065683639Z,"{""interval"":3475}",attributes,spans,580706b33949,railway-simulation,10363e3014f8d404,4dd0cfe69905435da31a0f105b8c843e
,,824,2025-12-01T13:17:45.976701674Z,2025-12-01T14:17:45.976701674Z,2025-12-01T13:57:18.387544282Z,"{""interval"":88615}",attributes,spans,580706b33949,railway-simulation,105e442828c7bec6,c0da1f016feb41dc2ec6b92344fa6401
,,825,2025-12-01T13:17:45.976701674Z,2025-12-01T14:17:45.976701674Z,2025-12-01T13:55:46.733012924Z,"{""interval"":74425}",attributes,spans,580706b33949,railway-simulation,10613408a2983d14,3b320d3651d72cd8bd7ba9aec4ff260c
,,826,2025-12-01T13:17:45.976701674Z,2025-12-01T14:17:45.976701674Z,2025-12-01T13:57:53.987401154Z,"{""interval"":92410}",attributes,spans,580706b33949,railway-simulation,10702fc2a618f7a6,815710d66072927937c9e787030b350f
,,827,2025-12-01T13:17:45.976701674Z,2025-12-01T14:17:45.976701674Z,2025-12-01T13:56:17.232599056Z,"{""interval"":79540}",attributes,spans,580706b33949,railway-simulation,10868ba669eda5c4,e15ee57d1d72d9984adc981251decd93
,,828,2025-12-01T13:17:45.976701674Z,2025-12-01T14:17:45.976701674Z,2025-12-01T13:52:17.899268831Z,"{""interval"":39940}",attributes,spans,580706b33949,railway-simulation,10878966002a376a,a8b938b7db7cc88e828d5e5bd469f7ff
,,829,2025-12-01T13:17:45.976701674Z,2025-12-01T14:17:45.976701674Z,2025-12-01T13:49:18.232689026Z,"{""interval"":10405}",attributes,spans,580706b33949,railway-simulation,109acc95958a5f96,b51411c6368b39c53141b19a41bbeace
,,830,2025-12-01T13:17:45.976701674Z,2025-12-01T14:17:45.976701674Z,2025-12-01T13:54:55.565955619Z,"{""interval"":66010}",attributes,spans,580706b33949,railway-simulation,10c6d3b563390635,fabc69be01eceaceca15c8a4860f6046
,,831,2025-12-01T13:17:45.976701674Z,2025-12-01T14:17:45.976701674Z,2025-12-01T13:49:31.89923386Z,"{""interval"":12550}",attributes,spans,580706b33949,railway-simulation,10dbf0560b90f0d5,e2e5f82ed851780fd6d59e3ec113f55c
,,832,2025-12-01T13:17:45.976701674Z,2025-12-01T14:17:45.976701674Z,2025-12-01T13:50:49.232656399Z,"{""interval"":25420}",attributes,spans,580706b33949,railway-simulation,10dd3088e17f5024,0bbbff3a14bb501d447e6f09f064cb96
,,833,2025-12-01T13:17:45.976701674Z,2025-12-01T14:17:45.976701674Z,2025-12-01T13:54:46.899261879Z,"{""interval"":64525.00000000001}",attributes,spans,580706b33949,railway-simulation,10eef78d2cbe918c,23a28f3ed8ec07ae777edd5943af6db8
,,834,2025-12-01T13:17:45.976701674Z,2025-12-01T14:17:45.976701674Z,2025-12-01T13:56:17.732693648Z,"{""interval"":79540}",attributes,spans,580706b33949,railway-simulation,10f0a5d92799a266,4a3be4cfc0993565eb913feff20c7e7b
,,835,2025-12-01T13:17:45.976701674Z,2025-12-01T14:17:45.976701674Z,2025-12-01T13:52:30.065932288Z,"{""interval"":42085}",attributes,spans,580706b33949,railway-simulation,10fe94c24b6e170c,eab363fabe71cb27d285476f7df0fc45
,,836,2025-12-01T13:17:45.976701674Z,2025-12-01T14:17:45.976701674Z,2025-12-01T13:55:52.566170821Z,"{""interval"":75415}",attributes,spans,580706b33949,railway-simulation,1101f92f9d78c13d,7de572c1986aad6199cd7db99843b18f
,,837,2025-12-01T13:17:45.976701674Z,2025-12-01T14:17:45.976701674Z,2025-12-01T13:50:55.8992352Z,"{""interval"":26410}",attributes,spans,580706b33949,railway-simulation,110b37156a6b261e,7b2ae65dc3d54e4c8cd964884ba14341
,,838,2025-12-01T13:17:45.976701674Z,2025-12-01T14:17:45.976701674Z,2025-12-01T13:56:59.066041571Z,"{""interval"":86470}",attributes,spans,580706b33949,railway-simulation,114284eb92c6d2c4,8d9555325305349134425ecf79ef8630
,,839,2025-12-01T13:17:45.976701674Z,2025-12-01T14:17:45.976701674Z,2025-12-01T13:55:47.233208056Z,"{""interval"":74590}",attributes,spans,580706b33949,railway-simulation,1147b38f65aac02a,a7597f583e7950600969582f037ff148
,,840,2025-12-01T13:17:45.976701674Z,2025-12-01T14:17:45.976701674Z,2025-12-01T13:57:23.494230379Z,"{""interval"":89275}",attributes,spans,580706b33949,railway-simulation,11530f36a9bc7ad3,0a5c8e474d9fdd917372f99023a22703
,,841,2025-12-01T13:17:45.976701674Z,2025-12-01T14:17:45.976701674Z,2025-12-01T13:55:45.566061564Z,"{""interval"":74260}",attributes,spans,580706b33949,railway-simulation,115c378706a4cc3e,39931849621f6a71bbb856f57b58e59f
,,842,2025-12-01T13:17:45.976701674Z,2025-12-01T14:17:45.976701674Z,2025-12-01T13:50:53.899394344Z,"{""interval"":26080.000000000004}",attributes,spans,580706b33949,railway-simulation,11674e24aa783c5b,c30198bc21e512ffbd4c44375f18c001
,,843,2025-12-01T13:17:45.976701674Z,2025-12-01T14:17:45.976701674Z,2025-12-01T13:55:18.232578765Z,"{""interval"":69805}",attributes,spans,580706b33949,railway-simulation,11c7661b62bd55d9,98f174855b88a0f59c836f0b36924ef8
,,844,2025-12-01T13:17:45.976701674Z,2025-12-01T14:17:45.976701674Z,2025-12-01T13:53:27.399345464Z,"{""interval"":51490}",attributes,spans,580706b33949,railway-simulation,11f7737dfa4641ae,4e60ff3a4ecd6f2140413002f6bdd37b
,,845,2025-12-01T13:17:45.976701674Z,2025-12-01T14:17:45.976701674Z,2025-12-01T13:48:54.399199505Z,"{""interval"":6445}",attributes,spans,580706b33949,railway-simulation,120c0f0608f17363,a6d56ef4add1fbb67869ce24df3acc65
,,846,2025-12-01T13:17:45.976701674Z,2025-12-01T14:17:45.976701674Z,2025-12-01T13:53:06.899228724Z,"{""interval"":48025}",attributes,spans,580706b33949,railway-simulation,120d732fff5e09e3,f40741bc5b77605648ce225c41b1a5b5
,,847,2025-12-01T13:17:45.976701674Z,2025-12-01T14:17:45.976701674Z,2025-12-01T13:52:37.899281631Z,"{""interval"":43240}",attributes,spans,580706b33949,railway-simulation,1222c3a115f427fc,4e8239334aec408e80694f6ca8c7bbee
,,848,2025-12-01T13:17:45.976701674Z,2025-12-01T14:17:45.976701674Z,2025-12-01T13:51:49.232549453Z,"{""interval"":35320}",attributes,spans,580706b33949,railway-simulation,1225038e14f341d1,b75c2dd636c81ee883b416d9fca90367
,,849,2025-12-01T13:17:45.976701674Z,2025-12-01T14:17:45.976701674Z,2025-12-01T13:54:58.065948573Z,"{""interval"":66505}",attributes,spans,580706b33949,railway-simulation,1229ece409300d52,e64e56ef22a737c4a9b9ba6517308a38
,,850,2025-12-01T13:17:45.976701674Z,2025-12-01T14:17:45.976701674Z,2025-12-01T13:49:45.732587044Z,"{""interval"":14860.000000000002}",attributes,spans,580706b33949,railway-simulation,1233bacae6a5e3f8,13a8a8842105b04531b274feeff5df24
,,851,2025-12-01T13:17:45.976701674Z,2025-12-01T14:17:45.976701674Z,2025-12-01T13:53:46.732587765Z,"{""interval"":54624.99999999999}",attributes,spans,580706b33949,railway-simulation,123f731860b75543,25f2a677c901c0ea83d7484c686955fa
,,852,2025-12-01T13:17:45.976701674Z,2025-12-01T14:17:45.976701674Z,2025-12-01T13:52:13.399251254Z,"{""interval"":39280}",attributes,spans,580706b33949,railway-simulation,124ccbb996f38269,b85f73cc974870cb74b2a607a290990b
,,853,2025-12-01T13:17:45.976701674Z,2025-12-01T14:17:45.976701674Z,2025-12-01T13:54:15.566077006Z,"{""interval"":59410}",attributes,spans,580706b33949,railway-simulation,127383b5279cfc14,2b0d7d09d288a0b2b4ee829e7644c0bc
,,854,2025-12-01T13:17:45.976701674Z,2025-12-01T14:17:45.976701674Z,2025-12-01T13:53:07.732583999Z,"{""interval"":48190}",attributes,spans,580706b33949,railway-simulation,1278b2e240c24894,6b5aa4c876ddc52561907fb40c4c7118
,,855,2025-12-01T13:17:45.976701674Z,2025-12-01T14:17:45.976701674Z,2025-12-01T13:50:00.732576226Z,"{""interval"":17335}",attributes,spans,580706b33949,railway-simulation,128370d72c650338,71f4ba1a2c5c61182f43cd0820db5a9b
,,856,2025-12-01T13:17:45.976701674Z,2025-12-01T14:17:45.976701674Z,2025-12-01T13:53:35.232592052Z,"{""interval"":52810}",attributes,spans,580706b33949,railway-simulation,129ad12ee69af3a4,65f72092e7df93955c8ed6a5fa6bdb40
,,857,2025-12-01T13:17:45.976701674Z,2025-12-01T14:17:45.976701674Z,2025-12-01T13:52:05.39925701Z,"{""interval"":37960}",attributes,spans,580706b33949,railway-simulation,12a45eed99e3bcd9,b9d593fe49af1aadd4eeaba6268b0769
,,858,2025-12-01T13:17:45.976701674Z,2025-12-01T14:17:45.976701674Z,2025-12-01T13:49:55.733363811Z,"{""interval"":16510}",attributes,spans,580706b33949,railway-simulation,12afddd2c9d604d1,7d865be8023ef34dadc05306ecbdca93
,,859,2025-12-01T13:17:45.976701674Z,2025-12-01T14:17:45.976701674Z,2025-12-01T13:54:43.732626904Z,"{""interval"":64030.00000000001}",attributes,spans,580706b33949,railway-simulation,12ba2f5c6e9bbddc,2f11708c8f0aeb70bc96b0060291fb69
,,860,2025-12-01T13:17:45.976701674Z,2025-12-01T14:17:45.976701674Z,2025-12-01T13:51:52.566030465Z,"{""interval"":35815}",attributes,spans,580706b33949,railway-simulation,12c3d54210485d0b,48c5af88e18bddf7d9a9bcd78525a9ac
,,861,2025-12-01T13:17:45.976701674Z,2025-12-01T14:17:45.976701674Z,2025-12-01T13:49:56.066609101Z,"{""interval"":16675}",attributes,spans,580706b33949,railway-simulation,12d1ea85896646a3,e795fe26a5f42f02d6e3215ecdb6d25f
,,862,2025-12-01T13:17:45.976701674Z,2025-12-01T14:17:45.976701674Z,2025-12-01T13:54:56.399300846Z,"{""interval"":66175}",attributes,spans,580706b33949,railway-simulation,12dbb22f8d6c34b1,00325c7028bf0c676329a3411b6ea017
,,863,2025-12-01T13:17:45.976701674Z,2025-12-01T14:17:45.976701674Z,2025-12-01T13:52:39.065922666Z,"{""interval"":43570}",attributes,spans,580706b33949,railway-simulation,12dd105ac010b6d0,0d62be0b779ae2fa8d0495ba3a4f28a3
,,864,2025-12-01T13:17:45.976701674Z,2025-12-01T14:17:45.976701674Z,2025-12-01T13:50:22.066564624Z,"{""interval"":20965}",attributes,spans,580706b33949,railway-simulation,12e8c9cffd8e9891,99af782d420202032129bd959ddb2df8
,,865,2025-12-01T13:17:45.976701674Z,2025-12-01T14:17:45.976701674Z,2025-12-01T13:49:40.566909327Z,"{""interval"":14034.999999999998}",attributes,spans,580706b33949,railway-simulation,12f672798185407d,92217b0a3fdcae232716666b7b194eea
,,866,2025-12-01T13:17:45.976701674Z,2025-12-01T14:17:45.976701674Z,2025-12-01T13:51:53.899272725Z,"{""interval"":35980}",attributes,spans,580706b33949,railway-simulation,12feee9cb2f60137,82f32d28b0ab303dfe6909abf815dca3
,,867,2025-12-01T13:17:45.976701674Z,2025-12-01T14:17:45.976701674Z,2025-12-01T13:52:47.565915196Z,"{""interval"":44890}",attributes,spans,580706b33949,railway-simulation,1328592485f2e98e,179ed8b0d83dd0ee7a1ffef96c73f679
,,868,2025-12-01T13:17:45.976701674Z,2025-12-01T14:17:45.976701674Z,2025-12-01T13:48:23.065553874Z,"{""interval"":1330}",attributes,spans,580706b33949,railway-simulation,1337615e564fc9d7,57de0e505b1fe204551eb3b38e9e4073
,,869,2025-12-01T13:17:45.976701674Z,2025-12-01T14:17:45.976701674Z,2025-12-01T13:51:30.232588308Z,"{""interval"":32185}",attributes,spans,580706b33949,railway-simulation,134b8ca0afe30544,b9b3576a09c60b493bfa571b053b2676
,,870,2025-12-01T13:17:45.976701674Z,2025-12-01T14:17:45.976701674Z,2025-12-01T13:57:19.484813645Z,"{""interval"":88780}",attributes,spans,580706b33949,railway-simulation,134c9af33531d366,06a3aec74b59750d9ca8b69ef688550c
,,871,2025-12-01T13:17:45.976701674Z,2025-12-01T14:17:45.976701674Z,2025-12-01T13:49:50.066666006Z,"{""interval"":15685.000000000002}",attributes,spans,580706b33949,railway-simulation,13ae038b038dd02f,690f8d7bc994955f94549109d4d225a8
,,872,2025-12-01T13:17:45.976701674Z,2025-12-01T14:17:45.976701674Z,2025-12-01T13:52:55.899281312Z,"{""interval"":46210}",attributes,spans,580706b33949,railway-simulation,13b3a2a4107b79e3,5e3cb3769000a9084526422a2d6c2c84
,,873,2025-12-01T13:17:45.976701674Z,2025-12-01T14:17:45.976701674Z,2025-12-01T13:54:44.899290508Z,"{""interval"":64195}",attributes,spans,580706b33949,railway-simulation,13b704138affb3d1,8af574d587137e68cb4f79ed8c0351d6
,,874,2025-12-01T13:17:45.976701674Z,2025-12-01T14:17:45.976701674Z,2025-12-01T13:51:55.399358303Z,"{""interval"":36310}",attributes,spans,580706b33949,railway-simulation,13e725c4e69cbbdd,e06d8abb39deb70784bb5e3b07d4a519
,,875,2025-12-01T13:17:45.976701674Z,2025-12-01T14:17:45.976701674Z,2025-12-01T13:56:52.974363703Z,"{""interval"":85315}",attributes,spans,580706b33949,railway-simulation,13ea93677be19ed9,0fa17fb48752a6341e59658b24b92194
,,876,2025-12-01T13:17:45.976701674Z,2025-12-01T14:17:45.976701674Z,2025-12-01T13:56:43.88229987Z,"{""interval"":83830}",attributes,spans,580706b33949,railway-simulation,140de3d34274f676,33dd2a7c2bee916c96731560525c2c10
,,877,2025-12-01T13:17:45.976701674Z,2025-12-01T14:17:45.976701674Z,2025-12-01T13:57:26.760676737Z,"{""interval"":89605}",attributes,spans,580706b33949,railway-simulation,14260b5c2bc601bd,3005f7e6d68649ac5ce6f48390e06d79
,,878,2025-12-01T13:17:45.976701674Z,2025-12-01T14:17:45.976701674Z,2025-12-01T13:50:39.399296035Z,"{""interval"":23770}",attributes,spans,580706b33949,railway-simulation,144891d6f1fd479f,a2afb45c2a576765af5e882d88c0675f
,,879,2025-12-01T13:17:45.976701674Z,2025-12-01T14:17:45.976701674Z,2025-12-01T13:58:11.367396629Z,"{""interval"":94390}",attributes,spans,580706b33949,railway-simulation,144dbb3044a73922,8912fd55f7955546b2c976784b9b959c
,,880,2025-12-01T13:17:45.976701674Z,2025-12-01T14:17:45.976701674Z,2025-12-01T13:53:45.899270612Z,"{""interval"":54460}",attributes,spans,580706b33949,railway-simulation,145f259c7aaeec60,f27de39000a44182173589acea725820
,,881,2025-12-01T13:17:45.976701674Z,2025-12-01T14:17:45.976701674Z,2025-12-01T13:48:35.732597569Z,"{""interval"":3310}",attributes,spans,580706b33949,railway-simulation,14605719e2d39482,c53403126a3805d6059608a136c214d4
,,882,2025-12-01T13:17:45.976701674Z,2025-12-01T14:17:45.976701674Z,2025-12-01T13:56:42.0943315Z,"{""interval"":83500}",attributes,spans,580706b33949,railway-simulation,14728c271291245d,c34144a9ecf8943d0012d766007d564a
,,883,2025-12-01T13:17:45.976701674Z,2025-12-01T14:17:45.976701674Z,2025-12-01T13:53:08.232676239Z,"{""interval"":48355}",attributes,spans,580706b33949,railway-simulation,147a9ad4afa345b8,532598b72bcf50c7e0451839c9bede5f
,,884,2025-12-01T13:17:45.976701674Z,2025-12-01T14:17:45.976701674Z,2025-12-01T13:50:19.399256647Z,"{""interval"":20470}",attributes,spans,580706b33949,railway-simulation,14a1014f4f69adb8,c71eba9344abb50fe42fe7ff63595512
,,885,2025-12-01T13:17:45.976701674Z,2025-12-01T14:17:45.976701674Z,2025-12-01T13:57:56.414355843Z,"{""interval"":92740}",attributes,spans,580706b33949,railway-simulation,14d13f20a3a89aaf,4184c476f324edd176705be0d77f1d6b
,,886,2025-12-01T13:17:45.976701674Z,2025-12-01T14:17:45.976701674Z,2025-12-01T13:52:12.565922465Z,"{""interval"":39115}",attributes,spans,580706b33949,railway-simulation,14d5bd19f0ef4138,def4e2ba783ca62306c04d68f83e5550
,,887,2025-12-01T13:17:45.976701674Z,2025-12-01T14:17:45.976701674Z,2025-12-01T13:58:29.619313379Z,"{""interval"":96700}",attributes,spans,580706b33949,railway-simulation,14f1fcfa8bf230d3,5bbdbecbb0a529859be4f790da97e8b1
,,888,2025-12-01T13:17:45.976701674Z,2025-12-01T14:17:45.976701674Z,2025-12-01T13:52:40.39922935Z,"{""interval"":43735}",attributes,spans,580706b33949,railway-simulation,152c156332de3128,2e7c3140868bb964be63419f5404559b
,,889,2025-12-01T13:17:45.976701674Z,2025-12-01T14:17:45.976701674Z,2025-12-01T13:54:40.899238446Z,"{""interval"":63535.00000000001}",attributes,spans,580706b33949,railway-simulation,1530b8de4566cbe4,9a8cc9fb6128b2d61a5e3e1b9cfaab4f
,,890,2025-12-01T13:17:45.976701674Z,2025-12-01T14:17:45.976701674Z,2025-12-01T13:48:22.066302685Z,"{""interval"":1165}",attributes,spans,580706b33949,railway-simulation,153951f2c54db70b,5c72a84c6d83940171d8ae0babbd735a
,,891,2025-12-01T13:17:45.976701674Z,2025-12-01T14:17:45.976701674Z,2025-12-01T13:53:10.565992411Z,"{""interval"":48685}",attributes,spans,580706b33949,railway-simulation,1548f5963799ab7f,406641c76257fb99e0e55976de28d17d
,,892,2025-12-01T13:17:45.976701674Z,2025-12-01T14:17:45.976701674Z,2025-12-01T13:49:43.39976381Z,"{""interval"":14530}",attributes,spans,580706b33949,railway-simulation,1556f1e6817bee29,e9b84cab5033dd9832bfe538b04d1138
,,893,2025-12-01T13:17:45.976701674Z,2025-12-01T14:17:45.976701674Z,2025-12-01T13:54:03.065897454Z,"{""interval"":57429.99999999999}",attributes,spans,580706b33949,railway-simulation,156d14af94a9c997,7413798e76139a20d941fb83eeb0a039
,,894,2025-12-01T13:17:45.976701674Z,2025-12-01T14:17:45.976701674Z,2025-12-01T13:51:57.899257562Z,"{""interval"":36640}",attributes,spans,580706b33949,railway-simulation,15711ca9b5a99d89,67306de1bee12df321111c63ebcb5372
,,895,2025-12-01T13:17:45.976701674Z,2025-12-01T14:17:45.976701674Z,2025-12-01T13:58:34.191107255Z,"{""interval"":97525}",attributes,spans,580706b33949,railway-simulation,15884d9884a0cec3,c0b19739234d88f6e7e58e5bdba638cf
,,896,2025-12-01T13:17:45.976701674Z,2025-12-01T14:17:45.976701674Z,2025-12-01T13:49:32.400253337Z,"{""interval"":12715}",attributes,spans,580706b33949,railway-simulation,158c64b95cc610cb,b6feefd31d2845617d65f6ba333aee33
,,897,2025-12-01T13:17:45.976701674Z,2025-12-01T14:17:45.976701674Z,2025-12-01T13:56:12.399333551Z,"{""interval"":78715}",attributes,spans,580706b33949,railway-simulation,15af908a70001586,4ed2b1a755f426b77df3d74366652915
,,898,2025-12-01T13:17:45.976701674Z,2025-12-01T14:17:45.976701674Z,2025-12-01T13:50:02.566516914Z,"{""interval"":17665}",attributes,spans,580706b33949,railway-simulation,15baeb3dae307086,83936f586be0d143a91df4a82e5c04fe
,,899,2025-12-01T13:17:45.976701674Z,2025-12-01T14:17:45.976701674Z,2025-12-01T13:50:16.733173179Z,"{""interval"":19975}",attributes,spans,580706b33949,railway-simulation,15bf13561cc09d50,d76f739364630bd508f6af61a157601d
,,900,2025-12-01T13:17:45.976701674Z,2025-12-01T14:17:45.976701674Z,2025-12-01T13:52:08.899379436Z,"{""interval"":38455}",attributes,spans,580706b33949,railway-simulation,15c1281da4ec2794,fedb685d6a41c81941e73c1d29d3ea20
,,901,2025-12-01T13:17:45.976701674Z,2025-12-01T14:17:45.976701674Z,2025-12-01T13:53:06.565901689Z,"{""interval"":48025}",attributes,spans,580706b33949,railway-simulation,15dbf9505f315279,dc9544a074679453fa4313f99414f729
,,902,2025-12-01T13:17:45.976701674Z,2025-12-01T14:17:45.976701674Z,2025-12-01T13:57:12.869146809Z,"{""interval"":88120}",attributes,spans,580706b33949,railway-simulation,15f64a840c30e10b,72083d99816df635a27e5e91e0c893ba
,,903,2025-12-01T13:17:45.976701674Z,2025-12-01T14:17:45.976701674Z,2025-12-01T13:51:01.732659945Z,"{""interval"":27400}",attributes,spans,580706b33949,railway-simulation,161237d25f4cfcf3,8b67aae0a4e9e22bcfbb2035bfd74a84
,,904,2025-12-01T13:17:45.976701674Z,2025-12-01T14:17:45.976701674Z,2025-12-01T13:51:18.39920926Z,"{""interval"":30205}",attributes,spans,580706b33949,railway-simulation,1614fb67f9fd8a16,602b485713e3239d64a8ae3777fb0131
,,905,2025-12-01T13:17:45.976701674Z,2025-12-01T14:17:45.976701674Z,2025-12-01T13:54:22.732548633Z,"{""interval"":60565}",attributes,spans,580706b33949,railway-simulation,161626b6c457313c,6d575108a62d5f98735e937abdd23f2b
,,906,2025-12-01T13:17:45.976701674Z,2025-12-01T14:17:45.976701674Z,2025-12-01T13:57:01.804253647Z,"{""interval"":86800}",attributes,spans,580706b33949,railway-simulation,164677297298b814,9664d5cbd46ee6fe5418731f10c4ff5a
,,907,2025-12-01T13:17:45.976701674Z,2025-12-01T14:17:45.976701674Z,2025-12-01T13:50:13.066834338Z,"{""interval"":19480}",attributes,spans,580706b33949,railway-simulation,166088815649d089,46c8b7a7645e8f2929b4e1de26378c9c
,,908,2025-12-01T13:17:45.976701674Z,2025-12-01T14:17:45.976701674Z,2025-12-01T13:49:07.232582154Z,"{""interval"":8590}",attributes,spans,580706b33949,railway-simulation,166e7ccb73028f99,3efac50f7c63e1fbcbb2f3caa2f0913d
,,909,2025-12-01T13:17:45.976701674Z,2025-12-01T14:17:45.976701674Z,2025-12-01T13:50:06.566593963Z,"{""interval"":18325}",attributes,spans,580706b33949,railway-simulation,169e7188ba01b272,cdbc4a32919521c71dbd5611cbe3973b
,,910,2025-12-01T13:17:45.976701674Z,2025-12-01T14:17:45.976701674Z,2025-12-01T13:48:55.566697447Z,"{""interval"":6610}",attributes,spans,580706b33949,railway-simulation,16a14a692800f59c,fe36b6210ee78ffa745a38590e2531b0
,,911,2025-12-01T13:17:45.976701674Z,2025-12-01T14:17:45.976701674Z,2025-12-01T13:52:29.232571415Z,"{""interval"":41920}",attributes,spans,580706b33949,railway-simulation,16c6e439abf9cac8,036ef3397ca512bf7d1274c438e0b8b8
,,912,2025-12-01T13:17:45.976701674Z,2025-12-01T14:17:45.976701674Z,2025-12-01T13:50:50.566007865Z,"{""interval"":25585}",attributes,spans,580706b33949,railway-simulation,16fa6c14371bb8f8,b51a97e6a14be9164a8e032fb56f737c
,,913,2025-12-01T13:17:45.976701674Z,2025-12-01T14:17:45.976701674Z,2025-12-01T13:57:46.711425675Z,"{""interval"":91585}",attributes,spans,580706b33949,railway-simulation,16fd2fdec1e01968,99ac02bbd26f3ec14cc08350491c8387
,,914,2025-12-01T13:17:45.976701674Z,2025-12-01T14:17:45.976701674Z,2025-12-01T13:55:02.89929354Z,"{""interval"":67165}",attributes,spans,580706b33949,railway-simulation,17259c09074a06ae,9212a228bce02940fedb28dee5d6662f
,,915,2025-12-01T13:17:45.976701674Z,2025-12-01T14:17:45.976701674Z,2025-12-01T13:49:57.732686851Z,"{""interval"":16840}",attributes,spans,580706b33949,railway-simulation,1733dec9b8d4ad45,1c4c465af1c1537967c8d3d99fa47103
,,916,2025-12-01T13:17:45.976701674Z,2025-12-01T14:17:45.976701674Z,2025-12-01T13:48:40.566026265Z,"{""interval"":4135}",attributes,spans,580706b33949,railway-simulation,1767aa4fd4aff0c9,1d2e4cdf2a7474cb423d167edf2a5883
,,917,2025-12-01T13:17:45.976701674Z,2025-12-01T14:17:45.976701674Z,2025-12-01T13:50:56.899363826Z,"{""interval"":26575.000000000004}",attributes,spans,580706b33949,railway-simulation,17701b0e447d02ac,415e11d986064e9b0d94861194d2a392
,,918,2025-12-01T13:17:45.976701674Z,2025-12-01T14:17:45.976701674Z,2025-12-01T13:58:01.734735768Z,"{""interval"":93400}",attributes,spans,580706b33949,railway-simulation,17753759b3b96d02,2cfca90fe8c4f3be855b3f267b6ca919
,,919,2025-12-01T13:17:45.976701674Z,2025-12-01T14:17:45.976701674Z,2025-12-01T13:50:38.065950461Z,"{""interval"":23605}",attributes,spans,580706b33949,railway-simulation,177d4ce9ab6fb1bb,8ec7a4e0a94bd54f95caa4320ba86f95
,,920,2025-12-01T13:17:45.976701674Z,2025-12-01T14:17:45.976701674Z,2025-12-01T13:50:29.566142071Z,"{""interval"":22120}",attributes,spans,580706b33949,railway-simulation,178a0b16f951f771,e2671446012c39424dc994d73432d7a6
,,921,2025-12-01T13:17:45.976701674Z,2025-12-01T14:17:45.976701674Z,2025-12-01T13:49:44.066721777Z,"{""interval"":14695}",attributes,spans,580706b33949,railway-simulation,178b9aba89381da9,41e609db3cb9cdcb271805a454e3d205
,,922,2025-12-01T13:17:45.976701674Z,2025-12-01T14:17:45.976701674Z,2025-12-01T13:50:43.066666811Z,"{""interval"":24430}",attributes,spans,580706b33949,railway-simulation,179b300433027c7c,472d5b03032031f1c5f1766d11e95c43
,,923,2025-12-01T13:17:45.976701674Z,2025-12-01T14:17:45.976701674Z,2025-12-01T13:51:42.565957842Z,"{""interval"":34165}",attributes,spans,580706b33949,railway-simulation,17a9e962e343d0d7,1b8cff8779c5cd035b16a6711b856be7
,,924,2025-12-01T13:17:45.976701674Z,2025-12-01T14:17:45.976701674Z,2025-12-01T13:55:22.399253609Z,"{""interval"":70465}",attributes,spans,580706b33949,railway-simulation,17acda2936201e56,c2980b76eb9c026f05700f162b5db9fe
,,925,2025-12-01T13:17:45.976701674Z,2025-12-01T14:17:45.976701674Z,2025-12-01T13:54:06.065975952Z,"{""interval"":57924.99999999999}",attributes,spans,580706b33949,railway-simulation,17b971d1ee6f95d8,22883a0e01bb47e11c95aaf54302500a
,,926,2025-12-01T13:17:45.976701674Z,2025-12-01T14:17:45.976701674Z,2025-12-01T13:49:46.732674156Z,"{""interval"":15025}",attributes,spans,580706b33949,railway-simulation,17ba153f6ae56aee,673c8600a3c8a02155829f1f37928756
,,927,2025-12-01T13:17:45.976701674Z,2025-12-01T14:17:45.976701674Z,2025-12-01T13:52:21.732581679Z,"{""interval"":40600}",attributes,spans,580706b33949,railway-simulation,17bb166f5cefa1cc,b25ca5227aebfadc40ef8305f31a4567
,,928,2025-12-01T13:17:45.976701674Z,2025-12-01T14:17:45.976701674Z,2025-12-01T13:49:44.399225121Z,"{""interval"":14695}",attributes,spans,580706b33949,railway-simulation,17d7722030f1773b,ce6d6b0e0531ae4da7b07bca27ad4d8b
,,929,2025-12-01T13:17:45.976701674Z,2025-12-01T14:17:45.976701674Z,2025-12-01T13:51:10.732656068Z,"{""interval"":28885}",attributes,spans,580706b33949,railway-simulation,17e1f6143f55df12,7b693a781fcb1bd7c99095a2e76ffc9b
,,930,2025-12-01T13:17:45.976701674Z,2025-12-01T14:17:45.976701674Z,2025-12-01T13:52:07.565907371Z,"{""interval"":38290}",attributes,spans,580706b33949,railway-simulation,17ea7ac9b40aae10,a472ac0860ded02e6d39f72b0849083f
,,931,2025-12-01T13:17:45.976701674Z,2025-12-01T14:17:45.976701674Z,2025-12-01T13:58:02.227366428Z,"{""interval"":93400}",attributes,spans,580706b33949,railway-simulation,17ee75b69266bec8,843527e308c7c4dc988cbd9e98f5e1a2
,,932,2025-12-01T13:17:45.976701674Z,2025-12-01T14:17:45.976701674Z,2025-12-01T13:51:31.399344935Z,"{""interval"":32350}",attributes,spans,580706b33949,railway-simulation,1815f99cae0846bb,b3fdd1b55fc1371b8d1099407cbb32a8
,,933,2025-12-01T13:17:45.976701674Z,2025-12-01T14:17:45.976701674Z,2025-12-01T13:58:24.362754747Z,"{""interval"":95875}",attributes,spans,580706b33949,railway-simulation,182c913633592500,fd7e707d2325c97fb65a66cbc9798e96
,,934,2025-12-01T13:17:45.976701674Z,2025-12-01T14:17:45.976701674Z,2025-12-01T13:56:10.899460407Z,"{""interval"":78385}",attributes,spans,580706b33949,railway-simulation,184105fc9e84bde3,aedf01677240d7aabffda7f419bcdfee
,,935,2025-12-01T13:17:45.976701674Z,2025-12-01T14:17:45.976701674Z,2025-12-01T13:51:32.899343712Z,"{""interval"":32515.000000000004}",attributes,spans,580706b33949,railway-simulation,1842b7e25609741f,841fdd683772daf126e92556cb88f92a
,,936,2025-12-01T13:17:45.976701674Z,2025-12-01T14:17:45.976701674Z,2025-12-01T13:56:29.065963052Z,"{""interval"":81520}",attributes,spans,580706b33949,railway-simulation,185f05c7fa6e0c95,2fdbcf1b51396ad05c10e56fdedf0fc2
,,937,2025-12-01T13:17:45.976701674Z,2025-12-01T14:17:45.976701674Z,2025-12-01T13:51:45.899208077Z,"{""interval"":34660}",attributes,spans,580706b33949,railway-simulation,185f6929b08f58bd,09f1afad4f9efe9daa0f964bfb27ce64
,,938,2025-12-01T13:17:45.976701674Z,2025-12-01T14:17:45.976701674Z,2025-12-01T13:54:47.065955612Z,"{""interval"":64690}",attributes,spans,580706b33949,railway-simulation,18692f5918c39cb0,0588719f511e7471866afd7a8b1b68fd
,,939,2025-12-01T13:17:45.976701674Z,2025-12-01T14:17:45.976701674Z,2025-12-01T13:56:20.742982663Z,"{""interval"":80035}",attributes,spans,580706b33949,railway-simulation,18955ac79b0ccac0,542a1e5ac52073e23befba4448a60a16
,,940,2025-12-01T13:17:45.976701674Z,2025-12-01T14:17:45.976701674Z,2025-12-01T13:54:13.065944547Z,"{""interval"":59080}",attributes,spans,580706b33949,railway-simulation,1898730752178eee,fec26a2a294122c1c1f0f1c5ac66b7d1
,,941,2025-12-01T13:17:45.976701674Z,2025-12-01T14:17:45.976701674Z,2025-12-01T13:51:05.399361033Z,"{""interval"":28060}",attributes,spans,580706b33949,railway-simulation,1899e8446d8f7388,551d5846cfdeade51f9376a54b51dedb
,,942,2025-12-01T13:17:45.976701674Z,2025-12-01T14:17:45.976701674Z,2025-12-01T13:55:33.232869486Z,"{""interval"":72280}",attributes,spans,580706b33949,railway-simulation,18a0c7e122ebe32b,1416536a8da6c2ed7f13d721b00fe9fa
,,943,2025-12-01T13:17:45.976701674Z,2025-12-01T14:17:45.976701674Z,2025-12-01T13:49:13.399233484Z,"{""interval"":9580}",attributes,spans,580706b33949,railway-simulation,18b5e907e15163da,04136258fae220f8b00b559d51cc51d3
,,944,2025-12-01T13:17:45.976701674Z,2025-12-01T14:17:45.976701674Z,2025-12-01T13:55:54.065951536Z,"{""interval"":75745}",attributes,spans,580706b33949,railway-simulation,18cf637425d26ad5,f28782c4aae0ada5291b1ebc8c7b67f0
,,945,2025-12-01T13:17:45.976701674Z,2025-12-01T14:17:45.976701674Z,2025-12-01T13:48:58.566875246Z,"{""interval"":7105}",attributes,spans,580706b33949,railway-simulation,18d7da07f6be83f2,493e816df839515b5b888809e3492124
,,946,2025-12-01T13:17:45.976701674Z,2025-12-01T14:17:45.976701674Z,2025-12-01T13:51:47.89921732Z,"{""interval"":34990}",attributes,spans,580706b33949,railway-simulation,18d86fd9b1c57e8a,2bd55989f863d32f0827bb046132d452
,,947,2025-12-01T13:17:45.976701674Z,2025-12-01T14:17:45.976701674Z,2025-12-01T13:51:45.732557734Z,"{""interval"":34660}",attributes,spans,580706b33949,railway-simulation,18ffefb16f330f33,2351430fe8c3613430252e3459a3ebea
,,948,2025-12-01T13:17:45.976701674Z,2025-12-01T14:17:45.976701674Z,2025-12-01T13:56:21.732647472Z,"{""interval"":80200}",attributes,spans,580706b33949,railway-simulation,190982aede7050e5,36ca03808f931accd1ca2d56d906e9fb
,,949,2025-12-01T13:17:45.976701674Z,2025-12-01T14:17:45.976701674Z,2025-12-01T13:55:34.232834527Z,"{""interval"":72445}",attributes,spans,580706b33949,railway-simulation,194a136609a479f0,b242994f94615c4dddf91d53672f3f52
,,950,2025-12-01T13:17:45.976701674Z,2025-12-01T14:17:45.976701674Z,2025-12-01T13:49:21.566665936Z,"{""interval"":10900}",attributes,spans,580706b33949,railway-simulation,197160a8ff2c13dc,b2c003f8b8242236ab5cc8479779bcd7
,,951,2025-12-01T13:17:45.976701674Z,2025-12-01T14:17:45.976701674Z,2025-12-01T13:52:51.399226369Z,"{""interval"":45550}",attributes,spans,580706b33949,railway-simulation,19738d399aa55d27,6ef6776ed5c582aa2989a877abb370c3
,,952,2025-12-01T13:17:45.976701674Z,2025-12-01T14:17:45.976701674Z,2025-12-01T13:52:55.565953977Z,"{""interval"":46210}",attributes,spans,580706b33949,railway-simulation,19824d7488b94c62,b21d17be71cbf1c9613a5f402fbbae5c
,,953,2025-12-01T13:17:45.976701674Z,2025-12-01T14:17:45.976701674Z,2025-12-01T13:56:10.73267147Z,"{""interval"":78385}",attributes,spans,580706b33949,railway-simulation,198dea8196c48634,adb38d8ddbbe739809ce6fdbdf140bdc
,,954,2025-12-01T13:17:45.976701674Z,2025-12-01T14:17:45.976701674Z,2025-12-01T13:54:15.899245944Z,"{""interval"":59410}",attributes,spans,580706b33949,railway-simulation,199c2be1b8b3a4bb,d0d84fbce9693eaea6b14ae51c8db338
,,955,2025-12-01T13:17:45.976701674Z,2025-12-01T14:17:45.976701674Z,2025-12-01T13:48:21.732417687Z,"{""interval"":1000}",attributes,spans,580706b33949,railway-simulation,199cb8a410cd0e4a,8cd95db2eab4e3ea41dedbf72f44a114
,,956,2025-12-01T13:17:45.976701674Z,2025-12-01T14:17:45.976701674Z,2025-12-01T13:54:54.065967319Z,"{""interval"":65845}",attributes,spans,580706b33949,railway-simulation,19f371c01383579f,35e2390a800879c7d1d724891c396f63
,,957,2025-12-01T13:17:45.976701674Z,2025-12-01T14:17:45.976701674Z,2025-12-01T13:57:02.747509642Z,"{""interval"":86965}",attributes,spans,580706b33949,railway-simulation,19fc51d1c2c66280,0342d03a04586b54c749518b24461618
,,958,2025-12-01T13:17:45.976701674Z,2025-12-01T14:17:45.976701674Z,2025-12-01T13:54:19.565946937Z,"{""interval"":60070}",attributes,spans,580706b33949,railway-simulation,1a472ac0b9cbfd8f,11df768960557b02a3a08e368d17b2a0
,,959,2025-12-01T13:17:45.976701674Z,2025-12-01T14:17:45.976701674Z,2025-12-01T13:58:24.131396585Z,"{""interval"":95875}",attributes,spans,580706b33949,railway-simulation,1a4dadfb98cf5988,e6830bf6d6ea9294ad63e779c97b5327
,,960,2025-12-01T13:17:45.976701674Z,2025-12-01T14:17:45.976701674Z,2025-12-01T13:53:30.89924708Z,"{""interval"":51985}",attributes,spans,580706b33949,railway-simulation,1a6266451d316989,65279da0c888ba4040366151f74e4fa5
,,961,2025-12-01T13:17:45.976701674Z,2025-12-01T14:17:45.976701674Z,2025-12-01T13:50:30.232615088Z,"{""interval"":22285}",attributes,spans,580706b33949,railway-simulation,1a70654b6581d48e,f51a2ce0f449349a59d16569e63d3274
,,962,2025-12-01T13:17:45.976701674Z,2025-12-01T14:17:45.976701674Z,2025-12-01T13:55:15.232625816Z,"{""interval"":69310}",attributes,spans,580706b33949,railway-simulation,1a929a1b4aaa8112,26341e55fae1bcc97148b9ae7734433a
,,963,2025-12-01T13:17:45.976701674Z,2025-12-01T14:17:45.976701674Z,2025-12-01T13:48:43.899183704Z,"{""interval"":4630}",attributes,spans,580706b33949,railway-simulation,1a93bbb68c9c0a52,68da8fa626894d17a88e8d3209ac20c7
,,964,2025-12-01T13:17:45.976701674Z,2025-12-01T14:17:45.976701674Z,2025-12-01T13:58:27.951980462Z,"{""interval"":96370}",attributes,spans,580706b33949,railway-simulation,1ac6f5d189196ad4,18ca3376f5bfff696bdcca70b65e8c7d
,,965,2025-12-01T13:17:45.976701674Z,2025-12-01T14:17:45.976701674Z,2025-12-01T13:55:58.732855027Z,"{""interval"":76405}",attributes,spans,580706b33949,railway-simulation,1ae587027aaeecfb,5f31353dfc686776bcf4c69966bbe203
,,966,2025-12-01T13:17:45.976701674Z,2025-12-01T14:17:45.976701674Z,2025-12-01T13:54:29.065969398Z,"{""interval"":61719.99999999999}",attributes,spans,580706b33949,railway-simulation,1af73e874a2fa8b6,58ca9c696a3e93a819ec58c4546f7d66
,,967,2025-12-01T13:17:45.976701674Z,2025-12-01T14:17:45.976701674Z,2025-12-01T13:48:37.233207126Z,"{""interval"":3640}",attributes,spans,580706b33949,railway-simulation,1b0caa0238e00408,748876b2df7b9a6bdfcbb18c76cd69d0
,,968,2025-12-01T13:17:45.976701674Z,2025-12-01T14:17:45.976701674Z,2025-12-01T13:54:55.899299325Z,"{""interval"":66010}",attributes,spans,580706b33949,railway-simulation,1b0f81dc198eb4d9,155f818e4de0da86550c999c14057013
,,969,2025-12-01T13:17:45.976701674Z,2025-12-01T14:17:45.976701674Z,2025-12-01T13:51:30.399227222Z,"{""interval"":32185}",attributes,spans,580706b33949,railway-simulation,1b1ad1c254d24347,0bd026b90fe9a4fad8cfb59c0bdd5b62
,,970,2025-12-01T13:17:45.976701674Z,2025-12-01T14:17:45.976701674Z,2025-12-01T13:50:08.399379498Z,"{""interval"":18655}",attributes,spans,580706b33949,railway-simulation,1b3a2479b65ebe70,f58d2611a66fb54c6e3150dd042748a7
,,971,2025-12-01T13:17:45.976701674Z,2025-12-01T14:17:45.976701674Z,2025-12-01T13:51:52.89936012Z,"{""interval"":35815}",attributes,spans,580706b33949,railway-simulation,1b3fe0fcb983cb08,6cc443d8d0766cc6db4bf8db001b800e
,,972,2025-12-01T13:17:45.976701674Z,2025-12-01T14:17:45.976701674Z,2025-12-01T13:57:30.147610109Z,"{""interval"":89935}",attributes,spans,580706b33949,railway-simulation,1b6cf04faa51e1c5,348b709093e040e8befdef4e26a84016
,,973,2025-12-01T13:17:45.976701674Z,2025-12-01T14:17:45.976701674Z,2025-12-01T13:49:22.899254932Z,"{""interval"":11065}",attributes,spans,580706b33949,railway-simulation,1b7005256cfea3e6,5708307650f89b01b7bf18be1529ada4
,,974,2025-12-01T13:17:45.976701674Z,2025-12-01T14:17:45.976701674Z,2025-12-01T13:55:16.565985768Z,"{""interval"":69475}",attributes,spans,580706b33949,railway-simulation,1b70c8c444c4acd7,a4258b43d9deac999af3e34e356484f6
,,975,2025-12-01T13:17:45.976701674Z,2025-12-01T14:17:45.976701674Z,2025-12-01T13:53:59.065950698Z,"{""interval"":56770}",attributes,spans,580706b33949,railway-simulation,1b8ca89466e1b5e0,ba5618b138687b50c69f7bc8b0dc07f3
,,976,2025-12-01T13:17:45.976701674Z,2025-12-01T14:17:45.976701674Z,2025-12-01T13:50:41.899309632Z,"{""interval"":24100}",attributes,spans,580706b33949,railway-simulation,1bcca85cbd742a1a,392547645af059cc1d81b3a7140521e2
,,977,2025-12-01T13:17:45.976701674Z,2025-12-01T14:17:45.976701674Z,2025-12-01T13:51:21.899306201Z,"{""interval"":30700}",attributes,spans,580706b33949,railway-simulation,1bcd59577de1df47,8b4ad5fb098d067c709f758130109ddd
,,978,2025-12-01T13:17:45.976701674Z,2025-12-01T14:17:45.976701674Z,2025-12-01T13:51:59.899210095Z,"{""interval"":36970}",attributes,spans,580706b33949,railway-simulation,1bd33939f948411a,8f23362e5eca270daf78b25ee450a414
,,979,2025-12-01T13:17:45.976701674Z,2025-12-01T14:17:45.976701674Z,2025-12-01T13:57:38.281231974Z,"{""interval"":90760}",attributes,spans,580706b33949,railway-simulation,1bebedd00433317c,4e06e42a31fc1b3ef1354840680d7710
,,980,2025-12-01T13:17:45.976701674Z,2025-12-01T14:17:45.976701674Z,2025-12-01T13:54:01.23293135Z,"{""interval"":57100}",attributes,spans,580706b33949,railway-simulation,1c01efec85389111,b109073010b8bd6694477f772115a125
,,981,2025-12-01T13:17:45.976701674Z,2025-12-01T14:17:45.976701674Z,2025-12-01T13:52:59.232605034Z,"{""interval"":46870}",attributes,spans,580706b33949,railway-simulation,1c2dbfa3a57df1d1,8c80fa110b790f21471e101c8b6781fa
,,982,2025-12-01T13:17:45.976701674Z,2025-12-01T14:17:45.976701674Z,2025-12-01T13:53:41.732608495Z,"{""interval"":53800}",attributes,spans,580706b33949,railway-simulation,1c2ec3d4c328beac,19ed6203d29b5d9199884917777c132a
,,983,2025-12-01T13:17:45.976701674Z,2025-12-01T14:17:45.976701674Z,2025-12-01T13:49:27.233080478Z,"{""interval"":11890}",attributes,spans,580706b33949,railway-simulation,1c349b389213ec54,d0845612008c31bbdc7c2390bfaa7801
,,984,2025-12-01T13:17:45.976701674Z,2025-12-01T14:17:45.976701674Z,2025-12-01T13:58:39.615185333Z,"{""interval"":98350}",attributes,spans,580706b33949,railway-simulation,1c507dfc43a7b1c7,bb379f0a859e75054493648448e26714
,,985,2025-12-01T13:17:45.976701674Z,2025-12-01T14:17:45.976701674Z,2025-12-01T13:50:42.732754607Z,"{""interval"":24265}",attributes,spans,580706b33949,railway-simulation,1c522a6812bbf00f,783470e350dc4b5dbe481c130b6f2431
,,986,2025-12-01T13:17:45.976701674Z,2025-12-01T14:17:45.976701674Z,2025-12-01T13:49:08.566701837Z,"{""interval"":8755}",attributes,spans,580706b33949,railway-simulation,1c5dd932cf5b1acc,925d0f505250d3edaa7ce470c04e2482
,,987,2025-12-01T13:17:45.976701674Z,2025-12-01T14:17:45.976701674Z,2025-12-01T13:55:19.56597257Z,"{""interval"":69970}",attributes,spans,580706b33949,railway-simulation,1c67715c8714c4da,f44a735ab8f557c3fd374be8ab24a3db
,,988,2025-12-01T13:17:45.976701674Z,2025-12-01T14:17:45.976701674Z,2025-12-01T13:53:33.232645381Z,"{""interval"":52480}",attributes,spans,580706b33949,railway-simulation,1c8e4e7a885bc172,ecb914bde2abc821b43e8fba1c084020
,,989,2025-12-01T13:17:45.976701674Z,2025-12-01T14:17:45.976701674Z,2025-12-01T13:49:55.89930183Z,"{""interval"":16510}",attributes,spans,580706b33949,railway-simulation,1cb84221a5737299,69af1bce3d98c0e333773bec3cbc4197
,,990,2025-12-01T13:17:45.976701674Z,2025-12-01T14:17:45.976701674Z,2025-12-01T13:56:37.829425985Z,"{""interval"":82840}",attributes,spans,580706b33949,railway-simulation,1cc5a7d2473cc918,74e778e74ef8cb51b271eae5a87c7fc8
,,991,2025-12-01T13:17:45.976701674Z,2025-12-01T14:17:45.976701674Z,2025-12-01T13:51:21.232638963Z,"{""interval"":30700}",attributes,spans,580706b33949,railway-simulation,1cc7b26b5d2e849c,157f204c18fcc70a3b23b2e6d4770bac
,,992,2025-12-01T13:17:45.976701674Z,2025-12-01T14:17:45.976701674Z,2025-12-01T13:57:41.491767301Z,"{""interval"":91090}",attributes,spans,580706b33949,railway-simulation,1cce029f54416309,64198b28ef8d2a4a55c16d0e0761607f
,,993,2025-12-01T13:17:45.976701674Z,2025-12-01T14:17:45.976701674Z,2025-12-01T13:49:33.899274984Z,"{""interval"":12880}",attributes,spans,580706b33949,railway-simulation,1ce98ed04a1eea9a,8dd44d99affa5ea86ff5416437ec21a3
,,994,2025-12-01T13:17:45.976701674Z,2025-12-01T14:17:45.976701674Z,2025-12-01T13:57:49.149419623Z,"{""interval"":91915}",attributes,spans,580706b33949,railway-simulation,1cebcbb4795bb288,a199eb102f3bea17ca6b76942162e4a2
,,995,2025-12-01T13:17:45.976701674Z,2025-12-01T14:17:45.976701674Z,2025-12-01T13:56:29.399377201Z,"{""interval"":81520}",attributes,spans,580706b33949,railway-simulation,1d0dfc7e00fa2c55,3f298b655572e3e438cb45153689da81
,,996,2025-12-01T13:17:45.976701674Z,2025-12-01T14:17:45.976701674Z,2025-12-01T13:56:06.39934631Z,"{""interval"":77725}",attributes,spans,580706b33949,railway-simulation,1d2093a60ffa4f2f,7c3583849a1bad454a6c8ccba3284c46
,,997,2025-12-01T13:17:45.976701674Z,2025-12-01T14:17:45.976701674Z,2025-12-01T13:56:32.065988035Z,"{""interval"":82015}",attributes,spans,580706b33949,railway-simulation,1d23f9f2a1432aee,1e879744453b24b1aa524fe80beac7c7
,,998,2025-12-01T13:17:45.976701674Z,2025-12-01T14:17:45.976701674Z,2025-12-01T13:51:21.732755958Z,"{""interval"":30700}",attributes,spans,580706b33949,railway-simulation,1d2b2c1e418e0c66,caff9f51a859a5c6d4ddb61169a7edd5
,,999,2025-12-01T13:17:45.976701674Z,2025-12-01T14:17:45.976701674Z,2025-12-01T13:50:27.565944696Z,"{""interval"":21790}",attributes,spans,580706b33949,railway-simulation,1d5942f1e37cbf26,ea7e437f4eb56d4bfb1956a5a319138f
,,1000,2025-12-01T13:17:45.976701674Z,2025-12-01T14:17:45.976701674Z,2025-12-01T13:50:19.066028792Z,"{""interval"":20470}",attributes,spans,580706b33949,railway-simulation,1d596cc1946bca69,e8ca65622ec15bffa4e2d73b28eec416
,,1001,2025-12-01T13:17:45.976701674Z,2025-12-01T14:17:45.976701674Z,2025-12-01T13:52:15.899249634Z,"{""interval"":39610}",attributes,spans,580706b33949,railway-simulation,1d63b8a47507e1c7,876bc982973dd2d01e25fc40e3c1fee9
,,1002,2025-12-01T13:17:45.976701674Z,2025-12-01T14:17:45.976701674Z,2025-12-01T13:52:41.232558018Z,"{""interval"":43900}",attributes,spans,580706b33949,railway-simulation,1d7d38dfc772c4cc,58e95d72b7074f084e6343dad5a35dd1
,,1003,2025-12-01T13:17:45.976701674Z,2025-12-01T14:17:45.976701674Z,2025-12-01T13:56:40.292625183Z,"{""interval"":83170}",attributes,spans,580706b33949,railway-simulation,1da3503c0d06ce5d,e0c2e09249f293829edad5ad1bc08951
,,1004,2025-12-01T13:17:45.976701674Z,2025-12-01T14:17:45.976701674Z,2025-12-01T13:58:05.180506526Z,"{""interval"":93730}",attributes,spans,580706b33949,railway-simulation,1daed2e8ad6c541a,e15ea8f0ca7a7522987361c9856ee1ec
,,1005,2025-12-01T13:17:45.976701674Z,2025-12-01T14:17:45.976701674Z,2025-12-01T13:52:11.399250129Z,"{""interval"":38950}",attributes,spans,580706b33949,railway-simulation,1db236bec2a171fd,b76f533c24bded61e58858aa930f6e4b
,,1006,2025-12-01T13:17:45.976701674Z,2025-12-01T14:17:45.976701674Z,2025-12-01T13:55:20.232626352Z,"{""interval"":70135}",attributes,spans,580706b33949,railway-simulation,1dcaab1d962ef624,5f787c74bf62e277633b70959d1776dd
,,1007,2025-12-01T13:17:45.976701674Z,2025-12-01T14:17:45.976701674Z,2025-12-01T13:53:07.399300096Z,"{""interval"":48190}",attributes,spans,580706b33949,railway-simulation,1e004ace3c0865b3,7b29a3fb81d5bc2c8b79a53e92b0c649
,,1008,2025-12-01T13:17:45.976701674Z,2025-12-01T14:17:45.976701674Z,2025-12-01T13:53:12.066110639Z,"{""interval"":49015}",attributes,spans,580706b33949,railway-simulation,1e0810351c855af5,4f8199adf7f3c849e219b65a52c5ae70
,,1009,2025-12-01T13:17:45.976701674Z,2025-12-01T14:17:45.976701674Z,2025-12-01T13:56:48.144762148Z,"{""interval"":84490}",attributes,spans,580706b33949,railway-simulation,1e1fa04dd5f21f45,ef22f73fceb5ced23847f9a31ec223c3
,,1010,2025-12-01T13:17:45.976701674Z,2025-12-01T14:17:45.976701674Z,2025-12-01T13:48:59.066413213Z,"{""interval"":7270.000000000001}",attributes,spans,580706b33949,railway-simulation,1e2edaeab6163d94,f4bd18b22687521e75c98ac20d12bb8b
,,1011,2025-12-01T13:17:45.976701674Z,2025-12-01T14:17:45.976701674Z,2025-12-01T13:50:07.23261351Z,"{""interval"":18490}",attributes,spans,580706b33949,railway-simulation,1e4792e3961da56b,e55d52fa3e77344ff531bd266a3175f7
,,1012,2025-12-01T13:17:45.976701674Z,2025-12-01T14:17:45.976701674Z,2025-12-01T13:55:19.232625688Z,"{""interval"":69970}",attributes,spans,580706b33949,railway-simulation,1e4cc1c7634c9b95,d2745d1d1b9c396dabac994605b719e5
,,1013,2025-12-01T13:17:45.976701674Z,2025-12-01T14:17:45.976701674Z,2025-12-01T13:48:46.399394787Z,"{""interval"":5125}",attributes,spans,580706b33949,railway-simulation,1e50825e2895a528,fa6753fe163ff254c4223492b4cb90d8
,,1014,2025-12-01T13:17:45.976701674Z,2025-12-01T14:17:45.976701674Z,2025-12-01T13:52:19.06592234Z,"{""interval"":40270}",attributes,spans,580706b33949,railway-simulation,1e5293d354ffaaaa,89b6a710c0f0971c5780973f107e524d
,,1015,2025-12-01T13:17:45.976701674Z,2025-12-01T14:17:45.976701674Z,2025-12-01T13:49:01.23258342Z,"{""interval"":7600}",attributes,spans,580706b33949,railway-simulation,1e538d65ef821d8c,57ce7e5e3d6ae155960de873a0b2b7da
,,1016,2025-12-01T13:17:45.976701674Z,2025-12-01T14:17:45.976701674Z,2025-12-01T13:52:33.399254312Z,"{""interval"":42580}",attributes,spans,580706b33949,railway-simulation,1e56f8728aa6e1ac,e80596abc0482526f72250366c82b0af
,,1017,2025-12-01T13:17:45.976701674Z,2025-12-01T14:17:45.976701674Z,2025-12-01T13:57:01.639277658Z,"{""interval"":86800}",attributes,spans,580706b33949,railway-simulation,1e5ca183a18910df,4483e20e017ecce020db5c5e6e7a6402
,,1018,2025-12-01T13:17:45.976701674Z,2025-12-01T14:17:45.976701674Z,2025-12-01T13:51:44.565934073Z,"{""interval"":34495}",attributes,spans,580706b33949,railway-simulation,1e5fa7a43f8feffb,66e54a9e381fa320bfd6d3a7ed4e92a8
,,1019,2025-12-01T13:17:45.976701674Z,2025-12-01T14:17:45.976701674Z,2025-12-01T13:51:10.56603053Z,"{""interval"":28885}",attributes,spans,580706b33949,railway-simulation,1e8d2158116e46b0,5c38a1e02c920dcbed50ff6b15e8a43c
,,1020,2025-12-01T13:17:45.976701674Z,2025-12-01T14:17:45.976701674Z,2025-12-01T13:50:38.899243982Z,"{""interval"":23605}",attributes,spans,580706b33949,railway-simulation,1e98888b999ce321,bbc19bf95d6678edf37fc20f459ba058
,,1021,2025-12-01T13:17:45.976701674Z,2025-12-01T14:17:45.976701674Z,2025-12-01T13:57:15.52235636Z,"{""interval"":88450}",attributes,spans,580706b33949,railway-simulation,1e988bbecf59f21a,3b54b4b0c9fe820f73a2ea3a6abe6c81
,,1022,2025-12-01T13:17:45.976701674Z,2025-12-01T14:17:45.976701674Z,2025-12-01T13:49:58.73273278Z,"{""interval"":17005}",attributes,spans,580706b33949,railway-simulation,1ea7fac0ed742497,b9ac340f1eeea132bb7b4cf12d3d203f
,,1023,2025-12-01T13:17:45.976701674Z,2025-12-01T14:17:45.976701674Z,2025-12-01T13:54:31.399338796Z,"{""interval"":62050}",attributes,spans,580706b33949,railway-simulation,1eb1aaf5a2ce1fd9,a2b9eebcdb5813467a55c902f1d6b061
,,1024,2025-12-01T13:17:45.976701674Z,2025-12-01T14:17:45.976701674Z,2025-12-01T13:57:50.470288878Z,"{""interval"":92080}",attributes,spans,580706b33949,railway-simulation,1ecdfc6817ecc737,529df86b202dba30419137726ca258a5
,,1025,2025-12-01T13:17:45.976701674Z,2025-12-01T14:17:45.976701674Z,2025-12-01T13:57:26.209963898Z,"{""interval"":89440}",attributes,spans,580706b33949,railway-simulation,1ed417a07c839958,73889d30e0a4049130b32351c574e793
,,1026,2025-12-01T13:17:45.976701674Z,2025-12-01T14:17:45.976701674Z,2025-12-01T13:55:58.232867106Z,"{""interval"":76405}",attributes,spans,580706b33949,railway-simulation,1ee9439cac4e3953,cdef33749eced0755de1e95c6f839a9c
,,1027,2025-12-01T13:17:45.976701674Z,2025-12-01T14:17:45.976701674Z,2025-12-01T13:58:46.389424272Z,"{""interval"":99505}",attributes,spans,580706b33949,railway-simulation,1ee9e74e5ec82b90,4aaa18421cd36afc0f6798305a8cf5bd
,,1028,2025-12-01T13:17:45.976701674Z,2025-12-01T14:17:45.976701674Z,2025-12-01T13:58:07.760784688Z,"{""interval"":94060}",attributes,spans,580706b33949,railway-simulation,1f49892d5bb7ac80,09ad318808087fe9249d64bf18a9871c
,,1029,2025-12-01T13:17:45.976701674Z,2025-12-01T14:17:45.976701674Z,2025-12-01T13:57:52.542500198Z,"{""interval"":92245}",attributes,spans,580706b33949,railway-simulation,1f589f426bb5b702,bd21bb1e206389e441aa28ab1b3a185c
,,1030,2025-12-01T13:17:45.976701674Z,2025-12-01T14:17:45.976701674Z,2025-12-01T13:56:27.23922216Z,"{""interval"":81190}",attributes,spans,580706b33949,railway-simulation,1f6d35d0180b8e61,89b1cf406d0e4dd966e0a9106cca70d7
,,1031,2025-12-01T13:17:45.976701674Z,2025-12-01T14:17:45.976701674Z,2025-12-01T13:53:38.565982683Z,"{""interval"":53305}",attributes,spans,580706b33949,railway-simulation,1f814d0e3520e23b,523dc22d1f47be19bd99acb9703a7b78
,,1032,2025-12-01T13:17:45.976701674Z,2025-12-01T14:17:45.976701674Z,2025-12-01T13:53:24.399314631Z,"{""interval"":50995}",attributes,spans,580706b33949,railway-simulation,1f83c6a285a74629,f81658431053d178fcd84c4321ea5461
,,1033,2025-12-01T13:17:45.976701674Z,2025-12-01T14:17:45.976701674Z,2025-12-01T13:54:12.399273823Z,"{""interval"":58915}",attributes,spans,580706b33949,railway-simulation,1f93945e143fb684,cc9ce1976cd7cbd711d34383168933cf
,,1034,2025-12-01T13:17:45.976701674Z,2025-12-01T14:17:45.976701674Z,2025-12-01T13:49:34.733634456Z,"{""interval"":13045}",attributes,spans,580706b33949,railway-simulation,1f9a710a161a7be5,dc0db90c0da973d125d231b447261a70
,,1035,2025-12-01T13:17:45.976701674Z,2025-12-01T14:17:45.976701674Z,2025-12-01T13:55:23.565954139Z,"{""interval"":70630}",attributes,spans,580706b33949,railway-simulation,1fa691b3f8e4e148,fb0ccbc1cd5af97cc924875e5fdb4431
,,1036,2025-12-01T13:17:45.976701674Z,2025-12-01T14:17:45.976701674Z,2025-12-01T13:52:05.566008233Z,"{""interval"":37960}",attributes,spans,580706b33949,railway-simulation,1fba25d88052b30d,a2b1d2c6473acf6a90641c541184447b
,,1037,2025-12-01T13:17:45.976701674Z,2025-12-01T14:17:45.976701674Z,2025-12-01T13:49:53.399188264Z,"{""interval"":16179.999999999998}",attributes,spans,580706b33949,railway-simulation,1fcc97027e0ef500,e8880d2eceedcbb0032494eb27ecabda
,,1038,2025-12-01T13:17:45.976701674Z,2025-12-01T14:17:45.976701674Z,2025-12-01T13:48:46.899450437Z,"{""interval"":5125}",attributes,spans,580706b33949,railway-simulation,2011715e4a27731e,2a2194258d26815767ac75e58466ec0d
,,1039,2025-12-01T13:17:45.976701674Z,2025-12-01T14:17:45.976701674Z,2025-12-01T13:56:46.843439866Z,"{""interval"":84325}",attributes,spans,580706b33949,railway-simulation,204d91e9384a7614,027c6524d7e43fcd4bc59bfd95dbc75d
,,1040,2025-12-01T13:17:45.976701674Z,2025-12-01T14:17:45.976701674Z,2025-12-01T13:50:51.566086216Z,"{""interval"":25750}",attributes,spans,580706b33949,railway-simulation,206fab72ef4bbe07,508b7d4f2f2c9e5fde5aace93b721af9
,,1041,2025-12-01T13:17:45.976701674Z,2025-12-01T14:17:45.976701674Z,2025-12-01T13:56:39.348051308Z,"{""interval"":83170}",attributes,spans,580706b33949,railway-simulation,207578d42641d179,6358885bddeb6fe3d8bbf82331332e05
,,1042,2025-12-01T13:17:45.976701674Z,2025-12-01T14:17:45.976701674Z,2025-12-01T13:56:53.325004312Z,"{""interval"":85480}",attributes,spans,580706b33949,railway-simulation,2082a8851020b703,9349117d44a391e019bf5c672f9eda9e
,,1043,2025-12-01T13:17:45.976701674Z,2025-12-01T14:17:45.976701674Z,2025-12-01T13:58:41.940683316Z,"{""interval"":98845}",attributes,spans,580706b33949,railway-simulation,20abbaf30614999d,48954671ae90ecce10054225a3b79671
,,1044,2025-12-01T13:17:45.976701674Z,2025-12-01T14:17:45.976701674Z,2025-12-01T13:50:43.232556554Z,"{""interval"":24430}",attributes,spans,580706b33949,railway-simulation,20b3b9d107bda208,3bcde876a4f3bdd03bff9f5d33c6e450
,,1045,2025-12-01T13:17:45.976701674Z,2025-12-01T14:17:45.976701674Z,2025-12-01T13:54:14.899248857Z,"{""interval"":59245.00000000001}",attributes,spans,580706b33949,railway-simulation,20d55292e6d3f959,c14f1df78d2c5c21dc976553b0170ae2
,,1046,2025-12-01T13:17:45.976701674Z,2025-12-01T14:17:45.976701674Z,2025-12-01T13:54:09.899243937Z,"{""interval"":58419.99999999999}",attributes,spans,580706b33949,railway-simulation,20dcc2ae74e92d1b,3f30e6e9830d7dddb09ad858680102cb
,,1047,2025-12-01T13:17:45.976701674Z,2025-12-01T14:17:45.976701674Z,2025-12-01T13:51:05.566020028Z,"{""interval"":28060}",attributes,spans,580706b33949,railway-simulation,20e433ad38608be1,3ecb81e8bb5a84d31bf1723d9a5b867c
,,1048,2025-12-01T13:17:45.976701674Z,2025-12-01T14:17:45.976701674Z,2025-12-01T13:55:17.399259985Z,"{""interval"":69640}",attributes,spans,580706b33949,railway-simulation,20ed3deb6c6bc19b,3276f770911958b9d3b990c8387aef08
,,1049,2025-12-01T13:17:45.976701674Z,2025-12-01T14:17:45.976701674Z,2025-12-01T13:57:24.753881725Z,"{""interval"":89275}",attributes,spans,580706b33949,railway-simulation,210986b2fc7c6124,339bc2abe78aec2c3dfa098908267e88
,,1050,2025-12-01T13:17:45.976701674Z,2025-12-01T14:17:45.976701674Z,2025-12-01T13:52:49.399238256Z,"{""interval"":45220}",attributes,spans,580706b33949,railway-simulation,210e4e5354d51b63,76306db3455ea8dc1dadc9d6b26f49b3
,,1051,2025-12-01T13:17:45.976701674Z,2025-12-01T14:17:45.976701674Z,2025-12-01T13:55:07.399290372Z,"{""interval"":67990}",attributes,spans,580706b33949,railway-simulation,2111e8b9a6dfc448,bb7079835c3a6c1eb45dd0a2d3398091
,,1052,2025-12-01T13:17:45.976701674Z,2025-12-01T14:17:45.976701674Z,2025-12-01T13:48:42.232620936Z,"{""interval"":4465}",attributes,spans,580706b33949,railway-simulation,212b6fe2bf82a777,516107190b9d745837a78a2e7e314312
,,1053,2025-12-01T13:17:45.976701674Z,2025-12-01T14:17:45.976701674Z,2025-12-01T13:55:51.232908882Z,"{""interval"":75250}",attributes,spans,580706b33949,railway-simulation,213183ea5c129141,9f795abe8dad250745362d1eebb431c9
,,1054,2025-12-01T13:17:45.976701674Z,2025-12-01T14:17:45.976701674Z,2025-12-01T13:53:19.066149418Z,"{""interval"":50170}",attributes,spans,580706b33949,railway-simulation,2133600805a7caef,c85825a33c62a65180bd572a0ccd3b81
,,1055,2025-12-01T13:17:45.976701674Z,2025-12-01T14:17:45.976701674Z,2025-12-01T13:57:35.579801722Z,"{""interval"":90430}",attributes,spans,580706b33949,railway-simulation,21479f15fbfc08fd,b919d05a56546e3c44510e86fbebab8b
,,1056,2025-12-01T13:17:45.976701674Z,2025-12-01T14:17:45.976701674Z,2025-12-01T13:52:46.732551026Z,"{""interval"":44725}",attributes,spans,580706b33949,railway-simulation,2162220335697099,4dbaba016abcd7a9640efda4a3080d08
,,1057,2025-12-01T13:17:45.976701674Z,2025-12-01T14:17:45.976701674Z,2025-12-01T13:51:05.899340832Z,"{""interval"":28060}",attributes,spans,580706b33949,railway-simulation,2167221b322d85bd,4f93cf09d024db59f85e61089e4c6205
,,1058,2025-12-01T13:17:45.976701674Z,2025-12-01T14:17:45.976701674Z,2025-12-01T13:56:34.566661197Z,"{""interval"":82345}",attributes,spans,580706b33949,railway-simulation,2172eb2cc488fecb,a0a515f9da76aab4396f66f190b6ead3
,,1059,2025-12-01T13:17:45.976701674Z,2025-12-01T14:17:45.976701674Z,2025-12-01T13:53:30.232591674Z,"{""interval"":51985}",attributes,spans,580706b33949,railway-simulation,2185454323bf3286,1c3899f5c2aaae73ae6b6aa66449440f
,,1060,2025-12-01T13:17:45.976701674Z,2025-12-01T14:17:45.976701674Z,2025-12-01T13:56:41.385013176Z,"{""interval"":83335}",attributes,spans,580706b33949,railway-simulation,21d97f5afc60892d,27fd7c47af94c6637ea947660d2ebe7e
,,1061,2025-12-01T13:17:45.976701674Z,2025-12-01T14:17:45.976701674Z,2025-12-01T13:49:17.066661917Z,"{""interval"":10240}",attributes,spans,580706b33949,railway-simulation,21dd9d24cfd1e34c,d0337dda77e1af71206e9a1001036a4b
,,1062,2025-12-01T13:17:45.976701674Z,2025-12-01T14:17:45.976701674Z,2025-12-01T13:52:10.399471736Z,"{""interval"":38785}",attributes,spans,580706b33949,railway-simulation,21e0433d58fbc9e1,9aa2dbd5709574aead64a95519df1429
,,1063,2025-12-01T13:17:45.976701674Z,2025-12-01T14:17:45.976701674Z,2025-12-01T13:49:23.065919555Z,"{""interval"":11230}",attributes,spans,580706b33949,railway-simulation,21ff58cdd2ca1433,f83e5a78e7f86272f30701ec7c4003f6
,,1064,2025-12-01T13:17:45.976701674Z,2025-12-01T14:17:45.976701674Z,2025-12-01T13:57:00.493627888Z,"{""interval"":86635}",attributes,spans,580706b33949,railway-simulation,21ff7e00b5833798,9af327ca5eeb58708e3bf1a7d8e34211
,,1065,2025-12-01T13:17:45.976701674Z,2025-12-01T14:17:45.976701674Z,2025-12-01T13:48:45.399215228Z,"{""interval"":4960}",attributes,spans,580706b33949,railway-simulation,220eae44f5b30c6a,30c06945e21db7fd81ad58819480dea1
,,1066,2025-12-01T13:17:45.976701674Z,2025-12-01T14:17:45.976701674Z,2025-12-01T13:53:28.065941796Z,"{""interval"":51655.00000000001}",attributes,spans,580706b33949,railway-simulation,221761bf006a18ac,f5cb604b55fb1dcc52af9ab5308d9bc6
,,1067,2025-12-01T13:17:45.976701674Z,2025-12-01T14:17:45.976701674Z,2025-12-01T13:55:35.236698725Z,"{""interval"":72610}",attributes,spans,580706b33949,railway-simulation,221a281d9aeeed07,65780b164f5c6d30572ac626df8da6bc
,,1068,2025-12-01T13:17:45.976701674Z,2025-12-01T14:17:45.976701674Z,2025-12-01T13:53:15.899325873Z,"{""interval"":49510}",attributes,spans,580706b33949,railway-simulation,2221402a433887b7,414891779e7c208c6e8ec9f1b2503f74
,,1069,2025-12-01T13:17:45.976701674Z,2025-12-01T14:17:45.976701674Z,2025-12-01T13:55:41.39927394Z,"{""interval"":73600}",attributes,spans,580706b33949,railway-simulation,222af3f296f217fb,5bb64e25589067ee3235486e2a220201
,,1070,2025-12-01T13:17:45.976701674Z,2025-12-01T14:17:45.976701674Z,2025-12-01T13:49:14.566214899Z,"{""interval"":9745}",attributes,spans,580706b33949,railway-simulation,222c9d574bb900f3,55d01387c31855992575c1d1b392957d
,,1071,2025-12-01T13:17:45.976701674Z,2025-12-01T14:17:45.976701674Z,2025-12-01T13:54:58.899253087Z,"{""interval"":66505}",attributes,spans,580706b33949,railway-simulation,222ef9a5a16a98dc,a193d50cd1f1486d06a38ca9614f9c17
,,1072,2025-12-01T13:17:45.976701674Z,2025-12-01T14:17:45.976701674Z,2025-12-01T13:56:05.732963747Z,"{""interval"":77560}",attributes,spans,580706b33949,railway-simulation,2267539bc9962c8a,1ee090e6e684c73bcf03f5f13928cd22
,,1073,2025-12-01T13:17:45.976701674Z,2025-12-01T14:17:45.976701674Z,2025-12-01T13:52:30.899279287Z,"{""interval"":42085}",attributes,spans,580706b33949,railway-simulation,22680f4ddb249de0,b8caee2b0f6ef07a45351720773b285c
,,1074,2025-12-01T13:17:45.976701674Z,2025-12-01T14:17:45.976701674Z,2025-12-01T13:56:37.515493892Z,"{""interval"":82840}",attributes,spans,580706b33949,railway-simulation,226cc8edfcee72c1,654f81f6aa351d6b0ffef4abc4c7b2ff
,,1075,2025-12-01T13:17:45.976701674Z,2025-12-01T14:17:45.976701674Z,2025-12-01T13:49:53.065935338Z,"{""interval"":16179.999999999998}",attributes,spans,580706b33949,railway-simulation,22812ec5c9f82ebb,d4ff773af57db8f14badbb780a48a434
,,1076,2025-12-01T13:17:45.976701674Z,2025-12-01T14:17:45.976701674Z,2025-12-01T13:56:18.899329446Z,"{""interval"":79705}",attributes,spans,580706b33949,railway-simulation,228a5693df59bf43,8a388b55a621c62f6224f4c9f06d2fe0
,,1077,2025-12-01T13:17:45.976701674Z,2025-12-01T14:17:45.976701674Z,2025-12-01T13:55:22.232575455Z,"{""interval"":70465}",attributes,spans,580706b33949,railway-simulation,2292303ab4c98b0b,dc8c2ca253677b90b2624bd061c5b21a
,,1078,2025-12-01T13:17:45.976701674Z,2025-12-01T14:17:45.976701674Z,2025-12-01T13:55:57.232738109Z,"{""interval"":76240}",attributes,spans,580706b33949,railway-simulation,2297885f295a2899,9571a8576f7570cc169bea688c9ac4b4
,,1079,2025-12-01T13:17:45.976701674Z,2025-12-01T14:17:45.976701674Z,2025-12-01T13:52:56.732772582Z,"{""interval"":46375}",attributes,spans,580706b33949,railway-simulation,22b7c14957d78a25,c0315e34c2fcb22129fddabb302acbbb
,,1080,2025-12-01T13:17:45.976701674Z,2025-12-01T14:17:45.976701674Z,2025-12-01T13:51:36.732634269Z,"{""interval"":33175}",attributes,spans,580706b33949,railway-simulation,22c3e76b09e2b58b,4ef64ff9a577659746f263742d1d8e0c
,,1081,2025-12-01T13:17:45.976701674Z,2025-12-01T14:17:45.976701674Z,2025-12-01T13:51:10.899307092Z,"{""interval"":28885}",attributes,spans,580706b33949,railway-simulation,22c9703acb221707,37d5934cabed4f8840e8b5e0b7136c37
,,1082,2025-12-01T13:17:45.976701674Z,2025-12-01T14:17:45.976701674Z,2025-12-01T13:57:24.057507845Z,"{""interval"":89275}",attributes,spans,580706b33949,railway-simulation,22cd9ebb5f6f8028,a0ad8b03e8ba12438fa674fd65199a81
,,1083,2025-12-01T13:17:45.976701674Z,2025-12-01T14:17:45.976701674Z,2025-12-01T13:51:08.732635559Z,"{""interval"":28555}",attributes,spans,580706b33949,railway-simulation,22df45186a9e60a8,26155fe20b1010cd0652069c8552b731
,,1084,2025-12-01T13:17:45.976701674Z,2025-12-01T14:17:45.976701674Z,2025-12-01T13:57:09.882653545Z,"{""interval"":87790}",attributes,spans,580706b33949,railway-simulation,22f08898a24f49ab,38ab60f8b0838b6adaff3e8f486dbd36
,,1085,2025-12-01T13:17:45.976701674Z,2025-12-01T14:17:45.976701674Z,2025-12-01T13:54:15.232552776Z,"{""interval"":59410}",attributes,spans,580706b33949,railway-simulation,23061163aa145e64,e5d748941d5e3f9a0fcd01faf2106372
,,1086,2025-12-01T13:17:45.976701674Z,2025-12-01T14:17:45.976701674Z,2025-12-01T13:49:54.566706575Z,"{""interval"":16345}",attributes,spans,580706b33949,railway-simulation,230a89b3aed10659,efa36c10f776d9d0d75eb7024732bba8
,,1087,2025-12-01T13:17:45.976701674Z,2025-12-01T14:17:45.976701674Z,2025-12-01T13:55:32.733508124Z,"{""interval"":72115}",attributes,spans,580706b33949,railway-simulation,230bf98505b0d4e9,406826565d7c379b201f5d9e112c968d
,,1088,2025-12-01T13:17:45.976701674Z,2025-12-01T14:17:45.976701674Z,2025-12-01T13:58:08.93730977Z,"{""interval"":94225}",attributes,spans,580706b33949,railway-simulation,2321f655f17f40ae,5af5691ef1ede9cd29d4faadd71fc9bc
,,1089,2025-12-01T13:17:45.976701674Z,2025-12-01T14:17:45.976701674Z,2025-12-01T13:49:45.065990964Z,"{""interval"":14860.000000000002}",attributes,spans,580706b33949,railway-simulation,23499fb794c858df,a5bff7d4254f52beb7dffea04bb5fc3b
,,1090,2025-12-01T13:17:45.976701674Z,2025-12-01T14:17:45.976701674Z,2025-12-01T13:56:08.232682084Z,"{""interval"":78055}",attributes,spans,580706b33949,railway-simulation,23560e43543db2c3,42867352d7475a7ebdcabdfc388c760d
,,1091,2025-12-01T13:17:45.976701674Z,2025-12-01T14:17:45.976701674Z,2025-12-01T13:52:05.232644457Z,"{""interval"":37960}",attributes,spans,580706b33949,railway-simulation,235824c55a172880,75237c61c1ff3ef6226491b8731e772b
,,1092,2025-12-01T13:17:45.976701674Z,2025-12-01T14:17:45.976701674Z,2025-12-01T13:56:51.872379314Z,"{""interval"":85150}",attributes,spans,580706b33949,railway-simulation,2367f22ba968651f,844e0ad2dd0f83103acbf7699e687a49
,,1093,2025-12-01T13:17:45.976701674Z,2025-12-01T14:17:45.976701674Z,2025-12-01T13:48:26.89904351Z,"{""interval"":1825}",attributes,spans,580706b33949,railway-simulation,23ab55bd220f38f9,1f77d80af3ded31de842035917e44de9
,,1094,2025-12-01T13:17:45.976701674Z,2025-12-01T14:17:45.976701674Z,2025-12-01T13:55:05.899304581Z,"{""interval"":67660}",attributes,spans,580706b33949,railway-simulation,23ae32b0e4108733,07bfda15278f0d011f4048a6a6d901e3
,,1095,2025-12-01T13:17:45.976701674Z,2025-12-01T14:17:45.976701674Z,2025-12-01T13:55:26.065955137Z,"{""interval"":71125}",attributes,spans,580706b33949,railway-simulation,23ba442f83b6fe85,3f191250c5ec2be3ff56496cdf61b1fb
,,1096,2025-12-01T13:17:45.976701674Z,2025-12-01T14:17:45.976701674Z,2025-12-01T13:49:28.565991287Z,"{""interval"":12055}",attributes,spans,580706b33949,railway-simulation,23c1ab2e5d1e5d48,d0325756034113dc4e4b1f27489be0bb
,,1097,2025-12-01T13:17:45.976701674Z,2025-12-01T14:17:45.976701674Z,2025-12-01T13:51:00.399323336Z,"{""interval"":27235}",attributes,spans,580706b33949,railway-simulation,23d91c179775123b,4c01438cceb06e31dfd69e99be92ad28
,,1098,2025-12-01T13:17:45.976701674Z,2025-12-01T14:17:45.976701674Z,2025-12-01T13:48:56.566741693Z,"{""interval"":6775}",attributes,spans,580706b33949,railway-simulation,23edfdf27673efc4,091403461ca8805f5b10cab16f51484a
,,1099,2025-12-01T13:17:45.976701674Z,2025-12-01T14:17:45.976701674Z,2025-12-01T13:49:30.56698144Z,"{""interval"":12385}",attributes,spans,580706b33949,railway-simulation,23f2eb2c7aae6574,328007fdcab068431c9a3109ed833d57
,,1100,2025-12-01T13:17:45.976701674Z,2025-12-01T14:17:45.976701674Z,2025-12-01T13:55:36.832294365Z,"{""interval"":72775}",attributes,spans,580706b33949,railway-simulation,240201cb656d77a4,cfd743c9b010370880d9500ed73af170
,,1101,2025-12-01T13:17:45.976701674Z,2025-12-01T14:17:45.976701674Z,2025-12-01T13:52:41.065959493Z,"{""interval"":43900}",attributes,spans,580706b33949,railway-simulation,2409d394325f4e4d,247cfa198e4fc631f013c8216cbdee7f
,,1102,2025-12-01T13:17:45.976701674Z,2025-12-01T14:17:45.976701674Z,2025-12-01T13:54:50.732626539Z,"{""interval"":65185}",attributes,spans,580706b33949,railway-simulation,240b264b731e3482,2d36069f35c91ea4ea31f00e922197a4
,,1103,2025-12-01T13:17:45.976701674Z,2025-12-01T14:17:45.976701674Z,2025-12-01T13:56:58.732636762Z,"{""interval"":86305}",attributes,spans,580706b33949,railway-simulation,2410f68e073e8fe0,5c70c254521c50c313dfb5afd6d86899
,,1104,2025-12-01T13:17:45.976701674Z,2025-12-01T14:17:45.976701674Z,2025-12-01T13:57:44.401250315Z,"{""interval"":91420}",attributes,spans,580706b33949,railway-simulation,241b0bf57e225df2,8a223c17336391b30d1d4dc710e1b28e
,,1105,2025-12-01T13:17:45.976701674Z,2025-12-01T14:17:45.976701674Z,2025-12-01T13:56:35.52402442Z,"{""interval"":82510}",attributes,spans,580706b33949,railway-simulation,243102a9e77b08f8,eda324ded8712c5db99bdf0ad11d25d3
,,1106,2025-12-01T13:17:45.976701674Z,2025-12-01T14:17:45.976701674Z,2025-12-01T13:56:44.022055795Z,"{""interval"":83830}",attributes,spans,580706b33949,railway-simulation,24703c65036c1442,5fb02912eaeb661e48f8909ec2b965ec
,,1107,2025-12-01T13:17:45.976701674Z,2025-12-01T14:17:45.976701674Z,2025-12-01T13:49:29.066683685Z,"{""interval"":12220}",attributes,spans,580706b33949,railway-simulation,249ba7fdb539affe,21919157e019c2b2884be3833c194210
,,1108,2025-12-01T13:17:45.976701674Z,2025-12-01T14:17:45.976701674Z,2025-12-01T13:53:37.065930223Z,"{""interval"":53139.99999999999}",attributes,spans,580706b33949,railway-simulation,249caef100955425,d390712a85ad6d6228e35f8df494a678
,,1109,2025-12-01T13:17:45.976701674Z,2025-12-01T14:17:45.976701674Z,2025-12-01T13:50:07.065968768Z,"{""interval"":18490}",attributes,spans,580706b33949,railway-simulation,24b4f7c7dd575112,0eb629ce72f57796a0f516263c64560c
,,1110,2025-12-01T13:17:45.976701674Z,2025-12-01T14:17:45.976701674Z,2025-12-01T13:57:43.027310469Z,"{""interval"":91255}",attributes,spans,580706b33949,railway-simulation,24ce873739bbe070,0e1592423e1820b5ff56a4c6116ea83b
,,1111,2025-12-01T13:17:45.976701674Z,2025-12-01T14:17:45.976701674Z,2025-12-01T13:55:52.232623008Z,"{""interval"":75415}",attributes,spans,580706b33949,railway-simulation,24da71497d28ed42,3e2bbd3d3dea9dca3ffe476e559050f1
,,1112,2025-12-01T13:17:45.976701674Z,2025-12-01T14:17:45.976701674Z,2025-12-01T13:48:21.565001852Z,"{""interval"":1000}",attributes,spans,580706b33949,railway-simulation,24de24b7c4492b62,06ca5627c34da6b5ed0535b30bf16a78
,,1113,2025-12-01T13:17:45.976701674Z,2025-12-01T14:17:45.976701674Z,2025-12-01T13:52:48.899237767Z,"{""interval"":45055}",attributes,spans,580706b33949,railway-simulation,24f37e5c0106b778,cb319748f71a66f6c7ff4114964a554f
,,1114,2025-12-01T13:17:45.976701674Z,2025-12-01T14:17:45.976701674Z,2025-12-01T13:51:19.399274484Z,"{""interval"":30370.000000000004}",attributes,spans,580706b33949,railway-simulation,24f5d8c07f9ab888,fdaced65ebd83a752917849ed288ff0f
,,1115,2025-12-01T13:17:45.976701674Z,2025-12-01T14:17:45.976701674Z,2025-12-01T13:49:57.566117205Z,"{""interval"":16840}",attributes,spans,580706b33949,railway-simulation,25010135311fbf4c,d1ef29a52609624220735202b856e68d
,,1116,2025-12-01T13:17:45.976701674Z,2025-12-01T14:17:45.976701674Z,2025-12-01T13:49:37.066058079Z,"{""interval"":13540.000000000002}",attributes,spans,580706b33949,railway-simulation,2511823e201f382f,3f296ee7c755e2c1380d0fe61bd5395e
,,1117,2025-12-01T13:17:45.976701674Z,2025-12-01T14:17:45.976701674Z,2025-12-01T13:51:23.565917855Z,"{""interval"":31030}",attributes,spans,580706b33949,railway-simulation,251f2d459f3e5cde,74ea60d99a6590732cf80e4a0239e024
,,1118,2025-12-01T13:17:45.976701674Z,2025-12-01T14:17:45.976701674Z,2025-12-01T13:56:25.899441921Z,"{""interval"":80860}",attributes,spans,580706b33949,railway-simulation,252d05f42e9f33b4,f85a7ff1c6ab95f08569cb17fda5c265
,,1119,2025-12-01T13:17:45.976701674Z,2025-12-01T14:17:45.976701674Z,2025-12-01T13:54:57.065944938Z,"{""interval"":66340}",attributes,spans,580706b33949,railway-simulation,2554896a294b284a,0c8544c2a6339db4ef615e7a4db6b111
,,1120,2025-12-01T13:17:45.976701674Z,2025-12-01T14:17:45.976701674Z,2025-12-01T13:51:13.73268374Z,"{""interval"":29380}",attributes,spans,580706b33949,railway-simulation,256b4a644f58ec9f,7a21b3d8a6448fb0cb5cdae85270d8c8
,,1121,2025-12-01T13:17:45.976701674Z,2025-12-01T14:17:45.976701674Z,2025-12-01T13:57:09.675250247Z,"{""interval"":87790}",attributes,spans,580706b33949,railway-simulation,25782a74e6937ee4,aef10a0ca6354817e22a2c470dc6dfbc
,,1122,2025-12-01T13:17:45.976701674Z,2025-12-01T14:17:45.976701674Z,2025-12-01T13:50:18.566026719Z,"{""interval"":20305}",attributes,spans,580706b33949,railway-simulation,257f10553e735035,c7f9520eccea709f8d3ce04301fa8f12
,,1123,2025-12-01T13:17:45.976701674Z,2025-12-01T14:17:45.976701674Z,2025-12-01T13:50:58.732616745Z,"{""interval"":26905}",attributes,spans,580706b33949,railway-simulation,258095b4e4cd6a69,89cc74862179e5f64815ce54626e262f
,,1124,2025-12-01T13:17:45.976701674Z,2025-12-01T14:17:45.976701674Z,2025-12-01T13:49:32.566403559Z,"{""interval"":12715}",attributes,spans,580706b33949,railway-simulation,25859c264c5747e9,d1726e16e0657ad253158ba9386f5984
,,1125,2025-12-01T13:17:45.976701674Z,2025-12-01T14:17:45.976701674Z,2025-12-01T13:51:53.732595235Z,"{""interval"":35980}",attributes,spans,580706b33949,railway-simulation,259faad976e265be,433ca65d423988831bf3e412ce4cb7e9
,,1126,2025-12-01T13:17:45.976701674Z,2025-12-01T14:17:45.976701674Z,2025-12-01T13:49:46.066411774Z,"{""interval"":15025}",attributes,spans,580706b33949,railway-simulation,25aaf320a50fa304,c4122f04bacb826d13861089de834639
,,1127,2025-12-01T13:17:45.976701674Z,2025-12-01T14:17:45.976701674Z,2025-12-01T13:54:08.068606233Z,"{""interval"":58255}",attributes,spans,580706b33949,railway-simulation,25b663b730adc58d,435b1c669f9e117627a1be315d80bea7
,,1128,2025-12-01T13:17:45.976701674Z,2025-12-01T14:17:45.976701674Z,2025-12-01T13:57:27.496581283Z,"{""interval"":89605}",attributes,spans,580706b33949,railway-simulation,25be2c5095409f5b,97e45ca2c5cc4c8aa3431b9385cde097
,,1129,2025-12-01T13:17:45.976701674Z,2025-12-01T14:17:45.976701674Z,2025-12-01T13:53:26.065928156Z,"{""interval"":51325}",attributes,spans,580706b33949,railway-simulation,25c8f18c625f3ff0,693311bee386bf6893b55cc77a0769f1
,,1130,2025-12-01T13:17:45.976701674Z,2025-12-01T14:17:45.976701674Z,2025-12-01T13:54:14.066032475Z,"{""interval"":59245.00000000001}",attributes,spans,580706b33949,railway-simulation,25dd9aa37f8eeb01,cc4c695fc5bc326e94deabf52dda03d5
,,1131,2025-12-01T13:17:45.976701674Z,2025-12-01T14:17:45.976701674Z,2025-12-01T13:51:29.899264003Z,"{""interval"":32020.000000000004}",attributes,spans,580706b33949,railway-simulation,25edfb7b830d8424,8a88c5a9cd88fc470b5d657482cf0da1
,,1132,2025-12-01T13:17:45.976701674Z,2025-12-01T14:17:45.976701674Z,2025-12-01T13:55:01.065985351Z,"{""interval"":67000}",attributes,spans,580706b33949,railway-simulation,25ef429927858f02,bea7f240b110a9d5c5955867c83f3e26
,,1133,2025-12-01T13:17:45.976701674Z,2025-12-01T14:17:45.976701674Z,2025-12-01T13:56:58.899458717Z,"{""interval"":86305}",attributes,spans,580706b33949,railway-simulation,25f79134b0af0b97,c7209048742bd6ab9f68639a14ef729d
,,1134,2025-12-01T13:17:45.976701674Z,2025-12-01T14:17:45.976701674Z,2025-12-01T13:55:19.899228034Z,"{""interval"":69970}",attributes,spans,580706b33949,railway-simulation,261385ca07211232,fb10a6dfa901f73a854379d5b54aad06
,,1135,2025-12-01T13:17:45.976701674Z,2025-12-01T14:17:45.976701674Z,2025-12-01T13:56:12.899321761Z,"{""interval"":78715}",attributes,spans,580706b33949,railway-simulation,263883d66de4877f,3e1890ed2b70e009ed2e0d6ecd63298a
,,1136,2025-12-01T13:17:45.976701674Z,2025-12-01T14:17:45.976701674Z,2025-12-01T13:55:11.065915549Z,"{""interval"":68650}",attributes,spans,580706b33949,railway-simulation,2639de3fdbb37eca,bad41a7a4ee588a21239e20908ddb16f
,,1137,2025-12-01T13:17:45.976701674Z,2025-12-01T14:17:45.976701674Z,2025-12-01T13:50:58.565919763Z,"{""interval"":26905}",attributes,spans,580706b33949,railway-simulation,26701ba013498f08,07bf8c5404060f62035c87f3f495d154
,,1138,2025-12-01T13:17:45.976701674Z,2025-12-01T14:17:45.976701674Z,2025-12-01T13:49:45.565873651Z,"{""interval"":14860.000000000002}",attributes,spans,580706b33949,railway-simulation,26937f0150e956f3,cdf2ff1688d304c887c89ef94f19ae0a
,,1139,2025-12-01T13:17:45.976701674Z,2025-12-01T14:17:45.976701674Z,2025-12-01T13:53:55.233399263Z,"{""interval"":56110}",attributes,spans,580706b33949,railway-simulation,269e77f99c316bc7,80bb2d190f068342094adf19dbcdea61
,,1140,2025-12-01T13:17:45.976701674Z,2025-12-01T14:17:45.976701674Z,2025-12-01T13:49:52.566117451Z,"{""interval"":16015}",attributes,spans,580706b33949,railway-simulation,269fe7a28551964b,026209129e61c70f6ab7750b06e09e33
,,1141,2025-12-01T13:17:45.976701674Z,2025-12-01T14:17:45.976701674Z,2025-12-01T13:50:53.732668186Z,"{""interval"":26080.000000000004}",attributes,spans,580706b33949,railway-simulation,26aa60cfc616f646,c74e571907149ad43ea679aaaef09303
,,1142,2025-12-01T13:17:45.976701674Z,2025-12-01T14:17:45.976701674Z,2025-12-01T13:52:39.732592235Z,"{""interval"":43570}",attributes,spans,580706b33949,railway-simulation,26d3340de650a763,0836c49d1ad1bdce6f7da8a987e3af98
,,1143,2025-12-01T13:17:45.976701674Z,2025-12-01T14:17:45.976701674Z,2025-12-01T13:49:35.066323081Z,"{""interval"":13210}",attributes,spans,580706b33949,railway-simulation,26d6ba3c53abd8ff,f3c6cf2cd5db399961ee7f3e4b15d877
,,1144,2025-12-01T13:17:45.976701674Z,2025-12-01T14:17:45.976701674Z,2025-12-01T13:54:52.566006697Z,"{""interval"":65514.99999999999}",attributes,spans,580706b33949,railway-simulation,26e372d4d85327a9,5855c45b816f9549a9571b8bfd4d0a4c
,,1145,2025-12-01T13:17:45.976701674Z,2025-12-01T14:17:45.976701674Z,2025-12-01T13:56:44.166438246Z,"{""interval"":83830}",attributes,spans,580706b33949,railway-simulation,26e402ca42860f69,0b8c83db4d86f9610d734366826eeff3
,,1146,2025-12-01T13:17:45.976701674Z,2025-12-01T14:17:45.976701674Z,2025-12-01T13:52:09.066000542Z,"{""interval"":38620}",attributes,spans,580706b33949,railway-simulation,26fc311ba54960c8,435fb2bcb54b235a4223d70050034bb1
,,1147,2025-12-01T13:17:45.976701674Z,2025-12-01T14:17:45.976701674Z,2025-12-01T13:54:25.899292481Z,"{""interval"":61060}",attributes,spans,580706b33949,railway-simulation,26ff9cabdb9f9357,871419285e496319681b50ee2d4f4c85
,,1148,2025-12-01T13:17:45.976701674Z,2025-12-01T14:17:45.976701674Z,2025-12-01T13:55:03.73261737Z,"{""interval"":67330}",attributes,spans,580706b33949,railway-simulation,2718e38d31ecf02a,418cee43d2bae275d6fd9e32812230ea
,,1149,2025-12-01T13:17:45.976701674Z,2025-12-01T14:17:45.976701674Z,2025-12-01T13:58:42.612699298Z,"{""interval"":98845}",attributes,spans,580706b33949,railway-simulation,271fe9da73c13d1e,040a9be26caa085f55723e56866e229c
,,1150,2025-12-01T13:17:45.976701674Z,2025-12-01T14:17:45.976701674Z,2025-12-01T13:53:56.232575219Z,"{""interval"":56275}",attributes,spans,580706b33949,railway-simulation,272f1755a64b77a5,6454c51a85d189204b6f80dcf57d5920
,,1151,2025-12-01T13:17:45.976701674Z,2025-12-01T14:17:45.976701674Z,2025-12-01T13:56:30.732642587Z,"{""interval"":81685}",attributes,spans,580706b33949,railway-simulation,2735883f56b75a3f,932519d8ba9cb56163b6d9726483b965
,,1152,2025-12-01T13:17:45.976701674Z,2025-12-01T14:17:45.976701674Z,2025-12-01T13:55:18.732639021Z,"{""interval"":69805}",attributes,spans,580706b33949,railway-simulation,274565215100165a,f2897d035e55944caa262846405232b1
,,1153,2025-12-01T13:17:45.976701674Z,2025-12-01T14:17:45.976701674Z,2025-12-01T13:50:33.56594987Z,"{""interval"":22780}",attributes,spans,580706b33949,railway-simulation,2761ec3d287b790a,8931ae8006046406b0a2f48fbe6f89be
,,1154,2025-12-01T13:17:45.976701674Z,2025-12-01T14:17:45.976701674Z,2025-12-01T13:52:15.566083033Z,"{""interval"":39610}",attributes,spans,580706b33949,railway-simulation,276be2d6f9eda8b4,f40347ada40d6481bbf3c9506a2ccb39
,,1155,2025-12-01T13:17:45.976701674Z,2025-12-01T14:17:45.976701674Z,2025-12-01T13:56:50.037434475Z,"{""interval"":84820}",attributes,spans,580706b33949,railway-simulation,277ab4d9272252b0,ae30893c7d66c0253b962a1cba0195d6
,,1156,2025-12-01T13:17:45.976701674Z,2025-12-01T14:17:45.976701674Z,2025-12-01T13:53:51.399236226Z,"{""interval"":55450.00000000001}",attributes,spans,580706b33949,railway-simulation,27842dcde0a40094,0af8a9a5bdfebef52a489b8cb59211dc
,,1157,2025-12-01T13:17:45.976701674Z,2025-12-01T14:17:45.976701674Z,2025-12-01T13:49:36.566000411Z,"{""interval"":13375}",attributes,spans,580706b33949,railway-simulation,278ed1c3882f2aca,f9df010b6ba351fd35d81a32b41d09e4
,,1158,2025-12-01T13:17:45.976701674Z,2025-12-01T14:17:45.976701674Z,2025-12-01T13:48:36.899566281Z,"{""interval"":3475}",attributes,spans,580706b33949,railway-simulation,27a2ed42e576f244,41ecc9c6fa8ff0c2a24ac9d818265406
,,1159,2025-12-01T13:17:45.976701674Z,2025-12-01T14:17:45.976701674Z,2025-12-01T13:51:11.899370919Z,"{""interval"":29050}",attributes,spans,580706b33949,railway-simulation,27a42dd55d13ea8c,addcad7bf26dfde364b66a81cbecaee8
,,1160,2025-12-01T13:17:45.976701674Z,2025-12-01T14:17:45.976701674Z,2025-12-01T13:57:01.479384813Z,"{""interval"":86800}",attributes,spans,580706b33949,railway-simulation,27b4280beeff36cc,5a8b11002fef87ba8cda1e100322a91a
,,1161,2025-12-01T13:17:45.976701674Z,2025-12-01T14:17:45.976701674Z,2025-12-01T13:55:14.065955564Z,"{""interval"":69145}",attributes,spans,580706b33949,railway-simulation,27c991fdae15aef5,ce64640d7a500652ad760af4f3067d9e
,,1162,2025-12-01T13:17:45.976701674Z,2025-12-01T14:17:45.976701674Z,2025-12-01T13:52:09.899274817Z,"{""interval"":38620}",attributes,spans,580706b33949,railway-simulation,27fd8054ff697e87,98bfe06e2c0f214d9cabdae889d1d23c
,,1163,2025-12-01T13:17:45.976701674Z,2025-12-01T14:17:45.976701674Z,2025-12-01T13:50:09.399318468Z,"{""interval"":18820}",attributes,spans,580706b33949,railway-simulation,2800849f8226a70c,d278fec0d47ab149b95ac6b9d43b3387
,,1164,2025-12-01T13:17:45.976701674Z,2025-12-01T14:17:45.976701674Z,2025-12-01T13:55:08.565934828Z,"{""interval"":68155}",attributes,spans,580706b33949,railway-simulation,28309aa39bc08339,aa34ab752ad67c10de7bfe9ab2af1a61
,,1165,2025-12-01T13:17:45.976701674Z,2025-12-01T14:17:45.976701674Z,2025-12-01T13:50:51.065945592Z,"{""interval"":25750}",attributes,spans,580706b33949,railway-simulation,28635a0c4ac5de12,b33aa8867259b2ebbf27a741a2737313
,,1166,2025-12-01T13:17:45.976701674Z,2025-12-01T14:17:45.976701674Z,2025-12-01T13:49:31.400289372Z,"{""interval"":12550}",attributes,spans,580706b33949,railway-simulation,2867d4959faaeeaa,b6b09557f45b561766fd3656ba2faf44
,,1167,2025-12-01T13:17:45.976701674Z,2025-12-01T14:17:45.976701674Z,2025-12-01T13:54:55.23264126Z,"{""interval"":66010}",attributes,spans,580706b33949,railway-simulation,287fbfe14d1ebd73,8d857e8d0a5067f8c3adbd7d04102153
,,1168,2025-12-01T13:17:45.976701674Z,2025-12-01T14:17:45.976701674Z,2025-12-01T13:54:33.255657654Z,"{""interval"":62380}",attributes,spans,580706b33949,railway-simulation,289cab60afa559c1,7e5a7d80e63e3cd6e19b84b4f8910861
,,1169,2025-12-01T13:17:45.976701674Z,2025-12-01T14:17:45.976701674Z,2025-12-01T13:58:12.131815214Z,"{""interval"":94555}",attributes,spans,580706b33949,railway-simulation,28c108cd71537115,a770bd3591ed82e6fb128ac79c35f420
,,1170,2025-12-01T13:17:45.976701674Z,2025-12-01T14:17:45.976701674Z,2025-12-01T13:52:22.232581475Z,"{""interval"":40765}",attributes,spans,580706b33949,railway-simulation,28eab816c2b87eb2,063c7820908d677a11e8c3b3e764bebe
,,1171,2025-12-01T13:17:45.976701674Z,2025-12-01T14:17:45.976701674Z,2025-12-01T13:52:04.732614799Z,"{""interval"":37795}",attributes,spans,580706b33949,railway-simulation,2939cd4adbc22c8c,54f2005061c107d9a717e5d20ebe53df
,,1172,2025-12-01T13:17:45.976701674Z,2025-12-01T14:17:45.976701674Z,2025-12-01T13:49:17.899287526Z,"{""interval"":10240}",attributes,spans,580706b33949,railway-simulation,2947d6b268f727eb,0a9dcc4c608bac6acea39beda57538b0
,,1173,2025-12-01T13:17:45.976701674Z,2025-12-01T14:17:45.976701674Z,2025-12-01T13:53:33.399234342Z,"{""interval"":52480}",attributes,spans,580706b33949,railway-simulation,295ef67c9ac792e3,40e25f1e511c9a8a674b85a569e695a2
,,1174,2025-12-01T13:17:45.976701674Z,2025-12-01T14:17:45.976701674Z,2025-12-01T13:54:13.39927213Z,"{""interval"":59080}",attributes,spans,580706b33949,railway-simulation,2977e186291a8cb2,f8c5a2e76fc68504246fe1ac77bae139
,,1175,2025-12-01T13:17:45.976701674Z,2025-12-01T14:17:45.976701674Z,2025-12-01T13:56:18.06602129Z,"{""interval"":79705}",attributes,spans,580706b33949,railway-simulation,297a9db2eeb2d85d,91aa52a034a4835fb602f26db603b530
,,1176,2025-12-01T13:17:45.976701674Z,2025-12-01T14:17:45.976701674Z,2025-12-01T13:54:17.23257873Z,"{""interval"":59740.00000000001}",attributes,spans,580706b33949,railway-simulation,29805ec5e331664d,f09ffe7648e87c852adeb530300f8f30
,,1177,2025-12-01T13:17:45.976701674Z,2025-12-01T14:17:45.976701674Z,2025-12-01T13:56:38.001352374Z,"{""interval"":82840}",attributes,spans,580706b33949,railway-simulation,299a65c32f99eae3,aeed486ee39ea7193f15d3c2d4aa1862
,,1178,2025-12-01T13:17:45.976701674Z,2025-12-01T14:17:45.976701674Z,2025-12-01T13:49:10.400301094Z,"{""interval"":9085}",attributes,spans,580706b33949,railway-simulation,29b1f7ea215d423c,14cc26cea7b8921ab57fc0670740f6ec
,,1179,2025-12-01T13:17:45.976701674Z,2025-12-01T14:17:45.976701674Z,2025-12-01T13:52:43.232643975Z,"{""interval"":44230}",attributes,spans,580706b33949,railway-simulation,29b6c6d52a7995f0,2fef330c7bca8002e1b710795fc0f705
,,1180,2025-12-01T13:17:45.976701674Z,2025-12-01T14:17:45.976701674Z,2025-12-01T13:50:38.232605329Z,"{""interval"":23605}",attributes,spans,580706b33949,railway-simulation,29d14008327024a9,6c682a81b5499ef935bce75e1aea3208
,,1181,2025-12-01T13:17:45.976701674Z,2025-12-01T14:17:45.976701674Z,2025-12-01T13:48:34.899336849Z,"{""interval"":3145}",attributes,spans,580706b33949,railway-simulation,29db0aebef6540c6,3cae637f3e360a8280c5a361931f8ee3
,,1182,2025-12-01T13:17:45.976701674Z,2025-12-01T14:17:45.976701674Z,2025-12-01T13:58:20.114240923Z,"{""interval"":95380}",attributes,spans,580706b33949,railway-simulation,2a083cab1c9dac7c,91fd81941c64640628f59a06e33f72fc
,,1183,2025-12-01T13:17:45.976701674Z,2025-12-01T14:17:45.976701674Z,2025-12-01T13:49:27.399265925Z,"{""interval"":11890}",attributes,spans,580706b33949,railway-simulation,2a0cf7e3f3dcb4ff,7c15fbe10bca64c22bc84c4b8d7b412d
,,1184,2025-12-01T13:17:45.976701674Z,2025-12-01T14:17:45.976701674Z,2025-12-01T13:50:02.232954885Z,"{""interval"":17665}",attributes,spans,580706b33949,railway-simulation,2a2329517b75cf0d,e7c934dcfb36e587d89c9ecfc63b02a9
,,1185,2025-12-01T13:17:45.976701674Z,2025-12-01T14:17:45.976701674Z,2025-12-01T13:58:38.124164271Z,"{""interval"":98185}",attributes,spans,580706b33949,railway-simulation,2a418fb3570376da,f50c59473cb4c47c99d5ad6e9719cbdf
,,1186,2025-12-01T13:17:45.976701674Z,2025-12-01T14:17:45.976701674Z,2025-12-01T13:49:09.566158801Z,"{""interval"":8920}",attributes,spans,580706b33949,railway-simulation,2a4c5d781b654e4e,413a88df6c8d1aa5449e02ff3fa7a614
,,1187,2025-12-01T13:17:45.976701674Z,2025-12-01T14:17:45.976701674Z,2025-12-01T13:55:09.899270988Z,"{""interval"":68320}",attributes,spans,580706b33949,railway-simulation,2a58237bfa28b2b7,5901cad0038fd7404abffcba91b2e78c
,,1188,2025-12-01T13:17:45.976701674Z,2025-12-01T14:17:45.976701674Z,2025-12-01T13:53:39.5659998Z,"{""interval"":53470}",attributes,spans,580706b33949,railway-simulation,2a5a402c7885af18,8e16ccba31d4cab62f22f04823d0db68
,,1189,2025-12-01T13:17:45.976701674Z,2025-12-01T14:17:45.976701674Z,2025-12-01T13:53:07.565973173Z,"{""interval"":48190}",attributes,spans,580706b33949,railway-simulation,2a66e74536c83800,9f9863f9e5d5a80c1361aec3991aca3d
,,1190,2025-12-01T13:17:45.976701674Z,2025-12-01T14:17:45.976701674Z,2025-12-01T13:57:43.522325458Z,"{""interval"":91255}",attributes,spans,580706b33949,railway-simulation,2a80913b80404543,e043f79b8b02f70907cd792b57084964
,,1191,2025-12-01T13:17:45.976701674Z,2025-12-01T14:17:45.976701674Z,2025-12-01T13:49:41.06647629Z,"{""interval"":14200}",attributes,spans,580706b33949,railway-simulation,2a80a5de099978d2,f695c2cecd89355aa6bef7f95aad9569
,,1192,2025-12-01T13:17:45.976701674Z,2025-12-01T14:17:45.976701674Z,2025-12-01T13:57:42.020762632Z,"{""interval"":91090}",attributes,spans,580706b33949,railway-simulation,2a889549d3777426,da336e6146058bdb0b6a37dac554b583
,,1193,2025-12-01T13:17:45.976701674Z,2025-12-01T14:17:45.976701674Z,2025-12-01T13:50:17.899216736Z,"{""interval"":20140}",attributes,spans,580706b33949,railway-simulation,2a9752127708849c,dc517a1ea5d8441007f71b1d43401a33
,,1194,2025-12-01T13:17:45.976701674Z,2025-12-01T14:17:45.976701674Z,2025-12-01T13:55:10.565923655Z,"{""interval"":68485}",attributes,spans,580706b33949,railway-simulation,2aaa752cb3523926,20a6df0aa29c0f4e60c750025e0d6603
,,1195,2025-12-01T13:17:45.976701674Z,2025-12-01T14:17:45.976701674Z,2025-12-01T13:48:59.733139904Z,"{""interval"":7270.000000000001}",attributes,spans,580706b33949,railway-simulation,2abbcf92758a2f05,aa33c7985bbf30ff28ba16b0baba9e2a
,,1196,2025-12-01T13:17:45.976701674Z,2025-12-01T14:17:45.976701674Z,2025-12-01T13:55:45.732865892Z,"{""interval"":74260}",attributes,spans,580706b33949,railway-simulation,2ad0aac07ac14d53,0a471d6ff2117b44d2132de721fc4639
,,1197,2025-12-01T13:17:45.976701674Z,2025-12-01T14:17:45.976701674Z,2025-12-01T13:57:16.206329725Z,"{""interval"":88450}",attributes,spans,580706b33949,railway-simulation,2ad0b01280abdbac,a8c7742ba8403d431c51085a830dcd73
,,1198,2025-12-01T13:17:45.976701674Z,2025-12-01T14:17:45.976701674Z,2025-12-01T13:55:13.39924062Z,"{""interval"":68980}",attributes,spans,580706b33949,railway-simulation,2adb6728ceffb40d,926ef8eeae2d7d674abc5c848f6ca16c
,,1199,2025-12-01T13:17:45.976701674Z,2025-12-01T14:17:45.976701674Z,2025-12-01T13:52:26.899245905Z,"{""interval"":41425}",attributes,spans,580706b33949,railway-simulation,2ae3c783871a0e94,5ae1f4ac20b3eb70f6dc44098718f41e
,,1200,2025-12-01T13:17:45.976701674Z,2025-12-01T14:17:45.976701674Z,2025-12-01T13:51:09.565908233Z,"{""interval"":28720.000000000004}",attributes,spans,580706b33949,railway-simulation,2b1265f83903b497,71e7da6bd59ab295cd7cf82a7843e06a
,,1201,2025-12-01T13:17:45.976701674Z,2025-12-01T14:17:45.976701674Z,2025-12-01T13:52:36.899304246Z,"{""interval"":43075}",attributes,spans,580706b33949,railway-simulation,2b3d250517ce555f,5d423553cccac43aafce49fd07482b15
,,1202,2025-12-01T13:17:45.976701674Z,2025-12-01T14:17:45.976701674Z,2025-12-01T13:58:27.287619902Z,"{""interval"":96370}",attributes,spans,580706b33949,railway-simulation,2b4cfe5ae9254b3f,c1f2fadbae231a8eac236cfacb4e099e
,,1203,2025-12-01T13:17:45.976701674Z,2025-12-01T14:17:45.976701674Z,2025-12-01T13:51:08.565963142Z,"{""interval"":28555}",attributes,spans,580706b33949,railway-simulation,2b4fe7cfd5da2671,7d527813bfc2ede9808b83c7096df44e
,,1204,2025-12-01T13:17:45.976701674Z,2025-12-01T14:17:45.976701674Z,2025-12-01T13:54:44.399217401Z,"{""interval"":64195}",attributes,spans,580706b33949,railway-simulation,2b675417e38ecdbb,b3c7556532f609964c3a426b901a0849
,,1205,2025-12-01T13:17:45.976701674Z,2025-12-01T14:17:45.976701674Z,2025-12-01T13:55:26.399270599Z,"{""interval"":71125}",attributes,spans,580706b33949,railway-simulation,2b7137ce70d77715,50e07f03f03a294e01420c5fc5ac3795
,,1206,2025-12-01T13:17:45.976701674Z,2025-12-01T14:17:45.976701674Z,2025-12-01T13:48:36.732709846Z,"{""interval"":3475}",attributes,spans,580706b33949,railway-simulation,2b7bd80b3e0382f8,24aaa79ef4bc3bfe86e00e4beeedca2d
,,1207,2025-12-01T13:17:45.976701674Z,2025-12-01T14:17:45.976701674Z,2025-12-01T13:50:52.899331655Z,"{""interval"":25915}",attributes,spans,580706b33949,railway-simulation,2b88715f80984b08,cc08c2df57e7d4b686e2123abeb22208
,,1208,2025-12-01T13:17:45.976701674Z,2025-12-01T14:17:45.976701674Z,2025-12-01T13:52:14.399227657Z,"{""interval"":39445}",attributes,spans,580706b33949,railway-simulation,2b912e2605536c92,4e9dffa56b75643e392e1d504e3e074a
,,1209,2025-12-01T13:17:45.976701674Z,2025-12-01T14:17:45.976701674Z,2025-12-01T13:58:43.464244808Z,"{""interval"":99010}",attributes,spans,580706b33949,railway-simulation,2b92dcf75ff683d3,ed88ba223df4ae36e2328fc6526b02ab
,,1210,2025-12-01T13:17:45.976701674Z,2025-12-01T14:17:45.976701674Z,2025-12-01T13:56:34.232645955Z,"{""interval"":82345}",attributes,spans,580706b33949,railway-simulation,2b9e4ac7e6052715,ac63ffb340a5299720dc8c92bbdc2129
,,1211,2025-12-01T13:17:45.976701674Z,2025-12-01T14:17:45.976701674Z,2025-12-01T13:56:20.3996549Z,"{""interval"":80035}",attributes,spans,580706b33949,railway-simulation,2ba079f36443b7b0,7579f615fc9f8e96b759341f82719410
,,1212,2025-12-01T13:17:45.976701674Z,2025-12-01T14:17:45.976701674Z,2025-12-01T13:57:42.476625502Z,"{""interval"":91090}",attributes,spans,580706b33949,railway-simulation,2ba46c569cf7447d,9e51f7e5d4a254a495dcb51a1706077b
,,1213,2025-12-01T13:17:45.976701674Z,2025-12-01T14:17:45.976701674Z,2025-12-01T13:52:15.732608528Z,"{""interval"":39610}",attributes,spans,580706b33949,railway-simulation,2bc37ef02b29a00b,3696cbfdc7a3028517c66f069f81fca2
,,1214,2025-12-01T13:17:45.976701674Z,2025-12-01T14:17:45.976701674Z,2025-12-01T13:50:53.065973956Z,"{""interval"":26080.000000000004}",attributes,spans,580706b33949,railway-simulation,2be14456800cfb14,064b24aba4ea1c9dca452ebe37a550af
,,1215,2025-12-01T13:17:45.976701674Z,2025-12-01T14:17:45.976701674Z,2025-12-01T13:48:46.566833432Z,"{""interval"":5125}",attributes,spans,580706b33949,railway-simulation,2be6fda9bc8fffab,4fc5fa6f234c58a6b9ec5a37a3cbb074
,,1216,2025-12-01T13:17:45.976701674Z,2025-12-01T14:17:45.976701674Z,2025-12-01T13:48:55.9002407Z,"{""interval"":6610}",attributes,spans,580706b33949,railway-simulation,2bfe0da0db8dc995,ce7e8da9b9d2889b2af258b48dd11d74
,,1217,2025-12-01T13:17:45.976701674Z,2025-12-01T14:17:45.976701674Z,2025-12-01T13:48:42.732851385Z,"{""interval"":4465}",attributes,spans,580706b33949,railway-simulation,2c0996844c2245a9,a8b17893d54f67b75d804c5aee332c14
,,1218,2025-12-01T13:17:45.976701674Z,2025-12-01T14:17:45.976701674Z,2025-12-01T13:53:04.065938656Z,"{""interval"":47695}",attributes,spans,580706b33949,railway-simulation,2c0ecdd733061bd3,be2b4adaea033776071597f3f4850c8a
,,1219,2025-12-01T13:17:45.976701674Z,2025-12-01T14:17:45.976701674Z,2025-12-01T13:52:45.565888813Z,"{""interval"":44560}",attributes,spans,580706b33949,railway-simulation,2c2b450a9493c0b9,fd1281144bc010f3cb675d409e05c596
,,1220,2025-12-01T13:17:45.976701674Z,2025-12-01T14:17:45.976701674Z,2025-12-01T13:51:34.399369698Z,"{""interval"":32845}",attributes,spans,580706b33949,railway-simulation,2c38d685b2209b41,fdb7f9c46d5ef827fabc6b764467861d
,,1221,2025-12-01T13:17:45.976701674Z,2025-12-01T14:17:45.976701674Z,2025-12-01T13:57:44.877702944Z,"{""interval"":91420}",attributes,spans,580706b33949,railway-simulation,2c3b4c77f0480a98,f8eafa832de267e678c7ac80ab9f98cb
,,1222,2025-12-01T13:17:45.976701674Z,2025-12-01T14:17:45.976701674Z,2025-12-01T13:48:49.899247878Z,"{""interval"":5620}",attributes,spans,580706b33949,railway-simulation,2c415d1a17493725,236ccf4064346a080bad98174957151e
,,1223,2025-12-01T13:17:45.976701674Z,2025-12-01T14:17:45.976701674Z,2025-12-01T13:51:43.565923779Z,"{""interval"":34330}",attributes,spans,580706b33949,railway-simulation,2c909d6056f2ed32,8fd91508758403f498958d8a9512f525
,,1224,2025-12-01T13:17:45.976701674Z,2025-12-01T14:17:45.976701674Z,2025-12-01T13:49:28.39969388Z,"{""interval"":12055}",attributes,spans,580706b33949,railway-simulation,2c92b7aa95d0b5b9,83a3a041e4dfc5de29471856964366e2
,,1225,2025-12-01T13:17:45.976701674Z,2025-12-01T14:17:45.976701674Z,2025-12-01T13:57:13.49740048Z,"{""interval"":88285}",attributes,spans,580706b33949,railway-simulation,2c9d0500ea6bdfc8,45a262a72120db74f85a14b73202cbc0
,,1226,2025-12-01T13:17:45.976701674Z,2025-12-01T14:17:45.976701674Z,2025-12-01T13:54:57.232555469Z,"{""interval"":66340}",attributes,spans,580706b33949,railway-simulation,2ca4129b9a2dd6ef,415c9228294f6b6531b9a3d35b41a4c2
,,1227,2025-12-01T13:17:45.976701674Z,2025-12-01T14:17:45.976701674Z,2025-12-01T13:53:39.899255394Z,"{""interval"":53470}",attributes,spans,580706b33949,railway-simulation,2cb57cf5d8711978,ca6a14642257dc98a968fbe992b40a8d
,,1228,2025-12-01T13:17:45.976701674Z,2025-12-01T14:17:45.976701674Z,2025-12-01T13:58:24.821591058Z,"{""interval"":95875}",attributes,spans,580706b33949,railway-simulation,2cdb70fceafe589f,e875217a468418e69cecef2c42017508
,,1229,2025-12-01T13:17:45.976701674Z,2025-12-01T14:17:45.976701674Z,2025-12-01T13:52:50.89925947Z,"{""interval"":45385}",attributes,spans,580706b33949,railway-simulation,2cdeedbe8ef663ed,14cfe996292990d3af6b529db0dce8ae
,,1230,2025-12-01T13:17:45.976701674Z,2025-12-01T14:17:45.976701674Z,2025-12-01T13:53:38.06592473Z,"{""interval"":53305}",attributes,spans,580706b33949,railway-simulation,2cf54eed10e8ba05,95ed4a9208dc9fd2a0bc8220bc006a45
,,1231,2025-12-01T13:17:45.976701674Z,2025-12-01T14:17:45.976701674Z,2025-12-01T13:55:39.399634668Z,"{""interval"":73270}",attributes,spans,580706b33949,railway-simulation,2d08f6071e9296e7,6c2862138e88558a985e3ba50b272fea
,,1232,2025-12-01T13:17:45.976701674Z,2025-12-01T14:17:45.976701674Z,2025-12-01T13:51:34.899279165Z,"{""interval"":32845}",attributes,spans,580706b33949,railway-simulation,2d1379402395adaa,b28e41cac3766b93c9ee108fa68a71e1
,,1233,2025-12-01T13:17:45.976701674Z,2025-12-01T14:17:45.976701674Z,2025-12-01T13:56:24.566865603Z,"{""interval"":80695}",attributes,spans,580706b33949,railway-simulation,2d15049775057fe7,4fc6c002c44a33924fcbdce81a9cc60a
,,1234,2025-12-01T13:17:45.976701674Z,2025-12-01T14:17:45.976701674Z,2025-12-01T13:49:36.732893265Z,"{""interval"":13375}",attributes,spans,580706b33949,railway-simulation,2d17240edc2535e9,f8631e18795c92aeb5f85472a28e5c43
,,1235,2025-12-01T13:17:45.976701674Z,2025-12-01T14:17:45.976701674Z,2025-12-01T13:57:45.691049315Z,"{""interval"":91585}",attributes,spans,580706b33949,railway-simulation,2d1d75e69b9d05de,ceed29db2dfb449fd75a73cc311ab4cb
,,1236,2025-12-01T13:17:45.976701674Z,2025-12-01T14:17:45.976701674Z,2025-12-01T13:49:22.233646238Z,"{""interval"":11065}",attributes,spans,580706b33949,railway-simulation,2d3883d1f6b88507,1ed7b79c49d99867b183664db1d4dd72
,,1237,2025-12-01T13:17:45.976701674Z,2025-12-01T14:17:45.976701674Z,2025-12-01T13:58:04.183134604Z,"{""interval"":93565}",attributes,spans,580706b33949,railway-simulation,2d7f45d3b7e3f02d,f96ff36501274f5e25c91c7523d5d7ac
,,1238,2025-12-01T13:17:45.976701674Z,2025-12-01T14:17:45.976701674Z,2025-12-01T13:52:53.232596961Z,"{""interval"":45880}",attributes,spans,580706b33949,railway-simulation,2d91c2ec316417bc,b7c8ff081fef62855eeee6ecfc62c468
,,1239,2025-12-01T13:17:45.976701674Z,2025-12-01T14:17:45.976701674Z,2025-12-01T13:51:25.566097258Z,"{""interval"":31359.999999999996}",attributes,spans,580706b33949,railway-simulation,2d9bac2067497fca,9865424b62d4bea2c04accef6e4018e6
,,1240,2025-12-01T13:17:45.976701674Z,2025-12-01T14:17:45.976701674Z,2025-12-01T13:50:02.400125457Z,"{""interval"":17665}",attributes,spans,580706b33949,railway-simulation,2da48323fd446392,f1313f000e0bf295cce8c1f326e98137
,,1241,2025-12-01T13:17:45.976701674Z,2025-12-01T14:17:45.976701674Z,2025-12-01T13:48:40.399450553Z,"{""interval"":4135}",attributes,spans,580706b33949,railway-simulation,2dbbd6bbeccd8371,24c73a7e8449090e120c2b319dd35cd6
,,1242,2025-12-01T13:17:45.976701674Z,2025-12-01T14:17:45.976701674Z,2025-12-01T13:53:29.732590025Z,"{""interval"":51820}",attributes,spans,580706b33949,railway-simulation,2dd837a4053d1cb9,d55a717f796341bf1cc474988bcd0ccf
,,1243,2025-12-01T13:17:45.976701674Z,2025-12-01T14:17:45.976701674Z,2025-12-01T13:50:15.399308163Z,"{""interval"":19810}",attributes,spans,580706b33949,railway-simulation,2de6f61e0949181c,02d4746800886727642cb73d003f0c23
,,1244,2025-12-01T13:17:45.976701674Z,2025-12-01T14:17:45.976701674Z,2025-12-01T13:50:06.06607543Z,"{""interval"":18325}",attributes,spans,580706b33949,railway-simulation,2e08cf289646e720,00887c9472f90bc091ce71cc4c5deb18
,,1245,2025-12-01T13:17:45.976701674Z,2025-12-01T14:17:45.976701674Z,2025-12-01T13:58:07.484693159Z,"{""interval"":94060}",attributes,spans,580706b33949,railway-simulation,2e090bdfeede35cf,cc5199141fa94eed74fcd4ba061f13e9
,,1246,2025-12-01T13:17:45.976701674Z,2025-12-01T14:17:45.976701674Z,2025-12-01T13:56:41.204722764Z,"{""interval"":83335}",attributes,spans,580706b33949,railway-simulation,2e15938839d0ae82,1dc700b44dea4c99fda255f38a7c3f9d
,,1247,2025-12-01T13:17:45.976701674Z,2025-12-01T14:17:45.976701674Z,2025-12-01T13:53:53.399225457Z,"{""interval"":55780}",attributes,spans,580706b33949,railway-simulation,2e17f7bca94a9128,73bfbc7f4b9fe70f080b27bba05b408a
,,1248,2025-12-01T13:17:45.976701674Z,2025-12-01T14:17:45.976701674Z,2025-12-01T13:49:39.399341981Z,"{""interval"":13870}",attributes,spans,580706b33949,railway-simulation,2e3fae1968de3a36,335c7cc714479bb7ac8f6739fbf9602b
,,1249,2025-12-01T13:17:45.976701674Z,2025-12-01T14:17:45.976701674Z,2025-12-01T13:57:26.49771392Z,"{""interval"":89440}",attributes,spans,580706b33949,railway-simulation,2e415a0005227509,64d5a93fa52c8413677170c354a3d80e
,,1250,2025-12-01T13:17:45.976701674Z,2025-12-01T14:17:45.976701674Z,2025-12-01T13:48:38.566604303Z,"{""interval"":3805}",attributes,spans,580706b33949,railway-simulation,2e42c5bb0f714527,b9afc4f472053688ee8989354060e111
,,1251,2025-12-01T13:17:45.976701674Z,2025-12-01T14:17:45.976701674Z,2025-12-01T13:52:21.065979283Z,"{""interval"":40600}",attributes,spans,580706b33949,railway-simulation,2e44009e47e2e647,5c54ced22d7c0c8db9bbb4493fe42751
,,1252,2025-12-01T13:17:45.976701674Z,2025-12-01T14:17:45.976701674Z,2025-12-01T13:49:49.566189757Z,"{""interval"":15520}",attributes,spans,580706b33949,railway-simulation,2e4d5a8677b9d4fc,92532712f2684f7da2cb58609fa85158
,,1253,2025-12-01T13:17:45.976701674Z,2025-12-01T14:17:45.976701674Z,2025-12-01T13:49:56.899269324Z,"{""interval"":16675}",attributes,spans,580706b33949,railway-simulation,2e56f8ea3654d95f,13124d57214426199c590e8fc48cba25
,,1254,2025-12-01T13:17:45.976701674Z,2025-12-01T14:17:45.976701674Z,2025-12-01T13:54:02.568013045Z,"{""interval"":57265}",attributes,spans,580706b33949,railway-simulation,2e66776126365b6e,9d66a930ad1639951994a00e19931ee7
,,1255,2025-12-01T13:17:45.976701674Z,2025-12-01T14:17:45.976701674Z,2025-12-01T13:54:19.065905532Z,"{""interval"":60070}",attributes,spans,580706b33949,railway-simulation,2e70a706e79ba22e,ebee2a9b651d23a870548376db7d51a1
,,1256,2025-12-01T13:17:45.976701674Z,2025-12-01T14:17:45.976701674Z,2025-12-01T13:56:03.566265152Z,"{""interval"":77230}",attributes,spans,580706b33949,railway-simulation,2e78060551818124,c2fdb6ee0f17bd8ccf731a315d7c0cc8
,,1257,2025-12-01T13:17:45.976701674Z,2025-12-01T14:17:45.976701674Z,2025-12-01T13:53:20.565999661Z,"{""interval"":50335}",attributes,spans,580706b33949,railway-simulation,2e81ad62547b3369,755cee78c4e7b8d8681aad982954a9dd
,,1258,2025-12-01T13:17:45.976701674Z,2025-12-01T14:17:45.976701674Z,2025-12-01T13:54:05.399278276Z,"{""interval"":57760}",attributes,spans,580706b33949,railway-simulation,2e88dfb2ab359d0f,b35ce68863eae23ffd1492eea9126dbd
,,1259,2025-12-01T13:17:45.976701674Z,2025-12-01T14:17:45.976701674Z,2025-12-01T13:58:37.959717042Z,"{""interval"":98185}",attributes,spans,580706b33949,railway-simulation,2e8d958e3d053417,bcc1b87d9300be366b2ccdf8a9181eb7
,,1260,2025-12-01T13:17:45.976701674Z,2025-12-01T14:17:45.976701674Z,2025-12-01T13:50:26.23354863Z,"{""interval"":21625}",attributes,spans,580706b33949,railway-simulation,2eaaba3000472932,1e628f7ad39a51ed6b1f70c2cce71d23
,,1261,2025-12-01T13:17:45.976701674Z,2025-12-01T14:17:45.976701674Z,2025-12-01T13:50:36.399341703Z,"{""interval"":23275}",attributes,spans,580706b33949,railway-simulation,2eb3d234cbb6a72c,657f51f1121dad8715430d4f668c320f
,,1262,2025-12-01T13:17:45.976701674Z,2025-12-01T14:17:45.976701674Z,2025-12-01T13:55:34.566176526Z,"{""interval"":72445}",attributes,spans,580706b33949,railway-simulation,2ed8c601c1ec9721,82ccfe6ccaaee92b431b24de776af988
,,1263,2025-12-01T13:17:45.976701674Z,2025-12-01T14:17:45.976701674Z,2025-12-01T13:51:38.232667101Z,"{""interval"":33505}",attributes,spans,580706b33949,railway-simulation,2ef080e5ac64a875,34a70dd917714886c2ea2830ee2f12f9
,,1264,2025-12-01T13:17:45.976701674Z,2025-12-01T14:17:45.976701674Z,2025-12-01T13:50:12.565920443Z,"{""interval"":19315}",attributes,spans,580706b33949,railway-simulation,2f0a0899398c5c7a,32a47efc2c2b314ffdfda3a76d41959c
,,1265,2025-12-01T13:17:45.976701674Z,2025-12-01T14:17:45.976701674Z,2025-12-01T13:49:24.23364413Z,"{""interval"":11395}",attributes,spans,580706b33949,railway-simulation,2f0a7cac9be9f9d2,b4c7abd29cd012e9ea661babaab3485b
,,1266,2025-12-01T13:17:45.976701674Z,2025-12-01T14:17:45.976701674Z,2025-12-01T13:52:14.065941418Z,"{""interval"":39445}",attributes,spans,580706b33949,railway-simulation,2f0bfec241907d50,2f03db59ac581ce1b430efe320485e70
,,1267,2025-12-01T13:17:45.976701674Z,2025-12-01T14:17:45.976701674Z,2025-12-01T13:50:16.232567254Z,"{""interval"":19975}",attributes,spans,580706b33949,railway-simulation,2f213a6cae3403ed,76a30c3758e60aac69d7c29c4e3114a7
,,1268,2025-12-01T13:17:45.976701674Z,2025-12-01T14:17:45.976701674Z,2025-12-01T13:49:40.399245396Z,"{""interval"":14034.999999999998}",attributes,spans,580706b33949,railway-simulation,2f31ebe4247f0c03,7aa9cb0793bf3661af281787d93f9f82
,,1269,2025-12-01T13:17:45.976701674Z,2025-12-01T14:17:45.976701674Z,2025-12-01T13:50:24.400229099Z,"{""interval"":21295}",attributes,spans,580706b33949,railway-simulation,2f5a7a3dd63f35ac,fc7c0ba7dcf1ecb7a3f291bf6bdd7872
,,1270,2025-12-01T13:17:45.976701674Z,2025-12-01T14:17:45.976701674Z,2025-12-01T13:52:55.39925726Z,"{""interval"":46210}",attributes,spans,580706b33949,railway-simulation,2f8d921d672bc965,d315fd1e7a290e3d74df6dc682ce4217
,,1271,2025-12-01T13:17:45.976701674Z,2025-12-01T14:17:45.976701674Z,2025-12-01T13:51:39.565899591Z,"{""interval"":33670}",attributes,spans,580706b33949,railway-simulation,2fa9f082096b1597,6e872021e9a313af29d49915f3440257
,,1272,2025-12-01T13:17:45.976701674Z,2025-12-01T14:17:45.976701674Z,2025-12-01T13:51:05.732778859Z,"{""interval"":28060}",attributes,spans,580706b33949,railway-simulation,2faa5f58304ff420,d6a9e1be4633eab2c46e4aba45b16787
,,1273,2025-12-01T13:17:45.976701674Z,2025-12-01T14:17:45.976701674Z,2025-12-01T13:54:50.399246095Z,"{""interval"":65185}",attributes,spans,580706b33949,railway-simulation,2fac3123570789be,a0453bff5e6edbab8e60be2717b8309c
,,1274,2025-12-01T13:17:45.976701674Z,2025-12-01T14:17:45.976701674Z,2025-12-01T13:52:15.399410272Z,"{""interval"":39610}",attributes,spans,580706b33949,railway-simulation,2fb77ea46cc52ddd,a367dce1d4a3145edb955576b669b54e
,,1275,2025-12-01T13:17:45.976701674Z,2025-12-01T14:17:45.976701674Z,2025-12-01T13:55:08.899241725Z,"{""interval"":68155}",attributes,spans,580706b33949,railway-simulation,2fc3116e046002a2,66ab6be5e2a267f1a0d7f2132b758276
,,1276,2025-12-01T13:17:45.976701674Z,2025-12-01T14:17:45.976701674Z,2025-12-01T13:51:51.399234443Z,"{""interval"":35650}",attributes,spans,580706b33949,railway-simulation,2fe9a1428fd24db1,93ace55d341192643ba7d7d5ca0f078d
,,1277,2025-12-01T13:17:45.976701674Z,2025-12-01T14:17:45.976701674Z,2025-12-01T13:52:41.899240425Z,"{""interval"":43900}",attributes,spans,580706b33949,railway-simulation,300bd1af2d96edfd,d9ba148c2ca09e29cb40f44c45168329
,,1278,2025-12-01T13:17:45.976701674Z,2025-12-01T14:17:45.976701674Z,2025-12-01T13:52:07.732569301Z,"{""interval"":38290}",attributes,spans,580706b33949,railway-simulation,301e8bf239662ec5,6e0950aff40f17ae7826f38c2812e87a
,,1279,2025-12-01T13:17:45.976701674Z,2025-12-01T14:17:45.976701674Z,2025-12-01T13:53:30.065955695Z,"{""interval"":51985}",attributes,spans,580706b33949,railway-simulation,3030f171041ce285,5fb097ec3860d22673db484987de206a
,,1280,2025-12-01T13:17:45.976701674Z,2025-12-01T14:17:45.976701674Z,2025-12-01T13:54:44.565932424Z,"{""interval"":64195}",attributes,spans,580706b33949,railway-simulation,3041c00ac2d75ade,bea66d04ac1e92c5f2003ef8d713c55c
,,1281,2025-12-01T13:17:45.976701674Z,2025-12-01T14:17:45.976701674Z,2025-12-01T13:57:40.975930701Z,"{""interval"":90925}",attributes,spans,580706b33949,railway-simulation,305433ba551bfda6,9b8d332969f328c8ee78956e008c2cda
,,1282,2025-12-01T13:17:45.976701674Z,2025-12-01T14:17:45.976701674Z,2025-12-01T13:52:06.232646387Z,"{""interval"":38125}",attributes,spans,580706b33949,railway-simulation,30567217a2c960c6,f354dbbeb5dbcba7c3850fa4514ff796
,,1283,2025-12-01T13:17:45.976701674Z,2025-12-01T14:17:45.976701674Z,2025-12-01T13:55:58.899620996Z,"{""interval"":76405}",attributes,spans,580706b33949,railway-simulation,306ea3dcba682899,4e5e965f8448b644d2bfbe9f5456b631
,,1284,2025-12-01T13:17:45.976701674Z,2025-12-01T14:17:45.976701674Z,2025-12-01T13:53:57.901889778Z,"{""interval"":56440.00000000001}",attributes,spans,580706b33949,railway-simulation,306f3ee5c6f95d35,147529c16014bdf0d62ac7f730bd9254
,,1285,2025-12-01T13:17:45.976701674Z,2025-12-01T14:17:45.976701674Z,2025-12-01T13:48:53.566880786Z,"{""interval"":6280}",attributes,spans,580706b33949,railway-simulation,30806954e1f60e80,b8e10ca7b10ef25a624c8cc58500a16a
,,1286,2025-12-01T13:17:45.976701674Z,2025-12-01T14:17:45.976701674Z,2025-12-01T13:52:05.899262954Z,"{""interval"":37960}",attributes,spans,580706b33949,railway-simulation,3080e574ee6ee6e0,5fc963d68762ad0bb12754401752d5de
,,1287,2025-12-01T13:17:45.976701674Z,2025-12-01T14:17:45.976701674Z,2025-12-01T13:51:06.23265098Z,"{""interval"":28225.000000000004}",attributes,spans,580706b33949,railway-simulation,30879ebaa973d8c0,679d26021e7e3fbcabfbe710e9edd1ad
,,1288,2025-12-01T13:17:45.976701674Z,2025-12-01T14:17:45.976701674Z,2025-12-01T13:54:37.401159766Z,"{""interval"":63040.00000000001}",attributes,spans,580706b33949,railway-simulation,30a9a8f3f9953026,524df6fe104408f924ff13121508a94e
,,1289,2025-12-01T13:17:45.976701674Z,2025-12-01T14:17:45.976701674Z,2025-12-01T13:54:33.926017174Z,"{""interval"":62380}",attributes,spans,580706b33949,railway-simulation,30ed78357a4802ee,e9f4333c7a688959adb3b3d68b0b3aa0
,,1290,2025-12-01T13:17:45.976701674Z,2025-12-01T14:17:45.976701674Z,2025-12-01T13:49:30.23287242Z,"{""interval"":12385}",attributes,spans,580706b33949,railway-simulation,30f0a49767e0bfb4,74fc2a3246967ace28ebc4901c1edca7
,,1291,2025-12-01T13:17:45.976701674Z,2025-12-01T14:17:45.976701674Z,2025-12-01T13:51:56.565919449Z,"{""interval"":36475}",attributes,spans,580706b33949,railway-simulation,30f9c430fbd6acd2,f13c35d61ccfcc22fd90f90bc0a80372
,,1292,2025-12-01T13:17:45.976701674Z,2025-12-01T14:17:45.976701674Z,2025-12-01T13:58:00.268775984Z,"{""interval"":93235}",attributes,spans,580706b33949,railway-simulation,313549c905ed7e98,97c6bf83064378705b1b9a6795ddd5ea
,,1293,2025-12-01T13:17:45.976701674Z,2025-12-01T14:17:45.976701674Z,2025-12-01T13:48:31.232574468Z,"{""interval"":2650}",attributes,spans,580706b33949,railway-simulation,31557ce7120c0108,2a8110735106ebdec586e16dc3941cd0
,,1294,2025-12-01T13:17:45.976701674Z,2025-12-01T14:17:45.976701674Z,2025-12-01T13:49:01.733094587Z,"{""interval"":7600}",attributes,spans,580706b33949,railway-simulation,315f160c5e378a01,dc6467789afc781f1734939f1ba5e86f
,,1295,2025-12-01T13:17:45.976701674Z,2025-12-01T14:17:45.976701674Z,2025-12-01T13:54:09.732604756Z,"{""interval"":58419.99999999999}",attributes,spans,580706b33949,railway-simulation,316a875861e6816c,5d5921bd8fa47a7731a420e691356e3b
,,1296,2025-12-01T13:17:45.976701674Z,2025-12-01T14:17:45.976701674Z,2025-12-01T13:56:13.732672111Z,"{""interval"":78880}",attributes,spans,580706b33949,railway-simulation,31c17489878a91ea,3567c43247425cb55cecf7cc95568de2
,,1297,2025-12-01T13:17:45.976701674Z,2025-12-01T14:17:45.976701674Z,2025-12-01T13:55:01.39932124Z,"{""interval"":67000}",attributes,spans,580706b33949,railway-simulation,31c6835e5dfcd270,c9e009056dbd80c985b8b0388b973bd5
,,1298,2025-12-01T13:17:45.976701674Z,2025-12-01T14:17:45.976701674Z,2025-12-01T13:51:35.065925174Z,"{""interval"":33010}",attributes,spans,580706b33949,railway-simulation,31c7dab474f0ed11,38723428391e8b05e23f84b91a201cf9
,,1299,2025-12-01T13:17:45.976701674Z,2025-12-01T14:17:45.976701674Z,2025-12-01T13:54:38.565971017Z,"{""interval"":63205}",attributes,spans,580706b33949,railway-simulation,31de6fa022047147,7b59d2553617144029e4143d6ef76e5b
,,1300,2025-12-01T13:17:45.976701674Z,2025-12-01T14:17:45.976701674Z,2025-12-01T13:51:54.566034794Z,"{""interval"":36145}",attributes,spans,580706b33949,railway-simulation,31e9c3a82b702ff3,278906845aec6167989ea471a9798d60
,,1301,2025-12-01T13:17:45.976701674Z,2025-12-01T14:17:45.976701674Z,2025-12-01T13:53:23.732588722Z,"{""interval"":50830}",attributes,spans,580706b33949,railway-simulation,31ed2b2e1fd5f47c,f50c6555779bc6d99e1d0f7dd0beb457
,,1302,2025-12-01T13:17:45.976701674Z,2025-12-01T14:17:45.976701674Z,2025-12-01T13:50:55.399211644Z,"{""interval"":26410}",attributes,spans,580706b33949,railway-simulation,31edcd2ddebe953b,15cf37dc0dc65c0d4b90f697e95a0236
,,1303,2025-12-01T13:17:45.976701674Z,2025-12-01T14:17:45.976701674Z,2025-12-01T13:49:52.399397421Z,"{""interval"":16015}",attributes,spans,580706b33949,railway-simulation,320856d0e2de0e30,99756f50f3fbdb1958cd255bc4f067b6
,,1304,2025-12-01T13:17:45.976701674Z,2025-12-01T14:17:45.976701674Z,2025-12-01T13:48:52.399644631Z,"{""interval"":6115}",attributes,spans,580706b33949,railway-simulation,321818f95ed9d2d9,573dc4623156b39aad5dd1c7e3571f10
,,1305,2025-12-01T13:17:45.976701674Z,2025-12-01T14:17:45.976701674Z,2025-12-01T13:53:55.399328084Z,"{""interval"":56110}",attributes,spans,580706b33949,railway-simulation,322324f615a8460b,dbb692fde86f7ee2237636c45b4be21a
,,1306,2025-12-01T13:17:45.976701674Z,2025-12-01T14:17:45.976701674Z,2025-12-01T13:50:18.232756238Z,"{""interval"":20305}",attributes,spans,580706b33949,railway-simulation,323b0239555f5613,cb71e2c1fe23ad673a503bfe2a04b017
,,1307,2025-12-01T13:17:45.976701674Z,2025-12-01T14:17:45.976701674Z,2025-12-01T13:52:27.899229008Z,"{""interval"":41590}",attributes,spans,580706b33949,railway-simulation,3248c0896de09411,4bcbcaebad79ff9e471c0b84f2b9fb9e
,,1308,2025-12-01T13:17:45.976701674Z,2025-12-01T14:17:45.976701674Z,2025-12-01T13:58:13.9477326Z,"{""interval"":94720}",attributes,spans,580706b33949,railway-simulation,3265bfb4c0a4ed7e,5d416c5d6792906c24d446f7e5b8ffc6
,,1309,2025-12-01T13:17:45.976701674Z,2025-12-01T14:17:45.976701674Z,2025-12-01T13:53:09.065904409Z,"{""interval"":48520}",attributes,spans,580706b33949,railway-simulation,3277a368351ea724,d3b3a911125839f37c53bcce836e6780
,,1310,2025-12-01T13:17:45.976701674Z,2025-12-01T14:17:45.976701674Z,2025-12-01T13:54:41.065952524Z,"{""interval"":63700}",attributes,spans,580706b33949,railway-simulation,328fbde68078f201,ec3ad89ba659f1d601a63588c4945789
,,1311,2025-12-01T13:17:45.976701674Z,2025-12-01T14:17:45.976701674Z,2025-12-01T13:50:57.899215914Z,"{""interval"":26740}",attributes,spans,580706b33949,railway-simulation,3294d4b0ddafccb5,dbbd3b5cb173fade57f2ec9b4d359420
,,1312,2025-12-01T13:17:45.976701674Z,2025-12-01T14:17:45.976701674Z,2025-12-01T13:54:48.065958617Z,"{""interval"":64855}",attributes,spans,580706b33949,railway-simulation,3295a55541aafb87,792d99fb31a37e1129a120308c270803
,,1313,2025-12-01T13:17:45.976701674Z,2025-12-01T14:17:45.976701674Z,2025-12-01T13:53:13.899227941Z,"{""interval"":49180}",attributes,spans,580706b33949,railway-simulation,32cd51200b4eaed4,82fab868f0b8ffa5787e056ec071c5f1
,,1314,2025-12-01T13:17:45.976701674Z,2025-12-01T14:17:45.976701674Z,2025-12-01T13:55:57.066092084Z,"{""interval"":76240}",attributes,spans,580706b33949,railway-simulation,32e35511d8bf8c8b,2b2d1be82347c0fde0f477c65466ecf4
,,1315,2025-12-01T13:17:45.976701674Z,2025-12-01T14:17:45.976701674Z,2025-12-01T13:49:58.232586436Z,"{""interval"":17005}",attributes,spans,580706b33949,railway-simulation,32efe928f2bd6cf1,d1a62556db97632373a5fd85fae6cb35
,,1316,2025-12-01T13:17:45.976701674Z,2025-12-01T14:17:45.976701674Z,2025-12-01T13:51:06.899424311Z,"{""interval"":28225.000000000004}",attributes,spans,580706b33949,railway-simulation,32f126edc9211e50,83e98e3fcc500c7208ff1d2c1be16c65
,,1317,2025-12-01T13:17:45.976701674Z,2025-12-01T14:17:45.976701674Z,2025-12-01T13:49:35.39944995Z,"{""interval"":13210}",attributes,spans,580706b33949,railway-simulation,3300322a38a50c02,27b7e2d56b98dc403b75d88869770215
,,1318,2025-12-01T13:17:45.976701674Z,2025-12-01T14:17:45.976701674Z,2025-12-01T13:50:09.232615339Z,"{""interval"":18820}",attributes,spans,580706b33949,railway-simulation,330347608167ba64,5440bdedc773b341aad22cb52e14ed24
,,1319,2025-12-01T13:17:45.976701674Z,2025-12-01T14:17:45.976701674Z,2025-12-01T13:57:51.21193813Z,"{""interval"":92080}",attributes,spans,580706b33949,railway-simulation,3303bb6b9559a4f0,ab9b286de64df8ea36c3ba9c392455c3
,,1320,2025-12-01T13:17:45.976701674Z,2025-12-01T14:17:45.976701674Z,2025-12-01T13:49:05.566516235Z,"{""interval"":8260}",attributes,spans,580706b33949,railway-simulation,33079f7a2da9bdd5,8fb5dda2a22ba2ed955fc22f908f40d5
,,1321,2025-12-01T13:17:45.976701674Z,2025-12-01T14:17:45.976701674Z,2025-12-01T13:55:23.732609384Z,"{""interval"":70630}",attributes,spans,580706b33949,railway-simulation,330ee09df15b362d,7d8fecb77354a5e304d2298792ce3bba
,,1322,2025-12-01T13:17:45.976701674Z,2025-12-01T14:17:45.976701674Z,2025-12-01T13:57:00.634940638Z,"{""interval"":86635}",attributes,spans,580706b33949,railway-simulation,3312e77d1dba7e7f,a6cfc0dccb3ad329bb24f4a1b476659c
,,1323,2025-12-01T13:17:45.976701674Z,2025-12-01T14:17:45.976701674Z,2025-12-01T13:57:42.667031764Z,"{""interval"":91090}",attributes,spans,580706b33949,railway-simulation,333a97f62c34466f,ab3ada00ebce3bb87f636adb8412ab45
,,1324,2025-12-01T13:17:45.976701674Z,2025-12-01T14:17:45.976701674Z,2025-12-01T13:52:39.56593925Z,"{""interval"":43570}",attributes,spans,580706b33949,railway-simulation,333afe76f1a2159d,378e4028e5a069a7d73f375266ac571c
,,1325,2025-12-01T13:17:45.976701674Z,2025-12-01T14:17:45.976701674Z,2025-12-01T13:54:47.565994898Z,"{""interval"":64690}",attributes,spans,580706b33949,railway-simulation,333c4ce306cda78b,a0819acb55d5fbf45f066d82322419fa
,,1326,2025-12-01T13:17:45.976701674Z,2025-12-01T14:17:45.976701674Z,2025-12-01T13:54:59.732628491Z,"{""interval"":66670}",attributes,spans,580706b33949,railway-simulation,334589207a1d2afe,3e2ed1615320948fe6b0829171b6e79c
,,1327,2025-12-01T13:17:45.976701674Z,2025-12-01T14:17:45.976701674Z,2025-12-01T13:54:26.732559799Z,"{""interval"":61224.99999999999}",attributes,spans,580706b33949,railway-simulation,3350ef356d250395,0516e4c88a92e3afd93b0ddddb458ce6
,,1328,2025-12-01T13:17:45.976701674Z,2025-12-01T14:17:45.976701674Z,2025-12-01T13:53:29.399226087Z,"{""interval"":51820}",attributes,spans,580706b33949,railway-simulation,335874b858dd151f,e95cc9f776c91ca6ca3b3d6745fbbf09
,,1329,2025-12-01T13:17:45.976701674Z,2025-12-01T14:17:45.976701674Z,2025-12-01T13:53:51.23256396Z,"{""interval"":55450.00000000001}",attributes,spans,580706b33949,railway-simulation,335e6fe0c5884247,27e0e144af26f7a0878fcac6ab41a4b2
,,1330,2025-12-01T13:17:45.976701674Z,2025-12-01T14:17:45.976701674Z,2025-12-01T13:50:58.399227544Z,"{""interval"":26905}",attributes,spans,580706b33949,railway-simulation,335fccabe27a8201,303bd02c0a00895defd8d8bda4ec5256
,,1331,2025-12-01T13:17:45.976701674Z,2025-12-01T14:17:45.976701674Z,2025-12-01T13:51:05.066126857Z,"{""interval"":28060}",attributes,spans,580706b33949,railway-simulation,33aaa77b8ebee231,98af109b87859e1e556382cd91d60e2a
,,1332,2025-12-01T13:17:45.976701674Z,2025-12-01T14:17:45.976701674Z,2025-12-01T13:56:22.23261824Z,"{""interval"":80365}",attributes,spans,580706b33949,railway-simulation,33b11b08e5463d30,3fa7dd258c310bb04800265d2066a0e6
,,1333,2025-12-01T13:17:45.976701674Z,2025-12-01T14:17:45.976701674Z,2025-12-01T13:52:44.899319985Z,"{""interval"":44395}",attributes,spans,580706b33949,railway-simulation,33c190380aca36a1,7aebbd5e058c5ca74e5a2d4156b646b5
,,1334,2025-12-01T13:17:45.976701674Z,2025-12-01T14:17:45.976701674Z,2025-12-01T13:51:09.399250474Z,"{""interval"":28720.000000000004}",attributes,spans,580706b33949,railway-simulation,33c2e9ffb341e21f,9b4ac089be084b71f4fac7fd1be45019
,,1335,2025-12-01T13:17:45.976701674Z,2025-12-01T14:17:45.976701674Z,2025-12-01T13:55:25.399245837Z,"{""interval"":70960}",attributes,spans,580706b33949,railway-simulation,33d631e5f088c32e,58bfc379f4f0d588fde41ff09628be82
,,1336,2025-12-01T13:17:45.976701674Z,2025-12-01T14:17:45.976701674Z,2025-12-01T13:54:52.399315073Z,"{""interval"":65514.99999999999}",attributes,spans,580706b33949,railway-simulation,33d7c6ba2473c3bb,380cddfd7be12f6dcfc1da6e8c9a29ff
,,1337,2025-12-01T13:17:45.976701674Z,2025-12-01T14:17:45.976701674Z,2025-12-01T13:52:37.565913579Z,"{""interval"":43240}",attributes,spans,580706b33949,railway-simulation,33de8f4767fc27e3,e9c71e6429204cebe92f3e24bb1e80e1
,,1338,2025-12-01T13:17:45.976701674Z,2025-12-01T14:17:45.976701674Z,2025-12-01T13:52:18.065894065Z,"{""interval"":40105}",attributes,spans,580706b33949,railway-simulation,33eb90d19df89cf1,4ae3c85893a702e5befb1c41eb486a8e
,,1339,2025-12-01T13:17:45.976701674Z,2025-12-01T14:17:45.976701674Z,2025-12-01T13:53:25.566217913Z,"{""interval"":51160.00000000001}",attributes,spans,580706b33949,railway-simulation,33f35829992392cd,66a3ea1b6d025a55d6e1386b5e942a9e
,,1340,2025-12-01T13:17:45.976701674Z,2025-12-01T14:17:45.976701674Z,2025-12-01T13:54:31.732571062Z,"{""interval"":62050}",attributes,spans,580706b33949,railway-simulation,33f497a9b645d63b,3c3ec814be0fd6ab5dad51bc784e4ab9
,,1341,2025-12-01T13:17:45.976701674Z,2025-12-01T14:17:45.976701674Z,2025-12-01T13:58:30.110532242Z,"{""interval"":96865}",attributes,spans,580706b33949,railway-simulation,33f49d981753dc30,7dccd0e5d640720b182535d51732680c
,,1342,2025-12-01T13:17:45.976701674Z,2025-12-01T14:17:45.976701674Z,2025-12-01T13:49:51.733458567Z,"{""interval"":15850}",attributes,spans,580706b33949,railway-simulation,341ea53139c3eb95,15ddeb4021aa96582141bc0818f2dd0c
,,1343,2025-12-01T13:17:45.976701674Z,2025-12-01T14:17:45.976701674Z,2025-12-01T13:57:08.826155355Z,"{""interval"":87790}",attributes,spans,580706b33949,railway-simulation,3429bbdcae54e8e6,1a0d17624644ab3bdbf4397249ab46b3
,,1344,2025-12-01T13:17:45.976701674Z,2025-12-01T14:17:45.976701674Z,2025-12-01T13:57:55.210193213Z,"{""interval"":92575}",attributes,spans,580706b33949,railway-simulation,34306598e2d48be7,33bc38f21f7533a18b9a37725b887644
,,1345,2025-12-01T13:17:45.976701674Z,2025-12-01T14:17:45.976701674Z,2025-12-01T13:53:22.899277507Z,"{""interval"":50665.00000000001}",attributes,spans,580706b33949,railway-simulation,343fe212bd9522d8,c50ded37e700d8885dfb8347d43461ce
,,1346,2025-12-01T13:17:45.976701674Z,2025-12-01T14:17:45.976701674Z,2025-12-01T13:53:51.06590695Z,"{""interval"":55450.00000000001}",attributes,spans,580706b33949,railway-simulation,343fec6c8539a500,283f236c40b3d40a3fdfabb423375da5
,,1347,2025-12-01T13:17:45.976701674Z,2025-12-01T14:17:45.976701674Z,2025-12-01T13:55:44.732599128Z,"{""interval"":74095}",attributes,spans,580706b33949,railway-simulation,3464afd22339abc0,d972cb8cc62595cddf7db6667a378c4d
,,1348,2025-12-01T13:17:45.976701674Z,2025-12-01T14:17:45.976701674Z,2025-12-01T13:49:51.400014683Z,"{""interval"":15850}",attributes,spans,580706b33949,railway-simulation,347c767b04695294,2b84c67e0479b6bb482b6b86c48269ba
,,1349,2025-12-01T13:17:45.976701674Z,2025-12-01T14:17:45.976701674Z,2025-12-01T13:53:26.565958591Z,"{""interval"":51325}",attributes,spans,580706b33949,railway-simulation,348ad69c97fdedde,03679b78d0a5eb88707c8e0a69c1f865
,,1350,2025-12-01T13:17:45.976701674Z,2025-12-01T14:17:45.976701674Z,2025-12-01T13:55:32.232584644Z,"{""interval"":72115}",attributes,spans,580706b33949,railway-simulation,349dbaf894a589a6,1d73993b82f059d5251db1ec6ee2e59a
,,1351,2025-12-01T13:17:45.976701674Z,2025-12-01T14:17:45.976701674Z,2025-12-01T13:49:39.56587258Z,"{""interval"":13870}",attributes,spans,580706b33949,railway-simulation,34b6770e31339f3b,ce3211007fd1e7dc5cac469d7de35d30
,,1352,2025-12-01T13:17:45.976701674Z,2025-12-01T14:17:45.976701674Z,2025-12-01T13:48:50.066815243Z,"{""interval"":5785}",attributes,spans,580706b33949,railway-simulation,34bb3b9926836b18,c7701c60c0ab71dcd1592e8e51ecbd5a
,,1353,2025-12-01T13:17:45.976701674Z,2025-12-01T14:17:45.976701674Z,2025-12-01T13:49:43.7325727Z,"{""interval"":14530}",attributes,spans,580706b33949,railway-simulation,34c297c0cf4a5f76,882c74bfbbd9ef629dcb0b08a3996a12
,,1354,2025-12-01T13:17:45.976701674Z,2025-12-01T14:17:45.976701674Z,2025-12-01T13:50:44.732646825Z,"{""interval"":24595}",attributes,spans,580706b33949,railway-simulation,34c71bcf87bf497b,614945baa837983abdd65a871bed8a03
,,1355,2025-12-01T13:17:45.976701674Z,2025-12-01T14:17:45.976701674Z,2025-12-01T13:49:00.400103384Z,"{""interval"":7435}",attributes,spans,580706b33949,railway-simulation,34d583cf19e78b55,e8e2561e4763ca8a1e9356ffc21181fc
,,1356,2025-12-01T13:17:45.976701674Z,2025-12-01T14:17:45.976701674Z,2025-12-01T13:48:30.899258049Z,"{""interval"":2485}",attributes,spans,580706b33949,railway-simulation,34e442c3490c5750,5d7e5cec0025bea6199deb141456bf51
,,1357,2025-12-01T13:17:45.976701674Z,2025-12-01T14:17:45.976701674Z,2025-12-01T13:53:42.232594171Z,"{""interval"":53965}",attributes,spans,580706b33949,railway-simulation,34e66ac960556b8b,39fafa42cfff790dd5fc45766bde7364
,,1358,2025-12-01T13:17:45.976701674Z,2025-12-01T14:17:45.976701674Z,2025-12-01T13:54:37.232626857Z,"{""interval"":63040.00000000001}",attributes,spans,580706b33949,railway-simulation,34eeeb1e3a5ea77f,2688088dad377124239e78d074b010bf
,,1359,2025-12-01T13:17:45.976701674Z,2025-12-01T14:17:45.976701674Z,2025-12-01T13:55:42.399315547Z,"{""interval"":73765}",attributes,spans,580706b33949,railway-simulation,34fac0a2aa70267b,1bb4f1a86e9528c932a56529aa686dd6
,,1360,2025-12-01T13:17:45.976701674Z,2025-12-01T14:17:45.976701674Z,2025-12-01T13:53:07.232659609Z,"{""interval"":48190}",attributes,spans,580706b33949,railway-simulation,35072beb2f7c4fed,de82c7b3c760fa3c2fdfd556db01485e
,,1361,2025-12-01T13:17:45.976701674Z,2025-12-01T14:17:45.976701674Z,2025-12-01T13:50:57.232611985Z,"{""interval"":26740}",attributes,spans,580706b33949,railway-simulation,3508d853f6af1904,efc2c6e56589ff803e56dc976da56a36
,,1362,2025-12-01T13:17:45.976701674Z,2025-12-01T14:17:45.976701674Z,2025-12-01T13:54:11.232609626Z,"{""interval"":58750.00000000001}",attributes,spans,580706b33949,railway-simulation,3509935d3918af71,0bfd3e935710e6c283f4650b1c054138
,,1363,2025-12-01T13:17:45.976701674Z,2025-12-01T14:17:45.976701674Z,2025-12-01T13:56:00.566097252Z,"{""interval"":76735}",attributes,spans,580706b33949,railway-simulation,352bbb26eb830ce2,6ae6b8bfa85616564cbf4b4ac071e09e
,,1364,2025-12-01T13:17:45.976701674Z,2025-12-01T14:17:45.976701674Z,2025-12-01T13:57:52.77756253Z,"{""interval"":92245}",attributes,spans,580706b33949,railway-simulation,352bd588ace2564d,383fa5c0d6e99980aec5c0efa79ff3fc
,,1365,2025-12-01T13:17:45.976701674Z,2025-12-01T14:17:45.976701674Z,2025-12-01T13:50:40.732793388Z,"{""interval"":23935}",attributes,spans,580706b33949,railway-simulation,352de3990793ca09,a5c39ba3ca92e18fb795b157f9ee186a
,,1366,2025-12-01T13:17:45.976701674Z,2025-12-01T14:17:45.976701674Z,2025-12-01T13:49:08.732660522Z,"{""interval"":8755}",attributes,spans,580706b33949,railway-simulation,354ef3fd1b437263,2db15e7dca315dbc20c7e95e59bc1710
,,1367,2025-12-01T13:17:45.976701674Z,2025-12-01T14:17:45.976701674Z,2025-12-01T13:51:48.565934397Z,"{""interval"":35155}",attributes,spans,580706b33949,railway-simulation,3567d15f90265c8a,4068b59ee1080b01736b29e4c5fb5d1b
,,1368,2025-12-01T13:17:45.976701674Z,2025-12-01T14:17:45.976701674Z,2025-12-01T13:55:14.232623811Z,"{""interval"":69145}",attributes,spans,580706b33949,railway-simulation,35909ca37772d510,dac522868d163c1d79ddd76811bf5184
,,1369,2025-12-01T13:17:45.976701674Z,2025-12-01T14:17:45.976701674Z,2025-12-01T13:57:37.185583702Z,"{""interval"":90595}",attributes,spans,580706b33949,railway-simulation,35972b033c2a167f,6103c0b55aced7338ad5c78121d23fc2
,,1370,2025-12-01T13:17:45.976701674Z,2025-12-01T14:17:45.976701674Z,2025-12-01T13:55:04.89931339Z,"{""interval"":67495}",attributes,spans,580706b33949,railway-simulation,35d61be8cda0a291,6a106d617c9f8bba1635314a471fb186
,,1371,2025-12-01T13:17:45.976701674Z,2025-12-01T14:17:45.976701674Z,2025-12-01T13:50:11.066935569Z,"{""interval"":19150}",attributes,spans,580706b33949,railway-simulation,35dbd657073e8e4c,1c678cb12e60254e36984deb90f43879
,,1372,2025-12-01T13:17:45.976701674Z,2025-12-01T14:17:45.976701674Z,2025-12-01T13:56:16.732744724Z,"{""interval"":79375}",attributes,spans,580706b33949,railway-simulation,360a04540fb287fc,91e2ba9095606575ccc56eddd14749ce
,,1373,2025-12-01T13:17:45.976701674Z,2025-12-01T14:17:45.976701674Z,2025-12-01T13:54:47.399312892Z,"{""interval"":64690}",attributes,spans,580706b33949,railway-simulation,360ba26cc265c4fb,815e4e28532addb4814b29c964bba8a1
,,1374,2025-12-01T13:17:45.976701674Z,2025-12-01T14:17:45.976701674Z,2025-12-01T13:55:01.899229889Z,"{""interval"":67000}",attributes,spans,580706b33949,railway-simulation,362819e3ce9806af,fb0f7884635e67d0a739ef1a7e11f899
,,1375,2025-12-01T13:17:45.976701674Z,2025-12-01T14:17:45.976701674Z,2025-12-01T13:56:26.232617761Z,"{""interval"":81025}",attributes,spans,580706b33949,railway-simulation,36286b642334305a,4885b5f9184352bb2ffb2014d77e08a2
,,1376,2025-12-01T13:17:45.976701674Z,2025-12-01T14:17:45.976701674Z,2025-12-01T13:51:59.565898197Z,"{""interval"":36970}",attributes,spans,580706b33949,railway-simulation,362e3f7367bf8403,cd4f8c425b64d2f8e9b5e83112fa05c2
,,1377,2025-12-01T13:17:45.976701674Z,2025-12-01T14:17:45.976701674Z,2025-12-01T13:53:10.232628479Z,"{""interval"":48685}",attributes,spans,580706b33949,railway-simulation,364f07988198c2f4,eae4d6fe969729cd516c99b0bfadcc41
,,1378,2025-12-01T13:17:45.976701674Z,2025-12-01T14:17:45.976701674Z,2025-12-01T13:49:34.56672097Z,"{""interval"":13045}",attributes,spans,580706b33949,railway-simulation,365102b64b2d838b,0fbd5cae032968cad23f9dfea2f39ada
,,1379,2025-12-01T13:17:45.976701674Z,2025-12-01T14:17:45.976701674Z,2025-12-01T13:54:07.565947535Z,"{""interval"":58090}",attributes,spans,580706b33949,railway-simulation,36857c0b03e6a3cd,c5ec8ebbfce811d5994d19d0727b7fc0
,,1380,2025-12-01T13:17:45.976701674Z,2025-12-01T14:17:45.976701674Z,2025-12-01T13:53:02.066017625Z,"{""interval"":47365}",attributes,spans,580706b33949,railway-simulation,36a347fb42020f60,1ad7803c265641f64b5e3a5e135ba36b
,,1381,2025-12-01T13:17:45.976701674Z,2025-12-01T14:17:45.976701674Z,2025-12-01T13:56:16.399638259Z,"{""interval"":79375}",attributes,spans,580706b33949,railway-simulation,36aa877c0906e068,512a1cfe60f6a09767f7a8b4333b39f8
,,1382,2025-12-01T13:17:45.976701674Z,2025-12-01T14:17:45.976701674Z,2025-12-01T13:58:40.777515382Z,"{""interval"":98515}",attributes,spans,580706b33949,railway-simulation,36c115f4604a6461,7d68ee6eb08744586d2c6a1bde6f3e09
,,1383,2025-12-01T13:17:45.976701674Z,2025-12-01T14:17:45.976701674Z,2025-12-01T13:48:40.899783984Z,"{""interval"":4135}",attributes,spans,580706b33949,railway-simulation,36c999341e2b7b44,888aa76ae74233cc1db79d2976f4cf75
,,1384,2025-12-01T13:17:45.976701674Z,2025-12-01T14:17:45.976701674Z,2025-12-01T13:51:34.732641976Z,"{""interval"":32845}",attributes,spans,580706b33949,railway-simulation,36e77a9176bb1511,52eec3fa4bc5b5751bcd2b02147bc349
,,1385,2025-12-01T13:17:45.976701674Z,2025-12-01T14:17:45.976701674Z,2025-12-01T13:49:25.232845281Z,"{""interval"":11560}",attributes,spans,580706b33949,railway-simulation,36e7d35d857f4892,c78309187dbec3b39f252ccb686324cf
,,1386,2025-12-01T13:17:45.976701674Z,2025-12-01T14:17:45.976701674Z,2025-12-01T13:48:56.399195657Z,"{""interval"":6775}",attributes,spans,580706b33949,railway-simulation,36eb8674b1c4c0ea,d3d6a64a78e2276af23680acf597f650
,,1387,2025-12-01T13:17:45.976701674Z,2025-12-01T14:17:45.976701674Z,2025-12-01T13:51:32.065937054Z,"{""interval"":32515.000000000004}",attributes,spans,580706b33949,railway-simulation,3701ea0de7dfd6f2,28eee302888e7bffca662b7877758d8e
,,1388,2025-12-01T13:17:45.976701674Z,2025-12-01T14:17:45.976701674Z,2025-12-01T13:53:26.232564135Z,"{""interval"":51325}",attributes,spans,580706b33949,railway-simulation,370b3fd39555c6f7,8b012a16efc2998d6e3fc67d68dce515
,,1389,2025-12-01T13:17:45.976701674Z,2025-12-01T14:17:45.976701674Z,2025-12-01T13:54:01.732693948Z,"{""interval"":57100}",attributes,spans,580706b33949,railway-simulation,370c4d93afeda71d,7a3294ad6d337b3fddd1a06ef71fc0d2
,,1390,2025-12-01T13:17:45.976701674Z,2025-12-01T14:17:45.976701674Z,2025-12-01T13:49:19.899251516Z,"{""interval"":10570}",attributes,spans,580706b33949,railway-simulation,3718e08b28bdb083,3f553867e8ffefec7cac2d59b59f06f9
,,1391,2025-12-01T13:17:45.976701674Z,2025-12-01T14:17:45.976701674Z,2025-12-01T13:53:06.232601554Z,"{""interval"":48025}",attributes,spans,580706b33949,railway-simulation,371ba76a6f6c9b5d,79c5f16a626f5b2bd965f9fc6df1ad42
,,1392,2025-12-01T13:17:45.976701674Z,2025-12-01T14:17:45.976701674Z,2025-12-01T13:58:35.310865417Z,"{""interval"":97690}",attributes,spans,580706b33949,railway-simulation,3745423b855cbe13,1ea38ea4940904ba55ae27e39cf77220
,,1393,2025-12-01T13:17:45.976701674Z,2025-12-01T14:17:45.976701674Z,2025-12-01T13:49:39.732550009Z,"{""interval"":13870}",attributes,spans,580706b33949,railway-simulation,37476ffbdbc1d006,86f58bbd57dbb563f8f11d4ad8c3ba5b
,,1394,2025-12-01T13:17:45.976701674Z,2025-12-01T14:17:45.976701674Z,2025-12-01T13:52:17.232597577Z,"{""interval"":39940}",attributes,spans,580706b33949,railway-simulation,376cccf5a6293ca8,d05051eb13b62cb288accb9b4c248979
,,1395,2025-12-01T13:17:45.976701674Z,2025-12-01T14:17:45.976701674Z,2025-12-01T13:58:23.335022652Z,"{""interval"":95710}",attributes,spans,580706b33949,railway-simulation,3779699facd13390,e3d2ba7bbb6a762e2d0665fd0c8955b0
,,1396,2025-12-01T13:17:45.976701674Z,2025-12-01T14:17:45.976701674Z,2025-12-01T13:48:35.400093822Z,"{""interval"":3310}",attributes,spans,580706b33949,railway-simulation,377e89df8cebbc83,0ee52b3faf5abd3deca815152868595f
,,1397,2025-12-01T13:17:45.976701674Z,2025-12-01T14:17:45.976701674Z,2025-12-01T13:51:17.732671702Z,"{""interval"":30040}",attributes,spans,580706b33949,railway-simulation,3797f5bb1a969674,fdf7c3703099dd3ae5dc1c75d3091eb7
,,1398,2025-12-01T13:17:45.976701674Z,2025-12-01T14:17:45.976701674Z,2025-12-01T13:48:39.733456826Z,"{""interval"":3970}",attributes,spans,580706b33949,railway-simulation,379ce2bdc77cb96c,98a6e8768f452c9111c49a788233b13c
,,1399,2025-12-01T13:17:45.976701674Z,2025-12-01T14:17:45.976701674Z,2025-12-01T13:54:03.566577193Z,"{""interval"":57429.99999999999}",attributes,spans,580706b33949,railway-simulation,37b5dc30c735ab88,cd5361dfded4359d083d80d8db068ca4
,,1400,2025-12-01T13:17:45.976701674Z,2025-12-01T14:17:45.976701674Z,2025-12-01T13:53:15.065971664Z,"{""interval"":49510}",attributes,spans,580706b33949,railway-simulation,37bb67711a9af407,c28e4c88bb64cf3beef128421abfae83
,,1401,2025-12-01T13:17:45.976701674Z,2025-12-01T14:17:45.976701674Z,2025-12-01T13:58:26.79935824Z,"{""interval"":96205}",attributes,spans,580706b33949,railway-simulation,37d808a35943f5be,22d50074682fac974627eb6b37f7e2ee
,,1402,2025-12-01T13:17:45.976701674Z,2025-12-01T14:17:45.976701674Z,2025-12-01T13:58:28.126607592Z,"{""interval"":96535}",attributes,spans,580706b33949,railway-simulation,37ec14521158d71d,f3274cd421039366be32a91bf520083a
,,1403,2025-12-01T13:17:45.976701674Z,2025-12-01T14:17:45.976701674Z,2025-12-01T13:49:38.232580804Z,"{""interval"":13705}",attributes,spans,580706b33949,railway-simulation,37f45d17d73c3a5f,d89114fa96f851aa2eccff3ce3fa3c1e
,,1404,2025-12-01T13:17:45.976701674Z,2025-12-01T14:17:45.976701674Z,2025-12-01T13:52:47.399261974Z,"{""interval"":44890}",attributes,spans,580706b33949,railway-simulation,380a8c0d9a6c7c7a,c492f19c1665dafd32bcc2d945aff860
,,1405,2025-12-01T13:17:45.976701674Z,2025-12-01T14:17:45.976701674Z,2025-12-01T13:54:58.732588311Z,"{""interval"":66505}",attributes,spans,580706b33949,railway-simulation,3810d3eca12e11c9,6b851b3668d3705033d920e6663a8b1c
,,1406,2025-12-01T13:17:45.976701674Z,2025-12-01T14:17:45.976701674Z,2025-12-01T13:53:00.399345412Z,"{""interval"":47035}",attributes,spans,580706b33949,railway-simulation,3811f0e59ecc9ccb,5d04862caac7929614c777e35ee3c443
,,1407,2025-12-01T13:17:45.976701674Z,2025-12-01T14:17:45.976701674Z,2025-12-01T13:55:18.899299238Z,"{""interval"":69805}",attributes,spans,580706b33949,railway-simulation,383b7e5f0f6259a8,d14c6951bfa21252b0ee28a202f36964
,,1408,2025-12-01T13:17:45.976701674Z,2025-12-01T14:17:45.976701674Z,2025-12-01T13:53:01.399336588Z,"{""interval"":47200}",attributes,spans,580706b33949,railway-simulation,38513974a34921d4,e6834ddcefb332aa9f48dde11e35729e
,,1409,2025-12-01T13:17:45.976701674Z,2025-12-01T14:17:45.976701674Z,2025-12-01T13:49:10.065982959Z,"{""interval"":9085}",attributes,spans,580706b33949,railway-simulation,38597d250bfe2b9f,e9bf018e46f1bce60989ade2992e5ae2
,,1410,2025-12-01T13:17:45.976701674Z,2025-12-01T14:17:45.976701674Z,2025-12-01T13:53:42.565976181Z,"{""interval"":53965}",attributes,spans,580706b33949,railway-simulation,385b653c953cee71,7afc7e1fa03cc38c1f0d8c29e56b0f96
,,1411,2025-12-01T13:17:45.976701674Z,2025-12-01T14:17:45.976701674Z,2025-12-01T13:49:48.900118927Z,"{""interval"":15354.999999999998}",attributes,spans,580706b33949,railway-simulation,385fa3f5ef96235d,83688a75427d2678f6d0af6b3ef6a7ce
,,1412,2025-12-01T13:17:45.976701674Z,2025-12-01T14:17:45.976701674Z,2025-12-01T13:56:48.787170563Z,"{""interval"":84655}",attributes,spans,580706b33949,railway-simulation,3888113f52502251,edd1a757ce9da221c3537d57e4420e49
,,1413,2025-12-01T13:17:45.976701674Z,2025-12-01T14:17:45.976701674Z,2025-12-01T13:57:54.974392272Z,"{""interval"":92575}",attributes,spans,580706b33949,railway-simulation,388f72e01d105ffb,850d69a94da594a35afc991a6694cc31
,,1414,2025-12-01T13:17:45.976701674Z,2025-12-01T14:17:45.976701674Z,2025-12-01T13:55:06.065977292Z,"{""interval"":67825}",attributes,spans,580706b33949,railway-simulation,389580b15cfc94ca,a45a8c83e6c86c76cfd4d22029e2e855
,,1415,2025-12-01T13:17:45.976701674Z,2025-12-01T14:17:45.976701674Z,2025-12-01T13:53:41.232610423Z,"{""interval"":53800}",attributes,spans,580706b33949,railway-simulation,389bd5eb45b34667,521aaa6d7ced01887eb5db8cb055f882
,,1416,2025-12-01T13:17:45.976701674Z,2025-12-01T14:17:45.976701674Z,2025-12-01T13:54:51.066016249Z,"{""interval"":65350}",attributes,spans,580706b33949,railway-simulation,38d33d1a319bb712,96792008e7199e44be67d39d95426acc
,,1417,2025-12-01T13:17:45.976701674Z,2025-12-01T14:17:45.976701674Z,2025-12-01T13:57:28.490200518Z,"{""interval"":89770}",attributes,spans,580706b33949,railway-simulation,38efada3fdffd074,14bdd43686e45fb59f80e516ffa64d0e
,,1418,2025-12-01T13:17:45.976701674Z,2025-12-01T14:17:45.976701674Z,2025-12-01T13:48:45.899116352Z,"{""interval"":4960}",attributes,spans,580706b33949,railway-simulation,38f6fe2b03701e14,b671dacd02169a0003bea290ab4512fa
,,1419,2025-12-01T13:17:45.976701674Z,2025-12-01T14:17:45.976701674Z,2025-12-01T13:51:31.065935619Z,"{""interval"":32350}",attributes,spans,580706b33949,railway-simulation,390582f4634de22c,2d93f773f9a5512ec351d17a46d90ca9
,,1420,2025-12-01T13:17:45.976701674Z,2025-12-01T14:17:45.976701674Z,2025-12-01T13:50:45.899351373Z,"{""interval"":24760}",attributes,spans,580706b33949,railway-simulation,390eba481760d45c,6f34eddf18b38df0493e02635cb89c7f
,,1421,2025-12-01T13:17:45.976701674Z,2025-12-01T14:17:45.976701674Z,2025-12-01T13:57:16.832290586Z,"{""interval"":88615}",attributes,spans,580706b33949,railway-simulation,391921451d172067,86dd681937adb088e3393f60c40ae7c6
,,1422,2025-12-01T13:17:45.976701674Z,2025-12-01T14:17:45.976701674Z,2025-12-01T13:52:37.232623176Z,"{""interval"":43240}",attributes,spans,580706b33949,railway-simulation,3925f30d0c38c869,cacf68ecccb5de70fb3d58a9b4267931
,,1423,2025-12-01T13:17:45.976701674Z,2025-12-01T14:17:45.976701674Z,2025-12-01T13:53:13.565941426Z,"{""interval"":49180}",attributes,spans,580706b33949,railway-simulation,39328d9167f34247,c597fd0b5eace31ba1e3379bfe71f8c3
,,1424,2025-12-01T13:17:45.976701674Z,2025-12-01T14:17:45.976701674Z,2025-12-01T13:56:37.670428118Z,"{""interval"":82840}",attributes,spans,580706b33949,railway-simulation,3936932108949ee1,46b342c9fa488aeb5c669d51272e3fa3
,,1425,2025-12-01T13:17:45.976701674Z,2025-12-01T14:17:45.976701674Z,2025-12-01T13:55:46.899865559Z,"{""interval"":74425}",attributes,spans,580706b33949,railway-simulation,3958a003e50d991a,c2e780c3f81eeb2587d2b46d0c135915
,,1426,2025-12-01T13:17:45.976701674Z,2025-12-01T14:17:45.976701674Z,2025-12-01T13:54:05.899251949Z,"{""interval"":57760}",attributes,spans,580706b33949,railway-simulation,395f006f213e9423,9cf0a59389f28e58371e06f402e23dcc
,,1427,2025-12-01T13:17:45.976701674Z,2025-12-01T14:17:45.976701674Z,2025-12-01T13:51:17.399330161Z,"{""interval"":30040}",attributes,spans,580706b33949,railway-simulation,395f598cabf99f10,82f6ab50872adaf951ea47a2571e3f38
,,1428,2025-12-01T13:17:45.976701674Z,2025-12-01T14:17:45.976701674Z,2025-12-01T13:49:18.399296969Z,"{""interval"":10405}",attributes,spans,580706b33949,railway-simulation,3975db4ed4536679,da99caddd6eee598b0e87d76264893c5
,,1429,2025-12-01T13:17:45.976701674Z,2025-12-01T14:17:45.976701674Z,2025-12-01T13:50:14.900131969Z,"{""interval"":19645}",attributes,spans,580706b33949,railway-simulation,397be7ed5fd12ece,e0e1b60f2dfb4c80cac104fb179a79da
,,1430,2025-12-01T13:17:45.976701674Z,2025-12-01T14:17:45.976701674Z,2025-12-01T13:49:38.732610361Z,"{""interval"":13705}",attributes,spans,580706b33949,railway-simulation,397e204deb6a4de0,b695b24f22eaad90e41088e2e25210c6
,,1431,2025-12-01T13:17:45.976701674Z,2025-12-01T14:17:45.976701674Z,2025-12-01T13:50:13.732602276Z,"{""interval"":19480}",attributes,spans,580706b33949,railway-simulation,3985f2bf44691709,23ddabfa150fe267dabc73c71910dbab
,,1432,2025-12-01T13:17:45.976701674Z,2025-12-01T14:17:45.976701674Z,2025-12-01T13:50:35.899518484Z,"{""interval"":23110}",attributes,spans,580706b33949,railway-simulation,399887bfb4f7efcc,16d22b0537b7eccaed7fbf8df966997a
,,1433,2025-12-01T13:17:45.976701674Z,2025-12-01T14:17:45.976701674Z,2025-12-01T13:55:29.565979695Z,"{""interval"":71620}",attributes,spans,580706b33949,railway-simulation,39992f96d0385d90,3833c02c0470fbbcf896f8cc73ce6fae
,,1434,2025-12-01T13:17:45.976701674Z,2025-12-01T14:17:45.976701674Z,2025-12-01T13:56:31.399459542Z,"{""interval"":81850}",attributes,spans,580706b33949,railway-simulation,399a67676dc152bc,05dfcea5bcd667aa6724e82596e47e1c
,,1435,2025-12-01T13:17:45.976701674Z,2025-12-01T14:17:45.976701674Z,2025-12-01T13:56:56.066090674Z,"{""interval"":85975}",attributes,spans,580706b33949,railway-simulation,39aef9d838dc06ec,bca0bb82c9c2ee55fceb9eb9028fe6fe
,,1436,2025-12-01T13:17:45.976701674Z,2025-12-01T14:17:45.976701674Z,2025-12-01T13:55:58.399535515Z,"{""interval"":76405}",attributes,spans,580706b33949,railway-simulation,39afabd1e9e37092,367e4f18f60fa073e9d7c19a21a3a3e5
,,1437,2025-12-01T13:17:45.976701674Z,2025-12-01T14:17:45.976701674Z,2025-12-01T13:57:02.115578739Z,"{""interval"":86965}",attributes,spans,580706b33949,railway-simulation,39c6051d5d490f08,077512c440bde42f4009ca2a85ce0312
,,1438,2025-12-01T13:17:45.976701674Z,2025-12-01T14:17:45.976701674Z,2025-12-01T13:51:07.566082853Z,"{""interval"":28390}",attributes,spans,580706b33949,railway-simulation,3a0196f153a95bb8,d5730a7da496f8e58e1a50c936a1f730
,,1439,2025-12-01T13:17:45.976701674Z,2025-12-01T14:17:45.976701674Z,2025-12-01T13:53:43.232552804Z,"{""interval"":54129.99999999999}",attributes,spans,580706b33949,railway-simulation,3a037265567b6f26,e4548e55d90a4ba57388e0fa3e2a4be1
,,1440,2025-12-01T13:17:45.976701674Z,2025-12-01T14:17:45.976701674Z,2025-12-01T13:52:54.56593577Z,"{""interval"":46045}",attributes,spans,580706b33949,railway-simulation,3a07b5a697f93c5d,ccb27190fb01a82a1506e00102dfdbdc
,,1441,2025-12-01T13:17:45.976701674Z,2025-12-01T14:17:45.976701674Z,2025-12-01T13:53:01.56599713Z,"{""interval"":47200}",attributes,spans,580706b33949,railway-simulation,3a0de2e8d87a0a80,2cf3c39f2cdf3a777108d9a70cb923c9
,,1442,2025-12-01T13:17:45.976701674Z,2025-12-01T14:17:45.976701674Z,2025-12-01T13:56:54.1264705Z,"{""interval"":85480}",attributes,spans,580706b33949,railway-simulation,3a188bd67d456331,d7de29d2240b348aa83622ba2dc5f89c
,,1443,2025-12-01T13:17:45.976701674Z,2025-12-01T14:17:45.976701674Z,2025-12-01T13:55:40.066115809Z,"{""interval"":73435}",attributes,spans,580706b33949,railway-simulation,3a1d145ba083db02,83c2d8e480402a7b454a045e31c78e67
,,1444,2025-12-01T13:17:45.976701674Z,2025-12-01T14:17:45.976701674Z,2025-12-01T13:53:56.565907357Z,"{""interval"":56275}",attributes,spans,580706b33949,railway-simulation,3a23bd7f40f27c27,19c6c2985ebcdb62bd654f13bb3fa8d0
,,1445,2025-12-01T13:17:45.976701674Z,2025-12-01T14:17:45.976701674Z,2025-12-01T13:53:24.566059684Z,"{""interval"":50995}",attributes,spans,580706b33949,railway-simulation,3a2d74e064207cfc,cf2f9157d8f3c4718e5586d2369c884c
,,1446,2025-12-01T13:17:45.976701674Z,2025-12-01T14:17:45.976701674Z,2025-12-01T13:52:16.899298494Z,"{""interval"":39775}",attributes,spans,580706b33949,railway-simulation,3a40229a70476a52,0d00f88e3ee65a80bec6bde04ca41be9
,,1447,2025-12-01T13:17:45.976701674Z,2025-12-01T14:17:45.976701674Z,2025-12-01T13:51:04.732722131Z,"{""interval"":27895}",attributes,spans,580706b33949,railway-simulation,3a42cd229363f7aa,a131e12f5316bda9d76180297ff636ea
,,1448,2025-12-01T13:17:45.976701674Z,2025-12-01T14:17:45.976701674Z,2025-12-01T13:55:28.56594809Z,"{""interval"":71455}",attributes,spans,580706b33949,railway-simulation,3a46d6eab70b18e5,4e22ba2255ae08479366edb71cf3c3c4
,,1449,2025-12-01T13:17:45.976701674Z,2025-12-01T14:17:45.976701674Z,2025-12-01T13:50:12.066274336Z,"{""interval"":19315}",attributes,spans,580706b33949,railway-simulation,3a57cc60b9e3c2af,a1ff7985a336187338864f62bace2453
,,1450,2025-12-01T13:17:45.976701674Z,2025-12-01T14:17:45.976701674Z,2025-12-01T13:56:31.732737838Z,"{""interval"":81850}",attributes,spans,580706b33949,railway-simulation,3a6ce627fd0e5eca,77020a15bd8d87a72466c20badf1e2c9
,,1451,2025-12-01T13:17:45.976701674Z,2025-12-01T14:17:45.976701674Z,2025-12-01T13:57:50.73008285Z,"{""interval"":92080}",attributes,spans,580706b33949,railway-simulation,3aa9f108afadf376,3e25a987d3be01e04785dab3f356b244
,,1452,2025-12-01T13:17:45.976701674Z,2025-12-01T14:17:45.976701674Z,2025-12-01T13:52:48.065905292Z,"{""interval"":45055}",attributes,spans,580706b33949,railway-simulation,3ae0b7d417607e1d,71c22635432b65a4b4dbc73e3c87d3ec
,,1453,2025-12-01T13:17:45.976701674Z,2025-12-01T14:17:45.976701674Z,2025-12-01T13:49:04.733522607Z,"{""interval"":8095}",attributes,spans,580706b33949,railway-simulation,3ae18e353e789857,7b0740b3375f91ce1dc0c473f0cd5887
,,1454,2025-12-01T13:17:45.976701674Z,2025-12-01T14:17:45.976701674Z,2025-12-01T13:54:25.732698811Z,"{""interval"":61060}",attributes,spans,580706b33949,railway-simulation,3ae1986b74dfeba6,b2363b307f2ff0fadc1d7dac65dcd5a6
,,1455,2025-12-01T13:17:45.976701674Z,2025-12-01T14:17:45.976701674Z,2025-12-01T13:58:32.195062433Z,"{""interval"":97195}",attributes,spans,580706b33949,railway-simulation,3af36953e79b1ae4,e78df43d5053312ab3684b34ef9e7abc
,,1456,2025-12-01T13:17:45.976701674Z,2025-12-01T14:17:45.976701674Z,2025-12-01T13:50:38.399372824Z,"{""interval"":23605}",attributes,spans,580706b33949,railway-simulation,3afdfb9d9532df77,81412657ea51d22b57d3adae7a79fb3a
,,1457,2025-12-01T13:17:45.976701674Z,2025-12-01T14:17:45.976701674Z,2025-12-01T13:55:32.566099582Z,"{""interval"":72115}",attributes,spans,580706b33949,railway-simulation,3b15fea4b7fa5273,e5cc382eb1d4f877465f295a3b67a7b1
,,1458,2025-12-01T13:17:45.976701674Z,2025-12-01T14:17:45.976701674Z,2025-12-01T13:50:03.56622415Z,"{""interval"":17830}",attributes,spans,580706b33949,railway-simulation,3b35fc5b21e3cd81,2f62ff481d8d78b54ea0b66ecccd4815
,,1459,2025-12-01T13:17:45.976701674Z,2025-12-01T14:17:45.976701674Z,2025-12-01T13:49:52.233484293Z,"{""interval"":16015}",attributes,spans,580706b33949,railway-simulation,3b47b691441b4afd,0d4b2e0099dd81e3aa782342f52a9420
,,1460,2025-12-01T13:17:45.976701674Z,2025-12-01T14:17:45.976701674Z,2025-12-01T13:52:44.732544047Z,"{""interval"":44395}",attributes,spans,580706b33949,railway-simulation,3b51a3d57be744ae,ca530a7024b4e5b1e06dd6352ac7447d
,,1461,2025-12-01T13:17:45.976701674Z,2025-12-01T14:17:45.976701674Z,2025-12-01T13:55:41.899341262Z,"{""interval"":73600}",attributes,spans,580706b33949,railway-simulation,3b74cc31774c6eb4,a7efc44e588cfdb0f7f297fd4f141506
,,1462,2025-12-01T13:17:45.976701674Z,2025-12-01T14:17:45.976701674Z,2025-12-01T13:55:27.565941689Z,"{""interval"":71290}",attributes,spans,580706b33949,railway-simulation,3b7568dd2956f2f2,b8b076f4d344eafb4c280a783feb7210
,,1463,2025-12-01T13:17:45.976701674Z,2025-12-01T14:17:45.976701674Z,2025-12-01T13:53:48.732576073Z,"{""interval"":54955.00000000001}",attributes,spans,580706b33949,railway-simulation,3b817b1e1bd33f61,2f008c9155e9921a4b11e8297e1c212b
,,1464,2025-12-01T13:17:45.976701674Z,2025-12-01T14:17:45.976701674Z,2025-12-01T13:57:45.417380831Z,"{""interval"":91420}",attributes,spans,580706b33949,railway-simulation,3b865512ac40b5ff,0e6647eb0269795c22a248de52d654f4
,,1465,2025-12-01T13:17:45.976701674Z,2025-12-01T14:17:45.976701674Z,2025-12-01T13:56:43.180012183Z,"{""interval"":83665}",attributes,spans,580706b33949,railway-simulation,3b980a1eef5bef82,7e8290049404c6237c2dded8589f4804
,,1466,2025-12-01T13:17:45.976701674Z,2025-12-01T14:17:45.976701674Z,2025-12-01T13:50:14.232637004Z,"{""interval"":19645}",attributes,spans,580706b33949,railway-simulation,3b9d3503d20588fa,14b7092ecf85b252012e0d4b2752f608
,,1467,2025-12-01T13:17:45.976701674Z,2025-12-01T14:17:45.976701674Z,2025-12-01T13:51:22.232728194Z,"{""interval"":30865.000000000004}",attributes,spans,580706b33949,railway-simulation,3bc0e7927a35f715,2a98146f64ca012fcea06d1625a95808
,,1468,2025-12-01T13:17:45.976701674Z,2025-12-01T14:17:45.976701674Z,2025-12-01T13:53:26.399223828Z,"{""interval"":51325}",attributes,spans,580706b33949,railway-simulation,3bd603d6d74958fc,d46fd4d05eb18782f3c9ce895c9a4ff9
,,1469,2025-12-01T13:17:45.976701674Z,2025-12-01T14:17:45.976701674Z,2025-12-01T13:49:03.566119743Z,"{""interval"":7930.000000000001}",attributes,spans,580706b33949,railway-simulation,3bf3d16a2c5a3585,ed99a7d2d8f0fdbc730d48f1451c924f
,,1470,2025-12-01T13:17:45.976701674Z,2025-12-01T14:17:45.976701674Z,2025-12-01T13:54:20.399301617Z,"{""interval"":60235.00000000001}",attributes,spans,580706b33949,railway-simulation,3c1c2761825e46b9,c15aeae3413a0d8e32bb703403283c21
,,1471,2025-12-01T13:17:45.976701674Z,2025-12-01T14:17:45.976701674Z,2025-12-01T13:50:30.065951045Z,"{""interval"":22285}",attributes,spans,580706b33949,railway-simulation,3c656ad3b23b3a10,09e6d0d10d6a92a2c1809144aae91868
,,1472,2025-12-01T13:17:45.976701674Z,2025-12-01T14:17:45.976701674Z,2025-12-01T13:58:39.106223244Z,"{""interval"":98350}",attributes,spans,580706b33949,railway-simulation,3c8b24318213e5df,a751c888bc767701c78ac314c5208346
,,1473,2025-12-01T13:17:45.976701674Z,2025-12-01T14:17:45.976701674Z,2025-12-01T13:49:22.399619638Z,"{""interval"":11065}",attributes,spans,580706b33949,railway-simulation,3ca446ae95b7de80,3946e754a913816ba53df98e66cc3c8b
,,1474,2025-12-01T13:17:45.976701674Z,2025-12-01T14:17:45.976701674Z,2025-12-01T13:54:11.065903925Z,"{""interval"":58750.00000000001}",attributes,spans,580706b33949,railway-simulation,3ca6af2658572f3f,87581a1976372479ed5dfb412e9dcf43
,,1475,2025-12-01T13:17:45.976701674Z,2025-12-01T14:17:45.976701674Z,2025-12-01T13:58:45.298223131Z,"{""interval"":99340}",attributes,spans,580706b33949,railway-simulation,3caef31d1f91aba1,f8d68ace99b0ad09fb002fcdeac0473b
,,1476,2025-12-01T13:17:45.976701674Z,2025-12-01T14:17:45.976701674Z,2025-12-01T13:57:14.366437246Z,"{""interval"":88285}",attributes,spans,580706b33949,railway-simulation,3cbed3c035cfebe2,1a33b16e299d560f4dfcb684a123a49f
,,1477,2025-12-01T13:17:45.976701674Z,2025-12-01T14:17:45.976701674Z,2025-12-01T13:53:19.566116825Z,"{""interval"":50170}",attributes,spans,580706b33949,railway-simulation,3cd7552851f073a6,213f567c5e3b7bd72038c903ecf44f8e
,,1478,2025-12-01T13:17:45.976701674Z,2025-12-01T14:17:45.976701674Z,2025-12-01T13:57:34.146145261Z,"{""interval"":90265}",attributes,spans,580706b33949,railway-simulation,3cffeaef7016f7e7,814e5187e3abf46d07b784f7fcfad118
,,1479,2025-12-01T13:17:45.976701674Z,2025-12-01T14:17:45.976701674Z,2025-12-01T13:48:22.73195777Z,"{""interval"":1165}",attributes,spans,580706b33949,railway-simulation,3d0bf88ae908b3ca,6f2077cd7a493d107dee023ff83ed72f
,,1480,2025-12-01T13:17:45.976701674Z,2025-12-01T14:17:45.976701674Z,2025-12-01T13:55:43.565994305Z,"{""interval"":73930}",attributes,spans,580706b33949,railway-simulation,3d20f164effa39d4,a39d3d95585875a031b3518fedef75c9
,,1481,2025-12-01T13:17:45.976701674Z,2025-12-01T14:17:45.976701674Z,2025-12-01T13:48:50.232855947Z,"{""interval"":5785}",attributes,spans,580706b33949,railway-simulation,3d3db2df293f9152,acf114b6b1b4c2ce24a13bf6c54137ea
,,1482,2025-12-01T13:17:45.976701674Z,2025-12-01T14:17:45.976701674Z,2025-12-01T13:55:20.565936153Z,"{""interval"":70135}",attributes,spans,580706b33949,railway-simulation,3d42ecc0b4b0de69,47bf0d406c81b4ecb0d8358820e1b4a3
,,1483,2025-12-01T13:17:45.976701674Z,2025-12-01T14:17:45.976701674Z,2025-12-01T13:49:00.733088741Z,"{""interval"":7435}",attributes,spans,580706b33949,railway-simulation,3d6b96013d2df948,7a55a5d7f0d5f9d92f0ba5db1434d253
,,1484,2025-12-01T13:17:45.976701674Z,2025-12-01T14:17:45.976701674Z,2025-12-01T13:56:03.732690756Z,"{""interval"":77230}",attributes,spans,580706b33949,railway-simulation,3d6ca772c02fbc98,da588f21aae58e0aca287a084fe616fc
,,1485,2025-12-01T13:17:45.976701674Z,2025-12-01T14:17:45.976701674Z,2025-12-01T13:51:43.065910167Z,"{""interval"":34330}",attributes,spans,580706b33949,railway-simulation,3d6cebb247a973b0,d65368db3ba769d9f484ddc9b4e3d6d6
,,1486,2025-12-01T13:17:45.976701674Z,2025-12-01T14:17:45.976701674Z,2025-12-01T13:51:24.232608252Z,"{""interval"":31195}",attributes,spans,580706b33949,railway-simulation,3d6f2984d77a313a,0175dd8f619fb494ecb2fc6ef7cf0618
,,1487,2025-12-01T13:17:45.976701674Z,2025-12-01T14:17:45.976701674Z,2025-12-01T13:49:43.565947496Z,"{""interval"":14530}",attributes,spans,580706b33949,railway-simulation,3d78122ed7a4ed1d,726bce89b1b495004b188653dd427b65
,,1488,2025-12-01T13:17:45.976701674Z,2025-12-01T14:17:45.976701674Z,2025-12-01T13:56:52.163983806Z,"{""interval"":85150}",attributes,spans,580706b33949,railway-simulation,3d7a127fdaea3c0c,5d7b95bdd380aca86daac4e17a8a08aa
,,1489,2025-12-01T13:17:45.976701674Z,2025-12-01T14:17:45.976701674Z,2025-12-01T13:50:50.39940469Z,"{""interval"":25585}",attributes,spans,580706b33949,railway-simulation,3d7e48b84325bca8,d2f6709a1c8ba6c03b12f7e1c5a1f96b
,,1490,2025-12-01T13:17:45.976701674Z,2025-12-01T14:17:45.976701674Z,2025-12-01T13:52:31.39923356Z,"{""interval"":42250}",attributes,spans,580706b33949,railway-simulation,3d88b382b18346be,0269c130e6b4b80cbbb7b18e723422ef
,,1491,2025-12-01T13:17:45.976701674Z,2025-12-01T14:17:45.976701674Z,2025-12-01T13:53:08.399260305Z,"{""interval"":48355}",attributes,spans,580706b33949,railway-simulation,3d9cd2181b831038,4f8f9981492b296bb4e9e687d9da26f6
,,1492,2025-12-01T13:17:45.976701674Z,2025-12-01T14:17:45.976701674Z,2025-12-01T13:51:20.399271186Z,"{""interval"":30535}",attributes,spans,580706b33949,railway-simulation,3da2f13721447011,3670b7e48291054e278e14aa68aaabe1
,,1493,2025-12-01T13:17:45.976701674Z,2025-12-01T14:17:45.976701674Z,2025-12-01T13:51:11.06601588Z,"{""interval"":29050}",attributes,spans,580706b33949,railway-simulation,3dac97b8d894b865,1db0e73f107ece99f0aabc8ead6d5022
,,1494,2025-12-01T13:17:45.976701674Z,2025-12-01T14:17:45.976701674Z,2025-12-01T13:52:59.56605711Z,"{""interval"":46870}",attributes,spans,580706b33949,railway-simulation,3db75fc17e4bb93b,34b37a724e2a72105f984fc7ff39063e
,,1495,2025-12-01T13:17:45.976701674Z,2025-12-01T14:17:45.976701674Z,2025-12-01T13:57:58.108360004Z,"{""interval"":92905}",attributes,spans,580706b33949,railway-simulation,3dc551639e5323b6,efba051c134dfabb635d1964257b7a85
,,1496,2025-12-01T13:17:45.976701674Z,2025-12-01T14:17:45.976701674Z,2025-12-01T13:52:42.565956061Z,"{""interval"":44065}",attributes,spans,580706b33949,railway-simulation,3dce830b15d4c7d1,46211ca77af34d13e1d1812abdff6aa6
,,1497,2025-12-01T13:17:45.976701674Z,2025-12-01T14:17:45.976701674Z,2025-12-01T13:51:26.732637626Z,"{""interval"":31525}",attributes,spans,580706b33949,railway-simulation,3ddb37874daafe72,e4bfb7c8fe31c219dbe93da9882152e0
,,1498,2025-12-01T13:17:45.976701674Z,2025-12-01T14:17:45.976701674Z,2025-12-01T13:58:04.655313395Z,"{""interval"":93730}",attributes,spans,580706b33949,railway-simulation,3dff3f5c61b6d07d,35dba19a88144c69426723ce31930285
,,1499,2025-12-01T13:17:45.976701674Z,2025-12-01T14:17:45.976701674Z,2025-12-01T13:58:29.945759024Z,"{""interval"":96700}",attributes,spans,580706b33949,railway-simulation,3e0449b8c87a14b6,213bda50753f93398d2c4e210ada9014
,,1500,2025-12-01T13:17:45.976701674Z,2025-12-01T14:17:45.976701674Z,2025-12-01T13:52:44.399241082Z,"{""interval"":44395}",attributes,spans,580706b33949,railway-simulation,3e062e64dcee9b07,bab7c6c255b028f62a499cf7d7ea0077
,,1501,2025-12-01T13:17:45.976701674Z,2025-12-01T14:17:45.976701674Z,2025-12-01T13:56:44.328220118Z,"{""interval"":83830}",attributes,spans,580706b33949,railway-simulation,3e2eafccdd1a61e6,62129f4daa27eb0a784b7122c3390418
,,1502,2025-12-01T13:17:45.976701674Z,2025-12-01T14:17:45.976701674Z,2025-12-01T13:48:24.566201233Z,"{""interval"":1495}",attributes,spans,580706b33949,railway-simulation,3e528d8ef9121448,9ec38cc72d5a6d8012bda89a394716b9
,,1503,2025-12-01T13:17:45.976701674Z,2025-12-01T14:17:45.976701674Z,2025-12-01T13:52:32.065895047Z,"{""interval"":42415}",attributes,spans,580706b33949,railway-simulation,3e67bb98833e4ffb,c4f78fce53c58095c123d3717ed7ab73
,,1504,2025-12-01T13:17:45.976701674Z,2025-12-01T14:17:45.976701674Z,2025-12-01T13:57:21.500551213Z,"{""interval"":88945}",attributes,spans,580706b33949,railway-simulation,3e68b13bfb896ae4,f49359dab58776bd40450a3bb0b422cd
,,1505,2025-12-01T13:17:45.976701674Z,2025-12-01T14:17:45.976701674Z,2025-12-01T13:53:16.23275349Z,"{""interval"":49675}",attributes,spans,580706b33949,railway-simulation,3e800ae1e076b049,197bcee1b637063a62e685395b558cb5
,,1506,2025-12-01T13:17:45.976701674Z,2025-12-01T14:17:45.976701674Z,2025-12-01T13:57:03.73459132Z,"{""interval"":87130}",attributes,spans,580706b33949,railway-simulation,3e8c3136ea6aa105,0c70ae47116b150b34235e0627fd14a6
,,1507,2025-12-01T13:17:45.976701674Z,2025-12-01T14:17:45.976701674Z,2025-12-01T13:56:36.766288059Z,"{""interval"":82675}",attributes,spans,580706b33949,railway-simulation,3e9872199498d643,1b72f4c8baf74033875524c181a08205
,,1508,2025-12-01T13:17:45.976701674Z,2025-12-01T14:17:45.976701674Z,2025-12-01T13:57:44.178982993Z,"{""interval"":91420}",attributes,spans,580706b33949,railway-simulation,3ea22a936f9a017e,b9e85510d11ce18ef22f6341de835fe5
,,1509,2025-12-01T13:17:45.976701674Z,2025-12-01T14:17:45.976701674Z,2025-12-01T13:54:10.065961959Z,"{""interval"":58585}",attributes,spans,580706b33949,railway-simulation,3ebb51202d253ad0,2d052f95c5765532b1f89d31b6943af9
,,1510,2025-12-01T13:17:45.976701674Z,2025-12-01T14:17:45.976701674Z,2025-12-01T13:54:21.399259074Z,"{""interval"":60400}",attributes,spans,580706b33949,railway-simulation,3ec168e1b385b23e,cc577b3a5268ae02c4c87256e0063a6e
,,1511,2025-12-01T13:17:45.976701674Z,2025-12-01T14:17:45.976701674Z,2025-12-01T13:57:49.97146124Z,"{""interval"":91915}",attributes,spans,580706b33949,railway-simulation,3ed0b08ac47320bc,6894423fc11ca3e0ba6bd7f7e0db85a4
,,1512,2025-12-01T13:17:45.976701674Z,2025-12-01T14:17:45.976701674Z,2025-12-01T13:56:51.252480518Z,"{""interval"":84985}",attributes,spans,580706b33949,railway-simulation,3f1373a5c2115323,da0b78f967870d2fee0571d16699267c
,,1513,2025-12-01T13:17:45.976701674Z,2025-12-01T14:17:45.976701674Z,2025-12-01T13:48:54.06603547Z,"{""interval"":6445}",attributes,spans,580706b33949,railway-simulation,3f1b80a535a9d0eb,5a84c8c1cc8b81122ca2a6bc6ed9f3c5
,,1514,2025-12-01T13:17:45.976701674Z,2025-12-01T14:17:45.976701674Z,2025-12-01T13:51:19.8993002Z,"{""interval"":30370.000000000004}",attributes,spans,580706b33949,railway-simulation,3f345d091f4f711a,9b379918db71b9e654f9448be2f88186
,,1515,2025-12-01T13:17:45.976701674Z,2025-12-01T14:17:45.976701674Z,2025-12-01T13:50:59.732794078Z,"{""interval"":27069.999999999996}",attributes,spans,580706b33949,railway-simulation,3f3db039def0c2eb,4f2fc922ddce6a97fc7b3a8d2e01f78a
,,1516,2025-12-01T13:17:45.976701674Z,2025-12-01T14:17:45.976701674Z,2025-12-01T13:49:00.233019879Z,"{""interval"":7435}",attributes,spans,580706b33949,railway-simulation,3f4b2288e0a32a77,9a4df57fd00c1e24c8aec1ac41467064
,,1517,2025-12-01T13:17:45.976701674Z,2025-12-01T14:17:45.976701674Z,2025-12-01T13:51:56.899263788Z,"{""interval"":36475}",attributes,spans,580706b33949,railway-simulation,3f4edf2c8d3290cf,07c2d3cf1f93f36824be62ec1116bea6
,,1518,2025-12-01T13:17:45.976701674Z,2025-12-01T14:17:45.976701674Z,2025-12-01T13:58:00.644638054Z,"{""interval"":93235}",attributes,spans,580706b33949,railway-simulation,3f5a0a0cd96893c9,42d4f6594c51ed917fdb1af5f1fd6e43
,,1519,2025-12-01T13:17:45.976701674Z,2025-12-01T14:17:45.976701674Z,2025-12-01T13:51:00.23258186Z,"{""interval"":27235}",attributes,spans,580706b33949,railway-simulation,3f862d7b60a4bc60,7ba0850f4de67d93fd72f6946974439d
,,1520,2025-12-01T13:17:45.976701674Z,2025-12-01T14:17:45.976701674Z,2025-12-01T13:54:31.565934235Z,"{""interval"":62050}",attributes,spans,580706b33949,railway-simulation,3fdd59e76841aa21,5317812f01a8793b5cebd7d07ed34346
,,1521,2025-12-01T13:17:45.976701674Z,2025-12-01T14:17:45.976701674Z,2025-12-01T13:52:38.899264622Z,"{""interval"":43405}",attributes,spans,580706b33949,railway-simulation,3fe9a8f648aaf075,c7399aa55d8a62fdff8652304f0ebf34
,,1522,2025-12-01T13:17:45.976701674Z,2025-12-01T14:17:45.976701674Z,2025-12-01T13:56:12.232635454Z,"{""interval"":78715}",attributes,spans,580706b33949,railway-simulation,400c609caf178fdd,08d52b84b27ccbd587141ba10965e9b8
,,1523,2025-12-01T13:17:45.976701674Z,2025-12-01T14:17:45.976701674Z,2025-12-01T13:55:10.232597788Z,"{""interval"":68485}",attributes,spans,580706b33949,railway-simulation,400fbd6569eecf56,87674a5afe9183e7f43b62385b916a56
,,1524,2025-12-01T13:17:45.976701674Z,2025-12-01T14:17:45.976701674Z,2025-12-01T13:51:57.399227367Z,"{""interval"":36640}",attributes,spans,580706b33949,railway-simulation,401b5f37e3f2a80b,012d8e1c66a4d71a1e1db587b48b852a
,,1525,2025-12-01T13:17:45.976701674Z,2025-12-01T14:17:45.976701674Z,2025-12-01T13:51:42.065929064Z,"{""interval"":34165}",attributes,spans,580706b33949,railway-simulation,401ca88a47d5fb74,cd090b6a2a0512358ebc8d3723d1c783
,,1526,2025-12-01T13:17:45.976701674Z,2025-12-01T14:17:45.976701674Z,2025-12-01T13:50:19.733369286Z,"{""interval"":20470}",attributes,spans,580706b33949,railway-simulation,4027e6fe547217aa,3ab5c0f75899ae3a535bc596b5a1c4d1
,,1527,2025-12-01T13:17:45.976701674Z,2025-12-01T14:17:45.976701674Z,2025-12-01T13:52:45.06591538Z,"{""interval"":44560}",attributes,spans,580706b33949,railway-simulation,40661376f0610232,a3409feb78cf300645b9553251d21571
,,1528,2025-12-01T13:17:45.976701674Z,2025-12-01T14:17:45.976701674Z,2025-12-01T13:55:31.935209668Z,"{""interval"":71950}",attributes,spans,580706b33949,railway-simulation,40671ff77503f844,c2c127c111a73b36ddeafd450924bd6a
,,1529,2025-12-01T13:17:45.976701674Z,2025-12-01T14:17:45.976701674Z,2025-12-01T13:54:49.899276938Z,"{""interval"":65019.99999999999}",attributes,spans,580706b33949,railway-simulation,4067b5fd604c4e89,c45e515afac78a4146dd836dd261f4ab
,,1530,2025-12-01T13:17:45.976701674Z,2025-12-01T14:17:45.976701674Z,2025-12-01T13:53:32.232595172Z,"{""interval"":52315}",attributes,spans,580706b33949,railway-simulation,406c6f34631253bc,1de66be76f764a4ed380d7159c66836a
,,1531,2025-12-01T13:17:45.976701674Z,2025-12-01T14:17:45.976701674Z,2025-12-01T13:50:22.399544348Z,"{""interval"":20965}",attributes,spans,580706b33949,railway-simulation,40a18313f5ced097,2d4f6a6519b12dcc8854ebb53ed0185b
,,1532,2025-12-01T13:17:45.976701674Z,2025-12-01T14:17:45.976701674Z,2025-12-01T13:56:30.233725693Z,"{""interval"":81685}",attributes,spans,580706b33949,railway-simulation,40a555bcb8b0f2e2,5b020bbefbf1f9caca70f3ff49ecefc0
,,1533,2025-12-01T13:17:45.976701674Z,2025-12-01T14:17:45.976701674Z,2025-12-01T13:48:30.232555404Z,"{""interval"":2485}",attributes,spans,580706b33949,railway-simulation,40b93ffccb538e79,5af0bb37657fea3ceb7de5550c79b953
,,1534,2025-12-01T13:17:45.976701674Z,2025-12-01T14:17:45.976701674Z,2025-12-01T13:51:29.565967916Z,"{""interval"":32020.000000000004}",attributes,spans,580706b33949,railway-simulation,40d176f95f1ee0db,8e0155f6d5da84f894de1aade7cdeed4
,,1535,2025-12-01T13:17:45.976701674Z,2025-12-01T14:17:45.976701674Z,2025-12-01T13:56:49.115800562Z,"{""interval"":84655}",attributes,spans,580706b33949,railway-simulation,40ecf962404d2412,58b529db6303248a062fe28c602c415e
,,1536,2025-12-01T13:17:45.976701674Z,2025-12-01T14:17:45.976701674Z,2025-12-01T13:55:00.565928871Z,"{""interval"":66835}",attributes,spans,580706b33949,railway-simulation,410af6a61619f700,3cbf6fe07d361d81de8db87ea54b9495
,,1537,2025-12-01T13:17:45.976701674Z,2025-12-01T14:17:45.976701674Z,2025-12-01T13:54:49.065922116Z,"{""interval"":65019.99999999999}",attributes,spans,580706b33949,railway-simulation,4123dc79bb24dc3d,ad9f64a2e03e79e01a7bcdeae8d68a12
,,1538,2025-12-01T13:17:45.976701674Z,2025-12-01T14:17:45.976701674Z,2025-12-01T13:53:44.899285132Z,"{""interval"":54295}",attributes,spans,580706b33949,railway-simulation,412f386403bc6756,a0f44e54b71a53b7b062f41a0741ddf4
,,1539,2025-12-01T13:17:45.976701674Z,2025-12-01T14:17:45.976701674Z,2025-12-01T13:55:36.278817566Z,"{""interval"":72775}",attributes,spans,580706b33949,railway-simulation,41368f94c9baf640,39b54bdad94a621a5a94382aa58c0378
,,1540,2025-12-01T13:17:45.976701674Z,2025-12-01T14:17:45.976701674Z,2025-12-01T13:51:10.399329217Z,"{""interval"":28885}",attributes,spans,580706b33949,railway-simulation,4148df4885919aa8,04543f98eb147c5f0f3b748509a9bf77
,,1541,2025-12-01T13:17:45.976701674Z,2025-12-01T14:17:45.976701674Z,2025-12-01T13:57:53.239899022Z,"{""interval"":92410}",attributes,spans,580706b33949,railway-simulation,4166f9b54a871270,d595a140aa331ecd7b0f4702cbe1ed33
,,1542,2025-12-01T13:17:45.976701674Z,2025-12-01T14:17:45.976701674Z,2025-12-01T13:53:20.732656245Z,"{""interval"":50335}",attributes,spans,580706b33949,railway-simulation,4172f961b6b7fb2b,5d23a659e10ec1414b05228dbde29ee8
,,1543,2025-12-01T13:17:45.976701674Z,2025-12-01T14:17:45.976701674Z,2025-12-01T13:54:12.565925529Z,"{""interval"":58915}",attributes,spans,580706b33949,railway-simulation,4181939b456cbbcd,419ea3d99c740798bdfa6e49f09df265
,,1544,2025-12-01T13:17:45.976701674Z,2025-12-01T14:17:45.976701674Z,2025-12-01T13:55:03.232657514Z,"{""interval"":67330}",attributes,spans,580706b33949,railway-simulation,418534f797ba0dba,f527313e369ae26aec5c501ff384609c
,,1545,2025-12-01T13:17:45.976701674Z,2025-12-01T14:17:45.976701674Z,2025-12-01T13:49:36.899215007Z,"{""interval"":13375}",attributes,spans,580706b33949,railway-simulation,4196358c33939add,15f5f1dd89ee3ec0bd0334b4dd99d4ac
,,1546,2025-12-01T13:17:45.976701674Z,2025-12-01T14:17:45.976701674Z,2025-12-01T13:54:07.399262554Z,"{""interval"":58090}",attributes,spans,580706b33949,railway-simulation,41cda46a204c0f76,e137e295e11433c23a7ebf1efff130fd
,,1547,2025-12-01T13:17:45.976701674Z,2025-12-01T14:17:45.976701674Z,2025-12-01T13:57:17.152643643Z,"{""interval"":88615}",attributes,spans,580706b33949,railway-simulation,41d11c141f4927e4,6f293c1f99dd77641cd047c0692a43ee
,,1548,2025-12-01T13:17:45.976701674Z,2025-12-01T14:17:45.976701674Z,2025-12-01T13:56:30.39936226Z,"{""interval"":81685}",attributes,spans,580706b33949,railway-simulation,41d2bb72d2e69f3a,e0c8d35aab8af7e43defd8d2085ced3f
,,1549,2025-12-01T13:17:45.976701674Z,2025-12-01T14:17:45.976701674Z,2025-12-01T13:57:22.697481155Z,"{""interval"":89110}",attributes,spans,580706b33949,railway-simulation,4211e23abf397be0,20b4daa5ba911facc5a730dfc2c522c7
,,1550,2025-12-01T13:17:45.976701674Z,2025-12-01T14:17:45.976701674Z,2025-12-01T13:48:35.566963419Z,"{""interval"":3310}",attributes,spans,580706b33949,railway-simulation,4229ca65f3cdca0a,35bc1f7216ca00547eb68a8ea1d8a502
,,1551,2025-12-01T13:17:45.976701674Z,2025-12-01T14:17:45.976701674Z,2025-12-01T13:51:47.065937946Z,"{""interval"":34990}",attributes,spans,580706b33949,railway-simulation,423ae27eb110f026,eacff7e7a9a3f4ce2ce560e796a0f869
,,1552,2025-12-01T13:17:45.976701674Z,2025-12-01T14:17:45.976701674Z,2025-12-01T13:49:26.899393856Z,"{""interval"":11725}",attributes,spans,580706b33949,railway-simulation,4246d60710995f2a,320be4094a0aa515b5caa911e999a15c
,,1553,2025-12-01T13:17:45.976701674Z,2025-12-01T14:17:45.976701674Z,2025-12-01T13:58:19.093554572Z,"{""interval"":95380}",attributes,spans,580706b33949,railway-simulation,425e39b30fedab85,d3a5bb6199bf014f548657ef3186d364
,,1554,2025-12-01T13:17:45.976701674Z,2025-12-01T14:17:45.976701674Z,2025-12-01T13:52:11.232721061Z,"{""interval"":38950}",attributes,spans,580706b33949,railway-simulation,4278f5ad17d58ead,e10e5b0ed3d3b6666ef560486b98fee2
,,1555,2025-12-01T13:17:45.976701674Z,2025-12-01T14:17:45.976701674Z,2025-12-01T13:51:52.399281547Z,"{""interval"":35815}",attributes,spans,580706b33949,railway-simulation,428fe3e7fae889e5,9a1f40fa1333c938d50718e7b029ad47
,,1556,2025-12-01T13:17:45.976701674Z,2025-12-01T14:17:45.976701674Z,2025-12-01T13:55:04.065935656Z,"{""interval"":67495}",attributes,spans,580706b33949,railway-simulation,429eeee7dd361937,94fd452a6ccc0a2b1a29d1c301ae8684
,,1557,2025-12-01T13:17:45.976701674Z,2025-12-01T14:17:45.976701674Z,2025-12-01T13:55:05.39930361Z,"{""interval"":67660}",attributes,spans,580706b33949,railway-simulation,429fdc5ea7f56cd2,cc586c73aafb265e66a5f17803100ff1
,,1558,2025-12-01T13:17:45.976701674Z,2025-12-01T14:17:45.976701674Z,2025-12-01T13:52:18.732555096Z,"{""interval"":40105}",attributes,spans,580706b33949,railway-simulation,42ab6169a6af7148,3466cdde3a4e0119444dc4db1292cbfd
,,1559,2025-12-01T13:17:45.976701674Z,2025-12-01T14:17:45.976701674Z,2025-12-01T13:52:29.73257379Z,"{""interval"":41920}",attributes,spans,580706b33949,railway-simulation,42ad57966372e142,4cff73922704d6f1903cd97afa3e84f4
,,1560,2025-12-01T13:17:45.976701674Z,2025-12-01T14:17:45.976701674Z,2025-12-01T13:49:58.566106499Z,"{""interval"":17005}",attributes,spans,580706b33949,railway-simulation,42eace38e022905d,1cd6a0afe13616a53328c8de040fc798
,,1561,2025-12-01T13:17:45.976701674Z,2025-12-01T14:17:45.976701674Z,2025-12-01T13:51:07.232658659Z,"{""interval"":28390}",attributes,spans,580706b33949,railway-simulation,43024c69663707b0,44383a97b2bf6c1b2f73aefd293464a8
,,1562,2025-12-01T13:17:45.976701674Z,2025-12-01T14:17:45.976701674Z,2025-12-01T13:57:32.307759319Z,"{""interval"":90100}",attributes,spans,580706b33949,railway-simulation,432fff5752dec638,e8904d570e2015f6ba377fb81a6d66c6
,,1563,2025-12-01T13:17:45.976701674Z,2025-12-01T14:17:45.976701674Z,2025-12-01T13:50:47.565937963Z,"{""interval"":25090}",attributes,spans,580706b33949,railway-simulation,433ce92c2fe3d1f6,e327075f73c625a4b52eb662171819c1
,,1564,2025-12-01T13:17:45.976701674Z,2025-12-01T14:17:45.976701674Z,2025-12-01T13:50:23.899240764Z,"{""interval"":21130}",attributes,spans,580706b33949,railway-simulation,434ec0264aed6125,2e02f56dfef4ca1aa99c5d93a6c5b7af
,,1565,2025-12-01T13:17:45.976701674Z,2025-12-01T14:17:45.976701674Z,2025-12-01T13:51:56.732590167Z,"{""interval"":36475}",attributes,spans,580706b33949,railway-simulation,435ae7c6f32b5d41,d8d815820a4d90178bc855aea9a3fac3
,,1566,2025-12-01T13:17:45.976701674Z,2025-12-01T14:17:45.976701674Z,2025-12-01T13:50:51.732684001Z,"{""interval"":25750}",attributes,spans,580706b33949,railway-simulation,435c682a294d14ff,19d056237eb7c4414a6573e417ffeaa2
,,1567,2025-12-01T13:17:45.976701674Z,2025-12-01T14:17:45.976701674Z,2025-12-01T13:56:48.649338212Z,"{""interval"":84655}",attributes,spans,580706b33949,railway-simulation,435de36c3a654c79,f0850216083b2bcdd201788e0d4180f3
,,1568,2025-12-01T13:17:45.976701674Z,2025-12-01T14:17:45.976701674Z,2025-12-01T13:53:14.232597484Z,"{""interval"":49345}",attributes,spans,580706b33949,railway-simulation,4362db529655048e,326850f2ecc8d5158807e21433f73de7
,,1569,2025-12-01T13:17:45.976701674Z,2025-12-01T14:17:45.976701674Z,2025-12-01T13:56:28.066014501Z,"{""interval"":81355}",attributes,spans,580706b33949,railway-simulation,43770c6b958d6f7e,428cb2117293d9a6631eabdd1610973d
,,1570,2025-12-01T13:17:45.976701674Z,2025-12-01T14:17:45.976701674Z,2025-12-01T13:51:09.232581099Z,"{""interval"":28720.000000000004}",attributes,spans,580706b33949,railway-simulation,43815294b2f05050,d20915b7424165a051a343308203f1b1
,,1571,2025-12-01T13:17:45.976701674Z,2025-12-01T14:17:45.976701674Z,2025-12-01T13:52:26.399271899Z,"{""interval"":41425}",attributes,spans,580706b33949,railway-simulation,438ba1ee7ae84a4a,2f8fa0b79ade9cea15f7f6a1f44135e1
,,1572,2025-12-01T13:17:45.976701674Z,2025-12-01T14:17:45.976701674Z,2025-12-01T13:57:00.955642648Z,"{""interval"":86635}",attributes,spans,580706b33949,railway-simulation,43a3ea492e2ba78e,02adc8a04eb4a6c0991bdf3ead93f40c
,,1573,2025-12-01T13:17:45.976701674Z,2025-12-01T14:17:45.976701674Z,2025-12-01T13:51:51.232587129Z,"{""interval"":35650}",attributes,spans,580706b33949,railway-simulation,43eda6adaa7ebdaf,5c307d56bb24b97f6f7c51591df0b66e
,,1574,2025-12-01T13:17:45.976701674Z,2025-12-01T14:17:45.976701674Z,2025-12-01T13:52:09.565951368Z,"{""interval"":38620}",attributes,spans,580706b33949,railway-simulation,43ff933bf4f27410,88b37b1b12f585a99110b9484b7b24c8
,,1575,2025-12-01T13:17:45.976701674Z,2025-12-01T14:17:45.976701674Z,2025-12-01T13:56:31.233252003Z,"{""interval"":81850}",attributes,spans,580706b33949,railway-simulation,441ac28501436e2e,2770298b4ed4dfcbac6995467326ecd6
,,1576,2025-12-01T13:17:45.976701674Z,2025-12-01T14:17:45.976701674Z,2025-12-01T13:55:17.065989499Z,"{""interval"":69640}",attributes,spans,580706b33949,railway-simulation,441e822f819e0549,da1aedfed9c545bfce28fd5f96091457
,,1577,2025-12-01T13:17:45.976701674Z,2025-12-01T14:17:45.976701674Z,2025-12-01T13:54:14.565907335Z,"{""interval"":59245.00000000001}",attributes,spans,580706b33949,railway-simulation,44514853a7694b5d,75fb51c07e12fad2ee3aabec89f9b10e
,,1578,2025-12-01T13:17:45.976701674Z,2025-12-01T14:17:45.976701674Z,2025-12-01T13:49:46.39936238Z,"{""interval"":15025}",attributes,spans,580706b33949,railway-simulation,44533c385537c206,c1fb0504de15bd22a6dc742289a65048
,,1579,2025-12-01T13:17:45.976701674Z,2025-12-01T14:17:45.976701674Z,2025-12-01T13:53:37.73259413Z,"{""interval"":53139.99999999999}",attributes,spans,580706b33949,railway-simulation,448bf7911c2de098,1ffdd9bd2d7060f8215e8dd65cb83176
,,1580,2025-12-01T13:17:45.976701674Z,2025-12-01T14:17:45.976701674Z,2025-12-01T13:53:57.232599665Z,"{""interval"":56440.00000000001}",attributes,spans,580706b33949,railway-simulation,448ed680c79ad1d5,f1e41215850e46597f9e7e605ea774ca
,,1581,2025-12-01T13:17:45.976701674Z,2025-12-01T14:17:45.976701674Z,2025-12-01T13:52:06.899369642Z,"{""interval"":38125}",attributes,spans,580706b33949,railway-simulation,449b90b837cf2b80,945adadd17093e04c7f1df8dbacb4320
,,1582,2025-12-01T13:17:45.976701674Z,2025-12-01T14:17:45.976701674Z,2025-12-01T13:52:34.399222062Z,"{""interval"":42745}",attributes,spans,580706b33949,railway-simulation,44c43e5ae6217e57,e920092142117b10a3bed8a5e09d883f
,,1583,2025-12-01T13:17:45.976701674Z,2025-12-01T14:17:45.976701674Z,2025-12-01T13:58:46.15519729Z,"{""interval"":99505}",attributes,spans,580706b33949,railway-simulation,44ced80f2dd2fac1,5784a37956e40519ecb7ce1126788654
,,1584,2025-12-01T13:17:45.976701674Z,2025-12-01T14:17:45.976701674Z,2025-12-01T13:52:02.732571496Z,"{""interval"":37465}",attributes,spans,580706b33949,railway-simulation,44d0d004afb24d41,23b74c50099531ef0fb187f47711445c
,,1585,2025-12-01T13:17:45.976701674Z,2025-12-01T14:17:45.976701674Z,2025-12-01T13:52:33.232558948Z,"{""interval"":42580}",attributes,spans,580706b33949,railway-simulation,44e9bd903852b498,7752ed455de215402bdfa2ade4433843
,,1586,2025-12-01T13:17:45.976701674Z,2025-12-01T14:17:45.976701674Z,2025-12-01T13:49:06.065893677Z,"{""interval"":8425}",attributes,spans,580706b33949,railway-simulation,44ea071ef662a439,50695a5b8f98c3a5cf9e269b5d961dc7
,,1587,2025-12-01T13:17:45.976701674Z,2025-12-01T14:17:45.976701674Z,2025-12-01T13:48:45.733419808Z,"{""interval"":4960}",attributes,spans,580706b33949,railway-simulation,4512929affb4d22d,129fc499a4b89bdb544bf8ed0ec8d0ac
,,1588,2025-12-01T13:17:45.976701674Z,2025-12-01T14:17:45.976701674Z,2025-12-01T13:54:04.232579942Z,"{""interval"":57595}",attributes,spans,580706b33949,railway-simulation,4516aebe56b5f2f7,b32771a114fac8ddf6e1623aa5b71830
,,1589,2025-12-01T13:17:45.976701674Z,2025-12-01T14:17:45.976701674Z,2025-12-01T13:58:02.711101963Z,"{""interval"":93400}",attributes,spans,580706b33949,railway-simulation,451b5b0c788cde1c,eb15982e0000e5cf2e2a840457857dc4
,,1590,2025-12-01T13:17:45.976701674Z,2025-12-01T14:17:45.976701674Z,2025-12-01T13:50:18.065919572Z,"{""interval"":20305}",attributes,spans,580706b33949,railway-simulation,4527569f131eb29c,dd70c126cf5d82881c6e0b1ae0ad6288
,,1591,2025-12-01T13:17:45.976701674Z,2025-12-01T14:17:45.976701674Z,2025-12-01T13:54:09.232563577Z,"{""interval"":58419.99999999999}",attributes,spans,580706b33949,railway-simulation,453826adf610f2e5,a885be0898c7795ec7402eaf02abef53
,,1592,2025-12-01T13:17:45.976701674Z,2025-12-01T14:17:45.976701674Z,2025-12-01T13:53:03.399249427Z,"{""interval"":47530}",attributes,spans,580706b33949,railway-simulation,454075fe1c098db7,bb67f41d8a52b02ff82d1ada58865b52
,,1593,2025-12-01T13:17:45.976701674Z,2025-12-01T14:17:45.976701674Z,2025-12-01T13:53:08.065950675Z,"{""interval"":48355}",attributes,spans,580706b33949,railway-simulation,4540a5d33c65cc20,6a25bcaecad69d5631aeaf9a52be59b1
,,1594,2025-12-01T13:17:45.976701674Z,2025-12-01T14:17:45.976701674Z,2025-12-01T13:49:33.733589576Z,"{""interval"":12880}",attributes,spans,580706b33949,railway-simulation,45577eeb9629dde1,fec900d2264abd0661dce4f97b0e157c
,,1595,2025-12-01T13:17:45.976701674Z,2025-12-01T14:17:45.976701674Z,2025-12-01T13:53:35.565983963Z,"{""interval"":52810}",attributes,spans,580706b33949,railway-simulation,455d824caf65c58c,a16a9d8712ba683962bb2bc77f28c120
,,1596,2025-12-01T13:17:45.976701674Z,2025-12-01T14:17:45.976701674Z,2025-12-01T13:53:18.565949079Z,"{""interval"":50005}",attributes,spans,580706b33949,railway-simulation,455e96083e4057de,c20139d34155910a8d066635aa549c92
,,1597,2025-12-01T13:17:45.976701674Z,2025-12-01T14:17:45.976701674Z,2025-12-01T13:49:32.732630732Z,"{""interval"":12715}",attributes,spans,580706b33949,railway-simulation,4565de323fe76040,585f7f0b2a226998e6b3c1735032b352
,,1598,2025-12-01T13:17:45.976701674Z,2025-12-01T14:17:45.976701674Z,2025-12-01T13:48:30.066136809Z,"{""interval"":2485}",attributes,spans,580706b33949,railway-simulation,457da955f36d3649,4a80f51e305803fa79a725001103bbfa
,,1599,2025-12-01T13:17:45.976701674Z,2025-12-01T14:17:45.976701674Z,2025-12-01T13:54:29.732574666Z,"{""interval"":61719.99999999999}",attributes,spans,580706b33949,railway-simulation,45818271662e7578,bd3ff813879d950f348b0f478df27af3
,,1600,2025-12-01T13:17:45.976701674Z,2025-12-01T14:17:45.976701674Z,2025-12-01T13:49:57.065885736Z,"{""interval"":16840}",attributes,spans,580706b33949,railway-simulation,458daec949d3b46f,f5600228d0747f6cadfe936ff7642c7a
,,1601,2025-12-01T13:17:45.976701674Z,2025-12-01T14:17:45.976701674Z,2025-12-01T13:56:05.89945177Z,"{""interval"":77560}",attributes,spans,580706b33949,railway-simulation,45c834fbbc591909,dfb165b6c9dab57f3f848f47d6891096
,,1602,2025-12-01T13:17:45.976701674Z,2025-12-01T14:17:45.976701674Z,2025-12-01T13:56:09.399403255Z,"{""interval"":78220}",attributes,spans,580706b33949,railway-simulation,45d21216a0cb2b93,df46d4f931a2a1ccd0482296055219eb
,,1603,2025-12-01T13:17:45.976701674Z,2025-12-01T14:17:45.976701674Z,2025-12-01T13:56:24.733167974Z,"{""interval"":80695}",attributes,spans,580706b33949,railway-simulation,45fa70d0f7ba029f,f3125cbdf0eba7a61c8d904ed47876ec
,,1604,2025-12-01T13:17:45.976701674Z,2025-12-01T14:17:45.976701674Z,2025-12-01T13:57:20.215066504Z,"{""interval"":88945}",attributes,spans,580706b33949,railway-simulation,46084185a7c4f8b3,a3666310485b3619f76701bec3271475
,,1605,2025-12-01T13:17:45.976701674Z,2025-12-01T14:17:45.976701674Z,2025-12-01T13:56:04.735518162Z,"{""interval"":77395}",attributes,spans,580706b33949,railway-simulation,461fe34310da3f77,1c2b6fc04ad68bb2510bfc60d836148b
,,1606,2025-12-01T13:17:45.976701674Z,2025-12-01T14:17:45.976701674Z,2025-12-01T13:56:03.066066187Z,"{""interval"":77230}",attributes,spans,580706b33949,railway-simulation,462917db54b227dc,2feec9e309be4d2e9fd5364fcfdf6609
,,1607,2025-12-01T13:17:45.976701674Z,2025-12-01T14:17:45.976701674Z,2025-12-01T13:55:38.566059505Z,"{""interval"":73105}",attributes,spans,580706b33949,railway-simulation,462b1c6c090e71b2,4205d00960237b3a9025626963eca90c
,,1608,2025-12-01T13:17:45.976701674Z,2025-12-01T14:17:45.976701674Z,2025-12-01T13:48:49.399816258Z,"{""interval"":5620}",attributes,spans,580706b33949,railway-simulation,462c7284c1f00fb5,5f3fe70398b92bf208ae3c8b81a10769
,,1609,2025-12-01T13:17:45.976701674Z,2025-12-01T14:17:45.976701674Z,2025-12-01T13:51:02.732730803Z,"{""interval"":27564.999999999996}",attributes,spans,580706b33949,railway-simulation,463bcf92ca416a96,df8cb5b92dfb27b286b51906a2dd8597
,,1610,2025-12-01T13:17:45.976701674Z,2025-12-01T14:17:45.976701674Z,2025-12-01T13:49:44.233502847Z,"{""interval"":14695}",attributes,spans,580706b33949,railway-simulation,466123e8739d8741,ef962a1f9c3e1649962e3a215f31650b
,,1611,2025-12-01T13:17:45.976701674Z,2025-12-01T14:17:45.976701674Z,2025-12-01T13:55:24.73256438Z,"{""interval"":70795}",attributes,spans,580706b33949,railway-simulation,466824f55b3f2395,a1ba54fc01724b4125ae5447cfbcff62
,,1612,2025-12-01T13:17:45.976701674Z,2025-12-01T14:17:45.976701674Z,2025-12-01T13:56:19.899334904Z,"{""interval"":79870}",attributes,spans,580706b33949,railway-simulation,4672ad3b774bb991,f78153c049b7b99e4a1cbfd7a7378a61
,,1613,2025-12-01T13:17:45.976701674Z,2025-12-01T14:17:45.976701674Z,2025-12-01T13:56:18.233038424Z,"{""interval"":79705}",attributes,spans,580706b33949,railway-simulation,4675e840d81bddef,b969eb82514978909d3bb71c53233f84
,,1614,2025-12-01T13:17:45.976701674Z,2025-12-01T14:17:45.976701674Z,2025-12-01T13:52:43.732559933Z,"{""interval"":44230}",attributes,spans,580706b33949,railway-simulation,467a34d3bf574512,cfa956e640b82ab0791f884ef3df70e3
,,1615,2025-12-01T13:17:45.976701674Z,2025-12-01T14:17:45.976701674Z,2025-12-01T13:50:40.565954546Z,"{""interval"":23935}",attributes,spans,580706b33949,railway-simulation,46a5f055e8ff4872,7c4b0b4d58addfde94d80f12c4471d94
,,1616,2025-12-01T13:17:45.976701674Z,2025-12-01T14:17:45.976701674Z,2025-12-01T13:50:25.566007695Z,"{""interval"":21460}",attributes,spans,580706b33949,railway-simulation,46a991390d03d851,95a7a53514d0ec73394634f28a8eb243
,,1617,2025-12-01T13:17:45.976701674Z,2025-12-01T14:17:45.976701674Z,2025-12-01T13:48:31.566313795Z,"{""interval"":2650}",attributes,spans,580706b33949,railway-simulation,46b0371254b84ebb,6ffb83560b25abc85bad78b315310473
,,1618,2025-12-01T13:17:45.976701674Z,2025-12-01T14:17:45.976701674Z,2025-12-01T13:54:36.404727789Z,"{""interval"":62875}",attributes,spans,580706b33949,railway-simulation,46e08bfe251ce49e,3b76abf9a9d1b24902d1a9fcd409d6f5
,,1619,2025-12-01T13:17:45.976701674Z,2025-12-01T14:17:45.976701674Z,2025-12-01T13:55:43.732728206Z,"{""interval"":73930}",attributes,spans,580706b33949,railway-simulation,46e9406cc3abd34c,cde90eea201cfe7f90dae5b3a4ae8bac
,,1620,2025-12-01T13:17:45.976701674Z,2025-12-01T14:17:45.976701674Z,2025-12-01T13:57:22.972337484Z,"{""interval"":89110}",attributes,spans,580706b33949,railway-simulation,46f7694e69119bee,074565c3fb5d175e2a7f7944437b7450
,,1621,2025-12-01T13:17:45.976701674Z,2025-12-01T14:17:45.976701674Z,2025-12-01T13:52:00.899254536Z,"{""interval"":37135}",attributes,spans,580706b33949,railway-simulation,4702aa312d809e90,205da5b6a51880df8a968a3ad100ff48
,,1622,2025-12-01T13:17:45.976701674Z,2025-12-01T14:17:45.976701674Z,2025-12-01T13:53:59.232601218Z,"{""interval"":56770}",attributes,spans,580706b33949,railway-simulation,47030b10f1eb50bb,9f44d75e2af2134f3fa3880d4f8a03d4
,,1623,2025-12-01T13:17:45.976701674Z,2025-12-01T14:17:45.976701674Z,2025-12-01T13:49:00.566919291Z,"{""interval"":7435}",attributes,spans,580706b33949,railway-simulation,473e7fc3ba60e5dd,f4c7c49077cfae6b95f7d462a22e92de
,,1624,2025-12-01T13:17:45.976701674Z,2025-12-01T14:17:45.976701674Z,2025-12-01T13:56:33.232655613Z,"{""interval"":82180}",attributes,spans,580706b33949,railway-simulation,474ac5e0f0e81463,71397d48be0bbdd6cf3e48a5bcaac2aa
,,1625,2025-12-01T13:17:45.976701674Z,2025-12-01T14:17:45.976701674Z,2025-12-01T13:56:10.232906472Z,"{""interval"":78385}",attributes,spans,580706b33949,railway-simulation,47637b6af1bb2004,fb18ad375fff7e63ff7c68a038c96b60
,,1626,2025-12-01T13:17:45.976701674Z,2025-12-01T14:17:45.976701674Z,2025-12-01T13:49:07.399252245Z,"{""interval"":8590}",attributes,spans,580706b33949,railway-simulation,476621f27a864296,3c3fcd1a4477241fcfcf8184b4457399
,,1627,2025-12-01T13:17:45.976701674Z,2025-12-01T14:17:45.976701674Z,2025-12-01T13:51:28.06600033Z,"{""interval"":31854.999999999996}",attributes,spans,580706b33949,railway-simulation,476d7c3b27daa254,ffea0f15bb3339f30eb8fe653edb7bba
,,1628,2025-12-01T13:17:45.976701674Z,2025-12-01T14:17:45.976701674Z,2025-12-01T13:56:01.566232098Z,"{""interval"":76900}",attributes,spans,580706b33949,railway-simulation,47c4dc26d538c67f,ed1a7b5bcba577826f5e3058a809b51e
,,1629,2025-12-01T13:17:45.976701674Z,2025-12-01T14:17:45.976701674Z,2025-12-01T13:54:22.899279515Z,"{""interval"":60565}",attributes,spans,580706b33949,railway-simulation,47c9d97ad3104a1b,58985a9cbde273ec11d4750d4e5ae229
,,1630,2025-12-01T13:17:45.976701674Z,2025-12-01T14:17:45.976701674Z,2025-12-01T13:57:39.928764713Z,"{""interval"":90925}",attributes,spans,580706b33949,railway-simulation,47ca7d109eb08f1f,17920d38747de9eef0336848b6508a01
,,1631,2025-12-01T13:17:45.976701674Z,2025-12-01T14:17:45.976701674Z,2025-12-01T13:54:10.399278938Z,"{""interval"":58585}",attributes,spans,580706b33949,railway-simulation,47f902cee1804674,6e88eff82f2ebe28df7156102a3c4c25
,,1632,2025-12-01T13:17:45.976701674Z,2025-12-01T14:17:45.976701674Z,2025-12-01T13:55:38.066042924Z,"{""interval"":73105}",attributes,spans,580706b33949,railway-simulation,480f930894ae51b6,6db0e7d40d29e1faa1577f05ec61fd82
,,1633,2025-12-01T13:17:45.976701674Z,2025-12-01T14:17:45.976701674Z,2025-12-01T13:50:36.065994711Z,"{""interval"":23275}",attributes,spans,580706b33949,railway-simulation,481966a50236ffdb,626107690ebf0e4473a48a71b4c712bb
,,1634,2025-12-01T13:17:45.976701674Z,2025-12-01T14:17:45.976701674Z,2025-12-01T13:54:36.733332466Z,"{""interval"":62875}",attributes,spans,580706b33949,railway-simulation,483634f1bc908758,87001e46184ceab2a7da9c30785b6c45
,,1635,2025-12-01T13:17:45.976701674Z,2025-12-01T14:17:45.976701674Z,2025-12-01T13:52:13.565939678Z,"{""interval"":39280}",attributes,spans,580706b33949,railway-simulation,483f22ceab0d89a5,44978564a2016d49ba2cf869ccdc219a
,,1636,2025-12-01T13:17:45.976701674Z,2025-12-01T14:17:45.976701674Z,2025-12-01T13:55:13.732657952Z,"{""interval"":68980}",attributes,spans,580706b33949,railway-simulation,487983245d67fde1,0a119c0e9f6196f042e5f88d871c943e
,,1637,2025-12-01T13:17:45.976701674Z,2025-12-01T14:17:45.976701674Z,2025-12-01T13:56:08.56602979Z,"{""interval"":78055}",attributes,spans,580706b33949,railway-simulation,487fc3bdd3bd7750,55ed1697573945e459533490398b0280
,,1638,2025-12-01T13:17:45.976701674Z,2025-12-01T14:17:45.976701674Z,2025-12-01T13:51:33.89932349Z,"{""interval"":32680}",attributes,spans,580706b33949,railway-simulation,4881e7673f9a6c08,c4f557fa69fb14aa47e6a93d8d237916
,,1639,2025-12-01T13:17:45.976701674Z,2025-12-01T14:17:45.976701674Z,2025-12-01T13:54:30.232609822Z,"{""interval"":61885}",attributes,spans,580706b33949,railway-simulation,48825050208cf81c,50c9265a831ae6763a758b364c6482e0
,,1640,2025-12-01T13:17:45.976701674Z,2025-12-01T14:17:45.976701674Z,2025-12-01T13:53:52.565945671Z,"{""interval"":55615}",attributes,spans,580706b33949,railway-simulation,4885295847cdf4a1,9ecf4a0be30ce57cfa6512a18b6aa314
,,1641,2025-12-01T13:17:45.976701674Z,2025-12-01T14:17:45.976701674Z,2025-12-01T13:50:01.066266896Z,"{""interval"":17500}",attributes,spans,580706b33949,railway-simulation,4888c616603728f8,6c30e306901b1b23706aad90759ba55a
,,1642,2025-12-01T13:17:45.976701674Z,2025-12-01T14:17:45.976701674Z,2025-12-01T13:49:31.066181297Z,"{""interval"":12550}",attributes,spans,580706b33949,railway-simulation,488bf206014d3159,45bc3d6bb9b84505d28fa0fa05b75d1a
,,1643,2025-12-01T13:17:45.976701674Z,2025-12-01T14:17:45.976701674Z,2025-12-01T13:52:28.39927939Z,"{""interval"":41755}",attributes,spans,580706b33949,railway-simulation,4891e641d8ce472e,a24578d3b0090d8ba639cfdfdb5c77d0
,,1644,2025-12-01T13:17:45.976701674Z,2025-12-01T14:17:45.976701674Z,2025-12-01T13:57:47.15562828Z,"{""interval"":91750}",attributes,spans,580706b33949,railway-simulation,4898dd35ea7e6244,32a175bd639ed4fb4fce2d1d3fb22528
,,1645,2025-12-01T13:17:45.976701674Z,2025-12-01T14:17:45.976701674Z,2025-12-01T13:52:29.565883278Z,"{""interval"":41920}",attributes,spans,580706b33949,railway-simulation,489f536e529b34cf,6e5f33ea336943d8063c76098af296a2
,,1646,2025-12-01T13:17:45.976701674Z,2025-12-01T14:17:45.976701674Z,2025-12-01T13:53:32.899241341Z,"{""interval"":52315}",attributes,spans,580706b33949,railway-simulation,48c25e16dd1398c8,0ccdbb0f3416d04519436a90b9172d5a
,,1647,2025-12-01T13:17:45.976701674Z,2025-12-01T14:17:45.976701674Z,2025-12-01T13:55:47.399770294Z,"{""interval"":74590}",attributes,spans,580706b33949,railway-simulation,48c63755c1173716,8fa6777b933e1deabe1f7455c5139c69
,,1648,2025-12-01T13:17:45.976701674Z,2025-12-01T14:17:45.976701674Z,2025-12-01T13:58:40.619950916Z,"{""interval"":98515}",attributes,spans,580706b33949,railway-simulation,48c7cf7da1a01ce1,f73345b750445f3fd61e765416b15359
,,1649,2025-12-01T13:17:45.976701674Z,2025-12-01T14:17:45.976701674Z,2025-12-01T13:55:36.54546888Z,"{""interval"":72775}",attributes,spans,580706b33949,railway-simulation,48f14d2a5c8c0f60,c00d5b2459a06ffcf417ef3ca9d2b46e
,,1650,2025-12-01T13:17:45.976701674Z,2025-12-01T14:17:45.976701674Z,2025-12-01T13:54:21.066022667Z,"{""interval"":60400}",attributes,spans,580706b33949,railway-simulation,48f635d3de010bff,8bf48b00faad36cbc2138dc487820df4
,,1651,2025-12-01T13:17:45.976701674Z,2025-12-01T14:17:45.976701674Z,2025-12-01T13:48:55.399912166Z,"{""interval"":6610}",attributes,spans,580706b33949,railway-simulation,49043fb6113bfcf3,5645c0d2374de21679231635c7e5aabe
,,1652,2025-12-01T13:17:45.976701674Z,2025-12-01T14:17:45.976701674Z,2025-12-01T13:54:37.06666148Z,"{""interval"":63040.00000000001}",attributes,spans,580706b33949,railway-simulation,4904e444c4bca291,2f30b2f6fb496bf66cc8a57476140e9c
,,1653,2025-12-01T13:17:45.976701674Z,2025-12-01T14:17:45.976701674Z,2025-12-01T13:55:03.899235071Z,"{""interval"":67330}",attributes,spans,580706b33949,railway-simulation,4909a2161de762ce,861fc179eafc6695fd1e61240bb4ea20
,,1654,2025-12-01T13:17:45.976701674Z,2025-12-01T14:17:45.976701674Z,2025-12-01T13:55:30.715707867Z,"{""interval"":71785}",attributes,spans,580706b33949,railway-simulation,4936c0ed08b07cb1,622bb1f44ce00d8862eaf87f2969d7d1
,,1655,2025-12-01T13:17:45.976701674Z,2025-12-01T14:17:45.976701674Z,2025-12-01T13:50:02.899238903Z,"{""interval"":17665}",attributes,spans,580706b33949,railway-simulation,4953356fe2b4f4c3,9c65a5b979aea466145f5865e561e936
,,1656,2025-12-01T13:17:45.976701674Z,2025-12-01T14:17:45.976701674Z,2025-12-01T13:53:23.232595839Z,"{""interval"":50830}",attributes,spans,580706b33949,railway-simulation,495894b5d105f51a,646a117a54de98b529c45f21d7b78443
,,1657,2025-12-01T13:17:45.976701674Z,2025-12-01T14:17:45.976701674Z,2025-12-01T13:51:53.232699699Z,"{""interval"":35980}",attributes,spans,580706b33949,railway-simulation,495ebe4ea247844c,a3e024a8bfb71fee29c8337a4877937e
,,1658,2025-12-01T13:17:45.976701674Z,2025-12-01T14:17:45.976701674Z,2025-12-01T13:55:25.065915323Z,"{""interval"":70960}",attributes,spans,580706b33949,railway-simulation,49646db75115fa80,b7fa9b4884e692a96aede92e9eeee562
,,1659,2025-12-01T13:17:45.976701674Z,2025-12-01T14:17:45.976701674Z,2025-12-01T13:57:50.960049637Z,"{""interval"":92080}",attributes,spans,580706b33949,railway-simulation,49910691a002fc1e,35876fc2e2232103f1b30fce74993bbb
,,1660,2025-12-01T13:17:45.976701674Z,2025-12-01T14:17:45.976701674Z,2025-12-01T13:57:16.540241433Z,"{""interval"":88450}",attributes,spans,580706b33949,railway-simulation,4991f7b10ac111cb,4c06926c90bfa321fac0f1e8c0ca5c9a
,,1661,2025-12-01T13:17:45.976701674Z,2025-12-01T14:17:45.976701674Z,2025-12-01T13:56:59.566034055Z,"{""interval"":86470}",attributes,spans,580706b33949,railway-simulation,49c5c758ec33d1a7,5ae99970b84080af94bbedda41977af6
,,1662,2025-12-01T13:17:45.976701674Z,2025-12-01T14:17:45.976701674Z,2025-12-01T13:54:06.733779261Z,"{""interval"":57924.99999999999}",attributes,spans,580706b33949,railway-simulation,49c8865cccc9e4d3,0066f5341fac5b90bf45b2aaa86dd0aa
,,1663,2025-12-01T13:17:45.976701674Z,2025-12-01T14:17:45.976701674Z,2025-12-01T13:52:35.899468066Z,"{""interval"":42910}",attributes,spans,580706b33949,railway-simulation,49d1bbe3de64316f,a89d4be95edbf931c83ca8185f2add4a
,,1664,2025-12-01T13:17:45.976701674Z,2025-12-01T14:17:45.976701674Z,2025-12-01T13:53:15.566362916Z,"{""interval"":49510}",attributes,spans,580706b33949,railway-simulation,49f3ab0b6e7b01b7,c581be30c56db69920c92026f7ad4d6f
,,1665,2025-12-01T13:17:45.976701674Z,2025-12-01T14:17:45.976701674Z,2025-12-01T13:50:53.566082945Z,"{""interval"":26080.000000000004}",attributes,spans,580706b33949,railway-simulation,4a796c930ca40e31,b6a3ec8b0cecbf69d4aa67a3a8a2cee3
,,1666,2025-12-01T13:17:45.976701674Z,2025-12-01T14:17:45.976701674Z,2025-12-01T13:56:45.099448978Z,"{""interval"":83995}",attributes,spans,580706b33949,railway-simulation,4a860b9a3a9a1a61,83a72d3f836bb1da0079c69030a9474c
,,1667,2025-12-01T13:17:45.976701674Z,2025-12-01T14:17:45.976701674Z,2025-12-01T13:58:36.422597901Z,"{""interval"":97855}",attributes,spans,580706b33949,railway-simulation,4aa4d29111467dc8,94ef2d3239d596fed864ef30a540e5d5
,,1668,2025-12-01T13:17:45.976701674Z,2025-12-01T14:17:45.976701674Z,2025-12-01T13:51:36.899324137Z,"{""interval"":33175}",attributes,spans,580706b33949,railway-simulation,4aa759e4e470f36b,0cf8985ae3160232df11cbb6d7d9a283
,,1669,2025-12-01T13:17:45.976701674Z,2025-12-01T14:17:45.976701674Z,2025-12-01T13:56:23.56600392Z,"{""interval"":80530}",attributes,spans,580706b33949,railway-simulation,4ab079a7174ba070,26d6980acc2bdbc0d21984394f90cd83
,,1670,2025-12-01T13:17:45.976701674Z,2025-12-01T14:17:45.976701674Z,2025-12-01T13:52:31.23257015Z,"{""interval"":42250}",attributes,spans,580706b33949,railway-simulation,4ab9c355f00f0650,c941563e83c4c78424f686780467c5fb
,,1671,2025-12-01T13:17:45.976701674Z,2025-12-01T14:17:45.976701674Z,2025-12-01T13:50:48.566041187Z,"{""interval"":25255}",attributes,spans,580706b33949,railway-simulation,4abc7650f3ddc985,03979ff63230da59aa7efe9463299d86
,,1672,2025-12-01T13:17:45.976701674Z,2025-12-01T14:17:45.976701674Z,2025-12-01T13:49:31.566748825Z,"{""interval"":12550}",attributes,spans,580706b33949,railway-simulation,4ac4183ce10f4c49,58da377c09a96a2868b6d8677aa692f5
,,1673,2025-12-01T13:17:45.976701674Z,2025-12-01T14:17:45.976701674Z,2025-12-01T13:49:35.232558624Z,"{""interval"":13210}",attributes,spans,580706b33949,railway-simulation,4ad34815c2bd73f9,1b2480d4937055c64e2bde0d4b04adcb
,,1674,2025-12-01T13:17:45.976701674Z,2025-12-01T14:17:45.976701674Z,2025-12-01T13:50:48.899294948Z,"{""interval"":25255}",attributes,spans,580706b33949,railway-simulation,4aeb0316c9ce4051,a1144f71842755ff0a03ed9ae9719a11
,,1675,2025-12-01T13:17:45.976701674Z,2025-12-01T14:17:45.976701674Z,2025-12-01T13:49:28.065983748Z,"{""interval"":12055}",attributes,spans,580706b33949,railway-simulation,4af731fe1da29b5d,7dd38aa2d8b8bac402b23037f6284a77
,,1676,2025-12-01T13:17:45.976701674Z,2025-12-01T14:17:45.976701674Z,2025-12-01T13:58:04.919543574Z,"{""interval"":93730}",attributes,spans,580706b33949,railway-simulation,4afc1934f93878a6,29ed452af6f9d953dca4291e8c850fb8
,,1677,2025-12-01T13:17:45.976701674Z,2025-12-01T14:17:45.976701674Z,2025-12-01T13:49:47.899512198Z,"{""interval"":15190}",attributes,spans,580706b33949,railway-simulation,4b04433767adc582,0eb8865ede24a3a527ac60f039a90209
,,1678,2025-12-01T13:17:45.976701674Z,2025-12-01T14:17:45.976701674Z,2025-12-01T13:55:41.565960225Z,"{""interval"":73600}",attributes,spans,580706b33949,railway-simulation,4b08ef8801f2ecab,03927c2bd3839e654dbe6b21b148201a
,,1679,2025-12-01T13:17:45.976701674Z,2025-12-01T14:17:45.976701674Z,2025-12-01T13:58:38.621994036Z,"{""interval"":98185}",attributes,spans,580706b33949,railway-simulation,4b11e0bf9dcc9ee1,c465d5f45569148bd0c56a5d74849252
,,1680,2025-12-01T13:17:45.976701674Z,2025-12-01T14:17:45.976701674Z,2025-12-01T13:56:27.732647249Z,"{""interval"":81190}",attributes,spans,580706b33949,railway-simulation,4b12ba38cc83bac1,6fa134e05ee900e82d01d9e6a8c6fcc3
,,1681,2025-12-01T13:17:45.976701674Z,2025-12-01T14:17:45.976701674Z,2025-12-01T13:52:05.732625362Z,"{""interval"":37960}",attributes,spans,580706b33949,railway-simulation,4b1b4981ac4b94a6,62ef8419bfe0bd5c4eff77d209267db8
,,1682,2025-12-01T13:17:45.976701674Z,2025-12-01T14:17:45.976701674Z,2025-12-01T13:57:17.4304496Z,"{""interval"":88615}",attributes,spans,580706b33949,railway-simulation,4b22f449f92062c5,d493bf73a8c84b3aa450562e53f911a8
,,1683,2025-12-01T13:17:45.976701674Z,2025-12-01T14:17:45.976701674Z,2025-12-01T13:56:02.899863773Z,"{""interval"":77065}",attributes,spans,580706b33949,railway-simulation,4b2959f690cfae62,41b96833357b0463e26a89594a4b3106
,,1684,2025-12-01T13:17:45.976701674Z,2025-12-01T14:17:45.976701674Z,2025-12-01T13:52:23.232600223Z,"{""interval"":40930}",attributes,spans,580706b33949,railway-simulation,4b2a023b6ba0c201,5009a575526a890fb2992b367ddf1162
,,1685,2025-12-01T13:17:45.976701674Z,2025-12-01T14:17:45.976701674Z,2025-12-01T13:49:51.232622666Z,"{""interval"":15850}",attributes,spans,580706b33949,railway-simulation,4b577390634f6042,004e9f8b5ceb12db834fbd6bc9a5e2db
,,1686,2025-12-01T13:17:45.976701674Z,2025-12-01T14:17:45.976701674Z,2025-12-01T13:53:55.065964284Z,"{""interval"":56110}",attributes,spans,580706b33949,railway-simulation,4b592d3f53109ea3,b891a0b8288c72d306e50f42c2a11d8c
,,1687,2025-12-01T13:17:45.976701674Z,2025-12-01T14:17:45.976701674Z,2025-12-01T13:51:14.899222646Z,"{""interval"":29545}",attributes,spans,580706b33949,railway-simulation,4b59812a7f6ef1f7,4f50c8c1697684b13cd4dc20c9d8118f
,,1688,2025-12-01T13:17:45.976701674Z,2025-12-01T14:17:45.976701674Z,2025-12-01T13:58:36.58550773Z,"{""interval"":97855}",attributes,spans,580706b33949,railway-simulation,4b5ffb3cfc5793aa,122403dea704c8d5eab43e8de3f6b80b
,,1689,2025-12-01T13:17:45.976701674Z,2025-12-01T14:17:45.976701674Z,2025-12-01T13:53:57.06622479Z,"{""interval"":56440.00000000001}",attributes,spans,580706b33949,railway-simulation,4b68df4e1eb48c2d,d6c055d8da02d2b0a5f008b0b31c7d78
,,1690,2025-12-01T13:17:45.976701674Z,2025-12-01T14:17:45.976701674Z,2025-12-01T13:48:26.733226107Z,"{""interval"":1825}",attributes,spans,580706b33949,railway-simulation,4b6bfca7f9a7d90b,def8a55b11d09b2e719fdabd7c2df85d
,,1691,2025-12-01T13:17:45.976701674Z,2025-12-01T14:17:45.976701674Z,2025-12-01T13:54:29.565940925Z,"{""interval"":61719.99999999999}",attributes,spans,580706b33949,railway-simulation,4b757c827f770bcd,36a37c04e282e12a860a1454de6ffca7
,,1692,2025-12-01T13:17:45.976701674Z,2025-12-01T14:17:45.976701674Z,2025-12-01T13:48:21.232486007Z,"{""interval"":1000}",attributes,spans,580706b33949,railway-simulation,4b7e6e975ed3cf32,779b26d83de2d0b466f22e68a30d4c09
,,1693,2025-12-01T13:17:45.976701674Z,2025-12-01T14:17:45.976701674Z,2025-12-01T13:51:35.899267006Z,"{""interval"":33010}",attributes,spans,580706b33949,railway-simulation,4b8bc6f0bfd7ebed,f49f59bb40dc0bc8b99d57ed33bdd912
,,1694,2025-12-01T13:17:45.976701674Z,2025-12-01T14:17:45.976701674Z,2025-12-01T13:53:27.065910202Z,"{""interval"":51490}",attributes,spans,580706b33949,railway-simulation,4ba56cca17d3d704,0ef0c856ef2a65b37e0b6ad9ddfc4826
,,1695,2025-12-01T13:17:45.976701674Z,2025-12-01T14:17:45.976701674Z,2025-12-01T13:57:34.740288303Z,"{""interval"":90430}",attributes,spans,580706b33949,railway-simulation,4baaba50539c988c,ae5381a0576d6b2379d2b1222ec3d667
,,1696,2025-12-01T13:17:45.976701674Z,2025-12-01T14:17:45.976701674Z,2025-12-01T13:51:25.065989465Z,"{""interval"":31359.999999999996}",attributes,spans,580706b33949,railway-simulation,4bb7ff277a8413f2,2b73ad8e5070604166292436a39675f4
,,1697,2025-12-01T13:17:45.976701674Z,2025-12-01T14:17:45.976701674Z,2025-12-01T13:53:18.066080666Z,"{""interval"":50005}",attributes,spans,580706b33949,railway-simulation,4bcef9df87727457,15d7bb1ab2a6083833417be3bff9d586
,,1698,2025-12-01T13:17:45.976701674Z,2025-12-01T14:17:45.976701674Z,2025-12-01T13:56:59.399440476Z,"{""interval"":86470}",attributes,spans,580706b33949,railway-simulation,4bd7a7e41bd75ca7,4fe10f02c71fc93d864c27d403c3df11
,,1699,2025-12-01T13:17:45.976701674Z,2025-12-01T14:17:45.976701674Z,2025-12-01T13:58:47.834305418Z,"{""interval"":99670}",attributes,spans,580706b33949,railway-simulation,4bef582c9c9960b8,8e0a11e140afdc7b50ef3d8c563f293f
,,1700,2025-12-01T13:17:45.976701674Z,2025-12-01T14:17:45.976701674Z,2025-12-01T13:49:42.899253949Z,"{""interval"":14365}",attributes,spans,580706b33949,railway-simulation,4bf6108c1cf7f6d6,ceec83b22aa9ba2a91d66fbfe63474cb
,,1701,2025-12-01T13:17:45.976701674Z,2025-12-01T14:17:45.976701674Z,2025-12-01T13:52:57.732590012Z,"{""interval"":46540}",attributes,spans,580706b33949,railway-simulation,4bf6f14b11ed8f0a,a8250a887aa77ad54b5b58ee85ecc0e4
,,1702,2025-12-01T13:17:45.976701674Z,2025-12-01T14:17:45.976701674Z,2025-12-01T13:55:54.400282491Z,"{""interval"":75745}",attributes,spans,580706b33949,railway-simulation,4c0a7a4b44303a77,5b9df118e64f00da56650b7fb5b5e55f
,,1703,2025-12-01T13:17:45.976701674Z,2025-12-01T14:17:45.976701674Z,2025-12-01T13:54:18.56625775Z,"{""interval"":59905}",attributes,spans,580706b33949,railway-simulation,4c1fdbddfbc5b996,9c2a381dee9ad711812b89aa5d788ad8
,,1704,2025-12-01T13:17:45.976701674Z,2025-12-01T14:17:45.976701674Z,2025-12-01T13:48:39.399092808Z,"{""interval"":3970}",attributes,spans,580706b33949,railway-simulation,4c3cca2d7ea8effc,6afdf93f3668a50d810fedcf5841379b
,,1705,2025-12-01T13:17:45.976701674Z,2025-12-01T14:17:45.976701674Z,2025-12-01T13:52:25.232623753Z,"{""interval"":41260}",attributes,spans,580706b33949,railway-simulation,4c3d7c7403909869,0c29521dfb9e793d78555d08e1cd8571
,,1706,2025-12-01T13:17:45.976701674Z,2025-12-01T14:17:45.976701674Z,2025-12-01T13:56:42.613024852Z,"{""interval"":83665}",attributes,spans,580706b33949,railway-simulation,4c49957db0906154,40295b21aba24f6438716c4f11ec1c20
,,1707,2025-12-01T13:17:45.976701674Z,2025-12-01T14:17:45.976701674Z,2025-12-01T13:56:57.066121008Z,"{""interval"":86140}",attributes,spans,580706b33949,railway-simulation,4c7b2354f3acb4f4,b7d88726f2f6837382c9bc1f7d03dd44
,,1708,2025-12-01T13:17:45.976701674Z,2025-12-01T14:17:45.976701674Z,2025-12-01T13:58:29.777658547Z,"{""interval"":96700}",attributes,spans,580706b33949,railway-simulation,4c817c6e34cf0d36,9b27c6879d2d7adca29b670f9036bfdd
,,1709,2025-12-01T13:17:45.976701674Z,2025-12-01T14:17:45.976701674Z,2025-12-01T13:48:21.065960746Z,"{""interval"":1000}",attributes,spans,580706b33949,railway-simulation,4c904f279fdf2ad1,dde49b533772e40e3ac976d498656f16
,,1710,2025-12-01T13:17:45.976701674Z,2025-12-01T14:17:45.976701674Z,2025-12-01T13:57:28.24380182Z,"{""interval"":89770}",attributes,spans,580706b33949,railway-simulation,4c97260a9a75c1a9,7b8b8f37635fd8de1464cb16a51d5dee
,,1711,2025-12-01T13:17:45.976701674Z,2025-12-01T14:17:45.976701674Z,2025-12-01T13:51:01.899341166Z,"{""interval"":27400}",attributes,spans,580706b33949,railway-simulation,4ce17a8cb75e8889,9ebc5d37e3e407cf8d9e20d825faf362
,,1712,2025-12-01T13:17:45.976701674Z,2025-12-01T14:17:45.976701674Z,2025-12-01T13:48:52.566561975Z,"{""interval"":6115}",attributes,spans,580706b33949,railway-simulation,4cf6f63590bea2b8,f8f71cde55fd8289cf56d29563a7b1d9
,,1713,2025-12-01T13:17:45.976701674Z,2025-12-01T14:17:45.976701674Z,2025-12-01T13:57:55.447436603Z,"{""interval"":92575}",attributes,spans,580706b33949,railway-simulation,4d060fb54235abea,c3e0012fc48136127176388a9cc0db36
,,1714,2025-12-01T13:17:45.976701674Z,2025-12-01T14:17:45.976701674Z,2025-12-01T13:49:53.232699846Z,"{""interval"":16179.999999999998}",attributes,spans,580706b33949,railway-simulation,4d1662452bcf45aa,7d362188ae5681a5fdda014510350154
,,1715,2025-12-01T13:17:45.976701674Z,2025-12-01T14:17:45.976701674Z,2025-12-01T13:58:32.922002661Z,"{""interval"":97195}",attributes,spans,580706b33949,railway-simulation,4d19e856127da9df,3bcb17965d1e2dc499965f32290f0814
,,1716,2025-12-01T13:17:45.976701674Z,2025-12-01T14:17:45.976701674Z,2025-12-01T13:53:31.399225797Z,"{""interval"":52150.00000000001}",attributes,spans,580706b33949,railway-simulation,4d1a428087baec8c,e6976fb61051e2aba7c1e4e7c7f2b79b
,,1717,2025-12-01T13:17:45.976701674Z,2025-12-01T14:17:45.976701674Z,2025-12-01T13:50:17.732599629Z,"{""interval"":20140}",attributes,spans,580706b33949,railway-simulation,4d1f3f1073b5b921,47671e542af9924d884b9dd81e0d3aaf
,,1718,2025-12-01T13:17:45.976701674Z,2025-12-01T14:17:45.976701674Z,2025-12-01T13:56:36.583521345Z,"{""interval"":82675}",attributes,spans,580706b33949,railway-simulation,4d2cd4ce736f1d1c,b0a9633da0c86998c56bbc6f4135e750
,,1719,2025-12-01T13:17:45.976701674Z,2025-12-01T14:17:45.976701674Z,2025-12-01T13:58:18.365547991Z,"{""interval"":95215}",attributes,spans,580706b33949,railway-simulation,4d72f1b00f2a85f8,b6eb680142e68075bc6290248f661c04
,,1720,2025-12-01T13:17:45.976701674Z,2025-12-01T14:17:45.976701674Z,2025-12-01T13:48:37.066186674Z,"{""interval"":3640}",attributes,spans,580706b33949,railway-simulation,4dabd6718440fb66,d395cdf4e6558dfe67c50be16300cafc
,,1721,2025-12-01T13:17:45.976701674Z,2025-12-01T14:17:45.976701674Z,2025-12-01T13:58:20.851019209Z,"{""interval"":95545}",attributes,spans,580706b33949,railway-simulation,4db0d2479c14476d,e76385330c6ddfc617389eafe8b53ddb
,,1722,2025-12-01T13:17:45.976701674Z,2025-12-01T14:17:45.976701674Z,2025-12-01T13:52:36.565935547Z,"{""interval"":43075}",attributes,spans,580706b33949,railway-simulation,4dc92d85fd5c3a4a,bcf346e51a671789c112853452fb48c4
,,1723,2025-12-01T13:17:45.976701674Z,2025-12-01T14:17:45.976701674Z,2025-12-01T13:58:09.382471733Z,"{""interval"":94225}",attributes,spans,580706b33949,railway-simulation,4dd9d2963d2fe1db,60964e8aa960d51f86dd62f38bee713f
,,1724,2025-12-01T13:17:45.976701674Z,2025-12-01T14:17:45.976701674Z,2025-12-01T13:49:02.233510018Z,"{""interval"":7765}",attributes,spans,580706b33949,railway-simulation,4e0c732b52e628c2,7266075710a73364b5b31488bee5c0f6
,,1725,2025-12-01T13:17:45.976701674Z,2025-12-01T14:17:45.976701674Z,2025-12-01T13:54:04.732577685Z,"{""interval"":57595}",attributes,spans,580706b33949,railway-simulation,4e1fc51c0ad02180,e1079d351c95e74de22325ac11cbcdee
,,1726,2025-12-01T13:17:45.976701674Z,2025-12-01T14:17:45.976701674Z,2025-12-01T13:56:23.732675383Z,"{""interval"":80530}",attributes,spans,580706b33949,railway-simulation,4e2ae7e166594c75,8d4c454b9c2c85eb5dfd34d5bf51a1d5
,,1727,2025-12-01T13:17:45.976701674Z,2025-12-01T14:17:45.976701674Z,2025-12-01T13:53:07.899228176Z,"{""interval"":48190}",attributes,spans,580706b33949,railway-simulation,4e3cee4820b1dbaf,e2c25100f9b822d4132c535bf8c0d357
,,1728,2025-12-01T13:17:45.976701674Z,2025-12-01T14:17:45.976701674Z,2025-12-01T13:49:40.899513628Z,"{""interval"":14034.999999999998}",attributes,spans,580706b33949,railway-simulation,4e4172a614515f83,8aac75e6d37533115a42a870bbb065fe
,,1729,2025-12-01T13:17:45.976701674Z,2025-12-01T14:17:45.976701674Z,2025-12-01T13:57:53.003724943Z,"{""interval"":92410}",attributes,spans,580706b33949,railway-simulation,4e5faada9cb17c2a,f4dd08e9797041c929e1157277763f65
,,1730,2025-12-01T13:17:45.976701674Z,2025-12-01T14:17:45.976701674Z,2025-12-01T13:54:59.065970959Z,"{""interval"":66670}",attributes,spans,580706b33949,railway-simulation,4ea9fe7d7289ba38,9be650881367bc3daf517084c7b87951
,,1731,2025-12-01T13:17:45.976701674Z,2025-12-01T14:17:45.976701674Z,2025-12-01T13:48:34.065958281Z,"{""interval"":3145}",attributes,spans,580706b33949,railway-simulation,4eaa5de1435bdcbb,4d4d7f5cfa53fb87de56f70434ae2724
,,1732,2025-12-01T13:17:45.976701674Z,2025-12-01T14:17:45.976701674Z,2025-12-01T13:53:18.732626402Z,"{""interval"":50005}",attributes,spans,580706b33949,railway-simulation,4eb6a28e731ac569,518e5b1e349e28e767efb1a30657dc39
,,1733,2025-12-01T13:17:45.976701674Z,2025-12-01T14:17:45.976701674Z,2025-12-01T13:52:58.39924335Z,"{""interval"":46705}",attributes,spans,580706b33949,railway-simulation,4eba6c9a2daa87c1,5958fdf41e57fd8ec90d9f7d319491f0
,,1734,2025-12-01T13:17:45.976701674Z,2025-12-01T14:17:45.976701674Z,2025-12-01T13:54:00.399315528Z,"{""interval"":56934.99999999999}",attributes,spans,580706b33949,railway-simulation,4edea0d655c4291f,3835eb0abb6bb550105e6380fd9849e3
,,1735,2025-12-01T13:17:45.976701674Z,2025-12-01T14:17:45.976701674Z,2025-12-01T13:58:46.781971691Z,"{""interval"":99505}",attributes,spans,580706b33949,railway-simulation,4eeba40e8b1d8ce4,4e706bbcc1f8fa6a61b47d354d251e7b
,,1736,2025-12-01T13:17:45.976701674Z,2025-12-01T14:17:45.976701674Z,2025-12-01T13:58:43.797757271Z,"{""interval"":99010}",attributes,spans,580706b33949,railway-simulation,4f2aab2672f96213,5ab81fd81184386cf20318aeb8b18ad4
,,1737,2025-12-01T13:17:45.976701674Z,2025-12-01T14:17:45.976701674Z,2025-12-01T13:58:14.984758261Z,"{""interval"":94885}",attributes,spans,580706b33949,railway-simulation,4f3324c60a322dc4,5fdcb6ecf11c105fe71490f7901fabb2
,,1738,2025-12-01T13:17:45.976701674Z,2025-12-01T14:17:45.976701674Z,2025-12-01T13:51:27.899412578Z,"{""interval"":31690}",attributes,spans,580706b33949,railway-simulation,4f37839872ca427a,424a029c88a828b8bd7a87ad95313e13
,,1739,2025-12-01T13:17:45.976701674Z,2025-12-01T14:17:45.976701674Z,2025-12-01T13:53:40.56595087Z,"{""interval"":53634.99999999999}",attributes,spans,580706b33949,railway-simulation,4f3c119efa7eac91,58da721173a2124537217e9177ddfc84
,,1740,2025-12-01T13:17:45.976701674Z,2025-12-01T14:17:45.976701674Z,2025-12-01T13:55:02.399221933Z,"{""interval"":67165}",attributes,spans,580706b33949,railway-simulation,4f72da067a2f03ab,3e0ec1efba3bf1e4fb6268367c310469
,,1741,2025-12-01T13:17:45.976701674Z,2025-12-01T14:17:45.976701674Z,2025-12-01T13:55:10.732592702Z,"{""interval"":68485}",attributes,spans,580706b33949,railway-simulation,4fa77d365997be28,4910367f55567f2acb6e33d026677c52
,,1742,2025-12-01T13:17:45.976701674Z,2025-12-01T14:17:45.976701674Z,2025-12-01T13:57:10.3538475Z,"{""interval"":87955}",attributes,spans,580706b33949,railway-simulation,4fba68c990cbaf39,d6bfece18296c13d4ecdffae756d6b42
,,1743,2025-12-01T13:17:45.976701674Z,2025-12-01T14:17:45.976701674Z,2025-12-01T13:54:21.232620746Z,"{""interval"":60400}",attributes,spans,580706b33949,railway-simulation,4fd24b4808fc9ba5,c1c11a641c574e62888cb6127f483608
,,1744,2025-12-01T13:17:45.976701674Z,2025-12-01T14:17:45.976701674Z,2025-12-01T13:53:32.399307413Z,"{""interval"":52315}",attributes,spans,580706b33949,railway-simulation,4fd643760c759e25,618a4e15d7be28c8497c9da78fb0afb9
,,1745,2025-12-01T13:17:45.976701674Z,2025-12-01T14:17:45.976701674Z,2025-12-01T13:53:31.065918235Z,"{""interval"":52150.00000000001}",attributes,spans,580706b33949,railway-simulation,4fe104f7ce36f0cc,c4724eb7ab8396f0f311748de095e285
,,1746,2025-12-01T13:17:45.976701674Z,2025-12-01T14:17:45.976701674Z,2025-12-01T13:58:39.447337137Z,"{""interval"":98350}",attributes,spans,580706b33949,railway-simulation,4fe61f86f91676a3,d87752378a532ecd41ace1ec8764a481
,,1747,2025-12-01T13:17:45.976701674Z,2025-12-01T14:17:45.976701674Z,2025-12-01T13:54:27.565937098Z,"{""interval"":61390}",attributes,spans,580706b33949,railway-simulation,4fefcf08bf88dabe,095b8f08e199858309f8495ab63a020b
,,1748,2025-12-01T13:17:45.976701674Z,2025-12-01T14:17:45.976701674Z,2025-12-01T13:58:48.436353774Z,"{""interval"":99835}",attributes,spans,580706b33949,railway-simulation,4ff156339e6ddf54,073bda262d7ee67c268dbf456b9eae41
,,1749,2025-12-01T13:17:45.976701674Z,2025-12-01T14:17:45.976701674Z,2025-12-01T13:56:21.066093433Z,"{""interval"":80200}",attributes,spans,580706b33949,railway-simulation,5008a697300b0019,06b7eaf05cb2d5e705abe3d42e750371
,,1750,2025-12-01T13:17:45.976701674Z,2025-12-01T14:17:45.976701674Z,2025-12-01T13:48:37.733482126Z,"{""interval"":3640}",attributes,spans,580706b33949,railway-simulation,500ef7f3c0cfb54a,0dbd14e77a4d8a4186230a9451f00f45
,,1751,2025-12-01T13:17:45.976701674Z,2025-12-01T14:17:45.976701674Z,2025-12-01T13:56:47.680854117Z,"{""interval"":84490}",attributes,spans,580706b33949,railway-simulation,5012e4460a6a7139,f1d2e80f34b956386039ea364b75752b
,,1752,2025-12-01T13:17:45.976701674Z,2025-12-01T14:17:45.976701674Z,2025-12-01T13:54:32.899303197Z,"{""interval"":62214.99999999999}",attributes,spans,580706b33949,railway-simulation,50491921d3922903,337cbcb710c44ce4c911798d8994f8f7
,,1753,2025-12-01T13:17:45.976701674Z,2025-12-01T14:17:45.976701674Z,2025-12-01T13:56:43.524418125Z,"{""interval"":83665}",attributes,spans,580706b33949,railway-simulation,5057aa3873da0ef5,51f98707028dae7a26d3ce16042149bc
,,1754,2025-12-01T13:17:45.976701674Z,2025-12-01T14:17:45.976701674Z,2025-12-01T13:54:38.07331492Z,"{""interval"":63205}",attributes,spans,580706b33949,railway-simulation,505f8e9d177bf0c2,9738f61f18f342c7366217ea88da7005
,,1755,2025-12-01T13:17:45.976701674Z,2025-12-01T14:17:45.976701674Z,2025-12-01T13:54:36.06605465Z,"{""interval"":62875}",attributes,spans,580706b33949,railway-simulation,506b1bfa32fecc9c,635d9bbf054c27cba9a59cdec4213601
,,1756,2025-12-01T13:17:45.976701674Z,2025-12-01T14:17:45.976701674Z,2025-12-01T13:52:55.066096115Z,"{""interval"":46210}",attributes,spans,580706b33949,railway-simulation,50732ca7faba6984,a40d90cc0250490969f2faad96d82550
,,1757,2025-12-01T13:17:45.976701674Z,2025-12-01T14:17:45.976701674Z,2025-12-01T13:52:38.232587335Z,"{""interval"":43405}",attributes,spans,580706b33949,railway-simulation,508849f936ac3b57,752db9f40645e42cc8aacb810c31a16f
,,1758,2025-12-01T13:17:45.976701674Z,2025-12-01T14:17:45.976701674Z,2025-12-01T13:51:16.899250344Z,"{""interval"":29875.000000000004}",attributes,spans,580706b33949,railway-simulation,508afaae688a6fdd,66b19c806b27ff2264a6e21c234b3f84
,,1759,2025-12-01T13:17:45.976701674Z,2025-12-01T14:17:45.976701674Z,2025-12-01T13:54:05.56597169Z,"{""interval"":57760}",attributes,spans,580706b33949,railway-simulation,50a7bca951ddf9c1,7ce2014269671954e1d1972790c2e5c4
,,1760,2025-12-01T13:17:45.976701674Z,2025-12-01T14:17:45.976701674Z,2025-12-01T13:57:40.733438961Z,"{""interval"":90925}",attributes,spans,580706b33949,railway-simulation,50a9041ce451c299,29d905dc082323e14d6296d804cba2d3
,,1761,2025-12-01T13:17:45.976701674Z,2025-12-01T14:17:45.976701674Z,2025-12-01T13:54:36.233208905Z,"{""interval"":62875}",attributes,spans,580706b33949,railway-simulation,50bb2d79058a545d,d8d1aaab44407339c4dd383158e4b749
,,1762,2025-12-01T13:17:45.976701674Z,2025-12-01T14:17:45.976701674Z,2025-12-01T13:53:31.899237775Z,"{""interval"":52150.00000000001}",attributes,spans,580706b33949,railway-simulation,50bd86d1dc9e5fe5,0e5aaceda2eb009e458964b98b27a760
,,1763,2025-12-01T13:17:45.976701674Z,2025-12-01T14:17:45.976701674Z,2025-12-01T13:49:45.899225732Z,"{""interval"":14860.000000000002}",attributes,spans,580706b33949,railway-simulation,50c4ba0e460bcfce,487785ad51ff53deb7efc81c3826d4a5
,,1764,2025-12-01T13:17:45.976701674Z,2025-12-01T14:17:45.976701674Z,2025-12-01T13:56:51.096389091Z,"{""interval"":84985}",attributes,spans,580706b33949,railway-simulation,50cbbfa9d0f29e5e,a675e63890f186d413d47e6c9796187b
,,1765,2025-12-01T13:17:45.976701674Z,2025-12-01T14:17:45.976701674Z,2025-12-01T13:50:00.233356654Z,"{""interval"":17335}",attributes,spans,580706b33949,railway-simulation,50ec6d599e660440,51a080fe6044cc8380652291ddecd3bd
,,1766,2025-12-01T13:17:45.976701674Z,2025-12-01T14:17:45.976701674Z,2025-12-01T13:58:30.928150933Z,"{""interval"":96865}",attributes,spans,580706b33949,railway-simulation,50fa7e6444c16268,549ed4e51c8a1f404898c225f3208c75
,,1767,2025-12-01T13:17:45.976701674Z,2025-12-01T14:17:45.976701674Z,2025-12-01T13:54:34.73260941Z,"{""interval"":62545}",attributes,spans,580706b33949,railway-simulation,510151c736ea1396,f284f6bc15ce476835964ed7eacea78c
,,1768,2025-12-01T13:17:45.976701674Z,2025-12-01T14:17:45.976701674Z,2025-12-01T13:58:48.147609793Z,"{""interval"":99835}",attributes,spans,580706b33949,railway-simulation,511376586ef3efac,8d059c481784432878058ef32de8904e
,,1769,2025-12-01T13:17:45.976701674Z,2025-12-01T14:17:45.976701674Z,2025-12-01T13:56:11.401537231Z,"{""interval"":78550}",attributes,spans,580706b33949,railway-simulation,511d06324b2e6897,9ad2bef9e209124d768cbab9d9f6a67f
,,1770,2025-12-01T13:17:45.976701674Z,2025-12-01T14:17:45.976701674Z,2025-12-01T13:56:08.39948368Z,"{""interval"":78055}",attributes,spans,580706b33949,railway-simulation,5121ef08306b85f3,8a09699e22f2f3d3885bef17afcbb84d
,,1771,2025-12-01T13:17:45.976701674Z,2025-12-01T14:17:45.976701674Z,2025-12-01T13:58:28.490381967Z,"{""interval"":96535}",attributes,spans,580706b33949,railway-simulation,514959dd28bb2be4,60551dda1e5268fbf3239c423132c617
,,1772,2025-12-01T13:17:45.976701674Z,2025-12-01T14:17:45.976701674Z,2025-12-01T13:51:27.06594584Z,"{""interval"":31690}",attributes,spans,580706b33949,railway-simulation,514def1268a210e8,fe33ed6da6ab9559409dc3272de85aad
,,1773,2025-12-01T13:17:45.976701674Z,2025-12-01T14:17:45.976701674Z,2025-12-01T13:50:33.399281143Z,"{""interval"":22780}",attributes,spans,580706b33949,railway-simulation,516662ce9acf6f9f,5807c692fc1444e6917e2ce254c39cee
,,1774,2025-12-01T13:17:45.976701674Z,2025-12-01T14:17:45.976701674Z,2025-12-01T13:51:46.899212448Z,"{""interval"":34825}",attributes,spans,580706b33949,railway-simulation,517e560b80281f1f,b3c25ef4e0c951057dd3425241f70088
,,1775,2025-12-01T13:17:45.976701674Z,2025-12-01T14:17:45.976701674Z,2025-12-01T13:50:25.232615244Z,"{""interval"":21460}",attributes,spans,580706b33949,railway-simulation,5186755b2f92d22d,d529903e6e4f03827b8151e9bbb2b80e
,,1776,2025-12-01T13:17:45.976701674Z,2025-12-01T14:17:45.976701674Z,2025-12-01T13:52:42.065938801Z,"{""interval"":44065}",attributes,spans,580706b33949,railway-simulation,518e0d9581e5cd28,7a4a300be449ef2e3130e3f493c12596
,,1777,2025-12-01T13:17:45.976701674Z,2025-12-01T14:17:45.976701674Z,2025-12-01T13:53:46.232614816Z,"{""interval"":54624.99999999999}",attributes,spans,580706b33949,railway-simulation,51972eba44efcc4b,f014248d9968c7d33c735ad8013e974f
,,1778,2025-12-01T13:17:45.976701674Z,2025-12-01T14:17:45.976701674Z,2025-12-01T13:56:35.166893805Z,"{""interval"":82510}",attributes,spans,580706b33949,railway-simulation,519f51a24baa6bad,50795d5134ff3334e3c04471d73fda53
,,1779,2025-12-01T13:17:45.976701674Z,2025-12-01T14:17:45.976701674Z,2025-12-01T13:50:40.399274138Z,"{""interval"":23935}",attributes,spans,580706b33949,railway-simulation,51aa9314c443b9a5,ee08bcf64e81a80fca63f9be2d5cab71
,,1780,2025-12-01T13:17:45.976701674Z,2025-12-01T14:17:45.976701674Z,2025-12-01T13:54:22.232623799Z,"{""interval"":60565}",attributes,spans,580706b33949,railway-simulation,51b6c5794220d112,c69ac0d20da65391f6264839842f4000
,,1781,2025-12-01T13:17:45.976701674Z,2025-12-01T14:17:45.976701674Z,2025-12-01T13:58:08.475975588Z,"{""interval"":94060}",attributes,spans,580706b33949,railway-simulation,51ce5635a4807626,345e3b46b36ac276413d9ba24b6ce91b
,,1782,2025-12-01T13:17:45.976701674Z,2025-12-01T14:17:45.976701674Z,2025-12-01T13:49:24.567004301Z,"{""interval"":11395}",attributes,spans,580706b33949,railway-simulation,51dfd42d7933be57,7f208d99f9f76be65968c58ce661ad41
,,1783,2025-12-01T13:17:45.976701674Z,2025-12-01T14:17:45.976701674Z,2025-12-01T13:53:22.066052076Z,"{""interval"":50665.00000000001}",attributes,spans,580706b33949,railway-simulation,51ecc3aae4dc73e6,533062bf3cd21410dd5b3755cc2203ed
,,1784,2025-12-01T13:17:45.976701674Z,2025-12-01T14:17:45.976701674Z,2025-12-01T13:57:04.303200556Z,"{""interval"":87295}",attributes,spans,580706b33949,railway-simulation,51fd479647eef50e,f430bdb33df2d6d3713d1c0b3cc40e8c
,,1785,2025-12-01T13:17:45.976701674Z,2025-12-01T14:17:45.976701674Z,2025-12-01T13:50:36.56651039Z,"{""interval"":23275}",attributes,spans,580706b33949,railway-simulation,51ffe8334041e5e7,afe07159cd2345391fc117bef812b641
,,1786,2025-12-01T13:17:45.976701674Z,2025-12-01T14:17:45.976701674Z,2025-12-01T13:49:08.399333096Z,"{""interval"":8755}",attributes,spans,580706b33949,railway-simulation,5209423902332efb,d1d86058d14f20a46ddbb2cfac8c9563
,,1787,2025-12-01T13:17:45.976701674Z,2025-12-01T14:17:45.976701674Z,2025-12-01T13:48:46.067091883Z,"{""interval"":5125}",attributes,spans,580706b33949,railway-simulation,520aa1f8eb2dd636,3bb27644fe72222d6b2cfdc4a8b38cb9
,,1788,2025-12-01T13:17:45.976701674Z,2025-12-01T14:17:45.976701674Z,2025-12-01T13:51:50.899259538Z,"{""interval"":35485}",attributes,spans,580706b33949,railway-simulation,521c90a922d9562b,b1d76bdfbcbfcc3dfc75f560da65a2b5
,,1789,2025-12-01T13:17:45.976701674Z,2025-12-01T14:17:45.976701674Z,2025-12-01T13:56:44.647886029Z,"{""interval"":83995}",attributes,spans,580706b33949,railway-simulation,5226532a55720a98,39f0e808a04e7bf3619d61d2d21ac239
,,1790,2025-12-01T13:17:45.976701674Z,2025-12-01T14:17:45.976701674Z,2025-12-01T13:54:09.399218809Z,"{""interval"":58419.99999999999}",attributes,spans,580706b33949,railway-simulation,524ccf6605b44638,6269f6f55a03ea35dd92f02d399ca045
,,1791,2025-12-01T13:17:45.976701674Z,2025-12-01T14:17:45.976701674Z,2025-12-01T13:49:36.232901785Z,"{""interval"":13375}",attributes,spans,580706b33949,railway-simulation,52500785524b52bf,6ebe58e4230d8a7bb0d4dd8e47eece12
,,1792,2025-12-01T13:17:45.976701674Z,2025-12-01T14:17:45.976701674Z,2025-12-01T13:50:23.232658103Z,"{""interval"":21130}",attributes,spans,580706b33949,railway-simulation,5262dc4623b1789a,5c1ccd1bbad4e9e5573afafbd51d6de1
,,1793,2025-12-01T13:17:45.976701674Z,2025-12-01T14:17:45.976701674Z,2025-12-01T13:56:44.960389312Z,"{""interval"":83995}",attributes,spans,580706b33949,railway-simulation,52ae9a14ac7dac0d,d09d0e8fc8dd116ce3323b19bdf83965
,,1794,2025-12-01T13:17:45.976701674Z,2025-12-01T14:17:45.976701674Z,2025-12-01T13:55:50.89940242Z,"{""interval"":75085}",attributes,spans,580706b33949,railway-simulation,52b753d5c4f926fc,98e6f9d0b2c806d7e883324ffb1a4439
,,1795,2025-12-01T13:17:45.976701674Z,2025-12-01T14:17:45.976701674Z,2025-12-01T13:56:08.066081835Z,"{""interval"":78055}",attributes,spans,580706b33949,railway-simulation,52d5ff4b1f3ba418,0c18b8d69ad3dc55a51e125fcff2a188
,,1796,2025-12-01T13:17:45.976701674Z,2025-12-01T14:17:45.976701674Z,2025-12-01T13:55:26.23257836Z,"{""interval"":71125}",attributes,spans,580706b33949,railway-simulation,52e3fde34f92e22c,246d77bca313ed7160d69ea3d5d38962
,,1797,2025-12-01T13:17:45.976701674Z,2025-12-01T14:17:45.976701674Z,2025-12-01T13:53:00.732589504Z,"{""interval"":47035}",attributes,spans,580706b33949,railway-simulation,52e42538ebe76efc,bd3668f2ed23004d318ed2e1e63e9008
,,1798,2025-12-01T13:17:45.976701674Z,2025-12-01T14:17:45.976701674Z,2025-12-01T13:51:37.232621626Z,"{""interval"":33340}",attributes,spans,580706b33949,railway-simulation,52e685979914acbc,bf0db61d77a8ab09f7ffe3d1872c7e19
,,1799,2025-12-01T13:17:45.976701674Z,2025-12-01T14:17:45.976701674Z,2025-12-01T13:56:57.73263429Z,"{""interval"":86140}",attributes,spans,580706b33949,railway-simulation,52f1b1776332b1f9,446462037581f3b7d4345fc7058d596a
,,1800,2025-12-01T13:17:45.976701674Z,2025-12-01T14:17:45.976701674Z,2025-12-01T13:55:44.399371325Z,"{""interval"":74095}",attributes,spans,580706b33949,railway-simulation,52fd726c36ddd888,21f0de3a5017e2caa3531fe69b08c382
,,1801,2025-12-01T13:17:45.976701674Z,2025-12-01T14:17:45.976701674Z,2025-12-01T13:55:21.232576287Z,"{""interval"":70300}",attributes,spans,580706b33949,railway-simulation,532db6166ae641b7,ac05002a7412ea970abe4817e14bed2c
,,1802,2025-12-01T13:17:45.976701674Z,2025-12-01T14:17:45.976701674Z,2025-12-01T13:57:43.257548498Z,"{""interval"":91255}",attributes,spans,580706b33949,railway-simulation,5338a4e26dac9186,86bb11fdf701896088c68c72257037ab
,,1803,2025-12-01T13:17:45.976701674Z,2025-12-01T14:17:45.976701674Z,2025-12-01T13:49:22.066942413Z,"{""interval"":11065}",attributes,spans,580706b33949,railway-simulation,53492b933f059641,ee302cd6c98d6c8d1c39965025658e1a
,,1804,2025-12-01T13:17:45.976701674Z,2025-12-01T14:17:45.976701674Z,2025-12-01T13:53:06.732560666Z,"{""interval"":48025}",attributes,spans,580706b33949,railway-simulation,53543ef97902c7a9,aee1026b83ce710821a2ac4ae7997463
,,1805,2025-12-01T13:17:45.976701674Z,2025-12-01T14:17:45.976701674Z,2025-12-01T13:48:42.566041949Z,"{""interval"":4465}",attributes,spans,580706b33949,railway-simulation,5358ad30949a531f,d53541f199d05479ff8337f0ddc7cccf
,,1806,2025-12-01T13:17:45.976701674Z,2025-12-01T14:17:45.976701674Z,2025-12-01T13:52:24.899349841Z,"{""interval"":41095}",attributes,spans,580706b33949,railway-simulation,5366b73fb7377cb0,a9d8eca318efc01fae318522aa5bfe7a
,,1807,2025-12-01T13:17:45.976701674Z,2025-12-01T14:17:45.976701674Z,2025-12-01T13:56:25.233232731Z,"{""interval"":80860}",attributes,spans,580706b33949,railway-simulation,536e62f8f9aaa23e,a2efc150dc07ce72acab9f0644ccb2e8
,,1808,2025-12-01T13:17:45.976701674Z,2025-12-01T14:17:45.976701674Z,2025-12-01T13:51:17.232681335Z,"{""interval"":30040}",attributes,spans,580706b33949,railway-simulation,53b1a27039deafda,e51f9c56838ac40ed5909ff086f8262d
,,1809,2025-12-01T13:17:45.976701674Z,2025-12-01T14:17:45.976701674Z,2025-12-01T13:49:54.899986724Z,"{""interval"":16345}",attributes,spans,580706b33949,railway-simulation,53cb95915c6cd11d,5845e8e766df26614caba79aae0449eb
,,1810,2025-12-01T13:17:45.976701674Z,2025-12-01T14:17:45.976701674Z,2025-12-01T13:55:39.899448077Z,"{""interval"":73270}",attributes,spans,580706b33949,railway-simulation,53db8f0a9f9d5bf4,144f9462e89af9e2656cdc33bb7759e3
,,1811,2025-12-01T13:17:45.976701674Z,2025-12-01T14:17:45.976701674Z,2025-12-01T13:57:48.42320267Z,"{""interval"":91750}",attributes,spans,580706b33949,railway-simulation,53f32ef6b09f397a,c56b8ed34cb8c75321bf7c2ea684afd8
,,1812,2025-12-01T13:17:45.976701674Z,2025-12-01T14:17:45.976701674Z,2025-12-01T13:51:15.565916665Z,"{""interval"":29709.999999999996}",attributes,spans,580706b33949,railway-simulation,5406d25e4e55684b,3da17acb211abfd02a90b2c6852b32fa
,,1813,2025-12-01T13:17:45.976701674Z,2025-12-01T14:17:45.976701674Z,2025-12-01T13:56:19.733188026Z,"{""interval"":79870}",attributes,spans,580706b33949,railway-simulation,540c3a769160b585,9fe2a9906837955a1e695a7a04892a40
,,1814,2025-12-01T13:17:45.976701674Z,2025-12-01T14:17:45.976701674Z,2025-12-01T13:52:23.565926649Z,"{""interval"":40930}",attributes,spans,580706b33949,railway-simulation,5413a1366195e6ca,b85a820e8f924d6ee75023ea0b75058f
,,1815,2025-12-01T13:17:45.976701674Z,2025-12-01T14:17:45.976701674Z,2025-12-01T13:49:41.732577437Z,"{""interval"":14200}",attributes,spans,580706b33949,railway-simulation,542b59bfbc4f3fa0,bb90834a9138f184c8d0e999e35a86db
,,1816,2025-12-01T13:17:45.976701674Z,2025-12-01T14:17:45.976701674Z,2025-12-01T13:57:30.407297793Z,"{""interval"":89935}",attributes,spans,580706b33949,railway-simulation,5436db23824be587,8abf78b9cd57ed5bea6a648980a165f8
,,1817,2025-12-01T13:17:45.976701674Z,2025-12-01T14:17:45.976701674Z,2025-12-01T13:49:39.233641942Z,"{""interval"":13870}",attributes,spans,580706b33949,railway-simulation,543ec2e19525de9c,61952188a4ebc81182bbed08b043d33d
,,1818,2025-12-01T13:17:45.976701674Z,2025-12-01T14:17:45.976701674Z,2025-12-01T13:50:54.565948301Z,"{""interval"":26245}",attributes,spans,580706b33949,railway-simulation,5440a2bb25e87f11,98fdf9e927459302e85939b2a9c7513f
,,1819,2025-12-01T13:17:45.976701674Z,2025-12-01T14:17:45.976701674Z,2025-12-01T13:54:39.232598074Z,"{""interval"":63370}",attributes,spans,580706b33949,railway-simulation,545db32995dde18a,13c4dc5be40c339a615fbc8162b1bc57
,,1820,2025-12-01T13:17:45.976701674Z,2025-12-01T14:17:45.976701674Z,2025-12-01T13:52:47.06590875Z,"{""interval"":44890}",attributes,spans,580706b33949,railway-simulation,548023249ecb7968,702a9923fc32f72fe86af68ee42c870b
,,1821,2025-12-01T13:17:45.976701674Z,2025-12-01T14:17:45.976701674Z,2025-12-01T13:53:16.732679819Z,"{""interval"":49675}",attributes,spans,580706b33949,railway-simulation,548a132dae219e97,8bc57511b1080d8981678d8f3582b9b4
,,1822,2025-12-01T13:17:45.976701674Z,2025-12-01T14:17:45.976701674Z,2025-12-01T13:48:48.900142033Z,"{""interval"":5455}",attributes,spans,580706b33949,railway-simulation,5494737113ea568a,a76ee2215ec552103070cad13ddc7102
,,1823,2025-12-01T13:17:45.976701674Z,2025-12-01T14:17:45.976701674Z,2025-12-01T13:50:12.232609083Z,"{""interval"":19315}",attributes,spans,580706b33949,railway-simulation,54a86ddc3383ff20,7226283169faea157daa6f54dea3c6ba
,,1824,2025-12-01T13:17:45.976701674Z,2025-12-01T14:17:45.976701674Z,2025-12-01T13:52:25.899247894Z,"{""interval"":41260}",attributes,spans,580706b33949,railway-simulation,54a9d4e31e0b6f27,58a71c4ec1a39650cd242e2dbca9c388
,,1825,2025-12-01T13:17:45.976701674Z,2025-12-01T14:17:45.976701674Z,2025-12-01T13:50:48.065975832Z,"{""interval"":25255}",attributes,spans,580706b33949,railway-simulation,54d530c9929a477c,abed28aa63f0974ce182a0d4394d1090
,,1826,2025-12-01T13:17:45.976701674Z,2025-12-01T14:17:45.976701674Z,2025-12-01T13:51:37.899347048Z,"{""interval"":33340}",attributes,spans,580706b33949,railway-simulation,54daef38b8f33b2f,701642cae3145747dded3e3d4d445543
,,1827,2025-12-01T13:17:45.976701674Z,2025-12-01T14:17:45.976701674Z,2025-12-01T13:53:00.23268575Z,"{""interval"":47035}",attributes,spans,580706b33949,railway-simulation,55077860d91aa044,b2e2b5e0023bba0208b39ebe1f2c8e4d
,,1828,2025-12-01T13:17:45.976701674Z,2025-12-01T14:17:45.976701674Z,2025-12-01T13:51:20.232642624Z,"{""interval"":30535}",attributes,spans,580706b33949,railway-simulation,55104837f216cb86,8ba0cd9554966cc450ce27648ab06d0a
,,1829,2025-12-01T13:17:45.976701674Z,2025-12-01T14:17:45.976701674Z,2025-12-01T13:57:48.897051165Z,"{""interval"":91915}",attributes,spans,580706b33949,railway-simulation,5524dcb28c43dcab,27a623a092eecde771f2ef102f43db51
,,1830,2025-12-01T13:17:45.976701674Z,2025-12-01T14:17:45.976701674Z,2025-12-01T13:51:55.566033124Z,"{""interval"":36310}",attributes,spans,580706b33949,railway-simulation,5529059e01fce3dd,467f988d8e2c4abb5726f4be18acc993
,,1831,2025-12-01T13:17:45.976701674Z,2025-12-01T14:17:45.976701674Z,2025-12-01T13:49:14.399312692Z,"{""interval"":9745}",attributes,spans,580706b33949,railway-simulation,55492ff900ef0afd,cafdcad65cfdaabfdbcf56253bb386d5
,,1832,2025-12-01T13:17:45.976701674Z,2025-12-01T14:17:45.976701674Z,2025-12-01T13:49:30.733206237Z,"{""interval"":12385}",attributes,spans,580706b33949,railway-simulation,5594c7efb67ea1e3,bf3c0bd82ab461e711f1aacb71f0db18
,,1833,2025-12-01T13:17:45.976701674Z,2025-12-01T14:17:45.976701674Z,2025-12-01T13:55:47.732760814Z,"{""interval"":74590}",attributes,spans,580706b33949,railway-simulation,55aeb726d346200b,fd01d80a698f97563f9c2a5ce0c0dbfb
,,1834,2025-12-01T13:17:45.976701674Z,2025-12-01T14:17:45.976701674Z,2025-12-01T13:49:02.400113207Z,"{""interval"":7765}",attributes,spans,580706b33949,railway-simulation,55b554fe6e20fe98,46e57c99cf4d351621ca54cea5b780af
,,1835,2025-12-01T13:17:45.976701674Z,2025-12-01T14:17:45.976701674Z,2025-12-01T13:57:35.006428521Z,"{""interval"":90430}",attributes,spans,580706b33949,railway-simulation,55b80bbfcd198bb8,ca5e85e14b3f310b89ee6a52071d44dc
,,1836,2025-12-01T13:17:45.976701674Z,2025-12-01T14:17:45.976701674Z,2025-12-01T13:53:34.399258363Z,"{""interval"":52644.99999999999}",attributes,spans,580706b33949,railway-simulation,55bf402b3d400494,e9bd41a290f88ac14332d4ae658d3992
,,1837,2025-12-01T13:17:45.976701674Z,2025-12-01T14:17:45.976701674Z,2025-12-01T13:52:54.399239265Z,"{""interval"":46045}",attributes,spans,580706b33949,railway-simulation,55db9ac9b4948da2,960ef6e8080bae7e915615a4f33225e9
,,1838,2025-12-01T13:17:45.976701674Z,2025-12-01T14:17:45.976701674Z,2025-12-01T13:52:35.065891159Z,"{""interval"":42910}",attributes,spans,580706b33949,railway-simulation,55e86b2193904250,e0096b295bc3f1b0996dab6750240dea
,,1839,2025-12-01T13:17:45.976701674Z,2025-12-01T14:17:45.976701674Z,2025-12-01T13:52:49.565978755Z,"{""interval"":45220}",attributes,spans,580706b33949,railway-simulation,560377eec6b43f0c,6a01aaa455e2c3ddfd7a0bf4a7ee074a
,,1840,2025-12-01T13:17:45.976701674Z,2025-12-01T14:17:45.976701674Z,2025-12-01T13:52:20.399269027Z,"{""interval"":40435}",attributes,spans,580706b33949,railway-simulation,56107fd26bad4218,61523e26f78ece29d54f6fa8dca39e0d
,,1841,2025-12-01T13:17:45.976701674Z,2025-12-01T14:17:45.976701674Z,2025-12-01T13:53:44.565906398Z,"{""interval"":54295}",attributes,spans,580706b33949,railway-simulation,5610abeab7bb868f,02a357a20dedb95940a453b46e91d4fb
,,1842,2025-12-01T13:17:45.976701674Z,2025-12-01T14:17:45.976701674Z,2025-12-01T13:55:56.899352873Z,"{""interval"":76075}",attributes,spans,580706b33949,railway-simulation,561cb56ee1cd2590,4a8eafab14e88e19d53643d928fe6ee1
,,1843,2025-12-01T13:17:45.976701674Z,2025-12-01T14:17:45.976701674Z,2025-12-01T13:53:47.732657877Z,"{""interval"":54790}",attributes,spans,580706b33949,railway-simulation,563127bf8e51e6d6,32068b2317ad9f5ef296f8fe6adb6820
,,1844,2025-12-01T13:17:45.976701674Z,2025-12-01T14:17:45.976701674Z,2025-12-01T13:58:33.234952791Z,"{""interval"":97360}",attributes,spans,580706b33949,railway-simulation,56398074c46d7d05,7d28d5a61c8d0d8a23cab85adcba1636
,,1845,2025-12-01T13:17:45.976701674Z,2025-12-01T14:17:45.976701674Z,2025-12-01T13:48:57.900317861Z,"{""interval"":6940}",attributes,spans,580706b33949,railway-simulation,563dc5915cb8fab2,7dcfe52dbc0e7b17fcbc710e5b17cc44
,,1846,2025-12-01T13:17:45.976701674Z,2025-12-01T14:17:45.976701674Z,2025-12-01T13:57:45.94743595Z,"{""interval"":91585}",attributes,spans,580706b33949,railway-simulation,563f1311d83e401e,d9985b9f07fb2a6ce292d1b0c2a56cd9
,,1847,2025-12-01T13:17:45.976701674Z,2025-12-01T14:17:45.976701674Z,2025-12-01T13:48:26.565484214Z,"{""interval"":1825}",attributes,spans,580706b33949,railway-simulation,566b2c31fa2324e2,13bb7ef4c2503d4b2ea61b58de2ba40f
,,1848,2025-12-01T13:17:45.976701674Z,2025-12-01T14:17:45.976701674Z,2025-12-01T13:50:08.232646045Z,"{""interval"":18655}",attributes,spans,580706b33949,railway-simulation,568a09130a2d681c,b9db9a93704c177a04251b1d8050ef4b
,,1849,2025-12-01T13:17:45.976701674Z,2025-12-01T14:17:45.976701674Z,2025-12-01T13:54:24.065924316Z,"{""interval"":60895}",attributes,spans,580706b33949,railway-simulation,568f44c3741b5c50,699bf384ccda5b30cd49f3a2abb4c3b0
,,1850,2025-12-01T13:17:45.976701674Z,2025-12-01T14:17:45.976701674Z,2025-12-01T13:57:30.680734123Z,"{""interval"":89935}",attributes,spans,580706b33949,railway-simulation,56b0a0de23e78714,12b08a03363e910bc769e5c67adc6e31
,,1851,2025-12-01T13:17:45.976701674Z,2025-12-01T14:17:45.976701674Z,2025-12-01T13:56:47.919165666Z,"{""interval"":84490}",attributes,spans,580706b33949,railway-simulation,56bb55e5229ea17e,03549b7f7165c7b8fdf431c98654446a
,,1852,2025-12-01T13:17:45.976701674Z,2025-12-01T14:17:45.976701674Z,2025-12-01T13:54:53.899419912Z,"{""interval"":65680}",attributes,spans,580706b33949,railway-simulation,56e21b4f22547665,695500033e3f87c33d054b66b69f5154
,,1853,2025-12-01T13:17:45.976701674Z,2025-12-01T14:17:45.976701674Z,2025-12-01T13:49:42.06659338Z,"{""interval"":14365}",attributes,spans,580706b33949,railway-simulation,56f6cf418065412d,ffb8bc7353fb27754389ed1633531b13
,,1854,2025-12-01T13:17:45.976701674Z,2025-12-01T14:17:45.976701674Z,2025-12-01T13:51:36.399337262Z,"{""interval"":33175}",attributes,spans,580706b33949,railway-simulation,5713d218f80a3527,5e5b0afcefa1b9756d3fab95a85924b1
,,1855,2025-12-01T13:17:45.976701674Z,2025-12-01T14:17:45.976701674Z,2025-12-01T13:49:22.566674681Z,"{""interval"":11065}",attributes,spans,580706b33949,railway-simulation,5717c6f6346a5415,274f3a1c5db1d2c93c2a83e474ba28c7
,,1856,2025-12-01T13:17:45.976701674Z,2025-12-01T14:17:45.976701674Z,2025-12-01T13:52:45.732576919Z,"{""interval"":44560}",attributes,spans,580706b33949,railway-simulation,5735614aa27e0584,7e927a7ad92a4d11cefb61ccda0cbaa3
,,1857,2025-12-01T13:17:45.976701674Z,2025-12-01T14:17:45.976701674Z,2025-12-01T13:48:22.232406332Z,"{""interval"":1165}",attributes,spans,580706b33949,railway-simulation,5735bc9ce7500815,dd94cac158a24eff04558b58eebd2770
,,1858,2025-12-01T13:17:45.976701674Z,2025-12-01T14:17:45.976701674Z,2025-12-01T13:50:35.399388669Z,"{""interval"":23110}",attributes,spans,580706b33949,railway-simulation,57457bfb013b6a04,ba5aaf0ced8699169338b32ce33a15cb
,,1859,2025-12-01T13:17:45.976701674Z,2025-12-01T14:17:45.976701674Z,2025-12-01T13:57:49.427296178Z,"{""interval"":91915}",attributes,spans,580706b33949,railway-simulation,576a1f8f65e245f3,17398a0305854ca9f1bb59c07a4aab1b
,,1860,2025-12-01T13:17:45.976701674Z,2025-12-01T14:17:45.976701674Z,2025-12-01T13:50:59.232573309Z,"{""interval"":27069.999999999996}",attributes,spans,580706b33949,railway-simulation,578e3007eb251fe3,e7732191679925ed1789bf159a6bdebb
,,1861,2025-12-01T13:17:45.976701674Z,2025-12-01T14:17:45.976701674Z,2025-12-01T13:52:52.565887964Z,"{""interval"":45715}",attributes,spans,580706b33949,railway-simulation,579af6701d4669ee,99968dca93dfeb31d3635f34ce53ad14
,,1862,2025-12-01T13:17:45.976701674Z,2025-12-01T14:17:45.976701674Z,2025-12-01T13:56:33.73555107Z,"{""interval"":82180}",attributes,spans,580706b33949,railway-simulation,57df574e473420af,23a37177e49a37cf3f565f4e7ddfe0c3
,,1863,2025-12-01T13:17:45.976701674Z,2025-12-01T14:17:45.976701674Z,2025-12-01T13:55:07.232551537Z,"{""interval"":67990}",attributes,spans,580706b33949,railway-simulation,58198e1f8fb4d83e,10b9a29c1812e01ce460af87c380621f
,,1864,2025-12-01T13:17:45.976701674Z,2025-12-01T14:17:45.976701674Z,2025-12-01T13:48:58.732902282Z,"{""interval"":7105}",attributes,spans,580706b33949,railway-simulation,582311948bbe62da,467b6f551cb77e3c8a807edd942c5f09
,,1865,2025-12-01T13:17:45.976701674Z,2025-12-01T14:17:45.976701674Z,2025-12-01T13:56:45.917303784Z,"{""interval"":84160}",attributes,spans,580706b33949,railway-simulation,58271147fda63932,bd8077c727dd31ea505aee8e83d8f3f6
,,1866,2025-12-01T13:17:45.976701674Z,2025-12-01T14:17:45.976701674Z,2025-12-01T13:53:00.066064024Z,"{""interval"":47035}",attributes,spans,580706b33949,railway-simulation,583d8367fba7f2d6,f16f45e2226a35d1beb605526d86941c
,,1867,2025-12-01T13:17:45.976701674Z,2025-12-01T14:17:45.976701674Z,2025-12-01T13:54:28.065923199Z,"{""interval"":61555}",attributes,spans,580706b33949,railway-simulation,584919086b36c044,96cc15fcd08c2f180ceaa74b6af8cdff
,,1868,2025-12-01T13:17:45.976701674Z,2025-12-01T14:17:45.976701674Z,2025-12-01T13:55:19.065918605Z,"{""interval"":69970}",attributes,spans,580706b33949,railway-simulation,584b66b7fc8621ac,05994caf36e1e50d432a2b6f3a3f0def
,,1869,2025-12-01T13:17:45.976701674Z,2025-12-01T14:17:45.976701674Z,2025-12-01T13:57:06.892429587Z,"{""interval"":87625}",attributes,spans,580706b33949,railway-simulation,587e6123efa6c7fa,0552b745fb0617594dfae5a104ce50fe
,,1870,2025-12-01T13:17:45.976701674Z,2025-12-01T14:17:45.976701674Z,2025-12-01T13:54:22.399268842Z,"{""interval"":60565}",attributes,spans,580706b33949,railway-simulation,58932fb42ed50eb4,262f16c1b30e8b2bbc4562f6e6d31e43
,,1871,2025-12-01T13:17:45.976701674Z,2025-12-01T14:17:45.976701674Z,2025-12-01T13:54:10.732627544Z,"{""interval"":58585}",attributes,spans,580706b33949,railway-simulation,58943647a056238d,c874b9f0312cae172bc57ad6a3c91d24
,,1872,2025-12-01T13:17:45.976701674Z,2025-12-01T14:17:45.976701674Z,2025-12-01T13:55:42.899459369Z,"{""interval"":73765}",attributes,spans,580706b33949,railway-simulation,58b9cf9b8f71da3e,4d338c0ba819591bfc8526cd223d7f88
,,1873,2025-12-01T13:17:45.976701674Z,2025-12-01T14:17:45.976701674Z,2025-12-01T13:54:37.565932416Z,"{""interval"":63040.00000000001}",attributes,spans,580706b33949,railway-simulation,58bf49c7fb2399cb,f402bed9676146f8670a3278f8c22ad4
,,1874,2025-12-01T13:17:45.976701674Z,2025-12-01T14:17:45.976701674Z,2025-12-01T13:49:00.899217846Z,"{""interval"":7435}",attributes,spans,580706b33949,railway-simulation,58e5fbac8fa4b8aa,a3162462bc3663a0fa317773a014deb6
,,1875,2025-12-01T13:17:45.976701674Z,2025-12-01T14:17:45.976701674Z,2025-12-01T13:49:26.732650944Z,"{""interval"":11725}",attributes,spans,580706b33949,railway-simulation,58fa5dc94212a55d,d6c676d3cc29131d35fd7f38386e6ee3
,,1876,2025-12-01T13:17:45.976701674Z,2025-12-01T14:17:45.976701674Z,2025-12-01T13:56:48.509515188Z,"{""interval"":84490}",attributes,spans,580706b33949,railway-simulation,5900308d2d63f3d2,76e70d6c2433ab9ba739ebaf3fcf31ac
,,1877,2025-12-01T13:17:45.976701674Z,2025-12-01T14:17:45.976701674Z,2025-12-01T13:54:07.065951675Z,"{""interval"":58090}",attributes,spans,580706b33949,railway-simulation,5902c239f00d9ef3,cf0ffd685f89343f4a31cc81a8d6c678
,,1878,2025-12-01T13:17:45.976701674Z,2025-12-01T14:17:45.976701674Z,2025-12-01T13:53:29.232557547Z,"{""interval"":51820}",attributes,spans,580706b33949,railway-simulation,590da5a29f5cefac,ea65baa8fe3b52d00b3fa4d1dc1465c4
,,1879,2025-12-01T13:17:45.976701674Z,2025-12-01T14:17:45.976701674Z,2025-12-01T13:55:38.232615183Z,"{""interval"":73105}",attributes,spans,580706b33949,railway-simulation,59112c1d6877b546,f1edca6ba3c822128f5465de69fb2292
,,1880,2025-12-01T13:17:45.976701674Z,2025-12-01T14:17:45.976701674Z,2025-12-01T13:57:54.486011859Z,"{""interval"":92575}",attributes,spans,580706b33949,railway-simulation,595ac0e2e5a08c85,e95fa352e69f0f88cfd64ac649464841
,,1881,2025-12-01T13:17:45.976701674Z,2025-12-01T14:17:45.976701674Z,2025-12-01T13:57:02.912976177Z,"{""interval"":86965}",attributes,spans,580706b33949,railway-simulation,597357b278cf8096,cbcf6d2b49c62e2fb98137503333628e
,,1882,2025-12-01T13:17:45.976701674Z,2025-12-01T14:17:45.976701674Z,2025-12-01T13:53:03.899279358Z,"{""interval"":47530}",attributes,spans,580706b33949,railway-simulation,598740d2fadfb26a,9493a02fd4e6537b02ede8e7cf53a249
,,1883,2025-12-01T13:17:45.976701674Z,2025-12-01T14:17:45.976701674Z,2025-12-01T13:55:28.065998954Z,"{""interval"":71455}",attributes,spans,580706b33949,railway-simulation,59b6186af03140c3,bb8b0a5c070966be2a9926b62063d086
,,1884,2025-12-01T13:17:45.976701674Z,2025-12-01T14:17:45.976701674Z,2025-12-01T13:54:47.732623222Z,"{""interval"":64690}",attributes,spans,580706b33949,railway-simulation,59babe265112bc41,38f329ba41eb7e966b0559cfe803b91e
,,1885,2025-12-01T13:17:45.976701674Z,2025-12-01T14:17:45.976701674Z,2025-12-01T13:48:44.732580039Z,"{""interval"":4795}",attributes,spans,580706b33949,railway-simulation,59d88f256dafef97,d3b22a7c5359b09c41e8c6b40e052ad3
,,1886,2025-12-01T13:17:45.976701674Z,2025-12-01T14:17:45.976701674Z,2025-12-01T13:49:25.566256544Z,"{""interval"":11560}",attributes,spans,580706b33949,railway-simulation,5a0c0e157abba73e,c442b5fbf883078dbc3dfa186545a9de
,,1887,2025-12-01T13:17:45.976701674Z,2025-12-01T14:17:45.976701674Z,2025-12-01T13:56:21.908260859Z,"{""interval"":80200}",attributes,spans,580706b33949,railway-simulation,5a0d41bab2941e71,bf8cb8432885a1d06cb3d97b9524c036
,,1888,2025-12-01T13:17:45.976701674Z,2025-12-01T14:17:45.976701674Z,2025-12-01T13:53:26.899236597Z,"{""interval"":51325}",attributes,spans,580706b33949,railway-simulation,5a21793d1e86ca87,763ec4d68a54e76930bb36a55c2f323b
,,1889,2025-12-01T13:17:45.976701674Z,2025-12-01T14:17:45.976701674Z,2025-12-01T13:56:51.713214166Z,"{""interval"":85150}",attributes,spans,580706b33949,railway-simulation,5a26cc19f087196b,ef1288a043640fb859b731dd1bc55375
,,1890,2025-12-01T13:17:45.976701674Z,2025-12-01T14:17:45.976701674Z,2025-12-01T13:54:10.89928423Z,"{""interval"":58585}",attributes,spans,580706b33949,railway-simulation,5a4eef4461276ce4,7587727190f18ee975969b54cbc9b2f0
,,1891,2025-12-01T13:17:45.976701674Z,2025-12-01T14:17:45.976701674Z,2025-12-01T13:51:32.232624546Z,"{""interval"":32515.000000000004}",attributes,spans,580706b33949,railway-simulation,5a532de38a93032c,26c3fb652e08ff572c287591f22db34d
,,1892,2025-12-01T13:17:45.976701674Z,2025-12-01T14:17:45.976701674Z,2025-12-01T13:58:36.261837894Z,"{""interval"":97855}",attributes,spans,580706b33949,railway-simulation,5a53cc81ab2430be,3a7f5c997e88c80d6c5bd02623105fff
,,1893,2025-12-01T13:17:45.976701674Z,2025-12-01T14:17:45.976701674Z,2025-12-01T13:50:55.232572577Z,"{""interval"":26410}",attributes,spans,580706b33949,railway-simulation,5a5f5ccb70779089,fb110639592a6896073789bf1a06d361
,,1894,2025-12-01T13:17:45.976701674Z,2025-12-01T14:17:45.976701674Z,2025-12-01T13:52:45.232561986Z,"{""interval"":44560}",attributes,spans,580706b33949,railway-simulation,5a60f25cd83c0687,7af7165f1eedb1d5973e8a3010525424
,,1895,2025-12-01T13:17:45.976701674Z,2025-12-01T14:17:45.976701674Z,2025-12-01T13:57:54.244187287Z,"{""interval"":92410}",attributes,spans,580706b33949,railway-simulation,5a6ac4b32eaee6c4,1a0d9885acc172adfe3231ae1fb65c3d
,,1896,2025-12-01T13:17:45.976701674Z,2025-12-01T14:17:45.976701674Z,2025-12-01T13:52:30.399232899Z,"{""interval"":42085}",attributes,spans,580706b33949,railway-simulation,5a9acafb5d8a0ac6,7c3faa35cadfa1dc5dd673d92c2316fb
,,1897,2025-12-01T13:17:45.976701674Z,2025-12-01T14:17:45.976701674Z,2025-12-01T13:54:18.899278643Z,"{""interval"":59905}",attributes,spans,580706b33949,railway-simulation,5a9ae85cae6c1a27,7900672c6214b4f5748c91bbe55c03fa
,,1898,2025-12-01T13:17:45.976701674Z,2025-12-01T14:17:45.976701674Z,2025-12-01T13:50:46.732593985Z,"{""interval"":24925}",attributes,spans,580706b33949,railway-simulation,5a9c7ff79ba7da00,2fa0f8b125494d460371ae871a46226e
,,1899,2025-12-01T13:17:45.976701674Z,2025-12-01T14:17:45.976701674Z,2025-12-01T13:54:30.399304553Z,"{""interval"":61885}",attributes,spans,580706b33949,railway-simulation,5aa763865e54c16c,14eab199e71e9e689354dcdb263230a9
,,1900,2025-12-01T13:17:45.976701674Z,2025-12-01T14:17:45.976701674Z,2025-12-01T13:52:25.066052384Z,"{""interval"":41260}",attributes,spans,580706b33949,railway-simulation,5ab6c6f3a5214631,f0a15185376101c9a77d6f0a6a5a2d95
,,1901,2025-12-01T13:17:45.976701674Z,2025-12-01T14:17:45.976701674Z,2025-12-01T13:49:33.566590903Z,"{""interval"":12880}",attributes,spans,580706b33949,railway-simulation,5ac9e4ed232c571d,b7fc430853db1a4e5a7740527ab23e32
,,1902,2025-12-01T13:17:45.976701674Z,2025-12-01T14:17:45.976701674Z,2025-12-01T13:52:08.56605562Z,"{""interval"":38455}",attributes,spans,580706b33949,railway-simulation,5ad355d99bbd011f,4a50df54377329530ce4ca578f11577f
,,1903,2025-12-01T13:17:45.976701674Z,2025-12-01T14:17:45.976701674Z,2025-12-01T13:53:47.399217393Z,"{""interval"":54790}",attributes,spans,580706b33949,railway-simulation,5ae9dcaa8d4bcc91,d62f0f45c80e1c2b33f8f561dcaf6a15
,,1904,2025-12-01T13:17:45.976701674Z,2025-12-01T14:17:45.976701674Z,2025-12-01T13:55:40.732881735Z,"{""interval"":73435}",attributes,spans,580706b33949,railway-simulation,5ae9df82477d48a7,067b3b7511954093544cc00c64527e50
,,1905,2025-12-01T13:17:45.976701674Z,2025-12-01T14:17:45.976701674Z,2025-12-01T13:55:48.899602976Z,"{""interval"":74755}",attributes,spans,580706b33949,railway-simulation,5af10e559bdbdae3,6d4648599b5f7ba17e8db09e9bde4db4
,,1906,2025-12-01T13:17:45.976701674Z,2025-12-01T14:17:45.976701674Z,2025-12-01T13:55:37.235516697Z,"{""interval"":72940}",attributes,spans,580706b33949,railway-simulation,5af241b21d43cf8f,5415c02004aff3521e512fed18bd2fbb
,,1907,2025-12-01T13:17:45.976701674Z,2025-12-01T14:17:45.976701674Z,2025-12-01T13:53:56.065954925Z,"{""interval"":56275}",attributes,spans,580706b33949,railway-simulation,5afcbaa52ee65574,513b8de15e2488cf9138bbfab3b37976
,,1908,2025-12-01T13:17:45.976701674Z,2025-12-01T14:17:45.976701674Z,2025-12-01T13:50:47.899330658Z,"{""interval"":25090}",attributes,spans,580706b33949,railway-simulation,5b12d6539a0f2651,38d6da3afc166a1350674092208b86ea
,,1909,2025-12-01T13:17:45.976701674Z,2025-12-01T14:17:45.976701674Z,2025-12-01T13:49:12.400159847Z,"{""interval"":9415}",attributes,spans,580706b33949,railway-simulation,5b227d1c8196af10,ccb8434386e324e8c22c439990146521
,,1910,2025-12-01T13:17:45.976701674Z,2025-12-01T14:17:45.976701674Z,2025-12-01T13:57:42.284320711Z,"{""interval"":91090}",attributes,spans,580706b33949,railway-simulation,5b2c05980ab24ca3,26b2534726dec6b388f90107ce1f7001
,,1911,2025-12-01T13:17:45.976701674Z,2025-12-01T14:17:45.976701674Z,2025-12-01T13:55:15.399265796Z,"{""interval"":69310}",attributes,spans,580706b33949,railway-simulation,5b31d46352d1a57f,9a11a9690596d95632457882cf99c5d8
,,1912,2025-12-01T13:17:45.976701674Z,2025-12-01T14:17:45.976701674Z,2025-12-01T13:54:25.066007029Z,"{""interval"":61060}",attributes,spans,580706b33949,railway-simulation,5b359d4da02979a0,346d14adc50c525d0bf42c417a1987a4
,,1913,2025-12-01T13:17:45.976701674Z,2025-12-01T14:17:45.976701674Z,2025-12-01T13:58:09.749539605Z,"{""interval"":94225}",attributes,spans,580706b33949,railway-simulation,5b3d0b97290c3792,e86350f08193cb9193dae6c09fc1fdcc
,,1914,2025-12-01T13:17:45.976701674Z,2025-12-01T14:17:45.976701674Z,2025-12-01T13:48:29.066725542Z,"{""interval"":2320}",attributes,spans,580706b33949,railway-simulation,5b48e7b4ee8e1532,b8d4e141ca84ffddca6b045bd8c5191b
,,1915,2025-12-01T13:17:45.976701674Z,2025-12-01T14:17:45.976701674Z,2025-12-01T13:56:28.732635265Z,"{""interval"":81355}",attributes,spans,580706b33949,railway-simulation,5b4cb36ff8afc2a4,3bd52ed793437f797938c6de23eb2203
,,1916,2025-12-01T13:17:45.976701674Z,2025-12-01T14:17:45.976701674Z,2025-12-01T13:48:29.399046418Z,"{""interval"":2320}",attributes,spans,580706b33949,railway-simulation,5b64606859f6dd65,73213d245ee7e8742ffe46d4043dea6a
,,1917,2025-12-01T13:17:45.976701674Z,2025-12-01T14:17:45.976701674Z,2025-12-01T13:57:01.30799748Z,"{""interval"":86800}",attributes,spans,580706b33949,railway-simulation,5b6ef29fc8210ac1,c6c6ad68db5ca2f6bd9c5e54d67e6365
,,1918,2025-12-01T13:17:45.976701674Z,2025-12-01T14:17:45.976701674Z,2025-12-01T13:49:15.566898839Z,"{""interval"":9910}",attributes,spans,580706b33949,railway-simulation,5b87b7d753531c6e,ce365ee17fb525499454aeeee8698725
,,1919,2025-12-01T13:17:45.976701674Z,2025-12-01T14:17:45.976701674Z,2025-12-01T13:57:37.473007768Z,"{""interval"":90595}",attributes,spans,580706b33949,railway-simulation,5b998353e440ebed,78e6383626fbaed39ed192da1bd6fafb
,,1920,2025-12-01T13:17:45.976701674Z,2025-12-01T14:17:45.976701674Z,2025-12-01T13:54:11.399250243Z,"{""interval"":58750.00000000001}",attributes,spans,580706b33949,railway-simulation,5ba7b8021be17a9f,4035840ab607dbe48b05d57f15df6061
,,1921,2025-12-01T13:17:45.976701674Z,2025-12-01T14:17:45.976701674Z,2025-12-01T13:49:08.232795497Z,"{""interval"":8755}",attributes,spans,580706b33949,railway-simulation,5bde4648fb9a0ec7,c04cac9f5cd4e492edadad776c75ecda
,,1922,2025-12-01T13:17:45.976701674Z,2025-12-01T14:17:45.976701674Z,2025-12-01T13:55:12.73259271Z,"{""interval"":68815}",attributes,spans,580706b33949,railway-simulation,5bee9c16ce369108,adda8a8b5a0e4b7e1478d32b543a9a0f
,,1923,2025-12-01T13:17:45.976701674Z,2025-12-01T14:17:45.976701674Z,2025-12-01T13:53:06.399263101Z,"{""interval"":48025}",attributes,spans,580706b33949,railway-simulation,5bef491786dde0f1,d621acffb615195172378ea7778bcbac
,,1924,2025-12-01T13:17:45.976701674Z,2025-12-01T14:17:45.976701674Z,2025-12-01T13:50:22.899356883Z,"{""interval"":20965}",attributes,spans,580706b33949,railway-simulation,5c237023069d037e,ef1e4b2b43ff54d29f33bab89003ab54
,,1925,2025-12-01T13:17:45.976701674Z,2025-12-01T14:17:45.976701674Z,2025-12-01T13:55:24.399277998Z,"{""interval"":70795}",attributes,spans,580706b33949,railway-simulation,5c2f60e8749e59c0,753cf15877a692d2afe5f312f35a77a4
,,1926,2025-12-01T13:17:45.976701674Z,2025-12-01T14:17:45.976701674Z,2025-12-01T13:50:26.566043888Z,"{""interval"":21625}",attributes,spans,580706b33949,railway-simulation,5c353e46e0201cf4,450fd105a19993b5ee132dfa1950facb
,,1927,2025-12-01T13:17:45.976701674Z,2025-12-01T14:17:45.976701674Z,2025-12-01T13:50:39.565972364Z,"{""interval"":23770}",attributes,spans,580706b33949,railway-simulation,5c5519b5b34896a1,b9945c02f44de66029b30e38ac3d99c9
,,1928,2025-12-01T13:17:45.976701674Z,2025-12-01T14:17:45.976701674Z,2025-12-01T13:53:05.565941292Z,"{""interval"":47860}",attributes,spans,580706b33949,railway-simulation,5c59305d81c5ac34,23e46ed0d83706d390a1b3006fad8395
,,1929,2025-12-01T13:17:45.976701674Z,2025-12-01T14:17:45.976701674Z,2025-12-01T13:58:47.670230111Z,"{""interval"":99670}",attributes,spans,580706b33949,railway-simulation,5c602be7c9468307,b0f0c85a21ee83ebb8c117de1a3b97a2
,,1930,2025-12-01T13:17:45.976701674Z,2025-12-01T14:17:45.976701674Z,2025-12-01T13:48:50.899337337Z,"{""interval"":5785}",attributes,spans,580706b33949,railway-simulation,5c6ec017a58413b5,b521bdd2b1c6082d93c37d60aede8154
,,1931,2025-12-01T13:17:45.976701674Z,2025-12-01T14:17:45.976701674Z,2025-12-01T13:52:48.39924958Z,"{""interval"":45055}",attributes,spans,580706b33949,railway-simulation,5c8ca9122e785ac8,d8e3294a37ac2522a1abe9d4b4c338cf
,,1932,2025-12-01T13:17:45.976701674Z,2025-12-01T14:17:45.976701674Z,2025-12-01T13:53:21.232588251Z,"{""interval"":50500}",attributes,spans,580706b33949,railway-simulation,5c956f1c9ae2a41f,3f15f7e812248b83e65450801cfe3c23
,,1933,2025-12-01T13:17:45.976701674Z,2025-12-01T14:17:45.976701674Z,2025-12-01T13:53:55.90010888Z,"{""interval"":56110}",attributes,spans,580706b33949,railway-simulation,5caed28d8bb0f918,201ffc853132cc9959791e35865b711e
,,1934,2025-12-01T13:17:45.976701674Z,2025-12-01T14:17:45.976701674Z,2025-12-01T13:53:15.23314575Z,"{""interval"":49510}",attributes,spans,580706b33949,railway-simulation,5cb5017ca07432a7,08b0c85185475e63e47e027262560545
,,1935,2025-12-01T13:17:45.976701674Z,2025-12-01T14:17:45.976701674Z,2025-12-01T13:51:23.732604105Z,"{""interval"":31030}",attributes,spans,580706b33949,railway-simulation,5cdf04c89059dc43,33edc7eba714582b5e834fd6bae60cc2
,,1936,2025-12-01T13:17:45.976701674Z,2025-12-01T14:17:45.976701674Z,2025-12-01T13:51:09.899269916Z,"{""interval"":28720.000000000004}",attributes,spans,580706b33949,railway-simulation,5ce882a7202735e2,0285811ac83896e988cd5c54d4d20a74
,,1937,2025-12-01T13:17:45.976701674Z,2025-12-01T14:17:45.976701674Z,2025-12-01T13:50:42.566139283Z,"{""interval"":24265}",attributes,spans,580706b33949,railway-simulation,5ced6dda55bdc0bf,985f027b11f2a7fcd8a6892976f21247
,,1938,2025-12-01T13:17:45.976701674Z,2025-12-01T14:17:45.976701674Z,2025-12-01T13:51:50.065945809Z,"{""interval"":35485}",attributes,spans,580706b33949,railway-simulation,5d0747298d68b595,dfa6b147b1267c93ebbec15984e4beec
,,1939,2025-12-01T13:17:45.976701674Z,2025-12-01T14:17:45.976701674Z,2025-12-01T13:58:03.921364552Z,"{""interval"":93565}",attributes,spans,580706b33949,railway-simulation,5d20dc9fe8c0adaf,d144004a2a9549b5dce4d73925f6cbc8
,,1940,2025-12-01T13:17:45.976701674Z,2025-12-01T14:17:45.976701674Z,2025-12-01T13:56:06.566064645Z,"{""interval"":77725}",attributes,spans,580706b33949,railway-simulation,5d27be2ffc532a89,176ba4982cbbf0121a26a8d15f71500f
,,1941,2025-12-01T13:17:45.976701674Z,2025-12-01T14:17:45.976701674Z,2025-12-01T13:54:54.732616067Z,"{""interval"":65845}",attributes,spans,580706b33949,railway-simulation,5d2ef8d10e0611d5,ea1587f985d600aeb28607d991d20dba
,,1942,2025-12-01T13:17:45.976701674Z,2025-12-01T14:17:45.976701674Z,2025-12-01T13:52:03.899278321Z,"{""interval"":37630}",attributes,spans,580706b33949,railway-simulation,5d31b2d4f190539d,0f4f2ac757a39014807009bf6eb9e03e
,,1943,2025-12-01T13:17:45.976701674Z,2025-12-01T14:17:45.976701674Z,2025-12-01T13:55:43.233567557Z,"{""interval"":73930}",attributes,spans,580706b33949,railway-simulation,5d5c8acac3fc010c,0374e23fc18d2901b86febb611a29db5
,,1944,2025-12-01T13:17:45.976701674Z,2025-12-01T14:17:45.976701674Z,2025-12-01T13:51:37.732724707Z,"{""interval"":33340}",attributes,spans,580706b33949,railway-simulation,5d6cc73cd22381fe,fcb07e353ae3b2ced7662a0e734dd833
,,1945,2025-12-01T13:17:45.976701674Z,2025-12-01T14:17:45.976701674Z,2025-12-01T13:51:03.73266871Z,"{""interval"":27730}",attributes,spans,580706b33949,railway-simulation,5d8f6be1f5405d70,e1a8266dcb6769516f58417a225fe969
,,1946,2025-12-01T13:17:45.976701674Z,2025-12-01T14:17:45.976701674Z,2025-12-01T13:54:45.23264254Z,"{""interval"":64360}",attributes,spans,580706b33949,railway-simulation,5dbc46c03a829406,2350a92e0bbef04f687acd4d1da385ec
,,1947,2025-12-01T13:17:45.976701674Z,2025-12-01T14:17:45.976701674Z,2025-12-01T13:50:58.065952649Z,"{""interval"":26905}",attributes,spans,580706b33949,railway-simulation,5dc0bb93d9848d75,7a8069f3756a55edd0893bd203f18358
,,1948,2025-12-01T13:17:45.976701674Z,2025-12-01T14:17:45.976701674Z,2025-12-01T13:53:01.899325035Z,"{""interval"":47200}",attributes,spans,580706b33949,railway-simulation,5dc3df6de555544a,bd338a6a18403a7d8157d44f37a50a2f
,,1949,2025-12-01T13:17:45.976701674Z,2025-12-01T14:17:45.976701674Z,2025-12-01T13:51:40.899217673Z,"{""interval"":33835}",attributes,spans,580706b33949,railway-simulation,5dd4fcdfd366cac9,3adf9a28af6a979d815f233bfb931e1d
,,1950,2025-12-01T13:17:45.976701674Z,2025-12-01T14:17:45.976701674Z,2025-12-01T13:58:18.547503069Z,"{""interval"":95215}",attributes,spans,580706b33949,railway-simulation,5ddf603886b08cec,ca11844a874e671831201d4fb7605bcb
,,1951,2025-12-01T13:17:45.976701674Z,2025-12-01T14:17:45.976701674Z,2025-12-01T13:51:22.066003668Z,"{""interval"":30865.000000000004}",attributes,spans,580706b33949,railway-simulation,5e44ee47fbca07a9,c39d9def274903e31a850bddc8bbc0cb
,,1952,2025-12-01T13:17:45.976701674Z,2025-12-01T14:17:45.976701674Z,2025-12-01T13:58:34.828166949Z,"{""interval"":97525}",attributes,spans,580706b33949,railway-simulation,5e44f67ef30371e1,90aa4ebbfad2e212c4d99326f17c99d5
,,1953,2025-12-01T13:17:45.976701674Z,2025-12-01T14:17:45.976701674Z,2025-12-01T13:57:21.781167789Z,"{""interval"":89110}",attributes,spans,580706b33949,railway-simulation,5e6fafe371e28af2,bea37c23eb3443a174ddd64b4dc2a5ac
,,1954,2025-12-01T13:17:45.976701674Z,2025-12-01T14:17:45.976701674Z,2025-12-01T13:55:01.732651463Z,"{""interval"":67000}",attributes,spans,580706b33949,railway-simulation,5e955f651e679101,913afe5f3e609b28a3bc30d7ed2795e9
,,1955,2025-12-01T13:17:45.976701674Z,2025-12-01T14:17:45.976701674Z,2025-12-01T13:58:01.010899833Z,"{""interval"":93235}",attributes,spans,580706b33949,railway-simulation,5e9916ec87be6426,60e9d6fa7c6addef5ec3708641c9a8c7
,,1956,2025-12-01T13:17:45.976701674Z,2025-12-01T14:17:45.976701674Z,2025-12-01T13:57:01.960067362Z,"{""interval"":86800}",attributes,spans,580706b33949,railway-simulation,5ec01acb99ce072e,715566309d60a5eb62e60ac1972dd6f8
,,1957,2025-12-01T13:17:45.976701674Z,2025-12-01T14:17:45.976701674Z,2025-12-01T13:51:22.566026915Z,"{""interval"":30865.000000000004}",attributes,spans,580706b33949,railway-simulation,5ec0260e64ea8ea0,eba108398e3146b778a03ef9de86114a
,,1958,2025-12-01T13:17:45.976701674Z,2025-12-01T14:17:45.976701674Z,2025-12-01T13:52:32.565917633Z,"{""interval"":42415}",attributes,spans,580706b33949,railway-simulation,5efd336daca35801,90795ceb5ea3eb5ca350c2c9a3304171
,,1959,2025-12-01T13:17:45.976701674Z,2025-12-01T14:17:45.976701674Z,2025-12-01T13:58:44.155632671Z,"{""interval"":99175}",attributes,spans,580706b33949,railway-simulation,5efed36c9c09c2be,1581d2b4d39928a64f8bf7bfeef1f5de
,,1960,2025-12-01T13:17:45.976701674Z,2025-12-01T14:17:45.976701674Z,2025-12-01T13:58:06.951061167Z,"{""interval"":93895}",attributes,spans,580706b33949,railway-simulation,5f027111d61676b7,322fdc4baf397e6ecee3d90fd5ee361a
,,1961,2025-12-01T13:17:45.976701674Z,2025-12-01T14:17:45.976701674Z,2025-12-01T13:56:43.323934599Z,"{""interval"":83665}",attributes,spans,580706b33949,railway-simulation,5f0e264ae8735701,1a7ef36e555b828861ec3ae3177f7468
,,1962,2025-12-01T13:17:45.976701674Z,2025-12-01T14:17:45.976701674Z,2025-12-01T13:57:32.513637137Z,"{""interval"":90100}",attributes,spans,580706b33949,railway-simulation,5f169d78ce03de48,e77962e6b06d208a880b8d0bb47efaa0
,,1963,2025-12-01T13:17:45.976701674Z,2025-12-01T14:17:45.976701674Z,2025-12-01T13:58:25.516888624Z,"{""interval"":96040}",attributes,spans,580706b33949,railway-simulation,5f66b537fc3ad85f,3085aeb18d79fadd5eaa4b3ac52193ea
,,1964,2025-12-01T13:17:45.976701674Z,2025-12-01T14:17:45.976701674Z,2025-12-01T13:54:56.732590041Z,"{""interval"":66175}",attributes,spans,580706b33949,railway-simulation,5f710ef9c5d0e258,2a6107663b8e9b37dcd537763252970a
,,1965,2025-12-01T13:17:45.976701674Z,2025-12-01T14:17:45.976701674Z,2025-12-01T13:55:55.8996812Z,"{""interval"":75910}",attributes,spans,580706b33949,railway-simulation,5f79f599fef42079,9464531371e73a49e26404d84d6a20b5
,,1966,2025-12-01T13:17:45.976701674Z,2025-12-01T14:17:45.976701674Z,2025-12-01T13:48:44.566577074Z,"{""interval"":4795}",attributes,spans,580706b33949,railway-simulation,5f8342ae3d033c2d,61a4b355207045970869c0fb59c62434
,,1967,2025-12-01T13:17:45.976701674Z,2025-12-01T14:17:45.976701674Z,2025-12-01T13:49:10.899904761Z,"{""interval"":9085}",attributes,spans,580706b33949,railway-simulation,5fa4e12f11d005cc,582d5ad7844b44057e53f77d1a6943cb
,,1968,2025-12-01T13:17:45.976701674Z,2025-12-01T14:17:45.976701674Z,2025-12-01T13:50:55.565933983Z,"{""interval"":26410}",attributes,spans,580706b33949,railway-simulation,5faf8da58c2aaf8b,1fc78399e8744e8d9fc0369f0486266f
,,1969,2025-12-01T13:17:45.976701674Z,2025-12-01T14:17:45.976701674Z,2025-12-01T13:52:07.232643181Z,"{""interval"":38290}",attributes,spans,580706b33949,railway-simulation,5fb028f27b26c617,e59cb5bbd7282d316ed632e61217bd3b
,,1970,2025-12-01T13:17:45.976701674Z,2025-12-01T14:17:45.976701674Z,2025-12-01T13:58:41.458345494Z,"{""interval"":98680}",attributes,spans,580706b33949,railway-simulation,5fc68e10b3fbedb5,e47b216148a522109957aa81d5f5b6fb
,,1971,2025-12-01T13:17:45.976701674Z,2025-12-01T14:17:45.976701674Z,2025-12-01T13:52:16.56595665Z,"{""interval"":39775}",attributes,spans,580706b33949,railway-simulation,5fe04f0ab2053c35,abc3cd049539d870ba446e8ef148bb69
,,1972,2025-12-01T13:17:45.976701674Z,2025-12-01T14:17:45.976701674Z,2025-12-01T13:54:32.56592279Z,"{""interval"":62214.99999999999}",attributes,spans,580706b33949,railway-simulation,5fffb53284196f0b,b38e5d60fd8b72a11a0b2fbc4b16f487
,,1973,2025-12-01T13:17:45.976701674Z,2025-12-01T14:17:45.976701674Z,2025-12-01T13:53:17.566018338Z,"{""interval"":49840}",attributes,spans,580706b33949,railway-simulation,6007d9925787cb4f,ebf9a3658def86285ed3fa0aefd67cb6
,,1974,2025-12-01T13:17:45.976701674Z,2025-12-01T14:17:45.976701674Z,2025-12-01T13:51:26.232588715Z,"{""interval"":31525}",attributes,spans,580706b33949,railway-simulation,60086b42777de6d1,d77e93dbc5724345ade79ff4abd81d9d
,,1975,2025-12-01T13:17:45.976701674Z,2025-12-01T14:17:45.976701674Z,2025-12-01T13:56:55.153842391Z,"{""interval"":85810}",attributes,spans,580706b33949,railway-simulation,601c7e65611eb44e,89bd155d635d7401254c84523bb69c36
,,1976,2025-12-01T13:17:45.976701674Z,2025-12-01T14:17:45.976701674Z,2025-12-01T13:52:40.899261982Z,"{""interval"":43735}",attributes,spans,580706b33949,railway-simulation,6025605fc0635380,ef4022553f3c29235d79750fe4a68560
,,1977,2025-12-01T13:17:45.976701674Z,2025-12-01T14:17:45.976701674Z,2025-12-01T13:49:06.899223013Z,"{""interval"":8425}",attributes,spans,580706b33949,railway-simulation,60353788cc369774,3ea9cb4709d1520187946592045c54c4
,,1978,2025-12-01T13:17:45.976701674Z,2025-12-01T14:17:45.976701674Z,2025-12-01T13:56:10.066008881Z,"{""interval"":78385}",attributes,spans,580706b33949,railway-simulation,604f66af32fd907d,45071c67fd206cece5e2c466ff654a04
,,1979,2025-12-01T13:17:45.976701674Z,2025-12-01T14:17:45.976701674Z,2025-12-01T13:51:48.899215907Z,"{""interval"":35155}",attributes,spans,580706b33949,railway-simulation,608cced0edaba8ad,2e135e6bf263bafe8f7975c6ff6f6f15
,,1980,2025-12-01T13:17:45.976701674Z,2025-12-01T14:17:45.976701674Z,2025-12-01T13:54:20.73255311Z,"{""interval"":60235.00000000001}",attributes,spans,580706b33949,railway-simulation,60c1ef320a04a9f6,84dbc6771602faa6551dbf1db7424549
,,1981,2025-12-01T13:17:45.976701674Z,2025-12-01T14:17:45.976701674Z,2025-12-01T13:52:27.23254963Z,"{""interval"":41590}",attributes,spans,580706b33949,railway-simulation,60c2e79a2c53e82c,57d837b8fb30ac87678c98d6a02dad07
,,1982,2025-12-01T13:17:45.976701674Z,2025-12-01T14:17:45.976701674Z,2025-12-01T13:55:57.899545233Z,"{""interval"":76240}",attributes,spans,580706b33949,railway-simulation,60c5ef58c3191ed4,6e6295232c8178e82f70d4fa9a85bb21
,,1983,2025-12-01T13:17:45.976701674Z,2025-12-01T14:17:45.976701674Z,2025-12-01T13:53:11.566066845Z,"{""interval"":48850}",attributes,spans,580706b33949,railway-simulation,60c718301b4328ab,de1bf36bd8f7e2f9eb2aa4fc9616a931
,,1984,2025-12-01T13:17:45.976701674Z,2025-12-01T14:17:45.976701674Z,2025-12-01T13:53:16.566057913Z,"{""interval"":49675}",attributes,spans,580706b33949,railway-simulation,60e1f6e0634be68d,f8fac4229b82ca7f7944c9060e0fda45
,,1985,2025-12-01T13:17:45.976701674Z,2025-12-01T14:17:45.976701674Z,2025-12-01T13:53:27.232560378Z,"{""interval"":51490}",attributes,spans,580706b33949,railway-simulation,60e3990be141d9ec,6f5f5079b4d69bd45e1bb45c98d60f2e
,,1986,2025-12-01T13:17:45.976701674Z,2025-12-01T14:17:45.976701674Z,2025-12-01T13:50:15.065931654Z,"{""interval"":19810}",attributes,spans,580706b33949,railway-simulation,60f90973727b86fc,0a50269d2e3fcfeff3468bd6d1b01a3c
,,1987,2025-12-01T13:17:45.976701674Z,2025-12-01T14:17:45.976701674Z,2025-12-01T13:54:12.732673116Z,"{""interval"":58915}",attributes,spans,580706b33949,railway-simulation,6101b7a0cedc096d,1bbe5150689edcf4be6e12a15bba73de
,,1988,2025-12-01T13:17:45.976701674Z,2025-12-01T14:17:45.976701674Z,2025-12-01T13:58:26.110352461Z,"{""interval"":96205}",attributes,spans,580706b33949,railway-simulation,6121cb0854f8f8b4,1bed315b00fe8c4a48842910707de549
,,1989,2025-12-01T13:17:45.976701674Z,2025-12-01T14:17:45.976701674Z,2025-12-01T13:52:56.566060974Z,"{""interval"":46375}",attributes,spans,580706b33949,railway-simulation,6129a36eceb66a76,16e2f9029efc58bc59265b24556eafd3
,,1990,2025-12-01T13:17:45.976701674Z,2025-12-01T14:17:45.976701674Z,2025-12-01T13:53:59.399232582Z,"{""interval"":56770}",attributes,spans,580706b33949,railway-simulation,6129c5992692d802,cb5b6c36a7ca72138b2fcd5472e856c3
,,1991,2025-12-01T13:17:45.976701674Z,2025-12-01T14:17:45.976701674Z,2025-12-01T13:51:06.732669896Z,"{""interval"":28225.000000000004}",attributes,spans,580706b33949,railway-simulation,612e8cfacf9bfe09,a43e6b4a8e441c754768bc3aa2ae9a98
,,1992,2025-12-01T13:17:45.976701674Z,2025-12-01T14:17:45.976701674Z,2025-12-01T13:52:25.399245925Z,"{""interval"":41260}",attributes,spans,580706b33949,railway-simulation,6156af287194d3eb,7f0cbaddec3a2ecd8799f7767571d26e
,,1993,2025-12-01T13:17:45.976701674Z,2025-12-01T14:17:45.976701674Z,2025-12-01T13:56:28.399272018Z,"{""interval"":81355}",attributes,spans,580706b33949,railway-simulation,616d0353378c06f0,517e9f86fc80ea0010dcc3c6a70f0878
,,1994,2025-12-01T13:17:45.976701674Z,2025-12-01T14:17:45.976701674Z,2025-12-01T13:55:30.917053345Z,"{""interval"":71785}",attributes,spans,580706b33949,railway-simulation,61b67360cb324329,f03dd7b18a3348a8140ecd079bf1f1c2
,,1995,2025-12-01T13:17:45.976701674Z,2025-12-01T14:17:45.976701674Z,2025-12-01T13:55:09.232605394Z,"{""interval"":68320}",attributes,spans,580706b33949,railway-simulation,61b8856c34ac683e,9e093b6ef61320de09bae49a2fa6587c
,,1996,2025-12-01T13:17:45.976701674Z,2025-12-01T14:17:45.976701674Z,2025-12-01T13:49:09.39947595Z,"{""interval"":8920}",attributes,spans,580706b33949,railway-simulation,61cb08c8b8460804,5780c786b509f6a3297b0fdd755f1124
,,1997,2025-12-01T13:17:45.976701674Z,2025-12-01T14:17:45.976701674Z,2025-12-01T13:54:33.744635362Z,"{""interval"":62380}",attributes,spans,580706b33949,railway-simulation,61e538d87dac70bc,55c34e6a50849501701df7de89f7acab
,,1998,2025-12-01T13:17:45.976701674Z,2025-12-01T14:17:45.976701674Z,2025-12-01T13:53:49.39925927Z,"{""interval"":55120}",attributes,spans,580706b33949,railway-simulation,61ed32e9ecc76a36,52b87dc48e985f444c710b509a0224f3
,,1999,2025-12-01T13:17:45.976701674Z,2025-12-01T14:17:45.976701674Z,2025-12-01T13:53:25.06599823Z,"{""interval"":51160.00000000001}",attributes,spans,580706b33949,railway-simulation,61f35be62c302958,b84f27a73ac41b432729318a4f94291c
,,2000,2025-12-01T13:17:45.976701674Z,2025-12-01T14:17:45.976701674Z,2025-12-01T13:58:20.347810368Z,"{""interval"":95380}",attributes,spans,580706b33949,railway-simulation,61feaf6862b7fb86,a891b34657e974107bb1515ef1b76b61
,,2001,2025-12-01T13:17:45.976701674Z,2025-12-01T14:17:45.976701674Z,2025-12-01T13:49:28.732589575Z,"{""interval"":12055}",attributes,spans,580706b33949,railway-simulation,622d21d0e3c53b1d,775128f89753352ef79d90ab97d9524d
,,2002,2025-12-01T13:17:45.976701674Z,2025-12-01T14:17:45.976701674Z,2025-12-01T13:50:24.732578445Z,"{""interval"":21295}",attributes,spans,580706b33949,railway-simulation,625e06f8fb9bd578,4445c775ce8325e9a4e80b4742fe4acf
,,2003,2025-12-01T13:17:45.976701674Z,2025-12-01T14:17:45.976701674Z,2025-12-01T13:50:57.06600336Z,"{""interval"":26740}",attributes,spans,580706b33949,railway-simulation,627860cc70b10bf4,7593e510a0e5b57f4cd7dae01e3b01f3
,,2004,2025-12-01T13:17:45.976701674Z,2025-12-01T14:17:45.976701674Z,2025-12-01T13:50:11.23256718Z,"{""interval"":19150}",attributes,spans,580706b33949,railway-simulation,627870bbfc2513a5,2ea3f9c6b52808a28d27c80cbed551b8
,,2005,2025-12-01T13:17:45.976701674Z,2025-12-01T14:17:45.976701674Z,2025-12-01T13:51:57.065957592Z,"{""interval"":36640}",attributes,spans,580706b33949,railway-simulation,627b3b9158aba202,1508b66f22a110ceadb41f40f37d314f
,,2006,2025-12-01T13:17:45.976701674Z,2025-12-01T14:17:45.976701674Z,2025-12-01T13:54:21.899235084Z,"{""interval"":60400}",attributes,spans,580706b33949,railway-simulation,629022aaeed21b3d,18f6614d8f661b4d78d091c255520f86
,,2007,2025-12-01T13:17:45.976701674Z,2025-12-01T14:17:45.976701674Z,2025-12-01T13:50:05.89995692Z,"{""interval"":18160}",attributes,spans,580706b33949,railway-simulation,629e5316e5feba0d,e908dd9bd2ad7bb75afdc4bcbb0dc583
,,2008,2025-12-01T13:17:45.976701674Z,2025-12-01T14:17:45.976701674Z,2025-12-01T13:56:38.634791813Z,"{""interval"":83005}",attributes,spans,580706b33949,railway-simulation,62a714a4af2a897a,f9909e17ee732b97a6ba6df41dd56b9f
,,2009,2025-12-01T13:17:45.976701674Z,2025-12-01T14:17:45.976701674Z,2025-12-01T13:49:39.900158077Z,"{""interval"":13870}",attributes,spans,580706b33949,railway-simulation,62d9336df8319c43,a345ef09fa254d101f1aa2ec9cb90e16
,,2010,2025-12-01T13:17:45.976701674Z,2025-12-01T14:17:45.976701674Z,2025-12-01T13:58:43.627184319Z,"{""interval"":99010}",attributes,spans,580706b33949,railway-simulation,62dcfa97c581666b,7c6670a06495813224618e6244e6fbdd
,,2011,2025-12-01T13:17:45.976701674Z,2025-12-01T14:17:45.976701674Z,2025-12-01T13:56:49.277502936Z,"{""interval"":84655}",attributes,spans,580706b33949,railway-simulation,62f71f6f1ec77408,bf8972d76954a52bf257618dceaedc44
,,2012,2025-12-01T13:17:45.976701674Z,2025-12-01T14:17:45.976701674Z,2025-12-01T13:49:42.232551267Z,"{""interval"":14365}",attributes,spans,580706b33949,railway-simulation,62f84ab3034d0456,61f69cba2dc2fc531f1df99a6ae61ad5
,,2013,2025-12-01T13:17:45.976701674Z,2025-12-01T14:17:45.976701674Z,2025-12-01T13:50:14.399248722Z,"{""interval"":19645}",attributes,spans,580706b33949,railway-simulation,62fcd40e3f64c93a,eeaa8027076df073674a2ebbb1df25df
,,2014,2025-12-01T13:17:45.976701674Z,2025-12-01T14:17:45.976701674Z,2025-12-01T13:57:33.574715219Z,"{""interval"":90265}",attributes,spans,580706b33949,railway-simulation,630173a1977d2abd,ff216d3225f323d2fb301c09fca04b3e
,,2015,2025-12-01T13:17:45.976701674Z,2025-12-01T14:17:45.976701674Z,2025-12-01T13:48:45.06594531Z,"{""interval"":4960}",attributes,spans,580706b33949,railway-simulation,6314eea342390e91,6f553c0f9a583bcbe6b567b0dd3822ed
,,2016,2025-12-01T13:17:45.976701674Z,2025-12-01T14:17:45.976701674Z,2025-12-01T13:51:22.39942507Z,"{""interval"":30865.000000000004}",attributes,spans,580706b33949,railway-simulation,6357fd1d0e9f4b1c,bc279cf8239f5c35bedbe3a0834f3edb
,,2017,2025-12-01T13:17:45.976701674Z,2025-12-01T14:17:45.976701674Z,2025-12-01T13:51:01.232661832Z,"{""interval"":27400}",attributes,spans,580706b33949,railway-simulation,638898398984b08c,af39044347e7b450386b74513a33bb20
,,2018,2025-12-01T13:17:45.976701674Z,2025-12-01T14:17:45.976701674Z,2025-12-01T13:56:30.565955732Z,"{""interval"":81685}",attributes,spans,580706b33949,railway-simulation,6392ca0754d05d6c,9d48031c3ba4b62d9ef02f54b401064a
,,2019,2025-12-01T13:17:45.976701674Z,2025-12-01T14:17:45.976701674Z,2025-12-01T13:58:13.435955919Z,"{""interval"":94720}",attributes,spans,580706b33949,railway-simulation,63b838235e4cc49a,ffa6c89bf3506e6e84c9ec129e016dae
,,2020,2025-12-01T13:17:45.976701674Z,2025-12-01T14:17:45.976701674Z,2025-12-01T13:55:34.066245371Z,"{""interval"":72445}",attributes,spans,580706b33949,railway-simulation,63c83429e24aa94b,4fbcbc36480c0293a97839f7ba08a387
,,2021,2025-12-01T13:17:45.976701674Z,2025-12-01T14:17:45.976701674Z,2025-12-01T13:56:46.981032775Z,"{""interval"":84325}",attributes,spans,580706b33949,railway-simulation,63f4f058e52040b0,5488668d8edaac2a05e1e44c9abe21d1
,,2022,2025-12-01T13:17:45.976701674Z,2025-12-01T14:17:45.976701674Z,2025-12-01T13:53:50.73261365Z,"{""interval"":55285}",attributes,spans,580706b33949,railway-simulation,63f69a0256c8248c,337dc53ec62f34df1f5a236c7702b5eb
,,2023,2025-12-01T13:17:45.976701674Z,2025-12-01T14:17:45.976701674Z,2025-12-01T13:53:21.899445162Z,"{""interval"":50500}",attributes,spans,580706b33949,railway-simulation,642bac1a609951b9,06ecd83441f8693bb93d4bfbdb355f4c
,,2024,2025-12-01T13:17:45.976701674Z,2025-12-01T14:17:45.976701674Z,2025-12-01T13:53:16.065954256Z,"{""interval"":49675}",attributes,spans,580706b33949,railway-simulation,64457c72da82bc9e,505e3d5912cd8a2e741c0b9590d04834
,,2025,2025-12-01T13:17:45.976701674Z,2025-12-01T14:17:45.976701674Z,2025-12-01T13:56:06.750973093Z,"{""interval"":77725}",attributes,spans,580706b33949,railway-simulation,645c42a4ac72798a,2ac01ba6d66d36456d507d6e08478625
,,2026,2025-12-01T13:17:45.976701674Z,2025-12-01T14:17:45.976701674Z,2025-12-01T13:55:15.566004627Z,"{""interval"":69310}",attributes,spans,580706b33949,railway-simulation,646ead6d87c87f87,e3cf591ec38d02103e67be4ebd708083
,,2027,2025-12-01T13:17:45.976701674Z,2025-12-01T14:17:45.976701674Z,2025-12-01T13:54:14.232554753Z,"{""interval"":59245.00000000001}",attributes,spans,580706b33949,railway-simulation,6473d5c4daf912cc,b9f474e3b3e232dc24e411828e0cdc84
,,2028,2025-12-01T13:17:45.976701674Z,2025-12-01T14:17:45.976701674Z,2025-12-01T13:50:08.899246104Z,"{""interval"":18655}",attributes,spans,580706b33949,railway-simulation,647c68cedf6f7a38,f7c7b4d0c89ff930b9722d9ff63d9f8e
,,2029,2025-12-01T13:17:45.976701674Z,2025-12-01T14:17:45.976701674Z,2025-12-01T13:49:12.899718948Z,"{""interval"":9415}",attributes,spans,580706b33949,railway-simulation,648ae6a748bba736,73bce173d158542a034d47a6829c9dc8
,,2030,2025-12-01T13:17:45.976701674Z,2025-12-01T14:17:45.976701674Z,2025-12-01T13:54:13.565949056Z,"{""interval"":59080}",attributes,spans,580706b33949,railway-simulation,648bd9d6d97be94b,97f982dc2b16481a6bc625e38719cf76
,,2031,2025-12-01T13:17:45.976701674Z,2025-12-01T14:17:45.976701674Z,2025-12-01T13:54:43.899262711Z,"{""interval"":64030.00000000001}",attributes,spans,580706b33949,railway-simulation,64ac71e398515b6c,c668e9f195e8119f84e279f1e41da5f4
,,2032,2025-12-01T13:17:45.976701674Z,2025-12-01T14:17:45.976701674Z,2025-12-01T13:56:47.448085163Z,"{""interval"":84490}",attributes,spans,580706b33949,railway-simulation,64c0ecc8f3bc6faf,6b6ccce387db6dd8fff8fc82b71341b7
,,2033,2025-12-01T13:17:45.976701674Z,2025-12-01T14:17:45.976701674Z,2025-12-01T13:56:48.958344857Z,"{""interval"":84655}",attributes,spans,580706b33949,railway-simulation,64d98470f8a03bd3,ccddaf47bb4fab02f944eb76ae8f28a3
,,2034,2025-12-01T13:17:45.976701674Z,2025-12-01T14:17:45.976701674Z,2025-12-01T13:51:38.899326495Z,"{""interval"":33505}",attributes,spans,580706b33949,railway-simulation,6505f22674e00879,924dfb2929c6bb0647eb87af7be3a58c
,,2035,2025-12-01T13:17:45.976701674Z,2025-12-01T14:17:45.976701674Z,2025-12-01T13:53:05.232625153Z,"{""interval"":47860}",attributes,spans,580706b33949,railway-simulation,651bed61bd79cfad,64064f4203a43648f2b4f762a8b074c3
,,2036,2025-12-01T13:17:45.976701674Z,2025-12-01T14:17:45.976701674Z,2025-12-01T13:52:52.232557469Z,"{""interval"":45715}",attributes,spans,580706b33949,railway-simulation,65653506e725a6d4,e81c933f573c603687e23995124a16f3
,,2037,2025-12-01T13:17:45.976701674Z,2025-12-01T14:17:45.976701674Z,2025-12-01T13:53:12.39923501Z,"{""interval"":49015}",attributes,spans,580706b33949,railway-simulation,65add63d336986a4,144a87ec0762a9ea3a0a57bec997be3a
,,2038,2025-12-01T13:17:45.976701674Z,2025-12-01T14:17:45.976701674Z,2025-12-01T13:56:28.566020987Z,"{""interval"":81355}",attributes,spans,580706b33949,railway-simulation,65c5d2c588a0e722,c77caa200ccb430692fd160506403e80
,,2039,2025-12-01T13:17:45.976701674Z,2025-12-01T14:17:45.976701674Z,2025-12-01T13:53:49.732634886Z,"{""interval"":55120}",attributes,spans,580706b33949,railway-simulation,65c745bf3029a761,a9b49b9116f4787c17f3de1871d1bd4c
,,2040,2025-12-01T13:17:45.976701674Z,2025-12-01T14:17:45.976701674Z,2025-12-01T13:55:51.067353801Z,"{""interval"":75250}",attributes,spans,580706b33949,railway-simulation,65c9ac6eb4dcaac2,c77c87c39198e5b8621aef99d706a4f9
,,2041,2025-12-01T13:17:45.976701674Z,2025-12-01T14:17:45.976701674Z,2025-12-01T13:48:50.567071092Z,"{""interval"":5785}",attributes,spans,580706b33949,railway-simulation,65d96b9a3ffca55d,a56fd9d3cebcf84c5caf002ba817ba15
,,2042,2025-12-01T13:17:45.976701674Z,2025-12-01T14:17:45.976701674Z,2025-12-01T13:58:34.988963224Z,"{""interval"":97690}",attributes,spans,580706b33949,railway-simulation,65e13184e19d7369,15f016128307f6c5566b323d0e11b7b2
,,2043,2025-12-01T13:17:45.976701674Z,2025-12-01T14:17:45.976701674Z,2025-12-01T13:55:55.232722049Z,"{""interval"":75910}",attributes,spans,580706b33949,railway-simulation,65ef2179133f001d,c8c25b4a756fe1f90fe1e5fe660ed450
,,2044,2025-12-01T13:17:45.976701674Z,2025-12-01T14:17:45.976701674Z,2025-12-01T13:50:31.399577095Z,"{""interval"":22450}",attributes,spans,580706b33949,railway-simulation,660350c5849dc577,44479da53357751577edd082fe806b24
,,2045,2025-12-01T13:17:45.976701674Z,2025-12-01T14:17:45.976701674Z,2025-12-01T13:54:53.732633196Z,"{""interval"":65680}",attributes,spans,580706b33949,railway-simulation,662ed5334a10e1c9,cf62305f59d3b6d02b6af7b37401903f
,,2046,2025-12-01T13:17:45.976701674Z,2025-12-01T14:17:45.976701674Z,2025-12-01T13:50:23.565980183Z,"{""interval"":21130}",attributes,spans,580706b33949,railway-simulation,6637cf908ef19141,af68b02634a082512d5b03aa27138b05
,,2047,2025-12-01T13:17:45.976701674Z,2025-12-01T14:17:45.976701674Z,2025-12-01T13:51:42.232557926Z,"{""interval"":34165}",attributes,spans,580706b33949,railway-simulation,66620bf30eab8f21,1b7e042e6f1c67ebc0f353468366bfc3
,,2048,2025-12-01T13:17:45.976701674Z,2025-12-01T14:17:45.976701674Z,2025-12-01T13:51:26.899425963Z,"{""interval"":31525}",attributes,spans,580706b33949,railway-simulation,6667754294f8a161,5a540a4b16a0a4d25dbc7fc46703cf3c
,,2049,2025-12-01T13:17:45.976701674Z,2025-12-01T14:17:45.976701674Z,2025-12-01T13:51:08.399333359Z,"{""interval"":28555}",attributes,spans,580706b33949,railway-simulation,666d34364fa3d265,d99e1a47faa04191cf2df5c9d8dc8460
,,2050,2025-12-01T13:17:45.976701674Z,2025-12-01T14:17:45.976701674Z,2025-12-01T13:58:29.303084284Z,"{""interval"":96700}",attributes,spans,580706b33949,railway-simulation,668175664274bc6b,be894541ae131e9ca947a4ff33521ced
,,2051,2025-12-01T13:17:45.976701674Z,2025-12-01T14:17:45.976701674Z,2025-12-01T13:50:49.899310313Z,"{""interval"":25420}",attributes,spans,580706b33949,railway-simulation,66977c77873d230a,ffd93a4bb5ac21e095359a0cf9a53bd9
,,2052,2025-12-01T13:17:45.976701674Z,2025-12-01T14:17:45.976701674Z,2025-12-01T13:57:56.179754293Z,"{""interval"":92740}",attributes,spans,580706b33949,railway-simulation,66a8f7f2315d7916,904d76da3f60ce52a0148d49fb090668
,,2053,2025-12-01T13:17:45.976701674Z,2025-12-01T14:17:45.976701674Z,2025-12-01T13:50:06.733373566Z,"{""interval"":18325}",attributes,spans,580706b33949,railway-simulation,66b04c4beb92aea3,5a2da2b1b3fc1b64f78899489fd8c6d6
,,2054,2025-12-01T13:17:45.976701674Z,2025-12-01T14:17:45.976701674Z,2025-12-01T13:56:16.232935449Z,"{""interval"":79375}",attributes,spans,580706b33949,railway-simulation,66b7f75a6776b84e,59ffbf5212e2e8e979605cfe922d6aa7
,,2055,2025-12-01T13:17:45.976701674Z,2025-12-01T14:17:45.976701674Z,2025-12-01T13:53:54.735379581Z,"{""interval"":55945.00000000001}",attributes,spans,580706b33949,railway-simulation,66c36442d98328a5,f6d7e4078c21b9dcc0e839d8c3cfa183
,,2056,2025-12-01T13:17:45.976701674Z,2025-12-01T14:17:45.976701674Z,2025-12-01T13:57:55.69091437Z,"{""interval"":92575}",attributes,spans,580706b33949,railway-simulation,66ce0d36938ded23,67a2d6f13fde49e12c17ea6e28269299
,,2057,2025-12-01T13:17:45.976701674Z,2025-12-01T14:17:45.976701674Z,2025-12-01T13:54:05.732565726Z,"{""interval"":57760}",attributes,spans,580706b33949,railway-simulation,66ff541106dfca29,3a77ea7a93000206b48cbec09c7eda89
,,2058,2025-12-01T13:17:45.976701674Z,2025-12-01T14:17:45.976701674Z,2025-12-01T13:50:46.899372684Z,"{""interval"":24925}",attributes,spans,580706b33949,railway-simulation,670303ed52d7cf33,cde319ae4a9f85577529a87b28aa7fd5
,,2059,2025-12-01T13:17:45.976701674Z,2025-12-01T14:17:45.976701674Z,2025-12-01T13:57:30.946967933Z,"{""interval"":89935}",attributes,spans,580706b33949,railway-simulation,6704146404ff169b,c54a81ffe19967e6e010b66d295d8414
,,2060,2025-12-01T13:17:45.976701674Z,2025-12-01T14:17:45.976701674Z,2025-12-01T13:58:15.27316518Z,"{""interval"":94885}",attributes,spans,580706b33949,railway-simulation,6715a4f03c6b252c,51b02518656661cfa1fae63954593e9a
,,2061,2025-12-01T13:17:45.976701674Z,2025-12-01T14:17:45.976701674Z,2025-12-01T13:54:17.565951854Z,"{""interval"":59740.00000000001}",attributes,spans,580706b33949,railway-simulation,672246dc1ef418af,9e3848ef364f2f58e80550293beffb70
,,2062,2025-12-01T13:17:45.976701674Z,2025-12-01T14:17:45.976701674Z,2025-12-01T13:50:00.399202719Z,"{""interval"":17335}",attributes,spans,580706b33949,railway-simulation,674430784948a547,3e78dadc881d6dac34444e491f50737b
,,2063,2025-12-01T13:17:45.976701674Z,2025-12-01T14:17:45.976701674Z,2025-12-01T13:51:30.065917107Z,"{""interval"":32185}",attributes,spans,580706b33949,railway-simulation,6777a879017a1213,e989450896af20048c44aada69f1f590
,,2064,2025-12-01T13:17:45.976701674Z,2025-12-01T14:17:45.976701674Z,2025-12-01T13:55:14.565922799Z,"{""interval"":69145}",attributes,spans,580706b33949,railway-simulation,678f1bcf1a3c7bcf,d95f8dd0237e7a01aea369fe3d1e4a5e
,,2065,2025-12-01T13:17:45.976701674Z,2025-12-01T14:17:45.976701674Z,2025-12-01T13:55:13.899281116Z,"{""interval"":68980}",attributes,spans,580706b33949,railway-simulation,67ae76a49dcfc72e,5f6d656b1ed8a598a36d7fbed0458dc6
,,2066,2025-12-01T13:17:45.976701674Z,2025-12-01T14:17:45.976701674Z,2025-12-01T13:52:23.732739438Z,"{""interval"":40930}",attributes,spans,580706b33949,railway-simulation,67c938c320506223,655959441fb1f34483a6fc2d5636fd37
,,2067,2025-12-01T13:17:45.976701674Z,2025-12-01T14:17:45.976701674Z,2025-12-01T13:50:07.899222409Z,"{""interval"":18490}",attributes,spans,580706b33949,railway-simulation,67cba1f615dd5391,1b6d322880862a0505582e0657f94374
,,2068,2025-12-01T13:17:45.976701674Z,2025-12-01T14:17:45.976701674Z,2025-12-01T13:50:59.066033145Z,"{""interval"":27069.999999999996}",attributes,spans,580706b33949,railway-simulation,67d09ee18723fced,033c2bb5f5eab2aa280fa756e01fe228
,,2069,2025-12-01T13:17:45.976701674Z,2025-12-01T14:17:45.976701674Z,2025-12-01T13:54:16.565930865Z,"{""interval"":59575}",attributes,spans,580706b33949,railway-simulation,67d1936bf4a63f81,d95d797e51fe85c137538a4b26fa3777
,,2070,2025-12-01T13:17:45.976701674Z,2025-12-01T14:17:45.976701674Z,2025-12-01T13:49:06.399162935Z,"{""interval"":8425}",attributes,spans,580706b33949,railway-simulation,67eb4bcb0def6698,6a7b6de1900689081fb29e0e758d4443
,,2071,2025-12-01T13:17:45.976701674Z,2025-12-01T14:17:45.976701674Z,2025-12-01T13:54:17.065914444Z,"{""interval"":59740.00000000001}",attributes,spans,580706b33949,railway-simulation,67ee1534411a0617,2fca3c79645589efc1e38bf02e730e21
,,2072,2025-12-01T13:17:45.976701674Z,2025-12-01T14:17:45.976701674Z,2025-12-01T13:54:47.232592974Z,"{""interval"":64690}",attributes,spans,580706b33949,railway-simulation,67efd60765d3ca4e,adbe207b98ef95887b6ac2bd53b900fc
,,2073,2025-12-01T13:17:45.976701674Z,2025-12-01T14:17:45.976701674Z,2025-12-01T13:52:50.565968777Z,"{""interval"":45385}",attributes,spans,580706b33949,railway-simulation,67f7ed3eec8dd86c,f10f0d7194823880d6b2e6292d093d74
,,2074,2025-12-01T13:17:45.976701674Z,2025-12-01T14:17:45.976701674Z,2025-12-01T13:51:41.89924793Z,"{""interval"":34000}",attributes,spans,580706b33949,railway-simulation,67f918cd1c2376a2,8e3283a20ebe511698ff996b62f99ab5
,,2075,2025-12-01T13:17:45.976701674Z,2025-12-01T14:17:45.976701674Z,2025-12-01T13:54:16.065950244Z,"{""interval"":59575}",attributes,spans,580706b33949,railway-simulation,67fe11bb396a9170,2c94097886ba9160795d1e51a56a8aef
,,2076,2025-12-01T13:17:45.976701674Z,2025-12-01T14:17:45.976701674Z,2025-12-01T13:54:29.232600748Z,"{""interval"":61719.99999999999}",attributes,spans,580706b33949,railway-simulation,680c97857f63b0a3,d86442d7a0905c9722abbf33e9b35691
,,2077,2025-12-01T13:17:45.976701674Z,2025-12-01T14:17:45.976701674Z,2025-12-01T13:58:27.627857668Z,"{""interval"":96370}",attributes,spans,580706b33949,railway-simulation,681a920fe7556bc6,f76b5bf2d00d2ca01a02a23907c2217f
,,2078,2025-12-01T13:17:45.976701674Z,2025-12-01T14:17:45.976701674Z,2025-12-01T13:49:49.899539416Z,"{""interval"":15520}",attributes,spans,580706b33949,railway-simulation,686d5ec0fa5c4dcd,2b2245429408cab42369d55b7126cb23
,,2079,2025-12-01T13:17:45.976701674Z,2025-12-01T14:17:45.976701674Z,2025-12-01T13:52:39.399261255Z,"{""interval"":43570}",attributes,spans,580706b33949,railway-simulation,688021007c70270c,fdcf29c0e9dfb88127ab97eb62c417f2
,,2080,2025-12-01T13:17:45.976701674Z,2025-12-01T14:17:45.976701674Z,2025-12-01T13:49:15.399248724Z,"{""interval"":9910}",attributes,spans,580706b33949,railway-simulation,6885ed0dbc7e237d,ee4d29fde78e7443db735af078adeac0
,,2081,2025-12-01T13:17:45.976701674Z,2025-12-01T14:17:45.976701674Z,2025-12-01T13:58:09.932535704Z,"{""interval"":94225}",attributes,spans,580706b33949,railway-simulation,6899274028b5ad98,657114100d62a6b895dca01d612b6886
,,2082,2025-12-01T13:17:45.976701674Z,2025-12-01T14:17:45.976701674Z,2025-12-01T13:49:31.232661205Z,"{""interval"":12550}",attributes,spans,580706b33949,railway-simulation,68c777e16b70705a,4259cc1efc660ceee549c66efc7eaa05
,,2083,2025-12-01T13:17:45.976701674Z,2025-12-01T14:17:45.976701674Z,2025-12-01T13:51:19.565955151Z,"{""interval"":30370.000000000004}",attributes,spans,580706b33949,railway-simulation,68d72578cc2c721e,f5f7a2ba5127d209fa92c92eabdaeebe
,,2084,2025-12-01T13:17:45.976701674Z,2025-12-01T14:17:45.976701674Z,2025-12-01T13:54:04.399381093Z,"{""interval"":57595}",attributes,spans,580706b33949,railway-simulation,68f3c3f82c3781dd,eff8b8a3121d231dd860dd52165e414c
,,2085,2025-12-01T13:17:45.976701674Z,2025-12-01T14:17:45.976701674Z,2025-12-01T13:49:47.066280215Z,"{""interval"":15190}",attributes,spans,580706b33949,railway-simulation,68fd1f812f268ed9,006a486e4cbe7ab1a94635e7adafe32f
,,2086,2025-12-01T13:17:45.976701674Z,2025-12-01T14:17:45.976701674Z,2025-12-01T13:55:39.732853008Z,"{""interval"":73270}",attributes,spans,580706b33949,railway-simulation,69037986c4031835,76cb8ef9c2eb28c5fe67a8548718b98a
,,2087,2025-12-01T13:17:45.976701674Z,2025-12-01T14:17:45.976701674Z,2025-12-01T13:48:57.565960919Z,"{""interval"":6940}",attributes,spans,580706b33949,railway-simulation,6909f5062ad54a4e,dc6c67eebbd0f4d6947369a3c2762de9
,,2088,2025-12-01T13:17:45.976701674Z,2025-12-01T14:17:45.976701674Z,2025-12-01T13:56:14.565970581Z,"{""interval"":79045}",attributes,spans,580706b33949,railway-simulation,6931491b905e0b35,f9e64c5b06db1149f06c5735904430f8
,,2089,2025-12-01T13:17:45.976701674Z,2025-12-01T14:17:45.976701674Z,2025-12-01T13:54:24.233441327Z,"{""interval"":60895}",attributes,spans,580706b33949,railway-simulation,69315fab35220ec3,ad75e79fc87380f1e921ed7f82088a20
,,2090,2025-12-01T13:17:45.976701674Z,2025-12-01T14:17:45.976701674Z,2025-12-01T13:50:14.066548435Z,"{""interval"":19645}",attributes,spans,580706b33949,railway-simulation,694b9d92612adf57,129286c2081d48375ac7e51864ad047d
,,2091,2025-12-01T13:17:45.976701674Z,2025-12-01T14:17:45.976701674Z,2025-12-01T13:51:29.232650817Z,"{""interval"":32020.000000000004}",attributes,spans,580706b33949,railway-simulation,695263ddd0992230,b3a8409cea12e50f94c84b7f5d93bc6d
,,2092,2025-12-01T13:17:45.976701674Z,2025-12-01T14:17:45.976701674Z,2025-12-01T13:56:07.399297749Z,"{""interval"":77890}",attributes,spans,580706b33949,railway-simulation,695db59f88b75c14,3346ca073bb6d272346423c0e89a9499
,,2093,2025-12-01T13:17:45.976701674Z,2025-12-01T14:17:45.976701674Z,2025-12-01T13:55:58.066306093Z,"{""interval"":76405}",attributes,spans,580706b33949,railway-simulation,697e17c5b5c4cd44,28fff4da846a13f5cf20ada2eb8d1bff
,,2094,2025-12-01T13:17:45.976701674Z,2025-12-01T14:17:45.976701674Z,2025-12-01T13:57:23.747533604Z,"{""interval"":89275}",attributes,spans,580706b33949,railway-simulation,6990f48818098aab,d521dc8bdd8c1a28da443882a6350fd9
,,2095,2025-12-01T13:17:45.976701674Z,2025-12-01T14:17:45.976701674Z,2025-12-01T13:48:30.566803416Z,"{""interval"":2485}",attributes,spans,580706b33949,railway-simulation,69a894c9bf62e4a6,3f1ec415940cf84531cbebe5775cf187
,,2096,2025-12-01T13:17:45.976701674Z,2025-12-01T14:17:45.976701674Z,2025-12-01T13:52:42.899224608Z,"{""interval"":44065}",attributes,spans,580706b33949,railway-simulation,69c7e1474f1a16dc,4a47ea63af9ee3a750545b59b47060c1
,,2097,2025-12-01T13:17:45.976701674Z,2025-12-01T14:17:45.976701674Z,2025-12-01T13:54:32.232862635Z,"{""interval"":62214.99999999999}",attributes,spans,580706b33949,railway-simulation,69d5b7a4e6ee083c,8df8aab1f59f2f115112d2b35985e832
,,2098,2025-12-01T13:17:45.976701674Z,2025-12-01T14:17:45.976701674Z,2025-12-01T13:57:06.705999186Z,"{""interval"":87460}",attributes,spans,580706b33949,railway-simulation,69e404cef2023c0c,550d45a840cc7d82b194d936d6dab848
,,2099,2025-12-01T13:17:45.976701674Z,2025-12-01T14:17:45.976701674Z,2025-12-01T13:55:28.399289765Z,"{""interval"":71455}",attributes,spans,580706b33949,railway-simulation,69e5e535a0946f4c,036d47fbfd7b49db29e33e02a08705d4
,,2100,2025-12-01T13:17:45.976701674Z,2025-12-01T14:17:45.976701674Z,2025-12-01T13:49:48.733096305Z,"{""interval"":15354.999999999998}",attributes,spans,580706b33949,railway-simulation,69f07de8cf1f7d8a,32ff066d8104bd0610d698f2effc6569
,,2101,2025-12-01T13:17:45.976701674Z,2025-12-01T14:17:45.976701674Z,2025-12-01T13:49:01.400254773Z,"{""interval"":7600}",attributes,spans,580706b33949,railway-simulation,69f61c6fbbb995d6,c204117259d37561b39ddbb5e0f25232
,,2102,2025-12-01T13:17:45.976701674Z,2025-12-01T14:17:45.976701674Z,2025-12-01T13:55:21.565960072Z,"{""interval"":70300}",attributes,spans,580706b33949,railway-simulation,6a1d29a0493725a6,8451d02e9e668d06f29af7f8f00a37fa
,,2103,2025-12-01T13:17:45.976701674Z,2025-12-01T14:17:45.976701674Z,2025-12-01T13:57:59.835675426Z,"{""interval"":93070}",attributes,spans,580706b33949,railway-simulation,6a1e9919f82b0c58,d85131b8744efba9752341d96a34d1fd
,,2104,2025-12-01T13:17:45.976701674Z,2025-12-01T14:17:45.976701674Z,2025-12-01T13:50:37.066053634Z,"{""interval"":23440}",attributes,spans,580706b33949,railway-simulation,6a29d83aa1edc8f3,9bc33ba469790d6d886e0239df9848ec
,,2105,2025-12-01T13:17:45.976701674Z,2025-12-01T14:17:45.976701674Z,2025-12-01T13:50:37.565986768Z,"{""interval"":23440}",attributes,spans,580706b33949,railway-simulation,6a372aeecdb700c3,985f5c4664aafc89decd3f55abcd1be6
,,2106,2025-12-01T13:17:45.976701674Z,2025-12-01T14:17:45.976701674Z,2025-12-01T13:52:58.899233488Z,"{""interval"":46705}",attributes,spans,580706b33949,railway-simulation,6a40d48f33065867,8aa1a1775c28fd98aeefa4b3df05bdbf
,,2107,2025-12-01T13:17:45.976701674Z,2025-12-01T14:17:45.976701674Z,2025-12-01T13:49:12.732620243Z,"{""interval"":9415}",attributes,spans,580706b33949,railway-simulation,6a485a238991ee27,f3727d682e31e69279bb15c52bbc2a73
,,2108,2025-12-01T13:17:45.976701674Z,2025-12-01T14:17:45.976701674Z,2025-12-01T13:56:34.989799723Z,"{""interval"":82345}",attributes,spans,580706b33949,railway-simulation,6a5ef85be31cf7f0,b565bc1127419536928c26ec2bcb6832
,,2109,2025-12-01T13:17:45.976701674Z,2025-12-01T14:17:45.976701674Z,2025-12-01T13:49:49.399228757Z,"{""interval"":15520}",attributes,spans,580706b33949,railway-simulation,6a60e8d66844b7ce,b502d2e19c2c131ad9a2690a7d8c9ee2
,,2110,2025-12-01T13:17:45.976701674Z,2025-12-01T14:17:45.976701674Z,2025-12-01T13:49:34.233625403Z,"{""interval"":13045}",attributes,spans,580706b33949,railway-simulation,6a6bf8a2a96888f3,40df5d2bc553fe14c18509e794777774
,,2111,2025-12-01T13:17:45.976701674Z,2025-12-01T14:17:45.976701674Z,2025-12-01T13:53:40.232564853Z,"{""interval"":53634.99999999999}",attributes,spans,580706b33949,railway-simulation,6a74160e70f03267,b717ac18a30419a1988f7caeb65b078b
,,2112,2025-12-01T13:17:45.976701674Z,2025-12-01T14:17:45.976701674Z,2025-12-01T13:48:33.732726367Z,"{""interval"":2980}",attributes,spans,580706b33949,railway-simulation,6a83ef2b24fce09a,0c5bff39789d0ce5a6069c3db8ed8887
,,2113,2025-12-01T13:17:45.976701674Z,2025-12-01T14:17:45.976701674Z,2025-12-01T13:55:34.899546828Z,"{""interval"":72445}",attributes,spans,580706b33949,railway-simulation,6a8a330c67f8d0ba,af361a1467473351df978faf864ab0ed
,,2114,2025-12-01T13:17:45.976701674Z,2025-12-01T14:17:45.976701674Z,2025-12-01T13:56:46.247047467Z,"{""interval"":84160}",attributes,spans,580706b33949,railway-simulation,6a92c061a8e24383,798cd25b6213ee3e2cd482d272954a56
,,2115,2025-12-01T13:17:45.976701674Z,2025-12-01T14:17:45.976701674Z,2025-12-01T13:50:28.899227285Z,"{""interval"":21955}",attributes,spans,580706b33949,railway-simulation,6a956fd4e25d9eab,6c389f02bfbd5416a441955951550861
,,2116,2025-12-01T13:17:45.976701674Z,2025-12-01T14:17:45.976701674Z,2025-12-01T13:52:24.565957735Z,"{""interval"":41095}",attributes,spans,580706b33949,railway-simulation,6a9b39afcc2d7b21,9802fa883d05fb88dff284d6899ea392
,,2117,2025-12-01T13:17:45.976701674Z,2025-12-01T14:17:45.976701674Z,2025-12-01T13:48:35.066032254Z,"{""interval"":3310}",attributes,spans,580706b33949,railway-simulation,6aa108916ea3529a,da0f5b4de9fb553c501e3c80c5a22d0a
,,2118,2025-12-01T13:17:45.976701674Z,2025-12-01T14:17:45.976701674Z,2025-12-01T13:54:15.399287769Z,"{""interval"":59410}",attributes,spans,580706b33949,railway-simulation,6aabd6cbd330c229,da98e217b9be4af9b078869dd192879b
,,2119,2025-12-01T13:17:45.976701674Z,2025-12-01T14:17:45.976701674Z,2025-12-01T13:50:50.065933792Z,"{""interval"":25585}",attributes,spans,580706b33949,railway-simulation,6ab4a60fe8397832,2d1a7a4e70143be60b9dbc27fe57549a
,,2120,2025-12-01T13:17:45.976701674Z,2025-12-01T14:17:45.976701674Z,2025-12-01T13:52:54.232614009Z,"{""interval"":46045}",attributes,spans,580706b33949,railway-simulation,6abdf617cd0902ec,db2130477a183fbb0ace77c4b97368ce
,,2121,2025-12-01T13:17:45.976701674Z,2025-12-01T14:17:45.976701674Z,2025-12-01T13:55:59.399374Z,"{""interval"":76570}",attributes,spans,580706b33949,railway-simulation,6acca5d53ee34878,dd1acb2d1d0509ecd6927e336fc6a85f
,,2122,2025-12-01T13:17:45.976701674Z,2025-12-01T14:17:45.976701674Z,2025-12-01T13:58:39.283669313Z,"{""interval"":98350}",attributes,spans,580706b33949,railway-simulation,6b0210eaff318a71,2d8e4b0bcb873ff6c82dbb321c03b250
,,2123,2025-12-01T13:17:45.976701674Z,2025-12-01T14:17:45.976701674Z,2025-12-01T13:58:09.189815741Z,"{""interval"":94225}",attributes,spans,580706b33949,railway-simulation,6b176f3ab4f60fdb,522a645a5836782318ca59c856d8487f
,,2124,2025-12-01T13:17:45.976701674Z,2025-12-01T14:17:45.976701674Z,2025-12-01T13:54:35.732567383Z,"{""interval"":62709.99999999999}",attributes,spans,580706b33949,railway-simulation,6b1f2bf17b5eebf8,bf7fed40aa34cc54638ead8bd4c04200
,,2125,2025-12-01T13:17:45.976701674Z,2025-12-01T14:17:45.976701674Z,2025-12-01T13:55:04.732617267Z,"{""interval"":67495}",attributes,spans,580706b33949,railway-simulation,6b2a18b0166aecfa,332a029b704903c7455571b01d72cebc
,,2126,2025-12-01T13:17:45.976701674Z,2025-12-01T14:17:45.976701674Z,2025-12-01T13:50:58.899247466Z,"{""interval"":26905}",attributes,spans,580706b33949,railway-simulation,6b3816ed7ef11892,c13389c03e79a9eaf664688c397d52aa
,,2127,2025-12-01T13:17:45.976701674Z,2025-12-01T14:17:45.976701674Z,2025-12-01T13:53:05.065929847Z,"{""interval"":47860}",attributes,spans,580706b33949,railway-simulation,6b3cfe7d6611c9ea,138f0daa98f8ceaa2b3d965aa60c7312
,,2128,2025-12-01T13:17:45.976701674Z,2025-12-01T14:17:45.976701674Z,2025-12-01T13:53:54.066006118Z,"{""interval"":55945.00000000001}",attributes,spans,580706b33949,railway-simulation,6b585f9ca89ce33b,2a9799383addafec83e90482770e70fa
,,2129,2025-12-01T13:17:45.976701674Z,2025-12-01T14:17:45.976701674Z,2025-12-01T13:52:51.565986893Z,"{""interval"":45550}",attributes,spans,580706b33949,railway-simulation,6b6532f7ce65ee37,636e609c38dd71d8d618f457bbd4cd04
,,2130,2025-12-01T13:17:45.976701674Z,2025-12-01T14:17:45.976701674Z,2025-12-01T13:56:04.399312831Z,"{""interval"":77395}",attributes,spans,580706b33949,railway-simulation,6b76f3e383bb322f,736eb1959212367ec5f9ff5b738d9d0c
,,2131,2025-12-01T13:17:45.976701674Z,2025-12-01T14:17:45.976701674Z,2025-12-01T13:48:54.732602629Z,"{""interval"":6445}",attributes,spans,580706b33949,railway-simulation,6b84a68df4fcb803,a97a2f4d66e9e4b5679f17cc16c64156
,,2132,2025-12-01T13:17:45.976701674Z,2025-12-01T14:17:45.976701674Z,2025-12-01T13:52:36.732679057Z,"{""interval"":43075}",attributes,spans,580706b33949,railway-simulation,6bd1e3aad3199ad4,eb2f59cc876eae436e72cea06c60b561
,,2133,2025-12-01T13:17:45.976701674Z,2025-12-01T14:17:45.976701674Z,2025-12-01T13:52:50.06592606Z,"{""interval"":45385}",attributes,spans,580706b33949,railway-simulation,6bdfb33af3dbeb11,fbf28b2bffaa556c0701df1e4d78322d
,,2134,2025-12-01T13:17:45.976701674Z,2025-12-01T14:17:45.976701674Z,2025-12-01T13:56:11.066492825Z,"{""interval"":78550}",attributes,spans,580706b33949,railway-simulation,6beba15a51508749,c0d6404a10549d862ca9460db78db93f
,,2135,2025-12-01T13:17:45.976701674Z,2025-12-01T14:17:45.976701674Z,2025-12-01T13:49:03.23252879Z,"{""interval"":7930.000000000001}",attributes,spans,580706b33949,railway-simulation,6bec4cd31601ac30,3e6aa332404d4fd2b0e41341be3debfa
,,2136,2025-12-01T13:17:45.976701674Z,2025-12-01T14:17:45.976701674Z,2025-12-01T13:58:44.812300341Z,"{""interval"":99175}",attributes,spans,580706b33949,railway-simulation,6c0127fc4746482c,431865946ceeb1b4d1244cae27f90d56
,,2137,2025-12-01T13:17:45.976701674Z,2025-12-01T14:17:45.976701674Z,2025-12-01T13:53:34.732571085Z,"{""interval"":52644.99999999999}",attributes,spans,580706b33949,railway-simulation,6c1d032b6c9319c1,3bf1683e85028ef72022767c6d4114e2
,,2138,2025-12-01T13:17:45.976701674Z,2025-12-01T14:17:45.976701674Z,2025-12-01T13:58:06.433199964Z,"{""interval"":93895}",attributes,spans,580706b33949,railway-simulation,6c23538b08c2bf88,448e84eac7cc32df7c43ec4b7e0577ed
,,2139,2025-12-01T13:17:45.976701674Z,2025-12-01T14:17:45.976701674Z,2025-12-01T13:56:54.435608062Z,"{""interval"":85645}",attributes,spans,580706b33949,railway-simulation,6c2f703b2f3a5c5d,6223bfa30c14d1663cfae2c140ba7bd2
,,2140,2025-12-01T13:17:45.976701674Z,2025-12-01T14:17:45.976701674Z,2025-12-01T13:54:45.39928158Z,"{""interval"":64360}",attributes,spans,580706b33949,railway-simulation,6c4cfcdb0c36f632,3f530f25ed4598e44b67d13566fcda0f
,,2141,2025-12-01T13:17:45.976701674Z,2025-12-01T14:17:45.976701674Z,2025-12-01T13:50:42.899359606Z,"{""interval"":24265}",attributes,spans,580706b33949,railway-simulation,6c54946ea6e7117c,f36e40e4af96a46ad8b790768b80273f
,,2142,2025-12-01T13:17:45.976701674Z,2025-12-01T14:17:45.976701674Z,2025-12-01T13:55:06.73258803Z,"{""interval"":67825}",attributes,spans,580706b33949,railway-simulation,6c63f08430b6dd92,6a860b2d471b21e064039d07c25cb2b3
,,2143,2025-12-01T13:17:45.976701674Z,2025-12-01T14:17:45.976701674Z,2025-12-01T13:58:33.554977464Z,"{""interval"":97360}",attributes,spans,580706b33949,railway-simulation,6c9118fc1ae00645,07170a14c35fadf219207531c48fd2b2
,,2144,2025-12-01T13:17:45.976701674Z,2025-12-01T14:17:45.976701674Z,2025-12-01T13:49:08.899241951Z,"{""interval"":8755}",attributes,spans,580706b33949,railway-simulation,6ca3f3d253b30296,46545a23bb2c490c7b7025203fbde8d0
,,2145,2025-12-01T13:17:45.976701674Z,2025-12-01T14:17:45.976701674Z,2025-12-01T13:51:01.066047846Z,"{""interval"":27400}",attributes,spans,580706b33949,railway-simulation,6cce5cee32ad75e0,3fecf2a7099d2f9caa4c27676f7d4678
,,2146,2025-12-01T13:17:45.976701674Z,2025-12-01T14:17:45.976701674Z,2025-12-01T13:48:40.233262284Z,"{""interval"":4135}",attributes,spans,580706b33949,railway-simulation,6cdba09ae381ebdc,f5aad5716d6d6d98e4879bb868c97469
,,2147,2025-12-01T13:17:45.976701674Z,2025-12-01T14:17:45.976701674Z,2025-12-01T13:51:46.732572198Z,"{""interval"":34825}",attributes,spans,580706b33949,railway-simulation,6ce270c93628909c,8f23e8bbbfe3edfb75ab3a80ab5ba12f
,,2148,2025-12-01T13:17:45.976701674Z,2025-12-01T14:17:45.976701674Z,2025-12-01T13:57:10.916516933Z,"{""interval"":87955}",attributes,spans,580706b33949,railway-simulation,6cede8709f5336af,40cd6adf07cde5345cb5d8ac94630c4a
,,2149,2025-12-01T13:17:45.976701674Z,2025-12-01T14:17:45.976701674Z,2025-12-01T13:58:22.437150873Z,"{""interval"":95710}",attributes,spans,580706b33949,railway-simulation,6cfd4cccf46746f8,c43cdb60ce57338b0d99cf5e4b65aabd
,,2150,2025-12-01T13:17:45.976701674Z,2025-12-01T14:17:45.976701674Z,2025-12-01T13:54:26.565904112Z,"{""interval"":61224.99999999999}",attributes,spans,580706b33949,railway-simulation,6d1bad7545ee872a,dbbd6016e6793c5f7b60dad8c1713f63
,,2151,2025-12-01T13:17:45.976701674Z,2025-12-01T14:17:45.976701674Z,2025-12-01T13:52:18.89923312Z,"{""interval"":40105}",attributes,spans,580706b33949,railway-simulation,6d1fc1036fd524f4,0f7dc7e4245a0d8e7f3de31bee7c253d
,,2152,2025-12-01T13:17:45.976701674Z,2025-12-01T14:17:45.976701674Z,2025-12-01T13:48:36.232641087Z,"{""interval"":3475}",attributes,spans,580706b33949,railway-simulation,6d25b3d0ed9e1c36,62b1f99d072a9ec555d02349812778e3
,,2153,2025-12-01T13:17:45.976701674Z,2025-12-01T14:17:45.976701674Z,2025-12-01T13:55:07.065942323Z,"{""interval"":67990}",attributes,spans,580706b33949,railway-simulation,6d2afa5c8e8e4b03,49aa0c948a3035d71cd8435842bacab7
,,2154,2025-12-01T13:17:45.976701674Z,2025-12-01T14:17:45.976701674Z,2025-12-01T13:53:36.899284387Z,"{""interval"":52975}",attributes,spans,580706b33949,railway-simulation,6d3f08e003c0e132,9b67d3d2a8e48b0d1bd5d7468b894d33
,,2155,2025-12-01T13:17:45.976701674Z,2025-12-01T14:17:45.976701674Z,2025-12-01T13:52:50.232552495Z,"{""interval"":45385}",attributes,spans,580706b33949,railway-simulation,6d5b8b0f407d47bc,0c1f2e3dbc9f6f4ce7070df2983233cf
,,2156,2025-12-01T13:17:45.976701674Z,2025-12-01T14:17:45.976701674Z,2025-12-01T13:56:57.399334237Z,"{""interval"":86140}",attributes,spans,580706b33949,railway-simulation,6d85e5ca198e96bb,d0be8e2a4fde48e3333c94107d3f14d3
,,2157,2025-12-01T13:17:45.976701674Z,2025-12-01T14:17:45.976701674Z,2025-12-01T13:55:46.066155575Z,"{""interval"":74425}",attributes,spans,580706b33949,railway-simulation,6d95a369dfacd908,ba5f4a0dee02bc79134b7140832f2123
,,2158,2025-12-01T13:17:45.976701674Z,2025-12-01T14:17:45.976701674Z,2025-12-01T13:50:50.232700705Z,"{""interval"":25585}",attributes,spans,580706b33949,railway-simulation,6d9b8d74fa60ce13,e4406f18471a3d19b4f01c896e2cb932
,,2159,2025-12-01T13:17:45.976701674Z,2025-12-01T14:17:45.976701674Z,2025-12-01T13:53:43.06594269Z,"{""interval"":54129.99999999999}",attributes,spans,580706b33949,railway-simulation,6dbfaab5cdb8f058,628df89e3c5f4a8f4d99ac0ed7ee6c0b
,,2160,2025-12-01T13:17:45.976701674Z,2025-12-01T14:17:45.976701674Z,2025-12-01T13:53:00.899249134Z,"{""interval"":47035}",attributes,spans,580706b33949,railway-simulation,6dd0707476719d36,683cfb5fa0aeb133f3f2cca3185b78cc
,,2161,2025-12-01T13:17:45.976701674Z,2025-12-01T14:17:45.976701674Z,2025-12-01T13:54:12.065946029Z,"{""interval"":58915}",attributes,spans,580706b33949,railway-simulation,6dd79f1f5ce74da7,4b22923d8d4592a6080fdcaf43152a1e
,,2162,2025-12-01T13:17:45.976701674Z,2025-12-01T14:17:45.976701674Z,2025-12-01T13:56:20.566697201Z,"{""interval"":80035}",attributes,spans,580706b33949,railway-simulation,6e032ab5889a3e85,0cd193c195685dd1d32fc91c3ca4f5b4
,,2163,2025-12-01T13:17:45.976701674Z,2025-12-01T14:17:45.976701674Z,2025-12-01T13:50:35.566083774Z,"{""interval"":23110}",attributes,spans,580706b33949,railway-simulation,6e03395ef8ef8035,dfc266b4b6998fe4cbf6d0b992d4cb99
,,2164,2025-12-01T13:17:45.976701674Z,2025-12-01T14:17:45.976701674Z,2025-12-01T13:52:21.399288453Z,"{""interval"":40600}",attributes,spans,580706b33949,railway-simulation,6e09f5e66b7b6673,3ec53d35d2f84cd504949930d2b1a987
,,2165,2025-12-01T13:17:45.976701674Z,2025-12-01T14:17:45.976701674Z,2025-12-01T13:57:14.060356654Z,"{""interval"":88285}",attributes,spans,580706b33949,railway-simulation,6e13ee2cbb928fb5,17262a86ba66daf1cace220abbf545df
,,2166,2025-12-01T13:17:45.976701674Z,2025-12-01T14:17:45.976701674Z,2025-12-01T13:50:06.899554374Z,"{""interval"":18325}",attributes,spans,580706b33949,railway-simulation,6e19827807405312,15e41cfc7ed9acecc5dde7d28b10a481
,,2167,2025-12-01T13:17:45.976701674Z,2025-12-01T14:17:45.976701674Z,2025-12-01T13:55:31.483066192Z,"{""interval"":71950}",attributes,spans,580706b33949,railway-simulation,6e27c2a3f06c7b7b,6f336bb161ede0070c2a583028617450
,,2168,2025-12-01T13:17:45.976701674Z,2025-12-01T14:17:45.976701674Z,2025-12-01T13:58:25.359561267Z,"{""interval"":96040}",attributes,spans,580706b33949,railway-simulation,6e2cf46e739f0e48,4bcf000669e6a1a1bc1e6ffb70abce2f
,,2169,2025-12-01T13:17:45.976701674Z,2025-12-01T14:17:45.976701674Z,2025-12-01T13:56:42.263971427Z,"{""interval"":83500}",attributes,spans,580706b33949,railway-simulation,6e34305d7938e330,29b7d966b71c5daade4f913f956f37bd
,,2170,2025-12-01T13:17:45.976701674Z,2025-12-01T14:17:45.976701674Z,2025-12-01T13:56:40.840815778Z,"{""interval"":83335}",attributes,spans,580706b33949,railway-simulation,6e3fbe57d292c885,8157cb20bf0aef158e8ce5d1f04782ac
,,2171,2025-12-01T13:17:45.976701674Z,2025-12-01T14:17:45.976701674Z,2025-12-01T13:53:27.899272704Z,"{""interval"":51490}",attributes,spans,580706b33949,railway-simulation,6e5069597287c891,4d457662a2cf6199e0d985f5304926d2
,,2172,2025-12-01T13:17:45.976701674Z,2025-12-01T14:17:45.976701674Z,2025-12-01T13:49:02.566798233Z,"{""interval"":7765}",attributes,spans,580706b33949,railway-simulation,6e5238682941179c,525999f794f48c048f172a66aae7daef
,,2173,2025-12-01T13:17:45.976701674Z,2025-12-01T14:17:45.976701674Z,2025-12-01T13:56:17.899337182Z,"{""interval"":79540}",attributes,spans,580706b33949,railway-simulation,6e69122c6385bd30,cc1228c3ae60c4f3d0a30afa2e71e269
,,2174,2025-12-01T13:17:45.976701674Z,2025-12-01T14:17:45.976701674Z,2025-12-01T13:55:21.732567629Z,"{""interval"":70300}",attributes,spans,580706b33949,railway-simulation,6e82108992f3e564,544299f8bf62de7e330cb418f5cef59b
,,2175,2025-12-01T13:17:45.976701674Z,2025-12-01T14:17:45.976701674Z,2025-12-01T13:52:57.06603134Z,"{""interval"":46540}",attributes,spans,580706b33949,railway-simulation,6ed908a67db8694e,b9997b0b6f83f056aae9bd3d474aefe9
,,2176,2025-12-01T13:17:45.976701674Z,2025-12-01T14:17:45.976701674Z,2025-12-01T13:55:49.232634429Z,"{""interval"":74920}",attributes,spans,580706b33949,railway-simulation,6ee436ab69eee8f0,0941483052477c2e011599372e088ff8
,,2177,2025-12-01T13:17:45.976701674Z,2025-12-01T14:17:45.976701674Z,2025-12-01T13:54:57.5659658Z,"{""interval"":66340}",attributes,spans,580706b33949,railway-simulation,6eec8904c2a52ee3,271ee0ffee9b79f2bdd8bc79e2027da4
,,2178,2025-12-01T13:17:45.976701674Z,2025-12-01T14:17:45.976701674Z,2025-12-01T13:51:32.566054064Z,"{""interval"":32515.000000000004}",attributes,spans,580706b33949,railway-simulation,6f311b77c7c2adb3,50d4b2d4d1bc3f5139b9bf5a615722cf
,,2179,2025-12-01T13:17:45.976701674Z,2025-12-01T14:17:45.976701674Z,2025-12-01T13:51:48.065909585Z,"{""interval"":35155}",attributes,spans,580706b33949,railway-simulation,6f32e686f788ba83,478cae45d1ccf2318cbf8b2da2c92273
,,2180,2025-12-01T13:17:45.976701674Z,2025-12-01T14:17:45.976701674Z,2025-12-01T13:53:45.232592563Z,"{""interval"":54460}",attributes,spans,580706b33949,railway-simulation,6f4d193a4aa28b86,9de882565210b37b67b98ce6808193af
,,2181,2025-12-01T13:17:45.976701674Z,2025-12-01T14:17:45.976701674Z,2025-12-01T13:50:24.899248594Z,"{""interval"":21295}",attributes,spans,580706b33949,railway-simulation,6f553e237f269295,b771d0dbb12032fe61fd59b65ef2d833
,,2182,2025-12-01T13:17:45.976701674Z,2025-12-01T14:17:45.976701674Z,2025-12-01T13:49:19.399166857Z,"{""interval"":10570}",attributes,spans,580706b33949,railway-simulation,6f64f0cd3dddf93f,fd5fcbc6402ebf2434880a0e76ff9f40
,,2183,2025-12-01T13:17:45.976701674Z,2025-12-01T14:17:45.976701674Z,2025-12-01T13:51:29.399227449Z,"{""interval"":32020.000000000004}",attributes,spans,580706b33949,railway-simulation,6f6f8e96323ac39d,2a52c99d057eac5e64bb80afd97867b5
,,2184,2025-12-01T13:17:45.976701674Z,2025-12-01T14:17:45.976701674Z,2025-12-01T13:50:49.399270171Z,"{""interval"":25420}",attributes,spans,580706b33949,railway-simulation,6f7cc0d07ec7b4e4,2755dc9743aa6a828f99adca9e9a263a
,,2185,2025-12-01T13:17:45.976701674Z,2025-12-01T14:17:45.976701674Z,2025-12-01T13:52:19.232581019Z,"{""interval"":40270}",attributes,spans,580706b33949,railway-simulation,6f80320163e13f56,20f5ba0d9b4d3aef67c1763ff14cb384
,,2186,2025-12-01T13:17:45.976701674Z,2025-12-01T14:17:45.976701674Z,2025-12-01T13:49:40.232996414Z,"{""interval"":14034.999999999998}",attributes,spans,580706b33949,railway-simulation,6f9ff57b06ea00a5,fbe78ec8e6fafdc14f6699992d296a72
,,2187,2025-12-01T13:17:45.976701674Z,2025-12-01T14:17:45.976701674Z,2025-12-01T13:55:12.56593275Z,"{""interval"":68815}",attributes,spans,580706b33949,railway-simulation,6fb9778b119d8de4,66ef5ab4c8a0a04377f9ebba98a96f9a
,,2188,2025-12-01T13:17:45.976701674Z,2025-12-01T14:17:45.976701674Z,2025-12-01T13:50:59.899348687Z,"{""interval"":27069.999999999996}",attributes,spans,580706b33949,railway-simulation,6fbf08a53235d7b0,33e94a43d49aaa7aec8db6b128cc9273
,,2189,2025-12-01T13:17:45.976701674Z,2025-12-01T14:17:45.976701674Z,2025-12-01T13:57:13.164478822Z,"{""interval"":88120}",attributes,spans,580706b33949,railway-simulation,6fd7be71c954f001,fc9bf7e4ff5c491d5d06d67ca0c5f100
,,2190,2025-12-01T13:17:45.976701674Z,2025-12-01T14:17:45.976701674Z,2025-12-01T13:54:48.899261823Z,"{""interval"":64855}",attributes,spans,580706b33949,railway-simulation,6fdb2e11224d8882,41299686a9ffaeb8e49baafaae2e9b62
,,2191,2025-12-01T13:17:45.976701674Z,2025-12-01T14:17:45.976701674Z,2025-12-01T13:51:21.566126985Z,"{""interval"":30700}",attributes,spans,580706b33949,railway-simulation,6fe8ca8f2c92f5d6,0b72bff074d2af70a2f47c3de4a0f604
,,2192,2025-12-01T13:17:45.976701674Z,2025-12-01T14:17:45.976701674Z,2025-12-01T13:49:50.232625963Z,"{""interval"":15685.000000000002}",attributes,spans,580706b33949,railway-simulation,6ff73a0e45bfa834,eefdd84c9bfd84c84f4eaa97fbad09ff
,,2193,2025-12-01T13:17:45.976701674Z,2025-12-01T14:17:45.976701674Z,2025-12-01T13:57:47.435284993Z,"{""interval"":91750}",attributes,spans,580706b33949,railway-simulation,70172f157e4bc80e,550cd0a48fab616f29baf6db61a26ba2
,,2194,2025-12-01T13:17:45.976701674Z,2025-12-01T14:17:45.976701674Z,2025-12-01T13:57:51.642680681Z,"{""interval"":92245}",attributes,spans,580706b33949,railway-simulation,70247d01ca0f85f7,6fcb0502bcb04f21e3d0348c42661ffe
,,2195,2025-12-01T13:17:45.976701674Z,2025-12-01T14:17:45.976701674Z,2025-12-01T13:52:20.232583499Z,"{""interval"":40435}",attributes,spans,580706b33949,railway-simulation,702da0c586213c96,6b3e1655fd5e80f17e62be5edb4e7a14
,,2196,2025-12-01T13:17:45.976701674Z,2025-12-01T14:17:45.976701674Z,2025-12-01T13:55:51.899525533Z,"{""interval"":75250}",attributes,spans,580706b33949,railway-simulation,704d7de1f1672492,28a915d9e3a2546a27ca76c455b1f37b
,,2197,2025-12-01T13:17:45.976701674Z,2025-12-01T14:17:45.976701674Z,2025-12-01T13:56:45.431142407Z,"{""interval"":83995}",attributes,spans,580706b33949,railway-simulation,705b08069925c46c,b84549534e0faa918c19736e30d64ea2
,,2198,2025-12-01T13:17:45.976701674Z,2025-12-01T14:17:45.976701674Z,2025-12-01T13:55:18.56590717Z,"{""interval"":69805}",attributes,spans,580706b33949,railway-simulation,706ef44660446df0,d886c201c71d06e72b4a7cf6974276cf
,,2199,2025-12-01T13:17:45.976701674Z,2025-12-01T14:17:45.976701674Z,2025-12-01T13:52:42.732561468Z,"{""interval"":44065}",attributes,spans,580706b33949,railway-simulation,707d5850c5790175,18a7eb701c758f4fb2b7c56d61e92819
,,2200,2025-12-01T13:17:45.976701674Z,2025-12-01T14:17:45.976701674Z,2025-12-01T13:56:02.232681455Z,"{""interval"":77065}",attributes,spans,580706b33949,railway-simulation,707ef3f34dc2b7b7,7f9fa97d178cbd111bce20f8f8675c82
,,2201,2025-12-01T13:17:45.976701674Z,2025-12-01T14:17:45.976701674Z,2025-12-01T13:58:33.394335627Z,"{""interval"":97360}",attributes,spans,580706b33949,railway-simulation,708cb27d0cca955e,d4d10222e868aaeeefa5ee08045629fa
,,2202,2025-12-01T13:17:45.976701674Z,2025-12-01T14:17:45.976701674Z,2025-12-01T13:53:26.732612868Z,"{""interval"":51325}",attributes,spans,580706b33949,railway-simulation,709801ec9b29d368,8314b81262b7b8d9be60048d76031479
,,2203,2025-12-01T13:17:45.976701674Z,2025-12-01T14:17:45.976701674Z,2025-12-01T13:48:30.732541032Z,"{""interval"":2485}",attributes,spans,580706b33949,railway-simulation,709cfbd39fcc6d1c,b26d87122138c46d54d717ebfc307203
,,2204,2025-12-01T13:17:45.976701674Z,2025-12-01T14:17:45.976701674Z,2025-12-01T13:55:29.732578149Z,"{""interval"":71620}",attributes,spans,580706b33949,railway-simulation,70a18737127144a6,043ebdd7612d76216c7621a174951e07
,,2205,2025-12-01T13:17:45.976701674Z,2025-12-01T14:17:45.976701674Z,2025-12-01T13:54:35.399286058Z,"{""interval"":62709.99999999999}",attributes,spans,580706b33949,railway-simulation,70ae224d851eea67,b70638484852c9cad3cdd19042728429
,,2206,2025-12-01T13:17:45.976701674Z,2025-12-01T14:17:45.976701674Z,2025-12-01T13:49:18.065899156Z,"{""interval"":10405}",attributes,spans,580706b33949,railway-simulation,70aed659cf606849,2961c761962c1d49f2b5d69ef6f54241
,,2207,2025-12-01T13:17:45.976701674Z,2025-12-01T14:17:45.976701674Z,2025-12-01T13:54:18.732564319Z,"{""interval"":59905}",attributes,spans,580706b33949,railway-simulation,70bc884ba40ded35,81d7037cbfaef0d4e3eb39b072095541
,,2208,2025-12-01T13:17:45.976701674Z,2025-12-01T14:17:45.976701674Z,2025-12-01T13:58:39.957713735Z,"{""interval"":98515}",attributes,spans,580706b33949,railway-simulation,70c650f9b307393f,a1f4606289a45f554247c745a7dfdb52
,,2209,2025-12-01T13:17:45.976701674Z,2025-12-01T14:17:45.976701674Z,2025-12-01T13:56:01.732927239Z,"{""interval"":76900}",attributes,spans,580706b33949,railway-simulation,70d35cec244c8fb6,4dbea16a7a76142ab42cb1b7152855c2
,,2210,2025-12-01T13:17:45.976701674Z,2025-12-01T14:17:45.976701674Z,2025-12-01T13:54:40.565971432Z,"{""interval"":63535.00000000001}",attributes,spans,580706b33949,railway-simulation,70d4d130730ac055,d48b002820f5c4feccc0f4410663476f
,,2211,2025-12-01T13:17:45.976701674Z,2025-12-01T14:17:45.976701674Z,2025-12-01T13:56:53.488328849Z,"{""interval"":85480}",attributes,spans,580706b33949,railway-simulation,70ea6d586d382e60,899dc8485038bca623eb025dd2ec2e03
,,2212,2025-12-01T13:17:45.976701674Z,2025-12-01T14:17:45.976701674Z,2025-12-01T13:50:39.899278939Z,"{""interval"":23770}",attributes,spans,580706b33949,railway-simulation,711fdd5d5c7430b4,8812a631ec8fc4a628c1e5a4eb63dfa1
,,2213,2025-12-01T13:17:45.976701674Z,2025-12-01T14:17:45.976701674Z,2025-12-01T13:51:23.899278901Z,"{""interval"":31030}",attributes,spans,580706b33949,railway-simulation,713596a8683f27bb,5efdd30c09a6d585dfc5f3e2def4011f
,,2214,2025-12-01T13:17:45.976701674Z,2025-12-01T14:17:45.976701674Z,2025-12-01T13:57:56.663046134Z,"{""interval"":92740}",attributes,spans,580706b33949,railway-simulation,714cd803a6ac44f1,7ada8d8b22a71f1772d0bd70534fc117
,,2215,2025-12-01T13:17:45.976701674Z,2025-12-01T14:17:45.976701674Z,2025-12-01T13:56:50.499390708Z,"{""interval"":84985}",attributes,spans,580706b33949,railway-simulation,714f5370ea46543d,bb1dbed694311e0c0a818582e38a65b6
,,2216,2025-12-01T13:17:45.976701674Z,2025-12-01T14:17:45.976701674Z,2025-12-01T13:55:40.566179679Z,"{""interval"":73435}",attributes,spans,580706b33949,railway-simulation,716a85b2069ce092,0d22ec3326771c1d3ac02f95cf034f3e
,,2217,2025-12-01T13:17:45.976701674Z,2025-12-01T14:17:45.976701674Z,2025-12-01T13:50:48.399292401Z,"{""interval"":25255}",attributes,spans,580706b33949,railway-simulation,718ba10a23b465ae,f162913a0d76b691234ef5df8697539b
,,2218,2025-12-01T13:17:45.976701674Z,2025-12-01T14:17:45.976701674Z,2025-12-01T13:55:08.399292997Z,"{""interval"":68155}",attributes,spans,580706b33949,railway-simulation,719e75967349353c,f8c4eec3c10d16e1bcbf64c495f0a517
,,2219,2025-12-01T13:17:45.976701674Z,2025-12-01T14:17:45.976701674Z,2025-12-01T13:54:48.56598587Z,"{""interval"":64855}",attributes,spans,580706b33949,railway-simulation,71b306c6a79f79af,ae4c87025e8099fb784b2b5dadfef797
,,2220,2025-12-01T13:17:45.976701674Z,2025-12-01T14:17:45.976701674Z,2025-12-01T13:51:39.732598262Z,"{""interval"":33670}",attributes,spans,580706b33949,railway-simulation,71b9dde03ace6553,fbac62c3d551d6170085c788ff73f514
,,2221,2025-12-01T13:17:45.976701674Z,2025-12-01T14:17:45.976701674Z,2025-12-01T13:57:33.306150366Z,"{""interval"":90265}",attributes,spans,580706b33949,railway-simulation,71bdee79f8e66054,3c046bf30809ebab5082d2267cb69d96
,,2222,2025-12-01T13:17:45.976701674Z,2025-12-01T14:17:45.976701674Z,2025-12-01T13:52:08.232599491Z,"{""interval"":38455}",attributes,spans,580706b33949,railway-simulation,71cee3bb63a318c3,c2a976a96c84c7dab7efd1b3775ac682
,,2223,2025-12-01T13:17:45.976701674Z,2025-12-01T14:17:45.976701674Z,2025-12-01T13:50:44.399792268Z,"{""interval"":24595}",attributes,spans,580706b33949,railway-simulation,71d7590b0c4e7fc8,bb6367a40cdbdaea6c2a781dacd326b8
,,2224,2025-12-01T13:17:45.976701674Z,2025-12-01T14:17:45.976701674Z,2025-12-01T13:58:30.279574582Z,"{""interval"":96865}",attributes,spans,580706b33949,railway-simulation,71dd6c4453bbf014,746972271484cad53149ef68d4048f48
,,2225,2025-12-01T13:17:45.976701674Z,2025-12-01T14:17:45.976701674Z,2025-12-01T13:52:33.56599899Z,"{""interval"":42580}",attributes,spans,580706b33949,railway-simulation,7203500e76c49975,f24b0573910d45fd3f859cf124e0a1a2
,,2226,2025-12-01T13:17:45.976701674Z,2025-12-01T14:17:45.976701674Z,2025-12-01T13:49:11.399384081Z,"{""interval"":9250}",attributes,spans,580706b33949,railway-simulation,720c635565aea67b,e422d2e57a8af164c24467f7441dfecb
,,2227,2025-12-01T13:17:45.976701674Z,2025-12-01T14:17:45.976701674Z,2025-12-01T13:55:28.232680228Z,"{""interval"":71455}",attributes,spans,580706b33949,railway-simulation,7225af39b5ea39b3,051fbff1dc4e38079f4dd8d8685e5be2
,,2228,2025-12-01T13:17:45.976701674Z,2025-12-01T14:17:45.976701674Z,2025-12-01T13:53:20.23261179Z,"{""interval"":50335}",attributes,spans,580706b33949,railway-simulation,7230a26d2f23c02f,5e7d266e687315e9367a3ef1ef21ea11
,,2229,2025-12-01T13:17:45.976701674Z,2025-12-01T14:17:45.976701674Z,2025-12-01T13:54:22.565909308Z,"{""interval"":60565}",attributes,spans,580706b33949,railway-simulation,72414e94588450c7,8710f616fc5226e2209a6eaa58665c19
,,2230,2025-12-01T13:17:45.976701674Z,2025-12-01T14:17:45.976701674Z,2025-12-01T13:58:38.781521459Z,"{""interval"":98185}",attributes,spans,580706b33949,railway-simulation,724c3a21edea32d4,35cdc2fc74e4d313be7b7e5e0e16085b
,,2231,2025-12-01T13:17:45.976701674Z,2025-12-01T14:17:45.976701674Z,2025-12-01T13:53:05.732634005Z,"{""interval"":47860}",attributes,spans,580706b33949,railway-simulation,728281ab0d0d090b,0e83cf0744015bb7378738cfb811b304
,,2232,2025-12-01T13:17:45.976701674Z,2025-12-01T14:17:45.976701674Z,2025-12-01T13:57:07.982892605Z,"{""interval"":87625}",attributes,spans,580706b33949,railway-simulation,728609422efb882c,777dafe597819564eb6a80f4a9d21367
,,2233,2025-12-01T13:17:45.976701674Z,2025-12-01T14:17:45.976701674Z,2025-12-01T13:56:17.066229437Z,"{""interval"":79540}",attributes,spans,580706b33949,railway-simulation,728823c20a49e78a,ea8eec570f7cd207c206bada4f76ccfc
,,2234,2025-12-01T13:17:45.976701674Z,2025-12-01T14:17:45.976701674Z,2025-12-01T13:54:59.232592542Z,"{""interval"":66670}",attributes,spans,580706b33949,railway-simulation,7296bd2443201d87,468f1a797483bc51bf80f84026b5ef64
,,2235,2025-12-01T13:17:45.976701674Z,2025-12-01T14:17:45.976701674Z,2025-12-01T13:52:55.232620129Z,"{""interval"":46210}",attributes,spans,580706b33949,railway-simulation,72a185d664d5b0c8,fc434c6009096306d7696ab0a094b2f5
,,2236,2025-12-01T13:17:45.976701674Z,2025-12-01T14:17:45.976701674Z,2025-12-01T13:55:55.566006114Z,"{""interval"":75910}",attributes,spans,580706b33949,railway-simulation,72a216e9427294e2,d4b4b1824014702470069c8702f79a0a
,,2237,2025-12-01T13:17:45.976701674Z,2025-12-01T14:17:45.976701674Z,2025-12-01T13:53:03.065919827Z,"{""interval"":47530}",attributes,spans,580706b33949,railway-simulation,72a73e6cc65c43f0,01a138bc2202f49e5ca7dcdaf8cb8e06
,,2238,2025-12-01T13:17:45.976701674Z,2025-12-01T14:17:45.976701674Z,2025-12-01T13:54:35.565935362Z,"{""interval"":62709.99999999999}",attributes,spans,580706b33949,railway-simulation,72b0c669d2f1e93d,0281e22e19e1a4474505757521ca0f7a
,,2239,2025-12-01T13:17:45.976701674Z,2025-12-01T14:17:45.976701674Z,2025-12-01T13:50:51.232638869Z,"{""interval"":25750}",attributes,spans,580706b33949,railway-simulation,72e53ca2788a1fc8,ace75056d299fa6dc805087378d03b8c
,,2240,2025-12-01T13:17:45.976701674Z,2025-12-01T14:17:45.976701674Z,2025-12-01T13:52:14.899334688Z,"{""interval"":39445}",attributes,spans,580706b33949,railway-simulation,72f45930d2e979b8,e0a6628fe6c50af0f558a1afb61ebf40
,,2241,2025-12-01T13:17:45.976701674Z,2025-12-01T14:17:45.976701674Z,2025-12-01T13:48:47.232571592Z,"{""interval"":5290}",attributes,spans,580706b33949,railway-simulation,72fd2f07152d9575,86e5b6310522bb59b4fd9b4bf7e20073
,,2242,2025-12-01T13:17:45.976701674Z,2025-12-01T14:17:45.976701674Z,2025-12-01T13:54:46.399217503Z,"{""interval"":64525.00000000001}",attributes,spans,580706b33949,railway-simulation,73234bf0bdd947df,15057dae831343e3439c2389bbc0c7cf
,,2243,2025-12-01T13:17:45.976701674Z,2025-12-01T14:17:45.976701674Z,2025-12-01T13:53:38.232558222Z,"{""interval"":53305}",attributes,spans,580706b33949,railway-simulation,733e1bf78b06e815,7136bf71e1d0ed90cadf8dccfa382928
,,2244,2025-12-01T13:17:45.976701674Z,2025-12-01T14:17:45.976701674Z,2025-12-01T13:58:42.096312089Z,"{""interval"":98845}",attributes,spans,580706b33949,railway-simulation,73491c9bd2e69018,eb89b686ac28601540c77a49907e3588
,,2245,2025-12-01T13:17:45.976701674Z,2025-12-01T14:17:45.976701674Z,2025-12-01T13:54:20.565903755Z,"{""interval"":60235.00000000001}",attributes,spans,580706b33949,railway-simulation,734f8a23c63d3b49,6065ca3f26b4e021b3e9afd563c77204
,,2246,2025-12-01T13:17:45.976701674Z,2025-12-01T14:17:45.976701674Z,2025-12-01T13:53:36.232596709Z,"{""interval"":52975}",attributes,spans,580706b33949,railway-simulation,735178d9a16e070e,dabe71d842465994f3da34808393999a
,,2247,2025-12-01T13:17:45.976701674Z,2025-12-01T14:17:45.976701674Z,2025-12-01T13:50:00.56594499Z,"{""interval"":17335}",attributes,spans,580706b33949,railway-simulation,736383d065d175b1,d70166d974077ede8899288a9f97b092
,,2248,2025-12-01T13:17:45.976701674Z,2025-12-01T14:17:45.976701674Z,2025-12-01T13:57:56.896734837Z,"{""interval"":92740}",attributes,spans,580706b33949,railway-simulation,7376f1b5d05eb70f,6cea149d6685ac26d39e06df86c2c392
,,2249,2025-12-01T13:17:45.976701674Z,2025-12-01T14:17:45.976701674Z,2025-12-01T13:57:58.352008493Z,"{""interval"":92905}",attributes,spans,580706b33949,railway-simulation,73792c39dd25a9a0,9aadbbd4c9937f6ed2c057a82d04aa31
,,2250,2025-12-01T13:17:45.976701674Z,2025-12-01T14:17:45.976701674Z,2025-12-01T13:50:41.566020339Z,"{""interval"":24100}",attributes,spans,580706b33949,railway-simulation,737a5490dddb8ace,bac5febfc39fc26b33ad9befe4f622bf
,,2251,2025-12-01T13:17:45.976701674Z,2025-12-01T14:17:45.976701674Z,2025-12-01T13:49:26.399258476Z,"{""interval"":11725}",attributes,spans,580706b33949,railway-simulation,7394c1ca5aa26105,f9da189831d6ba7a7310048cdb834112
,,2252,2025-12-01T13:17:45.976701674Z,2025-12-01T14:17:45.976701674Z,2025-12-01T13:56:13.399732404Z,"{""interval"":78880}",attributes,spans,580706b33949,railway-simulation,73b19b80f8b5638c,ff9f47326fd778fc63a1466c55f7e8a0
,,2253,2025-12-01T13:17:45.976701674Z,2025-12-01T14:17:45.976701674Z,2025-12-01T13:55:50.399307744Z,"{""interval"":75085}",attributes,spans,580706b33949,railway-simulation,73cef57106d384eb,7c7050c3d358a64dc7cafb7d10141ded
,,2254,2025-12-01T13:17:45.976701674Z,2025-12-01T14:17:45.976701674Z,2025-12-01T13:55:09.732602722Z,"{""interval"":68320}",attributes,spans,580706b33949,railway-simulation,73d516d3c9d960df,b7c3bf12b0e58a066896f3780f4ec62d
,,2255,2025-12-01T13:17:45.976701674Z,2025-12-01T14:17:45.976701674Z,2025-12-01T13:51:40.232595271Z,"{""interval"":33835}",attributes,spans,580706b33949,railway-simulation,73e0db0c3aacbf68,b2184fe829e4ac95f56ddc536d71441a
,,2256,2025-12-01T13:17:45.976701674Z,2025-12-01T14:17:45.976701674Z,2025-12-01T13:58:47.20761637Z,"{""interval"":99670}",attributes,spans,580706b33949,railway-simulation,7404d5de8350e285,09cf45547e00023bbe6048132077c231
,,2257,2025-12-01T13:17:45.976701674Z,2025-12-01T14:17:45.976701674Z,2025-12-01T13:57:38.894495799Z,"{""interval"":90760}",attributes,spans,580706b33949,railway-simulation,7413b686a0f9dff5,f9ffa1783886b75653b4ab64cb56f624
,,2258,2025-12-01T13:17:45.976701674Z,2025-12-01T14:17:45.976701674Z,2025-12-01T13:50:24.066760618Z,"{""interval"":21295}",attributes,spans,580706b33949,railway-simulation,7466b0d1d63e6aeb,f61236e2661dc097e3f42a4a50400446
,,2259,2025-12-01T13:17:45.976701674Z,2025-12-01T14:17:45.976701674Z,2025-12-01T13:49:23.566462066Z,"{""interval"":11230}",attributes,spans,580706b33949,railway-simulation,7473e465ca3c5486,875c99cd698357a015ed22bdb603833b
,,2260,2025-12-01T13:17:45.976701674Z,2025-12-01T14:17:45.976701674Z,2025-12-01T13:50:21.566028758Z,"{""interval"":20800}",attributes,spans,580706b33949,railway-simulation,74c7a10910dd07ea,8ec3d1abc1491dd4d85559a9476e87a4
,,2261,2025-12-01T13:17:45.976701674Z,2025-12-01T14:17:45.976701674Z,2025-12-01T13:54:27.232573037Z,"{""interval"":61390}",attributes,spans,580706b33949,railway-simulation,74cd6f89da7e388d,17fa5147ae73a8ab327302a8b05772a1
,,2262,2025-12-01T13:17:45.976701674Z,2025-12-01T14:17:45.976701674Z,2025-12-01T13:51:05.23268196Z,"{""interval"":28060}",attributes,spans,580706b33949,railway-simulation,74db58b8846448b1,d09d52a91bb1f4a7b5afe41436382757
,,2263,2025-12-01T13:17:45.976701674Z,2025-12-01T14:17:45.976701674Z,2025-12-01T13:58:22.136437768Z,"{""interval"":95710}",attributes,spans,580706b33949,railway-simulation,74e3ec1d766110ad,938bd9be447c1234830c75d02eae8129
,,2264,2025-12-01T13:17:45.976701674Z,2025-12-01T14:17:45.976701674Z,2025-12-01T13:58:14.433804743Z,"{""interval"":94720}",attributes,spans,580706b33949,railway-simulation,74e4614d511b24e6,8d6f729fee56e8dd6592883cf3d0753f
,,2265,2025-12-01T13:17:45.976701674Z,2025-12-01T14:17:45.976701674Z,2025-12-01T13:55:53.399541325Z,"{""interval"":75580}",attributes,spans,580706b33949,railway-simulation,74fab3c96c7553dc,37ea071a0c29ccbd88509dfe4470ecd8
,,2266,2025-12-01T13:17:45.976701674Z,2025-12-01T14:17:45.976701674Z,2025-12-01T13:56:41.024527947Z,"{""interval"":83335}",attributes,spans,580706b33949,railway-simulation,7504bac7268432c0,5525b75082868b41653aefac8c5fcb27
,,2267,2025-12-01T13:17:45.976701674Z,2025-12-01T14:17:45.976701674Z,2025-12-01T13:56:06.899348011Z,"{""interval"":77725}",attributes,spans,580706b33949,railway-simulation,750617e40df7c88a,70d0cf6f8242f648623e90600dc00aba
,,2268,2025-12-01T13:17:45.976701674Z,2025-12-01T14:17:45.976701674Z,2025-12-01T13:52:10.232739314Z,"{""interval"":38785}",attributes,spans,580706b33949,railway-simulation,751a8b0b71d5b37d,9ae9e3f7241f1427a26695c895e81ed4
,,2269,2025-12-01T13:17:45.976701674Z,2025-12-01T14:17:45.976701674Z,2025-12-01T13:56:59.732757722Z,"{""interval"":86470}",attributes,spans,580706b33949,railway-simulation,752916308e12b540,55cdff310e3ff76fd87b8d5f95ffc0b6
,,2270,2025-12-01T13:17:45.976701674Z,2025-12-01T14:17:45.976701674Z,2025-12-01T13:52:56.232634776Z,"{""interval"":46375}",attributes,spans,580706b33949,railway-simulation,754c7671d08b7c9a,27ca23b497666d455202ddfdf76eb5ab
,,2271,2025-12-01T13:17:45.976701674Z,2025-12-01T14:17:45.976701674Z,2025-12-01T13:51:43.232561756Z,"{""interval"":34330}",attributes,spans,580706b33949,railway-simulation,7555e3fc435f4ca1,84d13de2fa2c318db25e91b2529a3d1b
,,2272,2025-12-01T13:17:45.976701674Z,2025-12-01T14:17:45.976701674Z,2025-12-01T13:51:35.39920819Z,"{""interval"":33010}",attributes,spans,580706b33949,railway-simulation,75898c384eb9aa60,8221352bdb185943e70db0fd69d8e206
,,2273,2025-12-01T13:17:45.976701674Z,2025-12-01T14:17:45.976701674Z,2025-12-01T13:53:10.399214867Z,"{""interval"":48685}",attributes,spans,580706b33949,railway-simulation,758d50f444d930bd,690416cd42f9ff89deb8a47134d99c30
,,2274,2025-12-01T13:17:45.976701674Z,2025-12-01T14:17:45.976701674Z,2025-12-01T13:49:04.399178861Z,"{""interval"":8095}",attributes,spans,580706b33949,railway-simulation,758dfd6942a62ee0,b2d47eceb001c0ff72b02cadb6d0f199
,,2275,2025-12-01T13:17:45.976701674Z,2025-12-01T14:17:45.976701674Z,2025-12-01T13:52:28.065933476Z,"{""interval"":41755}",attributes,spans,580706b33949,railway-simulation,75bef80ad82adb8b,16b63a4d88bc3778bb9af2548d4f563a
,,2276,2025-12-01T13:17:45.976701674Z,2025-12-01T14:17:45.976701674Z,2025-12-01T13:55:50.232634087Z,"{""interval"":75085}",attributes,spans,580706b33949,railway-simulation,75cdd12677a6df6b,a28d21847ee4e8a19adc18b91b3d62b8
,,2277,2025-12-01T13:17:45.976701674Z,2025-12-01T14:17:45.976701674Z,2025-12-01T13:52:40.565893775Z,"{""interval"":43735}",attributes,spans,580706b33949,railway-simulation,75d7f4d9c51d3d2a,307777fe64e56d83e1bae79a83618045
,,2278,2025-12-01T13:17:45.976701674Z,2025-12-01T14:17:45.976701674Z,2025-12-01T13:58:44.9817143Z,"{""interval"":99340}",attributes,spans,580706b33949,railway-simulation,75e93ed10f7b7dfd,8813473ca3c28994cfd63b916fd0adcd
,,2279,2025-12-01T13:17:45.976701674Z,2025-12-01T14:17:45.976701674Z,2025-12-01T13:56:55.899283494Z,"{""interval"":85810}",attributes,spans,580706b33949,railway-simulation,75f6b52a77ca70a4,0ef5c8f63c4b213a339a8a018ccfd99d
,,2280,2025-12-01T13:17:45.976701674Z,2025-12-01T14:17:45.976701674Z,2025-12-01T13:58:37.635603411Z,"{""interval"":98020}",attributes,spans,580706b33949,railway-simulation,75ff9121dcb1e344,6d8b0fbff3c34a5b1a06da8d40a8eec6
,,2281,2025-12-01T13:17:45.976701674Z,2025-12-01T14:17:45.976701674Z,2025-12-01T13:55:53.899332643Z,"{""interval"":75580}",attributes,spans,580706b33949,railway-simulation,760764dc6b6c0def,2390a1409a942d81c2390f2ba992095d
,,2282,2025-12-01T13:17:45.976701674Z,2025-12-01T14:17:45.976701674Z,2025-12-01T13:50:43.399303461Z,"{""interval"":24430}",attributes,spans,580706b33949,railway-simulation,7619d34ef406a021,218d0bf8cdd97ac70cdd0d2528e050db
,,2283,2025-12-01T13:17:45.976701674Z,2025-12-01T14:17:45.976701674Z,2025-12-01T13:48:32.73330177Z,"{""interval"":2815}",attributes,spans,580706b33949,railway-simulation,761ae4600789ae8a,764dfe361620d231a6baa5e7d1555019
,,2284,2025-12-01T13:17:45.976701674Z,2025-12-01T14:17:45.976701674Z,2025-12-01T13:51:08.899218783Z,"{""interval"":28555}",attributes,spans,580706b33949,railway-simulation,761ae7012908814a,5fc34468d62912f71edf73996f085907
,,2285,2025-12-01T13:17:45.976701674Z,2025-12-01T14:17:45.976701674Z,2025-12-01T13:48:44.399934768Z,"{""interval"":4795}",attributes,spans,580706b33949,railway-simulation,762ee5eff134d6e6,17561281fe00dfae6af7accaed1bbc49
,,2286,2025-12-01T13:17:45.976701674Z,2025-12-01T14:17:45.976701674Z,2025-12-01T13:51:52.232611449Z,"{""interval"":35815}",attributes,spans,580706b33949,railway-simulation,76314981144fd22f,bba32c58e134db6885f6b0208d4db3e1
,,2287,2025-12-01T13:17:45.976701674Z,2025-12-01T14:17:45.976701674Z,2025-12-01T13:55:50.732653246Z,"{""interval"":75085}",attributes,spans,580706b33949,railway-simulation,7648b21c20bbe0d7,65da683fa7c902bfbf4399d2e324104f
,,2288,2025-12-01T13:17:45.976701674Z,2025-12-01T14:17:45.976701674Z,2025-12-01T13:54:44.232619021Z,"{""interval"":64195}",attributes,spans,580706b33949,railway-simulation,7668dee30012cb9e,d8e659bbbdcc984bba653234eb627f3b
,,2289,2025-12-01T13:17:45.976701674Z,2025-12-01T14:17:45.976701674Z,2025-12-01T13:48:39.232831337Z,"{""interval"":3970}",attributes,spans,580706b33949,railway-simulation,7673291f7c49312e,f4aa544680cdf48c1d77e6ce6311722c
,,2290,2025-12-01T13:17:45.976701674Z,2025-12-01T14:17:45.976701674Z,2025-12-01T13:50:23.399314083Z,"{""interval"":21130}",attributes,spans,580706b33949,railway-simulation,76897af84e15cdd1,d4ceea10ce8662444189335ff7d2092d
,,2291,2025-12-01T13:17:45.976701674Z,2025-12-01T14:17:45.976701674Z,2025-12-01T13:48:53.399125065Z,"{""interval"":6280}",attributes,spans,580706b33949,railway-simulation,769ba4f8090f55c4,d4dae3c6881ca06249bba15c7bb3c191
,,2292,2025-12-01T13:17:45.976701674Z,2025-12-01T14:17:45.976701674Z,2025-12-01T13:56:00.732791842Z,"{""interval"":76735}",attributes,spans,580706b33949,railway-simulation,76b0935c5ca977e5,b1b20ed7f6c28fff64dff8cefbfbd676
,,2293,2025-12-01T13:17:45.976701674Z,2025-12-01T14:17:45.976701674Z,2025-12-01T13:58:47.361945985Z,"{""interval"":99670}",attributes,spans,580706b33949,railway-simulation,76cdc899ef00f538,140b37816a8674361b0ab9012d8e2c15
,,2294,2025-12-01T13:17:45.976701674Z,2025-12-01T14:17:45.976701674Z,2025-12-01T13:50:29.066226631Z,"{""interval"":22120}",attributes,spans,580706b33949,railway-simulation,76da74de8fbe18d1,bedd3f3482e31a354108ce4e14d32344
,,2295,2025-12-01T13:17:45.976701674Z,2025-12-01T14:17:45.976701674Z,2025-12-01T13:51:02.232723045Z,"{""interval"":27564.999999999996}",attributes,spans,580706b33949,railway-simulation,76f4ba774270dae7,72edcf9c5d02964991be868ab3317fbd
,,2296,2025-12-01T13:17:45.976701674Z,2025-12-01T14:17:45.976701674Z,2025-12-01T13:57:06.248466296Z,"{""interval"":87460}",attributes,spans,580706b33949,railway-simulation,770403a0f8f2682f,609a9f906aa3c061e3ebaa0c43bfe979
,,2297,2025-12-01T13:17:45.976701674Z,2025-12-01T14:17:45.976701674Z,2025-12-01T13:51:30.899255082Z,"{""interval"":32185}",attributes,spans,580706b33949,railway-simulation,77305a1e9e85c012,f42bd40aae217ebbe3fa57ff4c222c0b
,,2298,2025-12-01T13:17:45.976701674Z,2025-12-01T14:17:45.976701674Z,2025-12-01T13:53:15.399764833Z,"{""interval"":49510}",attributes,spans,580706b33949,railway-simulation,773859b8bac03e63,33333d51f66fdd584229ea214911b052
,,2299,2025-12-01T13:17:45.976701674Z,2025-12-01T14:17:45.976701674Z,2025-12-01T13:52:37.399211892Z,"{""interval"":43240}",attributes,spans,580706b33949,railway-simulation,773bee8faaf159c8,4d4f7c2e5d503c7a8da1e392f5e1b849
,,2300,2025-12-01T13:17:45.976701674Z,2025-12-01T14:17:45.976701674Z,2025-12-01T13:58:45.140147148Z,"{""interval"":99340}",attributes,spans,580706b33949,railway-simulation,77516999e008ea49,ac08a26577b64c891dca29db6453f41e
,,2301,2025-12-01T13:17:45.976701674Z,2025-12-01T14:17:45.976701674Z,2025-12-01T13:52:03.732554494Z,"{""interval"":37630}",attributes,spans,580706b33949,railway-simulation,776d570a5c500de4,4a3f407e4929fbdb3d79a856de805a1b
,,2302,2025-12-01T13:17:45.976701674Z,2025-12-01T14:17:45.976701674Z,2025-12-01T13:54:00.065940973Z,"{""interval"":56934.99999999999}",attributes,spans,580706b33949,railway-simulation,779d192c1e122255,e114caec0bf88097cb661a815bebf7f9
,,2303,2025-12-01T13:17:45.976701674Z,2025-12-01T14:17:45.976701674Z,2025-12-01T13:54:43.565962211Z,"{""interval"":64030.00000000001}",attributes,spans,580706b33949,railway-simulation,77a55e1cd059d21d,cef0ff4da9759bef8f3cefaa5620d2f5
,,2304,2025-12-01T13:17:45.976701674Z,2025-12-01T14:17:45.976701674Z,2025-12-01T13:54:12.232696053Z,"{""interval"":58915}",attributes,spans,580706b33949,railway-simulation,77c657e0e7549e64,6fc7eb3613c274fd1f802ed53df8e046
,,2305,2025-12-01T13:17:45.976701674Z,2025-12-01T14:17:45.976701674Z,2025-12-01T13:49:16.232739082Z,"{""interval"":10075}",attributes,spans,580706b33949,railway-simulation,77f3f9bb25de85ab,8c04f196550008ee1b78fffc0f68d2f5
,,2306,2025-12-01T13:17:45.976701674Z,2025-12-01T14:17:45.976701674Z,2025-12-01T13:50:10.565941393Z,"{""interval"":18985}",attributes,spans,580706b33949,railway-simulation,77f87714102609d6,68c50aca8ab5461d8ba61512c6afe8fc
,,2307,2025-12-01T13:17:45.976701674Z,2025-12-01T14:17:45.976701674Z,2025-12-01T13:53:34.899275522Z,"{""interval"":52644.99999999999}",attributes,spans,580706b33949,railway-simulation,77fb5c9dee961e4e,1e714cb5aae36f1c1283950c37632a24
,,2308,2025-12-01T13:17:45.976701674Z,2025-12-01T14:17:45.976701674Z,2025-12-01T13:52:06.566093184Z,"{""interval"":38125}",attributes,spans,580706b33949,railway-simulation,7806461d2fde3984,c8ab5c45a7df58000075fc0730c7cfb3
,,2309,2025-12-01T13:17:45.976701674Z,2025-12-01T14:17:45.976701674Z,2025-12-01T13:56:47.115779767Z,"{""interval"":84325}",attributes,spans,580706b33949,railway-simulation,78285b9bd99e0361,78a219b50b8222028e37b40609bddd07
,,2310,2025-12-01T13:17:45.976701674Z,2025-12-01T14:17:45.976701674Z,2025-12-01T13:50:22.233346756Z,"{""interval"":20965}",attributes,spans,580706b33949,railway-simulation,782bccc09dc050d1,7481b0295c4f54b79bd369abcb86f32c
,,2311,2025-12-01T13:17:45.976701674Z,2025-12-01T14:17:45.976701674Z,2025-12-01T13:48:24.065667791Z,"{""interval"":1495}",attributes,spans,580706b33949,railway-simulation,783130c829a036c9,604e83471b839c2ce244ea5279164bd1
,,2312,2025-12-01T13:17:45.976701674Z,2025-12-01T14:17:45.976701674Z,2025-12-01T13:50:45.399285685Z,"{""interval"":24760}",attributes,spans,580706b33949,railway-simulation,783ea6c330652bdf,dc3c55f37c68c8e762d891a86cf62158
,,2313,2025-12-01T13:17:45.976701674Z,2025-12-01T14:17:45.976701674Z,2025-12-01T13:51:26.565990838Z,"{""interval"":31525}",attributes,spans,580706b33949,railway-simulation,7878bca528c5eb78,c5da144a722edb65e135627d4583dd9b
,,2314,2025-12-01T13:17:45.976701674Z,2025-12-01T14:17:45.976701674Z,2025-12-01T13:50:21.899365117Z,"{""interval"":20800}",attributes,spans,580706b33949,railway-simulation,788881d596aacf7a,5101f7a0ea37b52e495871fc90a0be3a
,,2315,2025-12-01T13:17:45.976701674Z,2025-12-01T14:17:45.976701674Z,2025-12-01T13:54:52.732569333Z,"{""interval"":65514.99999999999}",attributes,spans,580706b33949,railway-simulation,788a5ea33720890a,b17bbc2efc260d62216aa65b0b1abbd9
,,2316,2025-12-01T13:17:45.976701674Z,2025-12-01T14:17:45.976701674Z,2025-12-01T13:48:25.399523485Z,"{""interval"":1660}",attributes,spans,580706b33949,railway-simulation,78a85dd58f536a50,a2e45b0fac378b19a53e7cb71856013c
,,2317,2025-12-01T13:17:45.976701674Z,2025-12-01T14:17:45.976701674Z,2025-12-01T13:48:22.565134754Z,"{""interval"":1165}",attributes,spans,580706b33949,railway-simulation,78a920d3e0400e35,04acbae220d1a4dff3e7989ed108923a
,,2318,2025-12-01T13:17:45.976701674Z,2025-12-01T14:17:45.976701674Z,2025-12-01T13:54:38.399300835Z,"{""interval"":63205}",attributes,spans,580706b33949,railway-simulation,78c855452427ae1b,4a8a0a8f6f7fed80e0524b4cdae44c39
,,2319,2025-12-01T13:17:45.976701674Z,2025-12-01T14:17:45.976701674Z,2025-12-01T13:55:23.065926461Z,"{""interval"":70630}",attributes,spans,580706b33949,railway-simulation,78cd8f3ab24d71cd,6b04f04ff8cbb89cdcca633a420c26c6
,,2320,2025-12-01T13:17:45.976701674Z,2025-12-01T14:17:45.976701674Z,2025-12-01T13:58:25.200838123Z,"{""interval"":96040}",attributes,spans,580706b33949,railway-simulation,78d89b1906874219,822108fd7b28e6f0ac1f3ea4bad7cc0f
,,2321,2025-12-01T13:17:45.976701674Z,2025-12-01T14:17:45.976701674Z,2025-12-01T13:52:00.232585017Z,"{""interval"":37135}",attributes,spans,580706b33949,railway-simulation,790a1b3be7fc39ef,6b694b6d5aca62ccfa18eb1ec15fe52d
,,2322,2025-12-01T13:17:45.976701674Z,2025-12-01T14:17:45.976701674Z,2025-12-01T13:51:27.399414172Z,"{""interval"":31690}",attributes,spans,580706b33949,railway-simulation,791a01b332d4b96c,2adde06bbd98971eb95ac96a2f526203
,,2323,2025-12-01T13:17:45.976701674Z,2025-12-01T14:17:45.976701674Z,2025-12-01T13:52:09.732677595Z,"{""interval"":38620}",attributes,spans,580706b33949,railway-simulation,79265d7878ece786,514c0d60f5c1a13a1413baa42a8eb395
,,2324,2025-12-01T13:17:45.976701674Z,2025-12-01T14:17:45.976701674Z,2025-12-01T13:48:43.56606783Z,"{""interval"":4630}",attributes,spans,580706b33949,railway-simulation,792aa2aab4ec106c,160035a163e782407cab993570c0db1a
,,2325,2025-12-01T13:17:45.976701674Z,2025-12-01T14:17:45.976701674Z,2025-12-01T13:51:40.399235936Z,"{""interval"":33835}",attributes,spans,580706b33949,railway-simulation,792e38bb27d8c1cc,8b6ae11db339e8ad9613f7b42c543d27
,,2326,2025-12-01T13:17:45.976701674Z,2025-12-01T14:17:45.976701674Z,2025-12-01T13:50:22.566981099Z,"{""interval"":20965}",attributes,spans,580706b33949,railway-simulation,7937d2d593d008a5,3737414cb509aae5434fd2fd777ebc48
,,2327,2025-12-01T13:17:45.976701674Z,2025-12-01T14:17:45.976701674Z,2025-12-01T13:55:27.232595896Z,"{""interval"":71290}",attributes,spans,580706b33949,railway-simulation,793aca6ac5296f85,06bf5c583a50ee7f4ed1120d2f860c9f
,,2328,2025-12-01T13:17:45.976701674Z,2025-12-01T14:17:45.976701674Z,2025-12-01T13:53:28.565933554Z,"{""interval"":51655.00000000001}",attributes,spans,580706b33949,railway-simulation,79499fb0307181e2,7951d3fd21803fa59e5a4e7cf23677c0
,,2329,2025-12-01T13:17:45.976701674Z,2025-12-01T14:17:45.976701674Z,2025-12-01T13:54:02.732664109Z,"{""interval"":57265}",attributes,spans,580706b33949,railway-simulation,79932c529a3e6abe,b5976b8c4ff8841c987b437efa3d7972
,,2330,2025-12-01T13:17:45.976701674Z,2025-12-01T14:17:45.976701674Z,2025-12-01T13:55:15.732622515Z,"{""interval"":69310}",attributes,spans,580706b33949,railway-simulation,79a93c2df260b843,957b5e4874c918eef5fcaa51f3b55d02
,,2331,2025-12-01T13:17:45.976701674Z,2025-12-01T14:17:45.976701674Z,2025-12-01T13:51:50.732568232Z,"{""interval"":35485}",attributes,spans,580706b33949,railway-simulation,79a9fe4cc2521b00,f6f2d687e7748c915127b24de6e2e96a
,,2332,2025-12-01T13:17:45.976701674Z,2025-12-01T14:17:45.976701674Z,2025-12-01T13:58:22.672591442Z,"{""interval"":95710}",attributes,spans,580706b33949,railway-simulation,79b36fa10f4f0408,83e267cb0fe3d18e4bf30441c677b024
,,2333,2025-12-01T13:17:45.976701674Z,2025-12-01T14:17:45.976701674Z,2025-12-01T13:54:58.399253022Z,"{""interval"":66505}",attributes,spans,580706b33949,railway-simulation,79b4597aedff02d6,49bed20c28a886b9b93927a39e26a013
,,2334,2025-12-01T13:17:45.976701674Z,2025-12-01T14:17:45.976701674Z,2025-12-01T13:51:54.73256439Z,"{""interval"":36145}",attributes,spans,580706b33949,railway-simulation,79e473f62fb5071e,b564c2bb68fc232d44c8f305d0368b42
,,2335,2025-12-01T13:17:45.976701674Z,2025-12-01T14:17:45.976701674Z,2025-12-01T13:56:38.780946313Z,"{""interval"":83005}",attributes,spans,580706b33949,railway-simulation,79f16f5faf8adb16,e108da61846689ae9a922a98d332517f
,,2336,2025-12-01T13:17:45.976701674Z,2025-12-01T14:17:45.976701674Z,2025-12-01T13:52:04.066003942Z,"{""interval"":37795}",attributes,spans,580706b33949,railway-simulation,7a0237731e6fbb5f,bcb1a1e7603f87aec946d74c7ec0b154
,,2337,2025-12-01T13:17:45.976701674Z,2025-12-01T14:17:45.976701674Z,2025-12-01T13:58:42.927086351Z,"{""interval"":99010}",attributes,spans,580706b33949,railway-simulation,7a02f839f9478b71,40b60b2a8c8decb13495f522a12cccfb
,,2338,2025-12-01T13:17:45.976701674Z,2025-12-01T14:17:45.976701674Z,2025-12-01T13:49:30.89954834Z,"{""interval"":12385}",attributes,spans,580706b33949,railway-simulation,7a24e0ed32b7335e,481b8c9aebf1ef185997f5cd02297bbf
,,2339,2025-12-01T13:17:45.976701674Z,2025-12-01T14:17:45.976701674Z,2025-12-01T13:50:55.732628264Z,"{""interval"":26410}",attributes,spans,580706b33949,railway-simulation,7a306ac2e7e585ae,aeb8d12637a47a686add9940f0967aa4
,,2340,2025-12-01T13:17:45.976701674Z,2025-12-01T14:17:45.976701674Z,2025-12-01T13:55:39.232602172Z,"{""interval"":73270}",attributes,spans,580706b33949,railway-simulation,7a35b38b9451fc54,b847ae3c251833d7e303898513cd401d
,,2341,2025-12-01T13:17:45.976701674Z,2025-12-01T14:17:45.976701674Z,2025-12-01T13:50:39.232583251Z,"{""interval"":23770}",attributes,spans,580706b33949,railway-simulation,7a4176c35a6156aa,e4aa765eb21ef8b2600ff554825b56a5
,,2342,2025-12-01T13:17:45.976701674Z,2025-12-01T14:17:45.976701674Z,2025-12-01T13:53:27.565911313Z,"{""interval"":51490}",attributes,spans,580706b33949,railway-simulation,7a8c978caaf72208,68fd1818309366a3687ade6967a86eca
,,2343,2025-12-01T13:17:45.976701674Z,2025-12-01T14:17:45.976701674Z,2025-12-01T13:55:51.732761931Z,"{""interval"":75250}",attributes,spans,580706b33949,railway-simulation,7a8e560aa25f26ce,81bd97353418d9dea3ce06a008ea42b8
,,2344,2025-12-01T13:17:45.976701674Z,2025-12-01T14:17:45.976701674Z,2025-12-01T13:54:11.899242624Z,"{""interval"":58750.00000000001}",attributes,spans,580706b33949,railway-simulation,7aa2a2cf5e2892a8,a64bb39353c8287a415a2a5c228b9aa8
,,2345,2025-12-01T13:17:45.976701674Z,2025-12-01T14:17:45.976701674Z,2025-12-01T13:52:35.732567401Z,"{""interval"":42910}",attributes,spans,580706b33949,railway-simulation,7aacc55060f6e636,7cb9e8618163a4969dea7690af944c41
,,2346,2025-12-01T13:17:45.976701674Z,2025-12-01T14:17:45.976701674Z,2025-12-01T13:51:27.566083664Z,"{""interval"":31690}",attributes,spans,580706b33949,railway-simulation,7abf6bc03939c551,5735545386da1bfc31a7282b3a9d7471
,,2347,2025-12-01T13:17:45.976701674Z,2025-12-01T14:17:45.976701674Z,2025-12-01T13:51:32.399269038Z,"{""interval"":32515.000000000004}",attributes,spans,580706b33949,railway-simulation,7acbab9a8c02356e,8f5c89ad9bc08d84b62ee28731be8225
,,2348,2025-12-01T13:17:45.976701674Z,2025-12-01T14:17:45.976701674Z,2025-12-01T13:52:47.732593912Z,"{""interval"":44890}",attributes,spans,580706b33949,railway-simulation,7acfb0078d952c1b,ae2e5cf90390fe04f63e7295df9fafcb
,,2349,2025-12-01T13:17:45.976701674Z,2025-12-01T14:17:45.976701674Z,2025-12-01T13:53:34.065912893Z,"{""interval"":52644.99999999999}",attributes,spans,580706b33949,railway-simulation,7b063607f9e68cef,6a4c44d0ddf7087dec80e1eb0570a2ef
,,2350,2025-12-01T13:17:45.976701674Z,2025-12-01T14:17:45.976701674Z,2025-12-01T13:54:24.732567976Z,"{""interval"":60895}",attributes,spans,580706b33949,railway-simulation,7b0fb2230b1d4a4a,7369966dae59372b73c26c203b0875f5
,,2351,2025-12-01T13:17:45.976701674Z,2025-12-01T14:17:45.976701674Z,2025-12-01T13:53:58.899264321Z,"{""interval"":56605}",attributes,spans,580706b33949,railway-simulation,7b20f88708b459c7,4d8f80c531979cfb6baf58a8ab6000c6
,,2352,2025-12-01T13:17:45.976701674Z,2025-12-01T14:17:45.976701674Z,2025-12-01T13:55:10.399301688Z,"{""interval"":68485}",attributes,spans,580706b33949,railway-simulation,7b6a0de7767bc053,abb710e75bd4df2cb96618fd5f4bf41a
,,2353,2025-12-01T13:17:45.976701674Z,2025-12-01T14:17:45.976701674Z,2025-12-01T13:52:22.89925053Z,"{""interval"":40765}",attributes,spans,580706b33949,railway-simulation,7b7bb3a39af862d7,43982d9e947ef217b12797259bf29ecc
,,2354,2025-12-01T13:17:45.976701674Z,2025-12-01T14:17:45.976701674Z,2025-12-01T13:50:45.066006784Z,"{""interval"":24760}",attributes,spans,580706b33949,railway-simulation,7b84bbdfdacbcb08,96530ab84ea2ae494178f222790f8bf6
,,2355,2025-12-01T13:17:45.976701674Z,2025-12-01T14:17:45.976701674Z,2025-12-01T13:48:24.232334388Z,"{""interval"":1495}",attributes,spans,580706b33949,railway-simulation,7b8c74dcf6e156d2,3c1dac056c7baa2c181e133a1d6784be
,,2356,2025-12-01T13:17:45.976701674Z,2025-12-01T14:17:45.976701674Z,2025-12-01T13:56:54.722036631Z,"{""interval"":85645}",attributes,spans,580706b33949,railway-simulation,7b901ed0dc5480fa,ad5692a499f57f4cd06992a65d8ea103
,,2357,2025-12-01T13:17:45.976701674Z,2025-12-01T14:17:45.976701674Z,2025-12-01T13:54:03.399375586Z,"{""interval"":57429.99999999999}",attributes,spans,580706b33949,railway-simulation,7b9076072bcea4c3,a6792c8c1527c27439053df36837b301
,,2358,2025-12-01T13:17:45.976701674Z,2025-12-01T14:17:45.976701674Z,2025-12-01T13:53:04.732585493Z,"{""interval"":47695}",attributes,spans,580706b33949,railway-simulation,7b9131daabd1e04e,beae9630440a63b5fd5e73fef4bb3fe2
,,2359,2025-12-01T13:17:45.976701674Z,2025-12-01T14:17:45.976701674Z,2025-12-01T13:55:52.900380945Z,"{""interval"":75415}",attributes,spans,580706b33949,railway-simulation,7b9439473529d6c6,b9f95f2e5ba0b9fb8d27dc48f10a645b
,,2360,2025-12-01T13:17:45.976701674Z,2025-12-01T14:17:45.976701674Z,2025-12-01T13:58:12.420685891Z,"{""interval"":94555}",attributes,spans,580706b33949,railway-simulation,7bc5f21f35ddc7ac,1ed7c45c4d89ca01c8362e62ff6842d9
,,2361,2025-12-01T13:17:45.976701674Z,2025-12-01T14:17:45.976701674Z,2025-12-01T13:50:06.23253341Z,"{""interval"":18325}",attributes,spans,580706b33949,railway-simulation,7bcc14237fffba0d,7de9d7aa0f8a468fe261fb0224bc8fd7
,,2362,2025-12-01T13:17:45.976701674Z,2025-12-01T14:17:45.976701674Z,2025-12-01T13:52:29.899265253Z,"{""interval"":41920}",attributes,spans,580706b33949,railway-simulation,7bd6a2fec75a50f2,cbb7c74a7049bb49c638df5b0081dd3b
,,2363,2025-12-01T13:17:45.976701674Z,2025-12-01T14:17:45.976701674Z,2025-12-01T13:55:48.56620342Z,"{""interval"":74755}",attributes,spans,580706b33949,railway-simulation,7c42f778b79a1b27,635619162ad5511c7d50df9fa15aa709
,,2364,2025-12-01T13:17:45.976701674Z,2025-12-01T14:17:45.976701674Z,2025-12-01T13:51:29.732603377Z,"{""interval"":32020.000000000004}",attributes,spans,580706b33949,railway-simulation,7c441a34a9ee0274,cc0ae29dcea95143aada79c3417c72f2
,,2365,2025-12-01T13:17:45.976701674Z,2025-12-01T14:17:45.976701674Z,2025-12-01T13:55:41.732736306Z,"{""interval"":73600}",attributes,spans,580706b33949,railway-simulation,7c5c95e0abf7fa9a,b3315610d2447a854656b67454f8bdd2
,,2366,2025-12-01T13:17:45.976701674Z,2025-12-01T14:17:45.976701674Z,2025-12-01T13:54:48.732650065Z,"{""interval"":64855}",attributes,spans,580706b33949,railway-simulation,7c761315e193f3bc,90d31868fe3d0d392213c936ed7f128a
,,2367,2025-12-01T13:17:45.976701674Z,2025-12-01T14:17:45.976701674Z,2025-12-01T13:51:51.065966584Z,"{""interval"":35650}",attributes,spans,580706b33949,railway-simulation,7c99096e2e4eb532,c2d6a10276322916b1ad7a1063ad41ba
,,2368,2025-12-01T13:17:45.976701674Z,2025-12-01T14:17:45.976701674Z,2025-12-01T13:56:44.807743561Z,"{""interval"":83995}",attributes,spans,580706b33949,railway-simulation,7ca788b5e4e904d7,1f5c744bfac2b6822737d14ff3a74565
,,2369,2025-12-01T13:17:45.976701674Z,2025-12-01T14:17:45.976701674Z,2025-12-01T13:56:05.232752244Z,"{""interval"":77560}",attributes,spans,580706b33949,railway-simulation,7cbde0af784e65c0,826066f29bf813b74504cf42bfaa7bd9
,,2370,2025-12-01T13:17:45.976701674Z,2025-12-01T14:17:45.976701674Z,2025-12-01T13:56:07.899383197Z,"{""interval"":77890}",attributes,spans,580706b33949,railway-simulation,7cc17a7bf4b5e643,db723f8caada96a0caadd58e314ec73d
,,2371,2025-12-01T13:17:45.976701674Z,2025-12-01T14:17:45.976701674Z,2025-12-01T13:56:55.01759356Z,"{""interval"":85645}",attributes,spans,580706b33949,railway-simulation,7cee6339f359c877,d31bac25d02bcc931a2c4f76563b29f5
,,2372,2025-12-01T13:17:45.976701674Z,2025-12-01T14:17:45.976701674Z,2025-12-01T13:51:20.732705248Z,"{""interval"":30535}",attributes,spans,580706b33949,railway-simulation,7cfb9cf0cbfbe68c,332f28f10e304227484a89939e63ced4
,,2373,2025-12-01T13:17:45.976701674Z,2025-12-01T14:17:45.976701674Z,2025-12-01T13:52:57.232731373Z,"{""interval"":46540}",attributes,spans,580706b33949,railway-simulation,7d05bf1a4fa4cb22,d11fbf3500efc22be7253ef1e5709a1f
,,2374,2025-12-01T13:17:45.976701674Z,2025-12-01T14:17:45.976701674Z,2025-12-01T13:51:39.899303457Z,"{""interval"":33670}",attributes,spans,580706b33949,railway-simulation,7d13beec068540b1,c466e3300b4e3d03859addd52d6ca50e
,,2375,2025-12-01T13:17:45.976701674Z,2025-12-01T14:17:45.976701674Z,2025-12-01T13:54:16.732587701Z,"{""interval"":59575}",attributes,spans,580706b33949,railway-simulation,7d195de662ac64fb,ec97912b6e18ade50379c08d09a604e3
,,2376,2025-12-01T13:17:45.976701674Z,2025-12-01T14:17:45.976701674Z,2025-12-01T13:56:25.402471027Z,"{""interval"":80860}",attributes,spans,580706b33949,railway-simulation,7d33ff1b59d88bdf,7edf7db110c7ed0e9be2ec3f7c722025
,,2377,2025-12-01T13:17:45.976701674Z,2025-12-01T14:17:45.976701674Z,2025-12-01T13:49:19.232750621Z,"{""interval"":10570}",attributes,spans,580706b33949,railway-simulation,7d36560b0d886290,27218a6a9591152951b66aecfcff49a0
,,2378,2025-12-01T13:17:45.976701674Z,2025-12-01T14:17:45.976701674Z,2025-12-01T13:48:52.232897824Z,"{""interval"":6115}",attributes,spans,580706b33949,railway-simulation,7d3f7a22d7219599,a7123a0ac62e30b987430d5b8267c207
,,2379,2025-12-01T13:17:45.976701674Z,2025-12-01T14:17:45.976701674Z,2025-12-01T13:52:57.565975227Z,"{""interval"":46540}",attributes,spans,580706b33949,railway-simulation,7d4294fb7a4fc734,bdefd461f2fb189736d3eda39108c2e9
,,2380,2025-12-01T13:17:45.976701674Z,2025-12-01T14:17:45.976701674Z,2025-12-01T13:54:37.903657371Z,"{""interval"":63040.00000000001}",attributes,spans,580706b33949,railway-simulation,7d597bf0cbee9393,5524119b18c3a6007bf97269706e74a6
,,2381,2025-12-01T13:17:45.976701674Z,2025-12-01T14:17:45.976701674Z,2025-12-01T13:52:45.899276585Z,"{""interval"":44560}",attributes,spans,580706b33949,railway-simulation,7d852440a0b51000,85c463fec22dabd11a5775132a64aa05
,,2382,2025-12-01T13:17:45.976701674Z,2025-12-01T14:17:45.976701674Z,2025-12-01T13:49:04.566831763Z,"{""interval"":8095}",attributes,spans,580706b33949,railway-simulation,7d8d716114e49a92,adc10fa1317aaffb4ab5dd1ee8d90d85
,,2383,2025-12-01T13:17:45.976701674Z,2025-12-01T14:17:45.976701674Z,2025-12-01T13:58:32.758388992Z,"{""interval"":97195}",attributes,spans,580706b33949,railway-simulation,7d9154e7ed01594f,62d4079e076b6e95e983ecc95515ba2e
,,2384,2025-12-01T13:17:45.976701674Z,2025-12-01T14:17:45.976701674Z,2025-12-01T13:56:33.90613249Z,"{""interval"":82180}",attributes,spans,580706b33949,railway-simulation,7d923299438b55b5,1b2511e3f8b744555a723a9efa51bf76
,,2385,2025-12-01T13:17:45.976701674Z,2025-12-01T14:17:45.976701674Z,2025-12-01T13:50:01.899925298Z,"{""interval"":17500}",attributes,spans,580706b33949,railway-simulation,7db55d2c91b23f51,ccb58d20c04ff52f994697e39a2133c1
,,2386,2025-12-01T13:17:45.976701674Z,2025-12-01T14:17:45.976701674Z,2025-12-01T13:53:35.732615724Z,"{""interval"":52810}",attributes,spans,580706b33949,railway-simulation,7dc2a8fa2dd3ab68,ab3499b601c80ac3bf6808061353cd06
,,2387,2025-12-01T13:17:45.976701674Z,2025-12-01T14:17:45.976701674Z,2025-12-01T13:55:26.566022172Z,"{""interval"":71125}",attributes,spans,580706b33949,railway-simulation,7dc7d47632e37b9f,0be253d4ce4fef4f9632e7471ffcf497
,,2388,2025-12-01T13:17:45.976701674Z,2025-12-01T14:17:45.976701674Z,2025-12-01T13:57:44.625072443Z,"{""interval"":91420}",attributes,spans,580706b33949,railway-simulation,7df5877804dd64c1,6d0698f201f04a9b95af20152bdbaaf2
,,2389,2025-12-01T13:17:45.976701674Z,2025-12-01T14:17:45.976701674Z,2025-12-01T13:53:44.732606672Z,"{""interval"":54295}",attributes,spans,580706b33949,railway-simulation,7df60b9b7462cf2c,9a529dec69df6c87dc6857a5421cd0ab
,,2390,2025-12-01T13:17:45.976701674Z,2025-12-01T14:17:45.976701674Z,2025-12-01T13:52:27.56591967Z,"{""interval"":41590}",attributes,spans,580706b33949,railway-simulation,7e04cb4c0dbe6e57,9c2f968756dd75a69594bd905504b316
,,2391,2025-12-01T13:17:45.976701674Z,2025-12-01T14:17:45.976701674Z,2025-12-01T13:55:08.232561335Z,"{""interval"":68155}",attributes,spans,580706b33949,railway-simulation,7e10029dc3706a69,99ad284a2b4e60d7e152329a870d91e0
,,2392,2025-12-01T13:17:45.976701674Z,2025-12-01T14:17:45.976701674Z,2025-12-01T13:49:34.900335924Z,"{""interval"":13045}",attributes,spans,580706b33949,railway-simulation,7e2c57910f589cf9,bb246e001ed6624f2602991b999d26df
,,2393,2025-12-01T13:17:45.976701674Z,2025-12-01T14:17:45.976701674Z,2025-12-01T13:52:22.399263014Z,"{""interval"":40765}",attributes,spans,580706b33949,railway-simulation,7e2ccd2a87f43b56,31acf3cb7a0d1007894a1cfc48a213c7
,,2394,2025-12-01T13:17:45.976701674Z,2025-12-01T14:17:45.976701674Z,2025-12-01T13:48:26.06552064Z,"{""interval"":1825}",attributes,spans,580706b33949,railway-simulation,7e3d2e4cc03497c5,36cba74ab1d9b2a3bd8a415d9b1cb9e4
,,2395,2025-12-01T13:17:45.976701674Z,2025-12-01T14:17:45.976701674Z,2025-12-01T13:54:36.566430549Z,"{""interval"":62875}",attributes,spans,580706b33949,railway-simulation,7e4fd938485b00ca,ac9e7de81693f269b27691fd3d2c94ce
,,2396,2025-12-01T13:17:45.976701674Z,2025-12-01T14:17:45.976701674Z,2025-12-01T13:49:20.899207552Z,"{""interval"":10735}",attributes,spans,580706b33949,railway-simulation,7e587be4b48de7fd,567a1c0a360be82b20f5bdeb49a77c7c
,,2397,2025-12-01T13:17:45.976701674Z,2025-12-01T14:17:45.976701674Z,2025-12-01T13:55:36.420817614Z,"{""interval"":72775}",attributes,spans,580706b33949,railway-simulation,7e5ca8ceab674b31,f5561545b003cc388f9d64fffca982f9
,,2398,2025-12-01T13:17:45.976701674Z,2025-12-01T14:17:45.976701674Z,2025-12-01T13:53:11.899381476Z,"{""interval"":48850}",attributes,spans,580706b33949,railway-simulation,7ea03364e9a9a972,69535200fe8f809d467007feef928e6c
,,2399,2025-12-01T13:17:45.976701674Z,2025-12-01T14:17:45.976701674Z,2025-12-01T13:50:38.566051015Z,"{""interval"":23605}",attributes,spans,580706b33949,railway-simulation,7ea1ddb474ecdde1,aa72388e4f7bf732dca8eb878159db4c
,,2400,2025-12-01T13:17:45.976701674Z,2025-12-01T14:17:45.976701674Z,2025-12-01T13:50:52.066014006Z,"{""interval"":25915}",attributes,spans,580706b33949,railway-simulation,7eb58ebceb5d9ab1,4b5e87c563c843d2e61f6a47c903e0c1
,,2401,2025-12-01T13:17:45.976701674Z,2025-12-01T14:17:45.976701674Z,2025-12-01T13:53:51.899239956Z,"{""interval"":55450.00000000001}",attributes,spans,580706b33949,railway-simulation,7ec1bb7a6e3f8f68,734b9e12ca467e2f2a81fa191ec92299
,,2402,2025-12-01T13:17:45.976701674Z,2025-12-01T14:17:45.976701674Z,2025-12-01T13:50:50.899256843Z,"{""interval"":25585}",attributes,spans,580706b33949,railway-simulation,7ed49f17d1474799,5ba24a195e1daf4ef85508c9b265da37
,,2403,2025-12-01T13:17:45.976701674Z,2025-12-01T14:17:45.976701674Z,2025-12-01T13:52:44.065936017Z,"{""interval"":44395}",attributes,spans,580706b33949,railway-simulation,7ed845cc90f75303,01c16862614fd50fbb3ea4583f5fa5a7
,,2404,2025-12-01T13:17:45.976701674Z,2025-12-01T14:17:45.976701674Z,2025-12-01T13:55:18.065989459Z,"{""interval"":69805}",attributes,spans,580706b33949,railway-simulation,7efe6e537ed1eff3,cf848e2539367c820af8a732962abc5e
,,2405,2025-12-01T13:17:45.976701674Z,2025-12-01T14:17:45.976701674Z,2025-12-01T13:49:16.732872633Z,"{""interval"":10075}",attributes,spans,580706b33949,railway-simulation,7f12abc71ad63e7d,95ffb0645b76b5bae6f97f30a73858f5
,,2406,2025-12-01T13:17:45.976701674Z,2025-12-01T14:17:45.976701674Z,2025-12-01T13:55:40.399522335Z,"{""interval"":73435}",attributes,spans,580706b33949,railway-simulation,7f2aba756f9e9ff8,503b7ef83375f7c3b5b0d72b781af2e2
,,2407,2025-12-01T13:17:45.976701674Z,2025-12-01T14:17:45.976701674Z,2025-12-01T13:53:40.399255703Z,"{""interval"":53634.99999999999}",attributes,spans,580706b33949,railway-simulation,7f407709c7038216,c6afd2d1362175f20b4947cfc46134d6
,,2408,2025-12-01T13:17:45.976701674Z,2025-12-01T14:17:45.976701674Z,2025-12-01T13:53:45.399278919Z,"{""interval"":54460}",attributes,spans,580706b33949,railway-simulation,7f43469550621b9a,37692737f3d9dbd5b6cf78d7b7062d53
,,2409,2025-12-01T13:17:45.976701674Z,2025-12-01T14:17:45.976701674Z,2025-12-01T13:49:38.066029386Z,"{""interval"":13705}",attributes,spans,580706b33949,railway-simulation,7f4f4881a8342e09,05c5d401376ddaaa75faf8a2e77dac22
,,2410,2025-12-01T13:17:45.976701674Z,2025-12-01T14:17:45.976701674Z,2025-12-01T13:56:55.732716478Z,"{""interval"":85810}",attributes,spans,580706b33949,railway-simulation,7f64da96dc291217,395135c1cbfc1aab58c6b5bd63d3a1bf
,,2411,2025-12-01T13:17:45.976701674Z,2025-12-01T14:17:45.976701674Z,2025-12-01T13:52:47.232561222Z,"{""interval"":44890}",attributes,spans,580706b33949,railway-simulation,7f69f75638a3ddf2,f5c8f231a34a8244b26cad1a41edc549
,,2412,2025-12-01T13:17:45.976701674Z,2025-12-01T14:17:45.976701674Z,2025-12-01T13:56:00.899394749Z,"{""interval"":76735}",attributes,spans,580706b33949,railway-simulation,7f94addc0eee45c1,9244ac77fd39936c862a46e5051beaad
,,2413,2025-12-01T13:17:45.976701674Z,2025-12-01T14:17:45.976701674Z,2025-12-01T13:49:17.399269782Z,"{""interval"":10240}",attributes,spans,580706b33949,railway-simulation,7f9df33dc91baed1,0727f36cc52473088adcab4ac630f92c
,,2414,2025-12-01T13:17:45.976701674Z,2025-12-01T14:17:45.976701674Z,2025-12-01T13:52:41.565936527Z,"{""interval"":43900}",attributes,spans,580706b33949,railway-simulation,7fea2208a4ab936b,e7e00282b13e67d3d50807f4c701e8a8
,,2415,2025-12-01T13:17:45.976701674Z,2025-12-01T14:17:45.976701674Z,2025-12-01T13:53:56.89926709Z,"{""interval"":56275}",attributes,spans,580706b33949,railway-simulation,7fea858d308b72b0,d047de8832ada9b0d10d8570f9f133d6
,,2416,2025-12-01T13:17:45.976701674Z,2025-12-01T14:17:45.976701674Z,2025-12-01T13:48:28.565976485Z,"{""interval"":2155}",attributes,spans,580706b33949,railway-simulation,80030434d558e45b,d7820aa34daa1786199cee670a31d2e4
,,2417,2025-12-01T13:17:45.976701674Z,2025-12-01T14:17:45.976701674Z,2025-12-01T13:58:17.07253518Z,"{""interval"":95050}",attributes,spans,580706b33949,railway-simulation,80363080acde42ab,37ff97b28a0c7452b21e6a3831872a42
,,2418,2025-12-01T13:17:45.976701674Z,2025-12-01T14:17:45.976701674Z,2025-12-01T13:56:24.399578287Z,"{""interval"":80695}",attributes,spans,580706b33949,railway-simulation,804ef537f1d232bc,bd73c8f93cd51f6e96700b9bb8f65770
,,2419,2025-12-01T13:17:45.976701674Z,2025-12-01T14:17:45.976701674Z,2025-12-01T13:56:09.066066692Z,"{""interval"":78220}",attributes,spans,580706b33949,railway-simulation,8061000e560876d7,bb443173bf0d3e9c3f0b58a58a708cd3
,,2420,2025-12-01T13:17:45.976701674Z,2025-12-01T14:17:45.976701674Z,2025-12-01T13:50:05.065974898Z,"{""interval"":18160}",attributes,spans,580706b33949,railway-simulation,80680cbacd437592,06e7167175502d68bde3d9d2f02fc6b7
,,2421,2025-12-01T13:17:45.976701674Z,2025-12-01T14:17:45.976701674Z,2025-12-01T13:57:37.707441304Z,"{""interval"":90595}",attributes,spans,580706b33949,railway-simulation,8086772e863a84f0,c0109fd26625551340ce21c608e6b108
,,2422,2025-12-01T13:17:45.976701674Z,2025-12-01T14:17:45.976701674Z,2025-12-01T13:56:18.732654393Z,"{""interval"":79705}",attributes,spans,580706b33949,railway-simulation,808b50392105e3a2,efdbc8c32d0d424b7e22254882a8dd3e
,,2423,2025-12-01T13:17:45.976701674Z,2025-12-01T14:17:45.976701674Z,2025-12-01T13:56:48.337159647Z,"{""interval"":84490}",attributes,spans,580706b33949,railway-simulation,80a86613afee3feb,902244e0e536e5894e0e03e3358dd274
,,2424,2025-12-01T13:17:45.976701674Z,2025-12-01T14:17:45.976701674Z,2025-12-01T13:57:37.977540162Z,"{""interval"":90760}",attributes,spans,580706b33949,railway-simulation,80b874c90d972648,1ec7aeaa755a9233f058895db3ae75ec
,,2425,2025-12-01T13:17:45.976701674Z,2025-12-01T14:17:45.976701674Z,2025-12-01T13:50:00.900282644Z,"{""interval"":17335}",attributes,spans,580706b33949,railway-simulation,80c0c338c0b0e3e5,cb044e56d472af2d4e9fd25c60d7d5ea
,,2426,2025-12-01T13:17:45.976701674Z,2025-12-01T14:17:45.976701674Z,2025-12-01T13:52:11.732604032Z,"{""interval"":38950}",attributes,spans,580706b33949,railway-simulation,80ca2b7ee7fafde0,51b1fd665c35302de7a5cf5a4d6f555a
,,2427,2025-12-01T13:17:45.976701674Z,2025-12-01T14:17:45.976701674Z,2025-12-01T13:51:02.899340745Z,"{""interval"":27564.999999999996}",attributes,spans,580706b33949,railway-simulation,80d7b53170050a7e,3dba92ba68b7f99a9cb1e308fad482ac
,,2428,2025-12-01T13:17:45.976701674Z,2025-12-01T14:17:45.976701674Z,2025-12-01T13:56:13.232641075Z,"{""interval"":78880}",attributes,spans,580706b33949,railway-simulation,80da56715cdbdd70,622178d40e2d3e1c5da28be1bb895d24
,,2429,2025-12-01T13:17:45.976701674Z,2025-12-01T14:17:45.976701674Z,2025-12-01T13:49:19.733567525Z,"{""interval"":10570}",attributes,spans,580706b33949,railway-simulation,81354709511b1f65,a875471b097b9f92a8f27317ced69c3d
,,2430,2025-12-01T13:17:45.976701674Z,2025-12-01T14:17:45.976701674Z,2025-12-01T13:58:29.46627329Z,"{""interval"":96700}",attributes,spans,580706b33949,railway-simulation,81453a2c1b4f20df,d68998e8c43d33e7e2e67e5edcd262c0
,,2431,2025-12-01T13:17:45.976701674Z,2025-12-01T14:17:45.976701674Z,2025-12-01T13:51:37.066005631Z,"{""interval"":33340}",attributes,spans,580706b33949,railway-simulation,81700fc320a1dc60,ab006549ddcd9304f13030d01f74d27a
,,2432,2025-12-01T13:17:45.976701674Z,2025-12-01T14:17:45.976701674Z,2025-12-01T13:52:10.566020841Z,"{""interval"":38785}",attributes,spans,580706b33949,railway-simulation,817ba62805444d69,dc680ca2d454ed14a443ddfeb3b37e31
,,2433,2025-12-01T13:17:45.976701674Z,2025-12-01T14:17:45.976701674Z,2025-12-01T13:49:45.232585062Z,"{""interval"":14860.000000000002}",attributes,spans,580706b33949,railway-simulation,817f075cbe1fe29f,aac121ce0e69a767a31faf97b6cfc7a3
,,2434,2025-12-01T13:17:45.976701674Z,2025-12-01T14:17:45.976701674Z,2025-12-01T13:58:29.139538489Z,"{""interval"":96700}",attributes,spans,580706b33949,railway-simulation,81854827cbeb7dc5,d40f4ebea684d6184bfcb1eaf3ce5240
,,2435,2025-12-01T13:17:45.976701674Z,2025-12-01T14:17:45.976701674Z,2025-12-01T13:54:18.232639632Z,"{""interval"":59905}",attributes,spans,580706b33949,railway-simulation,818f60ffd5b7bc15,969ff945d5a817641f33776f86f49f8b
,,2436,2025-12-01T13:17:45.976701674Z,2025-12-01T14:17:45.976701674Z,2025-12-01T13:50:15.566770022Z,"{""interval"":19810}",attributes,spans,580706b33949,railway-simulation,8199dedb693732ad,e6641e0be0d920dd3fce8344a53986f9
,,2437,2025-12-01T13:17:45.976701674Z,2025-12-01T14:17:45.976701674Z,2025-12-01T13:49:30.400137606Z,"{""interval"":12385}",attributes,spans,580706b33949,railway-simulation,81a81200dc2a2967,a6f08e043c1c485c9dcb190468abcbfc
,,2438,2025-12-01T13:17:45.976701674Z,2025-12-01T14:17:45.976701674Z,2025-12-01T13:58:01.485818696Z,"{""interval"":93400}",attributes,spans,580706b33949,railway-simulation,81b613094acdc5cc,f1945f424505aa50b27bd8f67c6319d9
,,2439,2025-12-01T13:17:45.976701674Z,2025-12-01T14:17:45.976701674Z,2025-12-01T13:50:17.232640398Z,"{""interval"":20140}",attributes,spans,580706b33949,railway-simulation,81be76b373432955,e9cdb02ba988ac21a5672ed5005ccd78
,,2440,2025-12-01T13:17:45.976701674Z,2025-12-01T14:17:45.976701674Z,2025-12-01T13:53:49.899222399Z,"{""interval"":55120}",attributes,spans,580706b33949,railway-simulation,81c6a96fae461b04,6956321b79e2d5b1645d8a3fd0068629
,,2441,2025-12-01T13:17:45.976701674Z,2025-12-01T14:17:45.976701674Z,2025-12-01T13:52:00.732587217Z,"{""interval"":37135}",attributes,spans,580706b33949,railway-simulation,81c7027606dfa5d9,256b95567ae10f1535d648399e749002
,,2442,2025-12-01T13:17:45.976701674Z,2025-12-01T14:17:45.976701674Z,2025-12-01T13:53:03.565918103Z,"{""interval"":47530}",attributes,spans,580706b33949,railway-simulation,8211ffa35b7e93d8,882b271d7633434299ba57444e2d740b
,,2443,2025-12-01T13:17:45.976701674Z,2025-12-01T14:17:45.976701674Z,2025-12-01T13:55:33.732971383Z,"{""interval"":72280}",attributes,spans,580706b33949,railway-simulation,821a507bdccc0f96,04ae73b61eb07a1a2326284a81193336
,,2444,2025-12-01T13:17:45.976701674Z,2025-12-01T14:17:45.976701674Z,2025-12-01T13:56:26.565979852Z,"{""interval"":81025}",attributes,spans,580706b33949,railway-simulation,8237959ecefae618,d98c33c1ff37f61c279988be5ec16c11
,,2445,2025-12-01T13:17:45.976701674Z,2025-12-01T14:17:45.976701674Z,2025-12-01T13:48:27.235481132Z,"{""interval"":1990}",attributes,spans,580706b33949,railway-simulation,8245c0a3f3424135,855a75881ff9a41439eff0c4ef013c08
,,2446,2025-12-01T13:17:45.976701674Z,2025-12-01T14:17:45.976701674Z,2025-12-01T13:56:19.232878223Z,"{""interval"":79870}",attributes,spans,580706b33949,railway-simulation,82666a408d5f9937,da77c2523c8d98851bc541f740b910a7
,,2447,2025-12-01T13:17:45.976701674Z,2025-12-01T14:17:45.976701674Z,2025-12-01T13:55:51.399284542Z,"{""interval"":75250}",attributes,spans,580706b33949,railway-simulation,826cfe06b7665d71,cbb441adef006467d3862d2930fd7497
,,2448,2025-12-01T13:17:45.976701674Z,2025-12-01T14:17:45.976701674Z,2025-12-01T13:50:11.900289149Z,"{""interval"":19150}",attributes,spans,580706b33949,railway-simulation,8290872d8431c8b5,ed49477f7d409e2b27970f4ece9bc75f
,,2449,2025-12-01T13:17:45.976701674Z,2025-12-01T14:17:45.976701674Z,2025-12-01T13:53:54.233053117Z,"{""interval"":55945.00000000001}",attributes,spans,580706b33949,railway-simulation,829d0f85d7cee7d9,a1c6834e035bf1137ecfe409729c607a
,,2450,2025-12-01T13:17:45.976701674Z,2025-12-01T14:17:45.976701674Z,2025-12-01T13:53:32.065908911Z,"{""interval"":52315}",attributes,spans,580706b33949,railway-simulation,82aadb82302d0032,e05639b8b01847ae799dffd09a49c603
,,2451,2025-12-01T13:17:45.976701674Z,2025-12-01T14:17:45.976701674Z,2025-12-01T13:53:05.899261739Z,"{""interval"":47860}",attributes,spans,580706b33949,railway-simulation,82be1c978935403b,fa3b5511ac0abc53d60f30cfd8e53df3
,,2452,2025-12-01T13:17:45.976701674Z,2025-12-01T14:17:45.976701674Z,2025-12-01T13:49:38.899230322Z,"{""interval"":13705}",attributes,spans,580706b33949,railway-simulation,82c67b743918157b,ff9658d2f81823e8bd28465e9fb7edc9
,,2453,2025-12-01T13:17:45.976701674Z,2025-12-01T14:17:45.976701674Z,2025-12-01T13:50:46.232716799Z,"{""interval"":24925}",attributes,spans,580706b33949,railway-simulation,82cffdfec9c6e0da,09e82e84b927e97ae8f8f14e5244c028
,,2454,2025-12-01T13:17:45.976701674Z,2025-12-01T14:17:45.976701674Z,2025-12-01T13:55:02.732637523Z,"{""interval"":67165}",attributes,spans,580706b33949,railway-simulation,82d24d1d92fd91c2,8f05f63deda82e674d875cfaf81b1d7b
,,2455,2025-12-01T13:17:45.976701674Z,2025-12-01T14:17:45.976701674Z,2025-12-01T13:58:26.283715276Z,"{""interval"":96205}",attributes,spans,580706b33949,railway-simulation,82db345b8cd43f89,900bededfaaf46181a9dfeac67e56c23
,,2456,2025-12-01T13:17:45.976701674Z,2025-12-01T14:17:45.976701674Z,2025-12-01T13:55:45.066058934Z,"{""interval"":74260}",attributes,spans,580706b33949,railway-simulation,82e452bc2f82b145,074788935e2bf743f9fed20adb0e9aa7
,,2457,2025-12-01T13:17:45.976701674Z,2025-12-01T14:17:45.976701674Z,2025-12-01T13:54:30.06598394Z,"{""interval"":61885}",attributes,spans,580706b33949,railway-simulation,82e56ae4302914ca,7939430a5dabefdceec63a7e61c71a50
,,2458,2025-12-01T13:17:45.976701674Z,2025-12-01T14:17:45.976701674Z,2025-12-01T13:52:43.565952684Z,"{""interval"":44230}",attributes,spans,580706b33949,railway-simulation,82e73db045cef007,0a3915c6b852d2ffe042f637c4ae6dec
,,2459,2025-12-01T13:17:45.976701674Z,2025-12-01T14:17:45.976701674Z,2025-12-01T13:56:39.143148831Z,"{""interval"":83005}",attributes,spans,580706b33949,railway-simulation,82e87b03b00a6cee,750b22989011022c7c273d3c8dd6cbc9
,,2460,2025-12-01T13:17:45.976701674Z,2025-12-01T14:17:45.976701674Z,2025-12-01T13:50:21.399385989Z,"{""interval"":20800}",attributes,spans,580706b33949,railway-simulation,82e8abd6ea40bb94,50f7848908cfa5b718c3ae8354da80a8
,,2461,2025-12-01T13:17:45.976701674Z,2025-12-01T14:17:45.976701674Z,2025-12-01T13:51:56.399211017Z,"{""interval"":36475}",attributes,spans,580706b33949,railway-simulation,83002e0db5704f86,73b16bee3b40e410ba44c0e302872462
,,2462,2025-12-01T13:17:45.976701674Z,2025-12-01T14:17:45.976701674Z,2025-12-01T13:50:21.732643332Z,"{""interval"":20800}",attributes,spans,580706b33949,railway-simulation,8335886de4c879cf,ae447be0a6044aaf1e63ccd149dccb12
,,2463,2025-12-01T13:17:45.976701674Z,2025-12-01T14:17:45.976701674Z,2025-12-01T13:48:51.565866476Z,"{""interval"":5950}",attributes,spans,580706b33949,railway-simulation,8343aa4ec0c78557,923e305169d97efc252d4cf25a5af366
,,2464,2025-12-01T13:17:45.976701674Z,2025-12-01T14:17:45.976701674Z,2025-12-01T13:57:11.436796477Z,"{""interval"":87955}",attributes,spans,580706b33949,railway-simulation,836804ad12deadaa,1cbdbe5e92edf46f8d989b7df3214bc1
,,2465,2025-12-01T13:17:45.976701674Z,2025-12-01T14:17:45.976701674Z,2025-12-01T13:55:37.565972804Z,"{""interval"":72940}",attributes,spans,580706b33949,railway-simulation,837fdc0183bed8ae,475bac6772e07653f6b514cf11b8a145
,,2466,2025-12-01T13:17:45.976701674Z,2025-12-01T14:17:45.976701674Z,2025-12-01T13:56:53.145412185Z,"{""interval"":85315}",attributes,spans,580706b33949,railway-simulation,8393e0e88f457d6d,bc0369b98587723e63a7395b057e3db2
,,2467,2025-12-01T13:17:45.976701674Z,2025-12-01T14:17:45.976701674Z,2025-12-01T13:49:59.232567311Z,"{""interval"":17170}",attributes,spans,580706b33949,railway-simulation,839f892ba4f15627,454ff078f0f152946bb95e0b9aaf0888
,,2468,2025-12-01T13:17:45.976701674Z,2025-12-01T14:17:45.976701674Z,2025-12-01T13:53:55.566288538Z,"{""interval"":56110}",attributes,spans,580706b33949,railway-simulation,83b19d9d67522ef9,13d59deaa2a5d656a423f5fafe2bedb5
,,2469,2025-12-01T13:17:45.976701674Z,2025-12-01T14:17:45.976701674Z,2025-12-01T13:54:43.399306415Z,"{""interval"":64030.00000000001}",attributes,spans,580706b33949,railway-simulation,83b6b9bc7311c3c5,439dfbc046224d5a47b49ccfda70ca30
,,2470,2025-12-01T13:17:45.976701674Z,2025-12-01T14:17:45.976701674Z,2025-12-01T13:49:21.06666108Z,"{""interval"":10900}",attributes,spans,580706b33949,railway-simulation,83bc7dbe0968aa0e,77286b033adeca2332a5d91aa18e570b
,,2471,2025-12-01T13:17:45.976701674Z,2025-12-01T14:17:45.976701674Z,2025-12-01T13:51:24.399230857Z,"{""interval"":31195}",attributes,spans,580706b33949,railway-simulation,83f07ca0597a53c5,c91300cab5f6606988e7a8c6c775fd81
,,2472,2025-12-01T13:17:45.976701674Z,2025-12-01T14:17:45.976701674Z,2025-12-01T13:55:49.732592729Z,"{""interval"":74920}",attributes,spans,580706b33949,railway-simulation,83fee2f9afc40d1c,0127aadf970f266bd5ccd519525779cf
,,2473,2025-12-01T13:17:45.976701674Z,2025-12-01T14:17:45.976701674Z,2025-12-01T13:48:49.066652849Z,"{""interval"":5620}",attributes,spans,580706b33949,railway-simulation,8411fcdc1255ed14,56168fe2cbdb5c2f535bf4e0085aa474
,,2474,2025-12-01T13:17:45.976701674Z,2025-12-01T14:17:45.976701674Z,2025-12-01T13:52:27.399247072Z,"{""interval"":41590}",attributes,spans,580706b33949,railway-simulation,841a40f0c4f942fb,e2bb604105ec2006038279f0330816aa
,,2475,2025-12-01T13:17:45.976701674Z,2025-12-01T14:17:45.976701674Z,2025-12-01T13:55:16.065911695Z,"{""interval"":69475}",attributes,spans,580706b33949,railway-simulation,8423e48387d73d27,21b42685fd6c7892c3173ac828747148
,,2476,2025-12-01T13:17:45.976701674Z,2025-12-01T14:17:45.976701674Z,2025-12-01T13:58:09.565625257Z,"{""interval"":94225}",attributes,spans,580706b33949,railway-simulation,8426777e2a91aa96,b22410cbe985b14c2e85247ffa708f77
,,2477,2025-12-01T13:17:45.976701674Z,2025-12-01T14:17:45.976701674Z,2025-12-01T13:50:08.56590955Z,"{""interval"":18655}",attributes,spans,580706b33949,railway-simulation,844ea153aa09c8b9,14646cc13aeffd104774c56e8632fef1
,,2478,2025-12-01T13:17:45.976701674Z,2025-12-01T14:17:45.976701674Z,2025-12-01T13:58:27.792346228Z,"{""interval"":96370}",attributes,spans,580706b33949,railway-simulation,847a023cfb124e83,4231f18d94be07c4bddb2edc8d422cdc
,,2479,2025-12-01T13:17:45.976701674Z,2025-12-01T14:17:45.976701674Z,2025-12-01T13:51:41.06595089Z,"{""interval"":34000}",attributes,spans,580706b33949,railway-simulation,84884ab0cef245e2,032f1457eb2e4c02c2b1031655cc5c70
,,2480,2025-12-01T13:17:45.976701674Z,2025-12-01T14:17:45.976701674Z,2025-12-01T13:53:23.565944477Z,"{""interval"":50830}",attributes,spans,580706b33949,railway-simulation,84971c68ccbc79a0,200e27342701e60adc996f1bfe2fbb11
,,2481,2025-12-01T13:17:45.976701674Z,2025-12-01T14:17:45.976701674Z,2025-12-01T13:55:16.732599061Z,"{""interval"":69475}",attributes,spans,580706b33949,railway-simulation,84bba67e5fdfb6e4,b307b092c87eb150f47833fefc0f367e
,,2482,2025-12-01T13:17:45.976701674Z,2025-12-01T14:17:45.976701674Z,2025-12-01T13:54:50.899294332Z,"{""interval"":65185}",attributes,spans,580706b33949,railway-simulation,84f86486b5f1103f,c424aa8fb247ed915f8e898cb70427cd
,,2483,2025-12-01T13:17:45.976701674Z,2025-12-01T14:17:45.976701674Z,2025-12-01T13:55:53.566217761Z,"{""interval"":75580}",attributes,spans,580706b33949,railway-simulation,8514c7e5185d9e25,42b9011a477c5759ffcc9c117eb3a255
,,2484,2025-12-01T13:17:45.976701674Z,2025-12-01T14:17:45.976701674Z,2025-12-01T13:52:17.732555954Z,"{""interval"":39940}",attributes,spans,580706b33949,railway-simulation,853d4de36de7a33e,eac388201d91043a089e4835c5a81f0c
,,2485,2025-12-01T13:17:45.976701674Z,2025-12-01T14:17:45.976701674Z,2025-12-01T13:58:06.700211471Z,"{""interval"":93895}",attributes,spans,580706b33949,railway-simulation,85498e1b10fdadf3,1a1a15ed66f8f1db903c69b691f0acb3
,,2486,2025-12-01T13:17:45.976701674Z,2025-12-01T14:17:45.976701674Z,2025-12-01T13:49:20.566022933Z,"{""interval"":10735}",attributes,spans,580706b33949,railway-simulation,8558dc2669c65371,07862b378e6a93f38ff510620839150e
,,2487,2025-12-01T13:17:45.976701674Z,2025-12-01T14:17:45.976701674Z,2025-12-01T13:50:46.399312096Z,"{""interval"":24925}",attributes,spans,580706b33949,railway-simulation,8563d8d59d772708,1083a75b01b9ed83c6dbdc48d39171af
,,2488,2025-12-01T13:17:45.976701674Z,2025-12-01T14:17:45.976701674Z,2025-12-01T13:50:12.400252862Z,"{""interval"":19315}",attributes,spans,580706b33949,railway-simulation,8570a1e2edad3e1f,7af8d79f81bc1498665d282a1cebb973
,,2489,2025-12-01T13:17:45.976701674Z,2025-12-01T14:17:45.976701674Z,2025-12-01T13:48:58.23257256Z,"{""interval"":7105}",attributes,spans,580706b33949,railway-simulation,85ae4b1c2332e982,10180c67c592879f1d152385a496972a
,,2490,2025-12-01T13:17:45.976701674Z,2025-12-01T14:17:45.976701674Z,2025-12-01T13:56:27.399350702Z,"{""interval"":81190}",attributes,spans,580706b33949,railway-simulation,85b660e4071ff445,9bb8015d3c60fe1f389459759fa5fe58
,,2491,2025-12-01T13:17:45.976701674Z,2025-12-01T14:17:45.976701674Z,2025-12-01T13:51:42.899234127Z,"{""interval"":34165}",attributes,spans,580706b33949,railway-simulation,85b7460b48313065,441c08d3934edf5f9b24484c5674efb6
,,2492,2025-12-01T13:17:45.976701674Z,2025-12-01T14:17:45.976701674Z,2025-12-01T13:51:31.899265194Z,"{""interval"":32350}",attributes,spans,580706b33949,railway-simulation,85c10ef453b6383d,06e69ea5c51a71a4b0b1222ebed566a0
,,2493,2025-12-01T13:17:45.976701674Z,2025-12-01T14:17:45.976701674Z,2025-12-01T13:48:50.399808303Z,"{""interval"":5785}",attributes,spans,580706b33949,railway-simulation,85c4a6484889eead,30790c22e1e6aa6ee0ef5bbf9c3ad74b
,,2494,2025-12-01T13:17:45.976701674Z,2025-12-01T14:17:45.976701674Z,2025-12-01T13:48:37.399033889Z,"{""interval"":3640}",attributes,spans,580706b33949,railway-simulation,860d1cf27af9617a,4b09083663e869c6e539a58a8baaa097
,,2495,2025-12-01T13:17:45.976701674Z,2025-12-01T14:17:45.976701674Z,2025-12-01T13:48:33.399461817Z,"{""interval"":2980}",attributes,spans,580706b33949,railway-simulation,8612a0caf41409b2,5673037b8d8875f2d84848292223804e
,,2496,2025-12-01T13:17:45.976701674Z,2025-12-01T14:17:45.976701674Z,2025-12-01T13:55:25.565983828Z,"{""interval"":70960}",attributes,spans,580706b33949,railway-simulation,864d4c810152accc,55c3b62c1ab0c07cc0a83ba22d61595b
,,2497,2025-12-01T13:17:45.976701674Z,2025-12-01T14:17:45.976701674Z,2025-12-01T13:57:59.116392993Z,"{""interval"":93070}",attributes,spans,580706b33949,railway-simulation,866ba731cba6983d,5a4efe484a281d81a2779a7a96fb5617
,,2498,2025-12-01T13:17:45.976701674Z,2025-12-01T14:17:45.976701674Z,2025-12-01T13:54:57.732663911Z,"{""interval"":66340}",attributes,spans,580706b33949,railway-simulation,867615daafae9e59,44e9cefd6a5183cac805333daa80efec
,,2499,2025-12-01T13:17:45.976701674Z,2025-12-01T14:17:45.976701674Z,2025-12-01T13:50:31.232654108Z,"{""interval"":22450}",attributes,spans,580706b33949,railway-simulation,86927ad5c7a69019,e7ecbc6e9f1695b655514b27239ce3c8
,,2500,2025-12-01T13:17:45.976701674Z,2025-12-01T14:17:45.976701674Z,2025-12-01T13:56:28.233811663Z,"{""interval"":81355}",attributes,spans,580706b33949,railway-simulation,86973d06bd14808a,c923887452c2f731f5d3bf981ea8f471
,,2501,2025-12-01T13:17:45.976701674Z,2025-12-01T14:17:45.976701674Z,2025-12-01T13:56:42.807590935Z,"{""interval"":83665}",attributes,spans,580706b33949,railway-simulation,86983ca698c3b379,26ee101aa83ab2b6603f8b743f381a0e
,,2502,2025-12-01T13:17:45.976701674Z,2025-12-01T14:17:45.976701674Z,2025-12-01T13:52:52.39926503Z,"{""interval"":45715}",attributes,spans,580706b33949,railway-simulation,86ad5cd5a7ab8617,53f16627b0ed0619d7f25dc8c4e99cde
,,2503,2025-12-01T13:17:45.976701674Z,2025-12-01T14:17:45.976701674Z,2025-12-01T13:49:39.065987224Z,"{""interval"":13870}",attributes,spans,580706b33949,railway-simulation,86aea8e8ef7a078b,4a52b6b9becd96acaae45be91b5e476a
,,2504,2025-12-01T13:17:45.976701674Z,2025-12-01T14:17:45.976701674Z,2025-12-01T13:50:29.399375246Z,"{""interval"":22120}",attributes,spans,580706b33949,railway-simulation,86b8c501a2aa3772,9fc3c1b169b4c1042b44ef701761da05
,,2505,2025-12-01T13:17:45.976701674Z,2025-12-01T14:17:45.976701674Z,2025-12-01T13:51:50.39927928Z,"{""interval"":35485}",attributes,spans,580706b33949,railway-simulation,86dec6f173dd4b87,bc8732469d7062741cfee3b6048edd5c
,,2506,2025-12-01T13:17:45.976701674Z,2025-12-01T14:17:45.976701674Z,2025-12-01T13:48:38.899621368Z,"{""interval"":3805}",attributes,spans,580706b33949,railway-simulation,86fc01d1160329a6,4e0fbfa2ed7f26d4940ce3f2cb05db11
,,2507,2025-12-01T13:17:45.976701674Z,2025-12-01T14:17:45.976701674Z,2025-12-01T13:58:12.911946474Z,"{""interval"":94555}",attributes,spans,580706b33949,railway-simulation,870613563e40b00c,020ce8525cc05cf974d6e2e5c4bf9f92
,,2508,2025-12-01T13:17:45.976701674Z,2025-12-01T14:17:45.976701674Z,2025-12-01T13:51:46.06589368Z,"{""interval"":34825}",attributes,spans,580706b33949,railway-simulation,870db9f76d4e2c78,148dd8cde268071d77469a4eb4374878
,,2509,2025-12-01T13:17:45.976701674Z,2025-12-01T14:17:45.976701674Z,2025-12-01T13:52:53.899226643Z,"{""interval"":45880}",attributes,spans,580706b33949,railway-simulation,870e07da34abd27f,cb499deeff51022f1e15f8a57832f8ca
,,2510,2025-12-01T13:17:45.976701674Z,2025-12-01T14:17:45.976701674Z,2025-12-01T13:56:07.074175787Z,"{""interval"":77890}",attributes,spans,580706b33949,railway-simulation,8711330d0e2138b2,77fda24fabfef88f736a9208b4d67130
,,2511,2025-12-01T13:17:45.976701674Z,2025-12-01T14:17:45.976701674Z,2025-12-01T13:52:30.232563929Z,"{""interval"":42085}",attributes,spans,580706b33949,railway-simulation,8729bd2e627a8b10,aba63ba819b3300291609e051786011f
,,2512,2025-12-01T13:17:45.976701674Z,2025-12-01T14:17:45.976701674Z,2025-12-01T13:49:35.899844621Z,"{""interval"":13210}",attributes,spans,580706b33949,railway-simulation,87313939c990ec52,734c2edc854e789e901698047a3f7607
,,2513,2025-12-01T13:17:45.976701674Z,2025-12-01T14:17:45.976701674Z,2025-12-01T13:57:11.183288035Z,"{""interval"":87955}",attributes,spans,580706b33949,railway-simulation,8745e037628572f0,1bc5d7d9f3d5c06b66b2aa9529a4388c
,,2514,2025-12-01T13:17:45.976701674Z,2025-12-01T14:17:45.976701674Z,2025-12-01T13:52:57.399213127Z,"{""interval"":46540}",attributes,spans,580706b33949,railway-simulation,8774ea35c19e1a3a,d39cb30b24a4d58fcfb9d98baac377ee
,,2515,2025-12-01T13:17:45.976701674Z,2025-12-01T14:17:45.976701674Z,2025-12-01T13:58:02.486288498Z,"{""interval"":93400}",attributes,spans,580706b33949,railway-simulation,878338eabf764f7d,1bb98cade64495930345c573f34c6f59
,,2516,2025-12-01T13:17:45.976701674Z,2025-12-01T14:17:45.976701674Z,2025-12-01T13:52:22.565928127Z,"{""interval"":40765}",attributes,spans,580706b33949,railway-simulation,87874f536de80335,8335723d99d33f1a82f17e8f5ef19e7b
,,2517,2025-12-01T13:17:45.976701674Z,2025-12-01T14:17:45.976701674Z,2025-12-01T13:56:20.066721685Z,"{""interval"":80035}",attributes,spans,580706b33949,railway-simulation,8795bd2ead5a1eab,b8c4e33aa9c9e5e90bede47659f4c33d
,,2518,2025-12-01T13:17:45.976701674Z,2025-12-01T14:17:45.976701674Z,2025-12-01T13:53:46.065982565Z,"{""interval"":54624.99999999999}",attributes,spans,580706b33949,railway-simulation,879b253c136ae8ed,423b8fa59aee682d58cfc7320dc6ec66
,,2519,2025-12-01T13:17:45.976701674Z,2025-12-01T14:17:45.976701674Z,2025-12-01T13:50:27.399360927Z,"{""interval"":21790}",attributes,spans,580706b33949,railway-simulation,87c3a89cca012e26,c4d9695676c7eeaaedfd93a967b3db43
,,2520,2025-12-01T13:17:45.976701674Z,2025-12-01T14:17:45.976701674Z,2025-12-01T13:49:11.899183857Z,"{""interval"":9250}",attributes,spans,580706b33949,railway-simulation,87efe8851cbc06cd,8b7ccc62167e420aea4bec44abf09717
,,2521,2025-12-01T13:17:45.976701674Z,2025-12-01T14:17:45.976701674Z,2025-12-01T13:48:52.733083356Z,"{""interval"":6115}",attributes,spans,580706b33949,railway-simulation,8808a13e68d808b5,4a663e084bf91f1334cd7c14f821014d
,,2522,2025-12-01T13:17:45.976701674Z,2025-12-01T14:17:45.976701674Z,2025-12-01T13:58:42.773044642Z,"{""interval"":98845}",attributes,spans,580706b33949,railway-simulation,8842304ba7c6813e,e56892626d2e33430e3b3704709fcf46
,,2523,2025-12-01T13:17:45.976701674Z,2025-12-01T14:17:45.976701674Z,2025-12-01T13:49:50.89937143Z,"{""interval"":15685.000000000002}",attributes,spans,580706b33949,railway-simulation,8842a13d9dfba0ce,c02059d31c3af24d02c494eadb4884ad
,,2524,2025-12-01T13:17:45.976701674Z,2025-12-01T14:17:45.976701674Z,2025-12-01T13:55:14.899234312Z,"{""interval"":69145}",attributes,spans,580706b33949,railway-simulation,8847b435a19c291e,0b4fedf63c9a630bc106f2ce35eeec38
,,2525,2025-12-01T13:17:45.976701674Z,2025-12-01T14:17:45.976701674Z,2025-12-01T13:55:14.399282005Z,"{""interval"":69145}",attributes,spans,580706b33949,railway-simulation,885e9af458d04db9,5db4f80c0c414bdb21e2761cc7298340
,,2526,2025-12-01T13:17:45.976701674Z,2025-12-01T14:17:45.976701674Z,2025-12-01T13:56:14.899347534Z,"{""interval"":79045}",attributes,spans,580706b33949,railway-simulation,888a40160b323c03,1d9f7500257e31c062b8e6c7240ebcee
,,2527,2025-12-01T13:17:45.976701674Z,2025-12-01T14:17:45.976701674Z,2025-12-01T13:55:32.067056409Z,"{""interval"":72115}",attributes,spans,580706b33949,railway-simulation,88a6f36f2382d0bb,19f75db790944b11f6f3966b9a56675b
,,2528,2025-12-01T13:17:45.976701674Z,2025-12-01T14:17:45.976701674Z,2025-12-01T13:58:33.86887039Z,"{""interval"":97360}",attributes,spans,580706b33949,railway-simulation,88b8a9403c249dbe,e4ed9a857c0f15d6cda3bfbab7c2bebe
,,2529,2025-12-01T13:17:45.976701674Z,2025-12-01T14:17:45.976701674Z,2025-12-01T13:52:03.565941698Z,"{""interval"":37630}",attributes,spans,580706b33949,railway-simulation,88ccf717080259c4,a763910a04f34b74899dcf785b205d82
,,2530,2025-12-01T13:17:45.976701674Z,2025-12-01T14:17:45.976701674Z,2025-12-01T13:52:34.065924244Z,"{""interval"":42745}",attributes,spans,580706b33949,railway-simulation,88d1d1642ab2d65e,2afd88ed28c932f381358cb8377a1f06
,,2531,2025-12-01T13:17:45.976701674Z,2025-12-01T14:17:45.976701674Z,2025-12-01T13:51:43.899246403Z,"{""interval"":34330}",attributes,spans,580706b33949,railway-simulation,88eab3e734c1a047,0938ed820c5cfdc5113010e8d6c9703e
,,2532,2025-12-01T13:17:45.976701674Z,2025-12-01T14:17:45.976701674Z,2025-12-01T13:51:09.06590622Z,"{""interval"":28720.000000000004}",attributes,spans,580706b33949,railway-simulation,88ff3e7b72aae388,674332c95b218979ff2387f28382d5b5
,,2533,2025-12-01T13:17:45.976701674Z,2025-12-01T14:17:45.976701674Z,2025-12-01T13:49:37.56689686Z,"{""interval"":13540.000000000002}",attributes,spans,580706b33949,railway-simulation,8910ebfab7a1015c,5511b9f664a635ddaf9498124b2121c6
,,2534,2025-12-01T13:17:45.976701674Z,2025-12-01T14:17:45.976701674Z,2025-12-01T13:55:07.899249848Z,"{""interval"":67990}",attributes,spans,580706b33949,railway-simulation,891e1c712268f03b,95dbe21d48cd74c418fadbb381df5d89
,,2535,2025-12-01T13:17:45.976701674Z,2025-12-01T14:17:45.976701674Z,2025-12-01T13:49:49.73266492Z,"{""interval"":15520}",attributes,spans,580706b33949,railway-simulation,891f5534c56354cf,83ec91f180e1fb82b57038547a575b33
,,2536,2025-12-01T13:17:45.976701674Z,2025-12-01T14:17:45.976701674Z,2025-12-01T13:48:29.90016784Z,"{""interval"":2320}",attributes,spans,580706b33949,railway-simulation,8937f02e98efb236,454fd5f29ee054fa5241100e075bfa75
,,2537,2025-12-01T13:17:45.976701674Z,2025-12-01T14:17:45.976701674Z,2025-12-01T13:49:13.232658273Z,"{""interval"":9580}",attributes,spans,580706b33949,railway-simulation,896b692b09175baf,ef10e8cf4171862a686ed5906feaa3c0
,,2538,2025-12-01T13:17:45.976701674Z,2025-12-01T14:17:45.976701674Z,2025-12-01T13:52:10.899429204Z,"{""interval"":38785}",attributes,spans,580706b33949,railway-simulation,896bf9de0cee0960,92492af7d4b31c4a401573fc2aec985c
,,2539,2025-12-01T13:17:45.976701674Z,2025-12-01T14:17:45.976701674Z,2025-12-01T13:48:51.399149044Z,"{""interval"":5950}",attributes,spans,580706b33949,railway-simulation,896f0b08de83d623,95a8314abc2f4a5f419d8b736095f779
,,2540,2025-12-01T13:17:45.976701674Z,2025-12-01T14:17:45.976701674Z,2025-12-01T13:50:01.399804564Z,"{""interval"":17500}",attributes,spans,580706b33949,railway-simulation,897fc4f1d6f122e5,5cfb6077f466dd029454b0b2168f8825
,,2541,2025-12-01T13:17:45.976701674Z,2025-12-01T14:17:45.976701674Z,2025-12-01T13:56:38.331647111Z,"{""interval"":83005}",attributes,spans,580706b33949,railway-simulation,8993408efe4c41de,eae20df04e0e80b762e26ce08bcbeb36
,,2542,2025-12-01T13:17:45.976701674Z,2025-12-01T14:17:45.976701674Z,2025-12-01T13:54:55.066009527Z,"{""interval"":66010}",attributes,spans,580706b33949,railway-simulation,89a6ab9e6fae08ce,dec9db32988fdb253858efa429b63a67
,,2543,2025-12-01T13:17:45.976701674Z,2025-12-01T14:17:45.976701674Z,2025-12-01T13:57:41.228957061Z,"{""interval"":90925}",attributes,spans,580706b33949,railway-simulation,89bc4ca1e12e85af,2dfe8e8e2ce0544cba8a86a006d023f3
,,2544,2025-12-01T13:17:45.976701674Z,2025-12-01T14:17:45.976701674Z,2025-12-01T13:50:10.7335589Z,"{""interval"":18985}",attributes,spans,580706b33949,railway-simulation,89c066b69bed25ad,0131ec6869631cb9cedb4930aafc5588
,,2545,2025-12-01T13:17:45.976701674Z,2025-12-01T14:17:45.976701674Z,2025-12-01T13:57:33.748238832Z,"{""interval"":90265}",attributes,spans,580706b33949,railway-simulation,89d10032d0a74945,d14a19456d8669ba4f6292a2f3f9f5f8
,,2546,2025-12-01T13:17:45.976701674Z,2025-12-01T14:17:45.976701674Z,2025-12-01T13:52:35.566007675Z,"{""interval"":42910}",attributes,spans,580706b33949,railway-simulation,89dce06254694e24,2223d3cd17da294ea9907c54b7614972
,,2547,2025-12-01T13:17:45.976701674Z,2025-12-01T14:17:45.976701674Z,2025-12-01T13:53:50.565934286Z,"{""interval"":55285}",attributes,spans,580706b33949,railway-simulation,89df807178a69525,0849bd56ea282d5185ea3110201b2201
,,2548,2025-12-01T13:17:45.976701674Z,2025-12-01T14:17:45.976701674Z,2025-12-01T13:51:16.399488774Z,"{""interval"":29875.000000000004}",attributes,spans,580706b33949,railway-simulation,89e22168272c95cd,0bd67925c852694cda337a36059c2257
,,2549,2025-12-01T13:17:45.976701674Z,2025-12-01T14:17:45.976701674Z,2025-12-01T13:49:46.90010048Z,"{""interval"":15025}",attributes,spans,580706b33949,railway-simulation,89e72953f416b412,8ba1b01fc6ce722612847fb85434a72c
,,2550,2025-12-01T13:17:45.976701674Z,2025-12-01T14:17:45.976701674Z,2025-12-01T13:54:49.565931369Z,"{""interval"":65019.99999999999}",attributes,spans,580706b33949,railway-simulation,8a032158223ec135,671636ba0a3386b85af47d8dc96d267f
,,2551,2025-12-01T13:17:45.976701674Z,2025-12-01T14:17:45.976701674Z,2025-12-01T13:49:47.233546406Z,"{""interval"":15190}",attributes,spans,580706b33949,railway-simulation,8a16d62253f94e84,1a8711c86be917d7b427f41f87a186ad
,,2552,2025-12-01T13:17:45.976701674Z,2025-12-01T14:17:45.976701674Z,2025-12-01T13:53:28.232564117Z,"{""interval"":51655.00000000001}",attributes,spans,580706b33949,railway-simulation,8a21a8f7f049726a,55bab45804205412a19b4db34d7e7f73
,,2553,2025-12-01T13:17:45.976701674Z,2025-12-01T14:17:45.976701674Z,2025-12-01T13:50:40.899227437Z,"{""interval"":23935}",attributes,spans,580706b33949,railway-simulation,8a31ac1064ffa8ac,41a5df9502f4990646eceefdeaf5bfb9
,,2554,2025-12-01T13:17:45.976701674Z,2025-12-01T14:17:45.976701674Z,2025-12-01T13:48:41.732579589Z,"{""interval"":4300}",attributes,spans,580706b33949,railway-simulation,8a56cedc2ea07f15,e90f9d0c02bded949a143ec7e390d142
,,2555,2025-12-01T13:17:45.976701674Z,2025-12-01T14:17:45.976701674Z,2025-12-01T13:53:21.399482297Z,"{""interval"":50500}",attributes,spans,580706b33949,railway-simulation,8a9820a116aeec17,e2dd851f290f90c0f392267d2a1edfe2
,,2556,2025-12-01T13:17:45.976701674Z,2025-12-01T14:17:45.976701674Z,2025-12-01T13:55:18.399270336Z,"{""interval"":69805}",attributes,spans,580706b33949,railway-simulation,8aa2faccc50ae6ef,b58f38110ab2f341ad8554768428fca8
,,2557,2025-12-01T13:17:45.976701674Z,2025-12-01T14:17:45.976701674Z,2025-12-01T13:57:47.913647837Z,"{""interval"":91750}",attributes,spans,580706b33949,railway-simulation,8ab59fe04e7117b4,e01cbea9974916ebe2be25d81771f177
,,2558,2025-12-01T13:17:45.976701674Z,2025-12-01T14:17:45.976701674Z,2025-12-01T13:49:54.066805915Z,"{""interval"":16345}",attributes,spans,580706b33949,railway-simulation,8aba7ae18799f9c6,16817b9d6bba5317e397028cb363106b
,,2559,2025-12-01T13:17:45.976701674Z,2025-12-01T14:17:45.976701674Z,2025-12-01T13:48:25.232235589Z,"{""interval"":1660}",attributes,spans,580706b33949,railway-simulation,8acc5ce0409ade7d,c7784cb5ab899fdcb04ed7064e75718a
,,2560,2025-12-01T13:17:45.976701674Z,2025-12-01T14:17:45.976701674Z,2025-12-01T13:48:43.399216244Z,"{""interval"":4630}",attributes,spans,580706b33949,railway-simulation,8ad238ab87d52ccf,aedd076c30f9c91af5be532ea7cf213c
,,2561,2025-12-01T13:17:45.976701674Z,2025-12-01T14:17:45.976701674Z,2025-12-01T13:48:56.06602021Z,"{""interval"":6775}",attributes,spans,580706b33949,railway-simulation,8ad3a517e5aefe84,9e93c60c6866e80247ea327692f80607
,,2562,2025-12-01T13:17:45.976701674Z,2025-12-01T14:17:45.976701674Z,2025-12-01T13:55:49.065961112Z,"{""interval"":74920}",attributes,spans,580706b33949,railway-simulation,8ad562e35a8a8cf1,e2201ccff6dd677ebfd0ea628493deeb
,,2563,2025-12-01T13:17:45.976701674Z,2025-12-01T14:17:45.976701674Z,2025-12-01T13:58:08.023287072Z,"{""interval"":94060}",attributes,spans,580706b33949,railway-simulation,8ae61f2076d5e9b6,0e4958d3f94d15102fc6e60ec3ea7e75
,,2564,2025-12-01T13:17:45.976701674Z,2025-12-01T14:17:45.976701674Z,2025-12-01T13:49:56.73296838Z,"{""interval"":16675}",attributes,spans,580706b33949,railway-simulation,8aec6eba492a9cec,202ed70e2eea523d375887ebd62a21d4
,,2565,2025-12-01T13:17:45.976701674Z,2025-12-01T14:17:45.976701674Z,2025-12-01T13:58:35.77957492Z,"{""interval"":97690}",attributes,spans,580706b33949,railway-simulation,8af69e3029f16a41,dede5d924fde0ceca4f0ac29921c91d3
,,2566,2025-12-01T13:17:45.976701674Z,2025-12-01T14:17:45.976701674Z,2025-12-01T13:56:17.399408563Z,"{""interval"":79540}",attributes,spans,580706b33949,railway-simulation,8b0fd19e570f41f3,8bab9b4791ad47a9c041e5392a92a7a0
,,2567,2025-12-01T13:17:45.976701674Z,2025-12-01T14:17:45.976701674Z,2025-12-01T13:51:17.565946712Z,"{""interval"":30040}",attributes,spans,580706b33949,railway-simulation,8b15a6b409e5e7ec,4b98e4b4c6a5dcfcd6f5942b1e61c84f
,,2568,2025-12-01T13:17:45.976701674Z,2025-12-01T14:17:45.976701674Z,2025-12-01T13:57:14.679683506Z,"{""interval"":88285}",attributes,spans,580706b33949,railway-simulation,8b2ec300b62dde2c,e74fe49772aaf56ee8f346c0a7f9d0e3
,,2569,2025-12-01T13:17:45.976701674Z,2025-12-01T14:17:45.976701674Z,2025-12-01T13:56:06.066325563Z,"{""interval"":77725}",attributes,spans,580706b33949,railway-simulation,8b3f1ea46d322326,f4cb2b22b3347a7934f5574f632bbf2b
,,2570,2025-12-01T13:17:45.976701674Z,2025-12-01T14:17:45.976701674Z,2025-12-01T13:58:43.302515138Z,"{""interval"":99010}",attributes,spans,580706b33949,railway-simulation,8b5e3b5fd0898e81,b9f36d55fd8a5ed4d1213866fdd3adf2
,,2571,2025-12-01T13:17:45.976701674Z,2025-12-01T14:17:45.976701674Z,2025-12-01T13:49:23.733538192Z,"{""interval"":11230}",attributes,spans,580706b33949,railway-simulation,8b5e62674ce47abb,408bb3cd57d7212fe49d4da2b8d793b9
,,2572,2025-12-01T13:17:45.976701674Z,2025-12-01T14:17:45.976701674Z,2025-12-01T13:52:46.399217645Z,"{""interval"":44725}",attributes,spans,580706b33949,railway-simulation,8b6e0e232f7a5739,9246ae481b82ffe3a4ca0f819b39db3c
,,2573,2025-12-01T13:17:45.976701674Z,2025-12-01T14:17:45.976701674Z,2025-12-01T13:49:06.732753864Z,"{""interval"":8425}",attributes,spans,580706b33949,railway-simulation,8b70bd9497152e31,9f3de547bd6b5f533700257c047e6714
,,2574,2025-12-01T13:17:45.976701674Z,2025-12-01T14:17:45.976701674Z,2025-12-01T13:56:52.033661762Z,"{""interval"":85150}",attributes,spans,580706b33949,railway-simulation,8b8d35af8d1930f1,c38a405e8cbb1b65910a19967d85708e
,,2575,2025-12-01T13:17:45.976701674Z,2025-12-01T14:17:45.976701674Z,2025-12-01T13:56:32.400128718Z,"{""interval"":82015}",attributes,spans,580706b33949,railway-simulation,8ba13871231a1943,7faa897770a5f2394812770384d053ad
,,2576,2025-12-01T13:17:45.976701674Z,2025-12-01T14:17:45.976701674Z,2025-12-01T13:50:47.066016456Z,"{""interval"":25090}",attributes,spans,580706b33949,railway-simulation,8bcfe05b0af49051,fb0ef12c04d9ca929dfe8ec0025e228a
,,2577,2025-12-01T13:17:45.976701674Z,2025-12-01T14:17:45.976701674Z,2025-12-01T13:51:00.566010863Z,"{""interval"":27235}",attributes,spans,580706b33949,railway-simulation,8be04225b7981cd7,6c281e59c6040dbfa114cea3de2e6012
,,2578,2025-12-01T13:17:45.976701674Z,2025-12-01T14:17:45.976701674Z,2025-12-01T13:58:25.007919057Z,"{""interval"":96040}",attributes,spans,580706b33949,railway-simulation,8be256fb89dccdb0,e0e46a42ad854048f71e2554b9e5fc1a
,,2579,2025-12-01T13:17:45.976701674Z,2025-12-01T14:17:45.976701674Z,2025-12-01T13:49:02.733049961Z,"{""interval"":7765}",attributes,spans,580706b33949,railway-simulation,8be422ec7425d464,a1d41dedafbbf6ab981d5121b18214b4
,,2580,2025-12-01T13:17:45.976701674Z,2025-12-01T14:17:45.976701674Z,2025-12-01T13:48:39.56587625Z,"{""interval"":3970}",attributes,spans,580706b33949,railway-simulation,8bf4a32f39f4f0ea,ce05c665064d4dd3032699ab993255a6
,,2581,2025-12-01T13:17:45.976701674Z,2025-12-01T14:17:45.976701674Z,2025-12-01T13:48:27.399038127Z,"{""interval"":1990}",attributes,spans,580706b33949,railway-simulation,8c1f511f1c390fc1,ee777a6b219fab4a4bc7db4ab94b0e5c
,,2582,2025-12-01T13:17:45.976701674Z,2025-12-01T14:17:45.976701674Z,2025-12-01T13:53:09.399275447Z,"{""interval"":48520}",attributes,spans,580706b33949,railway-simulation,8c54ee215e545a29,18dafab61b6514ac4a268ce09fa9405e
,,2583,2025-12-01T13:17:45.976701674Z,2025-12-01T14:17:45.976701674Z,2025-12-01T13:53:33.732592073Z,"{""interval"":52480}",attributes,spans,580706b33949,railway-simulation,8c64c95ae8fe7c82,23e8ac469724d03d60af43176247b477
,,2584,2025-12-01T13:17:45.976701674Z,2025-12-01T14:17:45.976701674Z,2025-12-01T13:51:01.399347809Z,"{""interval"":27400}",attributes,spans,580706b33949,railway-simulation,8c6625921dec700e,5e3d04d95ed401e4a9f2bd034dbb4fde
,,2585,2025-12-01T13:17:45.976701674Z,2025-12-01T14:17:45.976701674Z,2025-12-01T13:48:25.732337253Z,"{""interval"":1660}",attributes,spans,580706b33949,railway-simulation,8c782b1d35032adf,047e064bfb1d19d5dde96caa56a943ed
,,2586,2025-12-01T13:17:45.976701674Z,2025-12-01T14:17:45.976701674Z,2025-12-01T13:48:48.732972622Z,"{""interval"":5455}",attributes,spans,580706b33949,railway-simulation,8c9de08f77f0c731,2790c0cb9b2e2813d6b7424715cbd8cb
,,2587,2025-12-01T13:17:45.976701674Z,2025-12-01T14:17:45.976701674Z,2025-12-01T13:54:39.565925747Z,"{""interval"":63370}",attributes,spans,580706b33949,railway-simulation,8cd4dae435fa81b3,976e86f7eda27cc490dee05bcfbb0cad
,,2588,2025-12-01T13:17:45.976701674Z,2025-12-01T14:17:45.976701674Z,2025-12-01T13:50:52.232738202Z,"{""interval"":25915}",attributes,spans,580706b33949,railway-simulation,8cd991138f61e653,2bebb3fed2184ff0d968ff46f09b746e
,,2589,2025-12-01T13:17:45.976701674Z,2025-12-01T14:17:45.976701674Z,2025-12-01T13:56:37.07585766Z,"{""interval"":82675}",attributes,spans,580706b33949,railway-simulation,8cf75b987ce9a874,57e179a344c7ea323618ad23edf84cf0
,,2590,2025-12-01T13:17:45.976701674Z,2025-12-01T14:17:45.976701674Z,2025-12-01T13:56:14.732610361Z,"{""interval"":79045}",attributes,spans,580706b33949,railway-simulation,8d1086428cf9dfa3,5cd1c4e4e70ad0acc8033e2de4ab381a
,,2591,2025-12-01T13:17:45.976701674Z,2025-12-01T14:17:45.976701674Z,2025-12-01T13:50:04.232717893Z,"{""interval"":17995}",attributes,spans,580706b33949,railway-simulation,8d3556126a330cd2,9c1a98dd842b4fe95f032807e586adb7
,,2592,2025-12-01T13:17:45.976701674Z,2025-12-01T14:17:45.976701674Z,2025-12-01T13:51:31.732562713Z,"{""interval"":32350}",attributes,spans,580706b33949,railway-simulation,8d3be9f1a51abbc6,f48855b5ea821b7d62a0552dff58607e
,,2593,2025-12-01T13:17:45.976701674Z,2025-12-01T14:17:45.976701674Z,2025-12-01T13:56:32.732795917Z,"{""interval"":82015}",attributes,spans,580706b33949,railway-simulation,8d4bd584696cc52a,514847524d6fdc8b2e556c4e89ad7a8f
,,2594,2025-12-01T13:17:45.976701674Z,2025-12-01T14:17:45.976701674Z,2025-12-01T13:55:29.065953981Z,"{""interval"":71620}",attributes,spans,580706b33949,railway-simulation,8d5923cf8db4f751,09a2a136c03a44f0f71e8a7296903cd5
,,2595,2025-12-01T13:17:45.976701674Z,2025-12-01T14:17:45.976701674Z,2025-12-01T13:58:19.592269684Z,"{""interval"":95380}",attributes,spans,580706b33949,railway-simulation,8d59dae50063725a,536aa70838cc0490c64235d6b38ad8c0
,,2596,2025-12-01T13:17:45.976701674Z,2025-12-01T14:17:45.976701674Z,2025-12-01T13:48:21.399322935Z,"{""interval"":1000}",attributes,spans,580706b33949,railway-simulation,8d6594204e9bd996,8abb1371073af4abed66f0b3ea1a87f2
,,2597,2025-12-01T13:17:45.976701674Z,2025-12-01T14:17:45.976701674Z,2025-12-01T13:56:17.566032964Z,"{""interval"":79540}",attributes,spans,580706b33949,railway-simulation,8d7429daef9cd163,0f15f7e4da0049f7c7958883e179ee55
,,2598,2025-12-01T13:17:45.976701674Z,2025-12-01T14:17:45.976701674Z,2025-12-01T13:50:28.565984868Z,"{""interval"":21955}",attributes,spans,580706b33949,railway-simulation,8d7fbd96fa8b2473,f8e1f6cfb62960340d74ff44edebf0c7
,,2599,2025-12-01T13:17:45.976701674Z,2025-12-01T14:17:45.976701674Z,2025-12-01T13:51:02.566043786Z,"{""interval"":27564.999999999996}",attributes,spans,580706b33949,railway-simulation,8d87019dbe743ee6,8eefc93044cb9f9f464db6602fff6502
,,2600,2025-12-01T13:17:45.976701674Z,2025-12-01T14:17:45.976701674Z,2025-12-01T13:54:58.232576232Z,"{""interval"":66505}",attributes,spans,580706b33949,railway-simulation,8dc4350d4dcee283,fa159a291a11561f2e4a3245f761252d
,,2601,2025-12-01T13:17:45.976701674Z,2025-12-01T14:17:45.976701674Z,2025-12-01T13:52:01.732594112Z,"{""interval"":37300}",attributes,spans,580706b33949,railway-simulation,8dcde4f6045e3fe8,76a2825dd56e196e024809c2bf98dc8e
,,2602,2025-12-01T13:17:45.976701674Z,2025-12-01T14:17:45.976701674Z,2025-12-01T13:57:04.549126405Z,"{""interval"":87295}",attributes,spans,580706b33949,railway-simulation,8e02af1615ce265d,5b729576dab9fab7d969ee9a7feab977
,,2603,2025-12-01T13:17:45.976701674Z,2025-12-01T14:17:45.976701674Z,2025-12-01T13:49:11.232776571Z,"{""interval"":9250}",attributes,spans,580706b33949,railway-simulation,8e0d3622dac7f2d6,7f9df82cef7196942601c86112b3f52c
,,2604,2025-12-01T13:17:45.976701674Z,2025-12-01T14:17:45.976701674Z,2025-12-01T13:56:13.899231046Z,"{""interval"":78880}",attributes,spans,580706b33949,railway-simulation,8e1ca91047941f26,45430f301a78e61fb6fcd9b00e056b80
,,2605,2025-12-01T13:17:45.976701674Z,2025-12-01T14:17:45.976701674Z,2025-12-01T13:48:26.232597942Z,"{""interval"":1825}",attributes,spans,580706b33949,railway-simulation,8e24f1b6a397aed4,fbd416b400799e595de1a642d3e1f392
,,2606,2025-12-01T13:17:45.976701674Z,2025-12-01T14:17:45.976701674Z,2025-12-01T13:51:34.565977341Z,"{""interval"":32845}",attributes,spans,580706b33949,railway-simulation,8e294f1b4bc6dfa6,e2e5e2cf8835c2946d7db155cee88996
,,2607,2025-12-01T13:17:45.976701674Z,2025-12-01T14:17:45.976701674Z,2025-12-01T13:58:19.860564755Z,"{""interval"":95380}",attributes,spans,580706b33949,railway-simulation,8e45ffbe3f9d552c,9a457e359d64f3d830023289b47f6c1a
,,2608,2025-12-01T13:17:45.976701674Z,2025-12-01T14:17:45.976701674Z,2025-12-01T13:50:08.733490988Z,"{""interval"":18655}",attributes,spans,580706b33949,railway-simulation,8e493532d589d99a,0a199602dd3b82c4dca981e6845e0e18
,,2609,2025-12-01T13:17:45.976701674Z,2025-12-01T14:17:45.976701674Z,2025-12-01T13:52:51.899295852Z,"{""interval"":45550}",attributes,spans,580706b33949,railway-simulation,8e8f6a4feb479b58,89f13b4599f2cf155c484adb760f4cb8
,,2610,2025-12-01T13:17:45.976701674Z,2025-12-01T14:17:45.976701674Z,2025-12-01T13:56:43.710449644Z,"{""interval"":83830}",attributes,spans,580706b33949,railway-simulation,8e9063fd588b2b19,eeede1c07a2256513667add2987d5e06
,,2611,2025-12-01T13:17:45.976701674Z,2025-12-01T14:17:45.976701674Z,2025-12-01T13:54:10.232608233Z,"{""interval"":58585}",attributes,spans,580706b33949,railway-simulation,8e919864f61ad48f,fa9203d44dccc4d507aaa59122276333
,,2612,2025-12-01T13:17:45.976701674Z,2025-12-01T14:17:45.976701674Z,2025-12-01T13:57:21.258433587Z,"{""interval"":88945}",attributes,spans,580706b33949,railway-simulation,8e9bc76894d7df47,e216de3f86f244921ab04763df13d25d
,,2613,2025-12-01T13:17:45.976701674Z,2025-12-01T14:17:45.976701674Z,2025-12-01T13:53:12.899292018Z,"{""interval"":49015}",attributes,spans,580706b33949,railway-simulation,8eaab27fd41a7ce3,b3e91a206885987836543ec23d07402f
,,2614,2025-12-01T13:17:45.976701674Z,2025-12-01T14:17:45.976701674Z,2025-12-01T13:55:56.399312395Z,"{""interval"":76075}",attributes,spans,580706b33949,railway-simulation,8ebadc2ee820653e,633c5fba50cc04e3c9c8373ceff8b1ef
,,2615,2025-12-01T13:17:45.976701674Z,2025-12-01T14:17:45.976701674Z,2025-12-01T13:52:49.899239214Z,"{""interval"":45220}",attributes,spans,580706b33949,railway-simulation,8ec92cc5e8ed81db,1488e0cb973a93bcd4840ab0415a5b76
,,2616,2025-12-01T13:17:45.976701674Z,2025-12-01T14:17:45.976701674Z,2025-12-01T13:52:01.899261911Z,"{""interval"":37300}",attributes,spans,580706b33949,railway-simulation,8ecc680f41f2fc71,0687160f504c5d523ed8d9d58833a9d2
,,2617,2025-12-01T13:17:45.976701674Z,2025-12-01T14:17:45.976701674Z,2025-12-01T13:48:59.232624057Z,"{""interval"":7270.000000000001}",attributes,spans,580706b33949,railway-simulation,8edea9b781432749,fa5eb0a57f338b6a4a04dc4fd19baaef
,,2618,2025-12-01T13:17:45.976701674Z,2025-12-01T14:17:45.976701674Z,2025-12-01T13:57:52.278222941Z,"{""interval"":92245}",attributes,spans,580706b33949,railway-simulation,8ee15b9a9d3cf44a,1afc2b51b5ff70b0c47149c1b7ae837b
,,2619,2025-12-01T13:17:45.976701674Z,2025-12-01T14:17:45.976701674Z,2025-12-01T13:50:12.732837308Z,"{""interval"":19315}",attributes,spans,580706b33949,railway-simulation,8ee247d7d348512c,2c70424abe3d28217f352baaf45752cc
,,2620,2025-12-01T13:17:45.976701674Z,2025-12-01T14:17:45.976701674Z,2025-12-01T13:53:36.399252189Z,"{""interval"":52975}",attributes,spans,580706b33949,railway-simulation,8efaa363cbadbffd,260c6e42e12e2b986c74368eb0137730
,,2621,2025-12-01T13:17:45.976701674Z,2025-12-01T14:17:45.976701674Z,2025-12-01T13:57:26.999161185Z,"{""interval"":89605}",attributes,spans,580706b33949,railway-simulation,8efc01689f45e25d,e8e82b0ade327224e9434be1b86c94b6
,,2622,2025-12-01T13:17:45.976701674Z,2025-12-01T14:17:45.976701674Z,2025-12-01T13:50:42.233320062Z,"{""interval"":24265}",attributes,spans,580706b33949,railway-simulation,8f12874eab4f4c71,5a5c12811896629e3850cde81d2ea674
,,2623,2025-12-01T13:17:45.976701674Z,2025-12-01T14:17:45.976701674Z,2025-12-01T13:58:20.584068948Z,"{""interval"":95545}",attributes,spans,580706b33949,railway-simulation,8f1eccf54ca5cf08,fc2f32802929ca5e7096499b66128194
,,2624,2025-12-01T13:17:45.976701674Z,2025-12-01T14:17:45.976701674Z,2025-12-01T13:51:18.732559685Z,"{""interval"":30205}",attributes,spans,580706b33949,railway-simulation,8f4187594fbde94c,c1f2bcaaf652586331e8c9d6890574be
,,2625,2025-12-01T13:17:45.976701674Z,2025-12-01T14:17:45.976701674Z,2025-12-01T13:53:44.23333481Z,"{""interval"":54295}",attributes,spans,580706b33949,railway-simulation,8f67f839d64af72d,9b8d3778f96fd6b461816e7d74d65695
,,2626,2025-12-01T13:17:45.976701674Z,2025-12-01T14:17:45.976701674Z,2025-12-01T13:52:37.066016857Z,"{""interval"":43240}",attributes,spans,580706b33949,railway-simulation,8f811825ebf3c121,08bcf4cfa897db08546f5a417cc48edb
,,2627,2025-12-01T13:17:45.976701674Z,2025-12-01T14:17:45.976701674Z,2025-12-01T13:49:01.899415691Z,"{""interval"":7600}",attributes,spans,580706b33949,railway-simulation,8f83ec0e06b9b548,ed8ff1409954622eaeadc1edd2e93d8c
,,2628,2025-12-01T13:17:45.976701674Z,2025-12-01T14:17:45.976701674Z,2025-12-01T13:50:28.232723575Z,"{""interval"":21955}",attributes,spans,580706b33949,railway-simulation,8fa236442e577952,dd4a22c42853458fc82eef3fde51d16a
,,2629,2025-12-01T13:17:45.976701674Z,2025-12-01T14:17:45.976701674Z,2025-12-01T13:57:25.205637896Z,"{""interval"":89440}",attributes,spans,580706b33949,railway-simulation,8fc77be021cf7f93,7b2aedc926d84ceb80464817f652ba04
,,2630,2025-12-01T13:17:45.976701674Z,2025-12-01T14:17:45.976701674Z,2025-12-01T13:55:52.733533326Z,"{""interval"":75415}",attributes,spans,580706b33949,railway-simulation,8fc82124a2267971,031347632fc291aa92c7e69d209e1fdf
,,2631,2025-12-01T13:17:45.976701674Z,2025-12-01T14:17:45.976701674Z,2025-12-01T13:51:13.399307186Z,"{""interval"":29380}",attributes,spans,580706b33949,railway-simulation,8fd1c5a19a108590,08dca197927a8f3a170eb0b0c0f0cbb5
,,2632,2025-12-01T13:17:45.976701674Z,2025-12-01T14:17:45.976701674Z,2025-12-01T13:51:44.065909587Z,"{""interval"":34495}",attributes,spans,580706b33949,railway-simulation,8fd766d0822770d6,76d74f06acbb61cd167bd72bfd5304a3
,,2633,2025-12-01T13:17:45.976701674Z,2025-12-01T14:17:45.976701674Z,2025-12-01T13:57:03.400073692Z,"{""interval"":87130}",attributes,spans,580706b33949,railway-simulation,8fe3ad0c62220a24,67e1580c47841f64774500989a62c6f3
,,2634,2025-12-01T13:17:45.976701674Z,2025-12-01T14:17:45.976701674Z,2025-12-01T13:53:46.565968643Z,"{""interval"":54624.99999999999}",attributes,spans,580706b33949,railway-simulation,8ff4198135f2805f,0eafa0445711784156591290d1f5b87f
,,2635,2025-12-01T13:17:45.976701674Z,2025-12-01T14:17:45.976701674Z,2025-12-01T13:55:47.066345801Z,"{""interval"":74590}",attributes,spans,580706b33949,railway-simulation,8ff7a5d9c2ce51c4,35862dcd57fa45794ace2cb9975715dd
,,2636,2025-12-01T13:17:45.976701674Z,2025-12-01T14:17:45.976701674Z,2025-12-01T13:54:55.732574768Z,"{""interval"":66010}",attributes,spans,580706b33949,railway-simulation,8ff7f4aad2f6112e,600fc62e2b687fb0686aa4315d4a63ff
,,2637,2025-12-01T13:17:45.976701674Z,2025-12-01T14:17:45.976701674Z,2025-12-01T13:57:18.083977232Z,"{""interval"":88615}",attributes,spans,580706b33949,railway-simulation,8ffad196e60403c4,138e7d0abb5d0523a88a9c8e6a6a668d
,,2638,2025-12-01T13:17:45.976701674Z,2025-12-01T14:17:45.976701674Z,2025-12-01T13:54:18.065990593Z,"{""interval"":59905}",attributes,spans,580706b33949,railway-simulation,8ffddf4a17c0890a,9917e7dd7c35e4179ec4dab64266c751
,,2639,2025-12-01T13:17:45.976701674Z,2025-12-01T14:17:45.976701674Z,2025-12-01T13:48:26.399367954Z,"{""interval"":1825}",attributes,spans,580706b33949,railway-simulation,900880e33f28c199,20dcf7579ac8e0538cfa18ee591f116e
,,2640,2025-12-01T13:17:45.976701674Z,2025-12-01T14:17:45.976701674Z,2025-12-01T13:54:34.899243622Z,"{""interval"":62545}",attributes,spans,580706b33949,railway-simulation,90143d8a43efaa8d,32717c4e34506b6cb3370e6389d822d0
,,2641,2025-12-01T13:17:45.976701674Z,2025-12-01T14:17:45.976701674Z,2025-12-01T13:49:55.23263359Z,"{""interval"":16510}",attributes,spans,580706b33949,railway-simulation,901cdc9528d6e568,3b35fa667d2f9d213bb1a5d2e49e772a
,,2642,2025-12-01T13:17:45.976701674Z,2025-12-01T14:17:45.976701674Z,2025-12-01T13:53:38.899300651Z,"{""interval"":53305}",attributes,spans,580706b33949,railway-simulation,90244048731f5ff3,ddf64edb17047cdc51a729c7a8554762
,,2643,2025-12-01T13:17:45.976701674Z,2025-12-01T14:17:45.976701674Z,2025-12-01T13:48:32.566438143Z,"{""interval"":2815}",attributes,spans,580706b33949,railway-simulation,9041abbf712d2152,6238bec69054e51e65f94b57375cfce4
,,2644,2025-12-01T13:17:45.976701674Z,2025-12-01T14:17:45.976701674Z,2025-12-01T13:55:00.065998208Z,"{""interval"":66835}",attributes,spans,580706b33949,railway-simulation,90476de34f253fde,fe8a9f43e010ffff55f568cdc8ed6d14
,,2645,2025-12-01T13:17:45.976701674Z,2025-12-01T14:17:45.976701674Z,2025-12-01T13:55:01.56599441Z,"{""interval"":67000}",attributes,spans,580706b33949,railway-simulation,9052d93eb867861b,abd9858f278bd606160da23a5bbc1c6f
,,2646,2025-12-01T13:17:45.976701674Z,2025-12-01T14:17:45.976701674Z,2025-12-01T13:51:16.065925604Z,"{""interval"":29875.000000000004}",attributes,spans,580706b33949,railway-simulation,9053a86ee1225bbf,c8eb04f9f4c1a650f7ec7830da6b2a5e
,,2647,2025-12-01T13:17:45.976701674Z,2025-12-01T14:17:45.976701674Z,2025-12-01T13:52:08.399383668Z,"{""interval"":38455}",attributes,spans,580706b33949,railway-simulation,905ed23900743205,42471d9ca97cfaeaa1603121f6d93d80
,,2648,2025-12-01T13:17:45.976701674Z,2025-12-01T14:17:45.976701674Z,2025-12-01T13:53:52.065927808Z,"{""interval"":55615}",attributes,spans,580706b33949,railway-simulation,9076a85facd2fc11,a958c23b5c8efff9eeedeecb52905dda
,,2649,2025-12-01T13:17:45.976701674Z,2025-12-01T14:17:45.976701674Z,2025-12-01T13:57:33.026075349Z,"{""interval"":90265}",attributes,spans,580706b33949,railway-simulation,908aacf9334406e5,70570516009d7f719abb7dad94f7dd50
,,2650,2025-12-01T13:17:45.976701674Z,2025-12-01T14:17:45.976701674Z,2025-12-01T13:50:18.399411401Z,"{""interval"":20305}",attributes,spans,580706b33949,railway-simulation,9099a13a4a26b766,da5d5f7a3702f5f604a0c744ad63525e
,,2651,2025-12-01T13:17:45.976701674Z,2025-12-01T14:17:45.976701674Z,2025-12-01T13:52:48.565896511Z,"{""interval"":45055}",attributes,spans,580706b33949,railway-simulation,909df8800fe7ab14,796a36575c8b6f9dba34e2da39dd3c00
,,2652,2025-12-01T13:17:45.976701674Z,2025-12-01T14:17:45.976701674Z,2025-12-01T13:48:34.233239142Z,"{""interval"":3145}",attributes,spans,580706b33949,railway-simulation,90b2ed44e163be22,43507c021ae5167ad6d8370ebb0532ba
,,2653,2025-12-01T13:17:45.976701674Z,2025-12-01T14:17:45.976701674Z,2025-12-01T13:52:05.065973983Z,"{""interval"":37960}",attributes,spans,580706b33949,railway-simulation,90e83454ddd02fbc,466bd71f149a65c5fcb5442a57b1be75
,,2654,2025-12-01T13:17:45.976701674Z,2025-12-01T14:17:45.976701674Z,2025-12-01T13:48:52.065939106Z,"{""interval"":6115}",attributes,spans,580706b33949,railway-simulation,90f6154daf5c2d8e,29ed3c3a1159adb42724e831b97a1d1b
,,2655,2025-12-01T13:17:45.976701674Z,2025-12-01T14:17:45.976701674Z,2025-12-01T13:48:38.733194678Z,"{""interval"":3805}",attributes,spans,580706b33949,railway-simulation,9110957c5e2fd194,4c2910ffb9d2274609f8a16ab8642a7f
,,2656,2025-12-01T13:17:45.976701674Z,2025-12-01T14:17:45.976701674Z,2025-12-01T13:56:56.732685694Z,"{""interval"":85975}",attributes,spans,580706b33949,railway-simulation,9115a8142a221a1b,6e394862b4db8c5eb7eabc996b45ec86
,,2657,2025-12-01T13:17:45.976701674Z,2025-12-01T14:17:45.976701674Z,2025-12-01T13:58:32.601022409Z,"{""interval"":97195}",attributes,spans,580706b33949,railway-simulation,913c3f7f5de6b01a,d77aabefdd4ed9daf22afd1976a72e10
,,2658,2025-12-01T13:17:45.976701674Z,2025-12-01T14:17:45.976701674Z,2025-12-01T13:53:54.899714037Z,"{""interval"":55945.00000000001}",attributes,spans,580706b33949,railway-simulation,914c1dd33baf9fae,4d075484e661a23b589036a046f21a93
,,2659,2025-12-01T13:17:45.976701674Z,2025-12-01T14:17:45.976701674Z,2025-12-01T13:57:18.655055341Z,"{""interval"":88780}",attributes,spans,580706b33949,railway-simulation,9170f196a15d2ed3,936d85cec6f25b0ce2708932af90a10c
,,2660,2025-12-01T13:17:45.976701674Z,2025-12-01T14:17:45.976701674Z,2025-12-01T13:55:57.400452437Z,"{""interval"":76240}",attributes,spans,580706b33949,railway-simulation,917872e427f8048c,586520fd4f22dcde3575243f4fa97a3a
,,2661,2025-12-01T13:17:45.976701674Z,2025-12-01T14:17:45.976701674Z,2025-12-01T13:51:58.065906296Z,"{""interval"":36805}",attributes,spans,580706b33949,railway-simulation,917a704f75cca7a5,617587e65ca1b48c74ccfb0a1c1f07d3
,,2662,2025-12-01T13:17:45.976701674Z,2025-12-01T14:17:45.976701674Z,2025-12-01T13:51:06.399243316Z,"{""interval"":28225.000000000004}",attributes,spans,580706b33949,railway-simulation,918092ee69e57e96,9e903330f254d80ccbaaf22d416d17b2
,,2663,2025-12-01T13:17:45.976701674Z,2025-12-01T14:17:45.976701674Z,2025-12-01T13:55:12.066010587Z,"{""interval"":68815}",attributes,spans,580706b33949,railway-simulation,9180fbf5b90de080,02ec92ab4301695f602fe4e1304ac02c
,,2664,2025-12-01T13:17:45.976701674Z,2025-12-01T14:17:45.976701674Z,2025-12-01T13:55:46.232792552Z,"{""interval"":74425}",attributes,spans,580706b33949,railway-simulation,9191d68a3982be4f,094945442c10767de2c06a901ab6682e
,,2665,2025-12-01T13:17:45.976701674Z,2025-12-01T14:17:45.976701674Z,2025-12-01T13:53:06.065923122Z,"{""interval"":48025}",attributes,spans,580706b33949,railway-simulation,91b63e8edec7d65a,5ab8e6f20d1d3bf59165196790610183
,,2666,2025-12-01T13:17:45.976701674Z,2025-12-01T14:17:45.976701674Z,2025-12-01T13:54:04.065946403Z,"{""interval"":57595}",attributes,spans,580706b33949,railway-simulation,91b69e32e7e9df49,ff0d11bd1df3a4ef8c0421bb927278fe
,,2667,2025-12-01T13:17:45.976701674Z,2025-12-01T14:17:45.976701674Z,2025-12-01T13:58:14.680930372Z,"{""interval"":94885}",attributes,spans,580706b33949,railway-simulation,91d5c871e1e0648c,d23b62970a664ae837988a6484d0f1b9
,,2668,2025-12-01T13:17:45.976701674Z,2025-12-01T14:17:45.976701674Z,2025-12-01T13:51:49.399263849Z,"{""interval"":35320}",attributes,spans,580706b33949,railway-simulation,91dfbba9c7f577b2,a47208cdd31da41d104f3acdfd158b1d
,,2669,2025-12-01T13:17:45.976701674Z,2025-12-01T14:17:45.976701674Z,2025-12-01T13:58:28.65552793Z,"{""interval"":96535}",attributes,spans,580706b33949,railway-simulation,9200d977889f53dd,c0eee512838aa636e5e31edac7d646ff
,,2670,2025-12-01T13:17:45.976701674Z,2025-12-01T14:17:45.976701674Z,2025-12-01T13:58:41.619287476Z,"{""interval"":98680}",attributes,spans,580706b33949,railway-simulation,92055c52cf49f18c,b0cd406ae9273fee7c02f1e6fa2a171b
,,2671,2025-12-01T13:17:45.976701674Z,2025-12-01T14:17:45.976701674Z,2025-12-01T13:50:33.899298607Z,"{""interval"":22780}",attributes,spans,580706b33949,railway-simulation,921121e2ca26f649,6ca5726085b068cd08e2ae769fb10cee
,,2672,2025-12-01T13:17:45.976701674Z,2025-12-01T14:17:45.976701674Z,2025-12-01T13:55:23.399294613Z,"{""interval"":70630}",attributes,spans,580706b33949,railway-simulation,92160c740e4b72f0,ba7ac2439a253f3216882d8e20403626
,,2673,2025-12-01T13:17:45.976701674Z,2025-12-01T14:17:45.976701674Z,2025-12-01T13:57:10.124375309Z,"{""interval"":87955}",attributes,spans,580706b33949,railway-simulation,92173cdb96edc60e,c903db43374553119f061d50c4cc6e26
,,2674,2025-12-01T13:17:45.976701674Z,2025-12-01T14:17:45.976701674Z,2025-12-01T13:53:48.232562065Z,"{""interval"":54955.00000000001}",attributes,spans,580706b33949,railway-simulation,922ccb548aecfccd,3e356a086fd4b527374610f369e4d326
,,2675,2025-12-01T13:17:45.976701674Z,2025-12-01T14:17:45.976701674Z,2025-12-01T13:53:37.565912857Z,"{""interval"":53139.99999999999}",attributes,spans,580706b33949,railway-simulation,922de3ba3d638148,61f45f670c33e18fa0f3703315f79fda
,,2676,2025-12-01T13:17:45.976701674Z,2025-12-01T14:17:45.976701674Z,2025-12-01T13:55:33.066118499Z,"{""interval"":72280}",attributes,spans,580706b33949,railway-simulation,9244d9eaf335f3e0,af9a647234b52920513d0b57daf54e18
,,2677,2025-12-01T13:17:45.976701674Z,2025-12-01T14:17:45.976701674Z,2025-12-01T13:49:05.233088372Z,"{""interval"":8260}",attributes,spans,580706b33949,railway-simulation,924b1602d1c5d957,9f6c3bbfc8555014584fc4049572df1f
,,2678,2025-12-01T13:17:45.976701674Z,2025-12-01T14:17:45.976701674Z,2025-12-01T13:49:58.399368016Z,"{""interval"":17005}",attributes,spans,580706b33949,railway-simulation,9258566ed7fb4931,692be369304a56c79f1de2729d92841f
,,2679,2025-12-01T13:17:45.976701674Z,2025-12-01T14:17:45.976701674Z,2025-12-01T13:53:57.399795105Z,"{""interval"":56440.00000000001}",attributes,spans,580706b33949,railway-simulation,926ccffedc52fe20,2f9cf0a91072056bc2e6fcca6344fed1
,,2680,2025-12-01T13:17:45.976701674Z,2025-12-01T14:17:45.976701674Z,2025-12-01T13:55:31.631441306Z,"{""interval"":71950}",attributes,spans,580706b33949,railway-simulation,927393180ed72b4a,5749227e3b7b876563d3506655380700
,,2681,2025-12-01T13:17:45.976701674Z,2025-12-01T14:17:45.976701674Z,2025-12-01T13:51:20.899253353Z,"{""interval"":30535}",attributes,spans,580706b33949,railway-simulation,9273954ceb564214,3dca8a6cb90b95003b1830a708aeb6ca
,,2682,2025-12-01T13:17:45.976701674Z,2025-12-01T14:17:45.976701674Z,2025-12-01T13:53:51.732622953Z,"{""interval"":55450.00000000001}",attributes,spans,580706b33949,railway-simulation,92783013e80598e6,5966b8705c1b0404f9e293e409a62dbc
,,2683,2025-12-01T13:17:45.976701674Z,2025-12-01T14:17:45.976701674Z,2025-12-01T13:49:12.565944442Z,"{""interval"":9415}",attributes,spans,580706b33949,railway-simulation,929b14ac95b109fc,d816156c5e8b14006dfb927790dbc3d9
,,2684,2025-12-01T13:17:45.976701674Z,2025-12-01T14:17:45.976701674Z,2025-12-01T13:49:26.232606699Z,"{""interval"":11725}",attributes,spans,580706b33949,railway-simulation,92c1c21cc58714d1,cea01eb9d68f9f031218b3769db4a0a8
,,2685,2025-12-01T13:17:45.976701674Z,2025-12-01T14:17:45.976701674Z,2025-12-01T13:49:20.233607447Z,"{""interval"":10735}",attributes,spans,580706b33949,railway-simulation,92ccc67bfd60e0a2,5a24ede38db523ec5360dd2eced3a7e7
,,2686,2025-12-01T13:17:45.976701674Z,2025-12-01T14:17:45.976701674Z,2025-12-01T13:51:49.732548861Z,"{""interval"":35320}",attributes,spans,580706b33949,railway-simulation,92d09851d9c24d0a,f078813b57150ebba8447277426afd19
,,2687,2025-12-01T13:17:45.976701674Z,2025-12-01T14:17:45.976701674Z,2025-12-01T13:48:23.89919286Z,"{""interval"":1330}",attributes,spans,580706b33949,railway-simulation,92d296d26b44b737,d4d3a1e9a73616b7418faa5689534180
,,2688,2025-12-01T13:17:45.976701674Z,2025-12-01T14:17:45.976701674Z,2025-12-01T13:57:35.985984301Z,"{""interval"":90430}",attributes,spans,580706b33949,railway-simulation,92dc5f79f0a94321,22d68c3516bc4828dc1a16bfa2ad0155
,,2689,2025-12-01T13:17:45.976701674Z,2025-12-01T14:17:45.976701674Z,2025-12-01T13:55:05.232556717Z,"{""interval"":67660}",attributes,spans,580706b33949,railway-simulation,92fe6c4c5c225111,22db05db512c431f6b49fcbeac6796b6
,,2690,2025-12-01T13:17:45.976701674Z,2025-12-01T14:17:45.976701674Z,2025-12-01T13:53:33.899305808Z,"{""interval"":52480}",attributes,spans,580706b33949,railway-simulation,93409845226d9791,23221fdb5e3f6da68d12ef053dbdd573
,,2691,2025-12-01T13:17:45.976701674Z,2025-12-01T14:17:45.976701674Z,2025-12-01T13:53:46.399419726Z,"{""interval"":54624.99999999999}",attributes,spans,580706b33949,railway-simulation,936137e57d41f3ca,c405b7b6dfaeb2906f78636c18ed5313
,,2692,2025-12-01T13:17:45.976701674Z,2025-12-01T14:17:45.976701674Z,2025-12-01T13:57:23.218331464Z,"{""interval"":89110}",attributes,spans,580706b33949,railway-simulation,93701d4afc7ab5cf,69dcbf6246d083700958bdda8d7c1bc4
,,2693,2025-12-01T13:17:45.976701674Z,2025-12-01T14:17:45.976701674Z,2025-12-01T13:50:37.232731018Z,"{""interval"":23440}",attributes,spans,580706b33949,railway-simulation,938bfee5ad83eb8f,8594ed7100ae80ca6930f0910ba45fac
,,2694,2025-12-01T13:17:45.976701674Z,2025-12-01T14:17:45.976701674Z,2025-12-01T13:55:22.065967975Z,"{""interval"":70465}",attributes,spans,580706b33949,railway-simulation,9394c41403f83f04,9cef8f504578592067cac684faf0d5e9
,,2695,2025-12-01T13:17:45.976701674Z,2025-12-01T14:17:45.976701674Z,2025-12-01T13:53:40.732558773Z,"{""interval"":53634.99999999999}",attributes,spans,580706b33949,railway-simulation,9399b2fa429ddda9,8757c1da7c7cb15e04a4a30707189011
,,2696,2025-12-01T13:17:45.976701674Z,2025-12-01T14:17:45.976701674Z,2025-12-01T13:49:35.565993946Z,"{""interval"":13210}",attributes,spans,580706b33949,railway-simulation,93b2dbe7a66b8527,f81a84ba9b38f8e72ea222b8d08873f2
,,2697,2025-12-01T13:17:45.976701674Z,2025-12-01T14:17:45.976701674Z,2025-12-01T13:48:39.066542236Z,"{""interval"":3970}",attributes,spans,580706b33949,railway-simulation,93e3b8211409660c,ae6ee8c6d79d9d495d11dd9e8a407e50
,,2698,2025-12-01T13:17:45.976701674Z,2025-12-01T14:17:45.976701674Z,2025-12-01T13:53:28.732615805Z,"{""interval"":51655.00000000001}",attributes,spans,580706b33949,railway-simulation,93e4334d8ce4ffb4,59dcae9e189981734e2eb407297081bb
,,2699,2025-12-01T13:17:45.976701674Z,2025-12-01T14:17:45.976701674Z,2025-12-01T13:53:58.066327296Z,"{""interval"":56605}",attributes,spans,580706b33949,railway-simulation,93f39fac5c99cda5,80a7f080d2244b670a80a38b75d9e87d
,,2700,2025-12-01T13:17:45.976701674Z,2025-12-01T14:17:45.976701674Z,2025-12-01T13:52:27.732557526Z,"{""interval"":41590}",attributes,spans,580706b33949,railway-simulation,94269c6e2d656496,f9d9f8f4453b203459570ff23898037c
,,2701,2025-12-01T13:17:45.976701674Z,2025-12-01T14:17:45.976701674Z,2025-12-01T13:54:39.065958508Z,"{""interval"":63370}",attributes,spans,580706b33949,railway-simulation,945c1325f3c5844d,f67ab7cc027fa22e3635a04544e85b75
,,2702,2025-12-01T13:17:45.976701674Z,2025-12-01T14:17:45.976701674Z,2025-12-01T13:56:02.732860392Z,"{""interval"":77065}",attributes,spans,580706b33949,railway-simulation,9462bf108d6a5add,5dbf891d5094c867b1d6749a124c3cb3
,,2703,2025-12-01T13:17:45.976701674Z,2025-12-01T14:17:45.976701674Z,2025-12-01T13:56:46.095252357Z,"{""interval"":84160}",attributes,spans,580706b33949,railway-simulation,9470d75b2dba6370,33ec7e5b6fbc777941484fc60e114e37
,,2704,2025-12-01T13:17:45.976701674Z,2025-12-01T14:17:45.976701674Z,2025-12-01T13:51:24.899248407Z,"{""interval"":31195}",attributes,spans,580706b33949,railway-simulation,947beebe627c9f5e,401691e431aefc61bc74112eea3690ec
,,2705,2025-12-01T13:17:45.976701674Z,2025-12-01T14:17:45.976701674Z,2025-12-01T13:52:32.232571562Z,"{""interval"":42415}",attributes,spans,580706b33949,railway-simulation,94c93881277d7ed9,542d9baf281f04b305d14eac7b8e51bb
,,2706,2025-12-01T13:17:45.976701674Z,2025-12-01T14:17:45.976701674Z,2025-12-01T13:52:07.39926267Z,"{""interval"":38290}",attributes,spans,580706b33949,railway-simulation,94d58fe44562cf73,49e29b0909236adc5a179c11dc9c8547
,,2707,2025-12-01T13:17:45.976701674Z,2025-12-01T14:17:45.976701674Z,2025-12-01T13:51:58.399221771Z,"{""interval"":36805}",attributes,spans,580706b33949,railway-simulation,94d8eada9e829aa5,89b016d9d5a3074652a16fb7448bd8f0
,,2708,2025-12-01T13:17:45.976701674Z,2025-12-01T14:17:45.976701674Z,2025-12-01T13:56:15.732744232Z,"{""interval"":79210}",attributes,spans,580706b33949,railway-simulation,94f29f00994e4e25,f44f760ee91f2ca5f23b23d2d57087ef
,,2709,2025-12-01T13:17:45.976701674Z,2025-12-01T14:17:45.976701674Z,2025-12-01T13:54:04.900256379Z,"{""interval"":57595}",attributes,spans,580706b33949,railway-simulation,9501e578e0e0acfe,11ce201603fea2f6e27e7e1b67d2755d
,,2710,2025-12-01T13:17:45.976701674Z,2025-12-01T14:17:45.976701674Z,2025-12-01T13:50:37.732610349Z,"{""interval"":23440}",attributes,spans,580706b33949,railway-simulation,953c6c42ad55728b,ae29970a174a9b725546f5989dcfd14c
,,2711,2025-12-01T13:17:45.976701674Z,2025-12-01T14:17:45.976701674Z,2025-12-01T13:49:45.399369853Z,"{""interval"":14860.000000000002}",attributes,spans,580706b33949,railway-simulation,95472719920d4ca1,6214478ad8662d5f4ec3d45af2515149
,,2712,2025-12-01T13:17:45.976701674Z,2025-12-01T14:17:45.976701674Z,2025-12-01T13:48:41.899324389Z,"{""interval"":4300}",attributes,spans,580706b33949,railway-simulation,954c0bcbf47b7735,795829e035bd6240908a272ffddf510e
,,2713,2025-12-01T13:17:45.976701674Z,2025-12-01T14:17:45.976701674Z,2025-12-01T13:49:56.233098507Z,"{""interval"":16675}",attributes,spans,580706b33949,railway-simulation,95578d1e97b51d94,02c71335d3bbf076d27fac5e7e7d66dd
,,2714,2025-12-01T13:17:45.976701674Z,2025-12-01T14:17:45.976701674Z,2025-12-01T13:51:41.732583701Z,"{""interval"":34000}",attributes,spans,580706b33949,railway-simulation,955ea272f86e946f,ad6721d303c678dc277c05d0aab17b2d
,,2715,2025-12-01T13:17:45.976701674Z,2025-12-01T14:17:45.976701674Z,2025-12-01T13:48:24.899709811Z,"{""interval"":1495}",attributes,spans,580706b33949,railway-simulation,957922a77a2ecb7c,d12808073b37b2250597e2884bbefc66
,,2716,2025-12-01T13:17:45.976701674Z,2025-12-01T14:17:45.976701674Z,2025-12-01T13:54:13.732558382Z,"{""interval"":59080}",attributes,spans,580706b33949,railway-simulation,958e75bbe2f3df21,2b223ad43b2cf9b035d200e27392092f
,,2717,2025-12-01T13:17:45.976701674Z,2025-12-01T14:17:45.976701674Z,2025-12-01T13:52:31.065935737Z,"{""interval"":42250}",attributes,spans,580706b33949,railway-simulation,95ac14aac7081597,172f3a785265da0fff5508daad72c500
,,2718,2025-12-01T13:17:45.976701674Z,2025-12-01T14:17:45.976701674Z,2025-12-01T13:55:04.565988427Z,"{""interval"":67495}",attributes,spans,580706b33949,railway-simulation,95b23bf13b2b5701,224c893736d23cdb41350086e68382cd
,,2719,2025-12-01T13:17:45.976701674Z,2025-12-01T14:17:45.976701674Z,2025-12-01T13:50:03.89924751Z,"{""interval"":17830}",attributes,spans,580706b33949,railway-simulation,95b31a5f317ccee2,6c90aa5352ba8d2339a8ce4e4c8cd561
,,2720,2025-12-01T13:17:45.976701674Z,2025-12-01T14:17:45.976701674Z,2025-12-01T13:49:11.732757741Z,"{""interval"":9250}",attributes,spans,580706b33949,railway-simulation,95b413d81400c6b1,1d64b2bab0d65df029ce86c31b28e406
,,2721,2025-12-01T13:17:45.976701674Z,2025-12-01T14:17:45.976701674Z,2025-12-01T13:50:10.065953774Z,"{""interval"":18985}",attributes,spans,580706b33949,railway-simulation,95c4b8863a32da4d,feea8867ee5ab2d8bdb0b5309d6093a0
,,2722,2025-12-01T13:17:45.976701674Z,2025-12-01T14:17:45.976701674Z,2025-12-01T13:57:10.614659534Z,"{""interval"":87955}",attributes,spans,580706b33949,railway-simulation,95d0fdda8ad26d2b,a61630e99fc80eb7675570aad37491be
,,2723,2025-12-01T13:17:45.976701674Z,2025-12-01T14:17:45.976701674Z,2025-12-01T13:56:02.567247978Z,"{""interval"":77065}",attributes,spans,580706b33949,railway-simulation,95f12186c4b964ad,ff8997ca8f51497ca75ac71e2156fbe5
,,2724,2025-12-01T13:17:45.976701674Z,2025-12-01T14:17:45.976701674Z,2025-12-01T13:50:19.565996419Z,"{""interval"":20470}",attributes,spans,580706b33949,railway-simulation,96026d6e85f681dd,6d258851a9ed4b0cac6c1360c0cd1cd6
,,2725,2025-12-01T13:17:45.976701674Z,2025-12-01T14:17:45.976701674Z,2025-12-01T13:55:44.066167396Z,"{""interval"":74095}",attributes,spans,580706b33949,railway-simulation,960877e9f2c9fdbb,e13ae81f2f16a745651b1e6b448c6864
,,2726,2025-12-01T13:17:45.976701674Z,2025-12-01T14:17:45.976701674Z,2025-12-01T13:56:30.899530436Z,"{""interval"":81685}",attributes,spans,580706b33949,railway-simulation,96143fec881a5842,307851a1217ca37b3f705bf3bc2c3891
,,2727,2025-12-01T13:17:45.976701674Z,2025-12-01T14:17:45.976701674Z,2025-12-01T13:55:08.732551395Z,"{""interval"":68155}",attributes,spans,580706b33949,railway-simulation,9618bb93f68a1c68,f8a5504ea0b4184b4f3c263b2436ac8f
,,2728,2025-12-01T13:17:45.976701674Z,2025-12-01T14:17:45.976701674Z,2025-12-01T13:51:35.73264501Z,"{""interval"":33010}",attributes,spans,580706b33949,railway-simulation,961ce692202fdab7,98fc0b58ff55b4fb7e1e5874834552d7
,,2729,2025-12-01T13:17:45.976701674Z,2025-12-01T14:17:45.976701674Z,2025-12-01T13:51:15.732615746Z,"{""interval"":29709.999999999996}",attributes,spans,580706b33949,railway-simulation,9627118b1a4fcbeb,08b3946c2a32df0f3b90aff0207ef3b9
,,2730,2025-12-01T13:17:45.976701674Z,2025-12-01T14:17:45.976701674Z,2025-12-01T13:53:37.232548244Z,"{""interval"":53139.99999999999}",attributes,spans,580706b33949,railway-simulation,962745de938a3061,05b123fbc8181de2c797f83420b1699e
,,2731,2025-12-01T13:17:45.976701674Z,2025-12-01T14:17:45.976701674Z,2025-12-01T13:48:33.566616963Z,"{""interval"":2980}",attributes,spans,580706b33949,railway-simulation,963460b9b9f71a12,243614debdbc9c5965bba8799c3c8769
,,2732,2025-12-01T13:17:45.976701674Z,2025-12-01T14:17:45.976701674Z,2025-12-01T13:48:28.399908689Z,"{""interval"":2155}",attributes,spans,580706b33949,railway-simulation,9636ae4967121114,e9fd0a86675efb07e77ff5e8929e26c9
,,2733,2025-12-01T13:17:45.976701674Z,2025-12-01T14:17:45.976701674Z,2025-12-01T13:56:35.350319204Z,"{""interval"":82510}",attributes,spans,580706b33949,railway-simulation,9640fdbd1924d64f,3e5e56e1e4fa10c0046aae8cf22abbc6
,,2734,2025-12-01T13:17:45.976701674Z,2025-12-01T14:17:45.976701674Z,2025-12-01T13:53:42.899282664Z,"{""interval"":53965}",attributes,spans,580706b33949,railway-simulation,964dcd505e3ef10f,e38609d558db2f2fc66140d14be50de4
,,2735,2025-12-01T13:17:45.976701674Z,2025-12-01T14:17:45.976701674Z,2025-12-01T13:56:41.755786592Z,"{""interval"":83500}",attributes,spans,580706b33949,railway-simulation,9695e816bd31bc5c,736467d05f5d9b37d59a0964cb1b4090
,,2736,2025-12-01T13:17:45.976701674Z,2025-12-01T14:17:45.976701674Z,2025-12-01T13:48:50.733004584Z,"{""interval"":5785}",attributes,spans,580706b33949,railway-simulation,96b95e58d8cedf70,d453c824ca11622a807f1a3070026ce3
,,2737,2025-12-01T13:17:45.976701674Z,2025-12-01T14:17:45.976701674Z,2025-12-01T13:53:09.232571939Z,"{""interval"":48520}",attributes,spans,580706b33949,railway-simulation,96be08ae4d7d9241,398582c1e31be306879e9a81f9521e32
,,2738,2025-12-01T13:17:45.976701674Z,2025-12-01T14:17:45.976701674Z,2025-12-01T13:53:28.899272835Z,"{""interval"":51655.00000000001}",attributes,spans,580706b33949,railway-simulation,96c9d8e20d55e79e,4f936e8b309546b77dddc2026020b77d
,,2739,2025-12-01T13:17:45.976701674Z,2025-12-01T14:17:45.976701674Z,2025-12-01T13:58:43.968535673Z,"{""interval"":99175}",attributes,spans,580706b33949,railway-simulation,96dadc30920edf37,c7d96de9b0cbaccfa7d6745979d70788
,,2740,2025-12-01T13:17:45.976701674Z,2025-12-01T14:17:45.976701674Z,2025-12-01T13:50:21.232673969Z,"{""interval"":20800}",attributes,spans,580706b33949,railway-simulation,96de678d1c7c1df5,6fed9b968a4b5c974ab28d9d062c5ed2
,,2741,2025-12-01T13:17:45.976701674Z,2025-12-01T14:17:45.976701674Z,2025-12-01T13:53:51.565953708Z,"{""interval"":55450.00000000001}",attributes,spans,580706b33949,railway-simulation,96e4a913473ca0dd,c0b08e0a43c739d320be8ef1598982a3
,,2742,2025-12-01T13:17:45.976701674Z,2025-12-01T14:17:45.976701674Z,2025-12-01T13:51:13.232683404Z,"{""interval"":29380}",attributes,spans,580706b33949,railway-simulation,970e47b3e63e2afc,0b3844ddcf3c31c8b284a0db79f6cf31
,,2743,2025-12-01T13:17:45.976701674Z,2025-12-01T14:17:45.976701674Z,2025-12-01T13:54:01.065937127Z,"{""interval"":57100}",attributes,spans,580706b33949,railway-simulation,971f058ae17aaed3,c8821b7fbd12a856e88d3d0250c623bf
,,2744,2025-12-01T13:17:45.976701674Z,2025-12-01T14:17:45.976701674Z,2025-12-01T13:51:07.399219813Z,"{""interval"":28390}",attributes,spans,580706b33949,railway-simulation,9721cd7845ce207f,d1a4e13cd4f1b0e4c6ff5775bf98cd72
,,2745,2025-12-01T13:17:45.976701674Z,2025-12-01T14:17:45.976701674Z,2025-12-01T13:55:05.065903705Z,"{""interval"":67660}",attributes,spans,580706b33949,railway-simulation,97243bf12cf847bb,84146dc5db0dc557661228df3202c097
,,2746,2025-12-01T13:17:45.976701674Z,2025-12-01T14:17:45.976701674Z,2025-12-01T13:57:47.676244134Z,"{""interval"":91750}",attributes,spans,580706b33949,railway-simulation,97291d0c49629a35,4b92daa172cec00ccaae0e0921a7cf98
,,2747,2025-12-01T13:17:45.976701674Z,2025-12-01T14:17:45.976701674Z,2025-12-01T13:55:42.73275009Z,"{""interval"":73765}",attributes,spans,580706b33949,railway-simulation,97353eddad9c2ef9,e264cb1513afd0e70040f5973c5a1862
,,2748,2025-12-01T13:17:45.976701674Z,2025-12-01T14:17:45.976701674Z,2025-12-01T13:52:30.732558262Z,"{""interval"":42085}",attributes,spans,580706b33949,railway-simulation,9746717b66fa9378,ef89c6e77f69d4eb8e57a1d0b08685f3
,,2749,2025-12-01T13:17:45.976701674Z,2025-12-01T14:17:45.976701674Z,2025-12-01T13:57:32.757634127Z,"{""interval"":90100}",attributes,spans,580706b33949,railway-simulation,97518713c49538d3,3b4b52e3675178c69f61f2d1063ac9c6
,,2750,2025-12-01T13:17:45.976701674Z,2025-12-01T14:17:45.976701674Z,2025-12-01T13:49:29.232649835Z,"{""interval"":12220}",attributes,spans,580706b33949,railway-simulation,976734b4f3788618,a1473db089a17dc2d4e509c5dc57dcaf
,,2751,2025-12-01T13:17:45.976701674Z,2025-12-01T14:17:45.976701674Z,2025-12-01T13:56:11.899692853Z,"{""interval"":78550}",attributes,spans,580706b33949,railway-simulation,977a6e22ce5d1cbb,eca7ff519452be9e9b6892a875b2f2fc
,,2752,2025-12-01T13:17:45.976701674Z,2025-12-01T14:17:45.976701674Z,2025-12-01T13:53:12.232711741Z,"{""interval"":49015}",attributes,spans,580706b33949,railway-simulation,977c39b79b68a76a,1ca3602198700c324d77ba6f8878120c
,,2753,2025-12-01T13:17:45.976701674Z,2025-12-01T14:17:45.976701674Z,2025-12-01T13:56:32.232970102Z,"{""interval"":82015}",attributes,spans,580706b33949,railway-simulation,979095a73ff53f58,8372c3211fcb13af9ffb9a2ba61784bc
,,2754,2025-12-01T13:17:45.976701674Z,2025-12-01T14:17:45.976701674Z,2025-12-01T13:56:15.566021863Z,"{""interval"":79210}",attributes,spans,580706b33949,railway-simulation,97977c95d569679e,315b477a13b0b3df2cba7f60ea83d34e
,,2755,2025-12-01T13:17:45.976701674Z,2025-12-01T14:17:45.976701674Z,2025-12-01T13:48:55.732523238Z,"{""interval"":6610}",attributes,spans,580706b33949,railway-simulation,97ab8d86349c36d0,758210168d7603493e0babb69050fe9a
,,2756,2025-12-01T13:17:45.976701674Z,2025-12-01T14:17:45.976701674Z,2025-12-01T13:51:03.066039733Z,"{""interval"":27730}",attributes,spans,580706b33949,railway-simulation,97b092a2051afbe7,d6d48a06620c87d0fbd464bca1988312
,,2757,2025-12-01T13:17:45.976701674Z,2025-12-01T14:17:45.976701674Z,2025-12-01T13:49:05.06626217Z,"{""interval"":8260}",attributes,spans,580706b33949,railway-simulation,97d12595a57bb97a,b16561e628ad8855addbf770c0983837
,,2758,2025-12-01T13:17:45.976701674Z,2025-12-01T14:17:45.976701674Z,2025-12-01T13:58:03.689835763Z,"{""interval"":93565}",attributes,spans,580706b33949,railway-simulation,98213672cca384a4,8200d4d7c6663b95dd3fea89041f055a
,,2759,2025-12-01T13:17:45.976701674Z,2025-12-01T14:17:45.976701674Z,2025-12-01T13:56:10.566094904Z,"{""interval"":78385}",attributes,spans,580706b33949,railway-simulation,98217d4cf7685560,a9232d9f438851a5a6ea50b87d6794d4
,,2760,2025-12-01T13:17:45.976701674Z,2025-12-01T14:17:45.976701674Z,2025-12-01T13:53:58.56600009Z,"{""interval"":56605}",attributes,spans,580706b33949,railway-simulation,982aac378c95724a,e8e4dccfba5d04955bc852f9f191a904
,,2761,2025-12-01T13:17:45.976701674Z,2025-12-01T14:17:45.976701674Z,2025-12-01T13:48:27.899471205Z,"{""interval"":1990}",attributes,spans,580706b33949,railway-simulation,98341a047a1f289b,8a9c7954c2da5aeb47f470c2267484f1
,,2762,2025-12-01T13:17:45.976701674Z,2025-12-01T14:17:45.976701674Z,2025-12-01T13:54:38.732598685Z,"{""interval"":63205}",attributes,spans,580706b33949,railway-simulation,98373946dca72a2d,ee789168806c0ad3910680a3bccfce0c
,,2763,2025-12-01T13:17:45.976701674Z,2025-12-01T14:17:45.976701674Z,2025-12-01T13:49:52.065926305Z,"{""interval"":16015}",attributes,spans,580706b33949,railway-simulation,984385a9e4c05049,7a62c3387edd551e6aad16321a7e8724
,,2764,2025-12-01T13:17:45.976701674Z,2025-12-01T14:17:45.976701674Z,2025-12-01T13:57:20.995167571Z,"{""interval"":88945}",attributes,spans,580706b33949,railway-simulation,985463b8c476e318,e237b76abec2e44e36408e709ca9c6e6
,,2765,2025-12-01T13:17:45.976701674Z,2025-12-01T14:17:45.976701674Z,2025-12-01T13:57:03.067520085Z,"{""interval"":87130}",attributes,spans,580706b33949,railway-simulation,98667dafd550106e,c6a559277b5ef26ef4899ede0bcb8ea2
,,2766,2025-12-01T13:17:45.976701674Z,2025-12-01T14:17:45.976701674Z,2025-12-01T13:57:39.612642044Z,"{""interval"":90760}",attributes,spans,580706b33949,railway-simulation,98758eb6ca33b346,93dd971d02962b275a23439c5798ecb6
,,2767,2025-12-01T13:17:45.976701674Z,2025-12-01T14:17:45.976701674Z,2025-12-01T13:57:48.176784589Z,"{""interval"":91750}",attributes,spans,580706b33949,railway-simulation,989cb679976f04b2,2e1ebc17035406c6d48556a4f6249cde
,,2768,2025-12-01T13:17:45.976701674Z,2025-12-01T14:17:45.976701674Z,2025-12-01T13:50:15.232696948Z,"{""interval"":19810}",attributes,spans,580706b33949,railway-simulation,989d3fdcb6174131,0715f22725251c0de19bb57393610516
,,2769,2025-12-01T13:17:45.976701674Z,2025-12-01T14:17:45.976701674Z,2025-12-01T13:52:14.565987951Z,"{""interval"":39445}",attributes,spans,580706b33949,railway-simulation,98a1275379f2d6fc,602ff5704151ae1d8b53c0d0fc96f43d
,,2770,2025-12-01T13:17:45.976701674Z,2025-12-01T14:17:45.976701674Z,2025-12-01T13:55:29.232610797Z,"{""interval"":71620}",attributes,spans,580706b33949,railway-simulation,98d67bef9f2cff21,3d0f140adadbcaf38be5412442c45749
,,2771,2025-12-01T13:17:45.976701674Z,2025-12-01T14:17:45.976701674Z,2025-12-01T13:58:48.740967824Z,"{""interval"":99835}",attributes,spans,580706b33949,railway-simulation,98dc727b5f4a8151,e28790c3c0bf50bdadc329f1e6bbb83e
,,2772,2025-12-01T13:17:45.976701674Z,2025-12-01T14:17:45.976701674Z,2025-12-01T13:53:40.065978235Z,"{""interval"":53634.99999999999}",attributes,spans,580706b33949,railway-simulation,98dfc68a66d98424,5bba56c6c5dd934f595332c15d0a1ac7
,,2773,2025-12-01T13:17:45.976701674Z,2025-12-01T14:17:45.976701674Z,2025-12-01T13:52:19.899250986Z,"{""interval"":40270}",attributes,spans,580706b33949,railway-simulation,98e50fd83bf59e11,c32d4950d0215c0713e671531cb2c803
,,2774,2025-12-01T13:17:45.976701674Z,2025-12-01T14:17:45.976701674Z,2025-12-01T13:49:49.232617726Z,"{""interval"":15520}",attributes,spans,580706b33949,railway-simulation,98ff7d1ffbb40be5,3d8c7e99125c845c7a50f89057fecb30
,,2775,2025-12-01T13:17:45.976701674Z,2025-12-01T14:17:45.976701674Z,2025-12-01T13:56:04.902177788Z,"{""interval"":77395}",attributes,spans,580706b33949,railway-simulation,9914298460b9568c,4c4118ce03ca46b338f27a1a2c29183f
,,2776,2025-12-01T13:17:45.976701674Z,2025-12-01T14:17:45.976701674Z,2025-12-01T13:49:12.233578092Z,"{""interval"":9415}",attributes,spans,580706b33949,railway-simulation,995be9eb3a14b442,7d8fcff647c1876736d7a4e996fbc2d6
,,2777,2025-12-01T13:17:45.976701674Z,2025-12-01T14:17:45.976701674Z,2025-12-01T13:51:24.065939216Z,"{""interval"":31195}",attributes,spans,580706b33949,railway-simulation,9964956e568cabe5,ab17d06a4ef62a9b2d1769e25de5c9c2
,,2778,2025-12-01T13:17:45.976701674Z,2025-12-01T14:17:45.976701674Z,2025-12-01T13:53:07.065909066Z,"{""interval"":48190}",attributes,spans,580706b33949,railway-simulation,996c35114a935f2d,e2ba6da84a1f3e5c20cd15702ba82d51
,,2779,2025-12-01T13:17:45.976701674Z,2025-12-01T14:17:45.976701674Z,2025-12-01T13:58:39.781058527Z,"{""interval"":98350}",attributes,spans,580706b33949,railway-simulation,996d4c6b9b30e242,5687035a3f7823d824b14cfda14e2837
,,2780,2025-12-01T13:17:45.976701674Z,2025-12-01T14:17:45.976701674Z,2025-12-01T13:49:50.399289546Z,"{""interval"":15685.000000000002}",attributes,spans,580706b33949,railway-simulation,997fcafbcfd9dcb3,46c7a1774337a96a2f2c68511b8fc2b5
,,2781,2025-12-01T13:17:45.976701674Z,2025-12-01T14:17:45.976701674Z,2025-12-01T13:56:05.566028719Z,"{""interval"":77560}",attributes,spans,580706b33949,railway-simulation,99991298d19703c9,4849105588de46dfeaa8e0fa2153e0ed
,,2782,2025-12-01T13:17:45.976701674Z,2025-12-01T14:17:45.976701674Z,2025-12-01T13:50:09.566592363Z,"{""interval"":18820}",attributes,spans,580706b33949,railway-simulation,99a58788ba980fa9,95b05df1c0160d89354e55d24100a476
,,2783,2025-12-01T13:17:45.976701674Z,2025-12-01T14:17:45.976701674Z,2025-12-01T13:55:35.803381132Z,"{""interval"":72610}",attributes,spans,580706b33949,railway-simulation,99aa1978e5bc708f,2e9147f8a90583cea3097bbb652669ea
,,2784,2025-12-01T13:17:45.976701674Z,2025-12-01T14:17:45.976701674Z,2025-12-01T13:49:04.899413071Z,"{""interval"":8095}",attributes,spans,580706b33949,railway-simulation,99abe724b9719c78,3c95b6f553419a8ad98ddaa65539a884
,,2785,2025-12-01T13:17:45.976701674Z,2025-12-01T14:17:45.976701674Z,2025-12-01T13:55:23.899261476Z,"{""interval"":70630}",attributes,spans,580706b33949,railway-simulation,99b54f0091a82921,cf5bea40e4d22ee06131fb42c52c490b
,,2786,2025-12-01T13:17:45.976701674Z,2025-12-01T14:17:45.976701674Z,2025-12-01T13:55:34.732918652Z,"{""interval"":72445}",attributes,spans,580706b33949,railway-simulation,99cb517bdaaf270f,0733aba5abc549674f1f13b4cc56dcfc
,,2787,2025-12-01T13:17:45.976701674Z,2025-12-01T14:17:45.976701674Z,2025-12-01T13:57:08.274857443Z,"{""interval"":87625}",attributes,spans,580706b33949,railway-simulation,99d50128a7c32843,ca22ef6cd35c75a95a3ec5d63243d8c4
,,2788,2025-12-01T13:17:45.976701674Z,2025-12-01T14:17:45.976701674Z,2025-12-01T13:48:40.066864306Z,"{""interval"":4135}",attributes,spans,580706b33949,railway-simulation,99d77d02eb1991e0,226ac5fba2c0c3ddebc9d971247ae300
,,2789,2025-12-01T13:17:45.976701674Z,2025-12-01T14:17:45.976701674Z,2025-12-01T13:54:51.732641712Z,"{""interval"":65350}",attributes,spans,580706b33949,railway-simulation,99d7ad624e158f76,d93f426e2528eca6860b28bf32421c56
,,2790,2025-12-01T13:17:45.976701674Z,2025-12-01T14:17:45.976701674Z,2025-12-01T13:58:47.05964997Z,"{""interval"":99670}",attributes,spans,580706b33949,railway-simulation,99da4e35a04bc630,a856bfde2e519248c23245e0997e5f51
,,2791,2025-12-01T13:17:45.976701674Z,2025-12-01T14:17:45.976701674Z,2025-12-01T13:48:31.066616292Z,"{""interval"":2650}",attributes,spans,580706b33949,railway-simulation,99dae210253e3867,4a26777ce56b18dd2f694de1c81f7c3e
,,2792,2025-12-01T13:17:45.976701674Z,2025-12-01T14:17:45.976701674Z,2025-12-01T13:55:33.89986747Z,"{""interval"":72280}",attributes,spans,580706b33949,railway-simulation,99eda45670f31930,91f82ee3aacab3cf4eef6c2fb99da96c
,,2793,2025-12-01T13:17:45.976701674Z,2025-12-01T14:17:45.976701674Z,2025-12-01T13:49:24.900290943Z,"{""interval"":11395}",attributes,spans,580706b33949,railway-simulation,9a0b0d71e0fb9fcf,9905849877d3c2d4ab59bb0cc05447ee
,,2794,2025-12-01T13:17:45.976701674Z,2025-12-01T14:17:45.976701674Z,2025-12-01T13:54:00.232621045Z,"{""interval"":56934.99999999999}",attributes,spans,580706b33949,railway-simulation,9ac0ce386107d66c,46f20ff2647501c0099b9b9c1552f5ca
,,2795,2025-12-01T13:17:45.976701674Z,2025-12-01T14:17:45.976701674Z,2025-12-01T13:54:00.565956573Z,"{""interval"":56934.99999999999}",attributes,spans,580706b33949,railway-simulation,9ac2dc2864b04475,5ac2808fde53424232ba4f11e3a26c17
,,2796,2025-12-01T13:17:45.976701674Z,2025-12-01T14:17:45.976701674Z,2025-12-01T13:53:18.232746854Z,"{""interval"":50005}",attributes,spans,580706b33949,railway-simulation,9ac42dd9255a501a,11c97fbf6c7177e0b3e94e01ba6c7516
,,2797,2025-12-01T13:17:45.976701674Z,2025-12-01T14:17:45.976701674Z,2025-12-01T13:50:43.565988239Z,"{""interval"":24430}",attributes,spans,580706b33949,railway-simulation,9aca2e13459d2264,e9e5d38e3be06b542c3c0ce2823c5e10
,,2798,2025-12-01T13:17:45.976701674Z,2025-12-01T14:17:45.976701674Z,2025-12-01T13:54:04.565997671Z,"{""interval"":57595}",attributes,spans,580706b33949,railway-simulation,9ad0aa664fa0567c,e67b9e310945b40f1628fff6a264a732
,,2799,2025-12-01T13:17:45.976701674Z,2025-12-01T14:17:45.976701674Z,2025-12-01T13:54:20.899239847Z,"{""interval"":60235.00000000001}",attributes,spans,580706b33949,railway-simulation,9b0649df779ef90e,8ec0bd557a3d2efd7de7267273615811
,,2800,2025-12-01T13:17:45.976701674Z,2025-12-01T14:17:45.976701674Z,2025-12-01T13:48:36.399288435Z,"{""interval"":3475}",attributes,spans,580706b33949,railway-simulation,9b0b0c5ce02c7a3f,ff583969443e9f3f2a979e8869e3c84a
,,2801,2025-12-01T13:17:45.976701674Z,2025-12-01T14:17:45.976701674Z,2025-12-01T13:55:02.565947059Z,"{""interval"":67165}",attributes,spans,580706b33949,railway-simulation,9b1c8dd3c04688c8,20ad6195dd3c1aa8453e584cd9229f8e
,,2802,2025-12-01T13:17:45.976701674Z,2025-12-01T14:17:45.976701674Z,2025-12-01T13:56:15.066039856Z,"{""interval"":79210}",attributes,spans,580706b33949,railway-simulation,9b1fd52fe1b302aa,7e35df7bd637f69547ff4755c6ed6e75
,,2803,2025-12-01T13:17:45.976701674Z,2025-12-01T14:17:45.976701674Z,2025-12-01T13:56:07.232600012Z,"{""interval"":77890}",attributes,spans,580706b33949,railway-simulation,9b2febbc95632cfe,514fc2e3df39a87eb1279525b7f3b92c
,,2804,2025-12-01T13:17:45.976701674Z,2025-12-01T14:17:45.976701674Z,2025-12-01T13:56:36.939441341Z,"{""interval"":82675}",attributes,spans,580706b33949,railway-simulation,9b4c58151a207231,6cbd02d19e7f040f6879aa329c5cd13e
,,2805,2025-12-01T13:17:45.976701674Z,2025-12-01T14:17:45.976701674Z,2025-12-01T13:56:36.391681977Z,"{""interval"":82675}",attributes,spans,580706b33949,railway-simulation,9b729da09b2653c4,56154ae0e6f651b1e01b48e658d1de84
,,2806,2025-12-01T13:17:45.976701674Z,2025-12-01T14:17:45.976701674Z,2025-12-01T13:51:51.899252686Z,"{""interval"":35650}",attributes,spans,580706b33949,railway-simulation,9b7b0db7f601a2d1,eea9644be43368cad27ee95df91fe66a
,,2807,2025-12-01T13:17:45.976701674Z,2025-12-01T14:17:45.976701674Z,2025-12-01T13:48:28.733189807Z,"{""interval"":2155}",attributes,spans,580706b33949,railway-simulation,9bb002238e73582b,baa763f4248a71af8165aaf3990f241c
,,2808,2025-12-01T13:17:45.976701674Z,2025-12-01T14:17:45.976701674Z,2025-12-01T13:50:44.899308156Z,"{""interval"":24595}",attributes,spans,580706b33949,railway-simulation,9bcbfc2bbaebd2fc,91c92e5d13788775ec4a590d30665c45
,,2809,2025-12-01T13:17:45.976701674Z,2025-12-01T14:17:45.976701674Z,2025-12-01T13:54:19.399245712Z,"{""interval"":60070}",attributes,spans,580706b33949,railway-simulation,9c0e2db6f3a07684,00a9d13d57a3bb291783c85ae8362c83
,,2810,2025-12-01T13:17:45.976701674Z,2025-12-01T14:17:45.976701674Z,2025-12-01T13:52:55.732597326Z,"{""interval"":46210}",attributes,spans,580706b33949,railway-simulation,9c0f5b6a157cce74,7c5b274e56036e476e1642afef94b0d7
,,2811,2025-12-01T13:17:45.976701674Z,2025-12-01T14:17:45.976701674Z,2025-12-01T13:57:58.605966207Z,"{""interval"":92905}",attributes,spans,580706b33949,railway-simulation,9c1349bc5f728f47,26c3e8f56baa07178dd07803e5b24c51
,,2812,2025-12-01T13:17:45.976701674Z,2025-12-01T14:17:45.976701674Z,2025-12-01T13:49:55.565930018Z,"{""interval"":16510}",attributes,spans,580706b33949,railway-simulation,9c1bb91d5f655c0c,e4146fc53c2e0f5729a260e04bf85a34
,,2813,2025-12-01T13:17:45.976701674Z,2025-12-01T14:17:45.976701674Z,2025-12-01T13:55:25.732666001Z,"{""interval"":70960}",attributes,spans,580706b33949,railway-simulation,9c1cd0b9e9a8cecb,a9edf518a66c7f1c5e76c607e18c89f4
,,2814,2025-12-01T13:17:45.976701674Z,2025-12-01T14:17:45.976701674Z,2025-12-01T13:57:29.036838945Z,"{""interval"":89770}",attributes,spans,580706b33949,railway-simulation,9c2d2fa4a7a86e7d,4b4c686e70037ffe234f834a64792ec0
,,2815,2025-12-01T13:17:45.976701674Z,2025-12-01T14:17:45.976701674Z,2025-12-01T13:49:09.900190763Z,"{""interval"":8920}",attributes,spans,580706b33949,railway-simulation,9c46bf46cfaf0bb0,b5c05568e89dfa6bdb534b2fcb899339
,,2816,2025-12-01T13:17:45.976701674Z,2025-12-01T14:17:45.976701674Z,2025-12-01T13:49:59.73252497Z,"{""interval"":17170}",attributes,spans,580706b33949,railway-simulation,9c9bb35d388ce4f3,9de754a7bf374511cef5941139909a57
,,2817,2025-12-01T13:17:45.976701674Z,2025-12-01T14:17:45.976701674Z,2025-12-01T13:52:40.065920684Z,"{""interval"":43735}",attributes,spans,580706b33949,railway-simulation,9cacea0904eab46b,cf808b2a5c63171c5a5c203a0fb620a1
,,2818,2025-12-01T13:17:45.976701674Z,2025-12-01T14:17:45.976701674Z,2025-12-01T13:50:07.732640885Z,"{""interval"":18490}",attributes,spans,580706b33949,railway-simulation,9cc13324e7dcd542,aca16fdab849b0b8d7a195a9d53920ed
,,2819,2025-12-01T13:17:45.976701674Z,2025-12-01T14:17:45.976701674Z,2025-12-01T13:58:17.835335233Z,"{""interval"":95215}",attributes,spans,580706b33949,railway-simulation,9cda6838e7eac7bf,9c8e225b26a3e052cac661e34add4033
,,2820,2025-12-01T13:17:45.976701674Z,2025-12-01T14:17:45.976701674Z,2025-12-01T13:51:23.065991173Z,"{""interval"":31030}",attributes,spans,580706b33949,railway-simulation,9d08575fd77ce183,369e634ad5ce40860af84222eefe1156
,,2821,2025-12-01T13:17:45.976701674Z,2025-12-01T14:17:45.976701674Z,2025-12-01T13:51:45.065917585Z,"{""interval"":34660}",attributes,spans,580706b33949,railway-simulation,9d246452d9aa7e45,633fdd218d230f9c5204e5312f7968e8
,,2822,2025-12-01T13:17:45.976701674Z,2025-12-01T14:17:45.976701674Z,2025-12-01T13:53:25.899279689Z,"{""interval"":51160.00000000001}",attributes,spans,580706b33949,railway-simulation,9d2a666418d94aa0,6f97e2bc2637f8c6be50bf37bd107bc0
,,2823,2025-12-01T13:17:45.976701674Z,2025-12-01T14:17:45.976701674Z,2025-12-01T13:51:37.39932018Z,"{""interval"":33340}",attributes,spans,580706b33949,railway-simulation,9d36a877007fc9f5,2f7b26146a79aa252f6850ea93622ef1
,,2824,2025-12-01T13:17:45.976701674Z,2025-12-01T14:17:45.976701674Z,2025-12-01T13:51:15.0659165Z,"{""interval"":29709.999999999996}",attributes,spans,580706b33949,railway-simulation,9d3c0a353adb6b4a,5042120bf99c4493852148e8afef3818
,,2825,2025-12-01T13:17:45.976701674Z,2025-12-01T14:17:45.976701674Z,2025-12-01T13:52:53.065951563Z,"{""interval"":45880}",attributes,spans,580706b33949,railway-simulation,9d4532ef4bfddcd0,b467da56bc18d947e3dc0616d1138096
,,2826,2025-12-01T13:17:45.976701674Z,2025-12-01T14:17:45.976701674Z,2025-12-01T13:52:17.399251017Z,"{""interval"":39940}",attributes,spans,580706b33949,railway-simulation,9d5ca027dac064dc,deaa68cc0ce04c5d236e3c7ce474b002
,,2827,2025-12-01T13:17:45.976701674Z,2025-12-01T14:17:45.976701674Z,2025-12-01T13:54:33.078061577Z,"{""interval"":62380}",attributes,spans,580706b33949,railway-simulation,9d9ab46b4da31cc5,973b3e27fc02db9b90abb9d54b1ea31d
,,2828,2025-12-01T13:17:45.976701674Z,2025-12-01T14:17:45.976701674Z,2025-12-01T13:49:13.066166533Z,"{""interval"":9580}",attributes,spans,580706b33949,railway-simulation,9db6edbebe91a893,83abbe6cf2a470531ac2b6fa26a8fe0c
,,2829,2025-12-01T13:17:45.976701674Z,2025-12-01T14:17:45.976701674Z,2025-12-01T13:53:46.899249823Z,"{""interval"":54624.99999999999}",attributes,spans,580706b33949,railway-simulation,9df12cb5744e1dd5,e7562339d74932bdc08cf5f1e9d531af
,,2830,2025-12-01T13:17:45.976701674Z,2025-12-01T14:17:45.976701674Z,2025-12-01T13:50:20.23266805Z,"{""interval"":20635}",attributes,spans,580706b33949,railway-simulation,9e03ceaca894df74,0bbef002b4b02a15dca9e8f5a6af0f4d
,,2831,2025-12-01T13:17:45.976701674Z,2025-12-01T14:17:45.976701674Z,2025-12-01T13:55:17.899307922Z,"{""interval"":69640}",attributes,spans,580706b33949,railway-simulation,9e17a3b1fc2c81b8,6f3656b3b0994f7f242e6dafe8a993bc
,,2832,2025-12-01T13:17:45.976701674Z,2025-12-01T14:17:45.976701674Z,2025-12-01T13:51:40.065916215Z,"{""interval"":33835}",attributes,spans,580706b33949,railway-simulation,9e1d11788ef4b051,dcf089b514a2f10f730c70365fb59f58
,,2833,2025-12-01T13:17:45.976701674Z,2025-12-01T14:17:45.976701674Z,2025-12-01T13:58:36.93933054Z,"{""interval"":98020}",attributes,spans,580706b33949,railway-simulation,9e21248b935aa4f3,9b4cb4b5f5769f40f387dfbfdd081d0f
,,2834,2025-12-01T13:17:45.976701674Z,2025-12-01T14:17:45.976701674Z,2025-12-01T13:52:01.565897517Z,"{""interval"":37300}",attributes,spans,580706b33949,railway-simulation,9e2ee3434bfe3b1d,6274c331675a6826e426e77c0666aca1
,,2835,2025-12-01T13:17:45.976701674Z,2025-12-01T14:17:45.976701674Z,2025-12-01T13:58:01.230187816Z,"{""interval"":93235}",attributes,spans,580706b33949,railway-simulation,9e738ff6cecf4949,dae4ec1a31ff31b01d9e13ffd8a01250
,,2836,2025-12-01T13:17:45.976701674Z,2025-12-01T14:17:45.976701674Z,2025-12-01T13:51:24.565905067Z,"{""interval"":31195}",attributes,spans,580706b33949,railway-simulation,9eadba67e3968978,b0b04980f2a001f1741483a2d8e2baef
,,2837,2025-12-01T13:17:45.976701674Z,2025-12-01T14:17:45.976701674Z,2025-12-01T13:55:58.56602091Z,"{""interval"":76405}",attributes,spans,580706b33949,railway-simulation,9eee63f42e7c6967,caaef3c6fcbd6f014ff563605ee3ed9c
,,2838,2025-12-01T13:17:45.976701674Z,2025-12-01T14:17:45.976701674Z,2025-12-01T13:49:21.899511829Z,"{""interval"":10900}",attributes,spans,580706b33949,railway-simulation,9f08ec16018cc39d,bc6320b7e0650614b516da3a6fc7ee5a
,,2839,2025-12-01T13:17:45.976701674Z,2025-12-01T14:17:45.976701674Z,2025-12-01T13:51:13.065977477Z,"{""interval"":29380}",attributes,spans,580706b33949,railway-simulation,9f09adcbcb678dcf,d281c7ed3b6811dbfaa67acda3d4cc67
,,2840,2025-12-01T13:17:45.976701674Z,2025-12-01T14:17:45.976701674Z,2025-12-01T13:50:18.732596595Z,"{""interval"":20305}",attributes,spans,580706b33949,railway-simulation,9f1a22b6190e5c2a,ffc1c56831050e8431636c62f3a9db0d
,,2841,2025-12-01T13:17:45.976701674Z,2025-12-01T14:17:45.976701674Z,2025-12-01T13:51:26.066010296Z,"{""interval"":31525}",attributes,spans,580706b33949,railway-simulation,9f4daec9e1945de1,a035a4b44ac7ddc71c04559bd8db0939
,,2842,2025-12-01T13:17:45.976701674Z,2025-12-01T14:17:45.976701674Z,2025-12-01T13:50:45.232699874Z,"{""interval"":24760}",attributes,spans,580706b33949,railway-simulation,9f50c1b4aaf16223,16ded3b3c7d68ae14315aa0f44ded96c
,,2843,2025-12-01T13:17:45.976701674Z,2025-12-01T14:17:45.976701674Z,2025-12-01T13:56:55.579916087Z,"{""interval"":85810}",attributes,spans,580706b33949,railway-simulation,9f5366d430f16dfa,e24c494ba96c65ea845010e04dd648b7
,,2844,2025-12-01T13:17:45.976701674Z,2025-12-01T14:17:45.976701674Z,2025-12-01T13:49:33.400014654Z,"{""interval"":12880}",attributes,spans,580706b33949,railway-simulation,9f7f7163532acf35,994c464dc68bae838745559ac74bc024
,,2845,2025-12-01T13:17:45.976701674Z,2025-12-01T14:17:45.976701674Z,2025-12-01T13:52:16.232689421Z,"{""interval"":39775}",attributes,spans,580706b33949,railway-simulation,9f85d82ea0adc499,e25d2c64e5a4e05e05667907e208a6d5
,,2846,2025-12-01T13:17:45.976701674Z,2025-12-01T14:17:45.976701674Z,2025-12-01T13:57:28.771042807Z,"{""interval"":89770}",attributes,spans,580706b33949,railway-simulation,9f91a1a7b210a5f8,91b7ba4420c344e93b9c9e576ad19b47
,,2847,2025-12-01T13:17:45.976701674Z,2025-12-01T14:17:45.976701674Z,2025-12-01T13:49:44.73270907Z,"{""interval"":14695}",attributes,spans,580706b33949,railway-simulation,9f963ab9d76bc665,269cae9d4422f474d1e8a5e5b8bd3054
,,2848,2025-12-01T13:17:45.976701674Z,2025-12-01T14:17:45.976701674Z,2025-12-01T13:52:12.732558441Z,"{""interval"":39115}",attributes,spans,580706b33949,railway-simulation,9f9fefb94e76945f,3eb96f7d1d3f6b83ec543defc1e3cb88
,,2849,2025-12-01T13:17:45.976701674Z,2025-12-01T14:17:45.976701674Z,2025-12-01T13:58:27.449834536Z,"{""interval"":96370}",attributes,spans,580706b33949,railway-simulation,9fa9a370be74b1bd,f28586b47ebfda4ceadb58fd2c355d4a
,,2850,2025-12-01T13:17:45.976701674Z,2025-12-01T14:17:45.976701674Z,2025-12-01T13:54:26.399311538Z,"{""interval"":61224.99999999999}",attributes,spans,580706b33949,railway-simulation,9fb6012a52051684,b22022b7e08c3727205a484444f3b7ce
,,2851,2025-12-01T13:17:45.976701674Z,2025-12-01T14:17:45.976701674Z,2025-12-01T13:49:03.899604544Z,"{""interval"":7930.000000000001}",attributes,spans,580706b33949,railway-simulation,9ff4612e63d10d51,4a854f577a5e0a64e37bf786360bbf52
,,2852,2025-12-01T13:17:45.976701674Z,2025-12-01T14:17:45.976701674Z,2025-12-01T13:55:07.565902049Z,"{""interval"":67990}",attributes,spans,580706b33949,railway-simulation,a00f770ad16b31c2,1aa686d9e9702abf414b44a52030b46d
,,2853,2025-12-01T13:17:45.976701674Z,2025-12-01T14:17:45.976701674Z,2025-12-01T13:51:08.232574523Z,"{""interval"":28555}",attributes,spans,580706b33949,railway-simulation,a010018db0d32d51,695d76ed8644bc78e77f1f84f18991b3
,,2854,2025-12-01T13:17:45.976701674Z,2025-12-01T14:17:45.976701674Z,2025-12-01T13:58:18.098918183Z,"{""interval"":95215}",attributes,spans,580706b33949,railway-simulation,a018e92129ba75ad,85abda87ca4922c5296a7631e96097af
,,2855,2025-12-01T13:17:45.976701674Z,2025-12-01T14:17:45.976701674Z,2025-12-01T13:52:03.065931075Z,"{""interval"":37630}",attributes,spans,580706b33949,railway-simulation,a01c63f2ce718482,df5fc1e37306ce581dbf7969e150261f
,,2856,2025-12-01T13:17:45.976701674Z,2025-12-01T14:17:45.976701674Z,2025-12-01T13:51:43.732569542Z,"{""interval"":34330}",attributes,spans,580706b33949,railway-simulation,a01f8d34df2c9a2a,e511b2e00e6d9c48cc6adc0f6395c88a
,,2857,2025-12-01T13:17:45.976701674Z,2025-12-01T14:17:45.976701674Z,2025-12-01T13:48:58.066183027Z,"{""interval"":7105}",attributes,spans,580706b33949,railway-simulation,a053f1f1ff4b977b,1223ea8c3794e7f33d2a05c197817444
,,2858,2025-12-01T13:17:45.976701674Z,2025-12-01T14:17:45.976701674Z,2025-12-01T13:51:15.232603141Z,"{""interval"":29709.999999999996}",attributes,spans,580706b33949,railway-simulation,a063759f7b7fad12,20180b61baec6273dc50dba86a52be80
,,2859,2025-12-01T13:17:45.976701674Z,2025-12-01T14:17:45.976701674Z,2025-12-01T13:55:36.088226334Z,"{""interval"":72610}",attributes,spans,580706b33949,railway-simulation,a08ae65bfe968a72,abb5f48a09c8be4248f63b0d593537ff
,,2860,2025-12-01T13:17:45.976701674Z,2025-12-01T14:17:45.976701674Z,2025-12-01T13:55:11.399283218Z,"{""interval"":68650}",attributes,spans,580706b33949,railway-simulation,a09f59a92470c1fa,206345ab76be829fc8a5695604448534
,,2861,2025-12-01T13:17:45.976701674Z,2025-12-01T14:17:45.976701674Z,2025-12-01T13:54:28.399239303Z,"{""interval"":61555}",attributes,spans,580706b33949,railway-simulation,a0be13311deb29fb,c24af88174896f3dab1f37b8b610bc9a
,,2862,2025-12-01T13:17:45.976701674Z,2025-12-01T14:17:45.976701674Z,2025-12-01T13:51:33.066003581Z,"{""interval"":32680}",attributes,spans,580706b33949,railway-simulation,a0c4dd1af9089c32,eb336d68ea466f564df0c4e8a80434d8
,,2863,2025-12-01T13:17:45.976701674Z,2025-12-01T14:17:45.976701674Z,2025-12-01T13:53:31.565922504Z,"{""interval"":52150.00000000001}",attributes,spans,580706b33949,railway-simulation,a12df52245364fb5,48616bacc20faf5ff12e3a1c3c31d87b
,,2864,2025-12-01T13:17:45.976701674Z,2025-12-01T14:17:45.976701674Z,2025-12-01T13:50:04.732594856Z,"{""interval"":17995}",attributes,spans,580706b33949,railway-simulation,a15309c6c6cbbb79,68b44eee926d23ba2c2676fc8e9110a0
,,2865,2025-12-01T13:17:45.976701674Z,2025-12-01T14:17:45.976701674Z,2025-12-01T13:53:09.565961174Z,"{""interval"":48520}",attributes,spans,580706b33949,railway-simulation,a17e1f97d40682cf,6d114670f58731343cc2e3feaabf14aa
,,2866,2025-12-01T13:17:45.976701674Z,2025-12-01T14:17:45.976701674Z,2025-12-01T13:53:43.899279789Z,"{""interval"":54129.99999999999}",attributes,spans,580706b33949,railway-simulation,a18003cdecaffc45,0820950140cdd2b93aec9ee10bf836bb
,,2867,2025-12-01T13:17:45.976701674Z,2025-12-01T14:17:45.976701674Z,2025-12-01T13:57:53.736408927Z,"{""interval"":92410}",attributes,spans,580706b33949,railway-simulation,a18662edd897e534,c589f0de70cd937d454d13a57d9f7036
,,2868,2025-12-01T13:17:45.976701674Z,2025-12-01T14:17:45.976701674Z,2025-12-01T13:55:52.39924998Z,"{""interval"":75415}",attributes,spans,580706b33949,railway-simulation,a1922ec1c6913bb6,da11728c094b76da70d15d2825ca9c70
,,2869,2025-12-01T13:17:45.976701674Z,2025-12-01T14:17:45.976701674Z,2025-12-01T13:53:11.06610556Z,"{""interval"":48850}",attributes,spans,580706b33949,railway-simulation,a1ba86a61fc0a66b,6bbcb8aab635d74cd2802ebcd0deb810
,,2870,2025-12-01T13:17:45.976701674Z,2025-12-01T14:17:45.976701674Z,2025-12-01T13:49:13.899323323Z,"{""interval"":9580}",attributes,spans,580706b33949,railway-simulation,a1d1380c390f62a2,7ac916ee07ef3a51cbad98f9a7d23e59
,,2871,2025-12-01T13:17:45.976701674Z,2025-12-01T14:17:45.976701674Z,2025-12-01T13:55:31.238037104Z,"{""interval"":71950}",attributes,spans,580706b33949,railway-simulation,a1e0b585edaf5f50,56952ceab2e8bfed09750c9d48e3b60e
,,2872,2025-12-01T13:17:45.976701674Z,2025-12-01T14:17:45.976701674Z,2025-12-01T13:50:17.566147364Z,"{""interval"":20140}",attributes,spans,580706b33949,railway-simulation,a1fc9d7f285c0603,2b25b680e8b172c050467f308d256948
,,2873,2025-12-01T13:17:45.976701674Z,2025-12-01T14:17:45.976701674Z,2025-12-01T13:49:53.899683302Z,"{""interval"":16179.999999999998}",attributes,spans,580706b33949,railway-simulation,a2013621119ce58d,9f0a8b14b7b6026c927240769ad6c0b9
,,2874,2025-12-01T13:17:45.976701674Z,2025-12-01T14:17:45.976701674Z,2025-12-01T13:48:41.233276634Z,"{""interval"":4300}",attributes,spans,580706b33949,railway-simulation,a213ae654acc87d4,820ba1a721d56e4630fc9f44e8b54927
,,2875,2025-12-01T13:17:45.976701674Z,2025-12-01T14:17:45.976701674Z,2025-12-01T13:57:57.411418446Z,"{""interval"":92905}",attributes,spans,580706b33949,railway-simulation,a214feebe3aa326f,72a1df13fda50ca6d2bafd7d2eb7175c
,,2876,2025-12-01T13:17:45.976701674Z,2025-12-01T14:17:45.976701674Z,2025-12-01T13:58:46.92312272Z,"{""interval"":99505}",attributes,spans,580706b33949,railway-simulation,a2344790b7a8d9e7,f03d7652d1433650e730ecb1cdeef36c
,,2877,2025-12-01T13:17:45.976701674Z,2025-12-01T14:17:45.976701674Z,2025-12-01T13:57:05.483877452Z,"{""interval"":87460}",attributes,spans,580706b33949,railway-simulation,a248209209df27e8,79d24b1a2d5e0322ae0c30a53f50aebc
,,2878,2025-12-01T13:17:45.976701674Z,2025-12-01T14:17:45.976701674Z,2025-12-01T13:56:30.066032505Z,"{""interval"":81685}",attributes,spans,580706b33949,railway-simulation,a2676b3a62f7aa3b,cddb7d1aed25212f9e43a10396424dbd
,,2879,2025-12-01T13:17:45.976701674Z,2025-12-01T14:17:45.976701674Z,2025-12-01T13:53:31.732594789Z,"{""interval"":52150.00000000001}",attributes,spans,580706b33949,railway-simulation,a2695a3273e06c9b,7066e87d965666d29b8bea815e9fc603
,,2880,2025-12-01T13:17:45.976701674Z,2025-12-01T14:17:45.976701674Z,2025-12-01T13:56:52.334963585Z,"{""interval"":85315}",attributes,spans,580706b33949,railway-simulation,a26b372dd649807d,d568a13f16b97fd3c628b67a2f3822ad
,,2881,2025-12-01T13:17:45.976701674Z,2025-12-01T14:17:45.976701674Z,2025-12-01T13:54:56.065940386Z,"{""interval"":66175}",attributes,spans,580706b33949,railway-simulation,a279264481927bdd,650c9be613efa5890156b7f442c7bb21
,,2882,2025-12-01T13:17:45.976701674Z,2025-12-01T14:17:45.976701674Z,2025-12-01T13:52:59.065920899Z,"{""interval"":46870}",attributes,spans,580706b33949,railway-simulation,a290361f9db00403,4e2c416ec4b0dc962c1a9bd14a54ccdd
,,2883,2025-12-01T13:17:45.976701674Z,2025-12-01T14:17:45.976701674Z,2025-12-01T13:53:58.40004766Z,"{""interval"":56605}",attributes,spans,580706b33949,railway-simulation,a29aea9ad478374b,a67965113131db353268fc09bfc79575
,,2884,2025-12-01T13:17:45.976701674Z,2025-12-01T14:17:45.976701674Z,2025-12-01T13:51:27.732722463Z,"{""interval"":31690}",attributes,spans,580706b33949,railway-simulation,a2aa33ec23aeaa40,06d56480052a051a481dde72717db106
,,2885,2025-12-01T13:17:45.976701674Z,2025-12-01T14:17:45.976701674Z,2025-12-01T13:54:19.732602335Z,"{""interval"":60070}",attributes,spans,580706b33949,railway-simulation,a2ad9fd3297383bb,9191344aa613a9c94ff984305464332a
,,2886,2025-12-01T13:17:45.976701674Z,2025-12-01T14:17:45.976701674Z,2025-12-01T13:53:30.565960287Z,"{""interval"":51985}",attributes,spans,580706b33949,railway-simulation,a2bb946b00f3b25a,ecbd19c2a04e7bcc96239ed6fc6c8195
,,2887,2025-12-01T13:17:45.976701674Z,2025-12-01T14:17:45.976701674Z,2025-12-01T13:53:53.733143772Z,"{""interval"":55780}",attributes,spans,580706b33949,railway-simulation,a2c2a5c12e8e41d4,f2658518e21961e8437d63deeba4917f
,,2888,2025-12-01T13:17:45.976701674Z,2025-12-01T14:17:45.976701674Z,2025-12-01T13:55:55.399440838Z,"{""interval"":75910}",attributes,spans,580706b33949,railway-simulation,a2d9dcf3f6bd08f5,9a6083c51af670a600d252ec7878f169
,,2889,2025-12-01T13:17:45.976701674Z,2025-12-01T14:17:45.976701674Z,2025-12-01T13:53:29.065938028Z,"{""interval"":51820}",attributes,spans,580706b33949,railway-simulation,a2fa93f0359ff9bf,e70803f62fe257ff3567b4b18d5017e0
,,2890,2025-12-01T13:17:45.976701674Z,2025-12-01T14:17:45.976701674Z,2025-12-01T13:56:01.232868149Z,"{""interval"":76900}",attributes,spans,580706b33949,railway-simulation,a2ffd233356f9b8a,9ad526d80db9bd0fb27337b94911e73e
,,2891,2025-12-01T13:17:45.976701674Z,2025-12-01T14:17:45.976701674Z,2025-12-01T13:50:15.899261982Z,"{""interval"":19810}",attributes,spans,580706b33949,railway-simulation,a328a818938d1f8a,8d3e632ab1076391e7372b35f8e701b2
,,2892,2025-12-01T13:17:45.976701674Z,2025-12-01T14:17:45.976701674Z,2025-12-01T13:55:44.232647449Z,"{""interval"":74095}",attributes,spans,580706b33949,railway-simulation,a32d0dad5077b590,6fcdb143c50c558bfafed60a455d4669
,,2893,2025-12-01T13:17:45.976701674Z,2025-12-01T14:17:45.976701674Z,2025-12-01T13:51:59.232548634Z,"{""interval"":36970}",attributes,spans,580706b33949,railway-simulation,a3403f31de973dcf,e0e5d84de03c39719795582221934cc7
,,2894,2025-12-01T13:17:45.976701674Z,2025-12-01T14:17:45.976701674Z,2025-12-01T13:53:45.732566905Z,"{""interval"":54460}",attributes,spans,580706b33949,railway-simulation,a348afa885b85131,511e7f7cef3421ef6b89a4ef57888f38
,,2895,2025-12-01T13:17:45.976701674Z,2025-12-01T14:17:45.976701674Z,2025-12-01T13:49:07.899361102Z,"{""interval"":8590}",attributes,spans,580706b33949,railway-simulation,a354e6e24dc37f4f,e965363297408eb5118aa43db6ee8d5d
,,2896,2025-12-01T13:17:45.976701674Z,2025-12-01T14:17:45.976701674Z,2025-12-01T13:53:18.399272677Z,"{""interval"":50005}",attributes,spans,580706b33949,railway-simulation,a355eab03dc6dfc4,232e08fada7ab30ed9ac628f31641e00
,,2897,2025-12-01T13:17:45.976701674Z,2025-12-01T14:17:45.976701674Z,2025-12-01T13:55:53.066136561Z,"{""interval"":75580}",attributes,spans,580706b33949,railway-simulation,a3625bd9c9ed8c2b,bc64665b08fa67a342896841af6cad9e
,,2898,2025-12-01T13:17:45.976701674Z,2025-12-01T14:17:45.976701674Z,2025-12-01T13:52:01.399270663Z,"{""interval"":37300}",attributes,spans,580706b33949,railway-simulation,a36fff2dc06c59c7,069fdc796b11489cc66a74a9cc421fdc
,,2899,2025-12-01T13:17:45.976701674Z,2025-12-01T14:17:45.976701674Z,2025-12-01T13:48:37.89944915Z,"{""interval"":3640}",attributes,spans,580706b33949,railway-simulation,a3731679bf5b29c1,f6fb9f1c2dca797c76a7cc961d8d6fcd
,,2900,2025-12-01T13:17:45.976701674Z,2025-12-01T14:17:45.976701674Z,2025-12-01T13:54:27.06601516Z,"{""interval"":61390}",attributes,spans,580706b33949,railway-simulation,a39425c08b96d0e6,b4d77ac1d388855f34bfbb46ee3b531a
,,2901,2025-12-01T13:17:45.976701674Z,2025-12-01T14:17:45.976701674Z,2025-12-01T13:53:47.065980042Z,"{""interval"":54790}",attributes,spans,580706b33949,railway-simulation,a3a8cb6bb89c479b,7c742168e87ad045fd3e673d886924e9
,,2902,2025-12-01T13:17:45.976701674Z,2025-12-01T14:17:45.976701674Z,2025-12-01T13:56:40.121296787Z,"{""interval"":83170}",attributes,spans,580706b33949,railway-simulation,a3aeefe30d16b021,7ba815bdfa9483aeeee430115785f7d7
,,2903,2025-12-01T13:17:45.976701674Z,2025-12-01T14:17:45.976701674Z,2025-12-01T13:50:24.565966036Z,"{""interval"":21295}",attributes,spans,580706b33949,railway-simulation,a3b11d4c786353df,bcd7404e44e43db23f71a1134ba0ff37
,,2904,2025-12-01T13:17:45.976701674Z,2025-12-01T14:17:45.976701674Z,2025-12-01T13:50:56.399280321Z,"{""interval"":26575.000000000004}",attributes,spans,580706b33949,railway-simulation,a3cd1d93e6c75988,7f57ea2e3f0bd49ee3d694da11f0d7bb
,,2905,2025-12-01T13:17:45.976701674Z,2025-12-01T14:17:45.976701674Z,2025-12-01T13:52:09.399260255Z,"{""interval"":38620}",attributes,spans,580706b33949,railway-simulation,a3d1498a526ced01,d95e122034d6f755ca9631a8ece8405f
,,2906,2025-12-01T13:17:45.976701674Z,2025-12-01T14:17:45.976701674Z,2025-12-01T13:49:00.066014896Z,"{""interval"":7435}",attributes,spans,580706b33949,railway-simulation,a3e9d7f5db4bf52d,77fec405eee901746c4a6ae02ad0608d
,,2907,2025-12-01T13:17:45.976701674Z,2025-12-01T14:17:45.976701674Z,2025-12-01T13:50:24.232695394Z,"{""interval"":21295}",attributes,spans,580706b33949,railway-simulation,a407ef2161ccf1bb,eec8bb0d74801da8d34701d388970f9e
,,2908,2025-12-01T13:17:45.976701674Z,2025-12-01T14:17:45.976701674Z,2025-12-01T13:51:55.065958587Z,"{""interval"":36310}",attributes,spans,580706b33949,railway-simulation,a40e8b0d65d68c0d,fd111dcce352151fed7d26c0f67c60ff
,,2909,2025-12-01T13:17:45.976701674Z,2025-12-01T14:17:45.976701674Z,2025-12-01T13:53:02.232669698Z,"{""interval"":47365}",attributes,spans,580706b33949,railway-simulation,a41e072ffadeb3d2,8bca61c687d02dfffeeded5165ec40b3
,,2910,2025-12-01T13:17:45.976701674Z,2025-12-01T14:17:45.976701674Z,2025-12-01T13:52:32.899215371Z,"{""interval"":42415}",attributes,spans,580706b33949,railway-simulation,a427ae154a459e89,22793e5ab25e8b740100794112af25c9
,,2911,2025-12-01T13:17:45.976701674Z,2025-12-01T14:17:45.976701674Z,2025-12-01T13:58:35.626965134Z,"{""interval"":97690}",attributes,spans,580706b33949,railway-simulation,a428fbbe58f8bf99,5ab5a83a1c54efe550f6da57c76ff496
,,2912,2025-12-01T13:17:45.976701674Z,2025-12-01T14:17:45.976701674Z,2025-12-01T13:50:32.4001172Z,"{""interval"":22615}",attributes,spans,580706b33949,railway-simulation,a42ee6764a2fc44d,23e488efa080d2ae9f982d87b311c197
,,2913,2025-12-01T13:17:45.976701674Z,2025-12-01T14:17:45.976701674Z,2025-12-01T13:55:34.399630295Z,"{""interval"":72445}",attributes,spans,580706b33949,railway-simulation,a44fad1add1938d5,183f21d714a7c5629982897b3a0d85f0
,,2914,2025-12-01T13:17:45.976701674Z,2025-12-01T14:17:45.976701674Z,2025-12-01T13:49:57.233344493Z,"{""interval"":16840}",attributes,spans,580706b33949,railway-simulation,a464116e59405450,9e0d959def8ec5d4cd1c3b88a0a1a666
,,2915,2025-12-01T13:17:45.976701674Z,2025-12-01T14:17:45.976701674Z,2025-12-01T13:53:14.565923673Z,"{""interval"":49345}",attributes,spans,580706b33949,railway-simulation,a46cc2b4d21b9ae8,bdb4e8d12bdbcaf810936e51f3dbd342
,,2916,2025-12-01T13:17:45.976701674Z,2025-12-01T14:17:45.976701674Z,2025-12-01T13:52:34.565979756Z,"{""interval"":42745}",attributes,spans,580706b33949,railway-simulation,a4869c206c46214a,3bbf7a0fd25a410285419d86736e5bf6
,,2917,2025-12-01T13:17:45.976701674Z,2025-12-01T14:17:45.976701674Z,2025-12-01T13:51:08.065950011Z,"{""interval"":28555}",attributes,spans,580706b33949,railway-simulation,a48901e98da4b8c7,1fd4968b2e1c6f113eb6cb0613864ae8
,,2918,2025-12-01T13:17:45.976701674Z,2025-12-01T14:17:45.976701674Z,2025-12-01T13:48:33.899325024Z,"{""interval"":2980}",attributes,spans,580706b33949,railway-simulation,a48af85191e7c845,53bf822cc8edc1f491c2323d2b04248f
,,2919,2025-12-01T13:17:45.976701674Z,2025-12-01T14:17:45.976701674Z,2025-12-01T13:48:35.899418758Z,"{""interval"":3310}",attributes,spans,580706b33949,railway-simulation,a48dab4105ab2510,6312411dbfa64e5a5a63e2b0f1eb2e75
,,2920,2025-12-01T13:17:45.976701674Z,2025-12-01T14:17:45.976701674Z,2025-12-01T13:53:52.899633434Z,"{""interval"":55615}",attributes,spans,580706b33949,railway-simulation,a49123e49f2eb0fa,1af09cbc430069c8ed2cb00cfa030d3b
,,2921,2025-12-01T13:17:45.976701674Z,2025-12-01T14:17:45.976701674Z,2025-12-01T13:53:30.399226538Z,"{""interval"":51985}",attributes,spans,580706b33949,railway-simulation,a493e82f18328a8f,dffeb0ebef72398d3430c1495e167525
,,2922,2025-12-01T13:17:45.976701674Z,2025-12-01T14:17:45.976701674Z,2025-12-01T13:48:54.566567956Z,"{""interval"":6445}",attributes,spans,580706b33949,railway-simulation,a4abd41975a8afef,c5b998da8c44abf2e52bfc7f58e4713e
,,2923,2025-12-01T13:17:45.976701674Z,2025-12-01T14:17:45.976701674Z,2025-12-01T13:54:23.399243851Z,"{""interval"":60730.00000000001}",attributes,spans,580706b33949,railway-simulation,a4ac35cc4be05ca1,5a4032699b28f45ec779432339bf170f
,,2924,2025-12-01T13:17:45.976701674Z,2025-12-01T14:17:45.976701674Z,2025-12-01T13:56:09.232747184Z,"{""interval"":78220}",attributes,spans,580706b33949,railway-simulation,a4d3052a006b875f,639e0e1312147aa889483daedc50f4cc
,,2925,2025-12-01T13:17:45.976701674Z,2025-12-01T14:17:45.976701674Z,2025-12-01T13:50:31.565918093Z,"{""interval"":22450}",attributes,spans,580706b33949,railway-simulation,a4d47b323a738b54,41ee2b4fdba8355fb8c1ba38a703f500
,,2926,2025-12-01T13:17:45.976701674Z,2025-12-01T14:17:45.976701674Z,2025-12-01T13:52:00.065920239Z,"{""interval"":37135}",attributes,spans,580706b33949,railway-simulation,a4da4b0cf4eacc40,20d92090231dd5511de3638bf67a1f11
,,2927,2025-12-01T13:17:45.976701674Z,2025-12-01T14:17:45.976701674Z,2025-12-01T13:55:28.732561156Z,"{""interval"":71455}",attributes,spans,580706b33949,railway-simulation,a4db92fdd595e6a9,41c48b15a75ff81e8af2cce59a6df8ae
,,2928,2025-12-01T13:17:45.976701674Z,2025-12-01T14:17:45.976701674Z,2025-12-01T13:55:55.732652073Z,"{""interval"":75910}",attributes,spans,580706b33949,railway-simulation,a5183d451f03e7ef,34e5dfbfb987b5fa195c5d885de66320
,,2929,2025-12-01T13:17:45.976701674Z,2025-12-01T14:17:45.976701674Z,2025-12-01T13:54:35.899261737Z,"{""interval"":62709.99999999999}",attributes,spans,580706b33949,railway-simulation,a51b51a1e0b4869f,b9ec8018df692c3d208f7f7b730585e7
,,2930,2025-12-01T13:17:45.976701674Z,2025-12-01T14:17:45.976701674Z,2025-12-01T13:53:53.06605386Z,"{""interval"":55780}",attributes,spans,580706b33949,railway-simulation,a5400954030e4c11,976c68f26c8b441dcec3c80279561002
,,2931,2025-12-01T13:17:45.976701674Z,2025-12-01T14:17:45.976701674Z,2025-12-01T13:51:03.232688228Z,"{""interval"":27730}",attributes,spans,580706b33949,railway-simulation,a55e63d2fd988e38,7dcc05026fb865e9b4c0f2c46f8a9f80
,,2932,2025-12-01T13:17:45.976701674Z,2025-12-01T14:17:45.976701674Z,2025-12-01T13:53:47.232584839Z,"{""interval"":54790}",attributes,spans,580706b33949,railway-simulation,a58f6f2d9a5e92d3,6fb27813d02c49eebb7b217677a6b5a6
,,2933,2025-12-01T13:17:45.976701674Z,2025-12-01T14:17:45.976701674Z,2025-12-01T13:51:02.066044318Z,"{""interval"":27564.999999999996}",attributes,spans,580706b33949,railway-simulation,a59090aaeaaef81a,289d273adaa1cf9dd2d562a647d2d47a
,,2934,2025-12-01T13:17:45.976701674Z,2025-12-01T14:17:45.976701674Z,2025-12-01T13:52:38.399237894Z,"{""interval"":43405}",attributes,spans,580706b33949,railway-simulation,a598eb03e6813caf,258d8501548696f1ec0fd80ede05306b
,,2935,2025-12-01T13:17:45.976701674Z,2025-12-01T14:17:45.976701674Z,2025-12-01T13:57:57.65259482Z,"{""interval"":92905}",attributes,spans,580706b33949,railway-simulation,a5bf559790767609,1db1c3b843d2a66e88e8e7bb70d60872
,,2936,2025-12-01T13:17:45.976701674Z,2025-12-01T14:17:45.976701674Z,2025-12-01T13:53:36.565913007Z,"{""interval"":52975}",attributes,spans,580706b33949,railway-simulation,a5eda598759ef751,45569d5538faeff40bf3cfc8bf22cf47
,,2937,2025-12-01T13:17:45.976701674Z,2025-12-01T14:17:45.976701674Z,2025-12-01T13:54:32.732856565Z,"{""interval"":62214.99999999999}",attributes,spans,580706b33949,railway-simulation,a5eff4db7741e567,bb8c4ed49f704ffb8b29ef4c7724081a
,,2938,2025-12-01T13:17:45.976701674Z,2025-12-01T14:17:45.976701674Z,2025-12-01T13:58:41.131317045Z,"{""interval"":98680}",attributes,spans,580706b33949,railway-simulation,a60699bc43f87371,9ecf1a89da1dc9d8845739805ff5afb3
,,2939,2025-12-01T13:17:45.976701674Z,2025-12-01T14:17:45.976701674Z,2025-12-01T13:51:59.065921897Z,"{""interval"":36970}",attributes,spans,580706b33949,railway-simulation,a61f484a10b6571f,94321b99c9ef0a0e54a91a29b91e9774
,,2940,2025-12-01T13:17:45.976701674Z,2025-12-01T14:17:45.976701674Z,2025-12-01T13:49:50.73332327Z,"{""interval"":15685.000000000002}",attributes,spans,580706b33949,railway-simulation,a637e34a4ccde2b8,0f2c9dbab009945185ce29a2a65af155
,,2941,2025-12-01T13:17:45.976701674Z,2025-12-01T14:17:45.976701674Z,2025-12-01T13:55:41.232629633Z,"{""interval"":73600}",attributes,spans,580706b33949,railway-simulation,a6397c12915bc00e,81769f7c81c34dabfd9b6b0c16760dd0
,,2942,2025-12-01T13:17:45.976701674Z,2025-12-01T14:17:45.976701674Z,2025-12-01T13:58:32.373726367Z,"{""interval"":97195}",attributes,spans,580706b33949,railway-simulation,a63e2004b81bb603,1e002b3888c171cdf1f375e576c45299
,,2943,2025-12-01T13:17:45.976701674Z,2025-12-01T14:17:45.976701674Z,2025-12-01T13:49:52.733631025Z,"{""interval"":16015}",attributes,spans,580706b33949,railway-simulation,a643574649a918b3,f1a297bf15015cef9507307c364b8e6d
,,2944,2025-12-01T13:17:45.976701674Z,2025-12-01T14:17:45.976701674Z,2025-12-01T13:50:47.232643747Z,"{""interval"":25090}",attributes,spans,580706b33949,railway-simulation,a661f46fc46f83f1,788f38ecbbd9e876e5519440c1346f0f
,,2945,2025-12-01T13:17:45.976701674Z,2025-12-01T14:17:45.976701674Z,2025-12-01T13:54:52.899356215Z,"{""interval"":65514.99999999999}",attributes,spans,580706b33949,railway-simulation,a6661aea31e34382,c184b09ab8d2308dc2fe241da275a282
,,2946,2025-12-01T13:17:45.976701674Z,2025-12-01T14:17:45.976701674Z,2025-12-01T13:58:31.896652757Z,"{""interval"":97030}",attributes,spans,580706b33949,railway-simulation,a68da6f4782f7f57,651e228f954a5c2a1e8872f7fa97805a
,,2947,2025-12-01T13:17:45.976701674Z,2025-12-01T14:17:45.976701674Z,2025-12-01T13:52:49.065961917Z,"{""interval"":45220}",attributes,spans,580706b33949,railway-simulation,a69aabfac544d340,48cb027ac91f8d852168a3aaba3957be
,,2948,2025-12-01T13:17:45.976701674Z,2025-12-01T14:17:45.976701674Z,2025-12-01T13:49:24.066919626Z,"{""interval"":11395}",attributes,spans,580706b33949,railway-simulation,a6b09321a35af47c,2812a39ce9ff1ef48cbd6f153772626d
,,2949,2025-12-01T13:17:45.976701674Z,2025-12-01T14:17:45.976701674Z,2025-12-01T13:52:24.732696197Z,"{""interval"":41095}",attributes,spans,580706b33949,railway-simulation,a6b8ee7bc82b01af,7af5cc484663d6e6e7fd73f4ee64a598
,,2950,2025-12-01T13:17:45.976701674Z,2025-12-01T14:17:45.976701674Z,2025-12-01T13:53:30.732561448Z,"{""interval"":51985}",attributes,spans,580706b33949,railway-simulation,a6c93a3644693fc2,9a03f575e2dd36a7aedb80569367b6db
,,2951,2025-12-01T13:17:45.976701674Z,2025-12-01T14:17:45.976701674Z,2025-12-01T13:50:10.899329544Z,"{""interval"":18985}",attributes,spans,580706b33949,railway-simulation,a6cbc3d20a00dd9e,9d5f8420f417e8b90d0759686f0af74e
,,2952,2025-12-01T13:17:45.976701674Z,2025-12-01T14:17:45.976701674Z,2025-12-01T13:50:42.066548859Z,"{""interval"":24265}",attributes,spans,580706b33949,railway-simulation,a6cca897180721a3,7ad3edda60f42ba9d19851bc96347648
,,2953,2025-12-01T13:17:45.976701674Z,2025-12-01T14:17:45.976701674Z,2025-12-01T13:57:19.195342483Z,"{""interval"":88780}",attributes,spans,580706b33949,railway-simulation,a6d90087d20edd69,d74c98079b475c5820afb188360bcc60
,,2954,2025-12-01T13:17:45.976701674Z,2025-12-01T14:17:45.976701674Z,2025-12-01T13:51:57.232577998Z,"{""interval"":36640}",attributes,spans,580706b33949,railway-simulation,a6e76cbb2d9ae2d5,928f9eb65744132fa53174ff4df17ed1
,,2955,2025-12-01T13:17:45.976701674Z,2025-12-01T14:17:45.976701674Z,2025-12-01T13:53:11.399369978Z,"{""interval"":48850}",attributes,spans,580706b33949,railway-simulation,a6edf09d4415c4a3,ae4a69b8c09f85786b8882038e35826a
,,2956,2025-12-01T13:17:45.976701674Z,2025-12-01T14:17:45.976701674Z,2025-12-01T13:49:09.732586221Z,"{""interval"":8920}",attributes,spans,580706b33949,railway-simulation,a6f6e764a81bb225,c8c191eb070713b2d7258e602d47ea17
,,2957,2025-12-01T13:17:45.976701674Z,2025-12-01T14:17:45.976701674Z,2025-12-01T13:52:59.89933765Z,"{""interval"":46870}",attributes,spans,580706b33949,railway-simulation,a71a9fb9ad6526d7,4179356529e9710ea269eb58b7b9cf6a
,,2958,2025-12-01T13:17:45.976701674Z,2025-12-01T14:17:45.976701674Z,2025-12-01T13:51:19.065933772Z,"{""interval"":30370.000000000004}",attributes,spans,580706b33949,railway-simulation,a71b5d4578d4a3fa,1900ed3c8f22db31edc43eba47195acc
,,2959,2025-12-01T13:17:45.976701674Z,2025-12-01T14:17:45.976701674Z,2025-12-01T13:54:31.065994748Z,"{""interval"":62050}",attributes,spans,580706b33949,railway-simulation,a73843d845fb74bb,ff6e1491eb7dad663d3cc1c63043cac2
,,2960,2025-12-01T13:17:45.976701674Z,2025-12-01T14:17:45.976701674Z,2025-12-01T13:58:38.941102011Z,"{""interval"":98350}",attributes,spans,580706b33949,railway-simulation,a74dc1029d128ada,c639f2ec74fd5d68e71c02c7eb8d0897
,,2961,2025-12-01T13:17:45.976701674Z,2025-12-01T14:17:45.976701674Z,2025-12-01T13:52:53.399226096Z,"{""interval"":45880}",attributes,spans,580706b33949,railway-simulation,a75823fb9ccf4636,efffa2e2cd6de3c1c4897fabd25a839c
,,2962,2025-12-01T13:17:45.976701674Z,2025-12-01T14:17:45.976701674Z,2025-12-01T13:52:04.399319621Z,"{""interval"":37795}",attributes,spans,580706b33949,railway-simulation,a75877384a7cd6bf,0ea11a863ca52338c9bb57192f46f8ce
,,2963,2025-12-01T13:17:45.976701674Z,2025-12-01T14:17:45.976701674Z,2025-12-01T13:54:08.565973329Z,"{""interval"":58255}",attributes,spans,580706b33949,railway-simulation,a7615b1a7438b8bc,53b8e90411322c333854a797405d4f68
,,2964,2025-12-01T13:17:45.976701674Z,2025-12-01T14:17:45.976701674Z,2025-12-01T13:58:16.571483068Z,"{""interval"":95050}",attributes,spans,580706b33949,railway-simulation,a768908e2f0fa125,4ee82dc501ff17570eb867d0318294d8
,,2965,2025-12-01T13:17:45.976701674Z,2025-12-01T14:17:45.976701674Z,2025-12-01T13:51:17.899277212Z,"{""interval"":30040}",attributes,spans,580706b33949,railway-simulation,a7835925517c8ec8,e3605209bfd1ae857bf91b15ceab3093
,,2966,2025-12-01T13:17:45.976701674Z,2025-12-01T14:17:45.976701674Z,2025-12-01T13:54:35.065953802Z,"{""interval"":62709.99999999999}",attributes,spans,580706b33949,railway-simulation,a7855ca2f9192259,b544f839836cebc1b51ec4c1d8edacd5
,,2967,2025-12-01T13:17:45.976701674Z,2025-12-01T14:17:45.976701674Z,2025-12-01T13:55:52.066207115Z,"{""interval"":75415}",attributes,spans,580706b33949,railway-simulation,a790d2854bb5695d,5eb070d40b6cf051dc9ea4ac04df71e4
,,2968,2025-12-01T13:17:45.976701674Z,2025-12-01T14:17:45.976701674Z,2025-12-01T13:57:05.739098316Z,"{""interval"":87460}",attributes,spans,580706b33949,railway-simulation,a798edf5585e8c78,c2431ea0cf69da393cff1015ea4b72eb
,,2969,2025-12-01T13:17:45.976701674Z,2025-12-01T14:17:45.976701674Z,2025-12-01T13:53:02.899259036Z,"{""interval"":47365}",attributes,spans,580706b33949,railway-simulation,a799750ede31fee1,2f62e58dd752570f6f44451383239e29
,,2970,2025-12-01T13:17:45.976701674Z,2025-12-01T14:17:45.976701674Z,2025-12-01T13:51:41.399256465Z,"{""interval"":34000}",attributes,spans,580706b33949,railway-simulation,a79cdf028208c21c,214a63951eb51c47e6a6e9f8fb4d3a76
,,2971,2025-12-01T13:17:45.976701674Z,2025-12-01T14:17:45.976701674Z,2025-12-01T13:56:22.565978935Z,"{""interval"":80365}",attributes,spans,580706b33949,railway-simulation,a7b51c00b0e35d0f,e9aff2d1a9086d932e068d348d882e05
,,2972,2025-12-01T13:17:45.976701674Z,2025-12-01T14:17:45.976701674Z,2025-12-01T13:58:31.740315426Z,"{""interval"":97030}",attributes,spans,580706b33949,railway-simulation,a7ce5e2d34c07a25,618ed984fb7d0ebda0aa48d86efe7ea8
,,2973,2025-12-01T13:17:45.976701674Z,2025-12-01T14:17:45.976701674Z,2025-12-01T13:49:01.566039459Z,"{""interval"":7600}",attributes,spans,580706b33949,railway-simulation,a806c648845685e6,5d7f647e20194021b93945284fbce319
,,2974,2025-12-01T13:17:45.976701674Z,2025-12-01T14:17:45.976701674Z,2025-12-01T13:56:05.399391858Z,"{""interval"":77560}",attributes,spans,580706b33949,railway-simulation,a808b98bb3dfd661,91013d75704dc4fbea5751940e825997
,,2975,2025-12-01T13:17:45.976701674Z,2025-12-01T14:17:45.976701674Z,2025-12-01T13:55:42.06599946Z,"{""interval"":73765}",attributes,spans,580706b33949,railway-simulation,a81161144dc74f14,6aef9d7631aa5aff31a43061b8dacf90
,,2976,2025-12-01T13:17:45.976701674Z,2025-12-01T14:17:45.976701674Z,2025-12-01T13:48:29.232796398Z,"{""interval"":2320}",attributes,spans,580706b33949,railway-simulation,a82fbfd181baf7ab,96145c4aa3dc26685fd19bd96883dc83
,,2977,2025-12-01T13:17:45.976701674Z,2025-12-01T14:17:45.976701674Z,2025-12-01T13:56:33.065997337Z,"{""interval"":82180}",attributes,spans,580706b33949,railway-simulation,a85707681da65634,0366d6018b2685371b1567ebf6d8bc32
,,2978,2025-12-01T13:17:45.976701674Z,2025-12-01T14:17:45.976701674Z,2025-12-01T13:50:45.732612361Z,"{""interval"":24760}",attributes,spans,580706b33949,railway-simulation,a857304dd73d01a3,a17a6448e5e1f3d23c73e541b39795cf
,,2979,2025-12-01T13:17:45.976701674Z,2025-12-01T14:17:45.976701674Z,2025-12-01T13:51:49.565892896Z,"{""interval"":35320}",attributes,spans,580706b33949,railway-simulation,a8637cec153cced4,c53148b7fdb21ad92f356be1d4ab66cb
,,2980,2025-12-01T13:17:45.976701674Z,2025-12-01T14:17:45.976701674Z,2025-12-01T13:55:02.065907804Z,"{""interval"":67165}",attributes,spans,580706b33949,railway-simulation,a87606ad3b318bcd,2e4cca7a0bfc2f1c84705e75788194be
,,2981,2025-12-01T13:17:45.976701674Z,2025-12-01T14:17:45.976701674Z,2025-12-01T13:49:30.066696281Z,"{""interval"":12385}",attributes,spans,580706b33949,railway-simulation,a89ff3cf92d19d55,95469a32cd97dd5044274395d2355854
,,2982,2025-12-01T13:17:45.976701674Z,2025-12-01T14:17:45.976701674Z,2025-12-01T13:53:04.56593154Z,"{""interval"":47695}",attributes,spans,580706b33949,railway-simulation,a8a923fa1d2d2207,db574bff5bc3a09dfb9fcfdeec6bf885
,,2983,2025-12-01T13:17:45.976701674Z,2025-12-01T14:17:45.976701674Z,2025-12-01T13:53:36.065901654Z,"{""interval"":52975}",attributes,spans,580706b33949,railway-simulation,a8ad834f99ecffb1,60fcf59706121f53ee03d3ce3e9dbc22
,,2984,2025-12-01T13:17:45.976701674Z,2025-12-01T14:17:45.976701674Z,2025-12-01T13:58:35.958961554Z,"{""interval"":97855}",attributes,spans,580706b33949,railway-simulation,a8ba1155d470103b,51978f09d224c9f8c2154a7c66d3c80c
,,2985,2025-12-01T13:17:45.976701674Z,2025-12-01T14:17:45.976701674Z,2025-12-01T13:58:32.047264023Z,"{""interval"":97195}",attributes,spans,580706b33949,railway-simulation,a8ba58f9075a9f37,5e3b3c0c0c68e8be86de9ef0c429baeb
,,2986,2025-12-01T13:17:45.976701674Z,2025-12-01T14:17:45.976701674Z,2025-12-01T13:56:49.887202446Z,"{""interval"":84820}",attributes,spans,580706b33949,railway-simulation,a8e1a863cecfa037,49d7839138270540e95ab5b0b84434ad
,,2987,2025-12-01T13:17:45.976701674Z,2025-12-01T14:17:45.976701674Z,2025-12-01T13:51:38.065949629Z,"{""interval"":33505}",attributes,spans,580706b33949,railway-simulation,a9022165d8974cfd,f68c8cd327dbfffc4aea5b72e70779c4
,,2988,2025-12-01T13:17:45.976701674Z,2025-12-01T14:17:45.976701674Z,2025-12-01T13:56:52.62095355Z,"{""interval"":85315}",attributes,spans,580706b33949,railway-simulation,a91080a233013b3c,b00399b57eed863fbaaf02a8ed5d5dc8
,,2989,2025-12-01T13:17:45.976701674Z,2025-12-01T14:17:45.976701674Z,2025-12-01T13:49:10.732572605Z,"{""interval"":9085}",attributes,spans,580706b33949,railway-simulation,a931556a12b8b8c2,e7d0edbec43d340cc3a1712cfe899aba
,,2990,2025-12-01T13:17:45.976701674Z,2025-12-01T14:17:45.976701674Z,2025-12-01T13:56:45.765181699Z,"{""interval"":84160}",attributes,spans,580706b33949,railway-simulation,a9374d1823738957,64719a93a1ee20ff7198dfee102879bc
,,2991,2025-12-01T13:17:45.976701674Z,2025-12-01T14:17:45.976701674Z,2025-12-01T13:52:30.565923307Z,"{""interval"":42085}",attributes,spans,580706b33949,railway-simulation,a943961577de121f,74f99cbeb54e5f418f8924af25435dfb
,,2992,2025-12-01T13:17:45.976701674Z,2025-12-01T14:17:45.976701674Z,2025-12-01T13:48:53.065856929Z,"{""interval"":6280}",attributes,spans,580706b33949,railway-simulation,a94a4f81e76774dc,c92cd6543bd86e9e317c8d4ae6d1caec
,,2993,2025-12-01T13:17:45.976701674Z,2025-12-01T14:17:45.976701674Z,2025-12-01T13:56:31.89937048Z,"{""interval"":81850}",attributes,spans,580706b33949,railway-simulation,a954568b8d7dd1e4,e4dd0a342473200baed7f2b5f9b02bca
,,2994,2025-12-01T13:17:45.976701674Z,2025-12-01T14:17:45.976701674Z,2025-12-01T13:55:30.508474935Z,"{""interval"":71785}",attributes,spans,580706b33949,railway-simulation,a9583401a63f0a14,57ebc700382b347aa2342d4ffe1d3216
,,2995,2025-12-01T13:17:45.976701674Z,2025-12-01T14:17:45.976701674Z,2025-12-01T13:56:53.672914843Z,"{""interval"":85480}",attributes,spans,580706b33949,railway-simulation,a95d0626dbdec3b1,7e39c241fc653fd37d3b6666b7cabbb7
,,2996,2025-12-01T13:17:45.976701674Z,2025-12-01T14:17:45.976701674Z,2025-12-01T13:53:20.899346327Z,"{""interval"":50335}",attributes,spans,580706b33949,railway-simulation,a968b08f140f68ff,c85dbf3aa7e3dc461e295963a79e3387
,,2997,2025-12-01T13:17:45.976701674Z,2025-12-01T14:17:45.976701674Z,2025-12-01T13:51:42.399217242Z,"{""interval"":34165}",attributes,spans,580706b33949,railway-simulation,a96ee12d3993e8f6,9b6f56dae73f6378f0864472b0c10775
,,2998,2025-12-01T13:17:45.976701674Z,2025-12-01T14:17:45.976701674Z,2025-12-01T13:58:31.414613943Z,"{""interval"":97030}",attributes,spans,580706b33949,railway-simulation,a989b67cacfa707a,e5dd7488b1e48913a43ec57df7f06903
,,2999,2025-12-01T13:17:45.976701674Z,2025-12-01T14:17:45.976701674Z,2025-12-01T13:51:38.566004247Z,"{""interval"":33505}",attributes,spans,580706b33949,railway-simulation,a98acb38da4b5681,dbc90b5115a001f4815bd95983c55cb4
,,3000,2025-12-01T13:17:45.976701674Z,2025-12-01T14:17:45.976701674Z,2025-12-01T13:57:43.963324188Z,"{""interval"":91255}",attributes,spans,580706b33949,railway-simulation,a98be67b7f1354c8,38ae37a6722892ae2c81d0ed2d6ac84d
,,3001,2025-12-01T13:17:45.976701674Z,2025-12-01T14:17:45.976701674Z,2025-12-01T13:52:23.399222961Z,"{""interval"":40930}",attributes,spans,580706b33949,railway-simulation,a98dc5f8b580aab4,99797f15a9e48f371bb4e95ff6943ecd
,,3002,2025-12-01T13:17:45.976701674Z,2025-12-01T14:17:45.976701674Z,2025-12-01T13:54:01.399233234Z,"{""interval"":57100}",attributes,spans,580706b33949,railway-simulation,a9936e6f7293bfa0,c91941caea7531cd4be03e112e6ca6e6
,,3003,2025-12-01T13:17:45.976701674Z,2025-12-01T14:17:45.976701674Z,2025-12-01T13:58:45.975176752Z,"{""interval"":99505}",attributes,spans,580706b33949,railway-simulation,a9c19038ebb0e4dd,5a1c2e521df85b4c8cd54a7aac514c56
,,3004,2025-12-01T13:17:45.976701674Z,2025-12-01T14:17:45.976701674Z,2025-12-01T13:49:12.066106036Z,"{""interval"":9415}",attributes,spans,580706b33949,railway-simulation,a9c7354ae499005d,ecde639e64b8f14963d647fd74840db6
,,3005,2025-12-01T13:17:45.976701674Z,2025-12-01T14:17:45.976701674Z,2025-12-01T13:51:58.232560377Z,"{""interval"":36805}",attributes,spans,580706b33949,railway-simulation,a9d653f8744cfe66,1304e0984b9c57c01ceaec5650c7c40c
,,3006,2025-12-01T13:17:45.976701674Z,2025-12-01T14:17:45.976701674Z,2025-12-01T13:50:53.399312263Z,"{""interval"":26080.000000000004}",attributes,spans,580706b33949,railway-simulation,a9de342a21bb7857,c18f5deda518351100f3c0e44aaf0111
,,3007,2025-12-01T13:17:45.976701674Z,2025-12-01T14:17:45.976701674Z,2025-12-01T13:58:06.145351356Z,"{""interval"":93895}",attributes,spans,580706b33949,railway-simulation,a9e11ad3c5d2b46c,45858de7f3e56d96b8f741f774fdc08c
,,3008,2025-12-01T13:17:45.976701674Z,2025-12-01T14:17:45.976701674Z,2025-12-01T13:49:15.233227317Z,"{""interval"":9910}",attributes,spans,580706b33949,railway-simulation,a9ea7dc951c01105,15e000cc7b4cbdca32b64460d12c00e7
,,3009,2025-12-01T13:17:45.976701674Z,2025-12-01T14:17:45.976701674Z,2025-12-01T13:51:31.565929528Z,"{""interval"":32350}",attributes,spans,580706b33949,railway-simulation,a9ee1fe5e6d9aae7,e34fa745eac439f7c89d88529f421e58
,,3010,2025-12-01T13:17:45.976701674Z,2025-12-01T14:17:45.976701674Z,2025-12-01T13:53:41.565923003Z,"{""interval"":53800}",attributes,spans,580706b33949,railway-simulation,aa279bbc4e076dfb,cb708983e6f89d55a45c07dadfcbae4f
,,3011,2025-12-01T13:17:45.976701674Z,2025-12-01T14:17:45.976701674Z,2025-12-01T13:56:35.722574119Z,"{""interval"":82510}",attributes,spans,580706b33949,railway-simulation,aa2cbcaaeda2846b,cd6e823ada26234792b3ce1e276b4b1c
,,3012,2025-12-01T13:17:45.976701674Z,2025-12-01T14:17:45.976701674Z,2025-12-01T13:48:43.06707882Z,"{""interval"":4630}",attributes,spans,580706b33949,railway-simulation,aa36e5928082037d,9f6f7cac658f3434a07ef9c769ad3939
,,3013,2025-12-01T13:17:45.976701674Z,2025-12-01T14:17:45.976701674Z,2025-12-01T13:50:41.233612375Z,"{""interval"":24100}",attributes,spans,580706b33949,railway-simulation,aa3941e2bbac8e0a,812dad0413afae4f96f5e574872e62b0
,,3014,2025-12-01T13:17:45.976701674Z,2025-12-01T14:17:45.976701674Z,2025-12-01T13:57:09.12808756Z,"{""interval"":87790}",attributes,spans,580706b33949,railway-simulation,aa77b3541eb89de7,07968d67dde187d9b5fd4c8bfe798d45
,,3015,2025-12-01T13:17:45.976701674Z,2025-12-01T14:17:45.976701674Z,2025-12-01T13:56:31.066231284Z,"{""interval"":81850}",attributes,spans,580706b33949,railway-simulation,aa83bd884f2cd259,bdd74800b8d40770425e01b05f393851
,,3016,2025-12-01T13:17:45.976701674Z,2025-12-01T14:17:45.976701674Z,2025-12-01T13:50:56.566039787Z,"{""interval"":26575.000000000004}",attributes,spans,580706b33949,railway-simulation,aa88b9d62d62c8ea,e99bb33dd31dcd3cf52783857010aeda
,,3017,2025-12-01T13:17:45.976701674Z,2025-12-01T14:17:45.976701674Z,2025-12-01T13:49:26.066664939Z,"{""interval"":11725}",attributes,spans,580706b33949,railway-simulation,aabb4a26bec6cb6b,78d976c5f4364b8aefea88e7da70e6c0
,,3018,2025-12-01T13:17:45.976701674Z,2025-12-01T14:17:45.976701674Z,2025-12-01T13:56:46.708242116Z,"{""interval"":84325}",attributes,spans,580706b33949,railway-simulation,aad09717896c0605,1b09d1b1c60bc9237e5e9975bba496a9
,,3019,2025-12-01T13:17:45.976701674Z,2025-12-01T14:17:45.976701674Z,2025-12-01T13:53:33.565917897Z,"{""interval"":52480}",attributes,spans,580706b33949,railway-simulation,aada2757ed2c1dd1,cfd58363713dbe7eedb580de736d4488
,,3020,2025-12-01T13:17:45.976701674Z,2025-12-01T14:17:45.976701674Z,2025-12-01T13:49:05.732635643Z,"{""interval"":8260}",attributes,spans,580706b33949,railway-simulation,aae781bd5a1a94f8,44d99f18465e049182999fe429e22dfc
,,3021,2025-12-01T13:17:45.976701674Z,2025-12-01T14:17:45.976701674Z,2025-12-01T13:50:00.066003261Z,"{""interval"":17335}",attributes,spans,580706b33949,railway-simulation,ab006ea61278c231,58321a9aae1da6ebc1cf495fe66f5739
,,3022,2025-12-01T13:17:45.976701674Z,2025-12-01T14:17:45.976701674Z,2025-12-01T13:51:46.39925172Z,"{""interval"":34825}",attributes,spans,580706b33949,railway-simulation,ab02c042f73ed851,572e18c6bf44c7a7bb16c9216311a90e
,,3023,2025-12-01T13:17:45.976701674Z,2025-12-01T14:17:45.976701674Z,2025-12-01T13:55:17.732639558Z,"{""interval"":69640}",attributes,spans,580706b33949,railway-simulation,ab1e8fc82a032150,6e9f68ce931e7aa10222efe75725e1ff
,,3024,2025-12-01T13:17:45.976701674Z,2025-12-01T14:17:45.976701674Z,2025-12-01T13:53:42.39924946Z,"{""interval"":53965}",attributes,spans,580706b33949,railway-simulation,ab289f756bb076c5,0df9de9ee4fbe805340465afc20a81a5
,,3025,2025-12-01T13:17:45.976701674Z,2025-12-01T14:17:45.976701674Z,2025-12-01T13:56:29.565981484Z,"{""interval"":81520}",attributes,spans,580706b33949,railway-simulation,ab29a86e6010711a,eb31ff48c92cdfc485017206e1ec212a
,,3026,2025-12-01T13:17:45.976701674Z,2025-12-01T14:17:45.976701674Z,2025-12-01T13:50:36.90007583Z,"{""interval"":23275}",attributes,spans,580706b33949,railway-simulation,ab2ba1b67c040bce,8dcbbbcd5c0188bcfbf43c09694877ec
,,3027,2025-12-01T13:17:45.976701674Z,2025-12-01T14:17:45.976701674Z,2025-12-01T13:57:51.847935808Z,"{""interval"":92245}",attributes,spans,580706b33949,railway-simulation,ab2e649ff8a05e68,2dd39082ec5c1dbf0f5dccb255e4ab88
,,3028,2025-12-01T13:17:45.976701674Z,2025-12-01T14:17:45.976701674Z,2025-12-01T13:57:02.594280855Z,"{""interval"":86965}",attributes,spans,580706b33949,railway-simulation,ab34976099951cbf,366898ee1e748426d892e900b70f960c
,,3029,2025-12-01T13:17:45.976701674Z,2025-12-01T14:17:45.976701674Z,2025-12-01T13:58:03.427109907Z,"{""interval"":93565}",attributes,spans,580706b33949,railway-simulation,ab70aaa65777f0da,f365a7ab6355e4d4db1eeb53428a43f4
,,3030,2025-12-01T13:17:45.976701674Z,2025-12-01T14:17:45.976701674Z,2025-12-01T13:56:15.899634218Z,"{""interval"":79210}",attributes,spans,580706b33949,railway-simulation,ab71ac548e917eb9,fef13226c76d16e60a594cb3dfe26de1
,,3031,2025-12-01T13:17:45.976701674Z,2025-12-01T14:17:45.976701674Z,2025-12-01T13:56:16.066601406Z,"{""interval"":79375}",attributes,spans,580706b33949,railway-simulation,ab7dc6c51da61eec,1f2f65ab94b8ad30c593a60aa90dff72
,,3032,2025-12-01T13:17:45.976701674Z,2025-12-01T14:17:45.976701674Z,2025-12-01T13:56:35.991019797Z,"{""interval"":82510}",attributes,spans,580706b33949,railway-simulation,ab8c3ec49a620e4b,3930b2f5dc0428d58b045d2584187fce
,,3033,2025-12-01T13:17:45.976701674Z,2025-12-01T14:17:45.976701674Z,2025-12-01T13:58:05.916977584Z,"{""interval"":93895}",attributes,spans,580706b33949,railway-simulation,ab912d37023fbbf0,7f5950bea7cb097918c907ef1d2b8b43
,,3034,2025-12-01T13:17:45.976701674Z,2025-12-01T14:17:45.976701674Z,2025-12-01T13:54:52.065922986Z,"{""interval"":65514.99999999999}",attributes,spans,580706b33949,railway-simulation,ab966fe7ceefbf17,3628b5936327ed04ef55feff1f30deaf
,,3035,2025-12-01T13:17:45.976701674Z,2025-12-01T14:17:45.976701674Z,2025-12-01T13:52:46.565922238Z,"{""interval"":44725}",attributes,spans,580706b33949,railway-simulation,ab9b359887a030b0,e75b5b66020e0afb0a6e6b0efa70aae7
,,3036,2025-12-01T13:17:45.976701674Z,2025-12-01T14:17:45.976701674Z,2025-12-01T13:51:52.732634739Z,"{""interval"":35815}",attributes,spans,580706b33949,railway-simulation,aba05308faa24807,a03960f7225ec78bc7647a645568aee8
,,3037,2025-12-01T13:17:45.976701674Z,2025-12-01T14:17:45.976701674Z,2025-12-01T13:58:33.710849255Z,"{""interval"":97360}",attributes,spans,580706b33949,railway-simulation,aba3816ff87bf3f3,1dc88afb56a228c080d3e690a735e40e
,,3038,2025-12-01T13:17:45.976701674Z,2025-12-01T14:17:45.976701674Z,2025-12-01T13:55:48.732667368Z,"{""interval"":74755}",attributes,spans,580706b33949,railway-simulation,abcb4669888c9ee3,c1c1926e413fb73d9f54f5877ef1c268
,,3039,2025-12-01T13:17:45.976701674Z,2025-12-01T14:17:45.976701674Z,2025-12-01T13:53:43.56591492Z,"{""interval"":54129.99999999999}",attributes,spans,580706b33949,railway-simulation,abd6c94a39a9063c,e668b4481f4e94af6e4c580958464db9
,,3040,2025-12-01T13:17:45.976701674Z,2025-12-01T14:17:45.976701674Z,2025-12-01T13:58:18.911602628Z,"{""interval"":95215}",attributes,spans,580706b33949,railway-simulation,abe53b63914e7662,09e9fac9cd7a578bae8836a8c356a3f0
,,3041,2025-12-01T13:17:45.976701674Z,2025-12-01T14:17:45.976701674Z,2025-12-01T13:54:47.899304601Z,"{""interval"":64690}",attributes,spans,580706b33949,railway-simulation,abeff795316e7f1f,6ae415d2891a8c2e0af6c9e17b2c3120
,,3042,2025-12-01T13:17:45.976701674Z,2025-12-01T14:17:45.976701674Z,2025-12-01T13:51:03.399323712Z,"{""interval"":27730}",attributes,spans,580706b33949,railway-simulation,ac04e90b4d5760f6,2d18299473318ac7a0a717c85daea379
,,3043,2025-12-01T13:17:45.976701674Z,2025-12-01T14:17:45.976701674Z,2025-12-01T13:54:29.899308102Z,"{""interval"":61719.99999999999}",attributes,spans,580706b33949,railway-simulation,ac093dc0e3dad1b7,324cde450f6e95acf3b4ffd1a9e6318f
,,3044,2025-12-01T13:17:45.976701674Z,2025-12-01T14:17:45.976701674Z,2025-12-01T13:55:11.232577579Z,"{""interval"":68650}",attributes,spans,580706b33949,railway-simulation,ac1d6a66534018f6,303b4bc6c2f5dff316b4915fe1615205
,,3045,2025-12-01T13:17:45.976701674Z,2025-12-01T14:17:45.976701674Z,2025-12-01T13:53:21.566026299Z,"{""interval"":50500}",attributes,spans,580706b33949,railway-simulation,ac22b65a0b8db0dc,ba193ac383d4f8f9a072c3bb07ac2a48
,,3046,2025-12-01T13:17:45.976701674Z,2025-12-01T14:17:45.976701674Z,2025-12-01T13:58:12.658606414Z,"{""interval"":94555}",attributes,spans,580706b33949,railway-simulation,ac68089bb59700fc,d3e279c04b07dcd14fe58c6760b3f369
,,3047,2025-12-01T13:17:45.976701674Z,2025-12-01T14:17:45.976701674Z,2025-12-01T13:52:28.899226885Z,"{""interval"":41755}",attributes,spans,580706b33949,railway-simulation,acb2a9d53f3e1aa6,487b0b33840be3d2bbd20cf55d5a4476
,,3048,2025-12-01T13:17:45.976701674Z,2025-12-01T14:17:45.976701674Z,2025-12-01T13:51:31.232622731Z,"{""interval"":32350}",attributes,spans,580706b33949,railway-simulation,acb4167c53dfaefa,0b8ed3873abc8e8b6f2dfd677f0ddeaa
,,3049,2025-12-01T13:17:45.976701674Z,2025-12-01T14:17:45.976701674Z,2025-12-01T13:55:13.065973204Z,"{""interval"":68980}",attributes,spans,580706b33949,railway-simulation,acb72361027d7568,4cb641d2c92ae5908f68a480f4531b8f
,,3050,2025-12-01T13:17:45.976701674Z,2025-12-01T14:17:45.976701674Z,2025-12-01T13:49:20.065894086Z,"{""interval"":10735}",attributes,spans,580706b33949,railway-simulation,acc9a13efb9d63b4,8d66efaa41ec400d47f0ddddbe97a09d
,,3051,2025-12-01T13:17:45.976701674Z,2025-12-01T14:17:45.976701674Z,2025-12-01T13:58:24.631296169Z,"{""interval"":95875}",attributes,spans,580706b33949,railway-simulation,acd3757fba9ac5d2,f911d72cfd30d1f7bce03cd47fd9ad05
,,3052,2025-12-01T13:17:45.976701674Z,2025-12-01T14:17:45.976701674Z,2025-12-01T13:48:29.732315953Z,"{""interval"":2320}",attributes,spans,580706b33949,railway-simulation,acf43de5e179d881,f3f4dfca5891ad4d17cfee15b7dfea4f
,,3053,2025-12-01T13:17:45.976701674Z,2025-12-01T14:17:45.976701674Z,2025-12-01T13:52:10.065957078Z,"{""interval"":38785}",attributes,spans,580706b33949,railway-simulation,ad1410d1c7973fc4,6cf83359ae8a14267db9d4712bfcc569
,,3054,2025-12-01T13:17:45.976701674Z,2025-12-01T14:17:45.976701674Z,2025-12-01T13:52:28.232573661Z,"{""interval"":41755}",attributes,spans,580706b33949,railway-simulation,ad16ed404eeba54b,7590d2864f458ee8193659b8966f8e81
,,3055,2025-12-01T13:17:45.976701674Z,2025-12-01T14:17:45.976701674Z,2025-12-01T13:52:39.232555244Z,"{""interval"":43570}",attributes,spans,580706b33949,railway-simulation,ad2e59dde474953c,de4a2ae065640155c2be754bfc4dccc1
,,3056,2025-12-01T13:17:45.976701674Z,2025-12-01T14:17:45.976701674Z,2025-12-01T13:58:44.487685183Z,"{""interval"":99175}",attributes,spans,580706b33949,railway-simulation,ad2f1e08dd601d36,d0c4b210c62e391cc16c220959bf9744
,,3057,2025-12-01T13:17:45.976701674Z,2025-12-01T14:17:45.976701674Z,2025-12-01T13:53:37.39923825Z,"{""interval"":53139.99999999999}",attributes,spans,580706b33949,railway-simulation,ad3106f2c79eb022,f34a60477a4dcb5d4c1f3f7771fb1327
,,3058,2025-12-01T13:17:45.976701674Z,2025-12-01T14:17:45.976701674Z,2025-12-01T13:50:33.065935642Z,"{""interval"":22780}",attributes,spans,580706b33949,railway-simulation,ad319e1f5523738f,00c4062bd8b79c56ef11f184c8c82bef
,,3059,2025-12-01T13:17:45.976701674Z,2025-12-01T14:17:45.976701674Z,2025-12-01T13:53:33.065945007Z,"{""interval"":52480}",attributes,spans,580706b33949,railway-simulation,ad3f7f8f5898bda6,92c9a8ea61d926d81845cd60cfce5e97
,,3060,2025-12-01T13:17:45.976701674Z,2025-12-01T14:17:45.976701674Z,2025-12-01T13:56:04.566032853Z,"{""interval"":77395}",attributes,spans,580706b33949,railway-simulation,ad913f3ff29fd6ee,9db6dcc44f229900870ad1326ac5a1a6
,,3061,2025-12-01T13:17:45.976701674Z,2025-12-01T14:17:45.976701674Z,2025-12-01T13:51:14.232624333Z,"{""interval"":29545}",attributes,spans,580706b33949,railway-simulation,ad990e580a999c33,d1daa7d5bb922b68d8fc2ac08687854f
,,3062,2025-12-01T13:17:45.976701674Z,2025-12-01T14:17:45.976701674Z,2025-12-01T13:51:47.232591754Z,"{""interval"":34990}",attributes,spans,580706b33949,railway-simulation,ada039d4fc85f8c2,07a93449fa646c0af8858cb4471e3cf3
,,3063,2025-12-01T13:17:45.976701674Z,2025-12-01T14:17:45.976701674Z,2025-12-01T13:57:54.717790108Z,"{""interval"":92575}",attributes,spans,580706b33949,railway-simulation,adac21f2469561ca,4dbd2a767cd1b912dc137d5663304aff
,,3064,2025-12-01T13:17:45.976701674Z,2025-12-01T14:17:45.976701674Z,2025-12-01T13:48:23.732517659Z,"{""interval"":1330}",attributes,spans,580706b33949,railway-simulation,adcf487593b8231b,748931fcf3f548ea4e530d35c4f0add9
,,3065,2025-12-01T13:17:45.976701674Z,2025-12-01T14:17:45.976701674Z,2025-12-01T13:51:51.732618993Z,"{""interval"":35650}",attributes,spans,580706b33949,railway-simulation,addaf331952a0dd5,2d9fcc1e205be293235ef5177da3e491
,,3066,2025-12-01T13:17:45.976701674Z,2025-12-01T14:17:45.976701674Z,2025-12-01T13:52:02.565917452Z,"{""interval"":37465}",attributes,spans,580706b33949,railway-simulation,addea13eee8df7d8,baf0ff333d7c8c99f71724cd4119f865
,,3067,2025-12-01T13:17:45.976701674Z,2025-12-01T14:17:45.976701674Z,2025-12-01T13:49:54.232800505Z,"{""interval"":16345}",attributes,spans,580706b33949,railway-simulation,ade7fd5a5d670c1b,4747ffad9d4270f0db3da07e469a8847
,,3068,2025-12-01T13:17:45.976701674Z,2025-12-01T14:17:45.976701674Z,2025-12-01T13:56:27.066241866Z,"{""interval"":81190}",attributes,spans,580706b33949,railway-simulation,adf5180c5626fd43,1ae8bd1dc6e971f9fdd638f35c7790be
,,3069,2025-12-01T13:17:45.976701674Z,2025-12-01T14:17:45.976701674Z,2025-12-01T13:48:24.398993902Z,"{""interval"":1495}",attributes,spans,580706b33949,railway-simulation,adf6901410ea87d6,389edfcfe2b26fed96b9b39c23145067
,,3070,2025-12-01T13:17:45.976701674Z,2025-12-01T14:17:45.976701674Z,2025-12-01T13:50:09.733040121Z,"{""interval"":18820}",attributes,spans,580706b33949,railway-simulation,adff5f5c932d5ea3,fb2cf647468153d79dc7bd322927966a
,,3071,2025-12-01T13:17:45.976701674Z,2025-12-01T14:17:45.976701674Z,2025-12-01T13:51:18.065981058Z,"{""interval"":30205}",attributes,spans,580706b33949,railway-simulation,ae05df9bea70495c,dba7ea39d10c61040a7a9910812e3b5c
,,3072,2025-12-01T13:17:45.976701674Z,2025-12-01T14:17:45.976701674Z,2025-12-01T13:58:16.042869484Z,"{""interval"":94885}",attributes,spans,580706b33949,railway-simulation,ae1665a1bfa4179a,9501e3038b2988309b9cd7ceea8a5303
,,3073,2025-12-01T13:17:45.976701674Z,2025-12-01T14:17:45.976701674Z,2025-12-01T13:55:45.235981871Z,"{""interval"":74260}",attributes,spans,580706b33949,railway-simulation,ae29ff718d85f711,1d88e8e2ac54d3e4dc6259492d5f42c6
,,3074,2025-12-01T13:17:45.976701674Z,2025-12-01T14:17:45.976701674Z,2025-12-01T13:56:40.656870432Z,"{""interval"":83335}",attributes,spans,580706b33949,railway-simulation,ae42d07e4223b7a0,f6f5bb3074fae00783c8517b1a4a5784
,,3075,2025-12-01T13:17:45.976701674Z,2025-12-01T14:17:45.976701674Z,2025-12-01T13:49:47.567024642Z,"{""interval"":15190}",attributes,spans,580706b33949,railway-simulation,ae767b2ebb20c377,3adee3881424a12942a4794e24a62d28
,,3076,2025-12-01T13:17:45.976701674Z,2025-12-01T14:17:45.976701674Z,2025-12-01T13:54:13.232576355Z,"{""interval"":59080}",attributes,spans,580706b33949,railway-simulation,ae7cdcd67037bbc2,9b43dabaf646cc7df1960516a220fd81
,,3077,2025-12-01T13:17:45.976701674Z,2025-12-01T14:17:45.976701674Z,2025-12-01T13:55:24.899247734Z,"{""interval"":70795}",attributes,spans,580706b33949,railway-simulation,ae89f06311eb23e3,6d4d887edc799f060152f28c298d1eb5
,,3078,2025-12-01T13:17:45.976701674Z,2025-12-01T14:17:45.976701674Z,2025-12-01T13:51:39.066036836Z,"{""interval"":33670}",attributes,spans,580706b33949,railway-simulation,ae8cfcc7dcb8dea7,4a51c35bea1a8cc50f102f3da84b35db
,,3079,2025-12-01T13:17:45.976701674Z,2025-12-01T14:17:45.976701674Z,2025-12-01T13:55:27.899313021Z,"{""interval"":71290}",attributes,spans,580706b33949,railway-simulation,ae9adc2216a368cc,fa627f0a5f7530ffbb00cfebbca0b9e6
,,3080,2025-12-01T13:17:45.976701674Z,2025-12-01T14:17:45.976701674Z,2025-12-01T13:50:21.066748099Z,"{""interval"":20800}",attributes,spans,580706b33949,railway-simulation,aea4243457583796,d0a01cd4643ba4ff0fdb4c3e74e92cc9
,,3081,2025-12-01T13:17:45.976701674Z,2025-12-01T14:17:45.976701674Z,2025-12-01T13:54:42.065923247Z,"{""interval"":63865}",attributes,spans,580706b33949,railway-simulation,aed1c4ebc202efc6,c77cb4bf85842b657d377a8a0ecbbab2
,,3082,2025-12-01T13:17:45.976701674Z,2025-12-01T14:17:45.976701674Z,2025-12-01T13:53:25.232894368Z,"{""interval"":51160.00000000001}",attributes,spans,580706b33949,railway-simulation,aedaa542b917a3bc,91218da030be81e2d108f336d6b26d2e
,,3083,2025-12-01T13:17:45.976701674Z,2025-12-01T14:17:45.976701674Z,2025-12-01T13:49:17.232713259Z,"{""interval"":10240}",attributes,spans,580706b33949,railway-simulation,aeed27924becbf04,d452fac263eec31a480be7512dc13576
,,3084,2025-12-01T13:17:45.976701674Z,2025-12-01T14:17:45.976701674Z,2025-12-01T13:57:20.458954288Z,"{""interval"":88945}",attributes,spans,580706b33949,railway-simulation,aef494aa1ed2d31b,fcd92493a9316f33238bab2f423b89b6
,,3085,2025-12-01T13:17:45.976701674Z,2025-12-01T14:17:45.976701674Z,2025-12-01T13:51:09.732558256Z,"{""interval"":28720.000000000004}",attributes,spans,580706b33949,railway-simulation,aefd33226a460436,13857cf2a1c526276647df3d7fcf075c
,,3086,2025-12-01T13:17:45.976701674Z,2025-12-01T14:17:45.976701674Z,2025-12-01T13:57:07.119889326Z,"{""interval"":87625}",attributes,spans,580706b33949,railway-simulation,af10436f317e752c,83d25a182a4c40ae0f4a5c83bbf2be6d
,,3087,2025-12-01T13:17:45.976701674Z,2025-12-01T14:17:45.976701674Z,2025-12-01T13:56:12.066019377Z,"{""interval"":78715}",attributes,spans,580706b33949,railway-simulation,af30aee1dd1feca4,06cd319efe29484a19babf7a45f0e3dc
,,3088,2025-12-01T13:17:45.976701674Z,2025-12-01T14:17:45.976701674Z,2025-12-01T13:50:11.399288167Z,"{""interval"":19150}",attributes,spans,580706b33949,railway-simulation,af3dd2975df6263a,a72a5e51d7a0b07ed4a4a8e0cdba60b0
,,3089,2025-12-01T13:17:45.976701674Z,2025-12-01T14:17:45.976701674Z,2025-12-01T13:58:14.175117784Z,"{""interval"":94720}",attributes,spans,580706b33949,railway-simulation,af5424af6cd50230,bfd55fbb8754d2bf84f0617d44d779cc
,,3090,2025-12-01T13:17:45.976701674Z,2025-12-01T14:17:45.976701674Z,2025-12-01T13:55:56.732619895Z,"{""interval"":76075}",attributes,spans,580706b33949,railway-simulation,af6881591069e27a,d9f55e0a706a0b09cb04934e558c68fc
,,3091,2025-12-01T13:17:45.976701674Z,2025-12-01T14:17:45.976701674Z,2025-12-01T13:54:09.065947571Z,"{""interval"":58419.99999999999}",attributes,spans,580706b33949,railway-simulation,af6f54960f19efbf,3d7d8bdd3809e2f6853d7facf082bfc7
,,3092,2025-12-01T13:17:45.976701674Z,2025-12-01T14:17:45.976701674Z,2025-12-01T13:52:58.732606216Z,"{""interval"":46705}",attributes,spans,580706b33949,railway-simulation,af76d4a0c695379a,3e3b80236bf7c1189252c841a0eb087a
,,3093,2025-12-01T13:17:45.976701674Z,2025-12-01T14:17:45.976701674Z,2025-12-01T13:52:18.565888791Z,"{""interval"":40105}",attributes,spans,580706b33949,railway-simulation,af9bfc8b5339d712,06e4155ea16f13f089ec39e5c8188ccc
,,3094,2025-12-01T13:17:45.976701674Z,2025-12-01T14:17:45.976701674Z,2025-12-01T13:51:46.23256328Z,"{""interval"":34825}",attributes,spans,580706b33949,railway-simulation,af9cd4ea4472525f,da150f3f9ae4f3e9c74d063235e0c69d
,,3095,2025-12-01T13:17:45.976701674Z,2025-12-01T14:17:45.976701674Z,2025-12-01T13:58:19.341076792Z,"{""interval"":95380}",attributes,spans,580706b33949,railway-simulation,afa80690420c6cb1,4e01bb4216831326ab3566a393907b56
,,3096,2025-12-01T13:17:45.976701674Z,2025-12-01T14:17:45.976701674Z,2025-12-01T13:48:24.732103099Z,"{""interval"":1495}",attributes,spans,580706b33949,railway-simulation,afa93739e5abf099,7ddef7c5734af7c3e1de6d0db1c3d81a
,,3097,2025-12-01T13:17:45.976701674Z,2025-12-01T14:17:45.976701674Z,2025-12-01T13:56:37.382376387Z,"{""interval"":82840}",attributes,spans,580706b33949,railway-simulation,afb951eb6f24f0c1,0d9d8412027662b8207821b3e93ff869
,,3098,2025-12-01T13:17:45.976701674Z,2025-12-01T14:17:45.976701674Z,2025-12-01T13:49:53.732600776Z,"{""interval"":16179.999999999998}",attributes,spans,580706b33949,railway-simulation,afc885425a7d944a,771878ece6e2df607314ee264ce5c170
,,3099,2025-12-01T13:17:45.976701674Z,2025-12-01T14:17:45.976701674Z,2025-12-01T13:53:31.232557884Z,"{""interval"":52150.00000000001}",attributes,spans,580706b33949,railway-simulation,afe63790272127a8,3cbefc5d3d658decf913c49477bd8cfd
,,3100,2025-12-01T13:17:45.976701674Z,2025-12-01T14:17:45.976701674Z,2025-12-01T13:49:59.066208257Z,"{""interval"":17170}",attributes,spans,580706b33949,railway-simulation,aff14b6af5763dd8,2cfd50365639810e0e429513457c20f4
,,3101,2025-12-01T13:17:45.976701674Z,2025-12-01T14:17:45.976701674Z,2025-12-01T13:53:36.732606206Z,"{""interval"":52975}",attributes,spans,580706b33949,railway-simulation,aff576a3d456c32a,10f953df38d659bc0e433354b2e9e51c
,,3102,2025-12-01T13:17:45.976701674Z,2025-12-01T14:17:45.976701674Z,2025-12-01T13:50:36.732695254Z,"{""interval"":23275}",attributes,spans,580706b33949,railway-simulation,affa35c6f46513e6,c721ac34adc937b85938457984d8b98a
,,3103,2025-12-01T13:17:45.976701674Z,2025-12-01T14:17:45.976701674Z,2025-12-01T13:55:59.89939803Z,"{""interval"":76570}",attributes,spans,580706b33949,railway-simulation,b018e432ff4bba90,d86fceb25c51ec39e498f1795a8dbae0
,,3104,2025-12-01T13:17:45.976701674Z,2025-12-01T14:17:45.976701674Z,2025-12-01T13:52:40.232548949Z,"{""interval"":43735}",attributes,spans,580706b33949,railway-simulation,b0432d8c06454bf3,3079071702438a4e2d53caef190e51fb
,,3105,2025-12-01T13:17:45.976701674Z,2025-12-01T14:17:45.976701674Z,2025-12-01T13:54:51.232605851Z,"{""interval"":65350}",attributes,spans,580706b33949,railway-simulation,b0612f87f9075071,2fd489a53c82f8e168f88bfa0b40a933
,,3106,2025-12-01T13:17:45.976701674Z,2025-12-01T14:17:45.976701674Z,2025-12-01T13:55:06.399231853Z,"{""interval"":67825}",attributes,spans,580706b33949,railway-simulation,b08678f6e178bbf4,ab2d97efb869ad10f8f680f1f377f9d7
,,3107,2025-12-01T13:17:45.976701674Z,2025-12-01T14:17:45.976701674Z,2025-12-01T13:53:56.399253223Z,"{""interval"":56275}",attributes,spans,580706b33949,railway-simulation,b08b68b842c3e451,10671fcdcdffcd4e34546c139886ab59
,,3108,2025-12-01T13:17:45.976701674Z,2025-12-01T14:17:45.976701674Z,2025-12-01T13:56:49.426885734Z,"{""interval"":84655}",attributes,spans,580706b33949,railway-simulation,b098f40bc8455ab1,a5d3d648c06c760e79e7d119a751dbf9
,,3109,2025-12-01T13:17:45.976701674Z,2025-12-01T14:17:45.976701674Z,2025-12-01T13:56:56.566327327Z,"{""interval"":85975}",attributes,spans,580706b33949,railway-simulation,b09efa613f52b4ca,cf181ec842381a759e27d648811d48b9
,,3110,2025-12-01T13:17:45.976701674Z,2025-12-01T14:17:45.976701674Z,2025-12-01T13:54:01.899280135Z,"{""interval"":57100}",attributes,spans,580706b33949,railway-simulation,b0a0e484964d0b1c,59358c90a1545a4ffe3114e2624ca0ef
,,3111,2025-12-01T13:17:45.976701674Z,2025-12-01T14:17:45.976701674Z,2025-12-01T13:50:40.232609052Z,"{""interval"":23935}",attributes,spans,580706b33949,railway-simulation,b0cbd3cf3957052f,114c55bf2314b5b3a4c6ebc6d64bdf2f
,,3112,2025-12-01T13:17:45.976701674Z,2025-12-01T14:17:45.976701674Z,2025-12-01T13:54:43.232568578Z,"{""interval"":64030.00000000001}",attributes,spans,580706b33949,railway-simulation,b0d26726431fb3f2,a284b9b22dfef4f4293960d147e672b1
,,3113,2025-12-01T13:17:45.976701674Z,2025-12-01T14:17:45.976701674Z,2025-12-01T13:50:01.732915895Z,"{""interval"":17500}",attributes,spans,580706b33949,railway-simulation,b0e841902a7ad5c2,d249fc3226f4b0f491999af26d34dfe8
,,3114,2025-12-01T13:17:45.976701674Z,2025-12-01T14:17:45.976701674Z,2025-12-01T13:56:52.761976605Z,"{""interval"":85315}",attributes,spans,580706b33949,railway-simulation,b0f7f6955b443b6d,168f487eecf99d766c1e5f902f2b6a2a
,,3115,2025-12-01T13:17:45.976701674Z,2025-12-01T14:17:45.976701674Z,2025-12-01T13:53:23.399244851Z,"{""interval"":50830}",attributes,spans,580706b33949,railway-simulation,b10b56d6d681a936,789b3d3e029b2b9698c0bcdb3c02ea40
,,3116,2025-12-01T13:17:45.976701674Z,2025-12-01T14:17:45.976701674Z,2025-12-01T13:58:34.023899419Z,"{""interval"":97525}",attributes,spans,580706b33949,railway-simulation,b11182f946f1b657,20e87fb8cb5eb94a9d1c33ed85e95fd6
,,3117,2025-12-01T13:17:45.976701674Z,2025-12-01T14:17:45.976701674Z,2025-12-01T13:49:29.732680319Z,"{""interval"":12220}",attributes,spans,580706b33949,railway-simulation,b128fd8f31d05b49,c7c24902daa836bdcef83ba086987b8e
,,3118,2025-12-01T13:17:45.976701674Z,2025-12-01T14:17:45.976701674Z,2025-12-01T13:52:19.732607431Z,"{""interval"":40270}",attributes,spans,580706b33949,railway-simulation,b13ae23245facb32,8c24135911d7e7227f5f701b16887200
,,3119,2025-12-01T13:17:45.976701674Z,2025-12-01T14:17:45.976701674Z,2025-12-01T13:48:38.40097545Z,"{""interval"":3805}",attributes,spans,580706b33949,railway-simulation,b13c65bff95a6028,dd8f4e5283099b931e3086c3e270291c
,,3120,2025-12-01T13:17:45.976701674Z,2025-12-01T14:17:45.976701674Z,2025-12-01T13:50:13.399995031Z,"{""interval"":19480}",attributes,spans,580706b33949,railway-simulation,b15daf0dda6dc660,c9005afa542c8c497c5a4ac2837dad37
,,3121,2025-12-01T13:17:45.976701674Z,2025-12-01T14:17:45.976701674Z,2025-12-01T13:58:28.313070871Z,"{""interval"":96535}",attributes,spans,580706b33949,railway-simulation,b16ad4191a75e285,40d148b533d13e89e5bd9ace5904b2b0
,,3122,2025-12-01T13:17:45.976701674Z,2025-12-01T14:17:45.976701674Z,2025-12-01T13:58:26.45238624Z,"{""interval"":96205}",attributes,spans,580706b33949,railway-simulation,b186aaf7f98831de,2ae16282a192a0062c1f5b35aad44e9a
,,3123,2025-12-01T13:17:45.976701674Z,2025-12-01T14:17:45.976701674Z,2025-12-01T13:52:33.065929656Z,"{""interval"":42580}",attributes,spans,580706b33949,railway-simulation,b1d43ee1aabc77dd,e0337a4586bdc374e2ff0489f64383d1
,,3124,2025-12-01T13:17:45.976701674Z,2025-12-01T14:17:45.976701674Z,2025-12-01T13:53:04.899230542Z,"{""interval"":47695}",attributes,spans,580706b33949,railway-simulation,b2181c9909c22565,1cde8c51e79756524374a771a3fd119d
,,3125,2025-12-01T13:17:45.976701674Z,2025-12-01T14:17:45.976701674Z,2025-12-01T13:56:49.586547822Z,"{""interval"":84820}",attributes,spans,580706b33949,railway-simulation,b21fd229e3a08576,78440388195aad0d998654ddd12937db
,,3126,2025-12-01T13:17:45.976701674Z,2025-12-01T14:17:45.976701674Z,2025-12-01T13:49:42.399703096Z,"{""interval"":14365}",attributes,spans,580706b33949,railway-simulation,b23079ceb80fc538,f68d35103fe693b7b9a8bf481f7d59a1
,,3127,2025-12-01T13:17:45.976701674Z,2025-12-01T14:17:45.976701674Z,2025-12-01T13:51:47.732586137Z,"{""interval"":34990}",attributes,spans,580706b33949,railway-simulation,b23be87c9aa0facf,a6a5dccef1b374cdddfe6a5c1097892a
,,3128,2025-12-01T13:17:45.976701674Z,2025-12-01T14:17:45.976701674Z,2025-12-01T13:54:16.232573525Z,"{""interval"":59575}",attributes,spans,580706b33949,railway-simulation,b2568a6232b2519b,1dd1622094b9b911358468f9201ab8d0
,,3129,2025-12-01T13:17:45.976701674Z,2025-12-01T14:17:45.976701674Z,2025-12-01T13:54:54.899298288Z,"{""interval"":65845}",attributes,spans,580706b33949,railway-simulation,b25e776f724ed1cd,cc6105586fc9a2cf48227bc33530415e
,,3130,2025-12-01T13:17:45.976701674Z,2025-12-01T14:17:45.976701674Z,2025-12-01T13:49:35.733649954Z,"{""interval"":13210}",attributes,spans,580706b33949,railway-simulation,b267472365e14ccf,fbf588adfdfa3d7f317c0ced4f3da95f
,,3131,2025-12-01T13:17:45.976701674Z,2025-12-01T14:17:45.976701674Z,2025-12-01T13:57:46.466202673Z,"{""interval"":91585}",attributes,spans,580706b33949,railway-simulation,b267bd87900b8d10,034f76db8f6cdb861c0f1e1f184ff488
,,3132,2025-12-01T13:17:45.976701674Z,2025-12-01T14:17:45.976701674Z,2025-12-01T13:53:32.565918544Z,"{""interval"":52315}",attributes,spans,580706b33949,railway-simulation,b27fa0cb2ed25384,7c8e08155776457587b77089d104580c
,,3133,2025-12-01T13:17:45.976701674Z,2025-12-01T14:17:45.976701674Z,2025-12-01T13:56:26.065991609Z,"{""interval"":81025}",attributes,spans,580706b33949,railway-simulation,b28269981c883d5c,fc6dd9b911bdc4e471cfed3fb31297a9
,,3134,2025-12-01T13:17:45.976701674Z,2025-12-01T14:17:45.976701674Z,2025-12-01T13:58:27.122455022Z,"{""interval"":96370}",attributes,spans,580706b33949,railway-simulation,b29722d22ba561a6,f12cbcabb3959d354cf0398d5a08b7d5
,,3135,2025-12-01T13:17:45.976701674Z,2025-12-01T14:17:45.976701674Z,2025-12-01T13:55:05.565966891Z,"{""interval"":67660}",attributes,spans,580706b33949,railway-simulation,b2df799a8fac7817,ac2a523dbbdd03c7b5ed7ae7b5cc2066
,,3136,2025-12-01T13:17:45.976701674Z,2025-12-01T14:17:45.976701674Z,2025-12-01T13:50:14.732623006Z,"{""interval"":19645}",attributes,spans,580706b33949,railway-simulation,b30066b8d8f45e54,494908b5615b021fec6cf01f4b52be5a
,,3137,2025-12-01T13:17:45.976701674Z,2025-12-01T14:17:45.976701674Z,2025-12-01T13:49:20.399901065Z,"{""interval"":10735}",attributes,spans,580706b33949,railway-simulation,b30b3dc615707074,ff906f40faf42c03f0a44b992f4909a2
,,3138,2025-12-01T13:17:45.976701674Z,2025-12-01T14:17:45.976701674Z,2025-12-01T13:55:46.566061882Z,"{""interval"":74425}",attributes,spans,580706b33949,railway-simulation,b314141f2f9af6ec,5be633ef4a529d1b951652366fc12ea2
,,3139,2025-12-01T13:17:45.976701674Z,2025-12-01T14:17:45.976701674Z,2025-12-01T13:54:24.399970649Z,"{""interval"":60895}",attributes,spans,580706b33949,railway-simulation,b32fa9ef06477e11,c64d855881dddb3366d4260129ff393e
,,3140,2025-12-01T13:17:45.976701674Z,2025-12-01T14:17:45.976701674Z,2025-12-01T13:50:20.565940624Z,"{""interval"":20635}",attributes,spans,580706b33949,railway-simulation,b3312c3f5f3eb37c,3bd184bbd51a8fd770bd5a79f3403dd8
,,3141,2025-12-01T13:17:45.976701674Z,2025-12-01T14:17:45.976701674Z,2025-12-01T13:49:20.732694025Z,"{""interval"":10735}",attributes,spans,580706b33949,railway-simulation,b33c94d2681098a5,d029ded3d9b4ceb6448e17e48f83911c
,,3142,2025-12-01T13:17:45.976701674Z,2025-12-01T14:17:45.976701674Z,2025-12-01T13:53:48.39922762Z,"{""interval"":54955.00000000001}",attributes,spans,580706b33949,railway-simulation,b364c9436e99d3b6,a6339852058f93e65dd9d9776984c580
,,3143,2025-12-01T13:17:45.976701674Z,2025-12-01T14:17:45.976701674Z,2025-12-01T13:55:20.399252087Z,"{""interval"":70135}",attributes,spans,580706b33949,railway-simulation,b3726a490d12e803,04ff34fb22b01ea05a4117c4b188d8dc
,,3144,2025-12-01T13:17:45.976701674Z,2025-12-01T14:17:45.976701674Z,2025-12-01T13:52:01.065919851Z,"{""interval"":37300}",attributes,spans,580706b33949,railway-simulation,b37942c1fc8839bd,8eb6f4a774f75e0d058ca35871cd39c7
,,3145,2025-12-01T13:17:45.976701674Z,2025-12-01T14:17:45.976701674Z,2025-12-01T13:53:14.732673709Z,"{""interval"":49345}",attributes,spans,580706b33949,railway-simulation,b38797a13fb31a2e,3edb390060cf7dee1f3a7b3cc216374a
,,3146,2025-12-01T13:17:45.976701674Z,2025-12-01T14:17:45.976701674Z,2025-12-01T13:56:03.399521786Z,"{""interval"":77230}",attributes,spans,580706b33949,railway-simulation,b3a429b371954d83,4da41335aeeeac55e9c2ede017b5945f
,,3147,2025-12-01T13:17:45.976701674Z,2025-12-01T14:17:45.976701674Z,2025-12-01T13:50:07.399748977Z,"{""interval"":18490}",attributes,spans,580706b33949,railway-simulation,b3c51067acdfa4b3,d36f0801781b61901cb52715d8f20df1
,,3148,2025-12-01T13:17:45.976701674Z,2025-12-01T14:17:45.976701674Z,2025-12-01T13:49:19.56686906Z,"{""interval"":10570}",attributes,spans,580706b33949,railway-simulation,b3cdcd3298daa05a,092dac15874f5bf61124ad9003042ab8
,,3149,2025-12-01T13:17:45.976701674Z,2025-12-01T14:17:45.976701674Z,2025-12-01T13:50:05.732612509Z,"{""interval"":18160}",attributes,spans,580706b33949,railway-simulation,b3d13b41252c30b0,708d024f70c7d752d232276c39b9d03a
,,3150,2025-12-01T13:17:45.976701674Z,2025-12-01T14:17:45.976701674Z,2025-12-01T13:52:38.065930287Z,"{""interval"":43405}",attributes,spans,580706b33949,railway-simulation,b3f0fa1a409c8db3,ec1a41f834f043c86f4dd97bba0fa41f
,,3151,2025-12-01T13:17:45.976701674Z,2025-12-01T14:17:45.976701674Z,2025-12-01T13:49:44.565979077Z,"{""interval"":14695}",attributes,spans,580706b33949,railway-simulation,b3f267a37fd92c46,91bbfb961308ee8c5215c914fe0415c0
,,3152,2025-12-01T13:17:45.976701674Z,2025-12-01T14:17:45.976701674Z,2025-12-01T13:52:50.399244153Z,"{""interval"":45385}",attributes,spans,580706b33949,railway-simulation,b4023209a30f5ef3,4360c09652c7388ea6450160d68e2caf
,,3153,2025-12-01T13:17:45.976701674Z,2025-12-01T14:17:45.976701674Z,2025-12-01T13:58:37.302635005Z,"{""interval"":98020}",attributes,spans,580706b33949,railway-simulation,b408c98b329d09c0,fdbb1fe441d51ef7873d6fb2b0b1e1e8
,,3154,2025-12-01T13:17:45.976701674Z,2025-12-01T14:17:45.976701674Z,2025-12-01T13:48:30.400063706Z,"{""interval"":2485}",attributes,spans,580706b33949,railway-simulation,b42f7c3c7262557b,b3797d63813cc5817611abd872cc1e90
,,3155,2025-12-01T13:17:45.976701674Z,2025-12-01T14:17:45.976701674Z,2025-12-01T13:58:16.803903727Z,"{""interval"":95050}",attributes,spans,580706b33949,railway-simulation,b455ef1b6a0b6a5b,aa7ca25dc895fe14666f94931d1ad4ff
,,3156,2025-12-01T13:17:45.976701674Z,2025-12-01T14:17:45.976701674Z,2025-12-01T13:52:26.065939437Z,"{""interval"":41425}",attributes,spans,580706b33949,railway-simulation,b471d25030a7399d,477ab8f7aee90d3a3eb8efb59da2cf4d
,,3157,2025-12-01T13:17:45.976701674Z,2025-12-01T14:17:45.976701674Z,2025-12-01T13:56:46.552682926Z,"{""interval"":84325}",attributes,spans,580706b33949,railway-simulation,b477e9432015f0d3,060d98290395466ac787697ed57676bd
,,3158,2025-12-01T13:17:45.976701674Z,2025-12-01T14:17:45.976701674Z,2025-12-01T13:58:11.139788157Z,"{""interval"":94390}",attributes,spans,580706b33949,railway-simulation,b491c27ff94e97ab,96237dfef692a70327db430420edc0af
,,3159,2025-12-01T13:17:45.976701674Z,2025-12-01T14:17:45.976701674Z,2025-12-01T13:58:00.044737257Z,"{""interval"":93070}",attributes,spans,580706b33949,railway-simulation,b49dcd8d67af58f4,835dc6361e62c339501420231571ff8a
,,3160,2025-12-01T13:17:45.976701674Z,2025-12-01T14:17:45.976701674Z,2025-12-01T13:50:25.400060699Z,"{""interval"":21460}",attributes,spans,580706b33949,railway-simulation,b4a8ced9104c3adf,18b58a374b9c45f69ebc0b45a71e425d
,,3161,2025-12-01T13:17:45.976701674Z,2025-12-01T14:17:45.976701674Z,2025-12-01T13:58:16.31069032Z,"{""interval"":95050}",attributes,spans,580706b33949,railway-simulation,b4b32908bb4bdb16,7ce3f559700a4d47723bd5d256bcb8c7
,,3162,2025-12-01T13:17:45.976701674Z,2025-12-01T14:17:45.976701674Z,2025-12-01T13:48:25.065664588Z,"{""interval"":1660}",attributes,spans,580706b33949,railway-simulation,b4bc5b3ddd825aa3,cc733271e6d0df6385582b9d021c787e
,,3163,2025-12-01T13:17:45.976701674Z,2025-12-01T14:17:45.976701674Z,2025-12-01T13:49:47.732770487Z,"{""interval"":15190}",attributes,spans,580706b33949,railway-simulation,b4c01275d9342449,319400d5103f645a058c4056ca79fb06
,,3164,2025-12-01T13:17:45.976701674Z,2025-12-01T14:17:45.976701674Z,2025-12-01T13:58:45.631899626Z,"{""interval"":99340}",attributes,spans,580706b33949,railway-simulation,b4c8062635dde05a,e603b911cf5a75d018fa901712fba80b
,,3165,2025-12-01T13:17:45.976701674Z,2025-12-01T14:17:45.976701674Z,2025-12-01T13:56:13.565941887Z,"{""interval"":78880}",attributes,spans,580706b33949,railway-simulation,b4cf378d71a59848,40c6b29f6d09fe0f9c8f16a2bb2b1467
,,3166,2025-12-01T13:17:45.976701674Z,2025-12-01T14:17:45.976701674Z,2025-12-01T13:49:32.233052607Z,"{""interval"":12715}",attributes,spans,580706b33949,railway-simulation,b4f64a00b515eeb7,e825bafda435669be0100feaa3ba2443
,,3167,2025-12-01T13:17:45.976701674Z,2025-12-01T14:17:45.976701674Z,2025-12-01T13:57:36.563526646Z,"{""interval"":90595}",attributes,spans,580706b33949,railway-simulation,b4fcf34554bea251,c8b85f3f2c47ace95848133cca55932f
,,3168,2025-12-01T13:17:45.976701674Z,2025-12-01T14:17:45.976701674Z,2025-12-01T13:49:49.066995599Z,"{""interval"":15520}",attributes,spans,580706b33949,railway-simulation,b509c68806ee12fa,297a60fb5c2f64c5ca695defb1309629
,,3169,2025-12-01T13:17:45.976701674Z,2025-12-01T14:17:45.976701674Z,2025-12-01T13:51:44.232580501Z,"{""interval"":34495}",attributes,spans,580706b33949,railway-simulation,b511c523b41775a6,eff259002ed4bbdc092061f740def0ad
,,3170,2025-12-01T13:17:45.976701674Z,2025-12-01T14:17:45.976701674Z,2025-12-01T13:55:09.065956355Z,"{""interval"":68320}",attributes,spans,580706b33949,railway-simulation,b521a47d4651093f,112eb6c60285924424a2c29aa8158c40
,,3171,2025-12-01T13:17:45.976701674Z,2025-12-01T14:17:45.976701674Z,2025-12-01T13:57:04.731656029Z,"{""interval"":87295}",attributes,spans,580706b33949,railway-simulation,b52593d947cdf95f,794280f689e208696535703005297b5d
,,3172,2025-12-01T13:17:45.976701674Z,2025-12-01T14:17:45.976701674Z,2025-12-01T13:51:15.399260731Z,"{""interval"":29709.999999999996}",attributes,spans,580706b33949,railway-simulation,b56156ad255d5ba2,4cd821d7d4d8840f3663bbb22c5948d4
,,3173,2025-12-01T13:17:45.976701674Z,2025-12-01T14:17:45.976701674Z,2025-12-01T13:56:00.232832036Z,"{""interval"":76735}",attributes,spans,580706b33949,railway-simulation,b5676acd05d30cfa,27094fceeaf22d7bcf0a31614148da01
,,3174,2025-12-01T13:17:45.976701674Z,2025-12-01T14:17:45.976701674Z,2025-12-01T13:48:56.233000442Z,"{""interval"":6775}",attributes,spans,580706b33949,railway-simulation,b5714f5481e9aa8e,a91c526ac8d10bff3369b1dacab7d769
,,3175,2025-12-01T13:17:45.976701674Z,2025-12-01T14:17:45.976701674Z,2025-12-01T13:57:31.788929622Z,"{""interval"":90100}",attributes,spans,580706b33949,railway-simulation,b577efef863f6a1d,12430dd2653ec00323813a8eccb1b8a1
,,3176,2025-12-01T13:17:45.976701674Z,2025-12-01T14:17:45.976701674Z,2025-12-01T13:55:17.232590668Z,"{""interval"":69640}",attributes,spans,580706b33949,railway-simulation,b57f8d19ef1fbdeb,b554d5b88f713e56a382c7d371dc0c9c
,,3177,2025-12-01T13:17:45.976701674Z,2025-12-01T14:17:45.976701674Z,2025-12-01T13:50:03.232553462Z,"{""interval"":17830}",attributes,spans,580706b33949,railway-simulation,b591c04be5dc659e,f77dc27a54b5fb66c69421344ce044db
,,3178,2025-12-01T13:17:45.976701674Z,2025-12-01T14:17:45.976701674Z,2025-12-01T13:51:52.065930755Z,"{""interval"":35815}",attributes,spans,580706b33949,railway-simulation,b5a8c1265183db33,7816562ca38678da2438e0c85bedfe7e
,,3179,2025-12-01T13:17:45.976701674Z,2025-12-01T14:17:45.976701674Z,2025-12-01T13:49:10.56599016Z,"{""interval"":9085}",attributes,spans,580706b33949,railway-simulation,b5ae63b8e8b3cc1f,81af05a492a8d661218b28c73a9bc0fe
,,3180,2025-12-01T13:17:45.976701674Z,2025-12-01T14:17:45.976701674Z,2025-12-01T13:54:30.732595121Z,"{""interval"":61885}",attributes,spans,580706b33949,railway-simulation,b5ce3971544a311b,36c0d90348e78850fcb196526a3cdca0
,,3181,2025-12-01T13:17:45.976701674Z,2025-12-01T14:17:45.976701674Z,2025-12-01T13:51:19.232609111Z,"{""interval"":30370.000000000004}",attributes,spans,580706b33949,railway-simulation,b5f4caa8fe9da207,338be561ae6ac1d3cd2397d3c4c6736b
,,3182,2025-12-01T13:17:45.976701674Z,2025-12-01T14:17:45.976701674Z,2025-12-01T13:56:34.399282688Z,"{""interval"":82345}",attributes,spans,580706b33949,railway-simulation,b6531ef4e3aeb6a4,030a291ac0d111b58f29fa2409ebc08d
,,3183,2025-12-01T13:17:45.976701674Z,2025-12-01T14:17:45.976701674Z,2025-12-01T13:54:40.399238782Z,"{""interval"":63535.00000000001}",attributes,spans,580706b33949,railway-simulation,b65854b2638325f3,287acbac846cbd98071a06ee61182d91
,,3184,2025-12-01T13:17:45.976701674Z,2025-12-01T14:17:45.976701674Z,2025-12-01T13:49:42.733448961Z,"{""interval"":14365}",attributes,spans,580706b33949,railway-simulation,b66905b744beadba,187994133d0fc02a5d23ee4bc7662bdf
,,3185,2025-12-01T13:17:45.976701674Z,2025-12-01T14:17:45.976701674Z,2025-12-01T13:53:35.065909112Z,"{""interval"":52810}",attributes,spans,580706b33949,railway-simulation,b66bfa53a1200fa2,d2a83d01da11b5a982bc24b9afe397d6
,,3186,2025-12-01T13:17:45.976701674Z,2025-12-01T14:17:45.976701674Z,2025-12-01T13:52:17.565889133Z,"{""interval"":39940}",attributes,spans,580706b33949,railway-simulation,b67b200eaffe6579,0fb059f55a50458b41f460198a6282e8
,,3187,2025-12-01T13:17:45.976701674Z,2025-12-01T14:17:45.976701674Z,2025-12-01T13:48:25.899714168Z,"{""interval"":1660}",attributes,spans,580706b33949,railway-simulation,b6ea1328ca049474,296e378ecdc37b123c10d4d272c25502
,,3188,2025-12-01T13:17:45.976701674Z,2025-12-01T14:17:45.976701674Z,2025-12-01T13:52:44.565904721Z,"{""interval"":44395}",attributes,spans,580706b33949,railway-simulation,b714ea52e6bca668,73ae42c2f31f4d964a325b9d66c61889
,,3189,2025-12-01T13:17:45.976701674Z,2025-12-01T14:17:45.976701674Z,2025-12-01T13:54:05.232611019Z,"{""interval"":57760}",attributes,spans,580706b33949,railway-simulation,b7157ce7ed722c04,3560569d56a5d3cf3f1babe55f41475c
,,3190,2025-12-01T13:17:45.976701674Z,2025-12-01T14:17:45.976701674Z,2025-12-01T13:55:26.73255967Z,"{""interval"":71125}",attributes,spans,580706b33949,railway-simulation,b727974e6771d5ac,55d7c973026ce86d28fda5c48a020615
,,3191,2025-12-01T13:17:45.976701674Z,2025-12-01T14:17:45.976701674Z,2025-12-01T13:48:46.233363521Z,"{""interval"":5125}",attributes,spans,580706b33949,railway-simulation,b75218df449a1220,a00889ebb7786921486cc90ccd12894c
,,3192,2025-12-01T13:17:45.976701674Z,2025-12-01T14:17:45.976701674Z,2025-12-01T13:49:32.066214426Z,"{""interval"":12715}",attributes,spans,580706b33949,railway-simulation,b78894341225bee4,9aa276424810b160498d72dcee3ed998
,,3193,2025-12-01T13:17:45.976701674Z,2025-12-01T14:17:45.976701674Z,2025-12-01T13:50:16.399885775Z,"{""interval"":19975}",attributes,spans,580706b33949,railway-simulation,b7c68f4ad8513e28,ffbf3f653309a3926fc9adb582ce2427
,,3194,2025-12-01T13:17:45.976701674Z,2025-12-01T14:17:45.976701674Z,2025-12-01T13:55:13.232577373Z,"{""interval"":68980}",attributes,spans,580706b33949,railway-simulation,b7d0936c3d1cabd2,abac4c3e9c7cdea10ac3c436f5d47645
,,3195,2025-12-01T13:17:45.976701674Z,2025-12-01T14:17:45.976701674Z,2025-12-01T13:56:28.899317762Z,"{""interval"":81355}",attributes,spans,580706b33949,railway-simulation,b7f0c1e87c90c0fa,0787a175cba747438b850e4477b0f193
,,3196,2025-12-01T13:17:45.976701674Z,2025-12-01T14:17:45.976701674Z,2025-12-01T13:53:39.399246995Z,"{""interval"":53470}",attributes,spans,580706b33949,railway-simulation,b8006d29c04a8e33,72c0861817825b084e3b69b2a03043bc
,,3197,2025-12-01T13:17:45.976701674Z,2025-12-01T14:17:45.976701674Z,2025-12-01T13:52:34.232574336Z,"{""interval"":42745}",attributes,spans,580706b33949,railway-simulation,b824365c732ac654,560b110aaf00ffbe548e873f45c3765b
,,3198,2025-12-01T13:17:45.976701674Z,2025-12-01T14:17:45.976701674Z,2025-12-01T13:51:18.232611326Z,"{""interval"":30205}",attributes,spans,580706b33949,railway-simulation,b8326ccc8034e7ff,120dbd1f1071c2a871e32a7f2fc6acd6
,,3199,2025-12-01T13:17:45.976701674Z,2025-12-01T14:17:45.976701674Z,2025-12-01T13:53:49.232598743Z,"{""interval"":55120}",attributes,spans,580706b33949,railway-simulation,b84956a398d9ef43,f29bdec7acc2e4309425810207d99e92
,,3200,2025-12-01T13:17:45.976701674Z,2025-12-01T14:17:45.976701674Z,2025-12-01T13:50:32.565982657Z,"{""interval"":22615}",attributes,spans,580706b33949,railway-simulation,b859394ca1159cab,13ebb6834637cd57ea09842bbe6de654
,,3201,2025-12-01T13:17:45.976701674Z,2025-12-01T14:17:45.976701674Z,2025-12-01T13:54:34.39925036Z,"{""interval"":62545}",attributes,spans,580706b33949,railway-simulation,b85c63e0205d10aa,ffb80f4696569b96ecf2d4fa7816d2f9
,,3202,2025-12-01T13:17:45.976701674Z,2025-12-01T14:17:45.976701674Z,2025-12-01T13:49:07.06663423Z,"{""interval"":8590}",attributes,spans,580706b33949,railway-simulation,b8672bcfda156fee,60bc4bf20cd42767d9800306f1acbf4f
,,3203,2025-12-01T13:17:45.976701674Z,2025-12-01T14:17:45.976701674Z,2025-12-01T13:53:53.899435728Z,"{""interval"":55780}",attributes,spans,580706b33949,railway-simulation,b87b04921cf29f7b,fa3b73c921ffbc00d56a0d205def2c37
,,3204,2025-12-01T13:17:45.976701674Z,2025-12-01T14:17:45.976701674Z,2025-12-01T13:55:42.565937273Z,"{""interval"":73765}",attributes,spans,580706b33949,railway-simulation,b87b68c9abcaf045,1bcaa95245f6365d47462f120c1e773b
,,3205,2025-12-01T13:17:45.976701674Z,2025-12-01T14:17:45.976701674Z,2025-12-01T13:52:02.399226427Z,"{""interval"":37465}",attributes,spans,580706b33949,railway-simulation,b88d05fc207b2695,8529d4d343695763c01ac307171d9dad
,,3206,2025-12-01T13:17:45.976701674Z,2025-12-01T14:17:45.976701674Z,2025-12-01T13:56:01.066151136Z,"{""interval"":76900}",attributes,spans,580706b33949,railway-simulation,b896ca35a77094f4,8db492e05a0701aedda336da4c96fcdf
,,3207,2025-12-01T13:17:45.976701674Z,2025-12-01T14:17:45.976701674Z,2025-12-01T13:51:15.899229726Z,"{""interval"":29709.999999999996}",attributes,spans,580706b33949,railway-simulation,b8d8d18a95b09b07,6666c76a7f61869e9d439f52836c3475
,,3208,2025-12-01T13:17:45.976701674Z,2025-12-01T14:17:45.976701674Z,2025-12-01T13:51:23.399271166Z,"{""interval"":31030}",attributes,spans,580706b33949,railway-simulation,b8de7c8637a2e528,81baeb694f920cf304c726950959c62b
,,3209,2025-12-01T13:17:45.976701674Z,2025-12-01T14:17:45.976701674Z,2025-12-01T13:50:34.899237935Z,"{""interval"":22945}",attributes,spans,580706b33949,railway-simulation,b9092ed09e36768d,faaa2771ea411c03485ac2de754a69d2
,,3210,2025-12-01T13:17:45.976701674Z,2025-12-01T14:17:45.976701674Z,2025-12-01T13:50:10.399294993Z,"{""interval"":18985}",attributes,spans,580706b33949,railway-simulation,b91f99348d61b570,6b95c2eae515b79c32e12dc84a6c687b
,,3211,2025-12-01T13:17:45.976701674Z,2025-12-01T14:17:45.976701674Z,2025-12-01T13:58:47.511364193Z,"{""interval"":99670}",attributes,spans,580706b33949,railway-simulation,b921fbae97ac010f,137e7ce4306b3eb7b850cbb109107285
,,3212,2025-12-01T13:17:45.976701674Z,2025-12-01T14:17:45.976701674Z,2025-12-01T13:51:37.565932919Z,"{""interval"":33340}",attributes,spans,580706b33949,railway-simulation,b9260bea797a7176,2ba37eedfe79e4040ada336b349787e2
,,3213,2025-12-01T13:17:45.976701674Z,2025-12-01T14:17:45.976701674Z,2025-12-01T13:52:15.232931306Z,"{""interval"":39610}",attributes,spans,580706b33949,railway-simulation,b92e11d9b05ed0c0,ec78f500ead5ab41ec615874efa16116
,,3214,2025-12-01T13:17:45.976701674Z,2025-12-01T14:17:45.976701674Z,2025-12-01T13:54:03.899252649Z,"{""interval"":57429.99999999999}",attributes,spans,580706b33949,railway-simulation,b9687233ea2ef56a,9396be4366af141dbec27069385e8584
,,3215,2025-12-01T13:17:45.976701674Z,2025-12-01T14:17:45.976701674Z,2025-12-01T13:56:19.566738548Z,"{""interval"":79870}",attributes,spans,580706b33949,railway-simulation,b9689618b3f98106,006c5cb73dad45b3d1b56903ce959ce9
,,3216,2025-12-01T13:17:45.976701674Z,2025-12-01T14:17:45.976701674Z,2025-12-01T13:57:07.69216609Z,"{""interval"":87625}",attributes,spans,580706b33949,railway-simulation,b969af646cc3f564,ace13df2884efb19a4e739fcad645119
,,3217,2025-12-01T13:17:45.976701674Z,2025-12-01T14:17:45.976701674Z,2025-12-01T13:50:14.56594133Z,"{""interval"":19645}",attributes,spans,580706b33949,railway-simulation,b9a9280a2c70e31f,d80aa8dcb8b846441b645f6b4357ca2f
,,3218,2025-12-01T13:17:45.976701674Z,2025-12-01T14:17:45.976701674Z,2025-12-01T13:50:48.23269792Z,"{""interval"":25255}",attributes,spans,580706b33949,railway-simulation,b9c694d981ed061a,892f0edb358e56f7e5dff75e7c859335
,,3219,2025-12-01T13:17:45.976701674Z,2025-12-01T14:17:45.976701674Z,2025-12-01T13:51:20.065965398Z,"{""interval"":30535}",attributes,spans,580706b33949,railway-simulation,b9d91c5aee5e47ee,692b4880d98bce9f8c95f72bebfb931d
,,3220,2025-12-01T13:17:45.976701674Z,2025-12-01T14:17:45.976701674Z,2025-12-01T13:55:38.732715527Z,"{""interval"":73105}",attributes,spans,580706b33949,railway-simulation,b9dcfee3f9225ec2,ae26d775ec4b62495fdb450cd295b39f
,,3221,2025-12-01T13:17:45.976701674Z,2025-12-01T14:17:45.976701674Z,2025-12-01T13:50:30.565903128Z,"{""interval"":22285}",attributes,spans,580706b33949,railway-simulation,b9e6274140a8f0c5,0ebf119f4c47dc9ed4b7ad27cfbfa2e5
,,3222,2025-12-01T13:17:45.976701674Z,2025-12-01T14:17:45.976701674Z,2025-12-01T13:57:22.139337456Z,"{""interval"":89110}",attributes,spans,580706b33949,railway-simulation,ba87d8d32665c499,e57562bcd01d4025a9f2db03f8398204
,,3223,2025-12-01T13:17:45.976701674Z,2025-12-01T14:17:45.976701674Z,2025-12-01T13:50:52.399255333Z,"{""interval"":25915}",attributes,spans,580706b33949,railway-simulation,baaadd625ba4b108,d8798c05b599cc3b95ea216776678144
,,3224,2025-12-01T13:17:45.976701674Z,2025-12-01T14:17:45.976701674Z,2025-12-01T13:49:21.233517621Z,"{""interval"":10900}",attributes,spans,580706b33949,railway-simulation,bab57788a8fe08c6,ce2b889f73f78f68959d2d2357c904b6
,,3225,2025-12-01T13:17:45.976701674Z,2025-12-01T14:17:45.976701674Z,2025-12-01T13:56:41.577472285Z,"{""interval"":83500}",attributes,spans,580706b33949,railway-simulation,bacabb33f9f65d14,df135213fdba7020f12e4b742f273394
,,3226,2025-12-01T13:17:45.976701674Z,2025-12-01T14:17:45.976701674Z,2025-12-01T13:51:04.899306028Z,"{""interval"":27895}",attributes,spans,580706b33949,railway-simulation,bace22fb1f23e48c,c24357cd0adb754677e5af39be798d6e
,,3227,2025-12-01T13:17:45.976701674Z,2025-12-01T14:17:45.976701674Z,2025-12-01T13:51:16.732607376Z,"{""interval"":29875.000000000004}",attributes,spans,580706b33949,railway-simulation,bada297a58c87d4f,28a790d66d813eaa327353e5e8e69084
,,3228,2025-12-01T13:17:45.976701674Z,2025-12-01T14:17:45.976701674Z,2025-12-01T13:58:08.698222741Z,"{""interval"":94060}",attributes,spans,580706b33949,railway-simulation,baed8d99ceca5eec,5b0a57fb5c70b1ead9753b85d8fbb0fd
,,3229,2025-12-01T13:17:45.976701674Z,2025-12-01T14:17:45.976701674Z,2025-12-01T13:51:10.232781204Z,"{""interval"":28885}",attributes,spans,580706b33949,railway-simulation,bb081348650c1743,d6c2d20212113deb47d2079675ea1f73
,,3230,2025-12-01T13:17:45.976701674Z,2025-12-01T14:17:45.976701674Z,2025-12-01T13:52:06.399320698Z,"{""interval"":38125}",attributes,spans,580706b33949,railway-simulation,bb1854dac79b0c88,6619841a001d06453c392e349126f713
,,3231,2025-12-01T13:17:45.976701674Z,2025-12-01T14:17:45.976701674Z,2025-12-01T13:56:53.816688827Z,"{""interval"":85480}",attributes,spans,580706b33949,railway-simulation,bb22f608519dc6a7,26ab7e63dcc9210251bd072c4fa49f42
,,3232,2025-12-01T13:17:45.976701674Z,2025-12-01T14:17:45.976701674Z,2025-12-01T13:51:13.899408733Z,"{""interval"":29380}",attributes,spans,580706b33949,railway-simulation,bb43871843609c13,f5d47f7e4d409c1c92d98002671284ed
,,3233,2025-12-01T13:17:45.976701674Z,2025-12-01T14:17:45.976701674Z,2025-12-01T13:48:35.232882104Z,"{""interval"":3310}",attributes,spans,580706b33949,railway-simulation,bb52b27eddcd762b,17b791c0f5b74d922d832f3d1914cab8
,,3234,2025-12-01T13:17:45.976701674Z,2025-12-01T14:17:45.976701674Z,2025-12-01T13:51:17.065936105Z,"{""interval"":30040}",attributes,spans,580706b33949,railway-simulation,bb573306fc206e9f,b040f3bcedfb3fa1351093da29debef1
,,3235,2025-12-01T13:17:45.976701674Z,2025-12-01T14:17:45.976701674Z,2025-12-01T13:56:00.066534907Z,"{""interval"":76735}",attributes,spans,580706b33949,railway-simulation,bb5a02e55a86f3c1,91cd591ae83019784e857066922faa2e
,,3236,2025-12-01T13:17:45.976701674Z,2025-12-01T14:17:45.976701674Z,2025-12-01T13:56:19.066128268Z,"{""interval"":79870}",attributes,spans,580706b33949,railway-simulation,bb6aee453f081ce6,21ddc8a0c3111f337fecac0754a5e279
,,3237,2025-12-01T13:17:45.976701674Z,2025-12-01T14:17:45.976701674Z,2025-12-01T13:52:32.732549757Z,"{""interval"":42415}",attributes,spans,580706b33949,railway-simulation,bb6d618f184fa8b2,0cbbf5a80e178b84d442427697492307
,,3238,2025-12-01T13:17:45.976701674Z,2025-12-01T14:17:45.976701674Z,2025-12-01T13:50:34.73263787Z,"{""interval"":22945}",attributes,spans,580706b33949,railway-simulation,bb7b602318a93ed6,bc62337414b35df83e2bc5a09437da78
,,3239,2025-12-01T13:17:45.976701674Z,2025-12-01T14:17:45.976701674Z,2025-12-01T13:49:04.065927132Z,"{""interval"":8095}",attributes,spans,580706b33949,railway-simulation,bb93d7eff96b0f2c,25d43007d7142580eac3e846259fc7a9
,,3240,2025-12-01T13:17:45.976701674Z,2025-12-01T14:17:45.976701674Z,2025-12-01T13:53:02.732602644Z,"{""interval"":47365}",attributes,spans,580706b33949,railway-simulation,bb9e95edb463911d,c57d7b0fe847cc52d4264f260195e23b
,,3241,2025-12-01T13:17:45.976701674Z,2025-12-01T14:17:45.976701674Z,2025-12-01T13:57:36.282679117Z,"{""interval"":90595}",attributes,spans,580706b33949,railway-simulation,bba0c9adda7774b9,4b2a31fb6ec59ab70be2124bdbed4d11
,,3242,2025-12-01T13:17:45.976701674Z,2025-12-01T14:17:45.976701674Z,2025-12-01T13:58:00.835755661Z,"{""interval"":93235}",attributes,spans,580706b33949,railway-simulation,bbb383ecd42d0382,9c1c39b2a7556a39685b6a8bc453fc5a
,,3243,2025-12-01T13:17:45.976701674Z,2025-12-01T14:17:45.976701674Z,2025-12-01T13:52:38.56590971Z,"{""interval"":43405}",attributes,spans,580706b33949,railway-simulation,bbd161c1bd3d237e,c99d032cec3891917cecc850ac3935ad
,,3244,2025-12-01T13:17:45.976701674Z,2025-12-01T14:17:45.976701674Z,2025-12-01T13:50:31.89926283Z,"{""interval"":22450}",attributes,spans,580706b33949,railway-simulation,bbd48367967d3e3c,ecc661a8677de36ca241382b780db1b0
,,3245,2025-12-01T13:17:45.976701674Z,2025-12-01T14:17:45.976701674Z,2025-12-01T13:54:57.399275496Z,"{""interval"":66340}",attributes,spans,580706b33949,railway-simulation,bbe13535435a52e2,e7dc9fd29322825fc6a5613c82da842b
,,3246,2025-12-01T13:17:45.976701674Z,2025-12-01T14:17:45.976701674Z,2025-12-01T13:53:10.899378154Z,"{""interval"":48685}",attributes,spans,580706b33949,railway-simulation,bc0ed241c74caa13,05ea6ac21565cfeb8d7dcb7c536d4dbe
,,3247,2025-12-01T13:17:45.976701674Z,2025-12-01T14:17:45.976701674Z,2025-12-01T13:48:51.899971286Z,"{""interval"":5950}",attributes,spans,580706b33949,railway-simulation,bc0f258e5bee917d,ae7f8fc0fc331bc25e79a0fa052181c9
,,3248,2025-12-01T13:17:45.976701674Z,2025-12-01T14:17:45.976701674Z,2025-12-01T13:56:45.606041504Z,"{""interval"":84160}",attributes,spans,580706b33949,railway-simulation,bc1c3fe92ab590c2,5e013755f9b9674dc7626a5e78cee94b
,,3249,2025-12-01T13:17:45.976701674Z,2025-12-01T14:17:45.976701674Z,2025-12-01T13:48:53.733142268Z,"{""interval"":6280}",attributes,spans,580706b33949,railway-simulation,bc1c43bb555fefbd,3dc49120194ce7d3ccd1ed59cec165d5
,,3250,2025-12-01T13:17:45.976701674Z,2025-12-01T14:17:45.976701674Z,2025-12-01T13:57:06.002145043Z,"{""interval"":87460}",attributes,spans,580706b33949,railway-simulation,bc210fd8362fed64,50d47b30fb88fa6e1e6d36a373863df0
,,3251,2025-12-01T13:17:45.976701674Z,2025-12-01T14:17:45.976701674Z,2025-12-01T13:51:59.399230639Z,"{""interval"":36970}",attributes,spans,580706b33949,railway-simulation,bc2aa564f3ae13ef,17a64a9b0e3cced34eacc3b8ed620600
,,3252,2025-12-01T13:17:45.976701674Z,2025-12-01T14:17:45.976701674Z,2025-12-01T13:51:40.7325676Z,"{""interval"":33835}",attributes,spans,580706b33949,railway-simulation,bc2b98ba5f7c3a05,ec73c8b5ca81f04a6b4093eb536ebbd0
,,3253,2025-12-01T13:17:45.976701674Z,2025-12-01T14:17:45.976701674Z,2025-12-01T13:52:44.232607963Z,"{""interval"":44395}",attributes,spans,580706b33949,railway-simulation,bc34e7de1d229f75,0d28b7abd3503f042908fcd978fff55f
,,3254,2025-12-01T13:17:45.976701674Z,2025-12-01T14:17:45.976701674Z,2025-12-01T13:57:01.134659275Z,"{""interval"":86800}",attributes,spans,580706b33949,railway-simulation,bc4aaf439781627d,bdcca6d32e7062a19d591e9cc0ec280e
,,3255,2025-12-01T13:17:45.976701674Z,2025-12-01T14:17:45.976701674Z,2025-12-01T13:55:16.232573976Z,"{""interval"":69475}",attributes,spans,580706b33949,railway-simulation,bc51da4685b63997,e244cd6f87ed8e9618e69e9ba85c62c2
,,3256,2025-12-01T13:17:45.976701674Z,2025-12-01T14:17:45.976701674Z,2025-12-01T13:49:16.399263182Z,"{""interval"":10075}",attributes,spans,580706b33949,railway-simulation,bc80ae368de446ba,abfefa9eafc4c79e08da9a3a97792d86
,,3257,2025-12-01T13:17:45.976701674Z,2025-12-01T14:17:45.976701674Z,2025-12-01T13:51:14.566044593Z,"{""interval"":29545}",attributes,spans,580706b33949,railway-simulation,bcaec914f22fce83,d76daf29cd8c915a8a57a1c4613bc25d
,,3258,2025-12-01T13:17:45.976701674Z,2025-12-01T14:17:45.976701674Z,2025-12-01T13:52:52.065933749Z,"{""interval"":45715}",attributes,spans,580706b33949,railway-simulation,bce96b5a1c9b7969,1f8f10b237ea3a956fab8064076f8a30
,,3259,2025-12-01T13:17:45.976701674Z,2025-12-01T14:17:45.976701674Z,2025-12-01T13:57:11.997399206Z,"{""interval"":88120}",attributes,spans,580706b33949,railway-simulation,bd05cf608ecbd1c5,2cda6801d72566e950bba11d5519f63a
,,3260,2025-12-01T13:17:45.976701674Z,2025-12-01T14:17:45.976701674Z,2025-12-01T13:51:11.566055541Z,"{""interval"":29050}",attributes,spans,580706b33949,railway-simulation,bd2e45bbaa27e1c9,df0615902923c97563f7847ebe3cb85d
,,3261,2025-12-01T13:17:45.976701674Z,2025-12-01T14:17:45.976701674Z,2025-12-01T13:49:03.066636186Z,"{""interval"":7930.000000000001}",attributes,spans,580706b33949,railway-simulation,bd2e98af183ae304,74ef6dbafe12433f7c56cad36b6f7278
,,3262,2025-12-01T13:17:45.976701674Z,2025-12-01T14:17:45.976701674Z,2025-12-01T13:49:56.566325203Z,"{""interval"":16675}",attributes,spans,580706b33949,railway-simulation,bd44512d55bef3a2,11a5c0d1958bd66e606822786fd82de1
,,3263,2025-12-01T13:17:45.976701674Z,2025-12-01T14:17:45.976701674Z,2025-12-01T13:50:01.232592796Z,"{""interval"":17500}",attributes,spans,580706b33949,railway-simulation,bd5cba685aa50648,8997364c347e88504730de7b251eeb5b
,,3264,2025-12-01T13:17:45.976701674Z,2025-12-01T14:17:45.976701674Z,2025-12-01T13:51:16.565985906Z,"{""interval"":29875.000000000004}",attributes,spans,580706b33949,railway-simulation,bd79604f1be185c9,7ed6cba0c577bec069879dcba3c62b61
,,3265,2025-12-01T13:17:45.976701674Z,2025-12-01T14:17:45.976701674Z,2025-12-01T13:49:59.899558945Z,"{""interval"":17170}",attributes,spans,580706b33949,railway-simulation,bd95f1af599cfeeb,467d0865baa1bac8a806251f9b1a5fdc
,,3266,2025-12-01T13:17:45.976701674Z,2025-12-01T14:17:45.976701674Z,2025-12-01T13:53:39.732598426Z,"{""interval"":53470}",attributes,spans,580706b33949,railway-simulation,bdada5861352f4f9,f10a36e08221922aaedf232fabac1653
,,3267,2025-12-01T13:17:45.976701674Z,2025-12-01T14:17:45.976701674Z,2025-12-01T13:58:44.33010664Z,"{""interval"":99175}",attributes,spans,580706b33949,railway-simulation,bdb278da7f193b10,599ce95623d83282c541d207007ace35
,,3268,2025-12-01T13:17:45.976701674Z,2025-12-01T14:17:45.976701674Z,2025-12-01T13:55:50.070979069Z,"{""interval"":75085}",attributes,spans,580706b33949,railway-simulation,bddfb2a459121bb8,e362f0fc0243e26f8d9bf47ca6690693
,,3269,2025-12-01T13:17:45.976701674Z,2025-12-01T14:17:45.976701674Z,2025-12-01T13:52:11.066068686Z,"{""interval"":38950}",attributes,spans,580706b33949,railway-simulation,bdee95c3bfb481ff,6b683d2590a79bc544e6e3d63d270ba9
,,3270,2025-12-01T13:17:45.976701674Z,2025-12-01T14:17:45.976701674Z,2025-12-01T13:57:27.985115912Z,"{""interval"":89605}",attributes,spans,580706b33949,railway-simulation,bdfd83548f2afdb4,684f8ebbcc94c40d53f4f1f6232a37b2
,,3271,2025-12-01T13:17:45.976701674Z,2025-12-01T14:17:45.976701674Z,2025-12-01T13:54:41.399300785Z,"{""interval"":63700}",attributes,spans,580706b33949,railway-simulation,be1f819cb75aa825,fbc1d7c424435009eedac52f8dbe1691
,,3272,2025-12-01T13:17:45.976701674Z,2025-12-01T14:17:45.976701674Z,2025-12-01T13:55:43.899556267Z,"{""interval"":73930}",attributes,spans,580706b33949,railway-simulation,be3c635c27e0a42c,b20e06911da40e07b4df49fbf07464da
,,3273,2025-12-01T13:17:45.976701674Z,2025-12-01T14:17:45.976701674Z,2025-12-01T13:54:46.065995591Z,"{""interval"":64525.00000000001}",attributes,spans,580706b33949,railway-simulation,be66fa1646d76984,77eccb936b09d251bcde30adf0cab8f5
,,3274,2025-12-01T13:17:45.976701674Z,2025-12-01T14:17:45.976701674Z,2025-12-01T13:50:20.899725388Z,"{""interval"":20635}",attributes,spans,580706b33949,railway-simulation,be6864c757e11a1a,bb8aad145737d55b9019860776f2b224
,,3275,2025-12-01T13:17:45.976701674Z,2025-12-01T14:17:45.976701674Z,2025-12-01T13:56:24.065917128Z,"{""interval"":80695}",attributes,spans,580706b33949,railway-simulation,be74674412a0c454,654dbe1895814b6383dad1daeafad561
,,3276,2025-12-01T13:17:45.976701674Z,2025-12-01T14:17:45.976701674Z,2025-12-01T13:54:15.065989476Z,"{""interval"":59410}",attributes,spans,580706b33949,railway-simulation,bea9d99a1b606427,503ef161de6a34be0ce7f9c2cb395cc3
,,3277,2025-12-01T13:17:45.976701674Z,2025-12-01T14:17:45.976701674Z,2025-12-01T13:53:43.399256692Z,"{""interval"":54129.99999999999}",attributes,spans,580706b33949,railway-simulation,bead79085ca02448,4463af6b1affba0840e65fb442f424d4
,,3278,2025-12-01T13:17:45.976701674Z,2025-12-01T14:17:45.976701674Z,2025-12-01T13:58:10.614412659Z,"{""interval"":94390}",attributes,spans,580706b33949,railway-simulation,beb7ff1ea39d79da,1380fb0a0ce8f52d2e4a4f33a29d2e0b
,,3279,2025-12-01T13:17:45.976701674Z,2025-12-01T14:17:45.976701674Z,2025-12-01T13:56:57.232988078Z,"{""interval"":86140}",attributes,spans,580706b33949,railway-simulation,bebb5fea8957a09e,8dbab60ec537eeae2eab221bee8c2c3e
,,3280,2025-12-01T13:17:45.976701674Z,2025-12-01T14:17:45.976701674Z,2025-12-01T13:52:46.899240453Z,"{""interval"":44725}",attributes,spans,580706b33949,railway-simulation,bec3a55e558ff962,135775856e501c401a0b9539f1526caa
,,3281,2025-12-01T13:17:45.976701674Z,2025-12-01T14:17:45.976701674Z,2025-12-01T13:54:39.39927255Z,"{""interval"":63370}",attributes,spans,580706b33949,railway-simulation,bed91cff4c1d3184,bf2a7aad411618b03857c0c5ef1883d7
,,3282,2025-12-01T13:17:45.976701674Z,2025-12-01T14:17:45.976701674Z,2025-12-01T13:49:27.565970712Z,"{""interval"":11890}",attributes,spans,580706b33949,railway-simulation,bef13843206722e9,f4fa9c84718c1fe25cc523ed2b148677
,,3283,2025-12-01T13:17:45.976701674Z,2025-12-01T14:17:45.976701674Z,2025-12-01T13:51:18.899263894Z,"{""interval"":30205}",attributes,spans,580706b33949,railway-simulation,befeba3077bd57c8,0e73f88a5455bbf61683cc2d77b98437
,,3284,2025-12-01T13:17:45.976701674Z,2025-12-01T14:17:45.976701674Z,2025-12-01T13:53:48.56599951Z,"{""interval"":54955.00000000001}",attributes,spans,580706b33949,railway-simulation,bf02e414001084c9,ce501a739259f593aed778142cf3b25d
,,3285,2025-12-01T13:17:45.976701674Z,2025-12-01T14:17:45.976701674Z,2025-12-01T13:56:59.902997307Z,"{""interval"":86470}",attributes,spans,580706b33949,railway-simulation,bf1113e1074d3226,9212dc272a715387adbb044f46ffb6d5
,,3286,2025-12-01T13:17:45.976701674Z,2025-12-01T14:17:45.976701674Z,2025-12-01T13:50:12.899220167Z,"{""interval"":19315}",attributes,spans,580706b33949,railway-simulation,bf148e725a65897b,ef8457b98a0195f4c30f204fc1c6744b
,,3287,2025-12-01T13:17:45.976701674Z,2025-12-01T14:17:45.976701674Z,2025-12-01T13:54:46.232563856Z,"{""interval"":64525.00000000001}",attributes,spans,580706b33949,railway-simulation,bf1e96bfc0408dc3,9a24425c9e9e81d57c6e7ab39dbf7445
,,3288,2025-12-01T13:17:45.976701674Z,2025-12-01T14:17:45.976701674Z,2025-12-01T13:53:42.732611615Z,"{""interval"":53965}",attributes,spans,580706b33949,railway-simulation,bf36bd1fea1b913a,0a069d51668cc9cf2e2f2d8f7ca628cf
,,3289,2025-12-01T13:17:45.976701674Z,2025-12-01T14:17:45.976701674Z,2025-12-01T13:52:34.899261247Z,"{""interval"":42745}",attributes,spans,580706b33949,railway-simulation,bf395f374293a38e,9c3158f3e5aaef96b6c88dfde0c46ada
,,3290,2025-12-01T13:17:45.976701674Z,2025-12-01T14:17:45.976701674Z,2025-12-01T13:48:27.565533425Z,"{""interval"":1990}",attributes,spans,580706b33949,railway-simulation,bf56e972a621fe13,6184ae73c81c751a9cffc49234a9e40c
,,3291,2025-12-01T13:17:45.976701674Z,2025-12-01T14:17:45.976701674Z,2025-12-01T13:54:06.232585605Z,"{""interval"":57924.99999999999}",attributes,spans,580706b33949,railway-simulation,bf637aa87963ce0a,7bfed521abb92b5866451cffdea4bb93
,,3292,2025-12-01T13:17:45.976701674Z,2025-12-01T14:17:45.976701674Z,2025-12-01T13:56:29.232681424Z,"{""interval"":81520}",attributes,spans,580706b33949,railway-simulation,bf87394cbf66e645,3b9e8dc597ea9ce0a71ab7a917b41fa7
,,3293,2025-12-01T13:17:45.976701674Z,2025-12-01T14:17:45.976701674Z,2025-12-01T13:53:11.732627707Z,"{""interval"":48850}",attributes,spans,580706b33949,railway-simulation,bfb7f7af23a53dc4,0cc049be2a438161e7fc8c46c764aea5
,,3294,2025-12-01T13:17:45.976701674Z,2025-12-01T14:17:45.976701674Z,2025-12-01T13:55:25.8992245Z,"{""interval"":70960}",attributes,spans,580706b33949,railway-simulation,bfb8943a9936119f,116336aae3d39f094ab88c0b31b9dd49
,,3295,2025-12-01T13:17:45.976701674Z,2025-12-01T14:17:45.976701674Z,2025-12-01T13:56:45.239812304Z,"{""interval"":83995}",attributes,spans,580706b33949,railway-simulation,bfcf04d980cc4cba,fbfad3468a20dde21a2a0fc243e42b0b
,,3296,2025-12-01T13:17:45.976701674Z,2025-12-01T14:17:45.976701674Z,2025-12-01T13:51:49.899240758Z,"{""interval"":35320}",attributes,spans,580706b33949,railway-simulation,bff642a38a643840,5076473bda249e0e408293e36c6c252e
,,3297,2025-12-01T13:17:45.976701674Z,2025-12-01T14:17:45.976701674Z,2025-12-01T13:50:02.065962795Z,"{""interval"":17665}",attributes,spans,580706b33949,railway-simulation,c00bcee7ca746503,a5217eba44ac4abfd19ae81a98e68609
,,3298,2025-12-01T13:17:45.976701674Z,2025-12-01T14:17:45.976701674Z,2025-12-01T13:54:42.565954499Z,"{""interval"":63865}",attributes,spans,580706b33949,railway-simulation,c020ca586b356859,c233d377d349efe65d9b7f7a26664221
,,3299,2025-12-01T13:17:45.976701674Z,2025-12-01T14:17:45.976701674Z,2025-12-01T13:54:58.566003812Z,"{""interval"":66505}",attributes,spans,580706b33949,railway-simulation,c02f88e48dc55ec1,79974b4da4c5eaf67e5eb237a3fb89b4
,,3300,2025-12-01T13:17:45.976701674Z,2025-12-01T14:17:45.976701674Z,2025-12-01T13:54:34.565977763Z,"{""interval"":62545}",attributes,spans,580706b33949,railway-simulation,c04318dad90cb7b1,715575390d8490dfd83f4d217dbdf9d2
,,3301,2025-12-01T13:17:45.976701674Z,2025-12-01T14:17:45.976701674Z,2025-12-01T13:55:33.566248255Z,"{""interval"":72280}",attributes,spans,580706b33949,railway-simulation,c043f1c93df1a038,5c0c7931c5d86bfe720a87d63cefbf1a
,,3302,2025-12-01T13:17:45.976701674Z,2025-12-01T14:17:45.976701674Z,2025-12-01T13:58:36.769622329Z,"{""interval"":97855}",attributes,spans,580706b33949,railway-simulation,c0486af4accf65cb,d93f1f0aa6f003cd43e896ce39bc43aa
,,3303,2025-12-01T13:17:45.976701674Z,2025-12-01T14:17:45.976701674Z,2025-12-01T13:52:18.399242888Z,"{""interval"":40105}",attributes,spans,580706b33949,railway-simulation,c04fc29ea63969e7,21b322a3a8c3f17111f87a3507f563c4
,,3304,2025-12-01T13:17:45.976701674Z,2025-12-01T14:17:45.976701674Z,2025-12-01T13:50:58.232568873Z,"{""interval"":26905}",attributes,spans,580706b33949,railway-simulation,c0718a5bd82cef95,7e5672415712be734bef10382ae59f31
,,3305,2025-12-01T13:17:45.976701674Z,2025-12-01T14:17:45.976701674Z,2025-12-01T13:57:49.703170248Z,"{""interval"":91915}",attributes,spans,580706b33949,railway-simulation,c073d20f3892d9ae,3e12d52a277d3d21172c0def8866bff7
,,3306,2025-12-01T13:17:45.976701674Z,2025-12-01T14:17:45.976701674Z,2025-12-01T13:53:13.732613442Z,"{""interval"":49180}",attributes,spans,580706b33949,railway-simulation,c0a8745c8865decb,99c1d798f2ac0af8eda84ac1d0ea013a
,,3307,2025-12-01T13:17:45.976701674Z,2025-12-01T14:17:45.976701674Z,2025-12-01T13:54:13.899303149Z,"{""interval"":59080}",attributes,spans,580706b33949,railway-simulation,c0b80ee59951d3c5,d3ce50436d000bfde632b50c3d384521
,,3308,2025-12-01T13:17:45.976701674Z,2025-12-01T14:17:45.976701674Z,2025-12-01T13:49:05.899220759Z,"{""interval"":8260}",attributes,spans,580706b33949,railway-simulation,c0c122285106a576,9add4183e70d996a1d4c7609d197a10e
,,3309,2025-12-01T13:17:45.976701674Z,2025-12-01T14:17:45.976701674Z,2025-12-01T13:49:27.89930753Z,"{""interval"":11890}",attributes,spans,580706b33949,railway-simulation,c0cc279af5c7bd65,2f06254644f6fd5230286990a338534c
,,3310,2025-12-01T13:17:45.976701674Z,2025-12-01T14:17:45.976701674Z,2025-12-01T13:50:16.565919201Z,"{""interval"":19975}",attributes,spans,580706b33949,railway-simulation,c0dab2eb7ad77354,296cab58d94458938b6726890d9a8825
,,3311,2025-12-01T13:17:45.976701674Z,2025-12-01T14:17:45.976701674Z,2025-12-01T13:53:57.733471604Z,"{""interval"":56440.00000000001}",attributes,spans,580706b33949,railway-simulation,c10328f88e122784,cd6f72c41b5b00f0ce27d7f78ee9756a
,,3312,2025-12-01T13:17:45.976701674Z,2025-12-01T14:17:45.976701674Z,2025-12-01T13:51:46.565899435Z,"{""interval"":34825}",attributes,spans,580706b33949,railway-simulation,c10fa30dfdf3840c,14ad3a638204bd1d00a85c8a079d33c0
,,3313,2025-12-01T13:17:45.976701674Z,2025-12-01T14:17:45.976701674Z,2025-12-01T13:55:30.234091949Z,"{""interval"":71785}",attributes,spans,580706b33949,railway-simulation,c117ab64fb92d974,6ac900f640e77dbfa81aa841d998c534
,,3314,2025-12-01T13:17:45.976701674Z,2025-12-01T14:17:45.976701674Z,2025-12-01T13:49:53.565932753Z,"{""interval"":16179.999999999998}",attributes,spans,580706b33949,railway-simulation,c11fae5d17229ca7,3f5ddffbad87b82412ec31832c863363
,,3315,2025-12-01T13:17:45.976701674Z,2025-12-01T14:17:45.976701674Z,2025-12-01T13:54:16.399257282Z,"{""interval"":59575}",attributes,spans,580706b33949,railway-simulation,c1275e68f5020935,4873e1a9d330d743c285eba20f742e65
,,3316,2025-12-01T13:17:45.976701674Z,2025-12-01T14:17:45.976701674Z,2025-12-01T13:49:43.232742065Z,"{""interval"":14530}",attributes,spans,580706b33949,railway-simulation,c14fa79f5f025c76,e1f063a896be97366046d99dd5811d71
,,3317,2025-12-01T13:17:45.976701674Z,2025-12-01T14:17:45.976701674Z,2025-12-01T13:51:27.232596009Z,"{""interval"":31690}",attributes,spans,580706b33949,railway-simulation,c15e2754659d7270,343066b1ccc43a32895ed2a6c3aa5d31
,,3318,2025-12-01T13:17:45.976701674Z,2025-12-01T14:17:45.976701674Z,2025-12-01T13:57:31.532701608Z,"{""interval"":90100}",attributes,spans,580706b33949,railway-simulation,c16ade72f56516d4,0325f2b4eccf2aad70db85f07370b514
,,3319,2025-12-01T13:17:45.976701674Z,2025-12-01T14:17:45.976701674Z,2025-12-01T13:49:15.899644925Z,"{""interval"":9910}",attributes,spans,580706b33949,railway-simulation,c19c39e960d1ad46,678d3b1ac64da813219ecb0b898fb347
,,3320,2025-12-01T13:17:45.976701674Z,2025-12-01T14:17:45.976701674Z,2025-12-01T13:50:36.233693785Z,"{""interval"":23275}",attributes,spans,580706b33949,railway-simulation,c1a299a55b93db65,5d4b3b680788c3e33f38c7f1b85a3728
,,3321,2025-12-01T13:17:45.976701674Z,2025-12-01T14:17:45.976701674Z,2025-12-01T13:53:16.399360191Z,"{""interval"":49675}",attributes,spans,580706b33949,railway-simulation,c1ee6a80289fbe21,0b7d0160bf19a9898409c8eafd2f48a0
,,3322,2025-12-01T13:17:45.976701674Z,2025-12-01T14:17:45.976701674Z,2025-12-01T13:56:01.899410068Z,"{""interval"":76900}",attributes,spans,580706b33949,railway-simulation,c1f2680cc88aaab0,a6a671b24b2a797f0616c45c11381a46
,,3323,2025-12-01T13:17:45.976701674Z,2025-12-01T14:17:45.976701674Z,2025-12-01T13:48:49.733181872Z,"{""interval"":5620}",attributes,spans,580706b33949,railway-simulation,c20ae3f15bfee4d1,f05712b4aec54024d4b6d657d61afc23
,,3324,2025-12-01T13:17:45.976701674Z,2025-12-01T14:17:45.976701674Z,2025-12-01T13:51:55.232619012Z,"{""interval"":36310}",attributes,spans,580706b33949,railway-simulation,c215d494021aaaf2,c1064dcf237cb6deef8beac55bcc95c8
,,3325,2025-12-01T13:17:45.976701674Z,2025-12-01T14:17:45.976701674Z,2025-12-01T13:53:39.065995186Z,"{""interval"":53470}",attributes,spans,580706b33949,railway-simulation,c220125ecc3ced70,1725f57fa15b00a265290e1e0c02935b
,,3326,2025-12-01T13:17:45.976701674Z,2025-12-01T14:17:45.976701674Z,2025-12-01T13:51:25.899382054Z,"{""interval"":31359.999999999996}",attributes,spans,580706b33949,railway-simulation,c22aa5fc50c798f2,d2181dd06b97c741096a81568a565dad
,,3327,2025-12-01T13:17:45.976701674Z,2025-12-01T14:17:45.976701674Z,2025-12-01T13:55:26.899258754Z,"{""interval"":71125}",attributes,spans,580706b33949,railway-simulation,c22b6d6dfe3ad676,6567a2e0edbf636082ff50ebe6450f4f
,,3328,2025-12-01T13:17:45.976701674Z,2025-12-01T14:17:45.976701674Z,2025-12-01T13:58:13.175280954Z,"{""interval"":94720}",attributes,spans,580706b33949,railway-simulation,c23445e1db0ba0ba,97ef5a908340fe4a386b6ac31f9f1765
,,3329,2025-12-01T13:17:45.976701674Z,2025-12-01T14:17:45.976701674Z,2025-12-01T13:54:02.232598786Z,"{""interval"":57265}",attributes,spans,580706b33949,railway-simulation,c25ac97f31e27409,a4528d7cb66dd26dbf31ec6186b24546
,,3330,2025-12-01T13:17:45.976701674Z,2025-12-01T14:17:45.976701674Z,2025-12-01T13:54:07.899290254Z,"{""interval"":58090}",attributes,spans,580706b33949,railway-simulation,c264b159ee57fac2,0457ee3deb5941697561834f05c8a9ba
,,3331,2025-12-01T13:17:45.976701674Z,2025-12-01T14:17:45.976701674Z,2025-12-01T13:57:57.138138617Z,"{""interval"":92740}",attributes,spans,580706b33949,railway-simulation,c267b366c3898b96,3409979c81903d149cc57b4ab8a00918
,,3332,2025-12-01T13:17:45.976701674Z,2025-12-01T14:17:45.976701674Z,2025-12-01T13:50:40.065937227Z,"{""interval"":23935}",attributes,spans,580706b33949,railway-simulation,c2805c41400c362e,6528a96f4d0162b85db1e96862bd9f93
,,3333,2025-12-01T13:17:45.976701674Z,2025-12-01T14:17:45.976701674Z,2025-12-01T13:50:26.899338125Z,"{""interval"":21625}",attributes,spans,580706b33949,railway-simulation,c28c45bdcce3bb7b,d3b4345007a167e04aa2d7fffaa854fc
,,3334,2025-12-01T13:17:45.976701674Z,2025-12-01T14:17:45.976701674Z,2025-12-01T13:53:02.565930813Z,"{""interval"":47365}",attributes,spans,580706b33949,railway-simulation,c2b45b5f88750a5d,1e32a239eedc7849f0ee6359d0c5223a
,,3335,2025-12-01T13:17:45.976701674Z,2025-12-01T14:17:45.976701674Z,2025-12-01T13:48:59.399176232Z,"{""interval"":7270.000000000001}",attributes,spans,580706b33949,railway-simulation,c2c5f02dddb69a1f,dc6bacaf3ee98fcfde498c94c4af5cdb
,,3336,2025-12-01T13:17:45.976701674Z,2025-12-01T14:17:45.976701674Z,2025-12-01T13:57:43.747441503Z,"{""interval"":91255}",attributes,spans,580706b33949,railway-simulation,c2ce46ffc738db2c,4677af2882850df78bb0eaaa0dd08151
,,3337,2025-12-01T13:17:45.976701674Z,2025-12-01T14:17:45.976701674Z,2025-12-01T13:58:10.374927505Z,"{""interval"":94390}",attributes,spans,580706b33949,railway-simulation,c2f2be3213d108ee,94ac0966aa9c1bf4bf370a28d4121c27
,,3338,2025-12-01T13:17:45.976701674Z,2025-12-01T14:17:45.976701674Z,2025-12-01T13:50:54.399245253Z,"{""interval"":26245}",attributes,spans,580706b33949,railway-simulation,c354e3231d5a3abb,986495879f8bfe19a710412dc2e265d4
,,3339,2025-12-01T13:17:45.976701674Z,2025-12-01T14:17:45.976701674Z,2025-12-01T13:54:48.399256265Z,"{""interval"":64855}",attributes,spans,580706b33949,railway-simulation,c356e4ad5a851c3c,ecd1d299cb01f2852aa9527b5a24c103
,,3340,2025-12-01T13:17:45.976701674Z,2025-12-01T14:17:45.976701674Z,2025-12-01T13:57:07.407622181Z,"{""interval"":87625}",attributes,spans,580706b33949,railway-simulation,c35f1b69fc36936d,406404f5e63a939860946392014e4dc2
,,3341,2025-12-01T13:17:45.976701674Z,2025-12-01T14:17:45.976701674Z,2025-12-01T13:50:17.399250513Z,"{""interval"":20140}",attributes,spans,580706b33949,railway-simulation,c36a0d34ba02ce12,65c4292ce78191836ada7e9f7decaaa0
,,3342,2025-12-01T13:17:45.976701674Z,2025-12-01T14:17:45.976701674Z,2025-12-01T13:53:12.732610325Z,"{""interval"":49015}",attributes,spans,580706b33949,railway-simulation,c38289dc3576e3ce,36912d75ee62c78bdf6486966373fb87
,,3343,2025-12-01T13:17:45.976701674Z,2025-12-01T14:17:45.976701674Z,2025-12-01T13:57:29.897196536Z,"{""interval"":89935}",attributes,spans,580706b33949,railway-simulation,c3a1fbd6b3fdfd67,c8f7eb27ab6a3d88abdf3fd1708a6e09
,,3344,2025-12-01T13:17:45.976701674Z,2025-12-01T14:17:45.976701674Z,2025-12-01T13:52:19.399237649Z,"{""interval"":40270}",attributes,spans,580706b33949,railway-simulation,c3b81ff1575ba802,2a90dd610f8c5c4d43fdd455c3b47664
,,3345,2025-12-01T13:17:45.976701674Z,2025-12-01T14:17:45.976701674Z,2025-12-01T13:53:58.232569157Z,"{""interval"":56605}",attributes,spans,580706b33949,railway-simulation,c3bec7dc006239dc,9b61fcb9a29a6021e5fc8c4992db9895
,,3346,2025-12-01T13:17:45.976701674Z,2025-12-01T14:17:45.976701674Z,2025-12-01T13:55:29.399306187Z,"{""interval"":71620}",attributes,spans,580706b33949,railway-simulation,c3c9d969af8d4529,de06483747c1633f4babb802ab17b838
,,3347,2025-12-01T13:17:45.976701674Z,2025-12-01T14:17:45.976701674Z,2025-12-01T13:57:53.506698183Z,"{""interval"":92410}",attributes,spans,580706b33949,railway-simulation,c3dcd257ba2e39da,87f26fc2fb2634d9e5dcf3f824984bb1
,,3348,2025-12-01T13:17:45.976701674Z,2025-12-01T14:17:45.976701674Z,2025-12-01T13:52:42.232569843Z,"{""interval"":44065}",attributes,spans,580706b33949,railway-simulation,c3e72c2983b3a108,c1e536385af3d411698acbbe017f649f
,,3349,2025-12-01T13:17:45.976701674Z,2025-12-01T14:17:45.976701674Z,2025-12-01T13:51:48.732597813Z,"{""interval"":35155}",attributes,spans,580706b33949,railway-simulation,c401f58bf6e5980a,5099a868e7e3e7dcf1203b03c7bac0f6
,,3350,2025-12-01T13:17:45.976701674Z,2025-12-01T14:17:45.976701674Z,2025-12-01T13:58:23.616377807Z,"{""interval"":95875}",attributes,spans,580706b33949,railway-simulation,c41bfa5a2a1e5107,25da120e5bfcd5ce2dd8cb50bc13cf80
,,3351,2025-12-01T13:17:45.976701674Z,2025-12-01T14:17:45.976701674Z,2025-12-01T13:56:56.232873264Z,"{""interval"":85975}",attributes,spans,580706b33949,railway-simulation,c41c187ef886fe19,3792db113441223f165c6ad52a6b7ad8
,,3352,2025-12-01T13:17:45.976701674Z,2025-12-01T14:17:45.976701674Z,2025-12-01T13:48:47.400035496Z,"{""interval"":5290}",attributes,spans,580706b33949,railway-simulation,c42d7b2e9ecf95f8,5f122d9252f7548165a479133c125aa0
,,3353,2025-12-01T13:17:45.976701674Z,2025-12-01T14:17:45.976701674Z,2025-12-01T13:49:48.066906539Z,"{""interval"":15354.999999999998}",attributes,spans,580706b33949,railway-simulation,c448d4b3c63ee1b6,f8d775b893c46bddcfa7564fc96f336d
,,3354,2025-12-01T13:17:45.976701674Z,2025-12-01T14:17:45.976701674Z,2025-12-01T13:58:40.139125452Z,"{""interval"":98515}",attributes,spans,580706b33949,railway-simulation,c4642a74455b7cb6,3637f93d0abbd20fb6766c5a10d4c09d
,,3355,2025-12-01T13:17:45.976701674Z,2025-12-01T14:17:45.976701674Z,2025-12-01T13:56:31.566096943Z,"{""interval"":81850}",attributes,spans,580706b33949,railway-simulation,c465d23b1b9b5ba4,770dbfa17da005ec699687184040d2f2
,,3356,2025-12-01T13:17:45.976701674Z,2025-12-01T14:17:45.976701674Z,2025-12-01T13:52:50.732587477Z,"{""interval"":45385}",attributes,spans,580706b33949,railway-simulation,c47795a101fe07a9,968b5c1551ef02c1bf068088713fc155
,,3357,2025-12-01T13:17:45.976701674Z,2025-12-01T14:17:45.976701674Z,2025-12-01T13:49:06.232881158Z,"{""interval"":8425}",attributes,spans,580706b33949,railway-simulation,c482c5e18ba46823,7b166bfa9a461e4d800c7f528d594266
,,3358,2025-12-01T13:17:45.976701674Z,2025-12-01T14:17:45.976701674Z,2025-12-01T13:52:36.232684975Z,"{""interval"":43075}",attributes,spans,580706b33949,railway-simulation,c48438f8ab7dbfbf,703557a0ce6508e323d089e33fa12a57
,,3359,2025-12-01T13:17:45.976701674Z,2025-12-01T14:17:45.976701674Z,2025-12-01T13:53:18.89922904Z,"{""interval"":50005}",attributes,spans,580706b33949,railway-simulation,c4cd46a0e3293823,c2e630e579a2fbc10297c2a6846fb8bb
,,3360,2025-12-01T13:17:45.976701674Z,2025-12-01T14:17:45.976701674Z,2025-12-01T13:55:44.899268363Z,"{""interval"":74095}",attributes,spans,580706b33949,railway-simulation,c4d55f26ac1e40a8,417e163d167bdd7a48fb169921e8cb6a
,,3361,2025-12-01T13:17:45.976701674Z,2025-12-01T14:17:45.976701674Z,2025-12-01T13:56:08.899421803Z,"{""interval"":78055}",attributes,spans,580706b33949,railway-simulation,c4d909d7fae5411d,e06a468d28459323e259b14de44f643b
,,3362,2025-12-01T13:17:45.976701674Z,2025-12-01T14:17:45.976701674Z,2025-12-01T13:52:48.732554037Z,"{""interval"":45055}",attributes,spans,580706b33949,railway-simulation,c5075fda7ef3c272,64d2cbf751eaf8cface69110f29a3891
,,3363,2025-12-01T13:17:45.976701674Z,2025-12-01T14:17:45.976701674Z,2025-12-01T13:51:19.732664086Z,"{""interval"":30370.000000000004}",attributes,spans,580706b33949,railway-simulation,c508bbd14cb18352,7e139748640bb795d0ed9df9583af10a
,,3364,2025-12-01T13:17:45.976701674Z,2025-12-01T14:17:45.976701674Z,2025-12-01T13:50:38.732574837Z,"{""interval"":23605}",attributes,spans,580706b33949,railway-simulation,c5278e799d71f497,f5b13f614802774c4f7e5b935e37c575
,,3365,2025-12-01T13:17:45.976701674Z,2025-12-01T14:17:45.976701674Z,2025-12-01T13:58:15.534269692Z,"{""interval"":94885}",attributes,spans,580706b33949,railway-simulation,c5281a2e11d19df2,d02de175afc07010511865bdb67a945f
,,3366,2025-12-01T13:17:45.976701674Z,2025-12-01T14:17:45.976701674Z,2025-12-01T13:52:51.065946527Z,"{""interval"":45550}",attributes,spans,580706b33949,railway-simulation,c52de04ee75d90d3,d536850e4b96accbf753a7d5da57d668
,,3367,2025-12-01T13:17:45.976701674Z,2025-12-01T14:17:45.976701674Z,2025-12-01T13:58:38.28567447Z,"{""interval"":98185}",attributes,spans,580706b33949,railway-simulation,c538334c71163300,53cb43ac42f39cfa2d3f3b7b5ee36d51
,,3368,2025-12-01T13:17:45.976701674Z,2025-12-01T14:17:45.976701674Z,2025-12-01T13:56:25.06598767Z,"{""interval"":80860}",attributes,spans,580706b33949,railway-simulation,c5391e82ac0fe0a5,bcce9a5694a4db9166302b48edc72090
,,3369,2025-12-01T13:17:45.976701674Z,2025-12-01T14:17:45.976701674Z,2025-12-01T13:49:08.066881991Z,"{""interval"":8755}",attributes,spans,580706b33949,railway-simulation,c54475d65f6ccdfb,6a25562dd9f3d48544021b3ef647ca5d
,,3370,2025-12-01T13:17:45.976701674Z,2025-12-01T14:17:45.976701674Z,2025-12-01T13:52:21.899256009Z,"{""interval"":40600}",attributes,spans,580706b33949,railway-simulation,c54ade2814a62e6f,65e5ef7baa336d03d2597230911e44d8
,,3371,2025-12-01T13:17:45.976701674Z,2025-12-01T14:17:45.976701674Z,2025-12-01T13:51:41.565888126Z,"{""interval"":34000}",attributes,spans,580706b33949,railway-simulation,c55d3a09f508320d,4efe4cab6e6324f5cdc4fadad45c783e
,,3372,2025-12-01T13:17:45.976701674Z,2025-12-01T14:17:45.976701674Z,2025-12-01T13:58:46.600244289Z,"{""interval"":99505}",attributes,spans,580706b33949,railway-simulation,c58de9337247801f,5ea9c4f8529e98eff03632209b915cbd
,,3373,2025-12-01T13:17:45.976701674Z,2025-12-01T14:17:45.976701674Z,2025-12-01T13:49:43.899208674Z,"{""interval"":14530}",attributes,spans,580706b33949,railway-simulation,c58f9067d3693b84,657db4bf3ec86de224220cd150c4419e
,,3374,2025-12-01T13:17:45.976701674Z,2025-12-01T14:17:45.976701674Z,2025-12-01T13:54:07.733213761Z,"{""interval"":58090}",attributes,spans,580706b33949,railway-simulation,c5c613fed6726d8f,cb8342ddfb07de462f1e30043d76f6ab
,,3375,2025-12-01T13:17:45.976701674Z,2025-12-01T14:17:45.976701674Z,2025-12-01T13:49:16.900114627Z,"{""interval"":10075}",attributes,spans,580706b33949,railway-simulation,c5da38654629831b,70eeff27317fce8d5e080be5df5b0058
,,3376,2025-12-01T13:17:45.976701674Z,2025-12-01T14:17:45.976701674Z,2025-12-01T13:50:18.899379625Z,"{""interval"":20305}",attributes,spans,580706b33949,railway-simulation,c5dc35bc80a617ae,d8027de183d6b6a74c18c64ce034e478
,,3377,2025-12-01T13:17:45.976701674Z,2025-12-01T14:17:45.976701674Z,2025-12-01T13:55:43.066410409Z,"{""interval"":73930}",attributes,spans,580706b33949,railway-simulation,c5ea36b7fcdef4ea,dfa12b078fdc11f38cc0c7f6df264bbc
,,3378,2025-12-01T13:17:45.976701674Z,2025-12-01T14:17:45.976701674Z,2025-12-01T13:58:42.263731877Z,"{""interval"":98845}",attributes,spans,580706b33949,railway-simulation,c5f24456238b2958,e2c53bb56fa19579ffe41f5c11e3a341
,,3379,2025-12-01T13:17:45.976701674Z,2025-12-01T14:17:45.976701674Z,2025-12-01T13:53:44.066014662Z,"{""interval"":54295}",attributes,spans,580706b33949,railway-simulation,c5fa02b780bdb8f9,c16690d2b8a77c89998680ffffee1ff9
,,3380,2025-12-01T13:17:45.976701674Z,2025-12-01T14:17:45.976701674Z,2025-12-01T13:52:58.232561917Z,"{""interval"":46705}",attributes,spans,580706b33949,railway-simulation,c60514c29055111b,74d26971dd7263e7acc23d6636f0d51d
,,3381,2025-12-01T13:17:45.976701674Z,2025-12-01T14:17:45.976701674Z,2025-12-01T13:54:45.732556008Z,"{""interval"":64360}",attributes,spans,580706b33949,railway-simulation,c61e5e287bdea0f8,0942b7d32576c9ba1e8846d144072cae
,,3382,2025-12-01T13:17:45.976701674Z,2025-12-01T14:17:45.976701674Z,2025-12-01T13:48:57.065933976Z,"{""interval"":6940}",attributes,spans,580706b33949,railway-simulation,c6250f18429e9d35,7d36be9743e7bf26b5b1aa62a130a86e
,,3383,2025-12-01T13:17:45.976701674Z,2025-12-01T14:17:45.976701674Z,2025-12-01T13:49:17.566141175Z,"{""interval"":10240}",attributes,spans,580706b33949,railway-simulation,c6315afc2166dfd5,59dcbbb648b265114f2482526f87e203
,,3384,2025-12-01T13:17:45.976701674Z,2025-12-01T14:17:45.976701674Z,2025-12-01T13:57:59.342846195Z,"{""interval"":93070}",attributes,spans,580706b33949,railway-simulation,c63d3f9f211cb769,4c7c841398328af8e162713083e80b8b
,,3385,2025-12-01T13:17:45.976701674Z,2025-12-01T14:17:45.976701674Z,2025-12-01T13:53:47.56593013Z,"{""interval"":54790}",attributes,spans,580706b33949,railway-simulation,c64e7765209ce8b2,57fee7807ed727aa3da19fbe7082e0d6
,,3386,2025-12-01T13:17:45.976701674Z,2025-12-01T14:17:45.976701674Z,2025-12-01T13:58:41.781703625Z,"{""interval"":98680}",attributes,spans,580706b33949,railway-simulation,c650e42974e69ad5,289c89c6031d51cda35b2e6ae8314df6
,,3387,2025-12-01T13:17:45.976701674Z,2025-12-01T14:17:45.976701674Z,2025-12-01T13:50:16.066425184Z,"{""interval"":19975}",attributes,spans,580706b33949,railway-simulation,c6573768130ef614,f47aed5a976e2c2c3de9cb4009bb00fa
,,3388,2025-12-01T13:17:45.976701674Z,2025-12-01T14:17:45.976701674Z,2025-12-01T13:50:03.732794775Z,"{""interval"":17830}",attributes,spans,580706b33949,railway-simulation,c66bbaf93c8ffc9b,5bd34ad8edd491778be9a495e983a647
,,3389,2025-12-01T13:17:45.976701674Z,2025-12-01T14:17:45.976701674Z,2025-12-01T13:58:22.906329507Z,"{""interval"":95710}",attributes,spans,580706b33949,railway-simulation,c673659934c9af83,ed7d111505ecf42a1b652baec83208e5
,,3390,2025-12-01T13:17:45.976701674Z,2025-12-01T14:17:45.976701674Z,2025-12-01T13:56:50.80101625Z,"{""interval"":84985}",attributes,spans,580706b33949,railway-simulation,c6785ed2090d7b57,ddb3a00fe0c781292f97a33316468533
,,3391,2025-12-01T13:17:45.976701674Z,2025-12-01T14:17:45.976701674Z,2025-12-01T13:56:59.232577226Z,"{""interval"":86470}",attributes,spans,580706b33949,railway-simulation,c6a10d757104449c,37aee4ba4f6bfd26d7ec2a6cff9c70db
,,3392,2025-12-01T13:17:45.976701674Z,2025-12-01T14:17:45.976701674Z,2025-12-01T13:56:58.565984267Z,"{""interval"":86305}",attributes,spans,580706b33949,railway-simulation,c6a45bd042e5bec7,ddcc919700e829b9ae329cd46ed6f0d1
,,3393,2025-12-01T13:17:45.976701674Z,2025-12-01T14:17:45.976701674Z,2025-12-01T13:53:08.732568289Z,"{""interval"":48355}",attributes,spans,580706b33949,railway-simulation,c6a4df534ed1032e,b2565d7783379c0d3d8c0e53f5e9f802
,,3394,2025-12-01T13:17:45.976701674Z,2025-12-01T14:17:45.976701674Z,2025-12-01T13:52:04.232607768Z,"{""interval"":37795}",attributes,spans,580706b33949,railway-simulation,c6c2da8d8ec4db27,dea2fd814adf8bd19b55288cfa2bcdbe
,,3395,2025-12-01T13:17:45.976701674Z,2025-12-01T14:17:45.976701674Z,2025-12-01T13:52:11.899250616Z,"{""interval"":38950}",attributes,spans,580706b33949,railway-simulation,c6ce602504976533,2ab3e2e2a2a1d9b8d861a652d1c65897
,,3396,2025-12-01T13:17:45.976701674Z,2025-12-01T14:17:45.976701674Z,2025-12-01T13:49:03.399321993Z,"{""interval"":7930.000000000001}",attributes,spans,580706b33949,railway-simulation,c6dd4b224ec42b1d,4e80a0456c45ae9f9f70ca9b84d96136
,,3397,2025-12-01T13:17:45.976701674Z,2025-12-01T14:17:45.976701674Z,2025-12-01T13:48:39.899754634Z,"{""interval"":3970}",attributes,spans,580706b33949,railway-simulation,c6df7ed2c4d12275,d5ce334ea9fdef412b9e77644bb14808
,,3398,2025-12-01T13:17:45.976701674Z,2025-12-01T14:17:45.976701674Z,2025-12-01T13:53:29.899219397Z,"{""interval"":51820}",attributes,spans,580706b33949,railway-simulation,c6e334ad760ac2c1,032f89a9a49b1bc46dafb69df29fe45a
,,3399,2025-12-01T13:17:45.976701674Z,2025-12-01T14:17:45.976701674Z,2025-12-01T13:54:44.065920482Z,"{""interval"":64195}",attributes,spans,580706b33949,railway-simulation,c6ec504bcea03b99,d1cef8bebbbdc5dd1dbd746bab937dd4
,,3400,2025-12-01T13:17:45.976701674Z,2025-12-01T14:17:45.976701674Z,2025-12-01T13:48:41.399885925Z,"{""interval"":4300}",attributes,spans,580706b33949,railway-simulation,c6f1b03b4782a5bb,59ce9c18908f51473aa19d8c40f39453
,,3401,2025-12-01T13:17:45.976701674Z,2025-12-01T14:17:45.976701674Z,2025-12-01T13:56:02.066291103Z,"{""interval"":77065}",attributes,spans,580706b33949,railway-simulation,c735f2e345fd9190,21fe7857974528f61bbc5e566e711996
,,3402,2025-12-01T13:17:45.976701674Z,2025-12-01T14:17:45.976701674Z,2025-12-01T13:52:51.732601571Z,"{""interval"":45550}",attributes,spans,580706b33949,railway-simulation,c73b990fa53bf1ad,fb5902af9617f425b8a42440e7210453
,,3403,2025-12-01T13:17:45.976701674Z,2025-12-01T14:17:45.976701674Z,2025-12-01T13:53:02.399245422Z,"{""interval"":47365}",attributes,spans,580706b33949,railway-simulation,c74448f0906789bc,22ba96c709b55939d787d19a5284b660
,,3404,2025-12-01T13:17:45.976701674Z,2025-12-01T14:17:45.976701674Z,2025-12-01T13:48:57.733019504Z,"{""interval"":6940}",attributes,spans,580706b33949,railway-simulation,c74593c58ab2651c,b88f0301b11ad0012604fddb36e5edf4
,,3405,2025-12-01T13:17:45.976701674Z,2025-12-01T14:17:45.976701674Z,2025-12-01T13:50:26.065920537Z,"{""interval"":21625}",attributes,spans,580706b33949,railway-simulation,c74a1ef2413345eb,bcb0e7e6113ff41ef14beb42d281dacf
,,3406,2025-12-01T13:17:45.976701674Z,2025-12-01T14:17:45.976701674Z,2025-12-01T13:52:35.232700454Z,"{""interval"":42910}",attributes,spans,580706b33949,railway-simulation,c75d7cee480a2798,5dab41b34f0387e1150c59b2fbb29f91
,,3407,2025-12-01T13:17:45.976701674Z,2025-12-01T14:17:45.976701674Z,2025-12-01T13:52:35.399287455Z,"{""interval"":42910}",attributes,spans,580706b33949,railway-simulation,c768ac1ceef56aab,378fe6f420f4c2967eb6f3c50ea53c72
,,3408,2025-12-01T13:17:45.976701674Z,2025-12-01T14:17:45.976701674Z,2025-12-01T13:52:54.065939827Z,"{""interval"":46045}",attributes,spans,580706b33949,railway-simulation,c785205b2b500d4f,13e00d469ee755c15f261fac5c2daac6
,,3409,2025-12-01T13:17:45.976701674Z,2025-12-01T14:17:45.976701674Z,2025-12-01T13:49:54.400277876Z,"{""interval"":16345}",attributes,spans,580706b33949,railway-simulation,c7859a104039b9db,5cb1570124dd4e252bc43c1e6a88a6b6
,,3410,2025-12-01T13:17:45.976701674Z,2025-12-01T14:17:45.976701674Z,2025-12-01T13:58:21.342302179Z,"{""interval"":95545}",attributes,spans,580706b33949,railway-simulation,c7a28ed624c8273e,542809a417dd449eac6054226084b0c0
,,3411,2025-12-01T13:17:45.976701674Z,2025-12-01T14:17:45.976701674Z,2025-12-01T13:54:50.565932153Z,"{""interval"":65185}",attributes,spans,580706b33949,railway-simulation,c7be31783bc039a3,8fd0597a9589ab22d8d022a9d976c019
,,3412,2025-12-01T13:17:45.976701674Z,2025-12-01T14:17:45.976701674Z,2025-12-01T13:50:32.232597825Z,"{""interval"":22615}",attributes,spans,580706b33949,railway-simulation,c7c009fe15a9f7c4,64bc04b56a998d0047bec92d42edbe75
,,3413,2025-12-01T13:17:45.976701674Z,2025-12-01T14:17:45.976701674Z,2025-12-01T13:50:42.399365973Z,"{""interval"":24265}",attributes,spans,580706b33949,railway-simulation,c7c48e77bffec9cd,a21b41c0cfc6c0798035e83b4d42a9a4
,,3414,2025-12-01T13:17:45.976701674Z,2025-12-01T14:17:45.976701674Z,2025-12-01T13:52:16.399253216Z,"{""interval"":39775}",attributes,spans,580706b33949,railway-simulation,c7d9a0c95ca2cd1a,7818753e45d1f650247d42a8f0b71073
,,3415,2025-12-01T13:17:45.976701674Z,2025-12-01T14:17:45.976701674Z,2025-12-01T13:55:27.399228227Z,"{""interval"":71290}",attributes,spans,580706b33949,railway-simulation,c7e5765ea776b3dd,a9d2326512720a1f86a658a54c38eef0
,,3416,2025-12-01T13:17:45.976701674Z,2025-12-01T14:17:45.976701674Z,2025-12-01T13:52:41.732620566Z,"{""interval"":43900}",attributes,spans,580706b33949,railway-simulation,c8234b1833f39713,c9ccd8dfd2de822ee615152a0578f7fc
,,3417,2025-12-01T13:17:45.976701674Z,2025-12-01T14:17:45.976701674Z,2025-12-01T13:54:02.901215261Z,"{""interval"":57265}",attributes,spans,580706b33949,railway-simulation,c8281f8ec453768e,affa85f14913d3ad98f73dd8d95bb34e
,,3418,2025-12-01T13:17:45.976701674Z,2025-12-01T14:17:45.976701674Z,2025-12-01T13:54:27.732647772Z,"{""interval"":61390}",attributes,spans,580706b33949,railway-simulation,c82bae7e13a67369,64cd68afe86f1c99f2378424de51b516
,,3419,2025-12-01T13:17:45.976701674Z,2025-12-01T14:17:45.976701674Z,2025-12-01T13:54:23.899238344Z,"{""interval"":60730.00000000001}",attributes,spans,580706b33949,railway-simulation,c86097fccd6bdb5d,fa24fc9ae184b3cf4e49d8ebe04d38d5
,,3420,2025-12-01T13:17:45.976701674Z,2025-12-01T14:17:45.976701674Z,2025-12-01T13:48:58.399211734Z,"{""interval"":7105}",attributes,spans,580706b33949,railway-simulation,c86d29802498beb1,2386491a4eb9a8fad24b7c9b39b2f6f5
,,3421,2025-12-01T13:17:45.976701674Z,2025-12-01T14:17:45.976701674Z,2025-12-01T13:50:10.232550224Z,"{""interval"":18985}",attributes,spans,580706b33949,railway-simulation,c883fa276dcdb474,570be355d3a27aa5f07f0c6e764b00f8
,,3422,2025-12-01T13:17:45.976701674Z,2025-12-01T14:17:45.976701674Z,2025-12-01T13:50:56.732531853Z,"{""interval"":26575.000000000004}",attributes,spans,580706b33949,railway-simulation,c8b751a03b433255,f366800161f15aa90399beb50a61d6c0
,,3423,2025-12-01T13:17:45.976701674Z,2025-12-01T14:17:45.976701674Z,2025-12-01T13:56:10.399662454Z,"{""interval"":78385}",attributes,spans,580706b33949,railway-simulation,c8b7b00e36334084,a90f2c9b6bf31c4fa76ee10699af393e
,,3424,2025-12-01T13:17:45.976701674Z,2025-12-01T14:17:45.976701674Z,2025-12-01T13:48:53.900098419Z,"{""interval"":6280}",attributes,spans,580706b33949,railway-simulation,c8b7f26cba52ee4a,7b90afd4471ab53166a8e2a1d9f6315a
,,3425,2025-12-01T13:17:45.976701674Z,2025-12-01T14:17:45.976701674Z,2025-12-01T13:48:51.232601262Z,"{""interval"":5950}",attributes,spans,580706b33949,railway-simulation,c8bc134bda99c2cd,59eb9c958922101f2ab9c2d60be98112
,,3426,2025-12-01T13:17:45.976701674Z,2025-12-01T14:17:45.976701674Z,2025-12-01T13:52:31.8992761Z,"{""interval"":42250}",attributes,spans,580706b33949,railway-simulation,c8c70f528f991489,8b9640a0a886fa6ea173f6c9ab41b453
,,3427,2025-12-01T13:17:45.976701674Z,2025-12-01T14:17:45.976701674Z,2025-12-01T13:57:46.941370648Z,"{""interval"":91585}",attributes,spans,580706b33949,railway-simulation,c8c869a86e1b7af0,085f29be40a166aaf481cec4ce032627
,,3428,2025-12-01T13:17:45.976701674Z,2025-12-01T14:17:45.976701674Z,2025-12-01T13:57:52.040503807Z,"{""interval"":92245}",attributes,spans,580706b33949,railway-simulation,c8d3b99c923a0bb1,d637240a36725f013a236f2036eeb3bf
,,3429,2025-12-01T13:17:45.976701674Z,2025-12-01T14:17:45.976701674Z,2025-12-01T13:58:07.205457096Z,"{""interval"":93895}",attributes,spans,580706b33949,railway-simulation,c8ec6bdf0198f654,8fc121154a8eccad6291c04e583dea60
,,3430,2025-12-01T13:17:45.976701674Z,2025-12-01T14:17:45.976701674Z,2025-12-01T13:58:31.566911032Z,"{""interval"":97030}",attributes,spans,580706b33949,railway-simulation,c8f5b8da2bae68fb,5f0d7c88170ff49732771f79620b8b15
,,3431,2025-12-01T13:17:45.976701674Z,2025-12-01T14:17:45.976701674Z,2025-12-01T13:49:55.066069438Z,"{""interval"":16510}",attributes,spans,580706b33949,railway-simulation,c9056bfd919bc055,caf863bd06196c13f2de7ac936801641
,,3432,2025-12-01T13:17:45.976701674Z,2025-12-01T14:17:45.976701674Z,2025-12-01T13:48:37.566753992Z,"{""interval"":3640}",attributes,spans,580706b33949,railway-simulation,c943cf30e79eec8b,8b1d0ab667c9edcc415b26c261d9f73f
,,3433,2025-12-01T13:17:45.976701674Z,2025-12-01T14:17:45.976701674Z,2025-12-01T13:50:53.232563617Z,"{""interval"":26080.000000000004}",attributes,spans,580706b33949,railway-simulation,c9583a47b956f19d,6bafe91c4b242307503acfe40a424148
,,3434,2025-12-01T13:17:45.976701674Z,2025-12-01T14:17:45.976701674Z,2025-12-01T13:55:23.232564887Z,"{""interval"":70630}",attributes,spans,580706b33949,railway-simulation,c9595bd554bcbdf8,ec32c3206852daf49e22d9afb4be6a70
,,3435,2025-12-01T13:17:45.976701674Z,2025-12-01T14:17:45.976701674Z,2025-12-01T13:52:12.065950452Z,"{""interval"":39115}",attributes,spans,580706b33949,railway-simulation,c95d35b84e923fe4,5d68e71e34884bb8b1d0e6d9e2f6000b
,,3436,2025-12-01T13:17:45.976701674Z,2025-12-01T14:17:45.976701674Z,2025-12-01T13:55:55.066121636Z,"{""interval"":75910}",attributes,spans,580706b33949,railway-simulation,c9615310bb0de3b0,044490a50f1535d3e20e17fe70f2abd3
,,3437,2025-12-01T13:17:45.976701674Z,2025-12-01T14:17:45.976701674Z,2025-12-01T13:57:19.720222792Z,"{""interval"":88780}",attributes,spans,580706b33949,railway-simulation,c962a197ea18e6c4,f3037b67eaa90a2d962ad3cd68fea604
,,3438,2025-12-01T13:17:45.976701674Z,2025-12-01T14:17:45.976701674Z,2025-12-01T13:50:52.566013858Z,"{""interval"":25915}",attributes,spans,580706b33949,railway-simulation,c99700ec39dfd06e,9bf5bc47e1b560778582f7174f963739
,,3439,2025-12-01T13:17:45.976701674Z,2025-12-01T14:17:45.976701674Z,2025-12-01T13:51:12.066099891Z,"{""interval"":29214.999999999996}",attributes,spans,580706b33949,railway-simulation,c9b825e08c3fbf37,af2a2701699fb20e7675afe139ffabac
,,3440,2025-12-01T13:17:45.976701674Z,2025-12-01T14:17:45.976701674Z,2025-12-01T13:53:52.399286724Z,"{""interval"":55615}",attributes,spans,580706b33949,railway-simulation,c9cf231edfa15ddf,0a15508e25920f132e4038999cdcf1bd
,,3441,2025-12-01T13:17:45.976701674Z,2025-12-01T14:17:45.976701674Z,2025-12-01T13:48:28.066222108Z,"{""interval"":2155}",attributes,spans,580706b33949,railway-simulation,c9fc51d28148d725,fed767e89cd6a4aee93be0eb6728c2fd
,,3442,2025-12-01T13:17:45.976701674Z,2025-12-01T14:17:45.976701674Z,2025-12-01T13:53:13.065911452Z,"{""interval"":49180}",attributes,spans,580706b33949,railway-simulation,c9fd14c00ed1afec,a8492be74242b16ff1ab54fb9dec3205
,,3443,2025-12-01T13:17:45.976701674Z,2025-12-01T14:17:45.976701674Z,2025-12-01T13:54:28.23258372Z,"{""interval"":61555}",attributes,spans,580706b33949,railway-simulation,c9fd909ffd682c7f,12f89721a63c683e0019f8b8f9380ba9
,,3444,2025-12-01T13:17:45.976701674Z,2025-12-01T14:17:45.976701674Z,2025-12-01T13:53:49.566102013Z,"{""interval"":55120}",attributes,spans,580706b33949,railway-simulation,ca1375878fe1dc03,e5f3ef318bd7533321d2ccd37e55cf37
,,3445,2025-12-01T13:17:45.976701674Z,2025-12-01T14:17:45.976701674Z,2025-12-01T13:50:32.732594557Z,"{""interval"":22615}",attributes,spans,580706b33949,railway-simulation,ca148148b63aa242,3118a4b5133725d49f3a05eb6ac25526
,,3446,2025-12-01T13:17:45.976701674Z,2025-12-01T14:17:45.976701674Z,2025-12-01T13:49:11.066136089Z,"{""interval"":9250}",attributes,spans,580706b33949,railway-simulation,ca1be51f2bc09123,3d8a8817474ce18004f98de7891ce27b
,,3447,2025-12-01T13:17:45.976701674Z,2025-12-01T14:17:45.976701674Z,2025-12-01T13:53:22.732644056Z,"{""interval"":50665.00000000001}",attributes,spans,580706b33949,railway-simulation,ca29efbae05c24bc,037e8d5649c832226c35ec6c0a5ced79
,,3448,2025-12-01T13:17:45.976701674Z,2025-12-01T14:17:45.976701674Z,2025-12-01T13:55:40.899350892Z,"{""interval"":73435}",attributes,spans,580706b33949,railway-simulation,ca3467e9ade7b963,ad2f4aa08632c5522cf9bd2bf063e202
,,3449,2025-12-01T13:17:45.976701674Z,2025-12-01T14:17:45.976701674Z,2025-12-01T13:58:13.690125384Z,"{""interval"":94720}",attributes,spans,580706b33949,railway-simulation,ca3501255a14cdad,ff6154b26c6f1ce07fc89b2674ea0dee
,,3450,2025-12-01T13:17:45.976701674Z,2025-12-01T14:17:45.976701674Z,2025-12-01T13:48:27.733215443Z,"{""interval"":1990}",attributes,spans,580706b33949,railway-simulation,ca52ac48e0f2d9a5,731dea84c0b356e010c039ccb6cd95da
,,3451,2025-12-01T13:17:45.976701674Z,2025-12-01T14:17:45.976701674Z,2025-12-01T13:52:12.232547629Z,"{""interval"":39115}",attributes,spans,580706b33949,railway-simulation,ca5ecb265e9f660e,ba824059c30f77e508f9efa3c2855b82
,,3452,2025-12-01T13:17:45.976701674Z,2025-12-01T14:17:45.976701674Z,2025-12-01T13:56:38.154942707Z,"{""interval"":82840}",attributes,spans,580706b33949,railway-simulation,ca7ddaf5e766fa68,f6a3b33241f7b26c2b662cd8d841d50f
,,3453,2025-12-01T13:17:45.976701674Z,2025-12-01T14:17:45.976701674Z,2025-12-01T13:52:24.066104512Z,"{""interval"":41095}",attributes,spans,580706b33949,railway-simulation,ca7df77a626ecd09,352517c16db18a8accea5d6d70b3d0f9
,,3454,2025-12-01T13:17:45.976701674Z,2025-12-01T14:17:45.976701674Z,2025-12-01T13:53:50.399234148Z,"{""interval"":55285}",attributes,spans,580706b33949,railway-simulation,ca8a1213205a74f6,93e389ee902456ae38a73f170715ebea
,,3455,2025-12-01T13:17:45.976701674Z,2025-12-01T14:17:45.976701674Z,2025-12-01T13:52:45.399234312Z,"{""interval"":44560}",attributes,spans,580706b33949,railway-simulation,ca9c50786734d39b,39086b5fb283f603e20e6dbd1107f063
,,3456,2025-12-01T13:17:45.976701674Z,2025-12-01T14:17:45.976701674Z,2025-12-01T13:58:47.999280219Z,"{""interval"":99835}",attributes,spans,580706b33949,railway-simulation,caa4104da3472252,2e9b1d438c541438fe4eefc2892f46ae
,,3457,2025-12-01T13:17:45.976701674Z,2025-12-01T14:17:45.976701674Z,2025-12-01T13:57:15.993880473Z,"{""interval"":88450}",attributes,spans,580706b33949,railway-simulation,caaaaa3ed186dca3,ad37de2ba23d68a32e9c66fcd0550000
,,3458,2025-12-01T13:17:45.976701674Z,2025-12-01T14:17:45.976701674Z,2025-12-01T13:54:39.899284342Z,"{""interval"":63370}",attributes,spans,580706b33949,railway-simulation,cac381897a235871,0f00253225b38e056ad1d8dcc12397af
,,3459,2025-12-01T13:17:45.976701674Z,2025-12-01T14:17:45.976701674Z,2025-12-01T13:49:28.900356846Z,"{""interval"":12055}",attributes,spans,580706b33949,railway-simulation,cacc8754353fb570,25fb52983fc60852adee711362d2afc2
,,3460,2025-12-01T13:17:45.976701674Z,2025-12-01T14:17:45.976701674Z,2025-12-01T13:52:12.3992424Z,"{""interval"":39115}",attributes,spans,580706b33949,railway-simulation,caddfc2f1fe05398,12c69054acd943d2d36bb5dab79608a7
,,3461,2025-12-01T13:17:45.976701674Z,2025-12-01T14:17:45.976701674Z,2025-12-01T13:50:16.899216179Z,"{""interval"":19975}",attributes,spans,580706b33949,railway-simulation,cadffe106b98088a,2b44ea2d71ecc48939039f278da86528
,,3462,2025-12-01T13:17:45.976701674Z,2025-12-01T14:17:45.976701674Z,2025-12-01T13:53:28.399296756Z,"{""interval"":51655.00000000001}",attributes,spans,580706b33949,railway-simulation,cae545c717a3b55d,fee7b42cdb40f5885b45359c4a8bcfe6
,,3463,2025-12-01T13:17:45.976701674Z,2025-12-01T14:17:45.976701674Z,2025-12-01T13:51:50.232556338Z,"{""interval"":35485}",attributes,spans,580706b33949,railway-simulation,cae8c728261fbc23,76f84547dcdc1f0c3244f0957ce071a3
,,3464,2025-12-01T13:17:45.976701674Z,2025-12-01T14:17:45.976701674Z,2025-12-01T13:54:46.732615636Z,"{""interval"":64525.00000000001}",attributes,spans,580706b33949,railway-simulation,caebdcd3c661b9d6,f07699b08f762cf39b361978dc8da681
,,3465,2025-12-01T13:17:45.976701674Z,2025-12-01T14:17:45.976701674Z,2025-12-01T13:52:31.732601636Z,"{""interval"":42250}",attributes,spans,580706b33949,railway-simulation,caee4795da71f649,3849d3b6bcafa9fdcdfa810cc3455e45
,,3466,2025-12-01T13:17:45.976701674Z,2025-12-01T14:17:45.976701674Z,2025-12-01T13:56:34.068309773Z,"{""interval"":82345}",attributes,spans,580706b33949,railway-simulation,caf59ae6e9e0e3ef,49fedd96d15db96293583ad2c8d7e22c
,,3467,2025-12-01T13:17:45.976701674Z,2025-12-01T14:17:45.976701674Z,2025-12-01T13:49:21.732539795Z,"{""interval"":10900}",attributes,spans,580706b33949,railway-simulation,caf68dd2083b05a7,1eb724ab3d6b08c9414e630596a4a48c
,,3468,2025-12-01T13:17:45.976701674Z,2025-12-01T14:17:45.976701674Z,2025-12-01T13:49:33.066207896Z,"{""interval"":12880}",attributes,spans,580706b33949,railway-simulation,caff2817decceb63,4e13d20fc322ea255a88d558bbf44a72
,,3469,2025-12-01T13:17:45.976701674Z,2025-12-01T14:17:45.976701674Z,2025-12-01T13:55:37.090144001Z,"{""interval"":72940}",attributes,spans,580706b33949,railway-simulation,cb1b61bd2b1cb35b,777d94e7bfbf36a46fd65f9d249c7f6b
,,3470,2025-12-01T13:17:45.976701674Z,2025-12-01T14:17:45.976701674Z,2025-12-01T13:56:09.566035929Z,"{""interval"":78220}",attributes,spans,580706b33949,railway-simulation,cb277c333fe30f1e,e00cd381a256c7275aba24f0323042a2
,,3471,2025-12-01T13:17:45.976701674Z,2025-12-01T14:17:45.976701674Z,2025-12-01T13:57:25.463259523Z,"{""interval"":89440}",attributes,spans,580706b33949,railway-simulation,cb3b29da3b376ba8,7e5f574800349a5d9b4916f1de018839
,,3472,2025-12-01T13:17:45.976701674Z,2025-12-01T14:17:45.976701674Z,2025-12-01T13:52:26.73259114Z,"{""interval"":41425}",attributes,spans,580706b33949,railway-simulation,cb5200efdc32652c,07429427da203f01695f8cadea0ad5f6
,,3473,2025-12-01T13:17:45.976701674Z,2025-12-01T14:17:45.976701674Z,2025-12-01T13:56:50.635814453Z,"{""interval"":84985}",attributes,spans,580706b33949,railway-simulation,cb67e5a4f30be5e2,651722576c83c20f863b179bbcd502d2
,,3474,2025-12-01T13:17:45.976701674Z,2025-12-01T14:17:45.976701674Z,2025-12-01T13:55:20.06593103Z,"{""interval"":70135}",attributes,spans,580706b33949,railway-simulation,cb78f024b3a2c346,a42c644d5909ca7f723b1329bd4ff123
,,3475,2025-12-01T13:17:45.976701674Z,2025-12-01T14:17:45.976701674Z,2025-12-01T13:48:33.065738909Z,"{""interval"":2980}",attributes,spans,580706b33949,railway-simulation,cb8e90a26ee8fa5f,29ffa9409c745561f1987993f90d3e13
,,3476,2025-12-01T13:17:45.976701674Z,2025-12-01T14:17:45.976701674Z,2025-12-01T13:54:31.899341558Z,"{""interval"":62050}",attributes,spans,580706b33949,railway-simulation,cb94d48773973c46,dfa7cff867f7e7c664ca39e3ce48ce75
,,3477,2025-12-01T13:17:45.976701674Z,2025-12-01T14:17:45.976701674Z,2025-12-01T13:53:40.899213837Z,"{""interval"":53634.99999999999}",attributes,spans,580706b33949,railway-simulation,cbba6160a95d56c9,47c6256c81595b46b7ae2edfedeffc8d
,,3478,2025-12-01T13:17:45.976701674Z,2025-12-01T14:17:45.976701674Z,2025-12-01T13:58:40.953891025Z,"{""interval"":98680}",attributes,spans,580706b33949,railway-simulation,cbcbcdf858be6417,9eb89e3bb9c123f72b3e141e9a3fa8b0
,,3479,2025-12-01T13:17:45.976701674Z,2025-12-01T14:17:45.976701674Z,2025-12-01T13:53:15.732985638Z,"{""interval"":49510}",attributes,spans,580706b33949,railway-simulation,cbcc77746c0971e5,a2d4fed5b3a31870a73f373eff58efe9
,,3480,2025-12-01T13:17:45.976701674Z,2025-12-01T14:17:45.976701674Z,2025-12-01T13:49:42.5659313Z,"{""interval"":14365}",attributes,spans,580706b33949,railway-simulation,cbd72e4baf3f3be5,2747aa5a5fc9f4c5925dfd41a193c997
,,3481,2025-12-01T13:17:45.976701674Z,2025-12-01T14:17:45.976701674Z,2025-12-01T13:50:32.065955903Z,"{""interval"":22615}",attributes,spans,580706b33949,railway-simulation,cbd85f0ac672e3f2,563ed44eeed7d41e3da9e863c95e695b
,,3482,2025-12-01T13:17:45.976701674Z,2025-12-01T14:17:45.976701674Z,2025-12-01T13:57:11.735035504Z,"{""interval"":88120}",attributes,spans,580706b33949,railway-simulation,cbfe57b9b43ba006,34279b2315b51590c6d7f7127c7314af
,,3483,2025-12-01T13:17:45.976701674Z,2025-12-01T14:17:45.976701674Z,2025-12-01T13:56:06.232807732Z,"{""interval"":77725}",attributes,spans,580706b33949,railway-simulation,cc2ac6c111425850,079e8aa6f2cb78d67d29175c30e97ebb
,,3484,2025-12-01T13:17:45.976701674Z,2025-12-01T14:17:45.976701674Z,2025-12-01T13:48:57.232549514Z,"{""interval"":6940}",attributes,spans,580706b33949,railway-simulation,cc2b77dcad15f7f2,bdfcec4b0d5bbd923dda517cd061c6c0
,,3485,2025-12-01T13:17:45.976701674Z,2025-12-01T14:17:45.976701674Z,2025-12-01T13:53:24.066014046Z,"{""interval"":50995}",attributes,spans,580706b33949,railway-simulation,cc36f458cab87796,efec31594e4b07a115e20299ada1e43c
,,3486,2025-12-01T13:17:45.976701674Z,2025-12-01T14:17:45.976701674Z,2025-12-01T13:48:22.89899127Z,"{""interval"":1165}",attributes,spans,580706b33949,railway-simulation,cc3f9f82ae4c80dd,7532bede69d6ead9ec83ba9e1ca9374b
,,3487,2025-12-01T13:17:45.976701674Z,2025-12-01T14:17:45.976701674Z,2025-12-01T13:57:12.267703005Z,"{""interval"":88120}",attributes,spans,580706b33949,railway-simulation,cc60b484acb4b280,a7aa5aaeb2203774200564c653165d88
,,3488,2025-12-01T13:17:45.976701674Z,2025-12-01T14:17:45.976701674Z,2025-12-01T13:50:35.732611463Z,"{""interval"":23110}",attributes,spans,580706b33949,railway-simulation,cc64f705ebd959d7,f57829b187d62a0217557a6e722d831c
,,3489,2025-12-01T13:17:45.976701674Z,2025-12-01T14:17:45.976701674Z,2025-12-01T13:54:08.399255623Z,"{""interval"":58255}",attributes,spans,580706b33949,railway-simulation,cc70884711a8eec8,4e6a4d571af0c77b2220e15e825cdf99
,,3490,2025-12-01T13:17:45.976701674Z,2025-12-01T14:17:45.976701674Z,2025-12-01T13:51:47.399255906Z,"{""interval"":34990}",attributes,spans,580706b33949,railway-simulation,cc7108bd5aaaccea,d7de7bcf3f262929d09089fae9d91de9
,,3491,2025-12-01T13:17:45.976701674Z,2025-12-01T14:17:45.976701674Z,2025-12-01T13:54:03.733450372Z,"{""interval"":57429.99999999999}",attributes,spans,580706b33949,railway-simulation,cc7467f6e8c1358b,c62bff3a1cd332e12fc6e1b2d6a33c4b
,,3492,2025-12-01T13:17:45.976701674Z,2025-12-01T14:17:45.976701674Z,2025-12-01T13:51:47.565924296Z,"{""interval"":34990}",attributes,spans,580706b33949,railway-simulation,cc94de0ab5c70c24,90c4305936a87375c5562f7077fdf4bc
,,3493,2025-12-01T13:17:45.976701674Z,2025-12-01T14:17:45.976701674Z,2025-12-01T13:48:45.232788813Z,"{""interval"":4960}",attributes,spans,580706b33949,railway-simulation,ccb36fb705f41f57,6181aa4819a00e39b20ae42edfb3ac42
,,3494,2025-12-01T13:17:45.976701674Z,2025-12-01T14:17:45.976701674Z,2025-12-01T13:55:27.732619732Z,"{""interval"":71290}",attributes,spans,580706b33949,railway-simulation,ccbb355f1da71cf9,9979cc27b7b60e23f3915bd8c87d49cc
,,3495,2025-12-01T13:17:45.976701674Z,2025-12-01T14:17:45.976701674Z,2025-12-01T13:55:22.565986788Z,"{""interval"":70465}",attributes,spans,580706b33949,railway-simulation,ccc78224abd8e71d,02bcca50312dd30a9066f5de16eca266
,,3496,2025-12-01T13:17:45.976701674Z,2025-12-01T14:17:45.976701674Z,2025-12-01T13:55:53.232895002Z,"{""interval"":75580}",attributes,spans,580706b33949,railway-simulation,cccf32f677bbe8c7,ab8b85904b5e745e21d48f4f1b2fcbca
,,3497,2025-12-01T13:17:45.976701674Z,2025-12-01T14:17:45.976701674Z,2025-12-01T13:56:11.732689316Z,"{""interval"":78550}",attributes,spans,580706b33949,railway-simulation,ccf4abb47c87c84c,b191bf8f1e9ab0ac8c67c25cb381245b
,,3498,2025-12-01T13:17:45.976701674Z,2025-12-01T14:17:45.976701674Z,2025-12-01T13:54:42.399270617Z,"{""interval"":63865}",attributes,spans,580706b33949,railway-simulation,ccf55a0989eb885a,bb1dfbf8638baf98db9f64709ff77e5d
,,3499,2025-12-01T13:17:45.976701674Z,2025-12-01T14:17:45.976701674Z,2025-12-01T13:55:37.732618103Z,"{""interval"":72940}",attributes,spans,580706b33949,railway-simulation,cd06fb829fb40d84,830663c288fdb9a0f3b4ce97e19063bd
,,3500,2025-12-01T13:17:45.976701674Z,2025-12-01T14:17:45.976701674Z,2025-12-01T13:57:33.936515508Z,"{""interval"":90265}",attributes,spans,580706b33949,railway-simulation,cd36884fd47ed236,84a95f6e1a532637e8e8845886037741
,,3501,2025-12-01T13:17:45.976701674Z,2025-12-01T14:17:45.976701674Z,2025-12-01T13:55:19.399303597Z,"{""interval"":69970}",attributes,spans,580706b33949,railway-simulation,cd467a014aa5f5f4,8142222e5d1fa845ecb6a2c693c53116
,,3502,2025-12-01T13:17:45.976701674Z,2025-12-01T14:17:45.976701674Z,2025-12-01T13:51:06.066093073Z,"{""interval"":28225.000000000004}",attributes,spans,580706b33949,railway-simulation,cd4d4a750782c752,decceed61d21d92ce440ef57a4e2a4b2
,,3503,2025-12-01T13:17:45.976701674Z,2025-12-01T14:17:45.976701674Z,2025-12-01T13:50:57.400050967Z,"{""interval"":26740}",attributes,spans,580706b33949,railway-simulation,cd6aeefcf486964c,984d05aff1001c13cd628c90705bbfd5
,,3504,2025-12-01T13:17:45.976701674Z,2025-12-01T14:17:45.976701674Z,2025-12-01T13:55:57.567393567Z,"{""interval"":76240}",attributes,spans,580706b33949,railway-simulation,cd730486ce2888bb,1573e3280512fdd10d94e7a58457925c
,,3505,2025-12-01T13:17:45.976701674Z,2025-12-01T14:17:45.976701674Z,2025-12-01T13:58:23.891023281Z,"{""interval"":95875}",attributes,spans,580706b33949,railway-simulation,cd83441d3643eab8,3a6c76b63ea7df8f1dbb52d132aa18c0
,,3506,2025-12-01T13:17:45.976701674Z,2025-12-01T14:17:45.976701674Z,2025-12-01T13:51:14.399329101Z,"{""interval"":29545}",attributes,spans,580706b33949,railway-simulation,cd89869516eb05d8,b25f9d9cc83d9702040dfab666426c91
,,3507,2025-12-01T13:17:45.976701674Z,2025-12-01T14:17:45.976701674Z,2025-12-01T13:52:53.732623274Z,"{""interval"":45880}",attributes,spans,580706b33949,railway-simulation,cdd06cac8883eb4c,199fb9c0aaead0ec105f0f8ac1b626e3
,,3508,2025-12-01T13:17:45.976701674Z,2025-12-01T14:17:45.976701674Z,2025-12-01T13:55:12.899313741Z,"{""interval"":68815}",attributes,spans,580706b33949,railway-simulation,cdd7570e26bfcfa2,834d58f308573ab260b9038522f93b9c
,,3509,2025-12-01T13:17:45.976701674Z,2025-12-01T14:17:45.976701674Z,2025-12-01T13:55:27.06593923Z,"{""interval"":71290}",attributes,spans,580706b33949,railway-simulation,cdf0ab1465130773,917ba0a327f320f8c138277d520248ea
,,3510,2025-12-01T13:17:45.976701674Z,2025-12-01T14:17:45.976701674Z,2025-12-01T13:51:14.066027495Z,"{""interval"":29545}",attributes,spans,580706b33949,railway-simulation,cdfd411841f80a5f,c3bd061c7cfe391f24dd70d11c648799
,,3511,2025-12-01T13:17:45.976701674Z,2025-12-01T14:17:45.976701674Z,2025-12-01T13:49:52.900179818Z,"{""interval"":16015}",attributes,spans,580706b33949,railway-simulation,ce1a407c52945670,c10ff437a400e1eb23cdf86f8400a7eb
,,3512,2025-12-01T13:17:45.976701674Z,2025-12-01T14:17:45.976701674Z,2025-12-01T13:56:23.23271657Z,"{""interval"":80530}",attributes,spans,580706b33949,railway-simulation,ce636709721e0f0f,a5601c4f40d0b51e5cf2df162fa55d64
,,3513,2025-12-01T13:17:45.976701674Z,2025-12-01T14:17:45.976701674Z,2025-12-01T13:48:51.732461331Z,"{""interval"":5950}",attributes,spans,580706b33949,railway-simulation,ce7027513e4bc29e,312d86a75278e749f19f3d68a84da0ce
,,3514,2025-12-01T13:17:45.976701674Z,2025-12-01T14:17:45.976701674Z,2025-12-01T13:50:44.566003951Z,"{""interval"":24595}",attributes,spans,580706b33949,railway-simulation,ce713eafdb9543d7,469e5e08122e415411704228b1201e78
,,3515,2025-12-01T13:17:45.976701674Z,2025-12-01T14:17:45.976701674Z,2025-12-01T13:52:56.065995876Z,"{""interval"":46375}",attributes,spans,580706b33949,railway-simulation,ce85e67386c0284c,236164d18fe0a890694d0fbcb86e61f1
,,3516,2025-12-01T13:17:45.976701674Z,2025-12-01T14:17:45.976701674Z,2025-12-01T13:58:34.672281866Z,"{""interval"":97525}",attributes,spans,580706b33949,railway-simulation,ce9ddab036fc64ad,4a1cc390fdb7d797bc1e4a1c44d2c6d4
,,3517,2025-12-01T13:17:45.976701674Z,2025-12-01T14:17:45.976701674Z,2025-12-01T13:48:44.899302393Z,"{""interval"":4795}",attributes,spans,580706b33949,railway-simulation,cea706f298af57da,793df7b94409a414d8998fa866f0c6f4
,,3518,2025-12-01T13:17:45.976701674Z,2025-12-01T14:17:45.976701674Z,2025-12-01T13:55:39.566336963Z,"{""interval"":73270}",attributes,spans,580706b33949,railway-simulation,cebe310ed51ecd41,e3bb2c23f4e5f39fff00cce9792d6043
,,3519,2025-12-01T13:17:45.976701674Z,2025-12-01T14:17:45.976701674Z,2025-12-01T13:52:26.232577492Z,"{""interval"":41425}",attributes,spans,580706b33949,railway-simulation,cec23bd05a8905fc,28e89441fd2760aec8866663e59ec3ff
,,3520,2025-12-01T13:17:45.976701674Z,2025-12-01T14:17:45.976701674Z,2025-12-01T13:51:39.2326759Z,"{""interval"":33670}",attributes,spans,580706b33949,railway-simulation,cec8cd595918b42f,a99486276a1af53dcd7696f67645ec2e
,,3521,2025-12-01T13:17:45.976701674Z,2025-12-01T14:17:45.976701674Z,2025-12-01T13:55:01.232660215Z,"{""interval"":67000}",attributes,spans,580706b33949,railway-simulation,cee3e42a83227f54,dc7018fedfa08014998b4924d0e161d7
,,3522,2025-12-01T13:17:45.976701674Z,2025-12-01T14:17:45.976701674Z,2025-12-01T13:50:43.899322898Z,"{""interval"":24430}",attributes,spans,580706b33949,railway-simulation,cf2985a8217fdc59,160dcc1ae129b3b8bdb796aea209b6db
,,3523,2025-12-01T13:17:45.976701674Z,2025-12-01T14:17:45.976701674Z,2025-12-01T13:48:53.232731834Z,"{""interval"":6280}",attributes,spans,580706b33949,railway-simulation,cf2ddf9a3f37af26,0b36ede789811128bb01f0c779b2553f
,,3524,2025-12-01T13:17:45.976701674Z,2025-12-01T14:17:45.976701674Z,2025-12-01T13:53:50.06608233Z,"{""interval"":55285}",attributes,spans,580706b33949,railway-simulation,cf39368d6b1e53ec,37b7f34e99d93b43841f72d5164db2a9
,,3525,2025-12-01T13:17:45.976701674Z,2025-12-01T14:17:45.976701674Z,2025-12-01T13:52:36.066101171Z,"{""interval"":43075}",attributes,spans,580706b33949,railway-simulation,cf5a1c554708bede,c448a974b18ae825234e65ef4e127415
,,3526,2025-12-01T13:17:45.976701674Z,2025-12-01T14:17:45.976701674Z,2025-12-01T13:50:20.733221Z,"{""interval"":20635}",attributes,spans,580706b33949,railway-simulation,cf621d315014b3f0,4abb066ef64ec62b3c7be06ad2eda774
,,3527,2025-12-01T13:17:45.976701674Z,2025-12-01T14:17:45.976701674Z,2025-12-01T13:53:14.399280662Z,"{""interval"":49345}",attributes,spans,580706b33949,railway-simulation,cf76fe8c7ebfb3ed,9ca1d701b3778c4514d0328c7e04e33a
,,3528,2025-12-01T13:17:45.976701674Z,2025-12-01T14:17:45.976701674Z,2025-12-01T13:58:28.818421832Z,"{""interval"":96535}",attributes,spans,580706b33949,railway-simulation,cf7923ed2f1e2022,642bb3e04f2ec0100061a44eed9972b5
,,3529,2025-12-01T13:17:45.976701674Z,2025-12-01T14:17:45.976701674Z,2025-12-01T13:53:50.899296735Z,"{""interval"":55285}",attributes,spans,580706b33949,railway-simulation,cf7bc948aad7ca6b,e3ce7116281ca0c680d0b207f6a73a64
,,3530,2025-12-01T13:17:45.976701674Z,2025-12-01T14:17:45.976701674Z,2025-12-01T13:57:06.435798282Z,"{""interval"":87460}",attributes,spans,580706b33949,railway-simulation,cf8e009a44d03b06,9eeb23d5b5a9e3a889a399739b8723f5
,,3531,2025-12-01T13:17:45.976701674Z,2025-12-01T14:17:45.976701674Z,2025-12-01T13:56:25.732575106Z,"{""interval"":80860}",attributes,spans,580706b33949,railway-simulation,cfa2225546ec7a50,1357acc2d3bba9ecad704137798dae25
,,3532,2025-12-01T13:17:45.976701674Z,2025-12-01T14:17:45.976701674Z,2025-12-01T13:52:08.06594444Z,"{""interval"":38455}",attributes,spans,580706b33949,railway-simulation,cfb7ae6c6968244c,34579669dfa26409ea6ac840e77ae28c
,,3533,2025-12-01T13:17:45.976701674Z,2025-12-01T14:17:45.976701674Z,2025-12-01T13:55:21.065975368Z,"{""interval"":70300}",attributes,spans,580706b33949,railway-simulation,cfb862c230d11489,620232f62e857945b49af82b962cc124
,,3534,2025-12-01T13:17:45.976701674Z,2025-12-01T14:17:45.976701674Z,2025-12-01T13:55:59.232812378Z,"{""interval"":76570}",attributes,spans,580706b33949,railway-simulation,cfc8ace4382f71df,69c6818e9491efeea527621a51f34b74
,,3535,2025-12-01T13:17:45.976701674Z,2025-12-01T14:17:45.976701674Z,2025-12-01T13:54:35.232607452Z,"{""interval"":62709.99999999999}",attributes,spans,580706b33949,railway-simulation,cfdc406ebb82e85b,2e55eb9a1c9b80ff1823f7752241db5a
,,3536,2025-12-01T13:17:45.976701674Z,2025-12-01T14:17:45.976701674Z,2025-12-01T13:55:59.066024457Z,"{""interval"":76570}",attributes,spans,580706b33949,railway-simulation,cfe078407ba94487,3a3c8e841aa4c96080ff986facfb37eb
,,3537,2025-12-01T13:17:45.976701674Z,2025-12-01T14:17:45.976701674Z,2025-12-01T13:55:49.901403865Z,"{""interval"":74920}",attributes,spans,580706b33949,railway-simulation,cff63cd04f1df8d2,8cbc5f832d666bc5795dc2299337f408
,,3538,2025-12-01T13:17:45.976701674Z,2025-12-01T14:17:45.976701674Z,2025-12-01T13:55:15.899283452Z,"{""interval"":69310}",attributes,spans,580706b33949,railway-simulation,d010497ac5583e6b,865e2c6c5aa0beeefdbe1ea74d34c695
,,3539,2025-12-01T13:17:45.976701674Z,2025-12-01T14:17:45.976701674Z,2025-12-01T13:52:07.899215213Z,"{""interval"":38290}",attributes,spans,580706b33949,railway-simulation,d0259b88e6699424,62477ed295caab78fef26e910ddd668f
,,3540,2025-12-01T13:17:45.976701674Z,2025-12-01T14:17:45.976701674Z,2025-12-01T13:49:29.566232773Z,"{""interval"":12220}",attributes,spans,580706b33949,railway-simulation,d037982a0300ed84,fbfff643c69aae2f7138cf43723d87e7
,,3541,2025-12-01T13:17:45.976701674Z,2025-12-01T14:17:45.976701674Z,2025-12-01T13:55:28.899287764Z,"{""interval"":71455}",attributes,spans,580706b33949,railway-simulation,d04030b67dbf8bf7,fb87ee70c4f5f274faac61ef2864c5ef
,,3542,2025-12-01T13:17:45.976701674Z,2025-12-01T14:17:45.976701674Z,2025-12-01T13:56:14.232631654Z,"{""interval"":79045}",attributes,spans,580706b33949,railway-simulation,d05a83d487cf0c8c,6a3117d3e908f8df2b4b4edc930408e7
,,3543,2025-12-01T13:17:45.976701674Z,2025-12-01T14:17:45.976701674Z,2025-12-01T13:50:59.399328611Z,"{""interval"":27069.999999999996}",attributes,spans,580706b33949,railway-simulation,d0b79fe3b739bfbb,0968f755204c58543dad4606f97ab155
,,3544,2025-12-01T13:17:45.976701674Z,2025-12-01T14:17:45.976701674Z,2025-12-01T13:58:17.326120024Z,"{""interval"":95050}",attributes,spans,580706b33949,railway-simulation,d0f40992b68a68a6,51179a1992bbb6ec895ef053e7e0d99a
,,3545,2025-12-01T13:17:45.976701674Z,2025-12-01T14:17:45.976701674Z,2025-12-01T13:48:23.565507618Z,"{""interval"":1330}",attributes,spans,580706b33949,railway-simulation,d0f7acee01773b64,d1999e0e8b69c86b9442b08e7efde899
,,3546,2025-12-01T13:17:45.976701674Z,2025-12-01T14:17:45.976701674Z,2025-12-01T13:50:59.565916731Z,"{""interval"":27069.999999999996}",attributes,spans,580706b33949,railway-simulation,d10e92cae99e95fa,3119485f69533b614f9b1cb5b51fea53
,,3547,2025-12-01T13:17:45.976701674Z,2025-12-01T14:17:45.976701674Z,2025-12-01T13:58:17.595912227Z,"{""interval"":95050}",attributes,spans,580706b33949,railway-simulation,d10fe44a1c159a5e,438f0dc1e3890fcec101be9f887dff63
,,3548,2025-12-01T13:17:45.976701674Z,2025-12-01T14:17:45.976701674Z,2025-12-01T13:54:20.232597213Z,"{""interval"":60235.00000000001}",attributes,spans,580706b33949,railway-simulation,d11ae126df977eec,8c9411f9605fdf29e619918f82e2788a
,,3549,2025-12-01T13:17:45.976701674Z,2025-12-01T14:17:45.976701674Z,2025-12-01T13:53:10.06674289Z,"{""interval"":48685}",attributes,spans,580706b33949,railway-simulation,d126569b5c6ba99b,d33682b00e17f030b5ef073b14907f41
,,3550,2025-12-01T13:17:45.976701674Z,2025-12-01T14:17:45.976701674Z,2025-12-01T13:53:24.232621177Z,"{""interval"":50995}",attributes,spans,580706b33949,railway-simulation,d1499137a99f72ce,95ec7ce18f8d01bdd4f35dd8ac7c50b6
,,3551,2025-12-01T13:17:45.976701674Z,2025-12-01T14:17:45.976701674Z,2025-12-01T13:52:56.399366885Z,"{""interval"":46375}",attributes,spans,580706b33949,railway-simulation,d150acfe160fea31,33597812322a467d44479450d7cfac90
,,3552,2025-12-01T13:17:45.976701674Z,2025-12-01T14:17:45.976701674Z,2025-12-01T13:55:22.899298679Z,"{""interval"":70465}",attributes,spans,580706b33949,railway-simulation,d181197d649e14e9,2a3de797cfffc0eefa3e7ef9b22027b4
,,3553,2025-12-01T13:17:45.976701674Z,2025-12-01T14:17:45.976701674Z,2025-12-01T13:51:49.065934379Z,"{""interval"":35320}",attributes,spans,580706b33949,railway-simulation,d186dac9498029ac,a3bc9527e43168d5a6940ce49e8097ba
,,3554,2025-12-01T13:17:45.976701674Z,2025-12-01T14:17:45.976701674Z,2025-12-01T13:55:21.399303828Z,"{""interval"":70300}",attributes,spans,580706b33949,railway-simulation,d18f4b2d9ad7736a,57307ece256d5ecb5d7f5ede2350ef30
,,3555,2025-12-01T13:17:45.976701674Z,2025-12-01T14:17:45.976701674Z,2025-12-01T13:50:45.565972144Z,"{""interval"":24760}",attributes,spans,580706b33949,railway-simulation,d191b5f3b6b6f361,602425d12cf22b0394c112080a301908
,,3556,2025-12-01T13:17:45.976701674Z,2025-12-01T14:17:45.976701674Z,2025-12-01T13:51:44.399205091Z,"{""interval"":34495}",attributes,spans,580706b33949,railway-simulation,d193aa721b115548,757452e5c10d70031bdfe70d1b94e6ad
,,3557,2025-12-01T13:17:45.976701674Z,2025-12-01T14:17:45.976701674Z,2025-12-01T13:49:05.399196133Z,"{""interval"":8260}",attributes,spans,580706b33949,railway-simulation,d1b26616bc59579a,8abc808a616e4c0a1cfed52551b42aa8
,,3558,2025-12-01T13:17:45.976701674Z,2025-12-01T14:17:45.976701674Z,2025-12-01T13:56:21.232718676Z,"{""interval"":80200}",attributes,spans,580706b33949,railway-simulation,d1b686824ba93567,8f26ff5dd5c587210fd1d1b98311522d
,,3559,2025-12-01T13:17:45.976701674Z,2025-12-01T14:17:45.976701674Z,2025-12-01T13:56:21.400124365Z,"{""interval"":80200}",attributes,spans,580706b33949,railway-simulation,d1bf81163eb51368,e8454f66228b80d422e6af65325cb162
,,3560,2025-12-01T13:17:45.976701674Z,2025-12-01T14:17:45.976701674Z,2025-12-01T13:49:09.066867743Z,"{""interval"":8920}",attributes,spans,580706b33949,railway-simulation,d1c48da19d62e922,0dbb6d856451d0fa0e4527b6389c4d0f
,,3561,2025-12-01T13:17:45.976701674Z,2025-12-01T14:17:45.976701674Z,2025-12-01T13:51:35.232610467Z,"{""interval"":33010}",attributes,spans,580706b33949,railway-simulation,d1cd68da69f27e1a,2c007b4d1552d30f9af558b5ff990c36
,,3562,2025-12-01T13:17:45.976701674Z,2025-12-01T14:17:45.976701674Z,2025-12-01T13:51:54.399322154Z,"{""interval"":36145}",attributes,spans,580706b33949,railway-simulation,d1e752cd01edaf3e,7ce8627f88a12f43ec5f12aea218a3ca
,,3563,2025-12-01T13:17:45.976701674Z,2025-12-01T14:17:45.976701674Z,2025-12-01T13:57:48.645085142Z,"{""interval"":91915}",attributes,spans,580706b33949,railway-simulation,d1f0f25c6795f8bc,7338ebaac2d65152039fb06f828aadf7
,,3564,2025-12-01T13:17:45.976701674Z,2025-12-01T14:17:45.976701674Z,2025-12-01T13:50:57.732596634Z,"{""interval"":26740}",attributes,spans,580706b33949,railway-simulation,d1fab759657b9265,11532de0ab69971a4d4732151539746f
,,3565,2025-12-01T13:17:45.976701674Z,2025-12-01T14:17:45.976701674Z,2025-12-01T13:54:28.899291364Z,"{""interval"":61555}",attributes,spans,580706b33949,railway-simulation,d1fba038e7d5363f,4f8af17014fce22ff3783fc8c901dd83
,,3566,2025-12-01T13:17:45.976701674Z,2025-12-01T14:17:45.976701674Z,2025-12-01T13:58:28.982581101Z,"{""interval"":96535}",attributes,spans,580706b33949,railway-simulation,d218611eacadbe14,68ebae9f9dd1af00414d1fe4a07374c5
,,3567,2025-12-01T13:17:45.976701674Z,2025-12-01T14:17:45.976701674Z,2025-12-01T13:50:13.566631633Z,"{""interval"":19480}",attributes,spans,580706b33949,railway-simulation,d21c01bd7f89bb3c,5ed13724078f828c6cb133fbd48c6969
,,3568,2025-12-01T13:17:45.976701674Z,2025-12-01T14:17:45.976701674Z,2025-12-01T13:52:54.732714691Z,"{""interval"":46045}",attributes,spans,580706b33949,railway-simulation,d2268d24e92ed8d3,e7825945a75c2912e74f4d0d54a8dd20
,,3569,2025-12-01T13:17:45.976701674Z,2025-12-01T14:17:45.976701674Z,2025-12-01T13:58:30.77253478Z,"{""interval"":96865}",attributes,spans,580706b33949,railway-simulation,d243e3a2f298cd42,ecc59e4bf632077322899fa4cf5fd4c9
,,3570,2025-12-01T13:17:45.976701674Z,2025-12-01T14:17:45.976701674Z,2025-12-01T13:51:50.565887543Z,"{""interval"":35485}",attributes,spans,580706b33949,railway-simulation,d24bf7ec5441c8c0,126a0dd69b1b5d6fc64b4f884a1c0e1d
,,3571,2025-12-01T13:17:45.976701674Z,2025-12-01T14:17:45.976701674Z,2025-12-01T13:50:41.400108734Z,"{""interval"":24100}",attributes,spans,580706b33949,railway-simulation,d2ade78f1ea1f580,4961ed2d439701eed5530a94811c3f17
,,3572,2025-12-01T13:17:45.976701674Z,2025-12-01T14:17:45.976701674Z,2025-12-01T13:51:38.399362157Z,"{""interval"":33505}",attributes,spans,580706b33949,railway-simulation,d2b0287254c28906,35ce1d182a5986112f605fd8be01ee98
,,3573,2025-12-01T13:17:45.976701674Z,2025-12-01T14:17:45.976701674Z,2025-12-01T13:57:41.785037542Z,"{""interval"":91090}",attributes,spans,580706b33949,railway-simulation,d2c1aed853166d3b,53767c3e7c2f4accb57afd43eabe4327
,,3574,2025-12-01T13:17:45.976701674Z,2025-12-01T14:17:45.976701674Z,2025-12-01T13:53:01.732703337Z,"{""interval"":47200}",attributes,spans,580706b33949,railway-simulation,d2c308d7c32fe087,d2fbbf0f5dad1347a88f40d9bbc2ac73
,,3575,2025-12-01T13:17:45.976701674Z,2025-12-01T14:17:45.976701674Z,2025-12-01T13:54:11.56600397Z,"{""interval"":58750.00000000001}",attributes,spans,580706b33949,railway-simulation,d2c5263e208e5359,7afabd3ae2e38e6b1d0ebdcec325d0fe
,,3576,2025-12-01T13:17:45.976701674Z,2025-12-01T14:17:45.976701674Z,2025-12-01T13:54:19.232586933Z,"{""interval"":60070}",attributes,spans,580706b33949,railway-simulation,d2fe3d6670b6c2de,a47183569ae8019b18b810721ed62b4a
,,3577,2025-12-01T13:17:45.976701674Z,2025-12-01T14:17:45.976701674Z,2025-12-01T13:57:36.872751408Z,"{""interval"":90595}",attributes,spans,580706b33949,railway-simulation,d3053040d1691cff,e741c5291ed12ad05916c6dd3b35d2eb
,,3578,2025-12-01T13:17:45.976701674Z,2025-12-01T14:17:45.976701674Z,2025-12-01T13:56:50.195478479Z,"{""interval"":84820}",attributes,spans,580706b33949,railway-simulation,d33674974b197bfa,a648748973e06c08f61047612aaf0e01
,,3579,2025-12-01T13:17:45.976701674Z,2025-12-01T14:17:45.976701674Z,2025-12-01T13:56:54.280133705Z,"{""interval"":85645}",attributes,spans,580706b33949,railway-simulation,d350ef099e60d4b3,1a6c4de54303278c9328b0064d035a32
,,3580,2025-12-01T13:17:45.976701674Z,2025-12-01T14:17:45.976701674Z,2025-12-01T13:56:39.911088051Z,"{""interval"":83170}",attributes,spans,580706b33949,railway-simulation,d35cc211183cf586,9ddb355f1afc6a96242c220110bc8562
,,3581,2025-12-01T13:17:45.976701674Z,2025-12-01T14:17:45.976701674Z,2025-12-01T13:56:52.475963088Z,"{""interval"":85315}",attributes,spans,580706b33949,railway-simulation,d36ee5f5a37003b0,6cc7ba3f771181a5b74e0d7f1d13f690
,,3582,2025-12-01T13:17:45.976701674Z,2025-12-01T14:17:45.976701674Z,2025-12-01T13:53:41.399218471Z,"{""interval"":53800}",attributes,spans,580706b33949,railway-simulation,d36fa495914a3038,f36875ac9bb3d7df6de83e8e187a8cf1
,,3583,2025-12-01T13:17:45.976701674Z,2025-12-01T14:17:45.976701674Z,2025-12-01T13:54:49.232600122Z,"{""interval"":65019.99999999999}",attributes,spans,580706b33949,railway-simulation,d38b6d0ba41942cc,90f7ee03a01a78bf63b7c4e9ae31a714
,,3584,2025-12-01T13:17:45.976701674Z,2025-12-01T14:17:45.976701674Z,2025-12-01T13:52:02.232591359Z,"{""interval"":37465}",attributes,spans,580706b33949,railway-simulation,d3b908fc545c0a06,f1aaec011cbc3d53145ba0275c55287b
,,3585,2025-12-01T13:17:45.976701674Z,2025-12-01T14:17:45.976701674Z,2025-12-01T13:58:21.863950513Z,"{""interval"":95545}",attributes,spans,580706b33949,railway-simulation,d3bd737274c052bf,a94257ef9207c3b690b0ce59d54f08de
,,3586,2025-12-01T13:17:45.976701674Z,2025-12-01T14:17:45.976701674Z,2025-12-01T13:52:20.732635706Z,"{""interval"":40435}",attributes,spans,580706b33949,railway-simulation,d3cb5f8690ce98f7,006376390edef14bb733d58229d4031c
,,3587,2025-12-01T13:17:45.976701674Z,2025-12-01T14:17:45.976701674Z,2025-12-01T13:53:48.066005876Z,"{""interval"":54955.00000000001}",attributes,spans,580706b33949,railway-simulation,d40554f96f7b37c3,9bbddeacba79fe5cb7fbc7c151e003b4
,,3588,2025-12-01T13:17:45.976701674Z,2025-12-01T14:17:45.976701674Z,2025-12-01T13:56:27.566099039Z,"{""interval"":81190}",attributes,spans,580706b33949,railway-simulation,d41c7218517eea20,872945bb0aa6cb85fd028997d822b23a
,,3589,2025-12-01T13:17:45.976701674Z,2025-12-01T14:17:45.976701674Z,2025-12-01T13:53:38.732594682Z,"{""interval"":53305}",attributes,spans,580706b33949,railway-simulation,d427d11cb254899c,a8adaecdc16905b0ed6c3eb49e84741c
,,3590,2025-12-01T13:17:45.976701674Z,2025-12-01T14:17:45.976701674Z,2025-12-01T13:50:54.232572137Z,"{""interval"":26245}",attributes,spans,580706b33949,railway-simulation,d444819e1abf8bcf,fe6c24ee3af41b2da009dfca60a870db
,,3591,2025-12-01T13:17:45.976701674Z,2025-12-01T14:17:45.976701674Z,2025-12-01T13:56:42.424890958Z,"{""interval"":83500}",attributes,spans,580706b33949,railway-simulation,d44836a342d875fe,a2d6da2c6bce4be27ebb2b2011a84dd5
,,3592,2025-12-01T13:17:45.976701674Z,2025-12-01T14:17:45.976701674Z,2025-12-01T13:49:06.565904124Z,"{""interval"":8425}",attributes,spans,580706b33949,railway-simulation,d44ea2e20bbbe5bc,5dd85adc225b6c4b0b68dcd25dd137d0
,,3593,2025-12-01T13:17:45.976701674Z,2025-12-01T14:17:45.976701674Z,2025-12-01T13:52:43.065919617Z,"{""interval"":44230}",attributes,spans,580706b33949,railway-simulation,d456c103b3aff307,65e3634a57f9dd38d1c519ccc8ae18e0
,,3594,2025-12-01T13:17:45.976701674Z,2025-12-01T14:17:45.976701674Z,2025-12-01T13:55:24.565983027Z,"{""interval"":70795}",attributes,spans,580706b33949,railway-simulation,d456d2113ffd85d9,3fa6beffb06654300835c3165569c6b7
,,3595,2025-12-01T13:17:45.976701674Z,2025-12-01T14:17:45.976701674Z,2025-12-01T13:48:44.066474524Z,"{""interval"":4795}",attributes,spans,580706b33949,railway-simulation,d4697dbc8d83dfa7,cbe41cb1d65fa764cac3bd4f4cb73a95
,,3596,2025-12-01T13:17:45.976701674Z,2025-12-01T14:17:45.976701674Z,2025-12-01T13:57:18.899355122Z,"{""interval"":88780}",attributes,spans,580706b33949,railway-simulation,d471d0df0f46902e,b9f14ce49ea5ba6195fbfb141b3a8f24
,,3597,2025-12-01T13:17:45.976701674Z,2025-12-01T14:17:45.976701674Z,2025-12-01T13:56:24.23266942Z,"{""interval"":80695}",attributes,spans,580706b33949,railway-simulation,d47477a6f8d6eed8,59a90b809d1e21ed32cdbcb4c6e08794
,,3598,2025-12-01T13:17:45.976701674Z,2025-12-01T14:17:45.976701674Z,2025-12-01T13:54:43.065959569Z,"{""interval"":64030.00000000001}",attributes,spans,580706b33949,railway-simulation,d481e3f6a79d05fb,27fc8bc2a8be53379d7d50267231d196
,,3599,2025-12-01T13:17:45.976701674Z,2025-12-01T14:17:45.976701674Z,2025-12-01T13:55:30.065937432Z,"{""interval"":71785}",attributes,spans,580706b33949,railway-simulation,d48f493b937a94b6,4fc9498bb27807bd8d733c9d0acb6c5b
,,3600,2025-12-01T13:17:45.976701674Z,2025-12-01T14:17:45.976701674Z,2025-12-01T13:49:02.066415091Z,"{""interval"":7765}",attributes,spans,580706b33949,railway-simulation,d49b34827aae5be7,385127d4cded15454d2d24b347beef3c
,,3601,2025-12-01T13:17:45.976701674Z,2025-12-01T14:17:45.976701674Z,2025-12-01T13:54:39.732636359Z,"{""interval"":63370}",attributes,spans,580706b33949,railway-simulation,d4a39d9999e738a7,6c92e1e3a583d61a8597690bdfcac5d2
,,3602,2025-12-01T13:17:45.976701674Z,2025-12-01T14:17:45.976701674Z,2025-12-01T13:56:58.069798583Z,"{""interval"":86305}",attributes,spans,580706b33949,railway-simulation,d4aa10f8dfb4cde7,51a46a259a5f51c091b46b179fbafefe
,,3603,2025-12-01T13:17:45.976701674Z,2025-12-01T14:17:45.976701674Z,2025-12-01T13:48:48.233185173Z,"{""interval"":5455}",attributes,spans,580706b33949,railway-simulation,d4b314c08ccf839f,df2eeee0a11176eb927b486f2e2282fc
,,3604,2025-12-01T13:17:45.976701674Z,2025-12-01T14:17:45.976701674Z,2025-12-01T13:50:54.065946567Z,"{""interval"":26245}",attributes,spans,580706b33949,railway-simulation,d4d735eb64ba89b5,6604d1788bc52a087e6e5adfc9eb45f5
,,3605,2025-12-01T13:17:45.976701674Z,2025-12-01T14:17:45.976701674Z,2025-12-01T13:49:34.399868958Z,"{""interval"":13045}",attributes,spans,580706b33949,railway-simulation,d506b089e565a473,e94662387a255a34d2dfb410827579c3
,,3606,2025-12-01T13:17:45.976701674Z,2025-12-01T14:17:45.976701674Z,2025-12-01T13:53:59.565956602Z,"{""interval"":56770}",attributes,spans,580706b33949,railway-simulation,d538b9c881f1f1f5,cdb9d2795a1b94779eae2e067bab22fd
,,3607,2025-12-01T13:17:45.976701674Z,2025-12-01T14:17:45.976701674Z,2025-12-01T13:57:59.585593477Z,"{""interval"":93070}",attributes,spans,580706b33949,railway-simulation,d55b844cfd6e380b,588b17d1736c2ba7f6a4e64ffd297adf
,,3608,2025-12-01T13:17:45.976701674Z,2025-12-01T14:17:45.976701674Z,2025-12-01T13:54:45.565998681Z,"{""interval"":64360}",attributes,spans,580706b33949,railway-simulation,d575804335bb4220,1d78a37183622134542e730ae9144f4c
,,3609,2025-12-01T13:17:45.976701674Z,2025-12-01T14:17:45.976701674Z,2025-12-01T13:51:02.399352694Z,"{""interval"":27564.999999999996}",attributes,spans,580706b33949,railway-simulation,d58d11a7272a867a,3bcfc48e217c6e934b5d26ab150b4cca
,,3610,2025-12-01T13:17:45.976701674Z,2025-12-01T14:17:45.976701674Z,2025-12-01T13:55:32.899979947Z,"{""interval"":72115}",attributes,spans,580706b33949,railway-simulation,d5a1f8ca248a50d7,069fb1b3342360db7eed46de9253be3d
,,3611,2025-12-01T13:17:45.976701674Z,2025-12-01T14:17:45.976701674Z,2025-12-01T13:55:15.065935728Z,"{""interval"":69310}",attributes,spans,580706b33949,railway-simulation,d5b5dadbc6fa8448,e216fa5fa78af9a6a9f383358b33daa6
,,3612,2025-12-01T13:17:45.976701674Z,2025-12-01T14:17:45.976701674Z,2025-12-01T13:57:15.190142055Z,"{""interval"":88450}",attributes,spans,580706b33949,railway-simulation,d5b96090334c9b1d,affc302bc92701633405557b9b6d409b
,,3613,2025-12-01T13:17:45.976701674Z,2025-12-01T14:17:45.976701674Z,2025-12-01T13:51:28.566149906Z,"{""interval"":31854.999999999996}",attributes,spans,580706b33949,railway-simulation,d5bcbb1137fe0255,b0ce18d45893b73aa6adc4a3c688f4a1
,,3614,2025-12-01T13:17:45.976701674Z,2025-12-01T14:17:45.976701674Z,2025-12-01T13:50:46.065983119Z,"{""interval"":24925}",attributes,spans,580706b33949,railway-simulation,d5ce53102338685b,e2597cfa23900db9b6a3f6b4b5652f3b
,,3615,2025-12-01T13:17:45.976701674Z,2025-12-01T14:17:45.976701674Z,2025-12-01T13:56:55.289336198Z,"{""interval"":85810}",attributes,spans,580706b33949,railway-simulation,d5d0764e50dc20af,30f59c4c4c540fe47f23ac95f1c4c051
,,3616,2025-12-01T13:17:45.976701674Z,2025-12-01T14:17:45.976701674Z,2025-12-01T13:58:37.459017465Z,"{""interval"":98020}",attributes,spans,580706b33949,railway-simulation,d5e42b281d7ecbdb,bdeaa280379d7d17779a22ff80099402
,,3617,2025-12-01T13:17:45.976701674Z,2025-12-01T14:17:45.976701674Z,2025-12-01T13:58:08.254092904Z,"{""interval"":94060}",attributes,spans,580706b33949,railway-simulation,d63f1c4546afd102,f51bb054620d697b7e726bce53bd5a08
,,3618,2025-12-01T13:17:45.976701674Z,2025-12-01T14:17:45.976701674Z,2025-12-01T13:50:39.732627415Z,"{""interval"":23770}",attributes,spans,580706b33949,railway-simulation,d68253c7e8d53cb6,ea34a91a9be2de39cff6b5ce59c9c756
,,3619,2025-12-01T13:17:45.976701674Z,2025-12-01T14:17:45.976701674Z,2025-12-01T13:54:42.899353426Z,"{""interval"":63865}",attributes,spans,580706b33949,railway-simulation,d6ab35d1f2dc6e18,d767bd28253dd3dfe66764609554ce57
,,3620,2025-12-01T13:17:45.976701674Z,2025-12-01T14:17:45.976701674Z,2025-12-01T13:52:09.232629208Z,"{""interval"":38620}",attributes,spans,580706b33949,railway-simulation,d6bddee62d007d17,453ccfe891e35dce00e2fd3c0171b04b
,,3621,2025-12-01T13:17:45.976701674Z,2025-12-01T14:17:45.976701674Z,2025-12-01T13:56:02.399378334Z,"{""interval"":77065}",attributes,spans,580706b33949,railway-simulation,d6d14a44d123dada,7cc01127db6341983d360681f5b4add2
,,3622,2025-12-01T13:17:45.976701674Z,2025-12-01T14:17:45.976701674Z,2025-12-01T13:54:26.065957475Z,"{""interval"":61224.99999999999}",attributes,spans,580706b33949,railway-simulation,d70a67cab949a5f2,105d27c7e90eeb5c243e66dbd6420e07
,,3623,2025-12-01T13:17:45.976701674Z,2025-12-01T14:17:45.976701674Z,2025-12-01T13:53:29.565947237Z,"{""interval"":51820}",attributes,spans,580706b33949,railway-simulation,d73623625de487ae,3eade228ad2425a486adb0beb391e1ad
,,3624,2025-12-01T13:17:45.976701674Z,2025-12-01T14:17:45.976701674Z,2025-12-01T13:55:50.566075653Z,"{""interval"":75085}",attributes,spans,580706b33949,railway-simulation,d73a213dc265255b,789c0e2203986de814c1a573b07becd0
,,3625,2025-12-01T13:17:45.976701674Z,2025-12-01T14:17:45.976701674Z,2025-12-01T13:54:51.565940154Z,"{""interval"":65350}",attributes,spans,580706b33949,railway-simulation,d770ad12a7992e4b,1a0f6bdf6033b60f1fcb2c232725567c
,,3626,2025-12-01T13:17:45.976701674Z,2025-12-01T14:17:45.976701674Z,2025-12-01T13:53:54.566513221Z,"{""interval"":55945.00000000001}",attributes,spans,580706b33949,railway-simulation,d778cc9af06d8366,17c1d107a288d9ac7aebde9ac48449e2
,,3627,2025-12-01T13:17:45.976701674Z,2025-12-01T14:17:45.976701674Z,2025-12-01T13:56:22.078673492Z,"{""interval"":80365}",attributes,spans,580706b33949,railway-simulation,d77c5e5588e3852f,de2ee75438b0c1d4c418dfeefddb09f2
,,3628,2025-12-01T13:17:45.976701674Z,2025-12-01T14:17:45.976701674Z,2025-12-01T13:53:08.566009065Z,"{""interval"":48355}",attributes,spans,580706b33949,railway-simulation,d79613f34cfe4e2a,8269066abc5a4f7002992235765bdd43
,,3629,2025-12-01T13:17:45.976701674Z,2025-12-01T14:17:45.976701674Z,2025-12-01T13:53:47.899314476Z,"{""interval"":54790}",attributes,spans,580706b33949,railway-simulation,d7b027d11466ae47,e40052802907392876b51020f1354fe6
,,3630,2025-12-01T13:17:45.976701674Z,2025-12-01T14:17:45.976701674Z,2025-12-01T13:54:24.566180996Z,"{""interval"":60895}",attributes,spans,580706b33949,railway-simulation,d7b3e750747146a4,d9ea3e13114e55904c0d1758f94cf109
,,3631,2025-12-01T13:17:45.976701674Z,2025-12-01T14:17:45.976701674Z,2025-12-01T13:56:15.232846626Z,"{""interval"":79210}",attributes,spans,580706b33949,railway-simulation,d7bb4e2f1093bf31,6cb02248539d21ede7b2bc73549abaee
,,3632,2025-12-01T13:17:45.976701674Z,2025-12-01T14:17:45.976701674Z,2025-12-01T13:56:03.232896831Z,"{""interval"":77230}",attributes,spans,580706b33949,railway-simulation,d7d6e1a5c7a0a36e,25863248c4d366323d796178092766a1
,,3633,2025-12-01T13:17:45.976701674Z,2025-12-01T14:17:45.976701674Z,2025-12-01T13:48:48.399369483Z,"{""interval"":5455}",attributes,spans,580706b33949,railway-simulation,d7ec523f9fb23954,1e5a4ae385e18f843941b5d5905c7013
,,3634,2025-12-01T13:17:45.976701674Z,2025-12-01T14:17:45.976701674Z,2025-12-01T13:50:04.566761756Z,"{""interval"":17995}",attributes,spans,580706b33949,railway-simulation,d7fef4257a3d888f,5717f4268ee2143ae0ef5762a3deb5d9
,,3635,2025-12-01T13:17:45.976701674Z,2025-12-01T14:17:45.976701674Z,2025-12-01T13:58:35.153451143Z,"{""interval"":97690}",attributes,spans,580706b33949,railway-simulation,d828e4f6ae755d3f,e40fc92557fd78b87ad57a2cda202593
,,3636,2025-12-01T13:17:45.976701674Z,2025-12-01T14:17:45.976701674Z,2025-12-01T13:48:54.233472304Z,"{""interval"":6445}",attributes,spans,580706b33949,railway-simulation,d837febe8f4502ac,89033b89bf7cb20bd64b57e6627902b4
,,3637,2025-12-01T13:17:45.976701674Z,2025-12-01T14:17:45.976701674Z,2025-12-01T13:50:23.066022196Z,"{""interval"":21130}",attributes,spans,580706b33949,railway-simulation,d88b008954e510d3,85af2e7f1ebd02980c7559e8e7c03015
,,3638,2025-12-01T13:17:45.976701674Z,2025-12-01T14:17:45.976701674Z,2025-12-01T13:55:54.899417004Z,"{""interval"":75745}",attributes,spans,580706b33949,railway-simulation,d898471790a5d2e7,e6ef431aed75a80681d756691adfdf04
,,3639,2025-12-01T13:17:45.976701674Z,2025-12-01T14:17:45.976701674Z,2025-12-01T13:58:30.444459329Z,"{""interval"":96865}",attributes,spans,580706b33949,railway-simulation,d89baf572095a35e,c2f770011ad8c8ce676b1fa8a1bdcdcb
,,3640,2025-12-01T13:17:45.976701674Z,2025-12-01T14:17:45.976701674Z,2025-12-01T13:49:19.066917304Z,"{""interval"":10570}",attributes,spans,580706b33949,railway-simulation,d8a7425d13ae28fe,951946c3d44864d6cbfa0df97b454ad3
,,3641,2025-12-01T13:17:45.976701674Z,2025-12-01T14:17:45.976701674Z,2025-12-01T13:50:30.900015523Z,"{""interval"":22285}",attributes,spans,580706b33949,railway-simulation,d8ba8e20e6f35a01,286d757a1983dd53514d55e660d9e21b
,,3642,2025-12-01T13:17:45.976701674Z,2025-12-01T14:17:45.976701674Z,2025-12-01T13:51:44.732551362Z,"{""interval"":34495}",attributes,spans,580706b33949,railway-simulation,d8ecc295ad0db06e,d73b721d8b3027808a243b7b22e7b76e
,,3643,2025-12-01T13:17:45.976701674Z,2025-12-01T14:17:45.976701674Z,2025-12-01T13:55:04.399282063Z,"{""interval"":67495}",attributes,spans,580706b33949,railway-simulation,d8f1a040d3d0edb2,3c5c380025bf432d11fd06898f9130d6
,,3644,2025-12-01T13:17:45.976701674Z,2025-12-01T14:17:45.976701674Z,2025-12-01T13:49:57.899438316Z,"{""interval"":16840}",attributes,spans,580706b33949,railway-simulation,d902ed0bc4e6afa9,dbb68cb5774e93d715cac8683912434e
,,3645,2025-12-01T13:17:45.976701674Z,2025-12-01T14:17:45.976701674Z,2025-12-01T13:50:03.065930464Z,"{""interval"":17830}",attributes,spans,580706b33949,railway-simulation,d914f9157a81494b,a6567e5b170e40380edc527be267aa6d
,,3646,2025-12-01T13:17:45.976701674Z,2025-12-01T14:17:45.976701674Z,2025-12-01T13:56:23.899385934Z,"{""interval"":80530}",attributes,spans,580706b33949,railway-simulation,d9156eee3b9b5c1b,8a8fd2e08cd7827c4e75093df3b713ee
,,3647,2025-12-01T13:17:45.976701674Z,2025-12-01T14:17:45.976701674Z,2025-12-01T13:54:07.23261669Z,"{""interval"":58090}",attributes,spans,580706b33949,railway-simulation,d91b439c7f8cef53,e0c0e061fe09c1ba77571ba655847145
,,3648,2025-12-01T13:17:45.976701674Z,2025-12-01T14:17:45.976701674Z,2025-12-01T13:51:00.732635389Z,"{""interval"":27235}",attributes,spans,580706b33949,railway-simulation,d939a2c6b25a2804,b964c06db8c658a2ca5903f53530e62c
,,3649,2025-12-01T13:17:45.976701674Z,2025-12-01T14:17:45.976701674Z,2025-12-01T13:52:20.0659283Z,"{""interval"":40435}",attributes,spans,580706b33949,railway-simulation,d93a82a5b7d293a4,ab8179481dd073ac8a477ced3fe23149
,,3650,2025-12-01T13:17:45.976701674Z,2025-12-01T14:17:45.976701674Z,2025-12-01T13:54:36.899290823Z,"{""interval"":62875}",attributes,spans,580706b33949,railway-simulation,d95acfa0ca48c810,85c80e86e1f23d2fff49c1ee3fcb0f4f
,,3651,2025-12-01T13:17:45.976701674Z,2025-12-01T14:17:45.976701674Z,2025-12-01T13:56:09.899534013Z,"{""interval"":78220}",attributes,spans,580706b33949,railway-simulation,d98291d012938e48,df5de962bbbea72b474b43af006821db
,,3652,2025-12-01T13:17:45.976701674Z,2025-12-01T14:17:45.976701674Z,2025-12-01T13:51:57.732597344Z,"{""interval"":36640}",attributes,spans,580706b33949,railway-simulation,d9a8e316ba557e1c,5a48104a925f004b8b72b204221234a0
,,3653,2025-12-01T13:17:45.976701674Z,2025-12-01T14:17:45.976701674Z,2025-12-01T13:48:27.066124Z,"{""interval"":1990}",attributes,spans,580706b33949,railway-simulation,d9cf36a0a885a381,49241caaa7f212360b0f3f3daaf1436a
,,3654,2025-12-01T13:17:45.976701674Z,2025-12-01T14:17:45.976701674Z,2025-12-01T13:56:40.496554034Z,"{""interval"":83335}",attributes,spans,580706b33949,railway-simulation,d9d9bb985915be30,630f3c886d3e088c5424639eebbff37f
,,3655,2025-12-01T13:17:45.976701674Z,2025-12-01T14:17:45.976701674Z,2025-12-01T13:49:15.732880629Z,"{""interval"":9910}",attributes,spans,580706b33949,railway-simulation,d9ebbbb52293d113,90471c0f2ebfa5f44fed95f9b8437a9e
,,3656,2025-12-01T13:17:45.976701674Z,2025-12-01T14:17:45.976701674Z,2025-12-01T13:55:02.232628721Z,"{""interval"":67165}",attributes,spans,580706b33949,railway-simulation,da0a820d30b6e384,588fe0e7a6aacb0e2aca059ad374501d
,,3657,2025-12-01T13:17:45.976701674Z,2025-12-01T14:17:45.976701674Z,2025-12-01T13:54:28.732580902Z,"{""interval"":61555}",attributes,spans,580706b33949,railway-simulation,da0e741118152569,1cf15087ffdb1e364333a01fad1525b4
,,3658,2025-12-01T13:17:45.976701674Z,2025-12-01T14:17:45.976701674Z,2025-12-01T13:56:47.263206676Z,"{""interval"":84325}",attributes,spans,580706b33949,railway-simulation,da1244a18a16b818,564c8ab43a23fa1a33dc455999e328b9
,,3659,2025-12-01T13:17:45.976701674Z,2025-12-01T14:17:45.976701674Z,2025-12-01T13:49:41.899920944Z,"{""interval"":14200}",attributes,spans,580706b33949,railway-simulation,da124e46cd3eeda0,ab91a7ddb1293ed76da8fe07bc5b1a6d
,,3660,2025-12-01T13:17:45.976701674Z,2025-12-01T14:17:45.976701674Z,2025-12-01T13:49:07.732547162Z,"{""interval"":8590}",attributes,spans,580706b33949,railway-simulation,da130a7adb281f04,29319bbab7a2544c38d501ebb8430980
,,3661,2025-12-01T13:17:45.976701674Z,2025-12-01T14:17:45.976701674Z,2025-12-01T13:52:08.732685502Z,"{""interval"":38455}",attributes,spans,580706b33949,railway-simulation,da170994dff03036,988edb83512539c24ad417f5d4e9b2ec
,,3662,2025-12-01T13:17:45.976701674Z,2025-12-01T14:17:45.976701674Z,2025-12-01T13:58:31.087934616Z,"{""interval"":97030}",attributes,spans,580706b33949,railway-simulation,da2b55ea357ab6ff,6116487bb4aaeb2a029165009fea7de9
,,3663,2025-12-01T13:17:45.976701674Z,2025-12-01T14:17:45.976701674Z,2025-12-01T13:49:51.566771604Z,"{""interval"":15850}",attributes,spans,580706b33949,railway-simulation,da3ca27d45611e0e,193447082b39e23e417a030379a6647a
,,3664,2025-12-01T13:17:45.976701674Z,2025-12-01T14:17:45.976701674Z,2025-12-01T13:51:04.232677633Z,"{""interval"":27895}",attributes,spans,580706b33949,railway-simulation,da43817ac18e4c20,f8909cf0042c791a933790fe7fcd8505
,,3665,2025-12-01T13:17:45.976701674Z,2025-12-01T14:17:45.976701674Z,2025-12-01T13:51:03.566085685Z,"{""interval"":27730}",attributes,spans,580706b33949,railway-simulation,da4c927ca35bb768,b80bbe7157d61656f661816a251ce3fd
,,3666,2025-12-01T13:17:45.976701674Z,2025-12-01T14:17:45.976701674Z,2025-12-01T13:52:38.732562468Z,"{""interval"":43405}",attributes,spans,580706b33949,railway-simulation,da812df9c489603e,d26bd96e86e0a1d9199ac2703d5414f9
,,3667,2025-12-01T13:17:45.976701674Z,2025-12-01T14:17:45.976701674Z,2025-12-01T13:56:18.399373722Z,"{""interval"":79705}",attributes,spans,580706b33949,railway-simulation,da917b78a8c7d914,b685e0d6be16062e496c52853d088f46
,,3668,2025-12-01T13:17:45.976701674Z,2025-12-01T14:17:45.976701674Z,2025-12-01T13:49:41.399649241Z,"{""interval"":14200}",attributes,spans,580706b33949,railway-simulation,daa0251991121e82,6a53451d5959d547555b5e750a791a0f
,,3669,2025-12-01T13:17:45.976701674Z,2025-12-01T14:17:45.976701674Z,2025-12-01T13:50:25.065899445Z,"{""interval"":21460}",attributes,spans,580706b33949,railway-simulation,daa8611a7fe840c9,b0f70d4e9f6a96f255e42520641c4c14
,,3670,2025-12-01T13:17:45.976701674Z,2025-12-01T14:17:45.976701674Z,2025-12-01T13:54:20.065950401Z,"{""interval"":60235.00000000001}",attributes,spans,580706b33949,railway-simulation,daae2f01e382fca3,3d62e29d7b5195fc7688d9a8a7e81b95
,,3671,2025-12-01T13:17:45.976701674Z,2025-12-01T14:17:45.976701674Z,2025-12-01T13:49:37.733538397Z,"{""interval"":13540.000000000002}",attributes,spans,580706b33949,railway-simulation,dab2717091633356,869d4f3a33ce6013cb5c7d094b1cbfbf
,,3672,2025-12-01T13:17:45.976701674Z,2025-12-01T14:17:45.976701674Z,2025-12-01T13:56:53.980123079Z,"{""interval"":85480}",attributes,spans,580706b33949,railway-simulation,dacc41945b1ff0da,6464657b3ccf3ddacf6aabb5f3cc2084
,,3673,2025-12-01T13:17:45.976701674Z,2025-12-01T14:17:45.976701674Z,2025-12-01T13:50:27.732702132Z,"{""interval"":21790}",attributes,spans,580706b33949,railway-simulation,dad639a10104f91d,834fb78a325651e65bdcb7164b28a388
,,3674,2025-12-01T13:17:45.976701674Z,2025-12-01T14:17:45.976701674Z,2025-12-01T13:54:14.732559112Z,"{""interval"":59245.00000000001}",attributes,spans,580706b33949,railway-simulation,dadced345ffa751e,5a36d5b5924083332e1cb73b71227a2e
,,3675,2025-12-01T13:17:45.976701674Z,2025-12-01T14:17:45.976701674Z,2025-12-01T13:52:20.899237217Z,"{""interval"":40435}",attributes,spans,580706b33949,railway-simulation,daef59960169f7fa,525880f488dff2ec8fb22881f6f24cf7
,,3676,2025-12-01T13:17:45.976701674Z,2025-12-01T14:17:45.976701674Z,2025-12-01T13:55:56.232596063Z,"{""interval"":76075}",attributes,spans,580706b33949,railway-simulation,daf195822277568d,6e9766cde76eb72bb27e090e70c8834a
,,3677,2025-12-01T13:17:45.976701674Z,2025-12-01T14:17:45.976701674Z,2025-12-01T13:57:27.223184436Z,"{""interval"":89605}",attributes,spans,580706b33949,railway-simulation,daf978e7fb80658b,f1eafdd606b6b19ab20d1d777770235e
,,3678,2025-12-01T13:17:45.976701674Z,2025-12-01T14:17:45.976701674Z,2025-12-01T13:54:42.732607284Z,"{""interval"":63865}",attributes,spans,580706b33949,railway-simulation,daf9dce0b1682383,745a8efd80598abfcb7d3453051c3675
,,3679,2025-12-01T13:17:45.976701674Z,2025-12-01T14:17:45.976701674Z,2025-12-01T13:56:22.732595571Z,"{""interval"":80365}",attributes,spans,580706b33949,railway-simulation,db1e48cd13ae87b9,34b1e287fab5d7c3fd4d86c480c991f2
,,3680,2025-12-01T13:17:45.976701674Z,2025-12-01T14:17:45.976701674Z,2025-12-01T13:51:25.232684281Z,"{""interval"":31359.999999999996}",attributes,spans,580706b33949,railway-simulation,db507a9acf9bb333,9a7ef1811a720a66be5b05a1f710fce3
,,3681,2025-12-01T13:17:45.976701674Z,2025-12-01T14:17:45.976701674Z,2025-12-01T13:51:12.899340698Z,"{""interval"":29214.999999999996}",attributes,spans,580706b33949,railway-simulation,db55a7e6e65e0272,2a1af9830696f725f0e4327cfb513259
,,3682,2025-12-01T13:17:45.976701674Z,2025-12-01T14:17:45.976701674Z,2025-12-01T13:52:23.899378864Z,"{""interval"":40930}",attributes,spans,580706b33949,railway-simulation,db5f54052170f98b,edcd500cbf2efb2502d563d8c8b0b8c5
,,3683,2025-12-01T13:17:45.976701674Z,2025-12-01T14:17:45.976701674Z,2025-12-01T13:52:24.232605114Z,"{""interval"":41095}",attributes,spans,580706b33949,railway-simulation,db62c33bb980d321,8819ba9f9646182da1833a525ec47778
,,3684,2025-12-01T13:17:45.976701674Z,2025-12-01T14:17:45.976701674Z,2025-12-01T13:52:29.065941713Z,"{""interval"":41920}",attributes,spans,580706b33949,railway-simulation,db6d5451d530c25c,a298e2347be460974aa23c05477bb480
,,3685,2025-12-01T13:17:45.976701674Z,2025-12-01T14:17:45.976701674Z,2025-12-01T13:54:37.732588422Z,"{""interval"":63040.00000000001}",attributes,spans,580706b33949,railway-simulation,db8fc22b7e6b6a39,15a7dddd938b82eac2776bededee7621
,,3686,2025-12-01T13:17:45.976701674Z,2025-12-01T14:17:45.976701674Z,2025-12-01T13:56:50.942559115Z,"{""interval"":84985}",attributes,spans,580706b33949,railway-simulation,db98f32c61693c16,7214d44d9d99a5f92b6a5ec2c9e55a87
,,3687,2025-12-01T13:17:45.976701674Z,2025-12-01T14:17:45.976701674Z,2025-12-01T13:56:38.934828326Z,"{""interval"":83005}",attributes,spans,580706b33949,railway-simulation,dba3c5f939556779,5cfc4cd16cc54ad71090e6c63bfc4d16
,,3688,2025-12-01T13:17:45.976701674Z,2025-12-01T14:17:45.976701674Z,2025-12-01T13:51:38.732704227Z,"{""interval"":33505}",attributes,spans,580706b33949,railway-simulation,dba3f7ad6a2886f1,6344ebdf5815f19d5550ad1871dfa2c8
,,3689,2025-12-01T13:17:45.976701674Z,2025-12-01T14:17:45.976701674Z,2025-12-01T13:50:37.399321103Z,"{""interval"":23440}",attributes,spans,580706b33949,railway-simulation,dba5a27cfea8dfda,87850e9b416dad1871a59f9b007b9a34
,,3690,2025-12-01T13:17:45.976701674Z,2025-12-01T14:17:45.976701674Z,2025-12-01T13:54:59.899251581Z,"{""interval"":66670}",attributes,spans,580706b33949,railway-simulation,dbc3ecd62353a901,ee4d54076c89f733c90a52437d02d1e0
,,3691,2025-12-01T13:17:45.976701674Z,2025-12-01T14:17:45.976701674Z,2025-12-01T13:52:57.899347124Z,"{""interval"":46540}",attributes,spans,580706b33949,railway-simulation,dbd21a26d0925495,e5f05ba4cfafae9d94c3cc024f4ac0f9
,,3692,2025-12-01T13:17:45.976701674Z,2025-12-01T14:17:45.976701674Z,2025-12-01T13:48:34.73275545Z,"{""interval"":3145}",attributes,spans,580706b33949,railway-simulation,dbec5d679394f175,c517596f51e43be2a6292e7f5dbad4da
,,3693,2025-12-01T13:17:45.976701674Z,2025-12-01T14:17:45.976701674Z,2025-12-01T13:49:14.732670065Z,"{""interval"":9745}",attributes,spans,580706b33949,railway-simulation,dbfa71d5c20d88d7,dc06f8bca3c01d9123d0dde11c500035
,,3694,2025-12-01T13:17:45.976701674Z,2025-12-01T14:17:45.976701674Z,2025-12-01T13:56:51.561274113Z,"{""interval"":85150}",attributes,spans,580706b33949,railway-simulation,dc010c3400a28acf,7abafea9d59f91301f55cab23ce249d1
,,3695,2025-12-01T13:17:45.976701674Z,2025-12-01T14:17:45.976701674Z,2025-12-01T13:55:13.566019057Z,"{""interval"":68980}",attributes,spans,580706b33949,railway-simulation,dc17e13c5abdc698,123000a96529dbb52517cd5012cf95f2
,,3696,2025-12-01T13:17:45.976701674Z,2025-12-01T14:17:45.976701674Z,2025-12-01T13:52:28.732556656Z,"{""interval"":41755}",attributes,spans,580706b33949,railway-simulation,dc25ceeb7a967524,263e13877ce0462b3a2ae3a92239a38d
,,3697,2025-12-01T13:17:45.976701674Z,2025-12-01T14:17:45.976701674Z,2025-12-01T13:52:32.399217533Z,"{""interval"":42415}",attributes,spans,580706b33949,railway-simulation,dc295d6dfd6565bb,92bb1c8d083b17a4bb215c2eb2f3c5dc
,,3698,2025-12-01T13:17:45.976701674Z,2025-12-01T14:17:45.976701674Z,2025-12-01T13:49:29.399913227Z,"{""interval"":12220}",attributes,spans,580706b33949,railway-simulation,dc37ecf3b85548b3,84d8e1ca1deb471900cf164c217e5af6
,,3699,2025-12-01T13:17:45.976701674Z,2025-12-01T14:17:45.976701674Z,2025-12-01T13:53:19.399276491Z,"{""interval"":50170}",attributes,spans,580706b33949,railway-simulation,dc490ae88d62940e,d66aee32db352175a534410a9ba65a7c
,,3700,2025-12-01T13:17:45.976701674Z,2025-12-01T14:17:45.976701674Z,2025-12-01T13:50:35.232794302Z,"{""interval"":23110}",attributes,spans,580706b33949,railway-simulation,dc6061b043b6114e,0d296910e64a5b9b8c0237ca159fd917
,,3701,2025-12-01T13:17:45.976701674Z,2025-12-01T14:17:45.976701674Z,2025-12-01T13:49:58.065991293Z,"{""interval"":17005}",attributes,spans,580706b33949,railway-simulation,dc7894adc4116beb,95fa6f4ee1be5486f5f599d57fc64ac5
,,3702,2025-12-01T13:17:45.976701674Z,2025-12-01T14:17:45.976701674Z,2025-12-01T13:51:04.566062246Z,"{""interval"":27895}",attributes,spans,580706b33949,railway-simulation,dc8a59e2281e037b,3cc3375b90f8cb4d18fe6ec8466080d1
,,3703,2025-12-01T13:17:45.976701674Z,2025-12-01T14:17:45.976701674Z,2025-12-01T13:49:48.399807158Z,"{""interval"":15354.999999999998}",attributes,spans,580706b33949,railway-simulation,dca2ec002a02296e,061c6dff6df25aaa3b6d70255ae5c068
,,3704,2025-12-01T13:17:45.976701674Z,2025-12-01T14:17:45.976701674Z,2025-12-01T13:49:17.732635987Z,"{""interval"":10240}",attributes,spans,580706b33949,railway-simulation,dcc0f43e5ba7478b,daf6063b5b80c29e30cd5adc4a5e4cd5
,,3705,2025-12-01T13:17:45.976701674Z,2025-12-01T14:17:45.976701674Z,2025-12-01T13:56:12.732785744Z,"{""interval"":78715}",attributes,spans,580706b33949,railway-simulation,dcc5b079c86d6d97,56e89746c2388be91fac93e5d3a1b7d4
,,3706,2025-12-01T13:17:45.976701674Z,2025-12-01T14:17:45.976701674Z,2025-12-01T13:50:44.232693064Z,"{""interval"":24595}",attributes,spans,580706b33949,railway-simulation,dcdbcca73a3273f3,2434e61bf7dfebb8a4228096751f5091
,,3707,2025-12-01T13:17:45.976701674Z,2025-12-01T14:17:45.976701674Z,2025-12-01T13:52:19.565899871Z,"{""interval"":40270}",attributes,spans,580706b33949,railway-simulation,dce3876bdcd207e2,231e6d5625eb52d055a8c4ff91910e0f
,,3708,2025-12-01T13:17:45.976701674Z,2025-12-01T14:17:45.976701674Z,2025-12-01T13:57:27.795919714Z,"{""interval"":89605}",attributes,spans,580706b33949,railway-simulation,dcf49e4cd51e6ffc,8e1e503ab3b198a3db1a74e719fe2e56
,,3709,2025-12-01T13:17:45.976701674Z,2025-12-01T14:17:45.976701674Z,2025-12-01T13:52:15.065999991Z,"{""interval"":39610}",attributes,spans,580706b33949,railway-simulation,dd03d69dcffe3b50,aa75501ab896e4e95cbf9dca42f16990
,,3710,2025-12-01T13:17:45.976701674Z,2025-12-01T14:17:45.976701674Z,2025-12-01T13:51:30.566001573Z,"{""interval"":32185}",attributes,spans,580706b33949,railway-simulation,dd17c69d657c12b8,332ea81fea3a35dcffcf668a46015936
,,3711,2025-12-01T13:17:45.976701674Z,2025-12-01T14:17:45.976701674Z,2025-12-01T13:54:26.899288242Z,"{""interval"":61224.99999999999}",attributes,spans,580706b33949,railway-simulation,dd18322dcb5b4502,08af8f7edf12346ca4560bfda33f9046
,,3712,2025-12-01T13:17:45.976701674Z,2025-12-01T14:17:45.976701674Z,2025-12-01T13:49:27.06686429Z,"{""interval"":11890}",attributes,spans,580706b33949,railway-simulation,dd2fdd737bd1d5c5,fbef588b6d9aa1db6b7482b66c815d3a
,,3713,2025-12-01T13:17:45.976701674Z,2025-12-01T14:17:45.976701674Z,2025-12-01T13:55:06.565966013Z,"{""interval"":67825}",attributes,spans,580706b33949,railway-simulation,dd5dfb9814283bde,bc928d02be504c25dfd1d186b3585799
,,3714,2025-12-01T13:17:45.976701674Z,2025-12-01T14:17:45.976701674Z,2025-12-01T13:49:02.900161152Z,"{""interval"":7765}",attributes,spans,580706b33949,railway-simulation,dd652a5d748d39b4,e693120d9c339bb4d2bfeabf83545905
,,3715,2025-12-01T13:17:45.976701674Z,2025-12-01T14:17:45.976701674Z,2025-12-01T13:52:25.732577246Z,"{""interval"":41260}",attributes,spans,580706b33949,railway-simulation,dd6dabadfff1b73d,f1fa49efc4b7d46774b8f2d3d7c454ee
,,3716,2025-12-01T13:17:45.976701674Z,2025-12-01T14:17:45.976701674Z,2025-12-01T13:57:39.28967211Z,"{""interval"":90760}",attributes,spans,580706b33949,railway-simulation,dd86c096fba52834,c186db1291a83abca2abd4d897e6a97f
,,3717,2025-12-01T13:17:45.976701674Z,2025-12-01T14:17:45.976701674Z,2025-12-01T13:50:26.73264374Z,"{""interval"":21625}",attributes,spans,580706b33949,railway-simulation,ddad61f8fb15f0a7,71f27fdf505150938d988c8ce11061fe
,,3718,2025-12-01T13:17:45.976701674Z,2025-12-01T14:17:45.976701674Z,2025-12-01T13:54:16.899249036Z,"{""interval"":59575}",attributes,spans,580706b33949,railway-simulation,ddbb070f9d8c407c,73ccadbd23eae50e3731b44f9597e2de
,,3719,2025-12-01T13:17:45.976701674Z,2025-12-01T14:17:45.976701674Z,2025-12-01T13:54:40.232604808Z,"{""interval"":63535.00000000001}",attributes,spans,580706b33949,railway-simulation,ddbb3e563f9c6ae4,2d28e8d043de136b4fa15a2879da3739
,,3720,2025-12-01T13:17:45.976701674Z,2025-12-01T14:17:45.976701674Z,2025-12-01T13:48:45.566537506Z,"{""interval"":4960}",attributes,spans,580706b33949,railway-simulation,ddcf0e4f1fe6a608,b0a56cde6dee48b19e6d4d50df53f850
,,3721,2025-12-01T13:17:45.976701674Z,2025-12-01T14:17:45.976701674Z,2025-12-01T13:54:59.399314842Z,"{""interval"":66670}",attributes,spans,580706b33949,railway-simulation,dde21a37ef4141ff,b2c4fca9312658a9bddd6a5747129ae5
,,3722,2025-12-01T13:17:45.976701674Z,2025-12-01T14:17:45.976701674Z,2025-12-01T13:51:45.399229859Z,"{""interval"":34660}",attributes,spans,580706b33949,railway-simulation,ddf3e4af438fdc3e,181007950cda06076ec19ee59289f337
,,3723,2025-12-01T13:17:45.976701674Z,2025-12-01T14:17:45.976701674Z,2025-12-01T13:55:08.065920827Z,"{""interval"":68155}",attributes,spans,580706b33949,railway-simulation,de0f01d16e0ab4a6,a17b9ba4bd57872d8af94a6553eec902
,,3724,2025-12-01T13:17:45.976701674Z,2025-12-01T14:17:45.976701674Z,2025-12-01T13:49:25.732617368Z,"{""interval"":11560}",attributes,spans,580706b33949,railway-simulation,de10c6bc03144c4c,3d1353f76c7519521bfbeb23e8e3a588
,,3725,2025-12-01T13:17:45.976701674Z,2025-12-01T14:17:45.976701674Z,2025-12-01T13:56:01.39935064Z,"{""interval"":76900}",attributes,spans,580706b33949,railway-simulation,de62c91da3b28d18,254144e754e20dadc40c71558b853203
,,3726,2025-12-01T13:17:45.976701674Z,2025-12-01T14:17:45.976701674Z,2025-12-01T13:53:23.899295701Z,"{""interval"":50830}",attributes,spans,580706b33949,railway-simulation,de6f1058e1190e46,9822173c2e8a6abb0a3633fb2bffdcfc
,,3727,2025-12-01T13:17:45.976701674Z,2025-12-01T14:17:45.976701674Z,2025-12-01T13:58:45.455711711Z,"{""interval"":99340}",attributes,spans,580706b33949,railway-simulation,de7cd3221b43b46b,7b82f8fed003795cf283c0c2cc545873
,,3728,2025-12-01T13:17:45.976701674Z,2025-12-01T14:17:45.976701674Z,2025-12-01T13:53:59.899267024Z,"{""interval"":56770}",attributes,spans,580706b33949,railway-simulation,de992b0af959abae,56503dca60bf03980364085c59c7466a
,,3729,2025-12-01T13:17:45.976701674Z,2025-12-01T14:17:45.976701674Z,2025-12-01T13:55:32.399516214Z,"{""interval"":72115}",attributes,spans,580706b33949,railway-simulation,dea96c4e252fdfd1,c416c816fe49a2a04e98701ce5823e74
,,3730,2025-12-01T13:17:45.976701674Z,2025-12-01T14:17:45.976701674Z,2025-12-01T13:52:33.732588343Z,"{""interval"":42580}",attributes,spans,580706b33949,railway-simulation,dedcbebdd283f009,c7c1f6e51a36f2b7f3a2724ee3c3a9fb
,,3731,2025-12-01T13:17:45.976701674Z,2025-12-01T14:17:45.976701674Z,2025-12-01T13:57:22.431771739Z,"{""interval"":89110}",attributes,spans,580706b33949,railway-simulation,deddb9b46bc8cc94,be0c0a47b179411b3b57d043cdcc5ba0
,,3732,2025-12-01T13:17:45.976701674Z,2025-12-01T14:17:45.976701674Z,2025-12-01T13:50:46.566990532Z,"{""interval"":24925}",attributes,spans,580706b33949,railway-simulation,defb2d362d9c243d,680877a61fc6f5d2a46791d6edd684e3
,,3733,2025-12-01T13:17:45.976701674Z,2025-12-01T14:17:45.976701674Z,2025-12-01T13:48:40.732669367Z,"{""interval"":4135}",attributes,spans,580706b33949,railway-simulation,df032f08da5b1b95,6fbb4309e82ef3a0f955d710c972c4da
,,3734,2025-12-01T13:17:45.976701674Z,2025-12-01T14:17:45.976701674Z,2025-12-01T13:49:04.232543668Z,"{""interval"":8095}",attributes,spans,580706b33949,railway-simulation,df0b039988fccf45,d2562c02024be993b4782d85eeae9744
,,3735,2025-12-01T13:17:45.976701674Z,2025-12-01T14:17:45.976701674Z,2025-12-01T13:55:56.065927585Z,"{""interval"":76075}",attributes,spans,580706b33949,railway-simulation,df50c1044c159c49,a42aca6b51bbfd86b17322d0e3cd4d64
,,3736,2025-12-01T13:17:45.976701674Z,2025-12-01T14:17:45.976701674Z,2025-12-01T13:55:29.899235649Z,"{""interval"":71620}",attributes,spans,580706b33949,railway-simulation,df690f13f9792776,7cff91062aba3feb1aed682dcc76b961
,,3737,2025-12-01T13:17:45.976701674Z,2025-12-01T14:17:45.976701674Z,2025-12-01T13:54:51.399251676Z,"{""interval"":65350}",attributes,spans,580706b33949,railway-simulation,df91f7c4dcf612b3,88a8b72d0a714d2108858cf96c0dc697
,,3738,2025-12-01T13:17:45.976701674Z,2025-12-01T14:17:45.976701674Z,2025-12-01T13:55:47.566147708Z,"{""interval"":74590}",attributes,spans,580706b33949,railway-simulation,df9528ad6608e9ce,bc8109f9ad110847a3c4472059f8e7be
,,3739,2025-12-01T13:17:45.976701674Z,2025-12-01T14:17:45.976701674Z,2025-12-01T13:49:47.399278166Z,"{""interval"":15190}",attributes,spans,580706b33949,railway-simulation,df957483d5450edb,e5fbc77a365b00c537edd1993a9f89f6
,,3740,2025-12-01T13:17:45.976701674Z,2025-12-01T14:17:45.976701674Z,2025-12-01T13:49:40.732563367Z,"{""interval"":14034.999999999998}",attributes,spans,580706b33949,railway-simulation,dfa38b5a7f87114b,822e9ca57ad0f1809a94ef6ee22ec3fc
,,3741,2025-12-01T13:17:45.976701674Z,2025-12-01T14:17:45.976701674Z,2025-12-01T13:53:01.232666971Z,"{""interval"":47200}",attributes,spans,580706b33949,railway-simulation,dfd9fe28b6415fd7,368b938f2b71ed7b9bd2a91f28f91d51
,,3742,2025-12-01T13:17:45.976701674Z,2025-12-01T14:17:45.976701674Z,2025-12-01T13:55:37.899220189Z,"{""interval"":72940}",attributes,spans,580706b33949,railway-simulation,e006bbf6765ebfdb,5c39e25a99ea4308792831176557e5d1
,,3743,2025-12-01T13:17:45.976701674Z,2025-12-01T14:17:45.976701674Z,2025-12-01T13:55:49.565929685Z,"{""interval"":74920}",attributes,spans,580706b33949,railway-simulation,e012d8b3755f0ee5,2e7238a16ea9daf29e60af470b3cc6be
,,3744,2025-12-01T13:17:45.976701674Z,2025-12-01T14:17:45.976701674Z,2025-12-01T13:54:54.565924043Z,"{""interval"":65845}",attributes,spans,580706b33949,railway-simulation,e0146dc0dbf00247,60f912e1115c1f1c1fcb754fd094705c
,,3745,2025-12-01T13:17:45.976701674Z,2025-12-01T14:17:45.976701674Z,2025-12-01T13:53:52.732600013Z,"{""interval"":55615}",attributes,spans,580706b33949,railway-simulation,e023e3ffe83687d3,0c150d3a101d9733cf1f52f9cab1ced9
,,3746,2025-12-01T13:17:45.976701674Z,2025-12-01T14:17:45.976701674Z,2025-12-01T13:56:26.899273614Z,"{""interval"":81025}",attributes,spans,580706b33949,railway-simulation,e048f30f827e8a57,599ab33652959111861a971d79b7ef15
,,3747,2025-12-01T13:17:45.976701674Z,2025-12-01T14:17:45.976701674Z,2025-12-01T13:58:03.164193062Z,"{""interval"":93565}",attributes,spans,580706b33949,railway-simulation,e0522f47527759ba,4a5ef0c7495aae3bd8bded7f056f9f8a
,,3748,2025-12-01T13:17:45.976701674Z,2025-12-01T14:17:45.976701674Z,2025-12-01T13:58:02.941233416Z,"{""interval"":93565}",attributes,spans,580706b33949,railway-simulation,e071561489b98e2a,b5ba523921f50a3942be303c735fa0dc
,,3749,2025-12-01T13:17:45.976701674Z,2025-12-01T14:17:45.976701674Z,2025-12-01T13:49:14.232645287Z,"{""interval"":9745}",attributes,spans,580706b33949,railway-simulation,e0bf8772b198be68,e75a22a257e1d9c7e34d6c6fcda7285e
,,3750,2025-12-01T13:17:45.976701674Z,2025-12-01T14:17:45.976701674Z,2025-12-01T13:54:38.232766275Z,"{""interval"":63205}",attributes,spans,580706b33949,railway-simulation,e0d5c783075740f1,88c868a515c4ab52dfa54d6b5b7c1f02
,,3751,2025-12-01T13:17:45.976701674Z,2025-12-01T14:17:45.976701674Z,2025-12-01T13:51:01.566088214Z,"{""interval"":27400}",attributes,spans,580706b33949,railway-simulation,e11732aa8facd03f,5ba1d9032de3d4c76e2cbfb02bf1b3c1
,,3752,2025-12-01T13:17:45.976701674Z,2025-12-01T14:17:45.976701674Z,2025-12-01T13:56:56.899579655Z,"{""interval"":85975}",attributes,spans,580706b33949,railway-simulation,e129f94f277786f4,056f1c93af6142442772405eaca1ff7c
,,3753,2025-12-01T13:17:45.976701674Z,2025-12-01T14:17:45.976701674Z,2025-12-01T13:48:42.065994631Z,"{""interval"":4465}",attributes,spans,580706b33949,railway-simulation,e139880ca24d3572,c147f117df8a882dc4a4eaf0e332927c
,,3754,2025-12-01T13:17:45.976701674Z,2025-12-01T14:17:45.976701674Z,2025-12-01T13:48:48.065734786Z,"{""interval"":5455}",attributes,spans,580706b33949,railway-simulation,e1571a0e6b822d1a,783d56055b332407834b8338fa8a920f
,,3755,2025-12-01T13:17:45.976701674Z,2025-12-01T14:17:45.976701674Z,2025-12-01T13:55:35.066050904Z,"{""interval"":72610}",attributes,spans,580706b33949,railway-simulation,e16746e421325589,f32a0eeebe94a07c0e943196fd08df6c
,,3756,2025-12-01T13:17:45.976701674Z,2025-12-01T14:17:45.976701674Z,2025-12-01T13:50:28.40030036Z,"{""interval"":21955}",attributes,spans,580706b33949,railway-simulation,e170b29e553888a2,f244492b8a91047f6cd2fe15dbfb470e
,,3757,2025-12-01T13:17:45.976701674Z,2025-12-01T14:17:45.976701674Z,2025-12-01T13:54:03.232598545Z,"{""interval"":57429.99999999999}",attributes,spans,580706b33949,railway-simulation,e187aedc41bacfd5,0d041476f68d8c34148fc82d94a56a6a
,,3758,2025-12-01T13:17:45.976701674Z,2025-12-01T14:17:45.976701674Z,2025-12-01T13:50:34.232654152Z,"{""interval"":22945}",attributes,spans,580706b33949,railway-simulation,e196ce8e3fc6be15,1b0372725c11dfc1d0750242bd472dfc
,,3759,2025-12-01T13:17:45.976701674Z,2025-12-01T14:17:45.976701674Z,2025-12-01T13:49:46.566959684Z,"{""interval"":15025}",attributes,spans,580706b33949,railway-simulation,e1a765f99cb53847,c09a88937873a9d4424013bad8b4ca5a
,,3760,2025-12-01T13:17:45.976701674Z,2025-12-01T14:17:45.976701674Z,2025-12-01T13:55:24.232659042Z,"{""interval"":70795}",attributes,spans,580706b33949,railway-simulation,e1d9e8ee65a8e71e,d80b0e982f0c2f1038c11178b3ac5b24
,,3761,2025-12-01T13:17:45.976701674Z,2025-12-01T14:17:45.976701674Z,2025-12-01T13:50:32.899333139Z,"{""interval"":22615}",attributes,spans,580706b33949,railway-simulation,e1fdbf3fae712580,0609890e5d41a05f9b9f0981b7337029
,,3762,2025-12-01T13:17:45.976701674Z,2025-12-01T14:17:45.976701674Z,2025-12-01T13:50:51.399394708Z,"{""interval"":25750}",attributes,spans,580706b33949,railway-simulation,e24bad9632fdec11,7248bfe8a8db4a2cd3f3e9ce304ab629
,,3763,2025-12-01T13:17:45.976701674Z,2025-12-01T14:17:45.976701674Z,2025-12-01T13:50:49.732643615Z,"{""interval"":25420}",attributes,spans,580706b33949,railway-simulation,e251f32cdba9e2dc,66478b1b9985b53817d21082ce0300e2
,,3764,2025-12-01T13:17:45.976701674Z,2025-12-01T14:17:45.976701674Z,2025-12-01T13:57:29.327854635Z,"{""interval"":89770}",attributes,spans,580706b33949,railway-simulation,e2530954f4deb483,633899e2ee016142102a430a1d86aff8
,,3765,2025-12-01T13:17:45.976701674Z,2025-12-01T14:17:45.976701674Z,2025-12-01T13:51:03.89929303Z,"{""interval"":27730}",attributes,spans,580706b33949,railway-simulation,e260934f904a6afe,97083103c0c8b7371c637c508e1bf698
,,3766,2025-12-01T13:17:45.976701674Z,2025-12-01T14:17:45.976701674Z,2025-12-01T13:58:00.461371551Z,"{""interval"":93235}",attributes,spans,580706b33949,railway-simulation,e270051790e125c7,46ec4550755151b67edc291c4bf425c6
,,3767,2025-12-01T13:17:45.976701674Z,2025-12-01T14:17:45.976701674Z,2025-12-01T13:52:03.232553573Z,"{""interval"":37630}",attributes,spans,580706b33949,railway-simulation,e27c2fbcdcbe1dcf,a10fd146e034689a353d06b7a023adaf
,,3768,2025-12-01T13:17:45.976701674Z,2025-12-01T14:17:45.976701674Z,2025-12-01T13:48:58.89916803Z,"{""interval"":7105}",attributes,spans,580706b33949,railway-simulation,e2aa1abce88c44a8,22e67154d5a42db56d039269b858cb08
,,3769,2025-12-01T13:17:45.976701674Z,2025-12-01T14:17:45.976701674Z,2025-12-01T13:55:11.56591121Z,"{""interval"":68650}",attributes,spans,580706b33949,railway-simulation,e2bf192792e4644d,e837f8f3fc93beaf8477cf6c5c783d32
,,3770,2025-12-01T13:17:45.976701674Z,2025-12-01T14:17:45.976701674Z,2025-12-01T13:52:29.399210904Z,"{""interval"":41920}",attributes,spans,580706b33949,railway-simulation,e2d7ebf1083ab87c,3bcedbd39cbe3e6c9dbd9a67062a5ec3
,,3771,2025-12-01T13:17:45.976701674Z,2025-12-01T14:17:45.976701674Z,2025-12-01T13:54:34.232596437Z,"{""interval"":62545}",attributes,spans,580706b33949,railway-simulation,e2fbf5281d7112a8,095e64247bdc3e8756fde6f26c243ec0
,,3772,2025-12-01T13:17:45.976701674Z,2025-12-01T14:17:45.976701674Z,2025-12-01T13:54:41.566052239Z,"{""interval"":63700}",attributes,spans,580706b33949,railway-simulation,e31d4592d535bde7,50f393825e3af429c3bca249a0498a7d
,,3773,2025-12-01T13:17:45.976701674Z,2025-12-01T14:17:45.976701674Z,2025-12-01T13:52:00.399227553Z,"{""interval"":37135}",attributes,spans,580706b33949,railway-simulation,e33b3ae4c2d2f52d,e704fbb3fd7f3b662f0a3e1fc6a0a798
,,3774,2025-12-01T13:17:45.976701674Z,2025-12-01T14:17:45.976701674Z,2025-12-01T13:55:31.360335524Z,"{""interval"":71950}",attributes,spans,580706b33949,railway-simulation,e33f7a30ea9da701,1fa1e51f9bdf208274e338febfe50fd3
,,3775,2025-12-01T13:17:45.976701674Z,2025-12-01T14:17:45.976701674Z,2025-12-01T13:50:29.732583147Z,"{""interval"":22120}",attributes,spans,580706b33949,railway-simulation,e33f9921f56c37de,17c6041ff60f3b39df3d6191a4150aef
,,3776,2025-12-01T13:17:45.976701674Z,2025-12-01T14:17:45.976701674Z,2025-12-01T13:55:03.399241427Z,"{""interval"":67330}",attributes,spans,580706b33949,railway-simulation,e34e6bd4f22942fb,ba394987c7d4d06be87ebbe76c6fc0bd
,,3777,2025-12-01T13:17:45.976701674Z,2025-12-01T14:17:45.976701674Z,2025-12-01T13:53:41.065962697Z,"{""interval"":53800}",attributes,spans,580706b33949,railway-simulation,e37cd4e241feeeb9,27f667d52db7916d4e203c60f852e89d
,,3778,2025-12-01T13:17:45.976701674Z,2025-12-01T14:17:45.976701674Z,2025-12-01T13:50:04.399259635Z,"{""interval"":17995}",attributes,spans,580706b33949,railway-simulation,e390bac38e736f70,7026406e9a58559caa061727f9362df7
,,3779,2025-12-01T13:17:45.976701674Z,2025-12-01T14:17:45.976701674Z,2025-12-01T13:52:04.565959874Z,"{""interval"":37795}",attributes,spans,580706b33949,railway-simulation,e395f27192acac31,a15670116eb82de6194dbbb4bdad180d
,,3780,2025-12-01T13:17:45.976701674Z,2025-12-01T14:17:45.976701674Z,2025-12-01T13:56:22.39935393Z,"{""interval"":80365}",attributes,spans,580706b33949,railway-simulation,e3a3a5543742d095,fe06cc07a0c8a14c70c121c420415e6c
,,3781,2025-12-01T13:17:45.976701674Z,2025-12-01T14:17:45.976701674Z,2025-12-01T13:56:51.407491676Z,"{""interval"":85150}",attributes,spans,580706b33949,railway-simulation,e3aec20d780b4d7d,02162c3db84befec5e502283afeadb76
,,3782,2025-12-01T13:17:45.976701674Z,2025-12-01T14:17:45.976701674Z,2025-12-01T13:53:23.065920202Z,"{""interval"":50830}",attributes,spans,580706b33949,railway-simulation,e3bc7ddc8f390b84,5d32e23e75c0704aace07721f66d435a
,,3783,2025-12-01T13:17:45.976701674Z,2025-12-01T14:17:45.976701674Z,2025-12-01T13:51:34.232728666Z,"{""interval"":32845}",attributes,spans,580706b33949,railway-simulation,e3ed3734e9f1fc6f,e372012bd23bad161be3a65ff1868448
,,3784,2025-12-01T13:17:45.976701674Z,2025-12-01T14:17:45.976701674Z,2025-12-01T13:50:09.899288128Z,"{""interval"":18820}",attributes,spans,580706b33949,railway-simulation,e3f4edac36d92962,1a367d3bb0366991b27f738b51186fd3
,,3785,2025-12-01T13:17:45.976701674Z,2025-12-01T14:17:45.976701674Z,2025-12-01T13:49:25.066348214Z,"{""interval"":11560}",attributes,spans,580706b33949,railway-simulation,e405e0813729d968,d96dea28daa99d38eaa4532f490de4ff
,,3786,2025-12-01T13:17:45.976701674Z,2025-12-01T14:17:45.976701674Z,2025-12-01T13:55:36.677606211Z,"{""interval"":72775}",attributes,spans,580706b33949,railway-simulation,e40932e9fd9b0724,4fc2310a01469b9c74530fd7c7cda322
,,3787,2025-12-01T13:17:45.976701674Z,2025-12-01T14:17:45.976701674Z,2025-12-01T13:55:59.732729535Z,"{""interval"":76570}",attributes,spans,580706b33949,railway-simulation,e421b3ef20977055,b2267bfb378ed8a81f6a08db39286560
,,3788,2025-12-01T13:17:45.976701674Z,2025-12-01T14:17:45.976701674Z,2025-12-01T13:49:57.399504175Z,"{""interval"":16840}",attributes,spans,580706b33949,railway-simulation,e4251527f53f2f4f,4672a8ea0c379cb848dae59b18f130b3
,,3789,2025-12-01T13:17:45.976701674Z,2025-12-01T14:17:45.976701674Z,2025-12-01T13:51:25.732694339Z,"{""interval"":31359.999999999996}",attributes,spans,580706b33949,railway-simulation,e4412312fae830d1,fdd2399c2776108ae886697e19f96b24
,,3790,2025-12-01T13:17:45.976701674Z,2025-12-01T14:17:45.976701674Z,2025-12-01T13:54:10.565914923Z,"{""interval"":58585}",attributes,spans,580706b33949,railway-simulation,e44339ccfabbf22d,47c4bc0704b86595d5fc6a1b0b13fbaf
,,3791,2025-12-01T13:17:45.976701674Z,2025-12-01T14:17:45.976701674Z,2025-12-01T13:55:17.566012702Z,"{""interval"":69640}",attributes,spans,580706b33949,railway-simulation,e455c3f9d670c660,f472725b3cb244f3502f56bbb076596d
,,3792,2025-12-01T13:17:45.976701674Z,2025-12-01T14:17:45.976701674Z,2025-12-01T13:52:14.732603105Z,"{""interval"":39445}",attributes,spans,580706b33949,railway-simulation,e4627f8fc3dd0d01,41dfa29d4eaeec4d64e7775c234ec8aa
,,3793,2025-12-01T13:17:45.976701674Z,2025-12-01T14:17:45.976701674Z,2025-12-01T13:51:39.399292075Z,"{""interval"":33670}",attributes,spans,580706b33949,railway-simulation,e4737d07013e2946,48a40d7d1f4013b9d46b1ccc172adca9
,,3794,2025-12-01T13:17:45.976701674Z,2025-12-01T14:17:45.976701674Z,2025-12-01T13:55:40.232805358Z,"{""interval"":73435}",attributes,spans,580706b33949,railway-simulation,e4804b0edb32472f,bd475d3a434f7d8ba6992d13ac256926
,,3795,2025-12-01T13:17:45.976701674Z,2025-12-01T14:17:45.976701674Z,2025-12-01T13:56:05.066128628Z,"{""interval"":77560}",attributes,spans,580706b33949,railway-simulation,e480801f88141691,dff1fb4190c9a5e66a10e932995e91ee
,,3796,2025-12-01T13:17:45.976701674Z,2025-12-01T14:17:45.976701674Z,2025-12-01T13:56:08.732727454Z,"{""interval"":78055}",attributes,spans,580706b33949,railway-simulation,e49298b304f014c2,9638db48ee0a5c35f30ff8d96f476ef9
,,3797,2025-12-01T13:17:45.976701674Z,2025-12-01T14:17:45.976701674Z,2025-12-01T13:54:50.065973119Z,"{""interval"":65185}",attributes,spans,580706b33949,railway-simulation,e499ec1ccc504b7f,4a644578930d971975661d711e491ff2
,,3798,2025-12-01T13:17:45.976701674Z,2025-12-01T14:17:45.976701674Z,2025-12-01T13:54:40.732579486Z,"{""interval"":63535.00000000001}",attributes,spans,580706b33949,railway-simulation,e4a0db294afe9db2,f13ce2d72923e19523582fd624e49788
,,3799,2025-12-01T13:17:45.976701674Z,2025-12-01T14:17:45.976701674Z,2025-12-01T13:50:04.065935232Z,"{""interval"":17995}",attributes,spans,580706b33949,railway-simulation,e4afd038064ac6bf,88e32ca36c0e9124696325f805f6b3a9
,,3800,2025-12-01T13:17:45.976701674Z,2025-12-01T14:17:45.976701674Z,2025-12-01T13:54:19.899226841Z,"{""interval"":60070}",attributes,spans,580706b33949,railway-simulation,e4b1d2591e891063,c790df40786f13045abebc515beb9754
,,3801,2025-12-01T13:17:45.976701674Z,2025-12-01T14:17:45.976701674Z,2025-12-01T13:57:02.281123908Z,"{""interval"":86965}",attributes,spans,580706b33949,railway-simulation,e4c32d98a5c0da66,1ae666f40910ff678f3540a52e8e3d70
,,3802,2025-12-01T13:17:45.976701674Z,2025-12-01T14:17:45.976701674Z,2025-12-01T13:49:22.732619448Z,"{""interval"":11065}",attributes,spans,580706b33949,railway-simulation,e4c6ad9b4f85a74a,f574109159066b3b94f7d73a3ece2f7b
,,3803,2025-12-01T13:17:45.976701674Z,2025-12-01T14:17:45.976701674Z,2025-12-01T13:54:42.232600733Z,"{""interval"":63865}",attributes,spans,580706b33949,railway-simulation,e4d06f65fee055e7,6faab23bc74195e9f20cb83b57f993a6
,,3804,2025-12-01T13:17:45.976701674Z,2025-12-01T14:17:45.976701674Z,2025-12-01T13:54:53.065945841Z,"{""interval"":65680}",attributes,spans,580706b33949,railway-simulation,e4d1143d56a12eda,d12faf52c18ba40998704e1e0c593e17
,,3805,2025-12-01T13:17:45.976701674Z,2025-12-01T14:17:45.976701674Z,2025-12-01T13:54:24.899307533Z,"{""interval"":60895}",attributes,spans,580706b33949,railway-simulation,e4eaa4cb41aaddac,fd0471f5a051cdaad08dd62365e76f98
,,3806,2025-12-01T13:17:45.976701674Z,2025-12-01T14:17:45.976701674Z,2025-12-01T13:54:08.233280206Z,"{""interval"":58255}",attributes,spans,580706b33949,railway-simulation,e4f670abb245e9bf,51ebff1a9069c3755dcff500ac2565be
,,3807,2025-12-01T13:17:45.976701674Z,2025-12-01T14:17:45.976701674Z,2025-12-01T13:49:59.565873465Z,"{""interval"":17170}",attributes,spans,580706b33949,railway-simulation,e50529df3963771e,57df0ce57a9ba68990579d74217bfc03
,,3808,2025-12-01T13:17:45.976701674Z,2025-12-01T14:17:45.976701674Z,2025-12-01T13:55:22.732575696Z,"{""interval"":70465}",attributes,spans,580706b33949,railway-simulation,e50a066e189db6c4,7a497eecf0da574224943e9d436eead0
,,3809,2025-12-01T13:17:45.976701674Z,2025-12-01T14:17:45.976701674Z,2025-12-01T13:54:45.065991611Z,"{""interval"":64360}",attributes,spans,580706b33949,railway-simulation,e51587a2cb1a2bfe,8443b29d26337eb4bbabb7e34b00b77f
,,3810,2025-12-01T13:17:45.976701674Z,2025-12-01T14:17:45.976701674Z,2025-12-01T13:48:41.066273159Z,"{""interval"":4300}",attributes,spans,580706b33949,railway-simulation,e51b5788584558c7,246d8231af2ce00ee55b890640aa90cf
,,3811,2025-12-01T13:17:45.976701674Z,2025-12-01T14:17:45.976701674Z,2025-12-01T13:50:37.900122183Z,"{""interval"":23440}",attributes,spans,580706b33949,railway-simulation,e5213b386520d7f6,8a20f9d9fae22422d034bbf9ddc215d3
,,3812,2025-12-01T13:17:45.976701674Z,2025-12-01T14:17:45.976701674Z,2025-12-01T13:54:26.232580211Z,"{""interval"":61224.99999999999}",attributes,spans,580706b33949,railway-simulation,e5601304a7b47a5e,8047582b550f315bdee070be33ac847c
,,3813,2025-12-01T13:17:45.976701674Z,2025-12-01T14:17:45.976701674Z,2025-12-01T13:49:34.066196072Z,"{""interval"":13045}",attributes,spans,580706b33949,railway-simulation,e56cb89ee3fb281a,c2f2f8801668a058cd276d52a65325b2
,,3814,2025-12-01T13:17:45.976701674Z,2025-12-01T14:17:45.976701674Z,2025-12-01T13:55:06.232597138Z,"{""interval"":67825}",attributes,spans,580706b33949,railway-simulation,e57717a13058c04a,e7497c4f2f57436e0d20e9b37a4d1735
,,3815,2025-12-01T13:17:45.976701674Z,2025-12-01T14:17:45.976701674Z,2025-12-01T13:52:52.89928875Z,"{""interval"":45715}",attributes,spans,580706b33949,railway-simulation,e57c930e6a5841a2,4dcbe2350de9fd283dc2ea1dc8b27ca1
,,3816,2025-12-01T13:17:45.976701674Z,2025-12-01T14:17:45.976701674Z,2025-12-01T13:51:43.399254126Z,"{""interval"":34330}",attributes,spans,580706b33949,railway-simulation,e59805c13fb0a07e,c3dd6234908b74fed0512a5841c1c468
,,3817,2025-12-01T13:17:45.976701674Z,2025-12-01T14:17:45.976701674Z,2025-12-01T13:53:32.732581503Z,"{""interval"":52315}",attributes,spans,580706b33949,railway-simulation,e5a99774da17041d,b8d28afa70532051ccc196f6e210ea23
,,3818,2025-12-01T13:17:45.976701674Z,2025-12-01T14:17:45.976701674Z,2025-12-01T13:51:00.06606933Z,"{""interval"":27235}",attributes,spans,580706b33949,railway-simulation,e5b5b9859c0c05d8,01d335a7b83746308420cd2c773de705
,,3819,2025-12-01T13:17:45.976701674Z,2025-12-01T14:17:45.976701674Z,2025-12-01T13:49:58.899336286Z,"{""interval"":17005}",attributes,spans,580706b33949,railway-simulation,e5c2118051e9d6ff,6ee1156c4417da6ea3f5401115e69728
,,3820,2025-12-01T13:17:45.976701674Z,2025-12-01T14:17:45.976701674Z,2025-12-01T13:54:32.399359642Z,"{""interval"":62214.99999999999}",attributes,spans,580706b33949,railway-simulation,e5c3e39cd4629008,5b1b64908cbb2bc9c8257ecdb593a30d
,,3821,2025-12-01T13:17:45.976701674Z,2025-12-01T14:17:45.976701674Z,2025-12-01T13:55:44.566074477Z,"{""interval"":74095}",attributes,spans,580706b33949,railway-simulation,e5d34f53b33d7584,bc07ebb464dac954932793d5b787723f
,,3822,2025-12-01T13:17:45.976701674Z,2025-12-01T14:17:45.976701674Z,2025-12-01T13:51:23.232706915Z,"{""interval"":31030}",attributes,spans,580706b33949,railway-simulation,e5ea7ef090f34f11,e96c13f6f37c9b8c0f9c10ed05d96545
,,3823,2025-12-01T13:17:45.976701674Z,2025-12-01T14:17:45.976701674Z,2025-12-01T13:57:25.763006069Z,"{""interval"":89440}",attributes,spans,580706b33949,railway-simulation,e5ef1e269300426a,cfb4c58f79cf13cf41e075ed31e7b61d
,,3824,2025-12-01T13:17:45.976701674Z,2025-12-01T14:17:45.976701674Z,2025-12-01T13:51:58.899254004Z,"{""interval"":36805}",attributes,spans,580706b33949,railway-simulation,e6086ab0cd223295,44973e5b4925c57a5cb6c1078c1185ac
,,3825,2025-12-01T13:17:45.976701674Z,2025-12-01T14:17:45.976701674Z,2025-12-01T13:55:35.425191079Z,"{""interval"":72610}",attributes,spans,580706b33949,railway-simulation,e6100ad2048f404c,b4bd30f09873aaa09a507acd197b822d
,,3826,2025-12-01T13:17:45.976701674Z,2025-12-01T14:17:45.976701674Z,2025-12-01T13:55:54.23365358Z,"{""interval"":75745}",attributes,spans,580706b33949,railway-simulation,e62a040610e3374e,7aac6b19f8a4673492488acf7b8fb3fd
,,3827,2025-12-01T13:17:45.976701674Z,2025-12-01T14:17:45.976701674Z,2025-12-01T13:51:56.066099826Z,"{""interval"":36475}",attributes,spans,580706b33949,railway-simulation,e6328703bd3fd701,a4a820ad113c54246f84421a54cf0073
,,3828,2025-12-01T13:17:45.976701674Z,2025-12-01T14:17:45.976701674Z,2025-12-01T13:54:57.899254532Z,"{""interval"":66340}",attributes,spans,580706b33949,railway-simulation,e6366a5371ae562e,235cb1b81982b139ac1373a6958f114a
,,3829,2025-12-01T13:17:45.976701674Z,2025-12-01T14:17:45.976701674Z,2025-12-01T13:51:12.566002504Z,"{""interval"":29214.999999999996}",attributes,spans,580706b33949,railway-simulation,e6423a49903706b8,a940eecff2ad5739f44c0f5e5a11d69a
,,3830,2025-12-01T13:17:45.976701674Z,2025-12-01T14:17:45.976701674Z,2025-12-01T13:58:35.467294215Z,"{""interval"":97690}",attributes,spans,580706b33949,railway-simulation,e65a4dedaad09d77,5d7829452d1355eae104ca1c8c3c60f1
,,3831,2025-12-01T13:17:45.976701674Z,2025-12-01T14:17:45.976701674Z,2025-12-01T13:54:49.732612703Z,"{""interval"":65019.99999999999}",attributes,spans,580706b33949,railway-simulation,e65b9d4a13439cbe,d9132a84b8c569bda7033de86b8500a1
,,3832,2025-12-01T13:17:45.976701674Z,2025-12-01T14:17:45.976701674Z,2025-12-01T13:49:51.066569363Z,"{""interval"":15850}",attributes,spans,580706b33949,railway-simulation,e67b8289ba4d3cd9,4e1d24cd6afa7a345d9a8d5006da1aa7
,,3833,2025-12-01T13:17:45.976701674Z,2025-12-01T14:17:45.976701674Z,2025-12-01T13:54:32.06599613Z,"{""interval"":62214.99999999999}",attributes,spans,580706b33949,railway-simulation,e6a5f4cce3d58327,4b82ed01ab9910c7e2d819df52042d74
,,3834,2025-12-01T13:17:45.976701674Z,2025-12-01T14:17:45.976701674Z,2025-12-01T13:51:54.232662367Z,"{""interval"":36145}",attributes,spans,580706b33949,railway-simulation,e6b5c53680009d09,f405e248d682726ee19000a1ce46bd6c
,,3835,2025-12-01T13:17:45.976701674Z,2025-12-01T14:17:45.976701674Z,2025-12-01T13:55:45.39926296Z,"{""interval"":74260}",attributes,spans,580706b33949,railway-simulation,e6c0d5ade4c89828,b224caf48fea08052ed5787a58d960e0
,,3836,2025-12-01T13:17:45.976701674Z,2025-12-01T14:17:45.976701674Z,2025-12-01T13:50:17.065915233Z,"{""interval"":20140}",attributes,spans,580706b33949,railway-simulation,e6ce787b74ee7a49,83ad62d57f2f3f80b557abda43b0d0bc
,,3837,2025-12-01T13:17:45.976701674Z,2025-12-01T14:17:45.976701674Z,2025-12-01T13:55:48.066100829Z,"{""interval"":74755}",attributes,spans,580706b33949,railway-simulation,e6e612f6750cc372,2ad7bb602068ea99f2591bd9e47d2eb5
,,3838,2025-12-01T13:17:45.976701674Z,2025-12-01T14:17:45.976701674Z,2025-12-01T13:50:08.06665239Z,"{""interval"":18655}",attributes,spans,580706b33949,railway-simulation,e6f0480ad5b7792d,8edb91a6d9e98da239865fc11fd0a948
,,3839,2025-12-01T13:17:45.976701674Z,2025-12-01T14:17:45.976701674Z,2025-12-01T13:51:10.065991499Z,"{""interval"":28885}",attributes,spans,580706b33949,railway-simulation,e6f1837079ece279,9015e32973cfb6e8b124ac93ca8aa2a8
,,3840,2025-12-01T13:17:45.976701674Z,2025-12-01T14:17:45.976701674Z,2025-12-01T13:55:48.399493344Z,"{""interval"":74755}",attributes,spans,580706b33949,railway-simulation,e6fe103f92ee7c15,db4b212366f6731752ab7e5443bb4ecf
,,3841,2025-12-01T13:17:45.976701674Z,2025-12-01T14:17:45.976701674Z,2025-12-01T13:57:08.530352707Z,"{""interval"":87790}",attributes,spans,580706b33949,railway-simulation,e70de730864c9cea,ead8f7a33b722564182982a03f04f925
,,3842,2025-12-01T13:17:45.976701674Z,2025-12-01T14:17:45.976701674Z,2025-12-01T13:51:54.899249184Z,"{""interval"":36145}",attributes,spans,580706b33949,railway-simulation,e71412ad561c9390,84092615b5afc6e4d6ed5afc2b3ca716
,,3843,2025-12-01T13:17:45.976701674Z,2025-12-01T14:17:45.976701674Z,2025-12-01T13:51:53.399368552Z,"{""interval"":35980}",attributes,spans,580706b33949,railway-simulation,e71746477802c14b,d032a413b9da72898464fc2821c20b23
,,3844,2025-12-01T13:17:45.976701674Z,2025-12-01T14:17:45.976701674Z,2025-12-01T13:52:11.565900218Z,"{""interval"":38950}",attributes,spans,580706b33949,railway-simulation,e73bf6eae3c33b27,b02d2ccab00bd2cf79c097d77b185f8c
,,3845,2025-12-01T13:17:45.976701674Z,2025-12-01T14:17:45.976701674Z,2025-12-01T13:50:13.232612479Z,"{""interval"":19480}",attributes,spans,580706b33949,railway-simulation,e7435cdca99b2596,6e4ab5f2109ad431b9996ef767f23881
,,3846,2025-12-01T13:17:45.976701674Z,2025-12-01T14:17:45.976701674Z,2025-12-01T13:53:16.899324553Z,"{""interval"":49675}",attributes,spans,580706b33949,railway-simulation,e74b3fdcf5ad99b0,3faba72eefea840bd2395686182b6315
,,3847,2025-12-01T13:17:45.976701674Z,2025-12-01T14:17:45.976701674Z,2025-12-01T13:54:23.066322345Z,"{""interval"":60730.00000000001}",attributes,spans,580706b33949,railway-simulation,e761bdd9c11a68f8,2a9b23f05cea83ce097643946277c9ff
,,3848,2025-12-01T13:17:45.976701674Z,2025-12-01T14:17:45.976701674Z,2025-12-01T13:48:42.899833412Z,"{""interval"":4465}",attributes,spans,580706b33949,railway-simulation,e76787e5dc9b4051,a4bb8c81218bb510fec333cc6f43c380
,,3849,2025-12-01T13:17:45.976701674Z,2025-12-01T14:17:45.976701674Z,2025-12-01T13:51:21.399338476Z,"{""interval"":30700}",attributes,spans,580706b33949,railway-simulation,e774b87bf20ef550,4823085e856c3faa3db7bc18105ccab6
,,3850,2025-12-01T13:17:45.976701674Z,2025-12-01T14:17:45.976701674Z,2025-12-01T13:52:46.232600469Z,"{""interval"":44725}",attributes,spans,580706b33949,railway-simulation,e77948f47cf01f97,b2b65c478ec57f44b27c556ee05ebdde
,,3851,2025-12-01T13:17:45.976701674Z,2025-12-01T14:17:45.976701674Z,2025-12-01T13:51:41.232577448Z,"{""interval"":34000}",attributes,spans,580706b33949,railway-simulation,e78cc00f7115673a,ab357c58303b5ab7d1bba89fa160cc65
,,3852,2025-12-01T13:17:45.976701674Z,2025-12-01T14:17:45.976701674Z,2025-12-01T13:55:33.399670984Z,"{""interval"":72280}",attributes,spans,580706b33949,railway-simulation,e7970fb1aa3910e3,509965b15293bf2d59ea99932120bb3d
,,3853,2025-12-01T13:17:45.976701674Z,2025-12-01T14:17:45.976701674Z,2025-12-01T13:54:00.732568347Z,"{""interval"":56934.99999999999}",attributes,spans,580706b33949,railway-simulation,e79ad1b8f7695e04,07d1d29e3779bd73a43384fabe651f99
,,3854,2025-12-01T13:17:45.976701674Z,2025-12-01T14:17:45.976701674Z,2025-12-01T13:50:31.066903801Z,"{""interval"":22450}",attributes,spans,580706b33949,railway-simulation,e7b061313bdbdb76,09fb4e296b9a7c4479bdb2b4b1ae74a2
,,3855,2025-12-01T13:17:45.976701674Z,2025-12-01T14:17:45.976701674Z,2025-12-01T13:58:37.800478033Z,"{""interval"":98020}",attributes,spans,580706b33949,railway-simulation,e7b9ca9146d35134,f3438d2957cb411770cf0b8b3229a364
,,3856,2025-12-01T13:17:45.976701674Z,2025-12-01T14:17:45.976701674Z,2025-12-01T13:57:17.803215623Z,"{""interval"":88615}",attributes,spans,580706b33949,railway-simulation,e7be64d25a33c673,d72472f6c094beb1c64869972bf92c08
,,3857,2025-12-01T13:17:45.976701674Z,2025-12-01T14:17:45.976701674Z,2025-12-01T13:50:47.732685045Z,"{""interval"":25090}",attributes,spans,580706b33949,railway-simulation,e7c1aa7719594410,124abf951e6f2973abadcc76698be408
,,3858,2025-12-01T13:17:45.976701674Z,2025-12-01T14:17:45.976701674Z,2025-12-01T13:58:36.110741075Z,"{""interval"":97855}",attributes,spans,580706b33949,railway-simulation,e7d18fc9c10b8d20,51f6122c0d4cd7e5a6f54e36c05d98e0
,,3859,2025-12-01T13:17:45.976701674Z,2025-12-01T14:17:45.976701674Z,2025-12-01T13:56:19.399316839Z,"{""interval"":79870}",attributes,spans,580706b33949,railway-simulation,e7d92af4e7e00d5b,1c37afc8a67592c8e49ddae8f788972d
,,3860,2025-12-01T13:17:45.976701674Z,2025-12-01T14:17:45.976701674Z,2025-12-01T13:53:34.232595046Z,"{""interval"":52644.99999999999}",attributes,spans,580706b33949,railway-simulation,e80d26f5b4ab0829,9c153598810ba01374bc57bd52dd1870
,,3861,2025-12-01T13:17:45.976701674Z,2025-12-01T14:17:45.976701674Z,2025-12-01T13:49:36.065951055Z,"{""interval"":13375}",attributes,spans,580706b33949,railway-simulation,e80f5df811c61b5a,61a1839669aa3a0102440bacf4e46c23
,,3862,2025-12-01T13:17:45.976701674Z,2025-12-01T14:17:45.976701674Z,2025-12-01T13:57:03.234309443Z,"{""interval"":87130}",attributes,spans,580706b33949,railway-simulation,e818a1f20e94b7a5,d25b9b550d73c21b44317c1b18fbd901
,,3863,2025-12-01T13:17:45.976701674Z,2025-12-01T14:17:45.976701674Z,2025-12-01T13:52:53.565931813Z,"{""interval"":45880}",attributes,spans,580706b33949,railway-simulation,e82c6db9d89a5b4f,ecaaaf099476d381773e7664d5f991b4
,,3864,2025-12-01T13:17:45.976701674Z,2025-12-01T14:17:45.976701674Z,2025-12-01T13:56:57.566087959Z,"{""interval"":86140}",attributes,spans,580706b33949,railway-simulation,e861bd82c574db57,ca1323f73b5ef99f39d36db6591e76ed
,,3865,2025-12-01T13:17:45.976701674Z,2025-12-01T14:17:45.976701674Z,2025-12-01T13:50:54.899292065Z,"{""interval"":26245}",attributes,spans,580706b33949,railway-simulation,e8786b42c4e8207d,5768c5b677a9ded86cbdf7eb33f4b04c
,,3866,2025-12-01T13:17:45.976701674Z,2025-12-01T14:17:45.976701674Z,2025-12-01T13:57:15.798931549Z,"{""interval"":88450}",attributes,spans,580706b33949,railway-simulation,e8b13aabb3f71c53,ab871e2b1fbb2abf2f56c906801e950e
,,3867,2025-12-01T13:17:45.976701674Z,2025-12-01T14:17:45.976701674Z,2025-12-01T13:48:47.566684251Z,"{""interval"":5290}",attributes,spans,580706b33949,railway-simulation,e8cd978d37396846,27e64b888739b6eef482da62ce9ffad0
,,3868,2025-12-01T13:17:45.976701674Z,2025-12-01T14:17:45.976701674Z,2025-12-01T13:49:03.732751756Z,"{""interval"":7930.000000000001}",attributes,spans,580706b33949,railway-simulation,e8df1fc96324ffe0,a96c9509c45e41216c01b6fa87455764
,,3869,2025-12-01T13:17:45.976701674Z,2025-12-01T14:17:45.976701674Z,2025-12-01T13:58:21.092131342Z,"{""interval"":95545}",attributes,spans,580706b33949,railway-simulation,e90254a06b007e17,0d49d62850938e0dc1945b6df5f387ce
,,3870,2025-12-01T13:17:45.976701674Z,2025-12-01T14:17:45.976701674Z,2025-12-01T13:54:31.232970187Z,"{""interval"":62050}",attributes,spans,580706b33949,railway-simulation,e916aff6ee437c8d,0b89a4e54f47433d01f4e0dd360e89c3
,,3871,2025-12-01T13:17:45.976701674Z,2025-12-01T14:17:45.976701674Z,2025-12-01T13:49:41.233353534Z,"{""interval"":14200}",attributes,spans,580706b33949,railway-simulation,e91a8b6c629862f6,1643db76122d20199e8e193e33104a72
,,3872,2025-12-01T13:17:45.976701674Z,2025-12-01T14:17:45.976701674Z,2025-12-01T13:56:32.566269143Z,"{""interval"":82015}",attributes,spans,580706b33949,railway-simulation,e94620a286d07fb3,06ca81ef21493f7159c598df2fe7271c
,,3873,2025-12-01T13:17:45.976701674Z,2025-12-01T14:17:45.976701674Z,2025-12-01T13:48:42.399411841Z,"{""interval"":4465}",attributes,spans,580706b33949,railway-simulation,e958f637d53c30fb,e15c5a055070317886a7f757afdc1984
,,3874,2025-12-01T13:17:45.976701674Z,2025-12-01T14:17:45.976701674Z,2025-12-01T13:49:13.732480852Z,"{""interval"":9580}",attributes,spans,580706b33949,railway-simulation,e972424548574310,bd3201f62d8658a2cdc04e5b7a6edabc
,,3875,2025-12-01T13:17:45.976701674Z,2025-12-01T14:17:45.976701674Z,2025-12-01T13:56:38.472418269Z,"{""interval"":83005}",attributes,spans,580706b33949,railway-simulation,e97c975d4250e1b3,4317eb1ace852fabcac909805578f753
,,3876,2025-12-01T13:17:45.976701674Z,2025-12-01T14:17:45.976701674Z,2025-12-01T13:52:54.899344372Z,"{""interval"":46045}",attributes,spans,580706b33949,railway-simulation,e985c9f0eee6cac6,e7168b26921cbbc08a6371b6fce59dd0
,,3877,2025-12-01T13:17:45.976701674Z,2025-12-01T14:17:45.976701674Z,2025-12-01T13:53:38.399226185Z,"{""interval"":53305}",attributes,spans,580706b33949,railway-simulation,e996c698762921e4,eb3ac7a61ff728c2c2efb157ad415754
,,3878,2025-12-01T13:17:45.976701674Z,2025-12-01T14:17:45.976701674Z,2025-12-01T13:54:06.399787313Z,"{""interval"":57924.99999999999}",attributes,spans,580706b33949,railway-simulation,e99d5c4b97f5fefb,8ee9b3616a7a4cd16d089077fdac76f4
,,3879,2025-12-01T13:17:45.976701674Z,2025-12-01T14:17:45.976701674Z,2025-12-01T13:55:00.232566019Z,"{""interval"":66835}",attributes,spans,580706b33949,railway-simulation,e9c025598cf4447e,f7d4b6db4a68d0f42ea74aadb1809afb
,,3880,2025-12-01T13:17:45.976701674Z,2025-12-01T14:17:45.976701674Z,2025-12-01T13:51:55.732720674Z,"{""interval"":36310}",attributes,spans,580706b33949,railway-simulation,e9d533bf20f0ac0d,7a731b4820451935417a4707ff70fe4b
,,3881,2025-12-01T13:17:45.976701674Z,2025-12-01T14:17:45.976701674Z,2025-12-01T13:51:30.732607626Z,"{""interval"":32185}",attributes,spans,580706b33949,railway-simulation,e9fc7af706359bbb,3e5f5e86e46d3245efc79f7ed80b4fcd
,,3882,2025-12-01T13:17:45.976701674Z,2025-12-01T14:17:45.976701674Z,2025-12-01T13:53:53.232572383Z,"{""interval"":55780}",attributes,spans,580706b33949,railway-simulation,ea26a4f845fe2c27,75cc3dd51d284257595d32042830a7d6
,,3883,2025-12-01T13:17:45.976701674Z,2025-12-01T14:17:45.976701674Z,2025-12-01T13:49:15.066023748Z,"{""interval"":9910}",attributes,spans,580706b33949,railway-simulation,ea3be5f8f356c338,0429ef28a7a377a14357300623b9872c
,,3884,2025-12-01T13:17:45.976701674Z,2025-12-01T14:17:45.976701674Z,2025-12-01T13:52:58.56601971Z,"{""interval"":46705}",attributes,spans,580706b33949,railway-simulation,ea3d4aed3d76098b,96bf5173ea726600080fd6de149470a0
,,3885,2025-12-01T13:17:45.976701674Z,2025-12-01T14:17:45.976701674Z,2025-12-01T13:58:40.29495204Z,"{""interval"":98515}",attributes,spans,580706b33949,railway-simulation,ea3ff19be3c1079f,324995eae5053024d938d48651499bf8
,,3886,2025-12-01T13:17:45.976701674Z,2025-12-01T14:17:45.976701674Z,2025-12-01T13:56:58.400317877Z,"{""interval"":86305}",attributes,spans,580706b33949,railway-simulation,ea4367efe119f838,0832fe17d81c45492c20d21bb8ed2add
,,3887,2025-12-01T13:17:45.976701674Z,2025-12-01T14:17:45.976701674Z,2025-12-01T13:55:25.232551278Z,"{""interval"":70960}",attributes,spans,580706b33949,railway-simulation,ea560b494ae4a53a,c5441f31f641fbe736264bc14808391d
,,3888,2025-12-01T13:17:45.976701674Z,2025-12-01T14:17:45.976701674Z,2025-12-01T13:53:01.06596551Z,"{""interval"":47200}",attributes,spans,580706b33949,railway-simulation,ea6cd58cc282eaeb,267e4fa43b4f9df01d7f3f5521ef42a8
,,3889,2025-12-01T13:17:45.976701674Z,2025-12-01T14:17:45.976701674Z,2025-12-01T13:49:11.565951235Z,"{""interval"":9250}",attributes,spans,580706b33949,railway-simulation,ea6ce40280192f46,a27a2846dbd0237dc36bbc784f68b8be
,,3890,2025-12-01T13:17:45.976701674Z,2025-12-01T14:17:45.976701674Z,2025-12-01T13:48:23.232308839Z,"{""interval"":1330}",attributes,spans,580706b33949,railway-simulation,ea97ca23186614d6,0e08a682a241556695008f234ac458fe
,,3891,2025-12-01T13:17:45.976701674Z,2025-12-01T14:17:45.976701674Z,2025-12-01T13:48:38.066770328Z,"{""interval"":3805}",attributes,spans,580706b33949,railway-simulation,eaa091e37506a6c5,ba67044fa5632703d96b522a6f8462d7
,,3892,2025-12-01T13:17:45.976701674Z,2025-12-01T14:17:45.976701674Z,2025-12-01T13:48:32.400270896Z,"{""interval"":2815}",attributes,spans,580706b33949,railway-simulation,eaa95b49c64d0e37,0b6ac6c7c653443b8b8aeeb8c47f29c7
,,3893,2025-12-01T13:17:45.976701674Z,2025-12-01T14:17:45.976701674Z,2025-12-01T13:52:02.899221816Z,"{""interval"":37465}",attributes,spans,580706b33949,railway-simulation,eab07446570a708d,331a5789a68dd88d2a1371bb49d8ef84
,,3894,2025-12-01T13:17:45.976701674Z,2025-12-01T14:17:45.976701674Z,2025-12-01T13:57:00.092429976Z,"{""interval"":86635}",attributes,spans,580706b33949,railway-simulation,eaf2400bcde31cdb,3f36ef5762509707f9bfb2e9f7a090cb
,,3895,2025-12-01T13:17:45.976701674Z,2025-12-01T14:17:45.976701674Z,2025-12-01T13:56:33.568694382Z,"{""interval"":82180}",attributes,spans,580706b33949,railway-simulation,eaf53417967e2866,feeb7699626a9d295946d7eac8398a75
,,3896,2025-12-01T13:17:45.976701674Z,2025-12-01T14:17:45.976701674Z,2025-12-01T13:53:41.89926204Z,"{""interval"":53800}",attributes,spans,580706b33949,railway-simulation,eaf714accb09242c,43c76417e4ffade53d6aabab90e0b432
,,3897,2025-12-01T13:17:45.976701674Z,2025-12-01T14:17:45.976701674Z,2025-12-01T13:50:48.732753658Z,"{""interval"":25255}",attributes,spans,580706b33949,railway-simulation,eaf9eb25094e6837,28840a3bfa3869db5e58fdb72a728d1f
,,3898,2025-12-01T13:17:45.976701674Z,2025-12-01T14:17:45.976701674Z,2025-12-01T13:52:01.232563429Z,"{""interval"":37300}",attributes,spans,580706b33949,railway-simulation,eb32a797327bef11,839cd8c2e29e3956db5043fb70db856a
,,3899,2025-12-01T13:17:45.976701674Z,2025-12-01T14:17:45.976701674Z,2025-12-01T13:53:43.732619128Z,"{""interval"":54129.99999999999}",attributes,spans,580706b33949,railway-simulation,eb3a7423f89fa881,44696fc8d13a1db710741044b097c5a8
,,3900,2025-12-01T13:17:45.976701674Z,2025-12-01T14:17:45.976701674Z,2025-12-01T13:53:12.565980196Z,"{""interval"":49015}",attributes,spans,580706b33949,railway-simulation,eb45f4cd9ebbc974,b809273a1be7d91390fa862c9c831fb0
,,3901,2025-12-01T13:17:45.976701674Z,2025-12-01T14:17:45.976701674Z,2025-12-01T13:58:21.586234002Z,"{""interval"":95545}",attributes,spans,580706b33949,railway-simulation,eb46dc30ffaea51c,9e29f7e06840147b184b8c03f7a0629c
,,3902,2025-12-01T13:17:45.976701674Z,2025-12-01T14:17:45.976701674Z,2025-12-01T13:55:37.399320673Z,"{""interval"":72940}",attributes,spans,580706b33949,railway-simulation,eb55037a5b18d6c6,debd4dc3c44faa36ce436399ff142a5f
,,3903,2025-12-01T13:17:45.976701674Z,2025-12-01T14:17:45.976701674Z,2025-12-01T13:57:40.253605433Z,"{""interval"":90925}",attributes,spans,580706b33949,railway-simulation,eb5581e760313141,4b0daabb06edd684495ea2a1160ac2c0
,,3904,2025-12-01T13:17:45.976701674Z,2025-12-01T14:17:45.976701674Z,2025-12-01T13:48:46.732523934Z,"{""interval"":5125}",attributes,spans,580706b33949,railway-simulation,eb5f7e92a5aa16ee,2380912e90f12bccd8a1b0921aaeb205
,,3905,2025-12-01T13:17:45.976701674Z,2025-12-01T14:17:45.976701674Z,2025-12-01T13:54:30.565962203Z,"{""interval"":61885}",attributes,spans,580706b33949,railway-simulation,eb62b77b5e27598a,fdf0bed02026227e07d9b2ed3734ba83
,,3906,2025-12-01T13:17:45.976701674Z,2025-12-01T14:17:45.976701674Z,2025-12-01T13:53:05.399246549Z,"{""interval"":47860}",attributes,spans,580706b33949,railway-simulation,eb8785d3cbcb29ff,a13367819bc18d3e92fc2a32b8c54be2
,,3907,2025-12-01T13:17:45.976701674Z,2025-12-01T14:17:45.976701674Z,2025-12-01T13:53:21.066000851Z,"{""interval"":50500}",attributes,spans,580706b33949,railway-simulation,eba6957669df29d5,9b74e978ecdfafbf3ac86546ffa0baa9
,,3908,2025-12-01T13:17:45.976701674Z,2025-12-01T14:17:45.976701674Z,2025-12-01T13:50:41.732605614Z,"{""interval"":24100}",attributes,spans,580706b33949,railway-simulation,ebcc23b9cd8fe835,d163238a4858a5d0f1ac33194ba47c23
,,3909,2025-12-01T13:17:45.976701674Z,2025-12-01T14:17:45.976701674Z,2025-12-01T13:50:03.399939622Z,"{""interval"":17830}",attributes,spans,580706b33949,railway-simulation,ebe0ac703d3d0809,55af47932e74eea48ddeaba96cb5b109
,,3910,2025-12-01T13:17:45.976701674Z,2025-12-01T14:17:45.976701674Z,2025-12-01T13:56:21.566395443Z,"{""interval"":80200}",attributes,spans,580706b33949,railway-simulation,ebe1765444ade882,4eb4cd548d7d7860a240f6b4102a2870
,,3911,2025-12-01T13:17:45.976701674Z,2025-12-01T14:17:45.976701674Z,2025-12-01T13:52:17.065986689Z,"{""interval"":39940}",attributes,spans,580706b33949,railway-simulation,ebe6a69e9eea1179,9ebd9cd5341a3d2f5e8307e74fbef197
,,3912,2025-12-01T13:17:45.976701674Z,2025-12-01T14:17:45.976701674Z,2025-12-01T13:52:47.899228118Z,"{""interval"":44890}",attributes,spans,580706b33949,railway-simulation,ebedec3006670640,8c6133e4bb84b55b9ada85ea874a34cb
,,3913,2025-12-01T13:17:45.976701674Z,2025-12-01T14:17:45.976701674Z,2025-12-01T13:54:45.899294663Z,"{""interval"":64360}",attributes,spans,580706b33949,railway-simulation,ebf186ad2e556897,103641ed27640b787cd226706b0b7613
,,3914,2025-12-01T13:17:45.976701674Z,2025-12-01T14:17:45.976701674Z,2025-12-01T13:56:07.732715575Z,"{""interval"":77890}",attributes,spans,580706b33949,railway-simulation,ebf5740667d02679,df262552650626d9409d90767132389d
,,3915,2025-12-01T13:17:45.976701674Z,2025-12-01T14:17:45.976701674Z,2025-12-01T13:48:28.899921203Z,"{""interval"":2155}",attributes,spans,580706b33949,railway-simulation,ec0c404418dfcb67,8a7e659a36aa987960839cb77dba39c0
,,3916,2025-12-01T13:17:45.976701674Z,2025-12-01T14:17:45.976701674Z,2025-12-01T13:49:27.732519856Z,"{""interval"":11890}",attributes,spans,580706b33949,railway-simulation,ec15846936bc3cbe,6e631017576563b1464e9f7208a60ad7
,,3917,2025-12-01T13:17:45.976701674Z,2025-12-01T14:17:45.976701674Z,2025-12-01T13:52:03.399250711Z,"{""interval"":37630}",attributes,spans,580706b33949,railway-simulation,ec1a6a199f45108d,54dcd24a3405295bbef669d84a45f5fa
,,3918,2025-12-01T13:17:45.976701674Z,2025-12-01T14:17:45.976701674Z,2025-12-01T13:55:03.065990932Z,"{""interval"":67330}",attributes,spans,580706b33949,railway-simulation,ec3df68caf1299bf,1f537f76be97ed13cc7b0a30d74abca1
,,3919,2025-12-01T13:17:45.976701674Z,2025-12-01T14:17:45.976701674Z,2025-12-01T13:50:05.232855309Z,"{""interval"":18160}",attributes,spans,580706b33949,railway-simulation,ec9112dd11b2acae,3d1d1bb6a93ecf2aab2ca2b60d653bf8
,,3920,2025-12-01T13:17:45.976701674Z,2025-12-01T14:17:45.976701674Z,2025-12-01T13:56:14.399410063Z,"{""interval"":79045}",attributes,spans,580706b33949,railway-simulation,ec92810a7b1e11ad,69f74df900498eda4cc304c728124a21
,,3921,2025-12-01T13:17:45.976701674Z,2025-12-01T14:17:45.976701674Z,2025-12-01T13:56:24.899617729Z,"{""interval"":80695}",attributes,spans,580706b33949,railway-simulation,ec95c099e24fda2c,31f75733c5da2a63a43982d671831f08
,,3922,2025-12-01T13:17:45.976701674Z,2025-12-01T14:17:45.976701674Z,2025-12-01T13:53:22.566023361Z,"{""interval"":50665.00000000001}",attributes,spans,580706b33949,railway-simulation,eca67fa2687b19c5,5209a526ce2f359ceec50316cc784ff0
,,3923,2025-12-01T13:17:45.976701674Z,2025-12-01T14:17:45.976701674Z,2025-12-01T13:51:24.732590061Z,"{""interval"":31195}",attributes,spans,580706b33949,railway-simulation,ecb2f885908a0298,5d042fe78b43b82ed28fa52a953f11b7
,,3924,2025-12-01T13:17:45.976701674Z,2025-12-01T14:17:45.976701674Z,2025-12-01T13:49:18.565950704Z,"{""interval"":10405}",attributes,spans,580706b33949,railway-simulation,ecbe4e8c9bf43078,0e54b364ebd396f72d081e5b53d72751
,,3925,2025-12-01T13:17:45.976701674Z,2025-12-01T14:17:45.976701674Z,2025-12-01T13:52:04.899233517Z,"{""interval"":37795}",attributes,spans,580706b33949,railway-simulation,ecd738f5af18eb87,4f8aa7f3f17fec610cb85072f4328a2e
,,3926,2025-12-01T13:17:45.976701674Z,2025-12-01T14:17:45.976701674Z,2025-12-01T13:54:53.565986532Z,"{""interval"":65680}",attributes,spans,580706b33949,railway-simulation,ecea268e6c6d3d8c,6c445a3d8191e0fff5c79796af4f32b7
,,3927,2025-12-01T13:17:45.976701674Z,2025-12-01T14:17:45.976701674Z,2025-12-01T13:53:37.899255775Z,"{""interval"":53139.99999999999}",attributes,spans,580706b33949,railway-simulation,ecfad65218a2ede9,fddecf749ca64eca4efe10d38461cc49
,,3928,2025-12-01T13:17:45.976701674Z,2025-12-01T14:17:45.976701674Z,2025-12-01T13:49:40.065883634Z,"{""interval"":14034.999999999998}",attributes,spans,580706b33949,railway-simulation,ed2bfae573e41192,a9ab00941fd78a3a87882202604e3c5e
,,3929,2025-12-01T13:17:45.976701674Z,2025-12-01T14:17:45.976701674Z,2025-12-01T13:52:12.899235439Z,"{""interval"":39115}",attributes,spans,580706b33949,railway-simulation,ed37817472382cb1,12682fb8df7ad9b8a040f436209c2c0f
,,3930,2025-12-01T13:17:45.976701674Z,2025-12-01T14:17:45.976701674Z,2025-12-01T13:54:08.734386584Z,"{""interval"":58255}",attributes,spans,580706b33949,railway-simulation,ed57f9f693bfc381,36bf3ecdaf148ee4fcdfbe853d85caae
,,3931,2025-12-01T13:17:45.976701674Z,2025-12-01T14:17:45.976701674Z,2025-12-01T13:56:39.71605407Z,"{""interval"":83170}",attributes,spans,580706b33949,railway-simulation,ed5e9f6886148cf4,a32acfdce6a492de3f70b3debd13011e
,,3932,2025-12-01T13:17:45.976701674Z,2025-12-01T14:17:45.976701674Z,2025-12-01T13:51:11.732733439Z,"{""interval"":29050}",attributes,spans,580706b33949,railway-simulation,ed637795427eea86,85890e3ff57a4c10525aeff030be8413
,,3933,2025-12-01T13:17:45.976701674Z,2025-12-01T14:17:45.976701674Z,2025-12-01T13:51:16.232659662Z,"{""interval"":29875.000000000004}",attributes,spans,580706b33949,railway-simulation,ed666f842c26b045,5689371718873a5cfbb6817956f22411
,,3934,2025-12-01T13:17:45.976701674Z,2025-12-01T14:17:45.976701674Z,2025-12-01T13:52:56.899420724Z,"{""interval"":46375}",attributes,spans,580706b33949,railway-simulation,ed6c397189795688,1f647865fba5acb7292b2e4d2d885ce9
,,3935,2025-12-01T13:17:45.976701674Z,2025-12-01T14:17:45.976701674Z,2025-12-01T13:54:52.232642835Z,"{""interval"":65514.99999999999}",attributes,spans,580706b33949,railway-simulation,ed789e27ea071e9e,9b4d856a9962ef5142cfe867012f5491
,,3936,2025-12-01T13:17:45.976701674Z,2025-12-01T14:17:45.976701674Z,2025-12-01T13:54:17.899329052Z,"{""interval"":59740.00000000001}",attributes,spans,580706b33949,railway-simulation,ed99840e3db591e7,eed83a204466d442f92f47f3a7aeff79
,,3937,2025-12-01T13:17:45.976701674Z,2025-12-01T14:17:45.976701674Z,2025-12-01T13:54:54.232640648Z,"{""interval"":65845}",attributes,spans,580706b33949,railway-simulation,eda6a8e64c1a1a5a,7397e729f5a08db0c337e8ccfd65061b
,,3938,2025-12-01T13:17:45.976701674Z,2025-12-01T14:17:45.976701674Z,2025-12-01T13:53:09.899280946Z,"{""interval"":48520}",attributes,spans,580706b33949,railway-simulation,edae24b9ff8621c4,8c2a9c9241b4dc24fb882306b8374698
,,3939,2025-12-01T13:17:45.976701674Z,2025-12-01T14:17:45.976701674Z,2025-12-01T13:50:28.066089752Z,"{""interval"":21955}",attributes,spans,580706b33949,railway-simulation,edaef63fdfb48cae,2eec4a240b7878f4668a34f55e72955f
,,3940,2025-12-01T13:17:45.976701674Z,2025-12-01T14:17:45.976701674Z,2025-12-01T13:48:31.399210358Z,"{""interval"":2650}",attributes,spans,580706b33949,railway-simulation,edbfdd24e624d8ac,b1291cccdb777a53c55ae4d84a42ccab
,,3941,2025-12-01T13:17:45.976701674Z,2025-12-01T14:17:45.976701674Z,2025-12-01T13:58:45.805966512Z,"{""interval"":99340}",attributes,spans,580706b33949,railway-simulation,edc76b3d5b26ecc4,e32a61189aa840542d94a41f19ad0cbd
,,3942,2025-12-01T13:17:45.976701674Z,2025-12-01T14:17:45.976701674Z,2025-12-01T13:48:47.899126982Z,"{""interval"":5290}",attributes,spans,580706b33949,railway-simulation,edcb9593e689f4ee,2a9db6ed37aeb0efea3bd5c89f5e753a
,,3943,2025-12-01T13:17:45.976701674Z,2025-12-01T14:17:45.976701674Z,2025-12-01T13:56:44.484895325Z,"{""interval"":83830}",attributes,spans,580706b33949,railway-simulation,edf39a784ab5d94e,5288cf2613c6de37e5628456489940f3
,,3944,2025-12-01T13:17:45.976701674Z,2025-12-01T14:17:45.976701674Z,2025-12-01T13:57:35.26141294Z,"{""interval"":90430}",attributes,spans,580706b33949,railway-simulation,ee10e6b5e8a28be5,2721eb1814f727018e66bbd392f2c21b
,,3945,2025-12-01T13:17:45.976701674Z,2025-12-01T14:17:45.976701674Z,2025-12-01T13:49:18.899730516Z,"{""interval"":10405}",attributes,spans,580706b33949,railway-simulation,ee25cdd6973253a2,6cc1ac501921f4f1dfccb9827ea3afdb
,,3946,2025-12-01T13:17:45.976701674Z,2025-12-01T14:17:45.976701674Z,2025-12-01T13:52:16.066038007Z,"{""interval"":39775}",attributes,spans,580706b33949,railway-simulation,ee56e5c0ebe12c75,b136158203f716e2c8bbef8203a3f601
,,3947,2025-12-01T13:17:45.976701674Z,2025-12-01T14:17:45.976701674Z,2025-12-01T13:53:59.732574838Z,"{""interval"":56770}",attributes,spans,580706b33949,railway-simulation,ee5d87e2c6ceda95,8690848a30deef1edc0646b4dd620f36
,,3948,2025-12-01T13:17:45.976701674Z,2025-12-01T14:17:45.976701674Z,2025-12-01T13:51:35.56592732Z,"{""interval"":33010}",attributes,spans,580706b33949,railway-simulation,ee6ef5d70774bc7d,8350fcf285b9f4d6f62f2c5a72e8c834
,,3949,2025-12-01T13:17:45.976701674Z,2025-12-01T14:17:45.976701674Z,2025-12-01T13:51:28.399338418Z,"{""interval"":31854.999999999996}",attributes,spans,580706b33949,railway-simulation,ee771946a04b5c24,e53d827d61be24c78322bb73ccde8250
,,3950,2025-12-01T13:17:45.976701674Z,2025-12-01T14:17:45.976701674Z,2025-12-01T13:52:37.732583014Z,"{""interval"":43240}",attributes,spans,580706b33949,railway-simulation,ee8a7941fb4877d0,f2bc3381dc932c7e47244c4448ee3ce5
,,3951,2025-12-01T13:17:45.976701674Z,2025-12-01T14:17:45.976701674Z,2025-12-01T13:54:55.399277232Z,"{""interval"":66010}",attributes,spans,580706b33949,railway-simulation,eea0e69e5241e02d,61bb805d081f706a4f2439d25a84cc6c
,,3952,2025-12-01T13:17:45.976701674Z,2025-12-01T14:17:45.976701674Z,2025-12-01T13:58:26.953956375Z,"{""interval"":96205}",attributes,spans,580706b33949,railway-simulation,eea6552f96a15b81,6daa1a0b68edc34be723507c72fed86f
,,3953,2025-12-01T13:17:45.976701674Z,2025-12-01T14:17:45.976701674Z,2025-12-01T13:49:55.399289801Z,"{""interval"":16510}",attributes,spans,580706b33949,railway-simulation,eebbdf119fede651,13f514be7e3316d86abdfe99451179df
,,3954,2025-12-01T13:17:45.976701674Z,2025-12-01T14:17:45.976701674Z,2025-12-01T13:53:27.732605619Z,"{""interval"":51490}",attributes,spans,580706b33949,railway-simulation,eee57ea16ebe2fea,a535c5bd8364ba37598bc3f3e3833e56
,,3955,2025-12-01T13:17:45.976701674Z,2025-12-01T14:17:45.976701674Z,2025-12-01T13:54:12.899292482Z,"{""interval"":58915}",attributes,spans,580706b33949,railway-simulation,eee5a81c643c25c2,d5ea1f3cfad1c02cfd1a0ac74a79ff3a
,,3956,2025-12-01T13:17:45.976701674Z,2025-12-01T14:17:45.976701674Z,2025-12-01T13:56:54.589723507Z,"{""interval"":85645}",attributes,spans,580706b33949,railway-simulation,eef0bc8209826d99,4a5ab0bb23e15d7cc68900336a1e0b1f
,,3957,2025-12-01T13:17:45.976701674Z,2025-12-01T14:17:45.976701674Z,2025-12-01T13:53:20.065954413Z,"{""interval"":50335}",attributes,spans,580706b33949,railway-simulation,eef5dc290a1a8ebc,b778fb07f3697c1a8567dcebda7053e0
,,3958,2025-12-01T13:17:45.976701674Z,2025-12-01T14:17:45.976701674Z,2025-12-01T13:55:06.899237072Z,"{""interval"":67825}",attributes,spans,580706b33949,railway-simulation,eef9ec2d8520e709,24c8f3e96ee311087c8ad2f45be1e0bd
,,3959,2025-12-01T13:17:45.976701674Z,2025-12-01T14:17:45.976701674Z,2025-12-01T13:54:56.565990646Z,"{""interval"":66175}",attributes,spans,580706b33949,railway-simulation,ef0276fa888387e2,af25566650db7aa82ade93e4b6cfcf97
,,3960,2025-12-01T13:17:45.976701674Z,2025-12-01T14:17:45.976701674Z,2025-12-01T13:56:23.399273865Z,"{""interval"":80530}",attributes,spans,580706b33949,railway-simulation,ef058e6cb0cdb5a6,468d25477cf8938b6f54191e962a1e68
,,3961,2025-12-01T13:17:45.976701674Z,2025-12-01T14:17:45.976701674Z,2025-12-01T13:55:49.399403148Z,"{""interval"":74920}",attributes,spans,580706b33949,railway-simulation,ef21d584fe40017e,f5f9ae4e9227304a051e9c90147661f0
,,3962,2025-12-01T13:17:45.976701674Z,2025-12-01T14:17:45.976701674Z,2025-12-01T13:48:28.232749354Z,"{""interval"":2155}",attributes,spans,580706b33949,railway-simulation,ef2d63ae9062b28e,e9baeda30b350e256559b5ea4ab521f3
,,3963,2025-12-01T13:17:45.976701674Z,2025-12-01T14:17:45.976701674Z,2025-12-01T13:51:22.73269184Z,"{""interval"":30865.000000000004}",attributes,spans,580706b33949,railway-simulation,ef3bd0abea4b037a,2e8eee59d35a89c639531e8519e5576a
,,3964,2025-12-01T13:17:45.976701674Z,2025-12-01T14:17:45.976701674Z,2025-12-01T13:58:05.686789681Z,"{""interval"":93730}",attributes,spans,580706b33949,railway-simulation,ef3d06989d5d669c,2a97db7970dbb517d11eeb4d30f98f3a
,,3965,2025-12-01T13:17:45.976701674Z,2025-12-01T14:17:45.976701674Z,2025-12-01T13:55:36.960482536Z,"{""interval"":72775}",attributes,spans,580706b33949,railway-simulation,ef3f22d6c08468e3,0fc0bf6b129c9afd19620cde95c076a7
,,3966,2025-12-01T13:17:45.976701674Z,2025-12-01T14:17:45.976701674Z,2025-12-01T13:48:49.232813107Z,"{""interval"":5620}",attributes,spans,580706b33949,railway-simulation,ef4ac4504f22dda3,ac6e976ae384182dde9a5172d88d31b9
,,3967,2025-12-01T13:17:45.976701674Z,2025-12-01T14:17:45.976701674Z,2025-12-01T13:49:48.232602741Z,"{""interval"":15354.999999999998}",attributes,spans,580706b33949,railway-simulation,ef4fbfefc9a4f9d0,d814fe9a5d0b703578d09f5b1574acad
,,3968,2025-12-01T13:17:45.976701674Z,2025-12-01T14:17:45.976701674Z,2025-12-01T13:53:54.400004188Z,"{""interval"":55945.00000000001}",attributes,spans,580706b33949,railway-simulation,ef4ffb9c4d8981b8,fc21b915a583570d2bad5c6deba8e206
,,3969,2025-12-01T13:17:45.976701674Z,2025-12-01T14:17:45.976701674Z,2025-12-01T13:48:32.233337434Z,"{""interval"":2815}",attributes,spans,580706b33949,railway-simulation,ef5c5308fb92ccf1,5f9838b9f064452113a49b0a184d184f
,,3970,2025-12-01T13:17:45.976701674Z,2025-12-01T14:17:45.976701674Z,2025-12-01T13:54:40.065913084Z,"{""interval"":63535.00000000001}",attributes,spans,580706b33949,railway-simulation,ef6cc3effdadb7da,c917f5c696783ba3e241f3306c31fe43
,,3971,2025-12-01T13:17:45.976701674Z,2025-12-01T14:17:45.976701674Z,2025-12-01T13:52:59.399296431Z,"{""interval"":46870}",attributes,spans,580706b33949,railway-simulation,ef7542cdc9755698,53be8d6101ece438359ec871574a30ef
,,3972,2025-12-01T13:17:45.976701674Z,2025-12-01T14:17:45.976701674Z,2025-12-01T13:55:51.566212999Z,"{""interval"":75250}",attributes,spans,580706b33949,railway-simulation,efa1f447ec967d0d,1af67e089bf3131af9fcda2dd41a3248
,,3973,2025-12-01T13:17:45.976701674Z,2025-12-01T14:17:45.976701674Z,2025-12-01T13:58:37.136458614Z,"{""interval"":98020}",attributes,spans,580706b33949,railway-simulation,efade9ba124273c7,e3bdf1da2d0cd9d98247ea658cc8f4d7
,,3974,2025-12-01T13:17:45.976701674Z,2025-12-01T14:17:45.976701674Z,2025-12-01T13:55:43.399365952Z,"{""interval"":73930}",attributes,spans,580706b33949,railway-simulation,efb3c9f3afe39bea,0dea189bdb86549264e0fc763056aa28
,,3975,2025-12-01T13:17:45.976701674Z,2025-12-01T14:17:45.976701674Z,2025-12-01T13:50:06.399314368Z,"{""interval"":18325}",attributes,spans,580706b33949,railway-simulation,efc0a191d3cef5f0,289fb568513424c91e7497dffd6359c7
,,3976,2025-12-01T13:17:45.976701674Z,2025-12-01T14:17:45.976701674Z,2025-12-01T13:52:22.732571106Z,"{""interval"":40765}",attributes,spans,580706b33949,railway-simulation,efd698436e0763d5,d5d12a568bb0d7d13bf55c3ac98533d8
,,3977,2025-12-01T13:17:45.976701674Z,2025-12-01T14:17:45.976701674Z,2025-12-01T13:54:41.899247614Z,"{""interval"":63700}",attributes,spans,580706b33949,railway-simulation,f0031b6b607bd3cc,2470c008487919ad12290bdd15c002e0
,,3978,2025-12-01T13:17:45.976701674Z,2025-12-01T14:17:45.976701674Z,2025-12-01T13:55:20.899288474Z,"{""interval"":70135}",attributes,spans,580706b33949,railway-simulation,f0262f70bd9c19ce,d7d61f56a8c688995276c1a9953e719e
,,3979,2025-12-01T13:17:45.976701674Z,2025-12-01T14:17:45.976701674Z,2025-12-01T13:53:17.899327868Z,"{""interval"":49840}",attributes,spans,580706b33949,railway-simulation,f027633f4d51899d,84a66520dd2731619ec27dee59ea5f83
,,3980,2025-12-01T13:17:45.976701674Z,2025-12-01T14:17:45.976701674Z,2025-12-01T13:53:24.732610099Z,"{""interval"":50995}",attributes,spans,580706b33949,railway-simulation,f037c0f7aa914aaf,d663097c378cbf0af93994fbf408d216
,,3981,2025-12-01T13:17:45.976701674Z,2025-12-01T14:17:45.976701674Z,2025-12-01T13:58:18.737631018Z,"{""interval"":95215}",attributes,spans,580706b33949,railway-simulation,f0394e0db13fb4ff,353b497f63b064dc68e2313e27602e1b
,,3982,2025-12-01T13:17:45.976701674Z,2025-12-01T14:17:45.976701674Z,2025-12-01T13:51:18.565910238Z,"{""interval"":30205}",attributes,spans,580706b33949,railway-simulation,f04a4babae038c01,9c12f597fb28cd50a2651fd67be4041c
,,3983,2025-12-01T13:17:45.976701674Z,2025-12-01T14:17:45.976701674Z,2025-12-01T13:48:33.232477215Z,"{""interval"":2980}",attributes,spans,580706b33949,railway-simulation,f050626be51a514b,00845bb39c1f5287fcbc6dea1e929060
,,3984,2025-12-01T13:17:45.976701674Z,2025-12-01T14:17:45.976701674Z,2025-12-01T13:54:53.399256372Z,"{""interval"":65680}",attributes,spans,580706b33949,railway-simulation,f078f1fde3793b24,445cc346329930a69f8c70998df52906
,,3985,2025-12-01T13:17:45.976701674Z,2025-12-01T14:17:45.976701674Z,2025-12-01T13:51:58.732594034Z,"{""interval"":36805}",attributes,spans,580706b33949,railway-simulation,f0962f5d9250b5e2,083e34d6b9412c0ee11b00c70167a4de
,,3986,2025-12-01T13:17:45.976701674Z,2025-12-01T14:17:45.976701674Z,2025-12-01T13:50:22.732609982Z,"{""interval"":20965}",attributes,spans,580706b33949,railway-simulation,f0a4ed23af5b516d,7b9cf5f5670a3580c24bd48cb8d6e0f9
,,3987,2025-12-01T13:17:45.976701674Z,2025-12-01T14:17:45.976701674Z,2025-12-01T13:52:43.899246783Z,"{""interval"":44230}",attributes,spans,580706b33949,railway-simulation,f0cbed1f3a1be1b0,2d9ae16fe577d316a7b060ef4348712e
,,3988,2025-12-01T13:17:45.976701674Z,2025-12-01T14:17:45.976701674Z,2025-12-01T13:48:49.566265606Z,"{""interval"":5620}",attributes,spans,580706b33949,railway-simulation,f0d159de6e2dcf49,124d87badaead1f6e0d8dabd9cb39784
,,3989,2025-12-01T13:17:45.976701674Z,2025-12-01T14:17:45.976701674Z,2025-12-01T13:53:13.232607874Z,"{""interval"":49180}",attributes,spans,580706b33949,railway-simulation,f0e291bf9e749315,07d4d47f891d10c64dc2b636690aae15
,,3990,2025-12-01T13:17:45.976701674Z,2025-12-01T14:17:45.976701674Z,2025-12-01T13:56:22.899236725Z,"{""interval"":80365}",attributes,spans,580706b33949,railway-simulation,f0e37813a5b374d8,bd0d6865f57e5b3cb4f3a4864908025a
,,3991,2025-12-01T13:17:45.976701674Z,2025-12-01T14:17:45.976701674Z,2025-12-01T13:51:07.066001402Z,"{""interval"":28390}",attributes,spans,580706b33949,railway-simulation,f11f5ec4e688f1bf,0ff3e0f5cc9f34d666af079d05eab26b
,,3992,2025-12-01T13:17:45.976701674Z,2025-12-01T14:17:45.976701674Z,2025-12-01T13:52:22.065919371Z,"{""interval"":40765}",attributes,spans,580706b33949,railway-simulation,f138e9460966d4db,9c479dee1bf1465b5361e02116aaac96
,,3993,2025-12-01T13:17:45.976701674Z,2025-12-01T14:17:45.976701674Z,2025-12-01T13:57:04.072250711Z,"{""interval"":87295}",attributes,spans,580706b33949,railway-simulation,f152c417ced1f0f7,a23cdab9cf980672982f356465e7f8b6
,,3994,2025-12-01T13:17:45.976701674Z,2025-12-01T14:17:45.976701674Z,2025-12-01T13:55:46.399446545Z,"{""interval"":74425}",attributes,spans,580706b33949,railway-simulation,f163218bc3027b59,b464b925e0f6c4069b27fe1403480344
,,3995,2025-12-01T13:17:45.976701674Z,2025-12-01T14:17:45.976701674Z,2025-12-01T13:57:04.928840749Z,"{""interval"":87295}",attributes,spans,580706b33949,railway-simulation,f163f9c5204110c3,3b471b4a1655099298b4e0d3e87a1c1e
,,3996,2025-12-01T13:17:45.976701674Z,2025-12-01T14:17:45.976701674Z,2025-12-01T13:58:42.444220208Z,"{""interval"":98845}",attributes,spans,580706b33949,railway-simulation,f17b766eaeccb6d9,187ba3e955f9ba55123175eec312955e
,,3997,2025-12-01T13:17:45.976701674Z,2025-12-01T14:17:45.976701674Z,2025-12-01T13:49:46.232727564Z,"{""interval"":15025}",attributes,spans,580706b33949,railway-simulation,f1822e6f1e61fa39,eb59694670ccdad1b8b9c3efc277a083
,,3998,2025-12-01T13:17:45.976701674Z,2025-12-01T14:17:45.976701674Z,2025-12-01T13:52:46.065945686Z,"{""interval"":44725}",attributes,spans,580706b33949,railway-simulation,f1864d386c8ba2ea,0d363d73e43c27d2bf7809a4cb8a9fc5
,,3999,2025-12-01T13:17:45.976701674Z,2025-12-01T14:17:45.976701674Z,2025-12-01T13:57:24.548809938Z,"{""interval"":89275}",attributes,spans,580706b33949,railway-simulation,f189d475b64c66f3,feaf2753803768f6982f129e56b137f6
,,4000,2025-12-01T13:17:45.976701674Z,2025-12-01T14:17:45.976701674Z,2025-12-01T13:54:18.399286644Z,"{""interval"":59905}",attributes,spans,580706b33949,railway-simulation,f1c78ab01a56f6d0,534cd10249b4f3f7f5208bb667cef9c6
,,4001,2025-12-01T13:17:45.976701674Z,2025-12-01T14:17:45.976701674Z,2025-12-01T13:56:14.065964503Z,"{""interval"":79045}",attributes,spans,580706b33949,railway-simulation,f1d4f0f4730307ba,554b14a6c9047c682bef5a2a595e8701
,,4002,2025-12-01T13:17:45.976701674Z,2025-12-01T14:17:45.976701674Z,2025-12-01T13:53:14.899217821Z,"{""interval"":49345}",attributes,spans,580706b33949,railway-simulation,f1d5194b0ff528fe,c70ac9c43760922518bfdc1d931dd39f
,,4003,2025-12-01T13:17:45.976701674Z,2025-12-01T14:17:45.976701674Z,2025-12-01T13:50:13.899381902Z,"{""interval"":19480}",attributes,spans,580706b33949,railway-simulation,f1e136741f085fd1,f99ad00fe9c599e8c056e4ca41836c45
,,4004,2025-12-01T13:17:45.976701674Z,2025-12-01T14:17:45.976701674Z,2025-12-01T13:50:11.732567455Z,"{""interval"":19150}",attributes,spans,580706b33949,railway-simulation,f205d86823c78792,e4d6e2997f9cd2682c8886ed93dc091f
,,4005,2025-12-01T13:17:45.976701674Z,2025-12-01T14:17:45.976701674Z,2025-12-01T13:56:13.066222369Z,"{""interval"":78880}",attributes,spans,580706b33949,railway-simulation,f20ba0360817a63e,c6856fa9a3f3f12985ff7ee5de8129b5
,,4006,2025-12-01T13:17:45.976701674Z,2025-12-01T14:17:45.976701674Z,2025-12-01T13:51:58.565907805Z,"{""interval"":36805}",attributes,spans,580706b33949,railway-simulation,f231e39a66f44846,9f8230a32f0ca779b8956a1c4a3284a0
,,4007,2025-12-01T13:17:45.976701674Z,2025-12-01T14:17:45.976701674Z,2025-12-01T13:54:15.732710119Z,"{""interval"":59410}",attributes,spans,580706b33949,railway-simulation,f278cf1590bc93c4,f79d4ed8e32671214720afc8a06d4692
,,4008,2025-12-01T13:17:45.976701674Z,2025-12-01T14:17:45.976701674Z,2025-12-01T13:50:23.733107432Z,"{""interval"":21130}",attributes,spans,580706b33949,railway-simulation,f28321c9d72fa81c,b40dcdd09070ba26aab56ec50017e9c4
,,4009,2025-12-01T13:17:45.976701674Z,2025-12-01T14:17:45.976701674Z,2025-12-01T13:48:48.566901756Z,"{""interval"":5455}",attributes,spans,580706b33949,railway-simulation,f28c984466edeaca,84e4ebab63d04755745684ec43ddfe36
,,4010,2025-12-01T13:17:45.976701674Z,2025-12-01T14:17:45.976701674Z,2025-12-01T13:50:56.065908408Z,"{""interval"":26575.000000000004}",attributes,spans,580706b33949,railway-simulation,f28dac0c54f39855,14debd6d6711fe414815e2fafbfe1eaf
,,4011,2025-12-01T13:17:45.976701674Z,2025-12-01T14:17:45.976701674Z,2025-12-01T13:56:55.431182922Z,"{""interval"":85810}",attributes,spans,580706b33949,railway-simulation,f29f07c3cfa991f8,e31a5e77402a937edbf8993f97fcac26
,,4012,2025-12-01T13:17:45.976701674Z,2025-12-01T14:17:45.976701674Z,2025-12-01T13:50:25.899401183Z,"{""interval"":21460}",attributes,spans,580706b33949,railway-simulation,f2c27607b51ae0c1,b5018574eea63d1474d5181e621d932c
,,4013,2025-12-01T13:17:45.976701674Z,2025-12-01T14:17:45.976701674Z,2025-12-01T13:56:41.945917476Z,"{""interval"":83500}",attributes,spans,580706b33949,railway-simulation,f2e43caa9593508d,f168cd2a94afcf01e7759017b303b49e
,,4014,2025-12-01T13:17:45.976701674Z,2025-12-01T14:17:45.976701674Z,2025-12-01T13:48:44.233249041Z,"{""interval"":4795}",attributes,spans,580706b33949,railway-simulation,f30c51d7c961d796,ae98a90c859f39ee5f78bfec4a837a32
,,4015,2025-12-01T13:17:45.976701674Z,2025-12-01T14:17:45.976701674Z,2025-12-01T13:53:17.399484539Z,"{""interval"":49840}",attributes,spans,580706b33949,railway-simulation,f316ccf32384349d,73fc76bbeabd6876ed457abca6a3ee42
,,4016,2025-12-01T13:17:45.976701674Z,2025-12-01T14:17:45.976701674Z,2025-12-01T13:52:39.899276846Z,"{""interval"":43570}",attributes,spans,580706b33949,railway-simulation,f325615eb926f91e,26f465d7866a584aa1279cc08324e549
,,4017,2025-12-01T13:17:45.976701674Z,2025-12-01T14:17:45.976701674Z,2025-12-01T13:52:42.399252987Z,"{""interval"":44065}",attributes,spans,580706b33949,railway-simulation,f32587777af44c91,e59e5d8768bca89643b3a3aa135a0a89
,,4018,2025-12-01T13:17:45.976701674Z,2025-12-01T14:17:45.976701674Z,2025-12-01T13:57:24.955531546Z,"{""interval"":89440}",attributes,spans,580706b33949,railway-simulation,f32c27e22563e4e7,112a58c68bdb1a134caaedd7cbe336ad
,,4019,2025-12-01T13:17:45.976701674Z,2025-12-01T14:17:45.976701674Z,2025-12-01T13:53:03.732602375Z,"{""interval"":47530}",attributes,spans,580706b33949,railway-simulation,f344ac87bbea1a27,89d03f9ad531e38c5687d5466da73bdc
,,4020,2025-12-01T13:17:45.976701674Z,2025-12-01T14:17:45.976701674Z,2025-12-01T13:50:41.066002349Z,"{""interval"":24100}",attributes,spans,580706b33949,railway-simulation,f34782de2ea8b3a3,b3665a47e738c10b8aed39f275616d46
,,4021,2025-12-01T13:17:45.976701674Z,2025-12-01T14:17:45.976701674Z,2025-12-01T13:52:26.565925796Z,"{""interval"":41425}",attributes,spans,580706b33949,railway-simulation,f34b044ce859033c,3e7bc922f164831970dfa78391a0ba2c
,,4022,2025-12-01T13:17:45.976701674Z,2025-12-01T14:17:45.976701674Z,2025-12-01T13:50:49.065996419Z,"{""interval"":25420}",attributes,spans,580706b33949,railway-simulation,f357775a7ad2b9ab,f111d4d00f05a835a380d569e9c43b52
,,4023,2025-12-01T13:17:45.976701674Z,2025-12-01T14:17:45.976701674Z,2025-12-01T13:57:14.936856988Z,"{""interval"":88285}",attributes,spans,580706b33949,railway-simulation,f35cfc65e336da3d,9894c2a0cbaf47e9cd154b059a2c63de
,,4024,2025-12-01T13:17:45.976701674Z,2025-12-01T14:17:45.976701674Z,2025-12-01T13:55:10.065933895Z,"{""interval"":68485}",attributes,spans,580706b33949,railway-simulation,f366e192d9edfc30,c8b369d53f0af093d6e617de6365115d
,,4025,2025-12-01T13:17:45.976701674Z,2025-12-01T14:17:45.976701674Z,2025-12-01T13:54:23.732620123Z,"{""interval"":60730.00000000001}",attributes,spans,580706b33949,railway-simulation,f3bb8bde23bea90f,74818389d35d42b1c33e60f37b40768a
,,4026,2025-12-01T13:17:45.976701674Z,2025-12-01T14:17:45.976701674Z,2025-12-01T13:57:29.595882913Z,"{""interval"":89770}",attributes,spans,580706b33949,railway-simulation,f3d03a4241424caf,2c8d7ce41f256a551ab8b921fbc55c9e
,,4027,2025-12-01T13:17:45.976701674Z,2025-12-01T14:17:45.976701674Z,2025-12-01T13:50:34.066924145Z,"{""interval"":22945}",attributes,spans,580706b33949,railway-simulation,f3e627d92e027681,5246b8fd98f7d709b5513d48ec08994d
,,4028,2025-12-01T13:17:45.976701674Z,2025-12-01T14:17:45.976701674Z,2025-12-01T13:50:55.067008521Z,"{""interval"":26410}",attributes,spans,580706b33949,railway-simulation,f3e7506c576c8186,181460472282f6fa8c90c6681af459f1
,,4029,2025-12-01T13:17:45.976701674Z,2025-12-01T14:17:45.976701674Z,2025-12-01T13:51:33.232657379Z,"{""interval"":32680}",attributes,spans,580706b33949,railway-simulation,f3f10700f8939568,1e52e43eb3b94389567b29c7ccff8715
,,4030,2025-12-01T13:17:45.976701674Z,2025-12-01T14:17:45.976701674Z,2025-12-01T13:55:12.232636647Z,"{""interval"":68815}",attributes,spans,580706b33949,railway-simulation,f3f9c656fdb88180,b0c8a12a4d1096d7d2c354c5253cf755
,,4031,2025-12-01T13:17:45.976701674Z,2025-12-01T14:17:45.976701674Z,2025-12-01T13:58:40.45748678Z,"{""interval"":98515}",attributes,spans,580706b33949,railway-simulation,f40491262015628f,0e2109d373ccf7112834daee8d80ab97
,,4032,2025-12-01T13:17:45.976701674Z,2025-12-01T14:17:45.976701674Z,2025-12-01T13:57:20.720957962Z,"{""interval"":88945}",attributes,spans,580706b33949,railway-simulation,f4060596df7d726d,ee4cb9e9a96e7779977a80301861fb9f
,,4033,2025-12-01T13:17:45.976701674Z,2025-12-01T14:17:45.976701674Z,2025-12-01T13:57:13.791456609Z,"{""interval"":88285}",attributes,spans,580706b33949,railway-simulation,f4131d7e9486fed3,ed9a96f98a7f27758fb74baf54833cff
,,4034,2025-12-01T13:17:45.976701674Z,2025-12-01T14:17:45.976701674Z,2025-12-01T13:53:35.399236632Z,"{""interval"":52810}",attributes,spans,580706b33949,railway-simulation,f41903416eae9c73,3b414544c287392be915704a46837f11
,,4035,2025-12-01T13:17:45.976701674Z,2025-12-01T14:17:45.976701674Z,2025-12-01T13:54:41.732613158Z,"{""interval"":63700}",attributes,spans,580706b33949,railway-simulation,f41a09234c98a6d2,8608e02b6ef711d8ac8f5c5fb00f6ef3
,,4036,2025-12-01T13:17:45.976701674Z,2025-12-01T14:17:45.976701674Z,2025-12-01T13:52:49.232595491Z,"{""interval"":45220}",attributes,spans,580706b33949,railway-simulation,f41cfc2f87e9e9f4,11183662609235fd5ba35206917a8118
,,4037,2025-12-01T13:17:45.976701674Z,2025-12-01T14:17:45.976701674Z,2025-12-01T13:51:53.066069081Z,"{""interval"":35980}",attributes,spans,580706b33949,railway-simulation,f43c9a44ac569167,9c2dab0a0d99722ff32272dca1587085
,,4038,2025-12-01T13:17:45.976701674Z,2025-12-01T14:17:45.976701674Z,2025-12-01T13:49:38.566702496Z,"{""interval"":13705}",attributes,spans,580706b33949,railway-simulation,f46cf8bb9daf8584,99513dd3648f211d86d437e09a425115
,,4039,2025-12-01T13:17:45.976701674Z,2025-12-01T14:17:45.976701674Z,2025-12-01T13:55:45.899529845Z,"{""interval"":74260}",attributes,spans,580706b33949,railway-simulation,f496b27a62ec9fae,1ed5d9a9ba700604832e7cb25940d84e
,,4040,2025-12-01T13:17:45.976701674Z,2025-12-01T14:17:45.976701674Z,2025-12-01T13:53:55.734322601Z,"{""interval"":56110}",attributes,spans,580706b33949,railway-simulation,f49d83be2c2e97ee,ab0729386f0881550623527c819781df
,,4041,2025-12-01T13:17:45.976701674Z,2025-12-01T14:17:45.976701674Z,2025-12-01T13:57:00.311757325Z,"{""interval"":86635}",attributes,spans,580706b33949,railway-simulation,f4a4395e7517bb0a,147850bf861e885ecedc185a49979183
,,4042,2025-12-01T13:17:45.976701674Z,2025-12-01T14:17:45.976701674Z,2025-12-01T13:49:50.56594927Z,"{""interval"":15685.000000000002}",attributes,spans,580706b33949,railway-simulation,f4cdfc289fe10f59,6173d31b2b83d76db520365cc71219a8
,,4043,2025-12-01T13:17:45.976701674Z,2025-12-01T14:17:45.976701674Z,2025-12-01T13:54:44.732551529Z,"{""interval"":64195}",attributes,spans,580706b33949,railway-simulation,f4decb1a724fae67,2d2e45c4b105d8d532c537c8b4434f0a
,,4044,2025-12-01T13:17:45.976701674Z,2025-12-01T14:17:45.976701674Z,2025-12-01T13:53:08.89930054Z,"{""interval"":48355}",attributes,spans,580706b33949,railway-simulation,f4fcd025e84dcc76,e493437a11d97969c5c994bb33f66737
,,4045,2025-12-01T13:17:45.976701674Z,2025-12-01T14:17:45.976701674Z,2025-12-01T13:57:00.808230298Z,"{""interval"":86635}",attributes,spans,580706b33949,railway-simulation,f503b4940fdce235,b487999df7f5bd2ffba83975e2ed607a
,,4046,2025-12-01T13:17:45.976701674Z,2025-12-01T14:17:45.976701674Z,2025-12-01T13:52:18.232570193Z,"{""interval"":40105}",attributes,spans,580706b33949,railway-simulation,f52dfa276c569e72,12d48312d29f427932bc387af8722a90
,,4047,2025-12-01T13:17:45.976701674Z,2025-12-01T14:17:45.976701674Z,2025-12-01T13:55:14.732560559Z,"{""interval"":69145}",attributes,spans,580706b33949,railway-simulation,f53f60170245b5c6,2ae6da04121bae26925154bd9ed8c157
,,4048,2025-12-01T13:17:45.976701674Z,2025-12-01T14:17:45.976701674Z,2025-12-01T13:56:00.399352415Z,"{""interval"":76735}",attributes,spans,580706b33949,railway-simulation,f54e5caa6b04f869,222a5b85ffa3c3734a9058f23f3258d5
,,4049,2025-12-01T13:17:45.976701674Z,2025-12-01T14:17:45.976701674Z,2025-12-01T13:55:57.732734795Z,"{""interval"":76240}",attributes,spans,580706b33949,railway-simulation,f574b9ecc234f10f,7ac3dc9ea446d2aa9fc5c0595a3543a6
,,4050,2025-12-01T13:17:45.976701674Z,2025-12-01T14:17:45.976701674Z,2025-12-01T13:54:54.399306029Z,"{""interval"":65845}",attributes,spans,580706b33949,railway-simulation,f585cec0b3a90a11,693600b63a444c75148141824aa67652
,,4051,2025-12-01T13:17:45.976701674Z,2025-12-01T14:17:45.976701674Z,2025-12-01T13:49:26.566686809Z,"{""interval"":11725}",attributes,spans,580706b33949,railway-simulation,f5a750a98bf97056,b9123212c153a81dd46ec239b3b98593
,,4052,2025-12-01T13:17:45.976701674Z,2025-12-01T14:17:45.976701674Z,2025-12-01T13:57:55.934113787Z,"{""interval"":92740}",attributes,spans,580706b33949,railway-simulation,f5a8a03a056cc3da,2787dc62c9191f002a059d3a7645ee71
,,4053,2025-12-01T13:17:45.976701674Z,2025-12-01T14:17:45.976701674Z,2025-12-01T13:48:54.899419405Z,"{""interval"":6445}",attributes,spans,580706b33949,railway-simulation,f5b25440b3972eb2,2f9bcb210774633723de7580de461022
,,4054,2025-12-01T13:17:45.976701674Z,2025-12-01T14:17:45.976701674Z,2025-12-01T13:49:56.39996113Z,"{""interval"":16675}",attributes,spans,580706b33949,railway-simulation,f5b849e53a0b3d83,d93818a11797e98b131acffa9ead2a56
,,4055,2025-12-01T13:17:45.976701674Z,2025-12-01T14:17:45.976701674Z,2025-12-01T13:50:47.399235736Z,"{""interval"":25090}",attributes,spans,580706b33949,railway-simulation,f5c1727f5d1d6b2d,dad7f53a271d3e0d0811ce3d440413da
,,4056,2025-12-01T13:17:45.976701674Z,2025-12-01T14:17:45.976701674Z,2025-12-01T13:53:25.732663313Z,"{""interval"":51160.00000000001}",attributes,spans,580706b33949,railway-simulation,f5d369a4ffe0117d,a780f49343d8c3a6103ae6660d5fc38e
,,4057,2025-12-01T13:17:45.976701674Z,2025-12-01T14:17:45.976701674Z,2025-12-01T13:54:22.065912884Z,"{""interval"":60565}",attributes,spans,580706b33949,railway-simulation,f5d6b77a13ab18ec,13463ae962b3e429bf5c8e0bed259792
,,4058,2025-12-01T13:17:45.976701674Z,2025-12-01T14:17:45.976701674Z,2025-12-01T13:58:38.453080077Z,"{""interval"":98185}",attributes,spans,580706b33949,railway-simulation,f5f100c5f5fec5e4,605cdcc515df2c48f7746769c33e3ddf
,,4059,2025-12-01T13:17:45.976701674Z,2025-12-01T14:17:45.976701674Z,2025-12-01T13:56:54.88163711Z,"{""interval"":85645}",attributes,spans,580706b33949,railway-simulation,f5f8ce496b764564,e2f14225a99ab3ad975fc67a0add82b4
,,4060,2025-12-01T13:17:45.976701674Z,2025-12-01T14:17:45.976701674Z,2025-12-01T13:54:09.565911783Z,"{""interval"":58419.99999999999}",attributes,spans,580706b33949,railway-simulation,f619df4f94445aa5,8856681a21d5febd7229aa542298699d
,,4061,2025-12-01T13:17:45.976701674Z,2025-12-01T14:17:45.976701674Z,2025-12-01T13:54:25.399292039Z,"{""interval"":61060}",attributes,spans,580706b33949,railway-simulation,f62c6ea6bb4d83a4,5f86017af76a52abb57608ba1680156f
,,4062,2025-12-01T13:17:45.976701674Z,2025-12-01T14:17:45.976701674Z,2025-12-01T13:51:11.23273765Z,"{""interval"":29050}",attributes,spans,580706b33949,railway-simulation,f6453880416d5124,78a13207597b6d7426cd07c98950fc26
,,4063,2025-12-01T13:17:45.976701674Z,2025-12-01T14:17:45.976701674Z,2025-12-01T13:54:53.23261338Z,"{""interval"":65680}",attributes,spans,580706b33949,railway-simulation,f68c4115bf07ac8d,c6b2d8d615b93800d83bd3a855a53a43
,,4064,2025-12-01T13:17:45.976701674Z,2025-12-01T14:17:45.976701674Z,2025-12-01T13:58:15.814432361Z,"{""interval"":94885}",attributes,spans,580706b33949,railway-simulation,f69923671e3dd85d,e69cb85897fd62b17c55b2375f6880e1
,,4065,2025-12-01T13:17:45.976701674Z,2025-12-01T14:17:45.976701674Z,2025-12-01T13:51:07.899367372Z,"{""interval"":28390}",attributes,spans,580706b33949,railway-simulation,f6c04d852c1f88f4,f9cc5ab89abe9c14ad68900e054d19e7
,,4066,2025-12-01T13:17:45.976701674Z,2025-12-01T14:17:45.976701674Z,2025-12-01T13:56:20.899846534Z,"{""interval"":80035}",attributes,spans,580706b33949,railway-simulation,f6c15f421a6317c2,92bf902f85a4a42386e2de23717ebac7
,,4067,2025-12-01T13:17:45.976701674Z,2025-12-01T14:17:45.976701674Z,2025-12-01T13:49:25.899260569Z,"{""interval"":11560}",attributes,spans,580706b33949,railway-simulation,f6c23a0e015ff28d,c7b9678f266063e5c34355099d41f03e
,,4068,2025-12-01T13:17:45.976701674Z,2025-12-01T14:17:45.976701674Z,2025-12-01T13:55:54.566355186Z,"{""interval"":75745}",attributes,spans,580706b33949,railway-simulation,f6dad8930ae65683,85bb5b7550632f2ccea7fb3aec3eeb6f
,,4069,2025-12-01T13:17:45.976701674Z,2025-12-01T14:17:45.976701674Z,2025-12-01T13:54:08.901019048Z,"{""interval"":58255}",attributes,spans,580706b33949,railway-simulation,f6deeda99cd1e050,eec4755b0ec20e03b23fe24e6b811f2d
,,4070,2025-12-01T13:17:45.976701674Z,2025-12-01T14:17:45.976701674Z,2025-12-01T13:51:54.065956794Z,"{""interval"":36145}",attributes,spans,580706b33949,railway-simulation,f6eb475e118463be,42021e978b4de896447d1a12ed2f6f0c
,,4071,2025-12-01T13:17:45.976701674Z,2025-12-01T14:17:45.976701674Z,2025-12-01T13:48:59.899239105Z,"{""interval"":7270.000000000001}",attributes,spans,580706b33949,railway-simulation,f6fb515e84e8b474,0ca8f7c222c1683836efcbe4e09cf930
,,4072,2025-12-01T13:17:45.976701674Z,2025-12-01T14:17:45.976701674Z,2025-12-01T13:57:34.433473111Z,"{""interval"":90430}",attributes,spans,580706b33949,railway-simulation,f703af77484d4ab1,8d6271a1ac0b880d15a99a70340080d8
,,4073,2025-12-01T13:17:45.976701674Z,2025-12-01T14:17:45.976701674Z,2025-12-01T13:52:40.732601909Z,"{""interval"":43735}",attributes,spans,580706b33949,railway-simulation,f70f788e47cb58dd,7c6bbb66334936979c159aff822acb99
,,4074,2025-12-01T13:17:45.976701674Z,2025-12-01T14:17:45.976701674Z,2025-12-01T13:53:44.399436295Z,"{""interval"":54295}",attributes,spans,580706b33949,railway-simulation,f7128f665165c658,018d6b24d6489247a3cfa66ad6ea8491
,,4075,2025-12-01T13:17:45.976701674Z,2025-12-01T14:17:45.976701674Z,2025-12-01T13:51:12.732712029Z,"{""interval"":29214.999999999996}",attributes,spans,580706b33949,railway-simulation,f7188ca29a9cf04b,65b8dc822001594a1f2891ed44994a51
,,4076,2025-12-01T13:17:45.976701674Z,2025-12-01T14:17:45.976701674Z,2025-12-01T13:52:02.065905981Z,"{""interval"":37465}",attributes,spans,580706b33949,railway-simulation,f73894f29fe27de5,914524b6f91accbbccdc71b5fe1618a5
,,4077,2025-12-01T13:17:45.976701674Z,2025-12-01T14:17:45.976701674Z,2025-12-01T13:51:55.89941497Z,"{""interval"":36310}",attributes,spans,580706b33949,railway-simulation,f74a02ce4d5a618f,30d5536783b78f075ec8c000bdec0759
,,4078,2025-12-01T13:17:45.976701674Z,2025-12-01T14:17:45.976701674Z,2025-12-01T13:51:42.732563384Z,"{""interval"":34165}",attributes,spans,580706b33949,railway-simulation,f75d3bcddf36360c,ed958e7e607878f1b0742ecc939d6089
,,4079,2025-12-01T13:17:45.976701674Z,2025-12-01T14:17:45.976701674Z,2025-12-01T13:58:10.896378819Z,"{""interval"":94390}",attributes,spans,580706b33949,railway-simulation,f788cf83d6007482,7eb5944058990be33858e399f532c7ff
,,4080,2025-12-01T13:17:45.976701674Z,2025-12-01T14:17:45.976701674Z,2025-12-01T13:51:25.3993217Z,"{""interval"":31359.999999999996}",attributes,spans,580706b33949,railway-simulation,f793285f19a22307,cb55ab4d92100f8eafd6118e344f624d
,,4081,2025-12-01T13:17:45.976701674Z,2025-12-01T14:17:45.976701674Z,2025-12-01T13:56:34.77977791Z,"{""interval"":82345}",attributes,spans,580706b33949,railway-simulation,f79cc9322cd84999,899f8f6c50bfdf2969a9db62d5dc7052
,,4082,2025-12-01T13:17:45.976701674Z,2025-12-01T14:17:45.976701674Z,2025-12-01T13:58:44.648221044Z,"{""interval"":99175}",attributes,spans,580706b33949,railway-simulation,f7a1f436612729cf,7a0e76d622b6a7b9907c12681f92b635
,,4083,2025-12-01T13:17:45.976701674Z,2025-12-01T14:17:45.976701674Z,2025-12-01T13:50:50.732635056Z,"{""interval"":25585}",attributes,spans,580706b33949,railway-simulation,f7a6f58b3e0ea13f,e4baa86356b4b058e83c53ab273a63c7
,,4084,2025-12-01T13:17:45.976701674Z,2025-12-01T14:17:45.976701674Z,2025-12-01T13:56:29.899388059Z,"{""interval"":81520}",attributes,spans,580706b33949,railway-simulation,f7ac3f749a0aa89f,ef05af0fc7b7d782da8272d471b7a765
,,4085,2025-12-01T13:17:45.976701674Z,2025-12-01T14:17:45.976701674Z,2025-12-01T13:51:13.566080713Z,"{""interval"":29380}",attributes,spans,580706b33949,railway-simulation,f7ae32153e51c43c,87dc5b48b21fb3241c0de44b814000fd
,,4086,2025-12-01T13:17:45.976701674Z,2025-12-01T14:17:45.976701674Z,2025-12-01T13:49:32.899366879Z,"{""interval"":12715}",attributes,spans,580706b33949,railway-simulation,f7aed6d47181ecbb,58313930530db26aa2b204b7b70ac3dd
,,4087,2025-12-01T13:17:45.976701674Z,2025-12-01T14:17:45.976701674Z,2025-12-01T13:50:09.065977687Z,"{""interval"":18820}",attributes,spans,580706b33949,railway-simulation,f7aeeff5123811ad,c9eb7c67efde6ebcb4dddb4f7a74b5b5
,,4088,2025-12-01T13:17:45.976701674Z,2025-12-01T14:17:45.976701674Z,2025-12-01T13:52:33.899240387Z,"{""interval"":42580}",attributes,spans,580706b33949,railway-simulation,f7d8092370050d7c,b916336efd430026dea931edcefbae84
,,4089,2025-12-01T13:17:45.976701674Z,2025-12-01T14:17:45.976701674Z,2025-12-01T13:49:28.232637572Z,"{""interval"":12055}",attributes,spans,580706b33949,railway-simulation,f7ded7aa8d04773f,2858a534d952aa950a8debe598ad3d60
,,4090,2025-12-01T13:17:45.976701674Z,2025-12-01T14:17:45.976701674Z,2025-12-01T13:51:12.399399133Z,"{""interval"":29214.999999999996}",attributes,spans,580706b33949,railway-simulation,f7f91191aa09e0ae,f209855e4796eb2162097802d331c12d
,,4091,2025-12-01T13:17:45.976701674Z,2025-12-01T14:17:45.976701674Z,2025-12-01T13:50:33.232618608Z,"{""interval"":22780}",attributes,spans,580706b33949,railway-simulation,f80a88ddb5dbf9c8,223f65387235d00b3584b881dd129226
,,4092,2025-12-01T13:17:45.976701674Z,2025-12-01T14:17:45.976701674Z,2025-12-01T13:53:17.732843019Z,"{""interval"":49840}",attributes,spans,580706b33949,railway-simulation,f811672a8168cb05,fe5deb8dd26e920eb398b923f0072909
,,4093,2025-12-01T13:17:45.976701674Z,2025-12-01T14:17:45.976701674Z,2025-12-01T13:55:21.899288082Z,"{""interval"":70300}",attributes,spans,580706b33949,railway-simulation,f811965240877b10,4c386417d3f07cc36d3d48cb00952957
,,4094,2025-12-01T13:17:45.976701674Z,2025-12-01T14:17:45.976701674Z,2025-12-01T13:50:11.565981023Z,"{""interval"":19150}",attributes,spans,580706b33949,railway-simulation,f81328debb8ac4ca,81cb55915f09e90d933f827a97be6a8a
,,4095,2025-12-01T13:17:45.976701674Z,2025-12-01T14:17:45.976701674Z,2025-12-01T13:53:17.065927219Z,"{""interval"":49840}",attributes,spans,580706b33949,railway-simulation,f82762679fb77989,38f24822c2301abe4bff24a054939083
,,4096,2025-12-01T13:17:45.976701674Z,2025-12-01T14:17:45.976701674Z,2025-12-01T13:55:31.09629509Z,"{""interval"":71785}",attributes,spans,580706b33949,railway-simulation,f83ef43e526ee18a,fd59a5e24a305d814da797ff378cdefb
,,4097,2025-12-01T13:17:45.976701674Z,2025-12-01T14:17:45.976701674Z,2025-12-01T13:49:01.066234481Z,"{""interval"":7600}",attributes,spans,580706b33949,railway-simulation,f83ef4a3dc45bd11,316f97ce7fe8a5bf6c4029bdf83daec6
,,4098,2025-12-01T13:17:45.976701674Z,2025-12-01T14:17:45.976701674Z,2025-12-01T13:48:52.899286298Z,"{""interval"":6115}",attributes,spans,580706b33949,railway-simulation,f844df0dbe3ef921,6beaf8072d911bfd40d03b329dd0a420
,,4099,2025-12-01T13:17:45.976701674Z,2025-12-01T14:17:45.976701674Z,2025-12-01T13:50:02.732673296Z,"{""interval"":17665}",attributes,spans,580706b33949,railway-simulation,f84fa7e2dd0407a7,11c05ea95b717674456fa1168bbb72a7
,,4100,2025-12-01T13:17:45.976701674Z,2025-12-01T14:17:45.976701674Z,2025-12-01T13:51:56.232719627Z,"{""interval"":36475}",attributes,spans,580706b33949,railway-simulation,f8637e697b1fffea,4e0c73ba92812192b93aa3b279c263d9
,,4101,2025-12-01T13:17:45.976701674Z,2025-12-01T14:17:45.976701674Z,2025-12-01T13:51:14.732592353Z,"{""interval"":29545}",attributes,spans,580706b33949,railway-simulation,f87c3483098cfdd4,525bf9ed3b85de1f3eeb8123719920c9
,,4102,2025-12-01T13:17:45.976701674Z,2025-12-01T14:17:45.976701674Z,2025-12-01T13:52:06.732731408Z,"{""interval"":38125}",attributes,spans,580706b33949,railway-simulation,f87e15f1ba9c43ab,2d615c26ed0e68d0f43a10935e4d5de8
,,4103,2025-12-01T13:17:45.976701674Z,2025-12-01T14:17:45.976701674Z,2025-12-01T13:54:23.232737558Z,"{""interval"":60730.00000000001}",attributes,spans,580706b33949,railway-simulation,f885fe30d29a8fdb,bc27ca69006a2c8afcb08dca0e60d342
,,4104,2025-12-01T13:17:45.976701674Z,2025-12-01T14:17:45.976701674Z,2025-12-01T13:51:28.899417591Z,"{""interval"":31854.999999999996}",attributes,spans,580706b33949,railway-simulation,f88af366c6f90978,f7dcca847d21ddb8519228c88f91cdb4
,,4105,2025-12-01T13:17:45.976701674Z,2025-12-01T14:17:45.976701674Z,2025-12-01T13:49:48.565866894Z,"{""interval"":15354.999999999998}",attributes,spans,580706b33949,railway-simulation,f8abf1739eaa6206,9109e14dea47a55b8e8345f1458e5da0
,,4106,2025-12-01T13:17:45.976701674Z,2025-12-01T14:17:45.976701674Z,2025-12-01T13:57:19.971345653Z,"{""interval"":88780}",attributes,spans,580706b33949,railway-simulation,f9092c648a679939,f33656784bd1d9aaa7f17591b17d9589
,,4107,2025-12-01T13:17:45.976701674Z,2025-12-01T14:17:45.976701674Z,2025-12-01T13:52:13.89926756Z,"{""interval"":39280}",attributes,spans,580706b33949,railway-simulation,f9133caf89edb8cf,1818e5c717551504748081b8b2074f5a
,,4108,2025-12-01T13:17:45.976701674Z,2025-12-01T14:17:45.976701674Z,2025-12-01T13:51:21.065946606Z,"{""interval"":30700}",attributes,spans,580706b33949,railway-simulation,f928b2bc9a59b2cb,c3a3220627d4ca4dd303fcb3a1f377fa
,,4109,2025-12-01T13:17:45.976701674Z,2025-12-01T14:17:45.976701674Z,2025-12-01T13:56:58.232685182Z,"{""interval"":86305}",attributes,spans,580706b33949,railway-simulation,f934be40f81004fa,feef435776a14997680995095ed55558
,,4110,2025-12-01T13:17:45.976701674Z,2025-12-01T14:17:45.976701674Z,2025-12-01T13:49:23.232614283Z,"{""interval"":11230}",attributes,spans,580706b33949,railway-simulation,f93a79940a2953dc,bbc85c712802c2cf9ef13d7a886d8718
,,4111,2025-12-01T13:17:45.976701674Z,2025-12-01T14:17:45.976701674Z,2025-12-01T13:52:00.565896987Z,"{""interval"":37135}",attributes,spans,580706b33949,railway-simulation,f9538e5d050d0acc,a97024ee018db188f740e9543c9bd578
,,4112,2025-12-01T13:17:45.976701674Z,2025-12-01T14:17:45.976701674Z,2025-12-01T13:53:39.232568056Z,"{""interval"":53470}",attributes,spans,580706b33949,railway-simulation,f97e5209107bd6b0,b7b7b6273ae09b834b765736d06f5248
,,4113,2025-12-01T13:17:45.976701674Z,2025-12-01T14:17:45.976701674Z,2025-12-01T13:51:51.565942938Z,"{""interval"":35650}",attributes,spans,580706b33949,railway-simulation,f984b63fdabd910e,83202445bde6b12e87b58b55014b9c36
,,4114,2025-12-01T13:17:45.976701674Z,2025-12-01T14:17:45.976701674Z,2025-12-01T13:51:36.065956864Z,"{""interval"":33175}",attributes,spans,580706b33949,railway-simulation,f98a5e958c7b2176,baf5266addbb40533be2d663c327686a
,,4115,2025-12-01T13:17:45.976701674Z,2025-12-01T14:17:45.976701674Z,2025-12-01T13:50:34.566064352Z,"{""interval"":22945}",attributes,spans,580706b33949,railway-simulation,f9d694e1ff47e15a,83c85cfef482f99a4c78fa2d7e24207b
,,4116,2025-12-01T13:17:45.976701674Z,2025-12-01T14:17:45.976701674Z,2025-12-01T13:54:51.899224096Z,"{""interval"":65350}",attributes,spans,580706b33949,railway-simulation,fa00f539cf31f77e,9cf6814382c9692b8d62d3a2fd757802
,,4117,2025-12-01T13:17:45.976701674Z,2025-12-01T14:17:45.976701674Z,2025-12-01T13:54:41.232599314Z,"{""interval"":63700}",attributes,spans,580706b33949,railway-simulation,fa10a584d63507f0,d42e8ff76290f8f6b3c166dfc0aa5e31
,,4118,2025-12-01T13:17:45.976701674Z,2025-12-01T14:17:45.976701674Z,2025-12-01T13:53:13.399244109Z,"{""interval"":49180}",attributes,spans,580706b33949,railway-simulation,fa18182029fd5215,9b53c7ea019f166cb3cd1d9cc49d2a1a
,,4119,2025-12-01T13:17:45.976701674Z,2025-12-01T14:17:45.976701674Z,2025-12-01T13:49:13.56599556Z,"{""interval"":9580}",attributes,spans,580706b33949,railway-simulation,fa29e8d8ff5122c9,0276bef7b177f3ba3a613c5eab2c756d
,,4120,2025-12-01T13:17:45.976701674Z,2025-12-01T14:17:45.976701674Z,2025-12-01T13:56:49.745668288Z,"{""interval"":84820}",attributes,spans,580706b33949,railway-simulation,fa2d494caf0d4b48,93a7163e5acf7c8bd5fcbfa4130a6fe0
,,4121,2025-12-01T13:17:45.976701674Z,2025-12-01T14:17:45.976701674Z,2025-12-01T13:57:03.567384463Z,"{""interval"":87130}",attributes,spans,580706b33949,railway-simulation,fa3aecc7c69957f3,233b58e342cdc7e35337ea779c547555
,,4122,2025-12-01T13:17:45.976701674Z,2025-12-01T14:17:45.976701674Z,2025-12-01T13:51:48.399242539Z,"{""interval"":35155}",attributes,spans,580706b33949,railway-simulation,fa5fec30f2069a5f,232c02f54627f26a6294c672d05d03d8
,,4123,2025-12-01T13:17:45.976701674Z,2025-12-01T14:17:45.976701674Z,2025-12-01T13:58:23.116099764Z,"{""interval"":95710}",attributes,spans,580706b33949,railway-simulation,fa6ec057671bbb49,3c4845a0d70e1186e994af3ea9631591
,,4124,2025-12-01T13:17:45.976701674Z,2025-12-01T14:17:45.976701674Z,2025-12-01T13:57:05.189888604Z,"{""interval"":87295}",attributes,spans,580706b33949,railway-simulation,fa71e9f8c1ec2c2e,0a1540ee5d151f5390dd8ecb8ddd0376
,,4125,2025-12-01T13:17:45.976701674Z,2025-12-01T14:17:45.976701674Z,2025-12-01T13:48:55.066405913Z,"{""interval"":6610}",attributes,spans,580706b33949,railway-simulation,fa79dd3cb989357b,69237e796fe9ec58ad5cdb66c5b64340
,,4126,2025-12-01T13:17:45.976701674Z,2025-12-01T14:17:45.976701674Z,2025-12-01T13:49:31.732583865Z,"{""interval"":12550}",attributes,spans,580706b33949,railway-simulation,fa9543ef67cd8593,a5f8ca6ae2e160805ad391ea2fb0e7b6
,,4127,2025-12-01T13:17:45.976701674Z,2025-12-01T14:17:45.976701674Z,2025-12-01T13:48:34.56622722Z,"{""interval"":3145}",attributes,spans,580706b33949,railway-simulation,fa9e9ac089388393,75330f2d831543999d00dac7f59b42f4
,,4128,2025-12-01T13:17:45.976701674Z,2025-12-01T14:17:45.976701674Z,2025-12-01T13:54:29.399279647Z,"{""interval"":61719.99999999999}",attributes,spans,580706b33949,railway-simulation,faaad5ec75f59680,0411043c9787518d4392d4628efaa421
,,4129,2025-12-01T13:17:45.976701674Z,2025-12-01T14:17:45.976701674Z,2025-12-01T13:56:07.566012661Z,"{""interval"":77890}",attributes,spans,580706b33949,railway-simulation,fab55abb6ea9e705,b1eb2e23afc0c6cea4607dbc66561c37
,,4130,2025-12-01T13:17:45.976701674Z,2025-12-01T14:17:45.976701674Z,2025-12-01T13:53:57.566094075Z,"{""interval"":56440.00000000001}",attributes,spans,580706b33949,railway-simulation,fadbf169400a71bc,d139b1cfc2e64dab5fa48b3074ec8f51
,,4131,2025-12-01T13:17:45.976701674Z,2025-12-01T14:17:45.976701674Z,2025-12-01T13:51:06.5660503Z,"{""interval"":28225.000000000004}",attributes,spans,580706b33949,railway-simulation,faf50cb685124108,6942e3ad1df2177189e05f821592f627
,,4132,2025-12-01T13:17:45.976701674Z,2025-12-01T14:17:45.976701674Z,2025-12-01T13:57:40.489538392Z,"{""interval"":90925}",attributes,spans,580706b33949,railway-simulation,fb19dbc47f186292,75d59f20d6042f0e3f958d8961f23280
,,4133,2025-12-01T13:17:45.976701674Z,2025-12-01T14:17:45.976701674Z,2025-12-01T13:57:46.207172691Z,"{""interval"":91585}",attributes,spans,580706b33949,railway-simulation,fb1aa3094c50ee34,8de0c31e7fa98911aa8d67b4538b3506
,,4134,2025-12-01T13:17:45.976701674Z,2025-12-01T14:17:45.976701674Z,2025-12-01T13:55:11.732601397Z,"{""interval"":68650}",attributes,spans,580706b33949,railway-simulation,fb1df8e715457838,ad45e1c39dbabcffecf02fae1412b24d
,,4135,2025-12-01T13:17:45.976701674Z,2025-12-01T14:17:45.976701674Z,2025-12-01T13:50:43.732567628Z,"{""interval"":24430}",attributes,spans,580706b33949,railway-simulation,fb327456489c55c9,c1418a43d60daac6c3c4b6e5de86c571
,,4136,2025-12-01T13:17:45.976701674Z,2025-12-01T14:17:45.976701674Z,2025-12-01T13:56:25.566009445Z,"{""interval"":80860}",attributes,spans,580706b33949,railway-simulation,fb3fc556d430591e,2fc7c63edec8ae442cdd628644f13efd
,,4137,2025-12-01T13:17:45.976701674Z,2025-12-01T14:17:45.976701674Z,2025-12-01T13:54:49.399249679Z,"{""interval"":65019.99999999999}",attributes,spans,580706b33949,railway-simulation,fb4a96731df84e5a,ccb663115d38678a3660c1d0590909cf
,,4138,2025-12-01T13:17:45.976701674Z,2025-12-01T14:17:45.976701674Z,2025-12-01T13:58:25.675082937Z,"{""interval"":96040}",attributes,spans,580706b33949,railway-simulation,fb5dafd3020cb4e0,1064b7805917d4f1f5a60f5aeb52559d
,,4139,2025-12-01T13:17:45.976701674Z,2025-12-01T14:17:45.976701674Z,2025-12-01T13:54:28.5659306Z,"{""interval"":61555}",attributes,spans,580706b33949,railway-simulation,fb763b680945398a,4a4e3b1b546f63595c577fee4eb13967
,,4140,2025-12-01T13:17:45.976701674Z,2025-12-01T14:17:45.976701674Z,2025-12-01T13:54:33.566810943Z,"{""interval"":62380}",attributes,spans,580706b33949,railway-simulation,fb8d055196bccce7,b0e86173c598573ca05848fe780293b1
,,4141,2025-12-01T13:17:45.976701674Z,2025-12-01T14:17:45.976701674Z,2025-12-01T13:52:16.73260702Z,"{""interval"":39775}",attributes,spans,580706b33949,railway-simulation,fbdce4dd8989e0d9,f5306158933077c134238364a3c9337e
,,4142,2025-12-01T13:17:45.976701674Z,2025-12-01T14:17:45.976701674Z,2025-12-01T13:49:23.399257703Z,"{""interval"":11230}",attributes,spans,580706b33949,railway-simulation,fbe6292e6fb659e5,d162e070cd92389b1cd220156f2cde7e
,,4143,2025-12-01T13:17:45.976701674Z,2025-12-01T14:17:45.976701674Z,2025-12-01T13:49:44.899252212Z,"{""interval"":14695}",attributes,spans,580706b33949,railway-simulation,fbf62f50beeee96d,b3bdf2310cf024e66f696264ac83921b
,,4144,2025-12-01T13:17:45.976701674Z,2025-12-01T14:17:45.976701674Z,2025-12-01T13:51:36.565922253Z,"{""interval"":33175}",attributes,spans,580706b33949,railway-simulation,fc159f4fc43b4a9f,a2b7a0c1753b0500e6c6a0a402af8fc3
,,4145,2025-12-01T13:17:45.976701674Z,2025-12-01T14:17:45.976701674Z,2025-12-01T13:55:00.732650483Z,"{""interval"":66835}",attributes,spans,580706b33949,railway-simulation,fc3eb0c19ce8ec73,fd0b9679709b9a8ed0b36c21eba6a513
,,4146,2025-12-01T13:17:45.976701674Z,2025-12-01T14:17:45.976701674Z,2025-12-01T13:58:10.140661618Z,"{""interval"":94390}",attributes,spans,580706b33949,railway-simulation,fc430b0814b3b548,c24742b9054362880438703c0f950797
,,4147,2025-12-01T13:17:45.976701674Z,2025-12-01T14:17:45.976701674Z,2025-12-01T13:52:13.065917663Z,"{""interval"":39280}",attributes,spans,580706b33949,railway-simulation,fc7f4e1c5f791d1c,72d00fe07ee5bf2db2b26be4bf035db1
,,4148,2025-12-01T13:17:45.976701674Z,2025-12-01T14:17:45.976701674Z,2025-12-01T13:53:50.23256353Z,"{""interval"":55285}",attributes,spans,580706b33949,railway-simulation,fc927094023204b2,3abd7f07976163cfdee31edb9d78e42d
,,4149,2025-12-01T13:17:45.976701674Z,2025-12-01T14:17:45.976701674Z,2025-12-01T13:51:04.06601775Z,"{""interval"":27895}",attributes,spans,580706b33949,railway-simulation,fc9ddf75b23d1a49,53a5acaf0d30f25d474fde50e41e2ee7
,,4150,2025-12-01T13:17:45.976701674Z,2025-12-01T14:17:45.976701674Z,2025-12-01T13:51:53.565973561Z,"{""interval"":35980}",attributes,spans,580706b33949,railway-simulation,fc9e962b8df63611,dfa8f7ae4279e96ee8d10727484085cf
,,4151,2025-12-01T13:17:45.976701674Z,2025-12-01T14:17:45.976701674Z,2025-12-01T13:54:21.565974721Z,"{""interval"":60400}",attributes,spans,580706b33949,railway-simulation,fcde6f2cccdcfce1,f332ef00bb497cce6af11c40f9482653
,,4152,2025-12-01T13:17:45.976701674Z,2025-12-01T14:17:45.976701674Z,2025-12-01T13:58:33.075300275Z,"{""interval"":97360}",attributes,spans,580706b33949,railway-simulation,fcdf64da9ffea1c7,38e5106208846e123832294af4bb8b7c
,,4153,2025-12-01T13:17:45.976701674Z,2025-12-01T14:17:45.976701674Z,2025-12-01T13:57:32.04456699Z,"{""interval"":90100}",attributes,spans,580706b33949,railway-simulation,fce91be75bbb373e,feea3851f2c01ba0c852e1fbec84d563
,,4154,2025-12-01T13:17:45.976701674Z,2025-12-01T14:17:45.976701674Z,2025-12-01T13:53:49.065993333Z,"{""interval"":55120}",attributes,spans,580706b33949,railway-simulation,fcfeaab6312a0fcc,53abbfa7491b3bedc466b116ba00d675
,,4155,2025-12-01T13:17:45.976701674Z,2025-12-01T14:17:45.976701674Z,2025-12-01T13:54:17.732616664Z,"{""interval"":59740.00000000001}",attributes,spans,580706b33949,railway-simulation,fd01e8c84b709dc7,244872c29fd9f5fb75f79314c04864ee
,,4156,2025-12-01T13:17:45.976701674Z,2025-12-01T14:17:45.976701674Z,2025-12-01T13:48:59.566545236Z,"{""interval"":7270.000000000001}",attributes,spans,580706b33949,railway-simulation,fd09c5c64c87f1ed,09ae36425d9e01ad043a84d9dd1b7b62
,,4157,2025-12-01T13:17:45.976701674Z,2025-12-01T14:17:45.976701674Z,2025-12-01T13:48:56.89940808Z,"{""interval"":6775}",attributes,spans,580706b33949,railway-simulation,fd103e368f7f655a,7b59ceffd9f3904f83805d238f49f5aa
,,4158,2025-12-01T13:17:45.976701674Z,2025-12-01T14:17:45.976701674Z,2025-12-01T13:56:37.241193626Z,"{""interval"":82675}",attributes,spans,580706b33949,railway-simulation,fd1a877b2a4494d3,95a5128434cafb63685c33bf35ee27ed
,,4159,2025-12-01T13:17:45.976701674Z,2025-12-01T14:17:45.976701674Z,2025-12-01T13:54:30.899933207Z,"{""interval"":61885}",attributes,spans,580706b33949,railway-simulation,fd291e5851eccef4,45fc154450e9520bca3857e2c5286e18
,,4160,2025-12-01T13:17:45.976701674Z,2025-12-01T14:17:45.976701674Z,2025-12-01T13:53:20.399313148Z,"{""interval"":50335}",attributes,spans,580706b33949,railway-simulation,fd3ce177a78e2fa3,8dcf080eecc7a45e9aaa58272fecdbd6
,,4161,2025-12-01T13:17:45.976701674Z,2025-12-01T14:17:45.976701674Z,2025-12-01T13:58:11.894109034Z,"{""interval"":94555}",attributes,spans,580706b33949,railway-simulation,fd3da726e986ec2f,f95c135306987ed914afae6c0ef4d988
,,4162,2025-12-01T13:17:45.976701674Z,2025-12-01T14:17:45.976701674Z,2025-12-01T13:54:46.565966346Z,"{""interval"":64525.00000000001}",attributes,spans,580706b33949,railway-simulation,fd3fd9dedfe61982,0a4419a6577bfda39dea127fe578ef12
,,4163,2025-12-01T13:17:45.976701674Z,2025-12-01T14:17:45.976701674Z,2025-12-01T13:50:27.232761659Z,"{""interval"":21790}",attributes,spans,580706b33949,railway-simulation,fd4568dea6b67c18,c8b89aa6587ec5b2531e46d6abb16267
,,4164,2025-12-01T13:17:45.976701674Z,2025-12-01T14:17:45.976701674Z,2025-12-01T13:50:25.73260078Z,"{""interval"":21460}",attributes,spans,580706b33949,railway-simulation,fd73014787d13908,05107a5c6f0994e61d5b78d86c391412
,,4165,2025-12-01T13:17:45.976701674Z,2025-12-01T14:17:45.976701674Z,2025-12-01T13:48:41.565866678Z,"{""interval"":4300}",attributes,spans,580706b33949,railway-simulation,fd8068f4d9dbb203,04efad5662d11d98c1f101d33f86992b
,,4166,2025-12-01T13:17:45.976701674Z,2025-12-01T14:17:45.976701674Z,2025-12-01T13:56:42.987686694Z,"{""interval"":83665}",attributes,spans,580706b33949,railway-simulation,fd88181b8bd57f6f,a9e2d326fbc3426763aa23ba7ba59322
,,4167,2025-12-01T13:17:45.976701674Z,2025-12-01T14:17:45.976701674Z,2025-12-01T13:53:22.399292108Z,"{""interval"":50665.00000000001}",attributes,spans,580706b33949,railway-simulation,fde946e4a408c7f1,f0f347b53603d02a3d2105d6491a1a97
,,4168,2025-12-01T13:17:45.976701674Z,2025-12-01T14:17:45.976701674Z,2025-12-01T13:55:31.783172882Z,"{""interval"":71950}",attributes,spans,580706b33949,railway-simulation,fdfdfef9b13355ed,6ed3883e8447fbb7aeaa77bb688e1c98
,,4169,2025-12-01T13:17:45.976701674Z,2025-12-01T14:17:45.976701674Z,2025-12-01T13:51:57.565906046Z,"{""interval"":36640}",attributes,spans,580706b33949,railway-simulation,fdfec8a1c2109828,42688f8b30650e74e9cfc7b3c56d1e10
,,4170,2025-12-01T13:17:45.976701674Z,2025-12-01T14:17:45.976701674Z,2025-12-01T13:53:42.065933056Z,"{""interval"":53965}",attributes,spans,580706b33949,railway-simulation,fe301ddb061f74f0,1f44e2413b29cf8ac80e7986e26c1214
,,4171,2025-12-01T13:17:45.976701674Z,2025-12-01T14:17:45.976701674Z,2025-12-01T13:56:29.732659413Z,"{""interval"":81520}",attributes,spans,580706b33949,railway-simulation,fe380307da521189,3db6f3bb7b185feb747af8ceebdd24aa
,,4172,2025-12-01T13:17:45.976701674Z,2025-12-01T14:17:45.976701674Z,2025-12-01T13:48:29.565653047Z,"{""interval"":2320}",attributes,spans,580706b33949,railway-simulation,fe45221204927c3b,4fc8297423ac74da0bc097a861712557
,,4173,2025-12-01T13:17:45.976701674Z,2025-12-01T14:17:45.976701674Z,2025-12-01T13:48:43.733509042Z,"{""interval"":4630}",attributes,spans,580706b33949,railway-simulation,fe4d58581e0970c3,3803222df9550311c803ed45ba650efc
,,4174,2025-12-01T13:17:45.976701674Z,2025-12-01T14:17:45.976701674Z,2025-12-01T13:55:05.732644612Z,"{""interval"":67660}",attributes,spans,580706b33949,railway-simulation,fe54e21bcc6abd20,2fb324847ebf7221f6186d4ddd281f0b
,,4175,2025-12-01T13:17:45.976701674Z,2025-12-01T14:17:45.976701674Z,2025-12-01T13:54:23.565961476Z,"{""interval"":60730.00000000001}",attributes,spans,580706b33949,railway-simulation,fe5e4beb623a6fda,edeb4c1b8a3025fbd5d663d85d22a6b1
,,4176,2025-12-01T13:17:45.976701674Z,2025-12-01T14:17:45.976701674Z,2025-12-01T13:55:54.732691619Z,"{""interval"":75745}",attributes,spans,580706b33949,railway-simulation,fe615fdbfa37c21a,295a32f8199160ea8cf5380c3202ee3a
,,4177,2025-12-01T13:17:45.976701674Z,2025-12-01T14:17:45.976701674Z,2025-12-01T13:52:23.065931629Z,"{""interval"":40930}",attributes,spans,580706b33949,railway-simulation,fe628a9467921fad,88ac8703fc02508cccd9006917d500ef
,,4178,2025-12-01T13:17:45.976701674Z,2025-12-01T14:17:45.976701674Z,2025-12-01T13:54:25.232663511Z,"{""interval"":61060}",attributes,spans,580706b33949,railway-simulation,fe69888ed6b0fbb6,36aaa97d5491d3dc2fcf579ca5d49a6f
,,4179,2025-12-01T13:17:45.976701674Z,2025-12-01T14:17:45.976701674Z,2025-12-01T13:58:30.606548602Z,"{""interval"":96865}",attributes,spans,580706b33949,railway-simulation,fe7578634868bfd8,9e2324d64ddaaa6a26466acbe2d3bfc7
,,4180,2025-12-01T13:17:45.976701674Z,2025-12-01T14:17:45.976701674Z,2025-12-01T13:52:41.399252632Z,"{""interval"":43900}",attributes,spans,580706b33949,railway-simulation,fe776b8d33501c74,51637ca5e9a9c4056bd5998f84487b8c
,,4181,2025-12-01T13:17:45.976701674Z,2025-12-01T14:17:45.976701674Z,2025-12-01T13:52:52.732575667Z,"{""interval"":45715}",attributes,spans,580706b33949,railway-simulation,fea83104bf1ee915,c7c25555316e16c95caa83bcf6b4a063
,,4182,2025-12-01T13:17:45.976701674Z,2025-12-01T14:17:45.976701674Z,2025-12-01T13:56:11.56629136Z,"{""interval"":78550}",attributes,spans,580706b33949,railway-simulation,feb95849731b9c80,f86554b86ccdde4952a5682e26806084
,,4183,2025-12-01T13:17:45.976701674Z,2025-12-01T14:17:45.976701674Z,2025-12-01T13:50:26.399273Z,"{""interval"":21625}",attributes,spans,580706b33949,railway-simulation,febd6259a9f71e29,78ffc5415be0b356ec24fb4d875a6cd3
,,4184,2025-12-01T13:17:45.976701674Z,2025-12-01T14:17:45.976701674Z,2025-12-01T13:58:34.35640406Z,"{""interval"":97525}",attributes,spans,580706b33949,railway-simulation,fec0e29fe6e743a6,b1792829a18d4a42ca7a373c4924e7bb
,,4185,2025-12-01T13:17:45.976701674Z,2025-12-01T14:17:45.976701674Z,2025-12-01T13:55:48.232700337Z,"{""interval"":74755}",attributes,spans,580706b33949,railway-simulation,fed1d4c0d1cdbfc7,b5d740daa6cbf114cd979e30fc63a79b
,,4186,2025-12-01T13:17:45.976701674Z,2025-12-01T14:17:45.976701674Z,2025-12-01T13:54:38.899249699Z,"{""interval"":63205}",attributes,spans,580706b33949,railway-simulation,feea043aa75c87d7,24a780069f019bec1dad33efe64eaed3
,,4187,2025-12-01T13:17:45.976701674Z,2025-12-01T14:17:45.976701674Z,2025-12-01T13:57:51.438138177Z,"{""interval"":92080}",attributes,spans,580706b33949,railway-simulation,ff12b8d3d82d6f91,0253019cb24d28f2aec39a8682b31bbb
,,4188,2025-12-01T13:17:45.976701674Z,2025-12-01T14:17:45.976701674Z,2025-12-01T13:48:55.233250138Z,"{""interval"":6610}",attributes,spans,580706b33949,railway-simulation,ff503de40886f267,5c92e39fd0cb0619fb6696b64351860f
,,4189,2025-12-01T13:17:45.976701674Z,2025-12-01T14:17:45.976701674Z,2025-12-01T13:55:56.56596617Z,"{""interval"":76075}",attributes,spans,580706b33949,railway-simulation,ff55d86c5e2b9995,16bc7b8de81fda76cdd9082ff7737f79
,,4190,2025-12-01T13:17:45.976701674Z,2025-12-01T14:17:45.976701674Z,2025-12-01T13:53:22.232699109Z,"{""interval"":50665.00000000001}",attributes,spans,580706b33949,railway-simulation,ff77af9ccee7939d,b94ccfe077cc80e57bd736b4a32dc84f
,,4191,2025-12-01T13:17:45.976701674Z,2025-12-01T14:17:45.976701674Z,2025-12-01T13:54:05.070319443Z,"{""interval"":57760}",attributes,spans,580706b33949,railway-simulation,ff82e4eb1bdb6636,17c17f1b26175a56b9b8100df508f981
,,4192,2025-12-01T13:17:45.976701674Z,2025-12-01T14:17:45.976701674Z,2025-12-01T13:56:27.903856273Z,"{""interval"":81190}",attributes,spans,580706b33949,railway-simulation,ff92da12e2755dda,1fe033c5a0c020e2686fc50edce7951c
,,4193,2025-12-01T13:17:45.976701674Z,2025-12-01T14:17:45.976701674Z,2025-12-01T13:50:35.065945866Z,"{""interval"":23110}",attributes,spans,580706b33949,railway-simulation,ff973e60a27a7410,6dc28301eef479bc0d1ccdc5a4cb8abc
,,4194,2025-12-01T13:17:45.976701674Z,2025-12-01T14:17:45.976701674Z,2025-12-01T13:52:34.73257469Z,"{""interval"":42745}",attributes,spans,580706b33949,railway-simulation,ffa781eb478c2f77,022094ea4c54e02d23e5a2cb42f83035
,,4195,2025-12-01T13:17:45.976701674Z,2025-12-01T14:17:45.976701674Z,2025-12-01T13:49:24.400323076Z,"{""interval"":11395}",attributes,spans,580706b33949,railway-simulation,ffc1d9d087681cc3,1f28882eb30a9d55b995c547fe34968d
,,4196,2025-12-01T13:17:45.976701674Z,2025-12-01T14:17:45.976701674Z,2025-12-01T13:51:11.399340189Z,"{""interval"":29050}",attributes,spans,580706b33949,railway-simulation,ffc5e859173c1bb1,2b2f87d89c24bccc4b493511bf521eaa
,,4197,2025-12-01T13:17:45.976701674Z,2025-12-01T14:17:45.976701674Z,2025-12-01T13:50:19.899289053Z,"{""interval"":20470}",attributes,spans,580706b33949,railway-simulation,ffd2af36cd27459a,245415873bbfe4a1c2219afa89fb2957
,,4198,2025-12-01T13:17:45.976701674Z,2025-12-01T14:17:45.976701674Z,2025-12-01T13:51:33.399307637Z,"{""interval"":32680}",attributes,spans,580706b33949,railway-simulation,ffe5d6fd4582309c,78c678ca20318405e5e1103bbf8c5b8f
,,4199,2025-12-01T13:17:45.976701674Z,2025-12-01T14:17:45.976701674Z,2025-12-01T13:48:56.733128684Z,"{""interval"":6775}",attributes,spans,580706b33949,railway-simulation,fff13bd02f377dac,61a8894eba07bf7db39def7b43ebf4b8

