#group,false,false,true,true,false,false,true,true,true,true,true,true
#datatype,string,long,dateTime:RFC3339,dateTime:RFC3339,dateTime:RFC3339,string,string,string,string,string,string,string
#default,_result,,,,,,,,,,,
,result,table,_start,_stop,_time,_value,_field,_measurement,host,service.name,span_id,trace_id
,,0,2026-02-09T21:09:12.483707935Z,2026-02-10T09:09:12.483707935Z,2026-02-10T09:06:18.932916394Z,analyze,span.name,spans,03a66bccef49,surveillance-cloud,06a6370ac538cb2a,694eff227edc3cac248325d45f4fd368
,,1,2026-02-09T21:09:12.483707935Z,2026-02-10T09:09:12.483707935Z,2026-02-10T09:05:14.072438175Z,analyze,span.name,spans,03a66bccef49,surveillance-cloud,083aab1789e0a5fc,a69815237befe701c3332dcdf35f88dd
,,2,2026-02-09T21:09:12.483707935Z,2026-02-10T09:09:12.483707935Z,2026-02-10T09:03:32.545948519Z,analyze,span.name,spans,03a66bccef49,surveillance-cloud,09044920d4f5c916,ed9ea495f3f38be4dddf49712ca36342
,,3,2026-02-09T21:09:12.483707935Z,2026-02-10T09:09:12.483707935Z,2026-02-10T09:02:27.123379322Z,analyze,span.name,spans,03a66bccef49,surveillance-cloud,0eaa5cfd8959db8a,2d2ed3ada1c55bfa7130e2803e35e31c
,,4,2026-02-09T21:09:12.483707935Z,2026-02-10T09:09:12.483707935Z,2026-02-10T09:06:34.959374486Z,analyze,span.name,spans,03a66bccef49,surveillance-cloud,0fdec2b964e63a8f,f0644ee6da1040ca7fcfe1a68298aedc
,,5,2026-02-09T21:09:12.483707935Z,2026-02-10T09:09:12.483707935Z,2026-02-10T09:06:58.840507867Z,analyze,span.name,spans,03a66bccef49,surveillance-cloud,1545a8040f1ea24e,017a1a4b23b84833d297c6765eb3aee2
,,6,2026-02-09T21:09:12.483707935Z,2026-02-10T09:09:12.483707935Z,2026-02-10T09:04:27.118813556Z,analyze,span.name,spans,03a66bccef49,surveillance-cloud,15db680a65d681c3,c947a3308fd2cafe8e64ba175ca688cd
,,7,2026-02-09T21:09:12.483707935Z,2026-02-10T09:09:12.483707935Z,2026-02-10T09:04:55.328683261Z,analyze,span.name,spans,03a66bccef49,surveillance-cloud,18a76a8a95851e14,aa61e0625573a0adafabe0a821d0c415
,,8,2026-02-09T21:09:12.483707935Z,2026-02-10T09:09:12.483707935Z,2026-02-10T09:04:05.17060579Z,analyze,span.name,spans,03a66bccef49,surveillance-cloud,1f7af3cdde69603a,08b0958f44c3d04b198bcba2b816f7ac
,,9,2026-02-09T21:09:12.483707935Z,2026-02-10T09:09:12.483707935Z,2026-02-10T09:04:58.602776355Z,analyze,span.name,spans,03a66bccef49,surveillance-cloud,222a3101907f4aa2,2718b9641e85931e1c954ccfb6250a14
,,10,2026-02-09T21:09:12.483707935Z,2026-02-10T09:09:12.483707935Z,2026-02-10T09:06:53.419990603Z,analyze,span.name,spans,03a66bccef49,surveillance-cloud,296984ad8a9e475c,7b0259a410f341bc5f111bba2363bcd7
,,11,2026-02-09T21:09:12.483707935Z,2026-02-10T09:09:12.483707935Z,2026-02-10T09:06:54.547253214Z,analyze,span.name,spans,03a66bccef49,surveillance-cloud,2d5780d7ecbcae0d,9a69cf256d23c5b57a8916f3c3267129
,,12,2026-02-09T21:09:12.483707935Z,2026-02-10T09:09:12.483707935Z,2026-02-10T09:04:57.504104013Z,analyze,span.name,spans,03a66bccef49,surveillance-cloud,2e2eef133473cb21,3d333a45a50bb2883e1b4f2f5e5a9ab1
,,13,2026-02-09T21:09:12.483707935Z,2026-02-10T09:09:12.483707935Z,2026-02-10T09:08:26.460841892Z,analyze,span.name,spans,03a66bccef49,surveillance-cloud,30aaf0ad78ddda7b,c356269fb5088e69f1ad833ca921961f
,,14,2026-02-09T21:09:12.483707935Z,2026-02-10T09:09:12.483707935Z,2026-02-10T09:02:31.867244733Z,analyze,span.name,spans,03a66bccef49,surveillance-cloud,33c87148f5ce10a5,99a8b42bb7fea0d5bc1a225e97f927e7
,,15,2026-02-09T21:09:12.483707935Z,2026-02-10T09:09:12.483707935Z,2026-02-10T09:08:32.628146407Z,analyze,span.name,spans,03a66bccef49,surveillance-cloud,35026992d21401c6,abe9e32cb5feaf4f4d986cf0af22f843
,,16,2026-02-09T21:09:12.483707935Z,2026-02-10T09:09:12.483707935Z,2026-02-10T09:02:33.045602021Z,analyze,span.name,spans,03a66bccef49,surveillance-cloud,3864361d6a854bdb,6e3737c7c12259be13e7d9f7102eceec
,,17,2026-02-09T21:09:12.483707935Z,2026-02-10T09:09:12.483707935Z,2026-02-10T09:02:37.187807817Z,analyze,span.name,spans,03a66bccef49,surveillance-cloud,39552f90a2ced665,bedbe6e39a76c46b52032191a6a188f4
,,18,2026-02-09T21:09:12.483707935Z,2026-02-10T09:09:12.483707935Z,2026-02-10T09:02:57.417312172Z,analyze,span.name,spans,03a66bccef49,surveillance-cloud,473e764388218d17,c98deda2c7a29d94003a32d090d726f3
,,19,2026-02-09T21:09:12.483707935Z,2026-02-10T09:09:12.483707935Z,2026-02-10T09:06:20.533660825Z,analyze,span.name,spans,03a66bccef49,surveillance-cloud,4881058340668b50,ca5f4c4279a8b8dbd4b748c49f2c211d
,,20,2026-02-09T21:09:12.483707935Z,2026-02-10T09:09:12.483707935Z,2026-02-10T09:04:56.454504136Z,analyze,span.name,spans,03a66bccef49,surveillance-cloud,490e5037596af623,695158ff274635b09483bca22e07186a
,,21,2026-02-09T21:09:12.483707935Z,2026-02-10T09:09:12.483707935Z,2026-02-10T09:08:33.684553268Z,analyze,span.name,spans,03a66bccef49,surveillance-cloud,4ef5c27664dc9bff,3b9e1588c2aeeb13ed532fe98dd381b0
,,22,2026-02-09T21:09:12.483707935Z,2026-02-10T09:09:12.483707935Z,2026-02-10T09:06:28.487002766Z,analyze,span.name,spans,03a66bccef49,surveillance-cloud,63121ed825b4a171,cb23c998a57faf0427f7a66955523893
,,23,2026-02-09T21:09:12.483707935Z,2026-02-10T09:09:12.483707935Z,2026-02-10T09:08:34.928053355Z,analyze,span.name,spans,03a66bccef49,surveillance-cloud,64a11477bf102eac,2a88943b75587461ceb3379c3df98143
,,24,2026-02-09T21:09:12.483707935Z,2026-02-10T09:09:12.483707935Z,2026-02-10T09:03:33.653116541Z,analyze,span.name,spans,03a66bccef49,surveillance-cloud,66bb5288ac042377,47171702341e4cfccdcd56185f794a6f
,,25,2026-02-09T21:09:12.483707935Z,2026-02-10T09:09:12.483707935Z,2026-02-10T09:04:07.289962426Z,analyze,span.name,spans,03a66bccef49,surveillance-cloud,6a0899e3d138de52,e214139a54528642652a285cddd6e304
,,26,2026-02-09T21:09:12.483707935Z,2026-02-10T09:09:12.483707935Z,2026-02-10T09:02:57.581185793Z,analyze,span.name,spans,03a66bccef49,surveillance-cloud,6b25db962fc255fe,cd28da5b2b2eff5015c5d0f27d724be0
,,27,2026-02-09T21:09:12.483707935Z,2026-02-10T09:09:12.483707935Z,2026-02-10T09:07:57.373754277Z,analyze,span.name,spans,03a66bccef49,surveillance-cloud,6fbc3006326d1b48,6d3fd3d76368a503e3ba9e0937d7d918
,,28,2026-02-09T21:09:12.483707935Z,2026-02-10T09:09:12.483707935Z,2026-02-10T09:06:52.419469751Z,analyze,span.name,spans,03a66bccef49,surveillance-cloud,7335266101077872,7bc1f89b8ae0186586b782e3dbdd2b77
,,29,2026-02-09T21:09:12.483707935Z,2026-02-10T09:09:12.483707935Z,2026-02-10T09:04:06.244503793Z,analyze,span.name,spans,03a66bccef49,surveillance-cloud,78f50dbdeb937119,c707cbcaa7cf2dcef462f857ef07bb60
,,30,2026-02-09T21:09:12.483707935Z,2026-02-10T09:09:12.483707935Z,2026-02-10T09:08:28.598365743Z,analyze,span.name,spans,03a66bccef49,surveillance-cloud,82c44d9867162231,53cbd53e678475d4137cad780309b819
,,31,2026-02-09T21:09:12.483707935Z,2026-02-10T09:09:12.483707935Z,2026-02-10T09:08:16.994351622Z,analyze,span.name,spans,03a66bccef49,surveillance-cloud,868b01b18ee3feb7,98531aafb19e047bac4b907f0bcf9feb
,,32,2026-02-09T21:09:12.483707935Z,2026-02-10T09:09:12.483707935Z,2026-02-10T09:05:45.260801258Z,analyze,span.name,spans,03a66bccef49,surveillance-cloud,938c2ec241cef027,4364b29533c56007ea7acbf23b2d4ce7
,,33,2026-02-09T21:09:12.483707935Z,2026-02-10T09:09:12.483707935Z,2026-02-10T09:08:31.737995548Z,analyze,span.name,spans,03a66bccef49,surveillance-cloud,9cfcea1c6845b526,0b717c951fe5248f88b8958413625998
,,34,2026-02-09T21:09:12.483707935Z,2026-02-10T09:09:12.483707935Z,2026-02-10T09:05:46.288704047Z,analyze,span.name,spans,03a66bccef49,surveillance-cloud,a1387b7614e5cc64,f0f16e19a5364c2d5099a0da8d93b183
,,35,2026-02-09T21:09:12.483707935Z,2026-02-10T09:09:12.483707935Z,2026-02-10T09:07:25.224848176Z,analyze,span.name,spans,03a66bccef49,surveillance-cloud,a13be8bafcbad464,c08ccde60ee90abd2e0b99114a695ecd
,,36,2026-02-09T21:09:12.483707935Z,2026-02-10T09:09:12.483707935Z,2026-02-10T09:06:56.671964825Z,analyze,span.name,spans,03a66bccef49,surveillance-cloud,a521d844da8d400e,de343507073f55702e59c2b1c0a279ff
,,37,2026-02-09T21:09:12.483707935Z,2026-02-10T09:09:12.483707935Z,2026-02-10T09:08:30.681389336Z,analyze,span.name,spans,03a66bccef49,surveillance-cloud,b1789131b9a2541a,15a708012283aa3a88a1c47825250d40
,,38,2026-02-09T21:09:12.483707935Z,2026-02-10T09:09:12.483707935Z,2026-02-10T09:08:27.539304771Z,analyze,span.name,spans,03a66bccef49,surveillance-cloud,bfaf03bc20096824,ac0d7d0796c1c727e33af2b95b87c195
,,39,2026-02-09T21:09:12.483707935Z,2026-02-10T09:09:12.483707935Z,2026-02-10T09:03:27.597714266Z,analyze,span.name,spans,03a66bccef49,surveillance-cloud,c222bb37508f1b28,76d228bc4d0d7e0ba373e0a2b63ffcc0
,,40,2026-02-09T21:09:12.483707935Z,2026-02-10T09:09:12.483707935Z,2026-02-10T09:06:29.561319007Z,analyze,span.name,spans,03a66bccef49,surveillance-cloud,d90b282662be88d0,dcd959ca02a5306aceb23c174b2f97b6
,,41,2026-02-09T21:09:12.483707935Z,2026-02-10T09:09:12.483707935Z,2026-02-10T09:06:55.598654021Z,analyze,span.name,spans,03a66bccef49,surveillance-cloud,d97b7492bf5fd23b,44ede29d099196751636ec65bd57fc60
,,42,2026-02-09T21:09:12.483707935Z,2026-02-10T09:09:12.483707935Z,2026-02-10T09:02:58.437347233Z,analyze,span.name,spans,03a66bccef49,surveillance-cloud,ebd5281c14aeecba,db89ef8c211859468cd9690a3d6c6ea5
,,43,2026-02-09T21:09:12.483707935Z,2026-02-10T09:09:12.483707935Z,2026-02-10T09:06:17.926884117Z,analyze,span.name,spans,03a66bccef49,surveillance-cloud,ec4bf854b21ab50a,42286dfeb95d7b513966830b08208400
,,44,2026-02-09T21:09:12.483707935Z,2026-02-10T09:09:12.483707935Z,2026-02-10T09:06:21.088976474Z,analyze,span.name,spans,03a66bccef49,surveillance-cloud,f048999f5ef3079c,b7c2d678b35b1e258bdd44c2b4240aa8
,,45,2026-02-09T21:09:12.483707935Z,2026-02-10T09:09:12.483707935Z,2026-02-10T09:08:33.86031183Z,analyze,span.name,spans,03a66bccef49,surveillance-cloud,f7cce0182a4ef531,8a84e014faf2f9dfdd42707a309aaff2
,,46,2026-02-09T21:09:12.483707935Z,2026-02-10T09:09:12.483707935Z,2026-02-10T09:02:26.809720566Z,analyze,span.name,spans,03a66bccef49,surveillance-cloud,f8df10464bdc39b7,b7c1a8ab9c3af0a2e1ad3c31e90706e6
,,47,2026-02-09T21:09:12.483707935Z,2026-02-10T09:09:12.483707935Z,2026-02-10T09:03:54.208675876Z,analyze,span.name,spans,03a66bccef49,surveillance-cloud,fb2f471d237bc885,8b04bdd29a8c354e2db17317b4049377
,,48,2026-02-09T21:09:12.483707935Z,2026-02-10T09:09:12.483707935Z,2026-02-10T09:02:23.895417165Z,detect,span.name,spans,03a66bccef49,surveillance-edge,0041bc4057463d8b,98a91cca6a91d18d80bf4a94c3d517cd
,,49,2026-02-09T21:09:12.483707935Z,2026-02-10T09:09:12.483707935Z,2026-02-10T09:06:56.551316926Z,detect,span.name,spans,03a66bccef49,surveillance-edge,006615d8228cf5b4,de343507073f55702e59c2b1c0a279ff
,,50,2026-02-09T21:09:12.483707935Z,2026-02-10T09:09:12.483707935Z,2026-02-10T09:07:06.997048461Z,detect,span.name,spans,03a66bccef49,surveillance-edge,0106694a22738897,7e7d42f783b71182002fb496e3298056
,,51,2026-02-09T21:09:12.483707935Z,2026-02-10T09:09:12.483707935Z,2026-02-10T09:02:23.177595693Z,detect,span.name,spans,03a66bccef49,surveillance-edge,01abf2d7eca2b3c4,d378ede4e03c053b675dff6d159df17f
,,52,2026-02-09T21:09:12.483707935Z,2026-02-10T09:09:12.483707935Z,2026-02-10T09:07:14.546376014Z,detect,span.name,spans,03a66bccef49,surveillance-edge,02e591842e48d5fb,47d7d9210c0a70f98d2166c0af38ef76
,,53,2026-02-09T21:09:12.483707935Z,2026-02-10T09:09:12.483707935Z,2026-02-10T09:05:29.895484827Z,detect,span.name,spans,03a66bccef49,surveillance-edge,03238f9c1b0e446f,93651f61de1e04abd540ea774268d15e
,,54,2026-02-09T21:09:12.483707935Z,2026-02-10T09:09:12.483707935Z,2026-02-10T09:05:54.303449713Z,detect,span.name,spans,03a66bccef49,surveillance-edge,03d644f0f637e24d,b6707074880c6ef4d2792a83c0cdcb76
,,55,2026-02-09T21:09:12.483707935Z,2026-02-10T09:09:12.483707935Z,2026-02-10T09:05:44.75208896Z,detect,span.name,spans,03a66bccef49,surveillance-edge,043a40646327249a,89a4bfa1335232356e3392f3ea09d0c4
,,56,2026-02-09T21:09:12.483707935Z,2026-02-10T09:09:12.483707935Z,2026-02-10T09:08:34.744823439Z,detect,span.name,spans,03a66bccef49,surveillance-edge,052467984bd0c905,2a88943b75587461ceb3379c3df98143
,,57,2026-02-09T21:09:12.483707935Z,2026-02-10T09:09:12.483707935Z,2026-02-10T09:08:21.938065775Z,detect,span.name,spans,03a66bccef49,surveillance-edge,053a0ed27901a6ce,bee2ca8659d0ea64cadb3105159489b1
,,58,2026-02-09T21:09:12.483707935Z,2026-02-10T09:09:12.483707935Z,2026-02-10T09:05:55.554386994Z,detect,span.name,spans,03a66bccef49,surveillance-edge,059d01abafb164d2,50b2f1a00c3d28b35a356f7952b5042f
,,59,2026-02-09T21:09:12.483707935Z,2026-02-10T09:09:12.483707935Z,2026-02-10T09:07:52.066229156Z,detect,span.name,spans,03a66bccef49,surveillance-edge,0642756e13d1ef42,cea6f03b022707952a3770348fd42f21
,,60,2026-02-09T21:09:12.483707935Z,2026-02-10T09:09:12.483707935Z,2026-02-10T09:02:46.563896461Z,detect,span.name,spans,03a66bccef49,surveillance-edge,065698b4d99af1ef,363b22be7370492478972f21fc383fd9
,,61,2026-02-09T21:09:12.483707935Z,2026-02-10T09:09:12.483707935Z,2026-02-10T09:03:16.78543478Z,detect,span.name,spans,03a66bccef49,surveillance-edge,068f41bb260ca9bc,ff04734c4bad50b1a6e469e804d0d85b
,,62,2026-02-09T21:09:12.483707935Z,2026-02-10T09:09:12.483707935Z,2026-02-10T09:06:22.111697709Z,detect,span.name,spans,03a66bccef49,surveillance-edge,06941a1ee6c36514,522fe2d490ac33586be42d5053780301
,,63,2026-02-09T21:09:12.483707935Z,2026-02-10T09:09:12.483707935Z,2026-02-10T09:04:07.676257718Z,detect,span.name,spans,03a66bccef49,surveillance-edge,06f9425030cdc8f3,8a5f215f731e920f407375cd8b2a0f1a
,,64,2026-02-09T21:09:12.483707935Z,2026-02-10T09:09:12.483707935Z,2026-02-10T09:03:56.640800336Z,detect,span.name,spans,03a66bccef49,surveillance-edge,073ee07010fbac65,eedc6fd65eefb54e9ab7d7de6c1e006c
,,65,2026-02-09T21:09:12.483707935Z,2026-02-10T09:09:12.483707935Z,2026-02-10T09:03:59.797136038Z,detect,span.name,spans,03a66bccef49,surveillance-edge,07b6fbf26f0ebdaf,6f80ce6d98058367dc52eed767905dd5
,,66,2026-02-09T21:09:12.483707935Z,2026-02-10T09:09:12.483707935Z,2026-02-10T09:03:19.856959714Z,detect,span.name,spans,03a66bccef49,surveillance-edge,093278671d749a80,fb16d2697934f35de2f140a4b53c5e04
,,67,2026-02-09T21:09:12.483707935Z,2026-02-10T09:09:12.483707935Z,2026-02-10T09:07:18.725506344Z,detect,span.name,spans,03a66bccef49,surveillance-edge,0a6809d2ded6f1f9,b7cf93c7b676a429f4c79d2a8e9103b9
,,68,2026-02-09T21:09:12.483707935Z,2026-02-10T09:09:12.483707935Z,2026-02-10T09:02:38.115183942Z,detect,span.name,spans,03a66bccef49,surveillance-edge,0ab566800ae280ea,f47dbe21b480f6e4918f24485e34201c
,,69,2026-02-09T21:09:12.483707935Z,2026-02-10T09:09:12.483707935Z,2026-02-10T09:08:26.325635555Z,detect,span.name,spans,03a66bccef49,surveillance-edge,0b5d13b4a5198225,c356269fb5088e69f1ad833ca921961f
,,70,2026-02-09T21:09:12.483707935Z,2026-02-10T09:09:12.483707935Z,2026-02-10T09:03:48.592002751Z,detect,span.name,spans,03a66bccef49,surveillance-edge,0bc7fc59c2f36201,85f30d95757c715495d0d2549b3d40c9
,,71,2026-02-09T21:09:12.483707935Z,2026-02-10T09:09:12.483707935Z,2026-02-10T09:05:54.509356211Z,detect,span.name,spans,03a66bccef49,surveillance-edge,0bf5d396a5394fc4,df6810046695c22a5582635dbb570d10
,,72,2026-02-09T21:09:12.483707935Z,2026-02-10T09:09:12.483707935Z,2026-02-10T09:02:31.180761205Z,detect,span.name,spans,03a66bccef49,surveillance-edge,0c18506bb1efd49d,1528cabb9d281f38348788e5637511ae
,,73,2026-02-09T21:09:12.483707935Z,2026-02-10T09:09:12.483707935Z,2026-02-10T09:07:46.748757814Z,detect,span.name,spans,03a66bccef49,surveillance-edge,0c6002751aab2984,dc45cc757fbb01a49a960dadb5436b81
,,74,2026-02-09T21:09:12.483707935Z,2026-02-10T09:09:12.483707935Z,2026-02-10T09:03:56.02840109Z,detect,span.name,spans,03a66bccef49,surveillance-edge,0c69b5b71c945c14,6ed2d8de3a77b0a12e9aae01abfff0e1
,,75,2026-02-09T21:09:12.483707935Z,2026-02-10T09:09:12.483707935Z,2026-02-10T09:04:51.865943254Z,detect,span.name,spans,03a66bccef49,surveillance-edge,0c6d8d8e14c1661c,33ab26c82e52a0cac98eaa46db1fd482
,,76,2026-02-09T21:09:12.483707935Z,2026-02-10T09:09:12.483707935Z,2026-02-10T09:02:41.274398098Z,detect,span.name,spans,03a66bccef49,surveillance-edge,0db649e1b92b0d0f,6aa5fc0a33bba9c833425807dbd2cc49
,,77,2026-02-09T21:09:12.483707935Z,2026-02-10T09:09:12.483707935Z,2026-02-10T09:04:56.208655061Z,detect,span.name,spans,03a66bccef49,surveillance-edge,0e1fe033119d3038,89437b4505e44799d3ed737cdd35c76a
,,78,2026-02-09T21:09:12.483707935Z,2026-02-10T09:09:12.483707935Z,2026-02-10T09:07:08.045658428Z,detect,span.name,spans,03a66bccef49,surveillance-edge,0e2b583fb368656e,77126efc2a23f6920174100e8548a008
,,79,2026-02-09T21:09:12.483707935Z,2026-02-10T09:09:12.483707935Z,2026-02-10T09:04:22.6912524Z,detect,span.name,spans,03a66bccef49,surveillance-edge,0e6ff8a61771c71e,8e61506ce4acb00ed4ae7aee5acf084c
,,80,2026-02-09T21:09:12.483707935Z,2026-02-10T09:09:12.483707935Z,2026-02-10T09:02:17.106648719Z,detect,span.name,spans,03a66bccef49,surveillance-edge,0f4d64fa2257aa0f,e6a4c4d53153b19b8cee5fb9eb22f964
,,81,2026-02-09T21:09:12.483707935Z,2026-02-10T09:09:12.483707935Z,2026-02-10T09:05:43.690546887Z,detect,span.name,spans,03a66bccef49,surveillance-edge,0f4e63742c2c3e07,d7ce1faca37574f4db16d0eae717c1ce
,,82,2026-02-09T21:09:12.483707935Z,2026-02-10T09:09:12.483707935Z,2026-02-10T09:03:43.311883296Z,detect,span.name,spans,03a66bccef49,surveillance-edge,0f70997e79aa70c6,4ba4bcc20c7be6f9cac71b8dccea8e5e
,,83,2026-02-09T21:09:12.483707935Z,2026-02-10T09:09:12.483707935Z,2026-02-10T09:06:32.371156291Z,detect,span.name,spans,03a66bccef49,surveillance-edge,0fbb5d8728ffeb62,4f33a3ef003e344a8203c5c99cd68036
,,84,2026-02-09T21:09:12.483707935Z,2026-02-10T09:09:12.483707935Z,2026-02-10T09:04:46.52614317Z,detect,span.name,spans,03a66bccef49,surveillance-edge,102e13f00a1eceaa,1abd6d261b8c5a7da25435f4cb47dca2
,,85,2026-02-09T21:09:12.483707935Z,2026-02-10T09:09:12.483707935Z,2026-02-10T09:02:40.575862464Z,detect,span.name,spans,03a66bccef49,surveillance-edge,10a5c33537c8e4d4,80ece86010b98a5c814d5138894e0f26
,,86,2026-02-09T21:09:12.483707935Z,2026-02-10T09:09:12.483707935Z,2026-02-10T09:07:48.743283901Z,detect,span.name,spans,03a66bccef49,surveillance-edge,10a9d1ee177e884c,1affb976b346698274ccbb06a5eaf224
,,87,2026-02-09T21:09:12.483707935Z,2026-02-10T09:09:12.483707935Z,2026-02-10T09:05:23.465686191Z,detect,span.name,spans,03a66bccef49,surveillance-edge,10c495a907b6c2a2,9831e105c556a3ba984cea005532be7a
,,88,2026-02-09T21:09:12.483707935Z,2026-02-10T09:09:12.483707935Z,2026-02-10T09:07:13.302798774Z,detect,span.name,spans,03a66bccef49,surveillance-edge,11239e11d0c0dea1,d0b6dc0d856ef7ec2a6e069025f861b9
,,89,2026-02-09T21:09:12.483707935Z,2026-02-10T09:09:12.483707935Z,2026-02-10T09:02:21.30579132Z,detect,span.name,spans,03a66bccef49,surveillance-edge,1194e3be34ea0c23,0e9b8bd4708a42944a97bf1a5422b9ae
,,90,2026-02-09T21:09:12.483707935Z,2026-02-10T09:09:12.483707935Z,2026-02-10T09:03:30.573322053Z,detect,span.name,spans,03a66bccef49,surveillance-edge,11adfd97403d2207,4311b23202ad669b3298ae34d1045055
,,91,2026-02-09T21:09:12.483707935Z,2026-02-10T09:09:12.483707935Z,2026-02-10T09:06:54.396009509Z,detect,span.name,spans,03a66bccef49,surveillance-edge,11d2473b56da75e5,9a69cf256d23c5b57a8916f3c3267129
,,92,2026-02-09T21:09:12.483707935Z,2026-02-10T09:09:12.483707935Z,2026-02-10T09:04:03.995793043Z,detect,span.name,spans,03a66bccef49,surveillance-edge,122a647c9dcc3d53,fc1e611869d0a0ed138c8fcf0156715a
,,93,2026-02-09T21:09:12.483707935Z,2026-02-10T09:09:12.483707935Z,2026-02-10T09:07:07.144964863Z,detect,span.name,spans,03a66bccef49,surveillance-edge,12737cc0b4e93e31,daab278d22e864a0bcbc0c073421d6ab
,,94,2026-02-09T21:09:12.483707935Z,2026-02-10T09:09:12.483707935Z,2026-02-10T09:03:45.068849512Z,detect,span.name,spans,03a66bccef49,surveillance-edge,130157b3ce473e68,b26f55cc4e7c0442730fa1bba12b1faa
,,95,2026-02-09T21:09:12.483707935Z,2026-02-10T09:09:12.483707935Z,2026-02-10T09:05:34.123781955Z,detect,span.name,spans,03a66bccef49,surveillance-edge,1409e77a2f8a47cf,9ee254046a8f29c73433d20c657fa91b
,,96,2026-02-09T21:09:12.483707935Z,2026-02-10T09:09:12.483707935Z,2026-02-10T09:08:13.513280743Z,detect,span.name,spans,03a66bccef49,surveillance-edge,142f7149ce920022,3c5c2bab94217dc22afa6b48685bd41e
,,97,2026-02-09T21:09:12.483707935Z,2026-02-10T09:09:12.483707935Z,2026-02-10T09:06:17.689227356Z,detect,span.name,spans,03a66bccef49,surveillance-edge,14da9ac1b366d75f,1bb13d702d0e3727d12c1a2ae78f735f
,,98,2026-02-09T21:09:12.483707935Z,2026-02-10T09:09:12.483707935Z,2026-02-10T09:02:37.440758134Z,detect,span.name,spans,03a66bccef49,surveillance-edge,15180dc69758178a,31e5c66fc8e3bc1dd99866ec609108fa
,,99,2026-02-09T21:09:12.483707935Z,2026-02-10T09:09:12.483707935Z,2026-02-10T09:03:44.366926242Z,detect,span.name,spans,03a66bccef49,surveillance-edge,15450b666dccaa04,8803e0567fb8714a71a1bc61a91600be
,,100,2026-02-09T21:09:12.483707935Z,2026-02-10T09:09:12.483707935Z,2026-02-10T09:05:13.750907128Z,detect,span.name,spans,03a66bccef49,surveillance-edge,1547fe19af098ae1,0b5086fa980490d6d07892b2f2cf2f45
,,101,2026-02-09T21:09:12.483707935Z,2026-02-10T09:09:12.483707935Z,2026-02-10T09:05:53.458893892Z,detect,span.name,spans,03a66bccef49,surveillance-edge,15f4fc92b0e749c4,d6f4c9337fd885a809ec17fbbd00844d
,,102,2026-02-09T21:09:12.483707935Z,2026-02-10T09:09:12.483707935Z,2026-02-10T09:08:43.932073759Z,detect,span.name,spans,03a66bccef49,surveillance-edge,1601c2e5b5756d3e,a75b331e03eb345468931b3661a66cb6
,,103,2026-02-09T21:09:12.483707935Z,2026-02-10T09:09:12.483707935Z,2026-02-10T09:03:53.917485059Z,detect,span.name,spans,03a66bccef49,surveillance-edge,16213f0956ac7798,8b04bdd29a8c354e2db17317b4049377
,,104,2026-02-09T21:09:12.483707935Z,2026-02-10T09:09:12.483707935Z,2026-02-10T09:03:16.701507103Z,detect,span.name,spans,03a66bccef49,surveillance-edge,16310e793862dd44,9539b389fc4e0d8fe5f7cb46111b8732
,,105,2026-02-09T21:09:12.483707935Z,2026-02-10T09:09:12.483707935Z,2026-02-10T09:08:24.067143876Z,detect,span.name,spans,03a66bccef49,surveillance-edge,17db1ab1eed287a1,00e839066dfac0cc373d6b112a892ff8
,,106,2026-02-09T21:09:12.483707935Z,2026-02-10T09:09:12.483707935Z,2026-02-10T09:07:11.183318547Z,detect,span.name,spans,03a66bccef49,surveillance-edge,18709e98ecfcda49,db5956fe9eabb9d01d0a8b82c43f4b6c
,,107,2026-02-09T21:09:12.483707935Z,2026-02-10T09:09:12.483707935Z,2026-02-10T09:03:27.424672543Z,detect,span.name,spans,03a66bccef49,surveillance-edge,19226b378813337b,76d228bc4d0d7e0ba373e0a2b63ffcc0
,,108,2026-02-09T21:09:12.483707935Z,2026-02-10T09:09:12.483707935Z,2026-02-10T09:04:11.375589051Z,detect,span.name,spans,03a66bccef49,surveillance-edge,193721dcb163c7c3,47cc8db53b10456353efc939dd9fe5a0
,,109,2026-02-09T21:09:12.483707935Z,2026-02-10T09:09:12.483707935Z,2026-02-10T09:08:29.3311418Z,detect,span.name,spans,03a66bccef49,surveillance-edge,19c88710432bf820,fc133c34d8b31435cfa03b61a847a160
,,110,2026-02-09T21:09:12.483707935Z,2026-02-10T09:09:12.483707935Z,2026-02-10T09:07:17.514406943Z,detect,span.name,spans,03a66bccef49,surveillance-edge,1a5a42923014e037,401b61526bf9e8ec936779171f4b819f
,,111,2026-02-09T21:09:12.483707935Z,2026-02-10T09:09:12.483707935Z,2026-02-10T09:07:03.810318884Z,detect,span.name,spans,03a66bccef49,surveillance-edge,1aeab21de55cbbcf,7380e1b9caaa17c2df983fc9c5aea744
,,112,2026-02-09T21:09:12.483707935Z,2026-02-10T09:09:12.483707935Z,2026-02-10T09:03:33.459830573Z,detect,span.name,spans,03a66bccef49,surveillance-edge,1af90493d34c701c,47171702341e4cfccdcd56185f794a6f
,,113,2026-02-09T21:09:12.483707935Z,2026-02-10T09:09:12.483707935Z,2026-02-10T09:05:51.368532575Z,detect,span.name,spans,03a66bccef49,surveillance-edge,1b3749f707022cad,9ac0fa4f1af6d805151b1ac877f2daf4
,,114,2026-02-09T21:09:12.483707935Z,2026-02-10T09:09:12.483707935Z,2026-02-10T09:04:26.990122027Z,detect,span.name,spans,03a66bccef49,surveillance-edge,1b41005785a2227f,c947a3308fd2cafe8e64ba175ca688cd
,,115,2026-02-09T21:09:12.483707935Z,2026-02-10T09:09:12.483707935Z,2026-02-10T09:03:31.635897421Z,detect,span.name,spans,03a66bccef49,surveillance-edge,1c00a30b31840d80,3b2c72ee8d6ebcdb94fe1f12be31d577
,,116,2026-02-09T21:09:12.483707935Z,2026-02-10T09:09:12.483707935Z,2026-02-10T09:02:53.140710783Z,detect,span.name,spans,03a66bccef49,surveillance-edge,1c07abedee206270,861b69c65be6983614331e755388f312
,,117,2026-02-09T21:09:12.483707935Z,2026-02-10T09:09:12.483707935Z,2026-02-10T09:06:00.779433622Z,detect,span.name,spans,03a66bccef49,surveillance-edge,1c50994b99cd230c,3880f21ee94f63a2f902729596c26fe6
,,118,2026-02-09T21:09:12.483707935Z,2026-02-10T09:09:12.483707935Z,2026-02-10T09:06:53.219959238Z,detect,span.name,spans,03a66bccef49,surveillance-edge,1ce43277441476e9,7b0259a410f341bc5f111bba2363bcd7
,,119,2026-02-09T21:09:12.483707935Z,2026-02-10T09:09:12.483707935Z,2026-02-10T09:03:35.597379058Z,detect,span.name,spans,03a66bccef49,surveillance-edge,1d317d4f10fafb8d,9ce99a73e3ba54e816301b9421a0f177
,,120,2026-02-09T21:09:12.483707935Z,2026-02-10T09:09:12.483707935Z,2026-02-10T09:02:56.180627522Z,detect,span.name,spans,03a66bccef49,surveillance-edge,1d43dbac1049a782,c7771bfffdab582938c6c000d7a6d0bd
,,121,2026-02-09T21:09:12.483707935Z,2026-02-10T09:09:12.483707935Z,2026-02-10T09:06:34.699252647Z,detect,span.name,spans,03a66bccef49,surveillance-edge,1d79d6c0851d7b17,f0644ee6da1040ca7fcfe1a68298aedc
,,122,2026-02-09T21:09:12.483707935Z,2026-02-10T09:09:12.483707935Z,2026-02-10T09:06:26.090013157Z,detect,span.name,spans,03a66bccef49,surveillance-edge,1dd9891df0491f51,2fa59d53100b21d37580102acdaaa42c
,,123,2026-02-09T21:09:12.483707935Z,2026-02-10T09:09:12.483707935Z,2026-02-10T09:08:40.835719893Z,detect,span.name,spans,03a66bccef49,surveillance-edge,1ee9b044c24d8776,1e06dbfd2e4fe69b337336ab7c2bb637
,,124,2026-02-09T21:09:12.483707935Z,2026-02-10T09:09:12.483707935Z,2026-02-10T09:08:41.876533677Z,detect,span.name,spans,03a66bccef49,surveillance-edge,1fe28de3d33b14f7,9e376ca105fbd6d4657123e4e6ceb96c
,,125,2026-02-09T21:09:12.483707935Z,2026-02-10T09:09:12.483707935Z,2026-02-10T09:05:43.029847786Z,detect,span.name,spans,03a66bccef49,surveillance-edge,1fe89b51e33357ef,298510f6de0f3380dc803d952e1e10fc
,,126,2026-02-09T21:09:12.483707935Z,2026-02-10T09:09:12.483707935Z,2026-02-10T09:03:55.586066678Z,detect,span.name,spans,03a66bccef49,surveillance-edge,1ffd1032468214cc,ebfc29cbdf43ccd55e8d84c289002f36
,,127,2026-02-09T21:09:12.483707935Z,2026-02-10T09:09:12.483707935Z,2026-02-10T09:05:47.938994565Z,detect,span.name,spans,03a66bccef49,surveillance-edge,2016d9a28b481e2a,b47ab3595332cd3c3a5bfc9d02f7021f
,,128,2026-02-09T21:09:12.483707935Z,2026-02-10T09:09:12.483707935Z,2026-02-10T09:02:30.668842601Z,detect,span.name,spans,03a66bccef49,surveillance-edge,206b3810d2726be2,52a4633cd4c13d0d590d6caf1f2424ef
,,129,2026-02-09T21:09:12.483707935Z,2026-02-10T09:09:12.483707935Z,2026-02-10T09:06:14.505805499Z,detect,span.name,spans,03a66bccef49,surveillance-edge,21288991274b53d7,57f64fe30c55d233e1ad27118857c4a0
,,130,2026-02-09T21:09:12.483707935Z,2026-02-10T09:09:12.483707935Z,2026-02-10T09:08:39.949799577Z,detect,span.name,spans,03a66bccef49,surveillance-edge,21617acbb8aa115d,348b0e694a4d2398c574d62f79d1dec3
,,131,2026-02-09T21:09:12.483707935Z,2026-02-10T09:09:12.483707935Z,2026-02-10T09:06:33.422398973Z,detect,span.name,spans,03a66bccef49,surveillance-edge,21dffabc85f8f1b7,ca4310cf83e92717aaefd77fff47824f
,,132,2026-02-09T21:09:12.483707935Z,2026-02-10T09:09:12.483707935Z,2026-02-10T09:05:46.158974504Z,detect,span.name,spans,03a66bccef49,surveillance-edge,21ffa40dabce5e87,f0f16e19a5364c2d5099a0da8d93b183
,,133,2026-02-09T21:09:12.483707935Z,2026-02-10T09:09:12.483707935Z,2026-02-10T09:04:13.080264971Z,detect,span.name,spans,03a66bccef49,surveillance-edge,226e1f990872e1cd,6f9276dccf9a24386d91f716c5cf654c
,,134,2026-02-09T21:09:12.483707935Z,2026-02-10T09:09:12.483707935Z,2026-02-10T09:07:43.477746372Z,detect,span.name,spans,03a66bccef49,surveillance-edge,23064351b3b7e2c3,f6601fd7b71246af51fc8b465c6e832b
,,135,2026-02-09T21:09:12.483707935Z,2026-02-10T09:09:12.483707935Z,2026-02-10T09:07:40.299580712Z,detect,span.name,spans,03a66bccef49,surveillance-edge,243080a3a01ac7eb,7069241e6ac0f715948700ddf00eecf6
,,136,2026-02-09T21:09:12.483707935Z,2026-02-10T09:09:12.483707935Z,2026-02-10T09:08:33.533897422Z,detect,span.name,spans,03a66bccef49,surveillance-edge,24aa7634d79dfad3,3b9e1588c2aeeb13ed532fe98dd381b0
,,137,2026-02-09T21:09:12.483707935Z,2026-02-10T09:09:12.483707935Z,2026-02-10T09:04:12.402716745Z,detect,span.name,spans,03a66bccef49,surveillance-edge,24b415476b78e1d1,01e5de65bd980da457624a5241a1fa9a
,,138,2026-02-09T21:09:12.483707935Z,2026-02-10T09:09:12.483707935Z,2026-02-10T09:07:24.9150497Z,detect,span.name,spans,03a66bccef49,surveillance-edge,24efdd3cf0b7e1b2,6580143ccc62a848b4801c5ad1c86e4b
,,139,2026-02-09T21:09:12.483707935Z,2026-02-10T09:09:12.483707935Z,2026-02-10T09:05:23.119491712Z,detect,span.name,spans,03a66bccef49,surveillance-edge,24fc22d2194e7ae1,37a092607b815ff5c90e49ca77e0ce88
,,140,2026-02-09T21:09:12.483707935Z,2026-02-10T09:09:12.483707935Z,2026-02-10T09:07:19.633281908Z,detect,span.name,spans,03a66bccef49,surveillance-edge,255dfd71bcdd45ee,d699b4b11523f3692098f3deeae3eb60
,,141,2026-02-09T21:09:12.483707935Z,2026-02-10T09:09:12.483707935Z,2026-02-10T09:05:25.573410374Z,detect,span.name,spans,03a66bccef49,surveillance-edge,256f91807e1abde3,4ce9803170973ae749ad8f3eccd87246
,,142,2026-02-09T21:09:12.483707935Z,2026-02-10T09:09:12.483707935Z,2026-02-10T09:03:54.547285114Z,detect,span.name,spans,03a66bccef49,surveillance-edge,268df0be60f892d6,ac5545b79548afabe86a81ccae5163d3
,,143,2026-02-09T21:09:12.483707935Z,2026-02-10T09:09:12.483707935Z,2026-02-10T09:05:32.007865397Z,detect,span.name,spans,03a66bccef49,surveillance-edge,26c03f65bcd0e69f,39dceeea0fbf84f9091d9ca1c1cf0fce
,,144,2026-02-09T21:09:12.483707935Z,2026-02-10T09:09:12.483707935Z,2026-02-10T09:04:20.563959171Z,detect,span.name,spans,03a66bccef49,surveillance-edge,271583c1b0b1c0b8,6583c3841931d82bd84bd0f38e1ed7be
,,145,2026-02-09T21:09:12.483707935Z,2026-02-10T09:09:12.483707935Z,2026-02-10T09:03:51.39922848Z,detect,span.name,spans,03a66bccef49,surveillance-edge,2790020a0b83b0c6,6dc58a75237de95361881f7875c0570d
,,146,2026-02-09T21:09:12.483707935Z,2026-02-10T09:09:12.483707935Z,2026-02-10T09:03:13.560879766Z,detect,span.name,spans,03a66bccef49,surveillance-edge,285b3b6387c28c15,3c1239e1593a57225c784b3aa3802f8f
,,147,2026-02-09T21:09:12.483707935Z,2026-02-10T09:09:12.483707935Z,2026-02-10T09:04:50.808796257Z,detect,span.name,spans,03a66bccef49,surveillance-edge,2865f9c9943c6a7c,f548a89506e500cff6fa6407dda76632
,,148,2026-02-09T21:09:12.483707935Z,2026-02-10T09:09:12.483707935Z,2026-02-10T09:02:20.239448773Z,detect,span.name,spans,03a66bccef49,surveillance-edge,28e56ff71342c591,4fddaa45816087f807ef84b3c3e65c11
,,149,2026-02-09T21:09:12.483707935Z,2026-02-10T09:09:12.483707935Z,2026-02-10T09:06:15.576798909Z,detect,span.name,spans,03a66bccef49,surveillance-edge,293c92cbf9708772,c9d1ccfdbd952798c60185e490459cf4
,,150,2026-02-09T21:09:12.483707935Z,2026-02-10T09:09:12.483707935Z,2026-02-10T09:06:13.505201115Z,detect,span.name,spans,03a66bccef49,surveillance-edge,2a15748205cf0d54,f39d4433dc3b5b440403c4df5ba962b0
,,151,2026-02-09T21:09:12.483707935Z,2026-02-10T09:09:12.483707935Z,2026-02-10T09:05:24.506390843Z,detect,span.name,spans,03a66bccef49,surveillance-edge,2b5821d00f937cd5,c651ee6734fcfd34e3cd4172b1b59823
,,152,2026-02-09T21:09:12.483707935Z,2026-02-10T09:09:12.483707935Z,2026-02-10T09:06:31.516414214Z,detect,span.name,spans,03a66bccef49,surveillance-edge,2bd8dcdd16024549,4f85be4a33e61a0a39cc522749dad913
,,153,2026-02-09T21:09:12.483707935Z,2026-02-10T09:09:12.483707935Z,2026-02-10T09:06:09.154982243Z,detect,span.name,spans,03a66bccef49,surveillance-edge,2bf39ad2d79a6b30,8c174cd690fe77d20b21a430879a2d37
,,154,2026-02-09T21:09:12.483707935Z,2026-02-10T09:09:12.483707935Z,2026-02-10T09:05:56.596545962Z,detect,span.name,spans,03a66bccef49,surveillance-edge,2c6a6de20acf346b,a54b086690d1cf4528a5f09a298c14c5
,,155,2026-02-09T21:09:12.483707935Z,2026-02-10T09:09:12.483707935Z,2026-02-10T09:03:24.28192652Z,detect,span.name,spans,03a66bccef49,surveillance-edge,2cf3b44d45533f73,01715b39802932baa28619d67bbf39a6
,,156,2026-02-09T21:09:12.483707935Z,2026-02-10T09:09:12.483707935Z,2026-02-10T09:08:20.008008049Z,detect,span.name,spans,03a66bccef49,surveillance-edge,2d134253f9513695,8147f3e8f3b1bfe12ca018a709735804
,,157,2026-02-09T21:09:12.483707935Z,2026-02-10T09:09:12.483707935Z,2026-02-10T09:03:17.923857925Z,detect,span.name,spans,03a66bccef49,surveillance-edge,2d683cd7a93ea684,ce3b63994bf54f96c26c53af22b537f9
,,158,2026-02-09T21:09:12.483707935Z,2026-02-10T09:09:12.483707935Z,2026-02-10T09:03:54.952174317Z,detect,span.name,spans,03a66bccef49,surveillance-edge,2e131c573d11a0ca,e26d853c3966faa0c78f315885ccd92e
,,159,2026-02-09T21:09:12.483707935Z,2026-02-10T09:09:12.483707935Z,2026-02-10T09:05:36.742749004Z,detect,span.name,spans,03a66bccef49,surveillance-edge,2ee4bf6c8f62c7b7,952082e78fb5197dc495fb25e64c22dc
,,160,2026-02-09T21:09:12.483707935Z,2026-02-10T09:09:12.483707935Z,2026-02-10T09:04:43.371779885Z,detect,span.name,spans,03a66bccef49,surveillance-edge,2f0591a547a1e35d,956f156c2d325f8c647cebf29fc6ac08
,,161,2026-02-09T21:09:12.483707935Z,2026-02-10T09:09:12.483707935Z,2026-02-10T09:06:28.179785131Z,detect,span.name,spans,03a66bccef49,surveillance-edge,2f446c7d3062743c,eae7d08e7d34699fd411f394282853dd
,,162,2026-02-09T21:09:12.483707935Z,2026-02-10T09:09:12.483707935Z,2026-02-10T09:04:21.601505946Z,detect,span.name,spans,03a66bccef49,surveillance-edge,2f627184b5ef490a,dd14e5787fadfefd321c5153860f7b87
,,163,2026-02-09T21:09:12.483707935Z,2026-02-10T09:09:12.483707935Z,2026-02-10T09:05:41.962520093Z,detect,span.name,spans,03a66bccef49,surveillance-edge,3094691f10084789,9670829178dda873e400ec0ef2bff01e
,,164,2026-02-09T21:09:12.483707935Z,2026-02-10T09:09:12.483707935Z,2026-02-10T09:04:05.042972586Z,detect,span.name,spans,03a66bccef49,surveillance-edge,30ba84ceca80a472,08b0958f44c3d04b198bcba2b816f7ac
,,165,2026-02-09T21:09:12.483707935Z,2026-02-10T09:09:12.483707935Z,2026-02-10T09:02:32.814698193Z,detect,span.name,spans,03a66bccef49,surveillance-edge,30cfb06230f2a1d2,6e3737c7c12259be13e7d9f7102eceec
,,166,2026-02-09T21:09:12.483707935Z,2026-02-10T09:09:12.483707935Z,2026-02-10T09:08:35.779518615Z,detect,span.name,spans,03a66bccef49,surveillance-edge,31497d2c5aaac711,823da9574f755316dfa5f6bdfeca9434
,,167,2026-02-09T21:09:12.483707935Z,2026-02-10T09:09:12.483707935Z,2026-02-10T09:08:44.145254148Z,detect,span.name,spans,03a66bccef49,surveillance-edge,3160d84f06989824,2701d411a108ef0799ae6246aaf405dd
,,168,2026-02-09T21:09:12.483707935Z,2026-02-10T09:09:12.483707935Z,2026-02-10T09:05:36.273749825Z,detect,span.name,spans,03a66bccef49,surveillance-edge,31cc39a2fe4c6a7a,55ebd952f9ac8f0f90acac371f4c6f68
,,169,2026-02-09T21:09:12.483707935Z,2026-02-10T09:09:12.483707935Z,2026-02-10T09:03:57.077775218Z,detect,span.name,spans,03a66bccef49,surveillance-edge,31d3a1e589cdb570,3b7019c694d5e25e844cb2d23dd92dbb
,,170,2026-02-09T21:09:12.483707935Z,2026-02-10T09:09:12.483707935Z,2026-02-10T09:02:51.032019414Z,detect,span.name,spans,03a66bccef49,surveillance-edge,31d6ea4f3dcafd48,8e33040f023b6feaa34a2cefdb2b41a5
,,171,2026-02-09T21:09:12.483707935Z,2026-02-10T09:09:12.483707935Z,2026-02-10T09:04:49.77217396Z,detect,span.name,spans,03a66bccef49,surveillance-edge,3221e6f85024c367,144e243a0679ad9ce672c3892b973cac
,,172,2026-02-09T21:09:12.483707935Z,2026-02-10T09:09:12.483707935Z,2026-02-10T09:03:36.661830476Z,detect,span.name,spans,03a66bccef49,surveillance-edge,3232c79f5e9dc950,85c58e8b526ac7da4f5bc0e2f9ab99a2
,,173,2026-02-09T21:09:12.483707935Z,2026-02-10T09:09:12.483707935Z,2026-02-10T09:02:55.130362874Z,detect,span.name,spans,03a66bccef49,surveillance-edge,32a0052f667ef737,a01acaadca0a4b09ae47a6af6905239e
,,174,2026-02-09T21:09:12.483707935Z,2026-02-10T09:09:12.483707935Z,2026-02-10T09:06:19.754509011Z,detect,span.name,spans,03a66bccef49,surveillance-edge,33837e42edd32a6c,ca5f4c4279a8b8dbd4b748c49f2c211d
,,175,2026-02-09T21:09:12.483707935Z,2026-02-10T09:09:12.483707935Z,2026-02-10T09:06:01.719640999Z,detect,span.name,spans,03a66bccef49,surveillance-edge,34a1a31a4b225ac7,87672bb4b6317e8a719b0d005023102d
,,176,2026-02-09T21:09:12.483707935Z,2026-02-10T09:09:12.483707935Z,2026-02-10T09:08:15.704971644Z,detect,span.name,spans,03a66bccef49,surveillance-edge,3507ae8c64d393b8,670865092740a5dae5c5df0fcfdfa727
,,177,2026-02-09T21:09:12.483707935Z,2026-02-10T09:09:12.483707935Z,2026-02-10T09:03:21.140998103Z,detect,span.name,spans,03a66bccef49,surveillance-edge,35280ba2b4c17873,7e2299c1edb81d555f6ec359481a80ec
,,178,2026-02-09T21:09:12.483707935Z,2026-02-10T09:09:12.483707935Z,2026-02-10T09:03:41.914728198Z,detect,span.name,spans,03a66bccef49,surveillance-edge,352e2afc04065485,9152d5ce3a5f4b4953daf168434e032d
,,179,2026-02-09T21:09:12.483707935Z,2026-02-10T09:09:12.483707935Z,2026-02-10T09:06:26.284802645Z,detect,span.name,spans,03a66bccef49,surveillance-edge,355ddbfc869c2834,8b3d77f2bd3dba857393c3ad9b9fbbe4
,,180,2026-02-09T21:09:12.483707935Z,2026-02-10T09:09:12.483707935Z,2026-02-10T09:05:15.956939111Z,detect,span.name,spans,03a66bccef49,surveillance-edge,35606990116fa52b,837190923cd69e29fa9ab10673d43c78
,,181,2026-02-09T21:09:12.483707935Z,2026-02-10T09:09:12.483707935Z,2026-02-10T09:05:46.883883686Z,detect,span.name,spans,03a66bccef49,surveillance-edge,35d41cbce7dc772e,d31e4cb388e6398fce056c00a1bb5974
,,182,2026-02-09T21:09:12.483707935Z,2026-02-10T09:09:12.483707935Z,2026-02-10T09:05:35.685846349Z,detect,span.name,spans,03a66bccef49,surveillance-edge,363505e83bdf7e93,4cb2f0c77da1818353c46ec7f14f8fd6
,,183,2026-02-09T21:09:12.483707935Z,2026-02-10T09:09:12.483707935Z,2026-02-10T09:03:46.117259004Z,detect,span.name,spans,03a66bccef49,surveillance-edge,36c656a3ed25d33b,c7fc5d1623dfe06b1824322cc5c4b2ed
,,184,2026-02-09T21:09:12.483707935Z,2026-02-10T09:09:12.483707935Z,2026-02-10T09:07:55.251806256Z,detect,span.name,spans,03a66bccef49,surveillance-edge,376d338fd91b2e0e,ffe8dcaf5910d615b3e217f258149eea
,,185,2026-02-09T21:09:12.483707935Z,2026-02-10T09:09:12.483707935Z,2026-02-10T09:03:52.445259414Z,detect,span.name,spans,03a66bccef49,surveillance-edge,38709a05d80639a4,1a68e6f48089faa5f890f6f647bd7730
,,186,2026-02-09T21:09:12.483707935Z,2026-02-10T09:09:12.483707935Z,2026-02-10T09:02:43.703247721Z,detect,span.name,spans,03a66bccef49,surveillance-edge,394dfd09e11f2ffe,94c51ea1f67391f2f55d3294a9468863
,,187,2026-02-09T21:09:12.483707935Z,2026-02-10T09:09:12.483707935Z,2026-02-10T09:05:58.686399747Z,detect,span.name,spans,03a66bccef49,surveillance-edge,39507ba494c1bbe5,d8f81a02fac4bffdd6942d1f73a0eda9
,,188,2026-02-09T21:09:12.483707935Z,2026-02-10T09:09:12.483707935Z,2026-02-10T09:02:30.127084168Z,detect,span.name,spans,03a66bccef49,surveillance-edge,39b58b9ff0859b42,2fd69055c201e3259f341d3eb89c24e0
,,189,2026-02-09T21:09:12.483707935Z,2026-02-10T09:09:12.483707935Z,2026-02-10T09:02:51.956207119Z,detect,span.name,spans,03a66bccef49,surveillance-edge,39cbd20b07553bfb,558d53ed1a2fd4ee3fcceaf26ee2c7e1
,,190,2026-02-09T21:09:12.483707935Z,2026-02-10T09:09:12.483707935Z,2026-02-10T09:02:18.242850043Z,detect,span.name,spans,03a66bccef49,surveillance-edge,3a69c8ab416046c6,fa12325de665b11307e5a0228b847577
,,191,2026-02-09T21:09:12.483707935Z,2026-02-10T09:09:12.483707935Z,2026-02-10T09:04:57.277672941Z,detect,span.name,spans,03a66bccef49,surveillance-edge,3a6fc9cab3221d2f,3d333a45a50bb2883e1b4f2f5e5a9ab1
,,192,2026-02-09T21:09:12.483707935Z,2026-02-10T09:09:12.483707935Z,2026-02-10T09:07:05.933384869Z,detect,span.name,spans,03a66bccef49,surveillance-edge,3ac8b4d88924e14e,7c6954dbd0f9c283bb9eb32d9a9c3704
,,193,2026-02-09T21:09:12.483707935Z,2026-02-10T09:09:12.483707935Z,2026-02-10T09:04:08.73751456Z,detect,span.name,spans,03a66bccef49,surveillance-edge,3b3502837b9da86b,c4f71ee59fa1f277b59c0ba98fd56701
,,194,2026-02-09T21:09:12.483707935Z,2026-02-10T09:09:12.483707935Z,2026-02-10T09:08:26.154620992Z,detect,span.name,spans,03a66bccef49,surveillance-edge,3b76f0eca120a3ba,7405fa655b9341a5de3a670c162fa906
,,195,2026-02-09T21:09:12.483707935Z,2026-02-10T09:09:12.483707935Z,2026-02-10T09:07:04.875295795Z,detect,span.name,spans,03a66bccef49,surveillance-edge,3bc1d2c768ae2cdb,9637ce9218dbfe2e89902556109d4728
,,196,2026-02-09T21:09:12.483707935Z,2026-02-10T09:09:12.483707935Z,2026-02-10T09:03:20.957632747Z,detect,span.name,spans,03a66bccef49,surveillance-edge,3c9fe13c58a6a25b,1c03ab76db3be1e609cae74a091e5b5a
,,197,2026-02-09T21:09:12.483707935Z,2026-02-10T09:09:12.483707935Z,2026-02-10T09:03:51.775533578Z,detect,span.name,spans,03a66bccef49,surveillance-edge,3cd441cd25243fcf,0f5c6820ca0e396aadc5ccfc1c6eb2be
,,198,2026-02-09T21:09:12.483707935Z,2026-02-10T09:09:12.483707935Z,2026-02-10T09:06:06.07622754Z,detect,span.name,spans,03a66bccef49,surveillance-edge,3d87514548c8c07e,578cae46c53b9096042ed1447dc95b25
,,199,2026-02-09T21:09:12.483707935Z,2026-02-10T09:09:12.483707935Z,2026-02-10T09:07:11.338320951Z,detect,span.name,spans,03a66bccef49,surveillance-edge,3e293f5f643d3287,44f6d36245585b333ca42884e540a5b9
,,200,2026-02-09T21:09:12.483707935Z,2026-02-10T09:09:12.483707935Z,2026-02-10T09:04:46.543860712Z,detect,span.name,spans,03a66bccef49,surveillance-edge,3e2ed72e22b2c7e6,b069ce95c9a8b452cf7069bd1d887f68
,,201,2026-02-09T21:09:12.483707935Z,2026-02-10T09:09:12.483707935Z,2026-02-10T09:03:26.374554954Z,detect,span.name,spans,03a66bccef49,surveillance-edge,3e5474e3c021679b,df81fc6e27f6b8699bbbe3e9c8399309
,,202,2026-02-09T21:09:12.483707935Z,2026-02-10T09:09:12.483707935Z,2026-02-10T09:08:12.45047985Z,detect,span.name,spans,03a66bccef49,surveillance-edge,3efef9e27187e6e3,1ad495a2b6f7778be4600405de6095bb
,,203,2026-02-09T21:09:12.483707935Z,2026-02-10T09:09:12.483707935Z,2026-02-10T09:02:34.937188759Z,detect,span.name,spans,03a66bccef49,surveillance-edge,3f5c927977f2f6e9,ebcbe6f99f93c2a6eb0349fc48009d34
,,204,2026-02-09T21:09:12.483707935Z,2026-02-10T09:09:12.483707935Z,2026-02-10T09:02:54.207385405Z,detect,span.name,spans,03a66bccef49,surveillance-edge,41a14d427fb86eea,eb7c1d422a380388627f1e57e734297d
,,205,2026-02-09T21:09:12.483707935Z,2026-02-10T09:09:12.483707935Z,2026-02-10T09:03:29.278988539Z,detect,span.name,spans,03a66bccef49,surveillance-edge,427bccc302671319,234b7b421627234f8f741ee78aa74500
,,206,2026-02-09T21:09:12.483707935Z,2026-02-10T09:09:12.483707935Z,2026-02-10T09:07:06.084145769Z,detect,span.name,spans,03a66bccef49,surveillance-edge,42af3b31746b72d2,4ea781669eecb0b09ce03d330a40b816
,,207,2026-02-09T21:09:12.483707935Z,2026-02-10T09:09:12.483707935Z,2026-02-10T09:03:50.345588691Z,detect,span.name,spans,03a66bccef49,surveillance-edge,4307a740405c5c09,67125e0df4864ed33a55e9861f078b85
,,208,2026-02-09T21:09:12.483707935Z,2026-02-10T09:09:12.483707935Z,2026-02-10T09:04:17.603452771Z,detect,span.name,spans,03a66bccef49,surveillance-edge,4321a78bb5dae72f,fd46b590cd1049f0ee8e030234d9cc5f
,,209,2026-02-09T21:09:12.483707935Z,2026-02-10T09:09:12.483707935Z,2026-02-10T09:03:45.412160526Z,detect,span.name,spans,03a66bccef49,surveillance-edge,438db0001cf65884,22395127a2454235e7d92c5b73246161
,,210,2026-02-09T21:09:12.483707935Z,2026-02-10T09:09:12.483707935Z,2026-02-10T09:03:40.104155347Z,detect,span.name,spans,03a66bccef49,surveillance-edge,44e1a368f6a6a7c2,5d1e6bbd5d03921d51a812626ceb243e
,,211,2026-02-09T21:09:12.483707935Z,2026-02-10T09:09:12.483707935Z,2026-02-10T09:07:25.059495591Z,detect,span.name,spans,03a66bccef49,surveillance-edge,45075cae7f32a457,c08ccde60ee90abd2e0b99114a695ecd
,,212,2026-02-09T21:09:12.483707935Z,2026-02-10T09:09:12.483707935Z,2026-02-10T09:05:49.278180265Z,detect,span.name,spans,03a66bccef49,surveillance-edge,45227599d670f96d,c9257e50229d5b4539646804c71c1f6a
,,213,2026-02-09T21:09:12.483707935Z,2026-02-10T09:09:12.483707935Z,2026-02-10T09:06:04.926716264Z,detect,span.name,spans,03a66bccef49,surveillance-edge,45357844d38000a9,35d3c5c67fafc495fd3d1e67e45bc6f2
,,214,2026-02-09T21:09:12.483707935Z,2026-02-10T09:09:12.483707935Z,2026-02-10T09:02:28.022308915Z,detect,span.name,spans,03a66bccef49,surveillance-edge,4551c218b631c7bb,23c6f29cf4442d46d6dff815e65ec82f
,,215,2026-02-09T21:09:12.483707935Z,2026-02-10T09:09:12.483707935Z,2026-02-10T09:02:24.922529829Z,detect,span.name,spans,03a66bccef49,surveillance-edge,459e6f09990c50ab,0e2e11072d5552d3bf47ff75fa58e28a
,,216,2026-02-09T21:09:12.483707935Z,2026-02-10T09:09:12.483707935Z,2026-02-10T09:03:25.125662443Z,detect,span.name,spans,03a66bccef49,surveillance-edge,45b17e9bcac508f7,76832d31270e0967db8da76883003c3f
,,217,2026-02-09T21:09:12.483707935Z,2026-02-10T09:09:12.483707935Z,2026-02-10T09:07:14.365913516Z,detect,span.name,spans,03a66bccef49,surveillance-edge,46545de3f58f484b,04f13452a7f117d80c82f8210022f676
,,218,2026-02-09T21:09:12.483707935Z,2026-02-10T09:09:12.483707935Z,2026-02-10T09:08:16.708804403Z,detect,span.name,spans,03a66bccef49,surveillance-edge,4658c9c753d17a6b,b2b13971b4883496fec2c3d99fb1aac4
,,219,2026-02-09T21:09:12.483707935Z,2026-02-10T09:09:12.483707935Z,2026-02-10T09:02:58.445223041Z,detect,span.name,spans,03a66bccef49,surveillance-edge,468339f68c22765b,001ff8c642420bfbc6339ad4bb3cabfe
,,220,2026-02-09T21:09:12.483707935Z,2026-02-10T09:09:12.483707935Z,2026-02-10T09:08:16.79248221Z,detect,span.name,spans,03a66bccef49,surveillance-edge,468fd7f281fd21fa,98531aafb19e047bac4b907f0bcf9feb
,,221,2026-02-09T21:09:12.483707935Z,2026-02-10T09:09:12.483707935Z,2026-02-10T09:07:05.027328458Z,detect,span.name,spans,03a66bccef49,surveillance-edge,4734702b5a06c7c1,257ef1bc881ec7f0a273572ac34c3041
,,222,2026-02-09T21:09:12.483707935Z,2026-02-10T09:09:12.483707935Z,2026-02-10T09:03:24.077159787Z,detect,span.name,spans,03a66bccef49,surveillance-edge,47aec0236194d2ac,f18cdf70a4db09674ea17963280f7ce3
,,223,2026-02-09T21:09:12.483707935Z,2026-02-10T09:09:12.483707935Z,2026-02-10T09:08:31.571853879Z,detect,span.name,spans,03a66bccef49,surveillance-edge,47befe8f54586206,0b717c951fe5248f88b8958413625998
,,224,2026-02-09T21:09:12.483707935Z,2026-02-10T09:09:12.483707935Z,2026-02-10T09:03:48.235780647Z,detect,span.name,spans,03a66bccef49,surveillance-edge,481e835548300882,2aa1d4b2bd3de7466db56c8667207aa9
,,225,2026-02-09T21:09:12.483707935Z,2026-02-10T09:09:12.483707935Z,2026-02-10T09:06:25.03577379Z,detect,span.name,spans,03a66bccef49,surveillance-edge,48666539fe054881,5dd2f88838bb7c32ae2773e81e87659c
,,226,2026-02-09T21:09:12.483707935Z,2026-02-10T09:09:12.483707935Z,2026-02-10T09:06:17.676303901Z,detect,span.name,spans,03a66bccef49,surveillance-edge,486952f1884c736a,42286dfeb95d7b513966830b08208400
,,227,2026-02-09T21:09:12.483707935Z,2026-02-10T09:09:12.483707935Z,2026-02-10T09:07:16.621746723Z,detect,span.name,spans,03a66bccef49,surveillance-edge,48979b2e8bc04bab,418c4c1bc7940e25e851aa5282e204ed
,,228,2026-02-09T21:09:12.483707935Z,2026-02-10T09:09:12.483707935Z,2026-02-10T09:03:53.487848961Z,detect,span.name,spans,03a66bccef49,surveillance-edge,4897e5e2facc44a5,75a98591100d515bbf95e28e550e5ca9
,,229,2026-02-09T21:09:12.483707935Z,2026-02-10T09:09:12.483707935Z,2026-02-10T09:05:13.675587357Z,detect,span.name,spans,03a66bccef49,surveillance-edge,4a867e3c86fb2d25,a69815237befe701c3332dcdf35f88dd
,,230,2026-02-09T21:09:12.483707935Z,2026-02-10T09:09:12.483707935Z,2026-02-10T09:02:58.305421377Z,detect,span.name,spans,03a66bccef49,surveillance-edge,4b0d8b78f5beddf3,db89ef8c211859468cd9690a3d6c6ea5
,,231,2026-02-09T21:09:12.483707935Z,2026-02-10T09:09:12.483707935Z,2026-02-10T09:03:14.582487907Z,detect,span.name,spans,03a66bccef49,surveillance-edge,4b61274842ebde52,41e2afa695c8ecc437f033c416fc9d42
,,232,2026-02-09T21:09:12.483707935Z,2026-02-10T09:09:12.483707935Z,2026-02-10T09:03:17.768412233Z,detect,span.name,spans,03a66bccef49,surveillance-edge,4bd742d50e508bad,adfd0627ecb8db2773127805fb7bf031
,,233,2026-02-09T21:09:12.483707935Z,2026-02-10T09:09:12.483707935Z,2026-02-10T09:08:38.756380469Z,detect,span.name,spans,03a66bccef49,surveillance-edge,4ccd5d6e6590b677,6dd15f16ccde9887e947b70aeb326000
,,234,2026-02-09T21:09:12.483707935Z,2026-02-10T09:09:12.483707935Z,2026-02-10T09:07:41.352518186Z,detect,span.name,spans,03a66bccef49,surveillance-edge,4d0dfddb446f8dce,eaf41ec702184e8d83ed13f913977b67
,,235,2026-02-09T21:09:12.483707935Z,2026-02-10T09:09:12.483707935Z,2026-02-10T09:07:02.75268938Z,detect,span.name,spans,03a66bccef49,surveillance-edge,4d126401b97d8071,6a6bdf74bd450d727fe1dd9ac21a3e0e
,,236,2026-02-09T21:09:12.483707935Z,2026-02-10T09:09:12.483707935Z,2026-02-10T09:07:12.243042648Z,detect,span.name,spans,03a66bccef49,surveillance-edge,4d315852099e7e1c,ea08d9b00d16afb68a4a41732bc2549c
,,237,2026-02-09T21:09:12.483707935Z,2026-02-10T09:09:12.483707935Z,2026-02-10T09:05:53.22814185Z,detect,span.name,spans,03a66bccef49,surveillance-edge,4e65578ce8c8482b,f97a596d973f8cec4e8e6be122d8423d
,,238,2026-02-09T21:09:12.483707935Z,2026-02-10T09:09:12.483707935Z,2026-02-10T09:04:01.289487631Z,detect,span.name,spans,03a66bccef49,surveillance-edge,4e6cb91f0514b756,702e795ac87a520047a41de79db149af
,,239,2026-02-09T21:09:12.483707935Z,2026-02-10T09:09:12.483707935Z,2026-02-10T09:07:09.091609236Z,detect,span.name,spans,03a66bccef49,surveillance-edge,4e6fe145f1490e6e,cb63f6bf0cb9df62e24c55d4005b3589
,,240,2026-02-09T21:09:12.483707935Z,2026-02-10T09:09:12.483707935Z,2026-02-10T09:05:32.538379758Z,detect,span.name,spans,03a66bccef49,surveillance-edge,4f326dc8b7965a7a,0dc9765ac543960f9023e21c8285e73b
,,241,2026-02-09T21:09:12.483707935Z,2026-02-10T09:09:12.483707935Z,2026-02-10T09:06:31.336877554Z,detect,span.name,spans,03a66bccef49,surveillance-edge,4f5156c3e04fcacc,8dd1ab053ccb343f063892d19815fa34
,,242,2026-02-09T21:09:12.483707935Z,2026-02-10T09:09:12.483707935Z,2026-02-10T09:04:55.09944623Z,detect,span.name,spans,03a66bccef49,surveillance-edge,4f9e29af4d240358,aa61e0625573a0adafabe0a821d0c415
,,243,2026-02-09T21:09:12.483707935Z,2026-02-10T09:09:12.483707935Z,2026-02-10T09:06:27.318617644Z,detect,span.name,spans,03a66bccef49,surveillance-edge,4fd2e30fa7570df0,bda1e5efb104fd14f8a7f1e869a1dc44
,,244,2026-02-09T21:09:12.483707935Z,2026-02-10T09:09:12.483707935Z,2026-02-10T09:05:26.629790612Z,detect,span.name,spans,03a66bccef49,surveillance-edge,4fe0817e90334708,32c8b395be6d89d561f6fb62805801be
,,245,2026-02-09T21:09:12.483707935Z,2026-02-10T09:09:12.483707935Z,2026-02-10T09:07:47.683873911Z,detect,span.name,spans,03a66bccef49,surveillance-edge,4feb80d620801879,c5dad9bb3f77dde51af54ed1b36d22f5
,,246,2026-02-09T21:09:12.483707935Z,2026-02-10T09:09:12.483707935Z,2026-02-10T09:05:45.120463861Z,detect,span.name,spans,03a66bccef49,surveillance-edge,503404d96a75a579,4364b29533c56007ea7acbf23b2d4ce7
,,247,2026-02-09T21:09:12.483707935Z,2026-02-10T09:09:12.483707935Z,2026-02-10T09:02:22.822861466Z,detect,span.name,spans,03a66bccef49,surveillance-edge,508340c38968e6bd,0199f9907538864fcbb9985a2ce72099
,,248,2026-02-09T21:09:12.483707935Z,2026-02-10T09:09:12.483707935Z,2026-02-10T09:06:23.986918373Z,detect,span.name,spans,03a66bccef49,surveillance-edge,5126cb05644a8341,6047c09ddfefde8c85f965962f850ec8
,,249,2026-02-09T21:09:12.483707935Z,2026-02-10T09:09:12.483707935Z,2026-02-10T09:08:37.698498938Z,detect,span.name,spans,03a66bccef49,surveillance-edge,523f7539d8e4b608,fa632bbe1c846ee045835933ae1f1277
,,250,2026-02-09T21:09:12.483707935Z,2026-02-10T09:09:12.483707935Z,2026-02-10T09:02:14.976262411Z,detect,span.name,spans,03a66bccef49,surveillance-edge,52e95d5bd3e56481,840255313248ca7294449e5750085f3c
,,251,2026-02-09T21:09:12.483707935Z,2026-02-10T09:09:12.483707935Z,2026-02-10T09:02:18.171312984Z,detect,span.name,spans,03a66bccef49,surveillance-edge,535e03ece67d835b,ba949923c843ca305df26801ba0e10e1
,,252,2026-02-09T21:09:12.483707935Z,2026-02-10T09:09:12.483707935Z,2026-02-10T09:02:41.612839158Z,detect,span.name,spans,03a66bccef49,surveillance-edge,5382eba24ce97a36,66309138003c73c74d61bbf06dd752eb
,,253,2026-02-09T21:09:12.483707935Z,2026-02-10T09:09:12.483707935Z,2026-02-10T09:07:15.424001883Z,detect,span.name,spans,03a66bccef49,surveillance-edge,5385ca2cb0b51612,79ff60b044c03188e45d5e1ec878b5b6
,,254,2026-02-09T21:09:12.483707935Z,2026-02-10T09:09:12.483707935Z,2026-02-10T09:04:08.208444867Z,detect,span.name,spans,03a66bccef49,surveillance-edge,543693f3a534073c,9572c59354648d32418a20b553b75a6f
,,255,2026-02-09T21:09:12.483707935Z,2026-02-10T09:09:12.483707935Z,2026-02-10T09:06:55.474043795Z,detect,span.name,spans,03a66bccef49,surveillance-edge,54a1990810036294,44ede29d099196751636ec65bd57fc60
,,256,2026-02-09T21:09:12.483707935Z,2026-02-10T09:09:12.483707935Z,2026-02-10T09:04:45.470961904Z,detect,span.name,spans,03a66bccef49,surveillance-edge,555bd7e24afe0ac4,fb253ac62f9e783036fab783343ba699
,,257,2026-02-09T21:09:12.483707935Z,2026-02-10T09:09:12.483707935Z,2026-02-10T09:04:18.66532898Z,detect,span.name,spans,03a66bccef49,surveillance-edge,55ad41a915a9ffa7,ea3a225c7504551f783a39a4ef1cabc1
,,258,2026-02-09T21:09:12.483707935Z,2026-02-10T09:09:12.483707935Z,2026-02-10T09:06:58.523367108Z,detect,span.name,spans,03a66bccef49,surveillance-edge,55c18718b597a14f,1219fa42cec2bd302da7242f95f6da02
,,259,2026-02-09T21:09:12.483707935Z,2026-02-10T09:09:12.483707935Z,2026-02-10T09:06:50.046192766Z,detect,span.name,spans,03a66bccef49,surveillance-edge,55d3c6a932f96961,e7574adc10f56c4ee115e01c41952d5f
,,260,2026-02-09T21:09:12.483707935Z,2026-02-10T09:09:12.483707935Z,2026-02-10T09:02:56.343612197Z,detect,span.name,spans,03a66bccef49,surveillance-edge,5689c3c5f5e7db72,9dd4adefa33a41fb11a9ca23f6dbe093
,,261,2026-02-09T21:09:12.483707935Z,2026-02-10T09:09:12.483707935Z,2026-02-10T09:07:49.803818045Z,detect,span.name,spans,03a66bccef49,surveillance-edge,56fec83aa9d3c49a,510dead28777c672311bc8e08b574a53
,,262,2026-02-09T21:09:12.483707935Z,2026-02-10T09:09:12.483707935Z,2026-02-10T09:03:47.174994696Z,detect,span.name,spans,03a66bccef49,surveillance-edge,5712bfafd47bc226,618fed211bf4e35fc26cf42261bbf899
,,263,2026-02-09T21:09:12.483707935Z,2026-02-10T09:09:12.483707935Z,2026-02-10T09:02:25.952379234Z,detect,span.name,spans,03a66bccef49,surveillance-edge,576a649ce192bc95,b7c1a8ab9c3af0a2e1ad3c31e90706e6
,,264,2026-02-09T21:09:12.483707935Z,2026-02-10T09:09:12.483707935Z,2026-02-10T09:02:40.237961369Z,detect,span.name,spans,03a66bccef49,surveillance-edge,5aaa3c415dc8c175,563b427ec255ee6e572162b676dbd760
,,265,2026-02-09T21:09:12.483707935Z,2026-02-10T09:09:12.483707935Z,2026-02-10T09:05:38.43429137Z,detect,span.name,spans,03a66bccef49,surveillance-edge,5b16ead7cfb3d7e9,51f67426031619bd22c470773cef673d
,,266,2026-02-09T21:09:12.483707935Z,2026-02-10T09:09:12.483707935Z,2026-02-10T09:08:17.748026346Z,detect,span.name,spans,03a66bccef49,surveillance-edge,5b574c57a9b6ea1a,64c6bbe41cecd85a382eb4c9c1a5923d
,,267,2026-02-09T21:09:12.483707935Z,2026-02-10T09:09:12.483707935Z,2026-02-10T09:08:32.478631519Z,detect,span.name,spans,03a66bccef49,surveillance-edge,5bc94e3c378675df,abe9e32cb5feaf4f4d986cf0af22f843
,,268,2026-02-09T21:09:12.483707935Z,2026-02-10T09:09:12.483707935Z,2026-02-10T09:03:28.468661647Z,detect,span.name,spans,03a66bccef49,surveillance-edge,5bf1c9ad23bdfe17,f6979985476d8fc3709059b23811fcb7
,,269,2026-02-09T21:09:12.483707935Z,2026-02-10T09:09:12.483707935Z,2026-02-10T09:02:54.059686658Z,detect,span.name,spans,03a66bccef49,surveillance-edge,5bf626d7ca969064,61292d9c6a7d0907aefdbdffdcfd7a7a
,,270,2026-02-09T21:09:12.483707935Z,2026-02-10T09:09:12.483707935Z,2026-02-10T09:05:27.73516406Z,detect,span.name,spans,03a66bccef49,surveillance-edge,5c0a7743d4fca72b,8823b5d0dd9d17bfa4ac2229ff4755f6
,,271,2026-02-09T21:09:12.483707935Z,2026-02-10T09:09:12.483707935Z,2026-02-10T09:02:55.316953725Z,detect,span.name,spans,03a66bccef49,surveillance-edge,5c1bd151b70e06bf,bd31d4fd9cf78a548dce460cfddf5e90
,,272,2026-02-09T21:09:12.483707935Z,2026-02-10T09:09:12.483707935Z,2026-02-10T09:05:21.301485045Z,detect,span.name,spans,03a66bccef49,surveillance-edge,5c7ece51a1dec731,70d180af5a0aa68e3f8e1e68088ba36a
,,273,2026-02-09T21:09:12.483707935Z,2026-02-10T09:09:12.483707935Z,2026-02-10T09:06:00.645374132Z,detect,span.name,spans,03a66bccef49,surveillance-edge,5d2aefb3a7d244af,78d2a91d0b3977a464be67dfde95884a
,,274,2026-02-09T21:09:12.483707935Z,2026-02-10T09:09:12.483707935Z,2026-02-10T09:06:20.800499183Z,detect,span.name,spans,03a66bccef49,surveillance-edge,5d43a02d4cad914f,b7c2d678b35b1e258bdd44c2b4240aa8
,,275,2026-02-09T21:09:12.483707935Z,2026-02-10T09:09:12.483707935Z,2026-02-10T09:07:51.003333062Z,detect,span.name,spans,03a66bccef49,surveillance-edge,5e28aeae3d7ce52c,5c04dced56b7c43a1b8d7cd500116aa3
,,276,2026-02-09T21:09:12.483707935Z,2026-02-10T09:09:12.483707935Z,2026-02-10T09:08:33.686375072Z,detect,span.name,spans,03a66bccef49,surveillance-edge,5e359a0b3da087c9,8a84e014faf2f9dfdd42707a309aaff2
,,277,2026-02-09T21:09:12.483707935Z,2026-02-10T09:09:12.483707935Z,2026-02-10T09:06:56.405190382Z,detect,span.name,spans,03a66bccef49,surveillance-edge,5ecc3b4f062b32f4,72f4f5d0b54fb242aa0254ad080b2591
,,278,2026-02-09T21:09:12.483707935Z,2026-02-10T09:09:12.483707935Z,2026-02-10T09:08:30.517311781Z,detect,span.name,spans,03a66bccef49,surveillance-edge,5f3ed1317ff75928,15a708012283aa3a88a1c47825250d40
,,279,2026-02-09T21:09:12.483707935Z,2026-02-10T09:09:12.483707935Z,2026-02-10T09:08:42.047490421Z,detect,span.name,spans,03a66bccef49,surveillance-edge,5fdddfd325bb1f64,8d8a3a53d200664b3ef3aaff7b290deb
,,280,2026-02-09T21:09:12.483707935Z,2026-02-10T09:09:12.483707935Z,2026-02-10T09:02:39.538394727Z,detect,span.name,spans,03a66bccef49,surveillance-edge,600da1a6840d9eb5,1b7dfb0e995f889d45189a948172ed13
,,281,2026-02-09T21:09:12.483707935Z,2026-02-10T09:09:12.483707935Z,2026-02-10T09:02:29.621884952Z,detect,span.name,spans,03a66bccef49,surveillance-edge,6030149c4468429f,939f16bc82b5ffe7a0138cfdc06607b8
,,282,2026-02-09T21:09:12.483707935Z,2026-02-10T09:09:12.483707935Z,2026-02-10T09:03:34.803834197Z,detect,span.name,spans,03a66bccef49,surveillance-edge,6063619ef70fb0fb,e4effaf8b7c72c7c1f41767e654227ca
,,283,2026-02-09T21:09:12.483707935Z,2026-02-10T09:09:12.483707935Z,2026-02-10T09:02:44.743392142Z,detect,span.name,spans,03a66bccef49,surveillance-edge,607d5c2a3232d633,73d35dababb327f43ad92f4dc7387c88
,,284,2026-02-09T21:09:12.483707935Z,2026-02-10T09:09:12.483707935Z,2026-02-10T09:05:27.296416675Z,detect,span.name,spans,03a66bccef49,surveillance-edge,608bcf416051d444,5915b64861c811d7a2cbf4dba7af21c7
,,285,2026-02-09T21:09:12.483707935Z,2026-02-10T09:09:12.483707935Z,2026-02-10T09:02:45.492567036Z,detect,span.name,spans,03a66bccef49,surveillance-edge,608fb6c7dbdf16a1,1dc967943a1a4eecadd4916366961b20
,,286,2026-02-09T21:09:12.483707935Z,2026-02-10T09:09:12.483707935Z,2026-02-10T09:04:20.805431825Z,detect,span.name,spans,03a66bccef49,surveillance-edge,6118349bab246491,fc6e3447ad6727713e3a7fbabdd8d6bc
,,287,2026-02-09T21:09:12.483707935Z,2026-02-10T09:09:12.483707935Z,2026-02-10T09:07:22.953358183Z,detect,span.name,spans,03a66bccef49,surveillance-edge,6135df12cb463c4f,ab0c9708d278bcb9b2cfa270bb5fd446
,,288,2026-02-09T21:09:12.483707935Z,2026-02-10T09:09:12.483707935Z,2026-02-10T09:05:38.823322643Z,detect,span.name,spans,03a66bccef49,surveillance-edge,6186039e7971e67a,69124669644fb10d52dd84360af09fca
,,289,2026-02-09T21:09:12.483707935Z,2026-02-10T09:09:12.483707935Z,2026-02-10T09:08:13.557789335Z,detect,span.name,spans,03a66bccef49,surveillance-edge,6192f366539b4df2,7e1d8191cfcd79eba2a8689ecad60500
,,290,2026-02-09T21:09:12.483707935Z,2026-02-10T09:09:12.483707935Z,2026-02-10T09:08:29.474287006Z,detect,span.name,spans,03a66bccef49,surveillance-edge,6276565b53c4c062,aa47ee2a5c51c5ae9831f90950b07f08
,,291,2026-02-09T21:09:12.483707935Z,2026-02-10T09:09:12.483707935Z,2026-02-10T09:08:22.114505184Z,detect,span.name,spans,03a66bccef49,surveillance-edge,6324168726fdec0e,9904661d22a2c2c7b842a2d5413fdccb
,,292,2026-02-09T21:09:12.483707935Z,2026-02-10T09:09:12.483707935Z,2026-02-10T09:06:16.63990392Z,detect,span.name,spans,03a66bccef49,surveillance-edge,639d3b30b44ebb65,0253089608b2bd2efa9c0356e754184e
,,293,2026-02-09T21:09:12.483707935Z,2026-02-10T09:09:12.483707935Z,2026-02-10T09:06:52.166859646Z,detect,span.name,spans,03a66bccef49,surveillance-edge,6506ae5fce6ae37f,7bc1f89b8ae0186586b782e3dbdd2b77
,,294,2026-02-09T21:09:12.483707935Z,2026-02-10T09:09:12.483707935Z,2026-02-10T09:05:20.022508765Z,detect,span.name,spans,03a66bccef49,surveillance-edge,659cba9eeb513a57,e591a875ca91fa1e7f8c9eb828663ef5
,,295,2026-02-09T21:09:12.483707935Z,2026-02-10T09:09:12.483707935Z,2026-02-10T09:06:28.360695458Z,detect,span.name,spans,03a66bccef49,surveillance-edge,65d654c64f44ce25,cb23c998a57faf0427f7a66955523893
,,296,2026-02-09T21:09:12.483707935Z,2026-02-10T09:09:12.483707935Z,2026-02-10T09:07:51.922682692Z,detect,span.name,spans,03a66bccef49,surveillance-edge,65e63419756cf721,c5f279a68a723a6fab723c61208b4c74
,,297,2026-02-09T21:09:12.483707935Z,2026-02-10T09:09:12.483707935Z,2026-02-10T09:05:35.197836069Z,detect,span.name,spans,03a66bccef49,surveillance-edge,661636bc66dd5d67,332236719656517cd9a3a3a5dd7ed1ab
,,298,2026-02-09T21:09:12.483707935Z,2026-02-10T09:09:12.483707935Z,2026-02-10T09:05:25.190936375Z,detect,span.name,spans,03a66bccef49,surveillance-edge,665660eae474d951,c55839d0182e898a6889c6074c19eb7b
,,299,2026-02-09T21:09:12.483707935Z,2026-02-10T09:09:12.483707935Z,2026-02-10T09:02:53.001595741Z,detect,span.name,spans,03a66bccef49,surveillance-edge,66692a88a5039af2,2aaea64495f477de7e75a19ecc8a2553
,,300,2026-02-09T21:09:12.483707935Z,2026-02-10T09:09:12.483707935Z,2026-02-10T09:05:55.366284024Z,detect,span.name,spans,03a66bccef49,surveillance-edge,66c521f2e9e10cf9,923eff4e684e8275b840b913c6ca1b48
,,301,2026-02-09T21:09:12.483707935Z,2026-02-10T09:09:12.483707935Z,2026-02-10T09:04:02.371373613Z,detect,span.name,spans,03a66bccef49,surveillance-edge,67bc902301677cc5,9ed2215cbbad52c38389c7a2003b90f3
,,302,2026-02-09T21:09:12.483707935Z,2026-02-10T09:09:12.483707935Z,2026-02-10T09:02:34.309123673Z,detect,span.name,spans,03a66bccef49,surveillance-edge,6a8ac6409a76bcf0,a9cfe295d13c3bed3a5940a8b4743046
,,303,2026-02-09T21:09:12.483707935Z,2026-02-10T09:09:12.483707935Z,2026-02-10T09:08:15.64325902Z,detect,span.name,spans,03a66bccef49,surveillance-edge,6b6da75aa65cf833,c875101993636b18694c9517e685fc4b
,,304,2026-02-09T21:09:12.483707935Z,2026-02-10T09:09:12.483707935Z,2026-02-10T09:07:22.810255148Z,detect,span.name,spans,03a66bccef49,surveillance-edge,6b902a214a7d7e28,b91c65d3de7bf16136c8b3ec1cae53a9
,,305,2026-02-09T21:09:12.483707935Z,2026-02-10T09:09:12.483707935Z,2026-02-10T09:04:14.132191629Z,detect,span.name,spans,03a66bccef49,surveillance-edge,6bbd811ea67ae113,96da52b4e7624b9e5ba204849a4fc3bb
,,306,2026-02-09T21:09:12.483707935Z,2026-02-10T09:09:12.483707935Z,2026-02-10T09:04:18.388739896Z,detect,span.name,spans,03a66bccef49,surveillance-edge,6bf750b44c30240d,4172df8a51f87c32ca00b8fc6a0bc0dd
,,307,2026-02-09T21:09:12.483707935Z,2026-02-10T09:09:12.483707935Z,2026-02-10T09:04:14.461554205Z,detect,span.name,spans,03a66bccef49,surveillance-edge,6c4840d689bdad2e,8b0bbacada5d0763e97357645504169b
,,308,2026-02-09T21:09:12.483707935Z,2026-02-10T09:09:12.483707935Z,2026-02-10T09:03:57.70407879Z,detect,span.name,spans,03a66bccef49,surveillance-edge,6c4a97c331b282d2,6d94e3dae308a839472efe5e1d690755
,,309,2026-02-09T21:09:12.483707935Z,2026-02-10T09:09:12.483707935Z,2026-02-10T09:04:45.452221583Z,detect,span.name,spans,03a66bccef49,surveillance-edge,6c854abfed37465f,d39bbd0be15606ad01ca73451d0b15a1
,,310,2026-02-09T21:09:12.483707935Z,2026-02-10T09:09:12.483707935Z,2026-02-10T09:03:32.398062423Z,detect,span.name,spans,03a66bccef49,surveillance-edge,6d8ee062544da120,ed9ea495f3f38be4dddf49712ca36342
,,311,2026-02-09T21:09:12.483707935Z,2026-02-10T09:09:12.483707935Z,2026-02-10T09:05:52.182409235Z,detect,span.name,spans,03a66bccef49,surveillance-edge,6db371284785befc,799d402de03fc83c6d64cb38d4d88de2
,,312,2026-02-09T21:09:12.483707935Z,2026-02-10T09:09:12.483707935Z,2026-02-10T09:04:25.935364Z,detect,span.name,spans,03a66bccef49,surveillance-edge,6e90e8d2b5805bad,ff8b9f0fcc1842fac382be8d96cf37e9
,,313,2026-02-09T21:09:12.483707935Z,2026-02-10T09:09:12.483707935Z,2026-02-10T09:02:17.155642085Z,detect,span.name,spans,03a66bccef49,surveillance-edge,6f07c8fadd65a1b3,c4566ad4951f0fea25e70af85b886aef
,,314,2026-02-09T21:09:12.483707935Z,2026-02-10T09:09:12.483707935Z,2026-02-10T09:07:54.194731329Z,detect,span.name,spans,03a66bccef49,surveillance-edge,6f91f863f81a18b2,e738a1c5d484f6d215cd7469bcc02547
,,315,2026-02-09T21:09:12.483707935Z,2026-02-10T09:09:12.483707935Z,2026-02-10T09:03:52.855320485Z,detect,span.name,spans,03a66bccef49,surveillance-edge,70b793f316341101,c4d57e699fb6c8a37573e0b034ed9952
,,316,2026-02-09T21:09:12.483707935Z,2026-02-10T09:09:12.483707935Z,2026-02-10T09:05:39.886839806Z,detect,span.name,spans,03a66bccef49,surveillance-edge,7303ec9fae05f743,57c831ea6e056082342171e741993413
,,317,2026-02-09T21:09:12.483707935Z,2026-02-10T09:09:12.483707935Z,2026-02-10T09:08:18.809389594Z,detect,span.name,spans,03a66bccef49,surveillance-edge,735bb8b4925e78ec,8b6547058723baa544d36fd01e400f7f
,,318,2026-02-09T21:09:12.483707935Z,2026-02-10T09:09:12.483707935Z,2026-02-10T09:04:01.894673316Z,detect,span.name,spans,03a66bccef49,surveillance-edge,7383658a818071c7,e94c1b22d063ed56af11156b615efa90
,,319,2026-02-09T21:09:12.483707935Z,2026-02-10T09:09:12.483707935Z,2026-02-10T09:06:08.190697853Z,detect,span.name,spans,03a66bccef49,surveillance-edge,7423801208657a57,c42d10aee4115d8308b3b8395b7c81b8
,,320,2026-02-09T21:09:12.483707935Z,2026-02-10T09:09:12.483707935Z,2026-02-10T09:02:28.559624627Z,detect,span.name,spans,03a66bccef49,surveillance-edge,747a4a699e2d2a42,c12938a29b3b8d541db6fd9178c8af91
,,321,2026-02-09T21:09:12.483707935Z,2026-02-10T09:09:12.483707935Z,2026-02-10T09:04:48.677850192Z,detect,span.name,spans,03a66bccef49,surveillance-edge,75276cad9ee49fef,a47b6c214fa509da6836048d21129d89
,,322,2026-02-09T21:09:12.483707935Z,2026-02-10T09:09:12.483707935Z,2026-02-10T09:08:25.087933348Z,detect,span.name,spans,03a66bccef49,surveillance-edge,75317584d6bf0189,f06b2c4eb20e7f2f9fa1bc6a7793d403
,,323,2026-02-09T21:09:12.483707935Z,2026-02-10T09:09:12.483707935Z,2026-02-10T09:07:21.753887217Z,detect,span.name,spans,03a66bccef49,surveillance-edge,75da0c26bedb0813,c9e5661314eff40ea536969bae0d7036
,,324,2026-02-09T21:09:12.483707935Z,2026-02-10T09:09:12.483707935Z,2026-02-10T09:04:56.185900398Z,detect,span.name,spans,03a66bccef49,surveillance-edge,76378cebd586bce1,695158ff274635b09483bca22e07186a
,,325,2026-02-09T21:09:12.483707935Z,2026-02-10T09:09:12.483707935Z,2026-02-10T09:04:52.942782583Z,detect,span.name,spans,03a66bccef49,surveillance-edge,76429acdd8217f0d,4b2aa6e6e1b7ae6250ff623b66483d35
,,326,2026-02-09T21:09:12.483707935Z,2026-02-10T09:09:12.483707935Z,2026-02-10T09:04:54.020059838Z,detect,span.name,spans,03a66bccef49,surveillance-edge,7642d63aa5b10e57,f99c77d79720b2a5afe2820d5109db83
,,327,2026-02-09T21:09:12.483707935Z,2026-02-10T09:09:12.483707935Z,2026-02-10T09:08:43.090754793Z,detect,span.name,spans,03a66bccef49,surveillance-edge,76dc225b3790a3c6,e71916b1870f8aa024d74b367d204881
,,328,2026-02-09T21:09:12.483707935Z,2026-02-10T09:09:12.483707935Z,2026-02-10T09:07:17.662313473Z,detect,span.name,spans,03a66bccef49,surveillance-edge,77b8545d9eaa0edc,e5c0eaaee2b99ca22899a4e4308c21f6
,,329,2026-02-09T21:09:12.483707935Z,2026-02-10T09:09:12.483707935Z,2026-02-10T09:08:31.418291403Z,detect,span.name,spans,03a66bccef49,surveillance-edge,77c959889e4a4cc9,cdf0fef86725cef75233bd67a6e550d6
,,330,2026-02-09T21:09:12.483707935Z,2026-02-10T09:09:12.483707935Z,2026-02-10T09:03:26.15886384Z,detect,span.name,spans,03a66bccef49,surveillance-edge,785b18212990e95f,b95c81aae3ae0cbf10ee5dd521cd0e9e
,,331,2026-02-09T21:09:12.483707935Z,2026-02-10T09:09:12.483707935Z,2026-02-10T09:07:45.574574697Z,detect,span.name,spans,03a66bccef49,surveillance-edge,7910438311644c0c,5a19ed6c939cee0d79373eba67ac7cf4
,,332,2026-02-09T21:09:12.483707935Z,2026-02-10T09:09:12.483707935Z,2026-02-10T09:02:50.875923222Z,detect,span.name,spans,03a66bccef49,surveillance-edge,7935235b23a1444c,091c2f2a5e19d950bfcc20bc16ea04c6
,,333,2026-02-09T21:09:12.483707935Z,2026-02-10T09:09:12.483707935Z,2026-02-10T09:07:57.218646484Z,detect,span.name,spans,03a66bccef49,surveillance-edge,7945ad2c65a46c77,6d3fd3d76368a503e3ba9e0937d7d918
,,334,2026-02-09T21:09:12.483707935Z,2026-02-10T09:09:12.483707935Z,2026-02-10T09:06:34.475994783Z,detect,span.name,spans,03a66bccef49,surveillance-edge,79732c4a428e29e3,93165a66adb2806359222f9fcf3288ee
,,335,2026-02-09T21:09:12.483707935Z,2026-02-10T09:09:12.483707935Z,2026-02-10T09:02:45.785311095Z,detect,span.name,spans,03a66bccef49,surveillance-edge,79b4f665ff2866f3,253e4593c41b9afe7bdbc5646b1fb1af
,,336,2026-02-09T21:09:12.483707935Z,2026-02-10T09:09:12.483707935Z,2026-02-10T09:07:49.944277376Z,detect,span.name,spans,03a66bccef49,surveillance-edge,79f8fbefec8c6181,808cd907e5126b587cb76d3640912962
,,337,2026-02-09T21:09:12.483707935Z,2026-02-10T09:09:12.483707935Z,2026-02-10T09:03:42.977058889Z,detect,span.name,spans,03a66bccef49,surveillance-edge,7abdf78e8139c5ed,f3f73f719f6d24425c8a3b99b60fb64d
,,338,2026-02-09T21:09:12.483707935Z,2026-02-10T09:09:12.483707935Z,2026-02-10T09:08:12.466425817Z,detect,span.name,spans,03a66bccef49,surveillance-edge,7acbced5b3843dd9,22ad0a2c8544ea95996049e5721783c6
,,339,2026-02-09T21:09:12.483707935Z,2026-02-10T09:09:12.483707935Z,2026-02-10T09:05:37.34865665Z,detect,span.name,spans,03a66bccef49,surveillance-edge,7ae02fd8b3f02775,77fd6b165a487ceb4c08494615418561
,,340,2026-02-09T21:09:12.483707935Z,2026-02-10T09:09:12.483707935Z,2026-02-10T09:06:32.566204367Z,detect,span.name,spans,03a66bccef49,surveillance-edge,7af502c55ff89264,f482b1b75f81af0ac5ebc7358f81e58e
,,341,2026-02-09T21:09:12.483707935Z,2026-02-10T09:09:12.483707935Z,2026-02-10T09:02:26.988048678Z,detect,span.name,spans,03a66bccef49,surveillance-edge,7b05892774dc85bc,2d2ed3ada1c55bfa7130e2803e35e31c
,,342,2026-02-09T21:09:12.483707935Z,2026-02-10T09:09:12.483707935Z,2026-02-10T09:03:30.324924851Z,detect,span.name,spans,03a66bccef49,surveillance-edge,7b5925c50ec37cf4,ab1ba6d47ad3d8e5ec8832c2cc1eada6
,,343,2026-02-09T21:09:12.483707935Z,2026-02-10T09:09:12.483707935Z,2026-02-10T09:07:47.81482033Z,detect,span.name,spans,03a66bccef49,surveillance-edge,7bfe752fbf266cac,69c9adef477e00b326dd5c80b612d460
,,344,2026-02-09T21:09:12.483707935Z,2026-02-10T09:09:12.483707935Z,2026-02-10T09:06:30.281586219Z,detect,span.name,spans,03a66bccef49,surveillance-edge,7d35139e248033a2,25a682ddd42ba7d11655f54120dde756
,,345,2026-02-09T21:09:12.483707935Z,2026-02-10T09:09:12.483707935Z,2026-02-10T09:04:10.322906942Z,detect,span.name,spans,03a66bccef49,surveillance-edge,7f1156d13d718342,102a3a27cf88dd56d2e25ef21c024e63
,,346,2026-02-09T21:09:12.483707935Z,2026-02-10T09:09:12.483707935Z,2026-02-10T09:03:13.516615239Z,detect,span.name,spans,03a66bccef49,surveillance-edge,7f8eac0b98ce9f4c,89c7a21cadf79ce441ccc449bb174547
,,347,2026-02-09T21:09:12.483707935Z,2026-02-10T09:09:12.483707935Z,2026-02-10T09:07:52.985787226Z,detect,span.name,spans,03a66bccef49,surveillance-edge,7f9bc1d6a39b06ef,dbad60b7b40e44191114759fc587c450
,,348,2026-02-09T21:09:12.483707935Z,2026-02-10T09:09:12.483707935Z,2026-02-10T09:05:50.05496386Z,detect,span.name,spans,03a66bccef49,surveillance-edge,7fc43c5e64a0a44e,bc32da6bd6ae78d996806a60ddd3884c
,,349,2026-02-09T21:09:12.483707935Z,2026-02-10T09:09:12.483707935Z,2026-02-10T09:02:46.845021538Z,detect,span.name,spans,03a66bccef49,surveillance-edge,7fe90d15c021a339,a6b20180c059a3e5fa046e52e81d8aca
,,350,2026-02-09T21:09:12.483707935Z,2026-02-10T09:09:12.483707935Z,2026-02-10T09:03:29.522594586Z,detect,span.name,spans,03a66bccef49,surveillance-edge,80239ddab6f25c41,f511879e58780f59125c1a8a15a68506
,,351,2026-02-09T21:09:12.483707935Z,2026-02-10T09:09:12.483707935Z,2026-02-10T09:05:20.257932515Z,detect,span.name,spans,03a66bccef49,surveillance-edge,8049f8b76f7eddb1,44fcecd57c5f2681388bd0fd20151189
,,352,2026-02-09T21:09:12.483707935Z,2026-02-10T09:09:12.483707935Z,2026-02-10T09:04:52.966944499Z,detect,span.name,spans,03a66bccef49,surveillance-edge,80a0dd0f732e7d2f,3c04a4afb64cfece0fc9ecefda0d342d
,,353,2026-02-09T21:09:12.483707935Z,2026-02-10T09:09:12.483707935Z,2026-02-10T09:05:28.78489356Z,detect,span.name,spans,03a66bccef49,surveillance-edge,80a2e882fbc81597,71248abe15875d37f274e0f962ca572d
,,354,2026-02-09T21:09:12.483707935Z,2026-02-10T09:09:12.483707935Z,2026-02-10T09:02:32.224597906Z,detect,span.name,spans,03a66bccef49,surveillance-edge,813b5e06cc6fa5c2,47f878dd0dad027f7f8282c63ca4298b
,,355,2026-02-09T21:09:12.483707935Z,2026-02-10T09:09:12.483707935Z,2026-02-10T09:08:19.875891962Z,detect,span.name,spans,03a66bccef49,surveillance-edge,826ec080cdb60945,3fdaa0765b805f280ee58ea51c0b4043
,,356,2026-02-09T21:09:12.483707935Z,2026-02-10T09:09:12.483707935Z,2026-02-10T09:07:21.898250787Z,detect,span.name,spans,03a66bccef49,surveillance-edge,8398c3b26253c6f7,c836eab5cf1548413008b947924ba06d
,,357,2026-02-09T21:09:12.483707935Z,2026-02-10T09:09:12.483707935Z,2026-02-10T09:03:15.649534205Z,detect,span.name,spans,03a66bccef49,surveillance-edge,83d4a808b5e0cccd,3f2ec7221cd48cc4453c5e3d492c193e
,,358,2026-02-09T21:09:12.483707935Z,2026-02-10T09:09:12.483707935Z,2026-02-10T09:02:14.976257605Z,detect,span.name,spans,03a66bccef49,surveillance-edge,84b26fbc6429f931,7e2aefc97fd02f79e99ee0fa733e1615
,,359,2026-02-09T21:09:12.483707935Z,2026-02-10T09:09:12.483707935Z,2026-02-10T09:07:44.601878305Z,detect,span.name,spans,03a66bccef49,surveillance-edge,85981e510494b5a8,0032d9fb69f977d149abe9356fb27910
,,360,2026-02-09T21:09:12.483707935Z,2026-02-10T09:09:12.483707935Z,2026-02-10T09:02:19.206356113Z,detect,span.name,spans,03a66bccef49,surveillance-edge,85aeae9519d22492,6aa6aa4066baffda8c7d788052c48e03
,,361,2026-02-09T21:09:12.483707935Z,2026-02-10T09:09:12.483707935Z,2026-02-10T09:06:10.333208192Z,detect,span.name,spans,03a66bccef49,surveillance-edge,85d7f22a8e7609fd,9a08b75d99eed2c8ac34ddf81e00b521
,,362,2026-02-09T21:09:12.483707935Z,2026-02-10T09:09:12.483707935Z,2026-02-10T09:04:04.500704091Z,detect,span.name,spans,03a66bccef49,surveillance-edge,8657abe2f67e1cb5,ab70ae12737087105d0cf4f1e87ce383
,,363,2026-02-09T21:09:12.483707935Z,2026-02-10T09:09:12.483707935Z,2026-02-10T09:02:25.29873616Z,detect,span.name,spans,03a66bccef49,surveillance-edge,865b4c43f2fc73a0,9645341839bf4648e97c6c3a0240a972
,,364,2026-02-09T21:09:12.483707935Z,2026-02-10T09:09:12.483707935Z,2026-02-10T09:06:51.15099895Z,detect,span.name,spans,03a66bccef49,surveillance-edge,86bed0d7160785a1,20ac69070bcb75e9e1de2463071df690
,,365,2026-02-09T21:09:12.483707935Z,2026-02-10T09:09:12.483707935Z,2026-02-10T09:02:52.106291783Z,detect,span.name,spans,03a66bccef49,surveillance-edge,87311bb2f8a38dc9,a3779cfd880289ad0d174d5cf3062ad0
,,366,2026-02-09T21:09:12.483707935Z,2026-02-10T09:09:12.483707935Z,2026-02-10T09:05:59.732913252Z,detect,span.name,spans,03a66bccef49,surveillance-edge,877f4f57daa597f0,cbecd502abe6cf99301fdc8ab6fdbde3
,,367,2026-02-09T21:09:12.483707935Z,2026-02-10T09:09:12.483707935Z,2026-02-10T09:03:34.530431972Z,detect,span.name,spans,03a66bccef49,surveillance-edge,89273a93ceeca76a,d53266f9a1ef532d7c7d82371ec1c487
,,368,2026-02-09T21:09:12.483707935Z,2026-02-10T09:09:12.483707935Z,2026-02-10T09:05:39.496255114Z,detect,span.name,spans,03a66bccef49,surveillance-edge,8a3b5e283c7a45a5,c515274fbc90a224430e7a82ed99f579
,,369,2026-02-09T21:09:12.483707935Z,2026-02-10T09:09:12.483707935Z,2026-02-10T09:03:44.008016185Z,detect,span.name,spans,03a66bccef49,surveillance-edge,8a9868373942daba,530a83c19d00e03b265afb5eb8124c75
,,370,2026-02-09T21:09:12.483707935Z,2026-02-10T09:09:12.483707935Z,2026-02-10T09:05:40.549645988Z,detect,span.name,spans,03a66bccef49,surveillance-edge,8abbc198ca4eb261,51a088d8adb124ab7b0e916f14559ac0
,,371,2026-02-09T21:09:12.483707935Z,2026-02-10T09:09:12.483707935Z,2026-02-10T09:05:56.423921881Z,detect,span.name,spans,03a66bccef49,surveillance-edge,8bd07e0891f76e64,d128c2a375806a07c8a83093050508ed
,,372,2026-02-09T21:09:12.483707935Z,2026-02-10T09:09:12.483707935Z,2026-02-10T09:08:30.36242358Z,detect,span.name,spans,03a66bccef49,surveillance-edge,8bd8f111cb7ff9a5,7ae4cab507449a156a38d7b5b216f9c3
,,373,2026-02-09T21:09:12.483707935Z,2026-02-10T09:09:12.483707935Z,2026-02-10T09:06:05.026742759Z,detect,span.name,spans,03a66bccef49,surveillance-edge,8ca4fc19008bebfd,3d516d15a1ee945b7634e2c1ce1b8773
,,374,2026-02-09T21:09:12.483707935Z,2026-02-10T09:09:12.483707935Z,2026-02-10T09:06:29.398496521Z,detect,span.name,spans,03a66bccef49,surveillance-edge,8d422e3cd5080329,dcd959ca02a5306aceb23c174b2f97b6
,,375,2026-02-09T21:09:12.483707935Z,2026-02-10T09:09:12.483707935Z,2026-02-10T09:06:14.559735094Z,detect,span.name,spans,03a66bccef49,surveillance-edge,8d4d8e4cd7da4ff8,94197273770b439dc39323b638af9932
,,376,2026-02-09T21:09:12.483707935Z,2026-02-10T09:09:12.483707935Z,2026-02-10T09:05:22.097549316Z,detect,span.name,spans,03a66bccef49,surveillance-edge,8da5da167fb645a4,dbe099a6c861bc12f31b2b44b4fd338f
,,377,2026-02-09T21:09:12.483707935Z,2026-02-10T09:09:12.483707935Z,2026-02-10T09:04:16.575248362Z,detect,span.name,spans,03a66bccef49,surveillance-edge,8e121b4984447ffc,d7376f5ffe557afc818bc669974cf51a
,,378,2026-02-09T21:09:12.483707935Z,2026-02-10T09:09:12.483707935Z,2026-02-10T09:08:25.247620007Z,detect,span.name,spans,03a66bccef49,surveillance-edge,8edc51a00e6f57a9,f723e4e61930e73c75e2837c58b84122
,,379,2026-02-09T21:09:12.483707935Z,2026-02-10T09:09:12.483707935Z,2026-02-10T09:08:20.896042637Z,detect,span.name,spans,03a66bccef49,surveillance-edge,8f2a3f44e4a03ff4,4abe201030bb8a5733b231a1fe89607d
,,380,2026-02-09T21:09:12.483707935Z,2026-02-10T09:09:12.483707935Z,2026-02-10T09:03:36.919800676Z,detect,span.name,spans,03a66bccef49,surveillance-edge,8f412a34457e7cdf,025e6ef1729c3566b5617210d329af44
,,381,2026-02-09T21:09:12.483707935Z,2026-02-10T09:09:12.483707935Z,2026-02-10T09:07:23.873030975Z,detect,span.name,spans,03a66bccef49,surveillance-edge,8faf84282c73e9e4,39a444ba4be93266cfd8b9c048400958
,,382,2026-02-09T21:09:12.483707935Z,2026-02-10T09:09:12.483707935Z,2026-02-10T09:06:21.861027199Z,detect,span.name,spans,03a66bccef49,surveillance-edge,9047abf98109f9ba,5e22f2320cd91f5286967653f121ba3f
,,383,2026-02-09T21:09:12.483707935Z,2026-02-10T09:09:12.483707935Z,2026-02-10T09:05:31.482651063Z,detect,span.name,spans,03a66bccef49,surveillance-edge,90aaca92e7bb48dd,31dc8d8bed670cd270260c8b1ce5a766
,,384,2026-02-09T21:09:12.483707935Z,2026-02-10T09:09:12.483707935Z,2026-02-10T09:08:35.626056983Z,detect,span.name,spans,03a66bccef49,surveillance-edge,914d660489707dae,b61822cebbeda6d575b30db4dc328bb5
,,385,2026-02-09T21:09:12.483707935Z,2026-02-10T09:09:12.483707935Z,2026-02-10T09:07:12.395813029Z,detect,span.name,spans,03a66bccef49,surveillance-edge,917055cdd3507eb9,a7552622a70e6c97939254b0621eb519
,,386,2026-02-09T21:09:12.483707935Z,2026-02-10T09:09:12.483707935Z,2026-02-10T09:05:48.9844793Z,detect,span.name,spans,03a66bccef49,surveillance-edge,91c2068ad6359350,fd5d90d3f96dd3bb04d008d7780c672a
,,387,2026-02-09T21:09:12.483707935Z,2026-02-10T09:09:12.483707935Z,2026-02-10T09:06:30.462790022Z,detect,span.name,spans,03a66bccef49,surveillance-edge,9325c7c05925111f,40465ed99b35940d34c3b9dedb84cabf
,,388,2026-02-09T21:09:12.483707935Z,2026-02-10T09:09:12.483707935Z,2026-02-10T09:02:57.244492789Z,detect,span.name,spans,03a66bccef49,surveillance-edge,932e7df6e3a675e9,c98deda2c7a29d94003a32d090d726f3
,,389,2026-02-09T21:09:12.483707935Z,2026-02-10T09:09:12.483707935Z,2026-02-10T09:08:32.634457244Z,detect,span.name,spans,03a66bccef49,surveillance-edge,93792929cb423520,b8bf303cee3b3abaa406782a906d968f
,,390,2026-02-09T21:09:12.483707935Z,2026-02-10T09:09:12.483707935Z,2026-02-10T09:05:40.926799098Z,detect,span.name,spans,03a66bccef49,surveillance-edge,93ec32c1e2bb03c0,62bd2b1382fc0a25088ad8f3f8e2bacd
,,391,2026-02-09T21:09:12.483707935Z,2026-02-10T09:09:12.483707935Z,2026-02-10T09:05:57.657242008Z,detect,span.name,spans,03a66bccef49,surveillance-edge,94668bb83251d9c7,948de9486abb0ace6427ae9141cb1fa3
,,392,2026-02-09T21:09:12.483707935Z,2026-02-10T09:09:12.483707935Z,2026-02-10T09:07:46.629594561Z,detect,span.name,spans,03a66bccef49,surveillance-edge,94b499987a351424,2d54657de23ac8c623d2dbd8d1144caa
,,393,2026-02-09T21:09:12.483707935Z,2026-02-10T09:09:12.483707935Z,2026-02-10T09:06:19.934569262Z,detect,span.name,spans,03a66bccef49,surveillance-edge,94f450df855f1654,cb7929cdf947ddfedfe1371b178d1ab6
,,394,2026-02-09T21:09:12.483707935Z,2026-02-10T09:09:12.483707935Z,2026-02-10T09:05:17.023935123Z,detect,span.name,spans,03a66bccef49,surveillance-edge,961a642ff813acac,bece93f051252a3c9bc32ca58e9607ae
,,395,2026-02-09T21:09:12.483707935Z,2026-02-10T09:09:12.483707935Z,2026-02-10T09:05:18.965585332Z,detect,span.name,spans,03a66bccef49,surveillance-edge,965deeca865e433f,4a789084c0628e1ae21342a2de7d04fc
,,396,2026-02-09T21:09:12.483707935Z,2026-02-10T09:09:12.483707935Z,2026-02-10T09:08:18.934770665Z,detect,span.name,spans,03a66bccef49,surveillance-edge,96a1920334a79010,f61df079b10b71cba7a3bbac107e2e1d
,,397,2026-02-09T21:09:12.483707935Z,2026-02-10T09:09:12.483707935Z,2026-02-10T09:05:17.915955162Z,detect,span.name,spans,03a66bccef49,surveillance-edge,96a3a3cd59a7351e,37bb72fb4789936f200f66cb395910cd
,,398,2026-02-09T21:09:12.483707935Z,2026-02-10T09:09:12.483707935Z,2026-02-10T09:04:05.573054459Z,detect,span.name,spans,03a66bccef49,surveillance-edge,96aa61db987cd4b8,475a5998d9c00705a9489888daa8be96
,,399,2026-02-09T21:09:12.483707935Z,2026-02-10T09:09:12.483707935Z,2026-02-10T09:08:45.183624083Z,detect,span.name,spans,03a66bccef49,surveillance-edge,974cfce8baa3257e,5389592435ff8b668b0a4b131cc20760
,,400,2026-02-09T21:09:12.483707935Z,2026-02-10T09:09:12.483707935Z,2026-02-10T09:04:42.234283033Z,detect,span.name,spans,03a66bccef49,surveillance-edge,97996daa71cb72e5,46b7456d55bc635a537a9082be63ccbd
,,401,2026-02-09T21:09:12.483707935Z,2026-02-10T09:09:12.483707935Z,2026-02-10T09:04:16.258132768Z,detect,span.name,spans,03a66bccef49,surveillance-edge,97d274654b0fbbbb,73f36d8d62ec7dfc79684af290edcb5d
,,402,2026-02-09T21:09:12.483707935Z,2026-02-10T09:09:12.483707935Z,2026-02-10T09:05:30.943171775Z,detect,span.name,spans,03a66bccef49,surveillance-edge,98b448a13e419b43,f9b1432c8ba7530c7d400447dd2a8176
,,403,2026-02-09T21:09:12.483707935Z,2026-02-10T09:09:12.483707935Z,2026-02-10T09:02:42.66561979Z,detect,span.name,spans,03a66bccef49,surveillance-edge,997db7f5abc31858,2a186234ead05015ba4cf6916309dd0c
,,404,2026-02-09T21:09:12.483707935Z,2026-02-10T09:09:12.483707935Z,2026-02-10T09:05:18.077259361Z,detect,span.name,spans,03a66bccef49,surveillance-edge,999c519d23c503c0,e033bdf1576985be41d0d286240d6604
,,405,2026-02-09T21:09:12.483707935Z,2026-02-10T09:09:12.483707935Z,2026-02-10T09:08:36.821256055Z,detect,span.name,spans,03a66bccef49,surveillance-edge,99c8e7ccb02af008,fa36a35c52c70179ab07aa1df3d73fc7
,,406,2026-02-09T21:09:12.483707935Z,2026-02-10T09:09:12.483707935Z,2026-02-10T09:07:24.017477341Z,detect,span.name,spans,03a66bccef49,surveillance-edge,99d6133e0e13153b,2af6663c8bd49c3e1a0a1fa72f56fb16
,,407,2026-02-09T21:09:12.483707935Z,2026-02-10T09:09:12.483707935Z,2026-02-10T09:03:50.701410938Z,detect,span.name,spans,03a66bccef49,surveillance-edge,9a64544d0270da10,4c218711203015fd6dbfe38248924b27
,,408,2026-02-09T21:09:12.483707935Z,2026-02-10T09:09:12.483707935Z,2026-02-10T09:03:49.640393024Z,detect,span.name,spans,03a66bccef49,surveillance-edge,9abb5140b609dd53,c2a9ac8bbf195bc33ef31eb76b720670
,,409,2026-02-09T21:09:12.483707935Z,2026-02-10T09:09:12.483707935Z,2026-02-10T09:08:27.372697613Z,detect,span.name,spans,03a66bccef49,surveillance-edge,9b2676676ba7999b,ac0d7d0796c1c727e33af2b95b87c195
,,410,2026-02-09T21:09:12.483707935Z,2026-02-10T09:09:12.483707935Z,2026-02-10T09:04:19.701851702Z,detect,span.name,spans,03a66bccef49,surveillance-edge,9c4b0a91ea1bc701,b82a100b48655b9ca0a4715441d441b3
,,411,2026-02-09T21:09:12.483707935Z,2026-02-10T09:09:12.483707935Z,2026-02-10T09:04:24.83355676Z,detect,span.name,spans,03a66bccef49,surveillance-edge,9c8417a2263109c0,448e9b6985ae4c481c8034c67daa03df
,,412,2026-02-09T21:09:12.483707935Z,2026-02-10T09:09:12.483707935Z,2026-02-10T09:05:41.61661099Z,detect,span.name,spans,03a66bccef49,surveillance-edge,9d92079510384360,c8ec8c3d68215c2418c626b2bba5c3fe
,,413,2026-02-09T21:09:12.483707935Z,2026-02-10T09:09:12.483707935Z,2026-02-10T09:06:02.907924355Z,detect,span.name,spans,03a66bccef49,surveillance-edge,9e11de8a8cdbcd37,85fa47dd81fa94599ad8e8c3489ffe52
,,414,2026-02-09T21:09:12.483707935Z,2026-02-10T09:09:12.483707935Z,2026-02-10T09:03:27.196041402Z,detect,span.name,spans,03a66bccef49,surveillance-edge,9e2522a3ec760230,3d4d0664b3a67ec1ff363fb1d98d74b4
,,415,2026-02-09T21:09:12.483707935Z,2026-02-10T09:09:12.483707935Z,2026-02-10T09:02:20.397308024Z,detect,span.name,spans,03a66bccef49,surveillance-edge,9e69476c3f9fd27b,20f0a6d122d5af0c2ec079eefb58ae5a
,,416,2026-02-09T21:09:12.483707935Z,2026-02-10T09:09:12.483707935Z,2026-02-10T09:06:08.116522099Z,detect,span.name,spans,03a66bccef49,surveillance-edge,9ed897fad0d73f17,a83932e58c81b91a3c7819df51cdf08b
,,417,2026-02-09T21:09:12.483707935Z,2026-02-10T09:09:12.483707935Z,2026-02-10T09:04:44.424354631Z,detect,span.name,spans,03a66bccef49,surveillance-edge,a022af759e43c969,b5e03ccf4ca70073305c4b7b7d9cd082
,,418,2026-02-09T21:09:12.483707935Z,2026-02-10T09:09:12.483707935Z,2026-02-10T09:03:46.474915531Z,detect,span.name,spans,03a66bccef49,surveillance-edge,a02b9b672d373065,fab7d39a491c7d8450b11f2793e6a55d
,,419,2026-02-09T21:09:12.483707935Z,2026-02-10T09:09:12.483707935Z,2026-02-10T09:04:57.307263827Z,detect,span.name,spans,03a66bccef49,surveillance-edge,a1e81681b2510f8f,4cca6c71431a5e996eb6ed3eca7e592f
,,420,2026-02-09T21:09:12.483707935Z,2026-02-10T09:09:12.483707935Z,2026-02-10T09:03:20.090841795Z,detect,span.name,spans,03a66bccef49,surveillance-edge,a2fa75d09404fb2f,7d68c3b8cfab41e5a88c6badb24114ac
,,421,2026-02-09T21:09:12.483707935Z,2026-02-10T09:09:12.483707935Z,2026-02-10T09:04:07.159483366Z,detect,span.name,spans,03a66bccef49,surveillance-edge,a374af93707b2455,e214139a54528642652a285cddd6e304
,,422,2026-02-09T21:09:12.483707935Z,2026-02-10T09:09:12.483707935Z,2026-02-10T09:04:06.121288837Z,detect,span.name,spans,03a66bccef49,surveillance-edge,a3f43a17e4c1f105,c707cbcaa7cf2dcef462f857ef07bb60
,,423,2026-02-09T21:09:12.483707935Z,2026-02-10T09:09:12.483707935Z,2026-02-10T09:07:01.694018233Z,detect,span.name,spans,03a66bccef49,surveillance-edge,a47eeb9e0a027c2e,b927d5b3ddd8d1ac3c7f8d753e97616b
,,424,2026-02-09T21:09:12.483707935Z,2026-02-10T09:09:12.483707935Z,2026-02-10T09:05:47.193054286Z,detect,span.name,spans,03a66bccef49,surveillance-edge,a5b7ad88444490c4,6b1d0152ef2d63d95276bc4425b9e42e
,,425,2026-02-09T21:09:12.483707935Z,2026-02-10T09:09:12.483707935Z,2026-02-10T09:06:59.582198308Z,detect,span.name,spans,03a66bccef49,surveillance-edge,a62c75671013f4d0,16999f7f26524f4bdb9fa4e195a3d42c
,,426,2026-02-09T21:09:12.483707935Z,2026-02-10T09:09:12.483707935Z,2026-02-10T09:04:11.963597885Z,detect,span.name,spans,03a66bccef49,surveillance-edge,a76e60918f6d6f69,6cdfeb790f7a9a66778ca3a775b3ee89
,,427,2026-02-09T21:09:12.483707935Z,2026-02-10T09:09:12.483707935Z,2026-02-10T09:07:09.25497266Z,detect,span.name,spans,03a66bccef49,surveillance-edge,a7ef57af36b3fdd7,2c68e3e0b896d77f29e06b8f1a00f8c1
,,428,2026-02-09T21:09:12.483707935Z,2026-02-10T09:09:12.483707935Z,2026-02-10T09:06:25.246875669Z,detect,span.name,spans,03a66bccef49,surveillance-edge,a843569631815f31,49364f514b1e1a25486c298ea1fc9f7b
,,429,2026-02-09T21:09:12.483707935Z,2026-02-10T09:09:12.483707935Z,2026-02-10T09:04:22.927719452Z,detect,span.name,spans,03a66bccef49,surveillance-edge,a86cc759bd4d838c,2f40c3a9b62274064c36e19b80d5e983
,,430,2026-02-09T21:09:12.483707935Z,2026-02-10T09:09:12.483707935Z,2026-02-10T09:02:38.503872122Z,detect,span.name,spans,03a66bccef49,surveillance-edge,a9bdcfd710b9e417,0029a1d8b9864aa1968ac13c6bb1a34b
,,431,2026-02-09T21:09:12.483707935Z,2026-02-10T09:09:12.483707935Z,2026-02-10T09:05:52.433042941Z,detect,span.name,spans,03a66bccef49,surveillance-edge,a9e313cc0617e5ff,3e0a0f2d2f4fec97c695be8c035b5ea9
,,432,2026-02-09T21:09:12.483707935Z,2026-02-10T09:09:12.483707935Z,2026-02-10T09:02:39.178349958Z,detect,span.name,spans,03a66bccef49,surveillance-edge,a9f2ee8b5c696c40,ba3af9aebb6260c49f107c5504f40941
,,433,2026-02-09T21:09:12.483707935Z,2026-02-10T09:09:12.483707935Z,2026-02-10T09:04:51.849081309Z,detect,span.name,spans,03a66bccef49,surveillance-edge,aa1d7b0253c6fe67,c57bc0589eb3d0eaf4393a9c11ccd318
,,434,2026-02-09T21:09:12.483707935Z,2026-02-10T09:09:12.483707935Z,2026-02-10T09:06:06.007303215Z,detect,span.name,spans,03a66bccef49,surveillance-edge,aa72949d58b2397c,0c614e23747b3a3c1948e287896eaf80
,,435,2026-02-09T21:09:12.483707935Z,2026-02-10T09:09:12.483707935Z,2026-02-10T09:07:18.571206536Z,detect,span.name,spans,03a66bccef49,surveillance-edge,aaa232b373cab2de,196a41981a8fdeaca4a5dda698fa1dcb
,,436,2026-02-09T21:09:12.483707935Z,2026-02-10T09:09:12.483707935Z,2026-02-10T09:04:17.310713215Z,detect,span.name,spans,03a66bccef49,surveillance-edge,aab5abfcca1792e2,a23c88e2f2649c4e2fbd35238eee62c8
,,437,2026-02-09T21:09:12.483707935Z,2026-02-10T09:09:12.483707935Z,2026-02-10T09:03:58.736199792Z,detect,span.name,spans,03a66bccef49,surveillance-edge,aaf679d82ab2c781,ca39bad0bec3ac72b2a9cc40289f9c7b
,,438,2026-02-09T21:09:12.483707935Z,2026-02-10T09:09:12.483707935Z,2026-02-10T09:05:16.876997336Z,detect,span.name,spans,03a66bccef49,surveillance-edge,ab0da4afe2639101,2bf3c60f49af9da2cf42ff6de2b1ff5e
,,439,2026-02-09T21:09:12.483707935Z,2026-02-10T09:09:12.483707935Z,2026-02-10T09:03:23.236634211Z,detect,span.name,spans,03a66bccef49,surveillance-edge,abe4a65c044c78ae,f9ab16549eb95e809eaf168aa75790c9
,,440,2026-02-09T21:09:12.483707935Z,2026-02-10T09:09:12.483707935Z,2026-02-10T09:06:18.750717244Z,detect,span.name,spans,03a66bccef49,surveillance-edge,abfd149c8074db2b,1c425cb3bf1eea1aa0d6744c5b916756
,,441,2026-02-09T21:09:12.483707935Z,2026-02-10T09:09:12.483707935Z,2026-02-10T09:05:34.648242737Z,detect,span.name,spans,03a66bccef49,surveillance-edge,ae284c0d8b0ae33f,f6f8264778ebb83c22c13cc76010e2b9
,,442,2026-02-09T21:09:12.483707935Z,2026-02-10T09:09:12.483707935Z,2026-02-10T09:07:02.911027921Z,detect,span.name,spans,03a66bccef49,surveillance-edge,ae4c7d47a59b5d63,3b06b3416832f135a8afbd57b619ddb8
,,443,2026-02-09T21:09:12.483707935Z,2026-02-10T09:09:12.483707935Z,2026-02-10T09:02:49.965939261Z,detect,span.name,spans,03a66bccef49,surveillance-edge,ae660c08af5945ed,2512d6aae573617e462960e261b5fe5e
,,444,2026-02-09T21:09:12.483707935Z,2026-02-10T09:09:12.483707935Z,2026-02-10T09:05:50.339428665Z,detect,span.name,spans,03a66bccef49,surveillance-edge,ae902885cd01e0e3,4bd36395a0f7e44690fcb69ac9dce52f
,,445,2026-02-09T21:09:12.483707935Z,2026-02-10T09:09:12.483707935Z,2026-02-10T09:02:43.390702497Z,detect,span.name,spans,03a66bccef49,surveillance-edge,aee2c0378712fc44,8323e5a7df49778530bd812be4bbbaa2
,,446,2026-02-09T21:09:12.483707935Z,2026-02-10T09:09:12.483707935Z,2026-02-10T09:02:44.446854923Z,detect,span.name,spans,03a66bccef49,surveillance-edge,af34c57779c8ea3f,62353397ed8919ac414732fc72e1d329
,,447,2026-02-09T21:09:12.483707935Z,2026-02-10T09:09:12.483707935Z,2026-02-10T09:06:01.833030766Z,detect,span.name,spans,03a66bccef49,surveillance-edge,af5beae2ffe45d6f,bd5c38a66897aa55e796ddb5e3a2271e
,,448,2026-02-09T21:09:12.483707935Z,2026-02-10T09:09:12.483707935Z,2026-02-10T09:07:50.86532987Z,detect,span.name,spans,03a66bccef49,surveillance-edge,af6e52501b907b5e,ddbfa3ebbce29e96dc2ac0b123c0240f
,,449,2026-02-09T21:09:12.483707935Z,2026-02-10T09:09:12.483707935Z,2026-02-10T09:04:50.769213818Z,detect,span.name,spans,03a66bccef49,surveillance-edge,afccfc666367dc41,52f96d6554ade581c8d9823d3a55d02a
,,450,2026-02-09T21:09:12.483707935Z,2026-02-10T09:09:12.483707935Z,2026-02-10T09:02:48.719986714Z,detect,span.name,spans,03a66bccef49,surveillance-edge,afd2ce7e079f7272,eeb496617f20932037efe6590f8bf04d
,,451,2026-02-09T21:09:12.483707935Z,2026-02-10T09:09:12.483707935Z,2026-02-10T09:07:43.514755117Z,detect,span.name,spans,03a66bccef49,surveillance-edge,b02ceef46858eed3,c6e097f868df2fc13083d10bd5df04ba
,,452,2026-02-09T21:09:12.483707935Z,2026-02-10T09:09:12.483707935Z,2026-02-10T09:07:15.571202975Z,detect,span.name,spans,03a66bccef49,surveillance-edge,b06c2b61a1aeb81e,eebce9e884236463beac3362054bb390
,,453,2026-02-09T21:09:12.483707935Z,2026-02-10T09:09:12.483707935Z,2026-02-10T09:03:39.817665475Z,detect,span.name,spans,03a66bccef49,surveillance-edge,b0cfac0ec6ed771d,e52db6b260c79780d9da64302b178244
,,454,2026-02-09T21:09:12.483707935Z,2026-02-10T09:09:12.483707935Z,2026-02-10T09:06:54.287075089Z,detect,span.name,spans,03a66bccef49,surveillance-edge,b17a4fcd23e18704,9b970ab15ee7f5cb800a874c2e60a789
,,455,2026-02-09T21:09:12.483707935Z,2026-02-10T09:09:12.483707935Z,2026-02-10T09:06:15.59308384Z,detect,span.name,spans,03a66bccef49,surveillance-edge,b1859fcaa707f762,c6131f516d9b5450c4e8a195047191a6
,,456,2026-02-09T21:09:12.483707935Z,2026-02-10T09:09:12.483707935Z,2026-02-10T09:07:42.451887134Z,detect,span.name,spans,03a66bccef49,surveillance-edge,b2232f93cdb6a1ba,8ea92456e179aa9b51a4b833d6b52bf8
,,457,2026-02-09T21:09:12.483707935Z,2026-02-10T09:09:12.483707935Z,2026-02-10T09:08:21.076204559Z,detect,span.name,spans,03a66bccef49,surveillance-edge,b22c41ba0e63085c,cb3a01e07a04db516f4f2ed197db3ee2
,,458,2026-02-09T21:09:12.483707935Z,2026-02-10T09:09:12.483707935Z,2026-02-10T09:05:15.815269608Z,detect,span.name,spans,03a66bccef49,surveillance-edge,b267dd7f7ad69aa0,483dcb2acdf8cc629b98666feadc70d6
,,459,2026-02-09T21:09:12.483707935Z,2026-02-10T09:09:12.483707935Z,2026-02-10T09:06:57.462777288Z,detect,span.name,spans,03a66bccef49,surveillance-edge,b2bd0e263847fa96,bb20f75cfc04e9fcceb889c273d89c24
,,460,2026-02-09T21:09:12.483707935Z,2026-02-10T09:09:12.483707935Z,2026-02-10T09:04:26.184389248Z,detect,span.name,spans,03a66bccef49,surveillance-edge,b3067bbdd97082ed,77ed9d7c8df3dffdd5d347e604543c09
,,461,2026-02-09T21:09:12.483707935Z,2026-02-10T09:09:12.483707935Z,2026-02-10T09:06:16.640890917Z,detect,span.name,spans,03a66bccef49,surveillance-edge,b3079eddd725d811,d84e75782f482337c4f2756e9bac3e0f
,,462,2026-02-09T21:09:12.483707935Z,2026-02-10T09:09:12.483707935Z,2026-02-10T09:03:22.193606289Z,detect,span.name,spans,03a66bccef49,surveillance-edge,b44c9456c956f538,04d127aec39483b8ee072c646ac7ce9e
,,463,2026-02-09T21:09:12.483707935Z,2026-02-10T09:09:12.483707935Z,2026-02-10T09:05:22.408251017Z,detect,span.name,spans,03a66bccef49,surveillance-edge,b44dfafb58ae3c1c,4bbafa26d9ee52176ba50b0770a8a6dc
,,464,2026-02-09T21:09:12.483707935Z,2026-02-10T09:09:12.483707935Z,2026-02-10T09:02:33.255134512Z,detect,span.name,spans,03a66bccef49,surveillance-edge,b479f37ba2a1309a,5c480c58209101496df8af593b034e86
,,465,2026-02-09T21:09:12.483707935Z,2026-02-10T09:09:12.483707935Z,2026-02-10T09:04:47.599058981Z,detect,span.name,spans,03a66bccef49,surveillance-edge,b623a8cd2710de5c,356e9189a8065028deb0b3c10b23390e
,,466,2026-02-09T21:09:12.483707935Z,2026-02-10T09:09:12.483707935Z,2026-02-10T09:03:38.752395362Z,detect,span.name,spans,03a66bccef49,surveillance-edge,b67370277634c2c4,bd13afaa9431416752d791281edf5aa2
,,467,2026-02-09T21:09:12.483707935Z,2026-02-10T09:09:12.483707935Z,2026-02-10T09:05:26.249605688Z,detect,span.name,spans,03a66bccef49,surveillance-edge,b67b222fd3b74fdf,e55eb9f26a6331a8ca5be7eaed5b9805
,,468,2026-02-09T21:09:12.483707935Z,2026-02-10T09:09:12.483707935Z,2026-02-10T09:08:24.215284947Z,detect,span.name,spans,03a66bccef49,surveillance-edge,b68613b20b3eb827,4bb0a94893e597396d0753a234538b6f
,,469,2026-02-09T21:09:12.483707935Z,2026-02-10T09:09:12.483707935Z,2026-02-10T09:05:33.055917836Z,detect,span.name,spans,03a66bccef49,surveillance-edge,b72facb2f9fd088c,7e253be97c2143466a8c2a710cfa066f
,,470,2026-02-09T21:09:12.483707935Z,2026-02-10T09:09:12.483707935Z,2026-02-10T09:05:48.234576012Z,detect,span.name,spans,03a66bccef49,surveillance-edge,b7c01c2093dd02ad,57887e725978f421807d75ca9bd0605b
,,471,2026-02-09T21:09:12.483707935Z,2026-02-10T09:09:12.483707935Z,2026-02-10T09:05:45.821623071Z,detect,span.name,spans,03a66bccef49,surveillance-edge,b7c045204356a206,16c7322ba973e9f660203442467ed005
,,472,2026-02-09T21:09:12.483707935Z,2026-02-10T09:09:12.483707935Z,2026-02-10T09:02:48.937241473Z,detect,span.name,spans,03a66bccef49,surveillance-edge,b979361d75330a1c,cef7362cbea19744ce23d3c598102a27
,,473,2026-02-09T21:09:12.483707935Z,2026-02-10T09:09:12.483707935Z,2026-02-10T09:03:39.014937518Z,detect,span.name,spans,03a66bccef49,surveillance-edge,b9a8b69beaa02a51,a6c134d9cf60c7090179ef3b6b18e856
,,474,2026-02-09T21:09:12.483707935Z,2026-02-10T09:09:12.483707935Z,2026-02-10T09:04:15.183503803Z,detect,span.name,spans,03a66bccef49,surveillance-edge,b9d6ec122706353a,47c5497eb904105e39edb70ccb37a678
,,475,2026-02-09T21:09:12.483707935Z,2026-02-10T09:09:12.483707935Z,2026-02-10T09:06:24.205806203Z,detect,span.name,spans,03a66bccef49,surveillance-edge,bab20abd1ce507a7,fd27482da3701b22b958d3b486c6c6dc
,,476,2026-02-09T21:09:12.483707935Z,2026-02-10T09:09:12.483707935Z,2026-02-10T09:05:30.446265193Z,detect,span.name,spans,03a66bccef49,surveillance-edge,bb511db6f68cc7f5,a79b5fce89c5c721a65a3b561a29d1d1
,,477,2026-02-09T21:09:12.483707935Z,2026-02-10T09:09:12.483707935Z,2026-02-10T09:06:59.730255343Z,detect,span.name,spans,03a66bccef49,surveillance-edge,bcbda50840b36473,b2effa389c2b08af7cd8e6c4b1f33771
,,478,2026-02-09T21:09:12.483707935Z,2026-02-10T09:09:12.483707935Z,2026-02-10T09:04:13.430325456Z,detect,span.name,spans,03a66bccef49,surveillance-edge,bcc03231e1eeedf4,0e88b00dcdcd12e2fd724a085725ec2f
,,479,2026-02-09T21:09:12.483707935Z,2026-02-10T09:09:12.483707935Z,2026-02-10T09:06:03.864572393Z,detect,span.name,spans,03a66bccef49,surveillance-edge,bde153cb73b9fc1f,33d47f9fd90357e83cabef5e3dd14d31
,,480,2026-02-09T21:09:12.483707935Z,2026-02-10T09:09:12.483707935Z,2026-02-10T09:02:47.901510988Z,detect,span.name,spans,03a66bccef49,surveillance-edge,be4c84de537b2566,ca9d2cd43c8aa09990246e7acfb1957c
,,481,2026-02-09T21:09:12.483707935Z,2026-02-10T09:09:12.483707935Z,2026-02-10T09:02:35.348411957Z,detect,span.name,spans,03a66bccef49,surveillance-edge,bee9215c52062fca,32f7ab6b56be2dba247f9cd3192fe171
,,482,2026-02-09T21:09:12.483707935Z,2026-02-10T09:09:12.483707935Z,2026-02-10T09:04:09.259629214Z,detect,span.name,spans,03a66bccef49,surveillance-edge,bef5038f2f577fb4,82c47ef6b097674052c18fa481eb90aa
,,483,2026-02-09T21:09:12.483707935Z,2026-02-10T09:09:12.483707935Z,2026-02-10T09:06:52.22895683Z,detect,span.name,spans,03a66bccef49,surveillance-edge,bf71e4d1447db119,7c7bcd59672adaeb533535ce1459bd09
,,484,2026-02-09T21:09:12.483707935Z,2026-02-10T09:09:12.483707935Z,2026-02-10T09:07:00.792795147Z,detect,span.name,spans,03a66bccef49,surveillance-edge,bf93689af889f23c,d0e65cd52fd2bbf75983005656e4465b
,,485,2026-02-09T21:09:12.483707935Z,2026-02-10T09:09:12.483707935Z,2026-02-10T09:07:44.513914529Z,detect,span.name,spans,03a66bccef49,surveillance-edge,c0b597952f3d423b,95cfb7e407492e8786f2890536179154
,,486,2026-02-09T21:09:12.483707935Z,2026-02-10T09:09:12.483707935Z,2026-02-10T09:03:15.713857962Z,detect,span.name,spans,03a66bccef49,surveillance-edge,c10f813d8c02fb05,fe947f54e8b9ee33930ec7c51cd67ce2
,,487,2026-02-09T21:09:12.483707935Z,2026-02-10T09:09:12.483707935Z,2026-02-10T09:04:47.616043817Z,detect,span.name,spans,03a66bccef49,surveillance-edge,c136aa59495597aa,c27ccdef9e43d5422938e871e5b0b9ac
,,488,2026-02-09T21:09:12.483707935Z,2026-02-10T09:09:12.483707935Z,2026-02-10T09:04:43.303432821Z,detect,span.name,spans,03a66bccef49,surveillance-edge,c14b64892d176481,0dea25f484607886abe208aae568a8ce
,,489,2026-02-09T21:09:12.483707935Z,2026-02-10T09:09:12.483707935Z,2026-02-10T09:06:12.445793093Z,detect,span.name,spans,03a66bccef49,surveillance-edge,c1519c91fc564560,3c2c31755a50ccf11b8221a2d5383d03
,,490,2026-02-09T21:09:12.483707935Z,2026-02-10T09:09:12.483707935Z,2026-02-10T09:08:40.993068376Z,detect,span.name,spans,03a66bccef49,surveillance-edge,c20db5bb0312ee24,c7783346a4a9a4c34379e9ffe15655dd
,,491,2026-02-09T21:09:12.483707935Z,2026-02-10T09:09:12.483707935Z,2026-02-10T09:05:37.793429713Z,detect,span.name,spans,03a66bccef49,surveillance-edge,c20dc890a52eb09f,4e9fd0d4e6ed22499eee2e59b224c05a
,,492,2026-02-09T21:09:12.483707935Z,2026-02-10T09:09:12.483707935Z,2026-02-10T09:05:29.388090102Z,detect,span.name,spans,03a66bccef49,surveillance-edge,c20fde7fd9015d4c,3d97c6345322d44eec022edff029c8d7
,,493,2026-02-09T21:09:12.483707935Z,2026-02-10T09:09:12.483707935Z,2026-02-10T09:03:14.646977061Z,detect,span.name,spans,03a66bccef49,surveillance-edge,c327c5781723b251,2d88522a64caea2972d73fe217a55bcc
,,494,2026-02-09T21:09:12.483707935Z,2026-02-10T09:09:12.483707935Z,2026-02-10T09:03:31.365775378Z,detect,span.name,spans,03a66bccef49,surveillance-edge,c473188658b4b0b7,da15d282f392fa3b13cf27d46fe09c92
,,495,2026-02-09T21:09:12.483707935Z,2026-02-10T09:09:12.483707935Z,2026-02-10T09:08:14.638146135Z,detect,span.name,spans,03a66bccef49,surveillance-edge,c6019f8ef5b10962,225b6f590981731dba070bc62d98b0b8
,,496,2026-02-09T21:09:12.483707935Z,2026-02-10T09:09:12.483707935Z,2026-02-10T09:07:08.214981373Z,detect,span.name,spans,03a66bccef49,surveillance-edge,c656c0638db23e01,0ddf28ffe230a3649db1d1610859bc04
,,497,2026-02-09T21:09:12.483707935Z,2026-02-10T09:09:12.483707935Z,2026-02-10T09:08:28.43202743Z,detect,span.name,spans,03a66bccef49,surveillance-edge,c689ed13beb7743a,53cbd53e678475d4137cad780309b819
,,498,2026-02-09T21:09:12.483707935Z,2026-02-10T09:09:12.483707935Z,2026-02-10T09:02:31.738666234Z,detect,span.name,spans,03a66bccef49,surveillance-edge,c6ad1474d7b13e6c,99a8b42bb7fea0d5bc1a225e97f927e7
,,499,2026-02-09T21:09:12.483707935Z,2026-02-10T09:09:12.483707935Z,2026-02-10T09:07:40.304531307Z,detect,span.name,spans,03a66bccef49,surveillance-edge,c7942a90580328e7,3575147fc76c141f7c961757c8c7955d
,,500,2026-02-09T21:09:12.483707935Z,2026-02-10T09:09:12.483707935Z,2026-02-10T09:05:19.191765556Z,detect,span.name,spans,03a66bccef49,surveillance-edge,c7d20612845b04c1,14e6b5b6c0de9eace4d60376bf954be3
,,501,2026-02-09T21:09:12.483707935Z,2026-02-10T09:09:12.483707935Z,2026-02-10T09:05:21.047483425Z,detect,span.name,spans,03a66bccef49,surveillance-edge,c7dc2ab0a0926565,b96d5d08d343621f00a5b19b3aaebeb8
,,502,2026-02-09T21:09:12.483707935Z,2026-02-10T09:09:12.483707935Z,2026-02-10T09:08:39.790264882Z,detect,span.name,spans,03a66bccef49,surveillance-edge,c87a6968fad8d2b9,38a6b544e2ed8f342c0f1ef9d5312224
,,503,2026-02-09T21:09:12.483707935Z,2026-02-10T09:09:12.483707935Z,2026-02-10T09:03:25.335307245Z,detect,span.name,spans,03a66bccef49,surveillance-edge,c8ea8e1da6f50830,cabf623d7941357426af95ecdc7e87da
,,504,2026-02-09T21:09:12.483707935Z,2026-02-10T09:09:12.483707935Z,2026-02-10T09:06:03.960133536Z,detect,span.name,spans,03a66bccef49,surveillance-edge,c9021639745857f0,19500376645452d6547bd73211bacb95
,,505,2026-02-09T21:09:12.483707935Z,2026-02-10T09:09:12.483707935Z,2026-02-10T09:08:23.003075804Z,detect,span.name,spans,03a66bccef49,surveillance-edge,c9133dd149e640c2,95508edc0574baf8d95d887fc24cf353
,,506,2026-02-09T21:09:12.483707935Z,2026-02-10T09:09:12.483707935Z,2026-02-10T09:06:27.152730643Z,detect,span.name,spans,03a66bccef49,surveillance-edge,c953bea0ce70fe9c,645fc52b2dc8e755fe29b4624861e02a
,,507,2026-02-09T21:09:12.483707935Z,2026-02-10T09:09:12.483707935Z,2026-02-10T09:06:51.103874885Z,detect,span.name,spans,03a66bccef49,surveillance-edge,ca8c16db0fdbc4dc,42a68b27af1859aaa09fcc31872cdb69
,,508,2026-02-09T21:09:12.483707935Z,2026-02-10T09:09:12.483707935Z,2026-02-10T09:06:07.067286977Z,detect,span.name,spans,03a66bccef49,surveillance-edge,cab4b9bb1d3d5318,3958b6ea2b7b9d24b6d984339b6e825b
,,509,2026-02-09T21:09:12.483707935Z,2026-02-10T09:09:12.483707935Z,2026-02-10T09:04:49.71945183Z,detect,span.name,spans,03a66bccef49,surveillance-edge,cb612214b0fa2186,139aeb2cf48143cf5081df7484add0d3
,,510,2026-02-09T21:09:12.483707935Z,2026-02-10T09:09:12.483707935Z,2026-02-10T09:08:42.907654713Z,detect,span.name,spans,03a66bccef49,surveillance-edge,cb6c35bf23ca47bf,340e056366c05126a46418261e530448
,,511,2026-02-09T21:09:12.483707935Z,2026-02-10T09:09:12.483707935Z,2026-02-10T09:03:23.04261144Z,detect,span.name,spans,03a66bccef49,surveillance-edge,cb7904e28cd666d0,a4c7a62790232e3da461eff3339cd1b7
,,512,2026-02-09T21:09:12.483707935Z,2026-02-10T09:09:12.483707935Z,2026-02-10T09:06:21.036602649Z,detect,span.name,spans,03a66bccef49,surveillance-edge,cb9fde4f39a54a22,fe7dfdeb5ae4e4abcc97989b72c840e9
,,513,2026-02-09T21:09:12.483707935Z,2026-02-10T09:09:12.483707935Z,2026-02-10T09:08:34.584286882Z,detect,span.name,spans,03a66bccef49,surveillance-edge,cc12706f93fab5fb,926ea842546391620b5491c5df7b8879
,,514,2026-02-09T21:09:12.483707935Z,2026-02-10T09:09:12.483707935Z,2026-02-10T09:04:58.374885441Z,detect,span.name,spans,03a66bccef49,surveillance-edge,ccd4a82e30363084,86bc17cf81efcaedb59e0da2c5014674
,,515,2026-02-09T21:09:12.483707935Z,2026-02-10T09:09:12.483707935Z,2026-02-10T09:02:27.444680712Z,detect,span.name,spans,03a66bccef49,surveillance-edge,cda3075916efe44d,7915f2fb6812017d753bb0da0e72375f
,,516,2026-02-09T21:09:12.483707935Z,2026-02-10T09:09:12.483707935Z,2026-02-10T09:03:37.973357993Z,detect,span.name,spans,03a66bccef49,surveillance-edge,ce53c7c78f3edeb5,b3fb772d087fccf2582aab84fecae0f2
,,517,2026-02-09T21:09:12.483707935Z,2026-02-10T09:09:12.483707935Z,2026-02-10T09:05:58.522359757Z,detect,span.name,spans,03a66bccef49,surveillance-edge,cec0b90a23e3a7ee,f0f458431b20e503c2fb809fc598d4be
,,518,2026-02-09T21:09:12.483707935Z,2026-02-10T09:09:12.483707935Z,2026-02-10T09:07:57.376897662Z,detect,span.name,spans,03a66bccef49,surveillance-edge,ced416add4aebee2,e2c7bd2bb0656f20200ca21f4ae8d6fc
,,519,2026-02-09T21:09:12.483707935Z,2026-02-10T09:09:12.483707935Z,2026-02-10T09:03:40.89088816Z,detect,span.name,spans,03a66bccef49,surveillance-edge,ced4a18b6f18f345,8a92c5670424c40948fcd47152df1f7e
,,520,2026-02-09T21:09:12.483707935Z,2026-02-10T09:09:12.483707935Z,2026-02-10T09:04:03.410749571Z,detect,span.name,spans,03a66bccef49,surveillance-edge,cf4e2bfba46ca92b,27600a4f22979ff6e02ce01c72b10fb2
,,521,2026-02-09T21:09:12.483707935Z,2026-02-10T09:09:12.483707935Z,2026-02-10T09:03:35.860157328Z,detect,span.name,spans,03a66bccef49,surveillance-edge,cfb44685be9ac1a1,c798d76689033edbe1fbecb14982a0ea
,,522,2026-02-09T21:09:12.483707935Z,2026-02-10T09:09:12.483707935Z,2026-02-10T09:05:14.756403133Z,detect,span.name,spans,03a66bccef49,surveillance-edge,d07580d14ebd6102,6842361e6ccc1d4ab75a7a1d09de7833
,,523,2026-02-09T21:09:12.483707935Z,2026-02-10T09:09:12.483707935Z,2026-02-10T09:02:33.883258278Z,detect,span.name,spans,03a66bccef49,surveillance-edge,d0a8c3ea49c34b4e,6f1fc24d52f7461351aa087cdce5e830
,,524,2026-02-09T21:09:12.483707935Z,2026-02-10T09:09:12.483707935Z,2026-02-10T09:02:29.053015286Z,detect,span.name,spans,03a66bccef49,surveillance-edge,d0ebc8bb93882b82,6ab4eb3085805e515af4c59a54ca2c1d
,,525,2026-02-09T21:09:12.483707935Z,2026-02-10T09:09:12.483707935Z,2026-02-10T09:06:22.923482866Z,detect,span.name,spans,03a66bccef49,surveillance-edge,d0fd76e789359862,28c89df96bde049bdc1d34c56a5fdf8d
,,526,2026-02-09T21:09:12.483707935Z,2026-02-10T09:09:12.483707935Z,2026-02-10T09:07:55.105066665Z,detect,span.name,spans,03a66bccef49,surveillance-edge,d13357d7a53b1275,3584d66be0a8a1599365fb353ec4b1ca
,,527,2026-02-09T21:09:12.483707935Z,2026-02-10T09:09:12.483707935Z,2026-02-10T09:07:41.371298215Z,detect,span.name,spans,03a66bccef49,surveillance-edge,d145f41c4dce1be9,a57fc4c25c602b0f21405ca4f78ad485
,,528,2026-02-09T21:09:12.483707935Z,2026-02-10T09:09:12.483707935Z,2026-02-10T09:04:42.21002043Z,detect,span.name,spans,03a66bccef49,surveillance-edge,d1fc34e157b25a3f,73f18dd118c79acc62559d235ef011f9
,,529,2026-02-09T21:09:12.483707935Z,2026-02-10T09:09:12.483707935Z,2026-02-10T09:06:29.244055527Z,detect,span.name,spans,03a66bccef49,surveillance-edge,d275df41eb05ed01,e82fc2e407341936494903a3ec046477
,,530,2026-02-09T21:09:12.483707935Z,2026-02-10T09:09:12.483707935Z,2026-02-10T09:02:24.252330771Z,detect,span.name,spans,03a66bccef49,surveillance-edge,d2e6b4a3d81a5b4e,518a51bf3b145097651d073f1f7db5ba
,,531,2026-02-09T21:09:12.483707935Z,2026-02-10T09:09:12.483707935Z,2026-02-10T09:03:37.712702004Z,detect,span.name,spans,03a66bccef49,surveillance-edge,d304912e7dd1261f,dc3e27cd0762ad0b7079afe819cdf38d
,,532,2026-02-09T21:09:12.483707935Z,2026-02-10T09:09:12.483707935Z,2026-02-10T09:05:33.600388374Z,detect,span.name,spans,03a66bccef49,surveillance-edge,d359f70d24fd1c84,6e56bfcd53295d99e2431c9421e26dae
,,533,2026-02-09T21:09:12.483707935Z,2026-02-10T09:09:12.483707935Z,2026-02-10T09:05:24.161729904Z,detect,span.name,spans,03a66bccef49,surveillance-edge,d492d1dfb5025bad,bd84daaf0073c46ac69bba77c1d744cc
,,534,2026-02-09T21:09:12.483707935Z,2026-02-10T09:09:12.483707935Z,2026-02-10T09:07:10.120943856Z,detect,span.name,spans,03a66bccef49,surveillance-edge,d4d0712c711341b3,f43528497fc4540cd78d144f5d9e9e1d
,,535,2026-02-09T21:09:12.483707935Z,2026-02-10T09:09:12.483707935Z,2026-02-10T09:06:18.711249043Z,detect,span.name,spans,03a66bccef49,surveillance-edge,d4fe7deb1b235d75,694eff227edc3cac248325d45f4fd368
,,536,2026-02-09T21:09:12.483707935Z,2026-02-10T09:09:12.483707935Z,2026-02-10T09:02:42.331982666Z,detect,span.name,spans,03a66bccef49,surveillance-edge,d5f043f855d7b69a,fd39a8df598d23f7d24d315213cf2828
,,537,2026-02-09T21:09:12.483707935Z,2026-02-10T09:09:12.483707935Z,2026-02-10T09:04:44.374934929Z,detect,span.name,spans,03a66bccef49,surveillance-edge,d613b7107d63bb2c,88e8b743d0c10a752c08f63a9b2efdad
,,538,2026-02-09T21:09:12.483707935Z,2026-02-10T09:09:12.483707935Z,2026-02-10T09:04:19.446166446Z,detect,span.name,spans,03a66bccef49,surveillance-edge,d61d82b955dcc842,c7c899b3dbe964479045c7e119a77d2d
,,539,2026-02-09T21:09:12.483707935Z,2026-02-10T09:09:12.483707935Z,2026-02-10T09:08:44.974046184Z,detect,span.name,spans,03a66bccef49,surveillance-edge,d682d139c9130b42,e5c67a1f39382ee4d46da3436dbe811c
,,540,2026-02-09T21:09:12.483707935Z,2026-02-10T09:09:12.483707935Z,2026-02-10T09:06:11.381823097Z,detect,span.name,spans,03a66bccef49,surveillance-edge,d6b37bb46ec50fb3,180765e056e733ffbb34b29862256c19
,,541,2026-02-09T21:09:12.483707935Z,2026-02-10T09:09:12.483707935Z,2026-02-10T09:06:58.678062876Z,detect,span.name,spans,03a66bccef49,surveillance-edge,d701745c23c098f9,017a1a4b23b84833d297c6765eb3aee2
,,542,2026-02-09T21:09:12.483707935Z,2026-02-10T09:09:12.483707935Z,2026-02-10T09:08:38.906939736Z,detect,span.name,spans,03a66bccef49,surveillance-edge,d7147faa08e9d3c8,57bd75947342c8a4830d2171ec67d129
,,543,2026-02-09T21:09:12.483707935Z,2026-02-10T09:09:12.483707935Z,2026-02-10T09:04:55.124735629Z,detect,span.name,spans,03a66bccef49,surveillance-edge,d76431a3e77e5072,6d79fef499d1bda4c32122a65d9164c9
,,544,2026-02-09T21:09:12.483707935Z,2026-02-10T09:09:12.483707935Z,2026-02-10T09:07:54.041917758Z,detect,span.name,spans,03a66bccef49,surveillance-edge,d7ae6b5fd1db3a55,1de42bb08561144e2f8ce5a03430070a
,,545,2026-02-09T21:09:12.483707935Z,2026-02-10T09:09:12.483707935Z,2026-02-10T09:03:41.206025063Z,detect,span.name,spans,03a66bccef49,surveillance-edge,d80818e4440c4d5b,735db49c3354d06f0b813bade51d41ec
,,546,2026-02-09T21:09:12.483707935Z,2026-02-10T09:09:12.483707935Z,2026-02-10T09:02:16.066052807Z,detect,span.name,spans,03a66bccef49,surveillance-edge,d81faef2094b6b46,f2921478222be0a1065d6f072f775e34
,,547,2026-02-09T21:09:12.483707935Z,2026-02-10T09:09:12.483707935Z,2026-02-10T09:07:03.961886342Z,detect,span.name,spans,03a66bccef49,surveillance-edge,d831c88dabfc1834,8e4d76749ca06e4e07ce528d7a16a614
,,548,2026-02-09T21:09:12.483707935Z,2026-02-10T09:09:12.483707935Z,2026-02-10T09:04:00.856008838Z,detect,span.name,spans,03a66bccef49,surveillance-edge,d8824a745ae47272,96c623270c607c0674db64c2b70d388c
,,549,2026-02-09T21:09:12.483707935Z,2026-02-10T09:09:12.483707935Z,2026-02-10T09:07:56.164082405Z,detect,span.name,spans,03a66bccef49,surveillance-edge,d95a4dffb698c819,fcdafdfd87ab7ea9d7c31c0db324beca
,,550,2026-02-09T21:09:12.483707935Z,2026-02-10T09:09:12.483707935Z,2026-02-10T09:03:47.539392312Z,detect,span.name,spans,03a66bccef49,surveillance-edge,d97e6897c46c6a26,d0def8a311ee994e6202552ed5b7a445
,,551,2026-02-09T21:09:12.483707935Z,2026-02-10T09:09:12.483707935Z,2026-02-10T09:07:42.42065663Z,detect,span.name,spans,03a66bccef49,surveillance-edge,d9983ba15447f918,e0e9d510a7187dffd704484ef334ed56
,,552,2026-02-09T21:09:12.483707935Z,2026-02-10T09:09:12.483707935Z,2026-02-10T09:02:16.061821753Z,detect,span.name,spans,03a66bccef49,surveillance-edge,d9eae1b5fdd88d0a,9536804c5d5d794f382b3714f9bb1ab4
,,553,2026-02-09T21:09:12.483707935Z,2026-02-10T09:09:12.483707935Z,2026-02-10T09:02:35.998684582Z,detect,span.name,spans,03a66bccef49,surveillance-edge,da4ad67a009c7773,8ba98a342f6714dad2b4a21f49a03cc5
,,554,2026-02-09T21:09:12.483707935Z,2026-02-10T09:09:12.483707935Z,2026-02-10T09:02:47.634676982Z,detect,span.name,spans,03a66bccef49,surveillance-edge,da9776dd5db78e41,27c4f37acc4d2ea9ad0816a13c89f0c6
,,555,2026-02-09T21:09:12.483707935Z,2026-02-10T09:09:12.483707935Z,2026-02-10T09:04:10.886136906Z,detect,span.name,spans,03a66bccef49,surveillance-edge,dabeeff9430c253e,7038ee5dbe5f87b6f9de39819fc1ef1e
,,556,2026-02-09T21:09:12.483707935Z,2026-02-10T09:09:12.483707935Z,2026-02-10T09:04:09.801121207Z,detect,span.name,spans,03a66bccef49,surveillance-edge,daf7c567dece3949,1412a24d16e03074269060ecf445c871
,,557,2026-02-09T21:09:12.483707935Z,2026-02-10T09:09:12.483707935Z,2026-02-10T09:07:45.660309698Z,detect,span.name,spans,03a66bccef49,surveillance-edge,db2233104d2f39ac,0b5899b7b79513e2baa42f559b4ff164
,,558,2026-02-09T21:09:12.483707935Z,2026-02-10T09:09:12.483707935Z,2026-02-10T09:03:33.731275187Z,detect,span.name,spans,03a66bccef49,surveillance-edge,dbc50ce5f9333a7c,27fafb78f661a50fd4cf8f01c4b492b9
,,559,2026-02-09T21:09:12.483707935Z,2026-02-10T09:09:12.483707935Z,2026-02-10T09:07:20.691584189Z,detect,span.name,spans,03a66bccef49,surveillance-edge,dc53c436dd359b0f,6a86737a24761a774d5369b546b6a37e
,,560,2026-02-09T21:09:12.483707935Z,2026-02-10T09:09:12.483707935Z,2026-02-10T09:06:09.261061943Z,detect,span.name,spans,03a66bccef49,surveillance-edge,dd0e63c4b06b4cc9,a4bc6e6021c753ef8ee74f2765aed15a
,,561,2026-02-09T21:09:12.483707935Z,2026-02-10T09:09:12.483707935Z,2026-02-10T09:07:19.774947211Z,detect,span.name,spans,03a66bccef49,surveillance-edge,de057db53111db44,285fb54e7236f17a247845e64b2c4899
,,562,2026-02-09T21:09:12.483707935Z,2026-02-10T09:09:12.483707935Z,2026-02-10T09:05:14.867673458Z,detect,span.name,spans,03a66bccef49,surveillance-edge,de0e534a57248b53,d83a48bbab55f968e88a457218c463c2
,,563,2026-02-09T21:09:12.483707935Z,2026-02-10T09:09:12.483707935Z,2026-02-10T09:03:42.253555388Z,detect,span.name,spans,03a66bccef49,surveillance-edge,df3c9f3ebef5c9c5,bdc09b72e7a82a21ba38248de6417d99
,,564,2026-02-09T21:09:12.483707935Z,2026-02-10T09:09:12.483707935Z,2026-02-10T09:03:32.694470924Z,detect,span.name,spans,03a66bccef49,surveillance-edge,df3e56ab3c19cfde,184d89f71fc2bbd2b002f6575643ece3
,,565,2026-02-09T21:09:12.483707935Z,2026-02-10T09:09:12.483707935Z,2026-02-10T09:06:23.154549967Z,detect,span.name,spans,03a66bccef49,surveillance-edge,dfd99936f26fec30,f8e0872cb5314d29a5f8a9170b052ce3
,,566,2026-02-09T21:09:12.483707935Z,2026-02-10T09:09:12.483707935Z,2026-02-10T09:07:56.31695794Z,detect,span.name,spans,03a66bccef49,surveillance-edge,e13c29279562e026,e3c3f214635ec5f2c74d44bf123563e6
,,567,2026-02-09T21:09:12.483707935Z,2026-02-10T09:09:12.483707935Z,2026-02-10T09:06:10.217114303Z,detect,span.name,spans,03a66bccef49,surveillance-edge,e1b929bdd5a95a32,fd9ecf77a70f3bf70b863e446bc4ebd0
,,568,2026-02-09T21:09:12.483707935Z,2026-02-10T09:09:12.483707935Z,2026-02-10T09:05:57.488803803Z,detect,span.name,spans,03a66bccef49,surveillance-edge,e2105dd0676e8a1d,5efff56ac646b2072c1029ec8bdb398c
,,569,2026-02-09T21:09:12.483707935Z,2026-02-10T09:09:12.483707935Z,2026-02-10T09:07:53.129852363Z,detect,span.name,spans,03a66bccef49,surveillance-edge,e280f78b238ce2a5,1c2e66a59182afd7004965ab78a1c959
,,570,2026-02-09T21:09:12.483707935Z,2026-02-10T09:09:12.483707935Z,2026-02-10T09:03:49.287270732Z,detect,span.name,spans,03a66bccef49,surveillance-edge,e301df2c2df91a8d,8a2696ca15fd4279c01593c9b4dcbaa5
,,571,2026-02-09T21:09:12.483707935Z,2026-02-10T09:09:12.483707935Z,2026-02-10T09:08:45.999085799Z,detect,span.name,spans,03a66bccef49,surveillance-edge,e331ad49b12efbe9,d9cfc37a5241db2eaa42a07c841dbcef
,,572,2026-02-09T21:09:12.483707935Z,2026-02-10T09:09:12.483707935Z,2026-02-10T09:05:51.11599936Z,detect,span.name,spans,03a66bccef49,surveillance-edge,e34da4bc26e6ea67,995ec6cf58f8e720566a7f5efe9a078c
,,573,2026-02-09T21:09:12.483707935Z,2026-02-10T09:09:12.483707935Z,2026-02-10T09:05:28.337081852Z,detect,span.name,spans,03a66bccef49,surveillance-edge,e359a89b34ba7498,f53c20cd706bb17e045f61670fbaf851
,,574,2026-02-09T21:09:12.483707935Z,2026-02-10T09:09:12.483707935Z,2026-02-10T09:04:23.951046707Z,detect,span.name,spans,03a66bccef49,surveillance-edge,e43c24fc8b8918b9,fbcbb0359717a612cdadfe582b78d3ef
,,575,2026-02-09T21:09:12.483707935Z,2026-02-10T09:09:12.483707935Z,2026-02-10T09:02:57.409663793Z,detect,span.name,spans,03a66bccef49,surveillance-edge,e441b2d91ea1a363,cd28da5b2b2eff5015c5d0f27d724be0
,,576,2026-02-09T21:09:12.483707935Z,2026-02-10T09:09:12.483707935Z,2026-02-10T09:02:49.786761887Z,detect,span.name,spans,03a66bccef49,surveillance-edge,e45b24d0254a008c,1503371bee9bd4ff54c3e796282cad3a
,,577,2026-02-09T21:09:12.483707935Z,2026-02-10T09:09:12.483707935Z,2026-02-10T09:04:21.816393106Z,detect,span.name,spans,03a66bccef49,surveillance-edge,e68d7bfc0f2dd562,19e45440fb2223abdd20cf1258073590
,,578,2026-02-09T21:09:12.483707935Z,2026-02-10T09:09:12.483707935Z,2026-02-10T09:02:26.355949579Z,detect,span.name,spans,03a66bccef49,surveillance-edge,e6a1732307f5bf42,6b54314c9de88a1dced6e00c01f8351a
,,579,2026-02-09T21:09:12.483707935Z,2026-02-10T09:09:12.483707935Z,2026-02-10T09:07:13.450538012Z,detect,span.name,spans,03a66bccef49,surveillance-edge,e78bc2261019ee87,2071c8cf8b42be91e1f79e397b23f23e
,,580,2026-02-09T21:09:12.483707935Z,2026-02-10T09:09:12.483707935Z,2026-02-10T09:08:28.273078414Z,detect,span.name,spans,03a66bccef49,surveillance-edge,e85c388c88e25907,4a9e646a8ef7b1f6a63aa792e121b944
,,581,2026-02-09T21:09:12.483707935Z,2026-02-10T09:09:12.483707935Z,2026-02-10T09:08:17.867672975Z,detect,span.name,spans,03a66bccef49,surveillance-edge,e86f876e75537276,8a4df6c1fc815aec50b27fe5a2dd42af
,,582,2026-02-09T21:09:12.483707935Z,2026-02-10T09:09:12.483707935Z,2026-02-10T09:02:21.489954398Z,detect,span.name,spans,03a66bccef49,surveillance-edge,e8cfe38d45e225ce,68b509cb733c33680e4eb27d3721814a
,,583,2026-02-09T21:09:12.483707935Z,2026-02-10T09:09:12.483707935Z,2026-02-10T09:06:33.606499942Z,detect,span.name,spans,03a66bccef49,surveillance-edge,e8d1e0f2ba7dac4a,db3e4f612dde7281cd0bac4c77dbb1ea
,,584,2026-02-09T21:09:12.483707935Z,2026-02-10T09:09:12.483707935Z,2026-02-10T09:04:02.938674774Z,detect,span.name,spans,03a66bccef49,surveillance-edge,e8e36c2fb97b9151,5c21946586fce2f249b262bafe8a7270
,,585,2026-02-09T21:09:12.483707935Z,2026-02-10T09:09:12.483707935Z,2026-02-10T09:08:36.650343105Z,detect,span.name,spans,03a66bccef49,surveillance-edge,ea5b58c6a40f283e,9c4890852945d701575e5c9330296e39
,,586,2026-02-09T21:09:12.483707935Z,2026-02-10T09:09:12.483707935Z,2026-02-10T09:04:23.745970551Z,detect,span.name,spans,03a66bccef49,surveillance-edge,ecba44246c0acacb,9eb73e929383fd67120758de009e4a32
,,587,2026-02-09T21:09:12.483707935Z,2026-02-10T09:09:12.483707935Z,2026-02-10T09:08:23.156120566Z,detect,span.name,spans,03a66bccef49,surveillance-edge,ed78e85c933d0978,e61ba32f7fef955bd77600fd9500976e
,,588,2026-02-09T21:09:12.483707935Z,2026-02-10T09:09:12.483707935Z,2026-02-10T09:05:59.591289257Z,detect,span.name,spans,03a66bccef49,surveillance-edge,ef03fde375594119,54afba76d0883b113cf575cacd888729
,,589,2026-02-09T21:09:12.483707935Z,2026-02-10T09:09:12.483707935Z,2026-02-10T09:07:20.841313543Z,detect,span.name,spans,03a66bccef49,surveillance-edge,ef43f27c0d1f016b,1fcd47245fa4ee472df2d15fbffa7003
,,590,2026-02-09T21:09:12.483707935Z,2026-02-10T09:09:12.483707935Z,2026-02-10T09:05:42.65556654Z,detect,span.name,spans,03a66bccef49,surveillance-edge,ef56ae17f9ab9237,3c8c395748297822309e6b1e936f2cb5
,,591,2026-02-09T21:09:12.483707935Z,2026-02-10T09:09:12.483707935Z,2026-02-10T09:04:58.355033551Z,detect,span.name,spans,03a66bccef49,surveillance-edge,f0058037a1eb4802,2718b9641e85931e1c954ccfb6250a14
,,592,2026-02-09T21:09:12.483707935Z,2026-02-10T09:09:12.483707935Z,2026-02-10T09:06:13.41848027Z,detect,span.name,spans,03a66bccef49,surveillance-edge,f05ce748f308f029,bc35f6ac70eee4b61835ab55362a2831
,,593,2026-02-09T21:09:12.483707935Z,2026-02-10T09:09:12.483707935Z,2026-02-10T09:08:37.857280778Z,detect,span.name,spans,03a66bccef49,surveillance-edge,f11a7678ce8872a2,84ece4e20f20cc3ca714ee39f3f7d1e9
,,594,2026-02-09T21:09:12.483707935Z,2026-02-10T09:09:12.483707935Z,2026-02-10T09:03:19.016716482Z,detect,span.name,spans,03a66bccef49,surveillance-edge,f1957badf88d689e,b83925a4263b681e9e9cad93c7d683f0
,,595,2026-02-09T21:09:12.483707935Z,2026-02-10T09:09:12.483707935Z,2026-02-10T09:07:00.643621062Z,detect,span.name,spans,03a66bccef49,surveillance-edge,f249dcd947a87ca3,5bc06825240c6304981d4c7660b2ef59
,,596,2026-02-09T21:09:12.483707935Z,2026-02-10T09:09:12.483707935Z,2026-02-10T09:06:57.612304817Z,detect,span.name,spans,03a66bccef49,surveillance-edge,f39100c5498652fb,9b7a18e16ca4415b82a77c1192399efd
,,597,2026-02-09T21:09:12.483707935Z,2026-02-10T09:09:12.483707935Z,2026-02-10T09:06:11.276934156Z,detect,span.name,spans,03a66bccef49,surveillance-edge,f3e9a86b47b51592,adaec2923518f130cca91af3dabd73bb
,,598,2026-02-09T21:09:12.483707935Z,2026-02-10T09:09:12.483707935Z,2026-02-10T09:04:25.128930424Z,detect,span.name,spans,03a66bccef49,surveillance-edge,f4addd7532baa72b,f01ab3b8664499f2f30e2ad052fda58f
,,599,2026-02-09T21:09:12.483707935Z,2026-02-10T09:09:12.483707935Z,2026-02-10T09:06:02.818599141Z,detect,span.name,spans,03a66bccef49,surveillance-edge,f4f16ca21f6178f1,ffa127512a4a23d6d004c6743f46e09a
,,600,2026-02-09T21:09:12.483707935Z,2026-02-10T09:09:12.483707935Z,2026-02-10T09:02:36.37380316Z,detect,span.name,spans,03a66bccef49,surveillance-edge,f50bc9a365bbcaae,1d47c1b53a556f51dcef05f3fb081869
,,601,2026-02-09T21:09:12.483707935Z,2026-02-10T09:09:12.483707935Z,2026-02-10T09:04:48.700749144Z,detect,span.name,spans,03a66bccef49,surveillance-edge,f5255e3d63d64cfc,060379c1be7a2f97577266a886e1059c
,,602,2026-02-09T21:09:12.483707935Z,2026-02-10T09:09:12.483707935Z,2026-02-10T09:07:01.871353316Z,detect,span.name,spans,03a66bccef49,surveillance-edge,f6642b5b18cfbe34,13fc0c9cd93c6aa56d1657aa1f3ac133
,,603,2026-02-09T21:09:12.483707935Z,2026-02-10T09:09:12.483707935Z,2026-02-10T09:07:16.447573338Z,detect,span.name,spans,03a66bccef49,surveillance-edge,f75ee4fb503df3f0,dd528dc9e510d4cfc2fe1ecf888941b3
,,604,2026-02-09T21:09:12.483707935Z,2026-02-10T09:09:12.483707935Z,2026-02-10T09:08:14.58055628Z,detect,span.name,spans,03a66bccef49,surveillance-edge,f795d18074b6182e,658c65d725cf481877ff8d28dd97c7bd
,,605,2026-02-09T21:09:12.483707935Z,2026-02-10T09:09:12.483707935Z,2026-02-10T09:07:10.300572973Z,detect,span.name,spans,03a66bccef49,surveillance-edge,f8d29457f1defbbb,4f0ad34fea22bb2fd44aae0f95b8af88
,,606,2026-02-09T21:09:12.483707935Z,2026-02-10T09:09:12.483707935Z,2026-02-10T09:05:44.077074616Z,detect,span.name,spans,03a66bccef49,surveillance-edge,f912b353203d22d0,69099e71bd1c61546f6b3d95bf43d4fc
,,607,2026-02-09T21:09:12.483707935Z,2026-02-10T09:09:12.483707935Z,2026-02-10T09:06:53.31705983Z,detect,span.name,spans,03a66bccef49,surveillance-edge,f9397596bfa45311,6d4c6b6ea3635c8250a7e3ccae650281
,,608,2026-02-09T21:09:12.483707935Z,2026-02-10T09:09:12.483707935Z,2026-02-10T09:03:59.170947421Z,detect,span.name,spans,03a66bccef49,surveillance-edge,f99841d26e8d6dde,8ccd70357af28d5d55a6de1f34b39aed
,,609,2026-02-09T21:09:12.483707935Z,2026-02-10T09:09:12.483707935Z,2026-02-10T09:02:19.341289948Z,detect,span.name,spans,03a66bccef49,surveillance-edge,f9d6bd4950685ec1,0548045b69a5239069e55bd47fa523e5
,,610,2026-02-09T21:09:12.483707935Z,2026-02-10T09:09:12.483707935Z,2026-02-10T09:06:07.124963155Z,detect,span.name,spans,03a66bccef49,surveillance-edge,fa4b6a3d1c13150f,15ce126d5be6bf2dd18b5715ca94a517
,,611,2026-02-09T21:09:12.483707935Z,2026-02-10T09:09:12.483707935Z,2026-02-10T09:06:55.339647579Z,detect,span.name,spans,03a66bccef49,surveillance-edge,fa662f004bc6862a,03c2849e489d219379ef7e10cb03c931
,,612,2026-02-09T21:09:12.483707935Z,2026-02-10T09:09:12.483707935Z,2026-02-10T09:04:00.237389342Z,detect,span.name,spans,03a66bccef49,surveillance-edge,fa9bcb16b9bd7792,8515a6a25fe82d8995ba2eb4343564f3
,,613,2026-02-09T21:09:12.483707935Z,2026-02-10T09:09:12.483707935Z,2026-02-10T09:04:15.500682596Z,detect,span.name,spans,03a66bccef49,surveillance-edge,fac22575664a215d,6f5bb6779e852a67016658c8cf4b4b66
,,614,2026-02-09T21:09:12.483707935Z,2026-02-10T09:09:12.483707935Z,2026-02-10T09:02:37.05459272Z,detect,span.name,spans,03a66bccef49,surveillance-edge,fadc9a9b12dec3bf,bedbe6e39a76c46b52032191a6a188f4
,,615,2026-02-09T21:09:12.483707935Z,2026-02-10T09:09:12.483707935Z,2026-02-10T09:03:58.123086969Z,detect,span.name,spans,03a66bccef49,surveillance-edge,fae9c0ad97e4373b,9d7503c70590ab46b453d2d29a63bcf0
,,616,2026-02-09T21:09:12.483707935Z,2026-02-10T09:09:12.483707935Z,2026-02-10T09:06:12.343148352Z,detect,span.name,spans,03a66bccef49,surveillance-edge,fb06ee867c6a8b4d,7ee3c2ca0897e7c78eb271e54585a423
,,617,2026-02-09T21:09:12.483707935Z,2026-02-10T09:09:12.483707935Z,2026-02-10T09:03:18.817203968Z,detect,span.name,spans,03a66bccef49,surveillance-edge,fc0e7066be197f8c,c3004b0755653e524398707d0d696a3c
,,618,2026-02-09T21:09:12.483707935Z,2026-02-10T09:09:12.483707935Z,2026-02-10T09:04:54.040811911Z,detect,span.name,spans,03a66bccef49,surveillance-edge,fc2f829a126f94a6,82965f60939640391bb2975a3cfb7bbe
,,619,2026-02-09T21:09:12.483707935Z,2026-02-10T09:09:12.483707935Z,2026-02-10T09:03:22.006029083Z,detect,span.name,spans,03a66bccef49,surveillance-edge,fd8b1dce94821a6e,32e94538f3752cb3736f863d88443062
,,620,2026-02-09T21:09:12.483707935Z,2026-02-10T09:09:12.483707935Z,2026-02-10T09:07:48.88663515Z,detect,span.name,spans,03a66bccef49,surveillance-edge,fde75759f599347b,39a4cf3e0dcbdf56614f1393dd235478
,,621,2026-02-09T21:09:12.483707935Z,2026-02-10T09:09:12.483707935Z,2026-02-10T09:03:28.232471077Z,detect,span.name,spans,03a66bccef49,surveillance-edge,fe137813bc2cf8be,c2c5e6f6063a39b9a9ff383e9e9f80ed
,,622,2026-02-09T21:09:12.483707935Z,2026-02-10T09:09:12.483707935Z,2026-02-10T09:08:27.211767553Z,detect,span.name,spans,03a66bccef49,surveillance-edge,febaf02401b34e1b,62539b918b76656749d642bbcc337751
,,623,2026-02-09T21:09:12.483707935Z,2026-02-10T09:09:12.483707935Z,2026-02-10T09:04:06.634533059Z,detect,span.name,spans,03a66bccef49,surveillance-edge,ff762dad6890f8a9,0c4ffd4b56d676b2f3dd420c62f2795e
,,624,2026-02-09T21:09:12.483707935Z,2026-02-10T09:09:12.483707935Z,2026-02-10T09:06:50.079940364Z,detect,span.name,spans,03a66bccef49,surveillance-edge,fffc4bee4f5561d8,a1b64f0cce10ccc17638fecc1602d8cc
,,625,2026-02-09T21:09:12.483707935Z,2026-02-10T09:09:12.483707935Z,2026-02-10T09:07:10.267760247Z,cameraCapture,span.name,spans,03a66bccef49,surveillance-iot,0049a6c5d08950bb,4f0ad34fea22bb2fd44aae0f95b8af88
,,626,2026-02-09T21:09:12.483707935Z,2026-02-10T09:09:12.483707935Z,2026-02-10T09:02:46.510723093Z,cameraCapture,span.name,spans,03a66bccef49,surveillance-iot,00756a76705f56ee,363b22be7370492478972f21fc383fd9
,,627,2026-02-09T21:09:12.483707935Z,2026-02-10T09:09:12.483707935Z,2026-02-10T09:05:33.018596484Z,cameraCapture,span.name,spans,03a66bccef49,surveillance-iot,0094a64fc41f5204,7e253be97c2143466a8c2a710cfa066f
,,628,2026-02-09T21:09:12.483707935Z,2026-02-10T09:09:12.483707935Z,2026-02-10T09:06:21.821508442Z,cameraCapture,span.name,spans,03a66bccef49,surveillance-iot,00d65117ed03f53e,5e22f2320cd91f5286967653f121ba3f
,,629,2026-02-09T21:09:12.483707935Z,2026-02-10T09:09:12.483707935Z,2026-02-10T09:05:36.219269451Z,cameraCapture,span.name,spans,03a66bccef49,surveillance-iot,0194a7d77cdedb31,55ebd952f9ac8f0f90acac371f4c6f68
,,630,2026-02-09T21:09:12.483707935Z,2026-02-10T09:09:12.483707935Z,2026-02-10T09:04:19.407892957Z,cameraCapture,span.name,spans,03a66bccef49,surveillance-iot,02e8827dc9041e31,c7c899b3dbe964479045c7e119a77d2d
,,631,2026-02-09T21:09:12.483707935Z,2026-02-10T09:09:12.483707935Z,2026-02-10T09:03:22.157776369Z,cameraCapture,span.name,spans,03a66bccef49,surveillance-iot,0300af4a3c980a87,04d127aec39483b8ee072c646ac7ce9e
,,632,2026-02-09T21:09:12.483707935Z,2026-02-10T09:09:12.483707935Z,2026-02-10T09:05:13.637525393Z,cameraCapture,span.name,spans,03a66bccef49,surveillance-iot,03070c8af7c13479,a69815237befe701c3332dcdf35f88dd
,,633,2026-02-09T21:09:12.483707935Z,2026-02-10T09:09:12.483707935Z,2026-02-10T09:04:01.870352874Z,cameraCapture,span.name,spans,03a66bccef49,surveillance-iot,0354b004b0669bc5,e94c1b22d063ed56af11156b615efa90
,,634,2026-02-09T21:09:12.483707935Z,2026-02-10T09:09:12.483707935Z,2026-02-10T09:03:38.730864058Z,cameraCapture,span.name,spans,03a66bccef49,surveillance-iot,0369d8b38b8c402c,bd13afaa9431416752d791281edf5aa2
,,635,2026-02-09T21:09:12.483707935Z,2026-02-10T09:09:12.483707935Z,2026-02-10T09:03:47.130244804Z,cameraCapture,span.name,spans,03a66bccef49,surveillance-iot,0374cd704acf74d3,618fed211bf4e35fc26cf42261bbf899
,,636,2026-02-09T21:09:12.483707935Z,2026-02-10T09:09:12.483707935Z,2026-02-10T09:07:09.059336385Z,cameraCapture,span.name,spans,03a66bccef49,surveillance-iot,038f59dc3c2a7b69,cb63f6bf0cb9df62e24c55d4005b3589
,,637,2026-02-09T21:09:12.483707935Z,2026-02-10T09:09:12.483707935Z,2026-02-10T09:06:04.979879131Z,cameraCapture,span.name,spans,03a66bccef49,surveillance-iot,043934a3752899d1,3d516d15a1ee945b7634e2c1ce1b8773
,,638,2026-02-09T21:09:12.483707935Z,2026-02-10T09:09:12.483707935Z,2026-02-10T09:03:33.419309494Z,cameraCapture,span.name,spans,03a66bccef49,surveillance-iot,045484773fcf3480,47171702341e4cfccdcd56185f794a6f
,,639,2026-02-09T21:09:12.483707935Z,2026-02-10T09:09:12.483707935Z,2026-02-10T09:08:27.338674802Z,cameraCapture,span.name,spans,03a66bccef49,surveillance-iot,0481cdf87414bbc6,ac0d7d0796c1c727e33af2b95b87c195
,,640,2026-02-09T21:09:12.483707935Z,2026-02-10T09:09:12.483707935Z,2026-02-10T09:07:40.257279068Z,cameraCapture,span.name,spans,03a66bccef49,surveillance-iot,04c37572af072689,3575147fc76c141f7c961757c8c7955d
,,641,2026-02-09T21:09:12.483707935Z,2026-02-10T09:09:12.483707935Z,2026-02-10T09:06:57.419526381Z,cameraCapture,span.name,spans,03a66bccef49,surveillance-iot,04c94b0576682b45,bb20f75cfc04e9fcceb889c273d89c24
,,642,2026-02-09T21:09:12.483707935Z,2026-02-10T09:09:12.483707935Z,2026-02-10T09:04:58.611901761Z,alarmOn,span.name,spans,03a66bccef49,surveillance-iot,04d6a352099a04c9,2718b9641e85931e1c954ccfb6250a14
,,643,2026-02-09T21:09:12.483707935Z,2026-02-10T09:09:12.483707935Z,2026-02-10T09:04:26.140712401Z,cameraCapture,span.name,spans,03a66bccef49,surveillance-iot,0523545e90bdb4a6,77ed9d7c8df3dffdd5d347e604543c09
,,644,2026-02-09T21:09:12.483707935Z,2026-02-10T09:09:12.483707935Z,2026-02-10T09:06:13.457797729Z,cameraCapture,span.name,spans,03a66bccef49,surveillance-iot,065e4951661c13e6,f39d4433dc3b5b440403c4df5ba962b0
,,645,2026-02-09T21:09:12.483707935Z,2026-02-10T09:09:12.483707935Z,2026-02-10T09:04:13.417952048Z,cameraCapture,span.name,spans,03a66bccef49,surveillance-iot,085ec4233143c59a,0e88b00dcdcd12e2fd724a085725ec2f
,,646,2026-02-09T21:09:12.483707935Z,2026-02-10T09:09:12.483707935Z,2026-02-10T09:04:46.469964344Z,cameraCapture,span.name,spans,03a66bccef49,surveillance-iot,08d5c313f6f622e0,1abd6d261b8c5a7da25435f4cb47dca2
,,647,2026-02-09T21:09:12.483707935Z,2026-02-10T09:09:12.483707935Z,2026-02-10T09:02:55.080704312Z,cameraCapture,span.name,spans,03a66bccef49,surveillance-iot,08f82b0ae4d85209,a01acaadca0a4b09ae47a6af6905239e
,,648,2026-02-09T21:09:12.483707935Z,2026-02-10T09:09:12.483707935Z,2026-02-10T09:06:50.004868699Z,cameraCapture,span.name,spans,03a66bccef49,surveillance-iot,093dae55d59db0a5,e7574adc10f56c4ee115e01c41952d5f
,,649,2026-02-09T21:09:12.483707935Z,2026-02-10T09:09:12.483707935Z,2026-02-10T09:03:24.058444467Z,cameraCapture,span.name,spans,03a66bccef49,surveillance-iot,0970b4bbacba63fe,f18cdf70a4db09674ea17963280f7ce3
,,650,2026-02-09T21:09:12.483707935Z,2026-02-10T09:09:12.483707935Z,2026-02-10T09:08:28.388683559Z,cameraCapture,span.name,spans,03a66bccef49,surveillance-iot,0a5bf2a783eb2aca,53cbd53e678475d4137cad780309b819
,,651,2026-02-09T21:09:12.483707935Z,2026-02-10T09:09:12.483707935Z,2026-02-10T09:03:55.969440305Z,cameraCapture,span.name,spans,03a66bccef49,surveillance-iot,0b54e56d35689ecb,6ed2d8de3a77b0a12e9aae01abfff0e1
,,652,2026-02-09T21:09:12.483707935Z,2026-02-10T09:09:12.483707935Z,2026-02-10T09:03:28.437955847Z,cameraCapture,span.name,spans,03a66bccef49,surveillance-iot,0bd065c8d33eda08,f6979985476d8fc3709059b23811fcb7
,,653,2026-02-09T21:09:12.483707935Z,2026-02-10T09:09:12.483707935Z,2026-02-10T09:04:50.728494417Z,cameraCapture,span.name,spans,03a66bccef49,surveillance-iot,0c03e59b674e4416,52f96d6554ade581c8d9823d3a55d02a
,,654,2026-02-09T21:09:12.483707935Z,2026-02-10T09:09:12.483707935Z,2026-02-10T09:07:08.160075733Z,cameraCapture,span.name,spans,03a66bccef49,surveillance-iot,0c24f322aac7b84f,0ddf28ffe230a3649db1d1610859bc04
,,655,2026-02-09T21:09:12.483707935Z,2026-02-10T09:09:12.483707935Z,2026-02-10T09:08:19.947793716Z,cameraCapture,span.name,spans,03a66bccef49,surveillance-iot,0c3d265fe8a9b007,8147f3e8f3b1bfe12ca018a709735804
,,656,2026-02-09T21:09:12.483707935Z,2026-02-10T09:09:12.483707935Z,2026-02-10T09:07:18.677720067Z,cameraCapture,span.name,spans,03a66bccef49,surveillance-iot,0c4a47bca68a9d0d,b7cf93c7b676a429f4c79d2a8e9103b9
,,657,2026-02-09T21:09:12.483707935Z,2026-02-10T09:09:12.483707935Z,2026-02-10T09:05:59.700701938Z,cameraCapture,span.name,spans,03a66bccef49,surveillance-iot,0c4c564d2907cdb2,cbecd502abe6cf99301fdc8ab6fdbde3
,,658,2026-02-09T21:09:12.483707935Z,2026-02-10T09:09:12.483707935Z,2026-02-10T09:04:16.52405551Z,cameraCapture,span.name,spans,03a66bccef49,surveillance-iot,0c5be20cf2a897d3,d7376f5ffe557afc818bc669974cf51a
,,659,2026-02-09T21:09:12.483707935Z,2026-02-10T09:09:12.483707935Z,2026-02-10T09:04:11.342339452Z,cameraCapture,span.name,spans,03a66bccef49,surveillance-iot,0cf276a7f482fcfd,47cc8db53b10456353efc939dd9fe5a0
,,660,2026-02-09T21:09:12.483707935Z,2026-02-10T09:09:12.483707935Z,2026-02-10T09:02:24.899711519Z,cameraCapture,span.name,spans,03a66bccef49,surveillance-iot,0d030250a5201af5,0e2e11072d5552d3bf47ff75fa58e28a
,,661,2026-02-09T21:09:12.483707935Z,2026-02-10T09:09:12.483707935Z,2026-02-10T09:06:17.657759029Z,cameraCapture,span.name,spans,03a66bccef49,surveillance-iot,0d5b6be1ad887a02,1bb13d702d0e3727d12c1a2ae78f735f
,,662,2026-02-09T21:09:12.483707935Z,2026-02-10T09:09:12.483707935Z,2026-02-10T09:02:22.444423374Z,cameraCapture,span.name,spans,03a66bccef49,surveillance-iot,0d9d8614f5e699a7,0199f9907538864fcbb9985a2ce72099
,,663,2026-02-09T21:09:12.483707935Z,2026-02-10T09:09:12.483707935Z,2026-02-10T09:07:41.308818591Z,cameraCapture,span.name,spans,03a66bccef49,surveillance-iot,0da8018592a03eb2,eaf41ec702184e8d83ed13f913977b67
,,664,2026-02-09T21:09:12.483707935Z,2026-02-10T09:09:12.483707935Z,2026-02-10T09:04:06.060043984Z,cameraCapture,span.name,spans,03a66bccef49,surveillance-iot,0e071c52fdb82b34,c707cbcaa7cf2dcef462f857ef07bb60
,,665,2026-02-09T21:09:12.483707935Z,2026-02-10T09:09:12.483707935Z,2026-02-10T09:07:44.531211544Z,cameraCapture,span.name,spans,03a66bccef49,surveillance-iot,0e0f95f1ae38c027,0032d9fb69f977d149abe9356fb27910
,,666,2026-02-09T21:09:12.483707935Z,2026-02-10T09:09:12.483707935Z,2026-02-10T09:08:13.508818191Z,cameraCapture,span.name,spans,03a66bccef49,surveillance-iot,0efe53f725c07f1a,7e1d8191cfcd79eba2a8689ecad60500
,,667,2026-02-09T21:09:12.483707935Z,2026-02-10T09:09:12.483707935Z,2026-02-10T09:03:55.55938942Z,cameraCapture,span.name,spans,03a66bccef49,surveillance-iot,0f1ee7b1ca046aee,ebfc29cbdf43ccd55e8d84c289002f36
,,668,2026-02-09T21:09:12.483707935Z,2026-02-10T09:09:12.483707935Z,2026-02-10T09:07:57.392824514Z,alarmOn,span.name,spans,03a66bccef49,surveillance-iot,0f47dd5fe1b53e44,6d3fd3d76368a503e3ba9e0937d7d918
,,669,2026-02-09T21:09:12.483707935Z,2026-02-10T09:09:12.483707935Z,2026-02-10T09:05:49.999430416Z,cameraCapture,span.name,spans,03a66bccef49,surveillance-iot,0f4eb4cf162a526b,bc32da6bd6ae78d996806a60ddd3884c
,,670,2026-02-09T21:09:12.483707935Z,2026-02-10T09:09:12.483707935Z,2026-02-10T09:02:42.291226116Z,cameraCapture,span.name,spans,03a66bccef49,surveillance-iot,10db403c964d3f9a,fd39a8df598d23f7d24d315213cf2828
,,671,2026-02-09T21:09:12.483707935Z,2026-02-10T09:09:12.483707935Z,2026-02-10T09:07:20.787621308Z,cameraCapture,span.name,spans,03a66bccef49,surveillance-iot,10fd33b608871fcb,1fcd47245fa4ee472df2d15fbffa7003
,,672,2026-02-09T21:09:12.483707935Z,2026-02-10T09:09:12.483707935Z,2026-02-10T09:08:42.009903526Z,cameraCapture,span.name,spans,03a66bccef49,surveillance-iot,129fe7b73305c770,8d8a3a53d200664b3ef3aaff7b290deb
,,673,2026-02-09T21:09:12.483707935Z,2026-02-10T09:09:12.483707935Z,2026-02-10T09:07:14.470956625Z,cameraCapture,span.name,spans,03a66bccef49,surveillance-iot,12ee5e8d0c074e90,47d7d9210c0a70f98d2166c0af38ef76
,,674,2026-02-09T21:09:12.483707935Z,2026-02-10T09:09:12.483707935Z,2026-02-10T09:06:55.298486726Z,cameraCapture,span.name,spans,03a66bccef49,surveillance-iot,13186f597df122f3,03c2849e489d219379ef7e10cb03c931
,,675,2026-02-09T21:09:12.483707935Z,2026-02-10T09:09:12.483707935Z,2026-02-10T09:04:22.622373461Z,cameraCapture,span.name,spans,03a66bccef49,surveillance-iot,132dca3c9c7242da,8e61506ce4acb00ed4ae7aee5acf084c
,,676,2026-02-09T21:09:12.483707935Z,2026-02-10T09:09:12.483707935Z,2026-02-10T09:03:51.359508487Z,cameraCapture,span.name,spans,03a66bccef49,surveillance-iot,1355d4ad405130db,6dc58a75237de95361881f7875c0570d
,,677,2026-02-09T21:09:12.483707935Z,2026-02-10T09:09:12.483707935Z,2026-02-10T09:06:00.608704993Z,cameraCapture,span.name,spans,03a66bccef49,surveillance-iot,13c654d590c4b8a2,78d2a91d0b3977a464be67dfde95884a
,,678,2026-02-09T21:09:12.483707935Z,2026-02-10T09:09:12.483707935Z,2026-02-10T09:02:40.198144204Z,cameraCapture,span.name,spans,03a66bccef49,surveillance-iot,13cbc2cd6abd21a5,563b427ec255ee6e572162b676dbd760
,,679,2026-02-09T21:09:12.483707935Z,2026-02-10T09:09:12.483707935Z,2026-02-10T09:05:46.838944561Z,cameraCapture,span.name,spans,03a66bccef49,surveillance-iot,154609cd611f3f6a,d31e4cb388e6398fce056c00a1bb5974
,,680,2026-02-09T21:09:12.483707935Z,2026-02-10T09:09:12.483707935Z,2026-02-10T09:04:20.458276525Z,cameraCapture,span.name,spans,03a66bccef49,surveillance-iot,155d5f67eabfca4c,6583c3841931d82bd84bd0f38e1ed7be
,,681,2026-02-09T21:09:12.483707935Z,2026-02-10T09:09:12.483707935Z,2026-02-10T09:03:21.970397245Z,cameraCapture,span.name,spans,03a66bccef49,surveillance-iot,170a69856f0943a2,32e94538f3752cb3736f863d88443062
,,682,2026-02-09T21:09:12.483707935Z,2026-02-10T09:09:12.483707935Z,2026-02-10T09:06:58.479241687Z,cameraCapture,span.name,spans,03a66bccef49,surveillance-iot,17868b5b38ea766e,1219fa42cec2bd302da7242f95f6da02
,,683,2026-02-09T21:09:12.483707935Z,2026-02-10T09:09:12.483707935Z,2026-02-10T09:02:44.409580257Z,cameraCapture,span.name,spans,03a66bccef49,surveillance-iot,17a44f2c773a5784,62353397ed8919ac414732fc72e1d329
,,684,2026-02-09T21:09:12.483707935Z,2026-02-10T09:09:12.483707935Z,2026-02-10T09:04:10.820718421Z,cameraCapture,span.name,spans,03a66bccef49,surveillance-iot,17e0d33f7529f951,7038ee5dbe5f87b6f9de39819fc1ef1e
,,685,2026-02-09T21:09:12.483707935Z,2026-02-10T09:09:12.483707935Z,2026-02-10T09:02:39.521289991Z,cameraCapture,span.name,spans,03a66bccef49,surveillance-iot,184afdbf0f2f035e,1b7dfb0e995f889d45189a948172ed13
,,686,2026-02-09T21:09:12.483707935Z,2026-02-10T09:09:12.483707935Z,2026-02-10T09:07:43.470237652Z,cameraCapture,span.name,spans,03a66bccef49,surveillance-iot,18c01f70f594780b,c6e097f868df2fc13083d10bd5df04ba
,,687,2026-02-09T21:09:12.483707935Z,2026-02-10T09:09:12.483707935Z,2026-02-10T09:04:25.850476433Z,cameraCapture,span.name,spans,03a66bccef49,surveillance-iot,1900489d24f99f0f,ff8b9f0fcc1842fac382be8d96cf37e9
,,688,2026-02-09T21:09:12.483707935Z,2026-02-10T09:09:12.483707935Z,2026-02-10T09:05:31.959198609Z,cameraCapture,span.name,spans,03a66bccef49,surveillance-iot,1a165d2f38d12137,39dceeea0fbf84f9091d9ca1c1cf0fce
,,689,2026-02-09T21:09:12.483707935Z,2026-02-10T09:09:12.483707935Z,2026-02-10T09:06:30.417902686Z,cameraCapture,span.name,spans,03a66bccef49,surveillance-iot,1a1b163cee3f1703,40465ed99b35940d34c3b9dedb84cabf
,,690,2026-02-09T21:09:12.483707935Z,2026-02-10T09:09:12.483707935Z,2026-02-10T09:06:58.632713243Z,cameraCapture,span.name,spans,03a66bccef49,surveillance-iot,1a1ea231ca3faba1,017a1a4b23b84833d297c6765eb3aee2
,,691,2026-02-09T21:09:12.483707935Z,2026-02-10T09:09:12.483707935Z,2026-02-10T09:03:17.806343313Z,cameraCapture,span.name,spans,03a66bccef49,surveillance-iot,1a3c0c971ddafcbb,ce3b63994bf54f96c26c53af22b537f9
,,692,2026-02-09T21:09:12.483707935Z,2026-02-10T09:09:12.483707935Z,2026-02-10T09:05:28.308885618Z,cameraCapture,span.name,spans,03a66bccef49,surveillance-iot,1a9ebcf0dd8f1efc,f53c20cd706bb17e045f61670fbaf851
,,693,2026-02-09T21:09:12.483707935Z,2026-02-10T09:09:12.483707935Z,2026-02-10T09:08:26.10875585Z,cameraCapture,span.name,spans,03a66bccef49,surveillance-iot,1b3725c82c432e5e,7405fa655b9341a5de3a670c162fa906
,,694,2026-02-09T21:09:12.483707935Z,2026-02-10T09:09:12.483707935Z,2026-02-10T09:03:20.871325545Z,cameraCapture,span.name,spans,03a66bccef49,surveillance-iot,1b9208b214724793,1c03ab76db3be1e609cae74a091e5b5a
,,695,2026-02-09T21:09:12.483707935Z,2026-02-10T09:09:12.483707935Z,2026-02-10T09:03:36.879546585Z,cameraCapture,span.name,spans,03a66bccef49,surveillance-iot,1c04f405b8231b13,025e6ef1729c3566b5617210d329af44
,,696,2026-02-09T21:09:12.483707935Z,2026-02-10T09:09:12.483707935Z,2026-02-10T09:08:45.157684157Z,cameraCapture,span.name,spans,03a66bccef49,surveillance-iot,1cfcf10bd2be367f,5389592435ff8b668b0a4b131cc20760
,,697,2026-02-09T21:09:12.483707935Z,2026-02-10T09:09:12.483707935Z,2026-02-10T09:06:24.999014203Z,cameraCapture,span.name,spans,03a66bccef49,surveillance-iot,1d0a0e617ed39aca,5dd2f88838bb7c32ae2773e81e87659c
,,698,2026-02-09T21:09:12.483707935Z,2026-02-10T09:09:12.483707935Z,2026-02-10T09:04:21.798272086Z,cameraCapture,span.name,spans,03a66bccef49,surveillance-iot,1d52db87c85fa771,19e45440fb2223abdd20cf1258073590
,,699,2026-02-09T21:09:12.483707935Z,2026-02-10T09:09:12.483707935Z,2026-02-10T09:06:03.921714123Z,cameraCapture,span.name,spans,03a66bccef49,surveillance-iot,1dba4fffaea4b9c9,19500376645452d6547bd73211bacb95
,,700,2026-02-09T21:09:12.483707935Z,2026-02-10T09:09:12.483707935Z,2026-02-10T09:06:03.837796675Z,cameraCapture,span.name,spans,03a66bccef49,surveillance-iot,1ebb85cf37fb0260,33d47f9fd90357e83cabef5e3dd14d31
,,701,2026-02-09T21:09:12.483707935Z,2026-02-10T09:09:12.483707935Z,2026-02-10T09:03:42.929571109Z,cameraCapture,span.name,spans,03a66bccef49,surveillance-iot,1ec53e7ae2c3b976,f3f73f719f6d24425c8a3b99b60fb64d
,,702,2026-02-09T21:09:12.483707935Z,2026-02-10T09:09:12.483707935Z,2026-02-10T09:08:29.288811962Z,cameraCapture,span.name,spans,03a66bccef49,surveillance-iot,1f280d18e99a6bf0,fc133c34d8b31435cfa03b61a847a160
,,703,2026-02-09T21:09:12.483707935Z,2026-02-10T09:09:12.483707935Z,2026-02-10T09:07:57.387574214Z,alarmOn,span.name,spans,03a66bccef49,surveillance-iot,1fd2ad4b50541fd9,6d3fd3d76368a503e3ba9e0937d7d918
,,704,2026-02-09T21:09:12.483707935Z,2026-02-10T09:09:12.483707935Z,2026-02-10T09:08:31.537758541Z,cameraCapture,span.name,spans,03a66bccef49,surveillance-iot,20adcf20c1947555,0b717c951fe5248f88b8958413625998
,,705,2026-02-09T21:09:12.483707935Z,2026-02-10T09:09:12.483707935Z,2026-02-10T09:05:57.607733339Z,cameraCapture,span.name,spans,03a66bccef49,surveillance-iot,20fccb9650747592,948de9486abb0ace6427ae9141cb1fa3
,,706,2026-02-09T21:09:12.483707935Z,2026-02-10T09:09:12.483707935Z,2026-02-10T09:07:52.020637884Z,cameraCapture,span.name,spans,03a66bccef49,surveillance-iot,222876e2588a4759,cea6f03b022707952a3770348fd42f21
,,707,2026-02-09T21:09:12.483707935Z,2026-02-10T09:09:12.483707935Z,2026-02-10T09:04:04.427182487Z,cameraCapture,span.name,spans,03a66bccef49,surveillance-iot,227544c082ea4a70,ab70ae12737087105d0cf4f1e87ce383
,,708,2026-02-09T21:09:12.483707935Z,2026-02-10T09:09:12.483707935Z,2026-02-10T09:07:21.708885803Z,cameraCapture,span.name,spans,03a66bccef49,surveillance-iot,229c12dd16307b6e,c9e5661314eff40ea536969bae0d7036
,,709,2026-02-09T21:09:12.483707935Z,2026-02-10T09:09:12.483707935Z,2026-02-10T09:07:25.235330792Z,alarmOn,span.name,spans,03a66bccef49,surveillance-iot,243c30c9999ed948,c08ccde60ee90abd2e0b99114a695ecd
,,710,2026-02-09T21:09:12.483707935Z,2026-02-10T09:09:12.483707935Z,2026-02-10T09:06:13.357821395Z,cameraCapture,span.name,spans,03a66bccef49,surveillance-iot,256643250f9c3adc,bc35f6ac70eee4b61835ab55362a2831
,,711,2026-02-09T21:09:12.483707935Z,2026-02-10T09:09:12.483707935Z,2026-02-10T09:06:14.517823758Z,cameraCapture,span.name,spans,03a66bccef49,surveillance-iot,25f3ce40bcccb4dd,94197273770b439dc39323b638af9932
,,712,2026-02-09T21:09:12.483707935Z,2026-02-10T09:09:12.483707935Z,2026-02-10T09:06:18.689737433Z,cameraCapture,span.name,spans,03a66bccef49,surveillance-iot,26d072356b3a1251,694eff227edc3cac248325d45f4fd368
,,713,2026-02-09T21:09:12.483707935Z,2026-02-10T09:09:12.483707935Z,2026-02-10T09:04:11.898794263Z,cameraCapture,span.name,spans,03a66bccef49,surveillance-iot,26d391dc5133d6f7,6cdfeb790f7a9a66778ca3a775b3ee89
,,714,2026-02-09T21:09:12.483707935Z,2026-02-10T09:09:12.483707935Z,2026-02-10T09:02:45.760795016Z,cameraCapture,span.name,spans,03a66bccef49,surveillance-iot,275ccd4f8a893f6c,253e4593c41b9afe7bdbc5646b1fb1af
,,715,2026-02-09T21:09:12.483707935Z,2026-02-10T09:09:12.483707935Z,2026-02-10T09:02:56.328039051Z,cameraCapture,span.name,spans,03a66bccef49,surveillance-iot,27f16bc60d2b68ff,9dd4adefa33a41fb11a9ca23f6dbe093
,,716,2026-02-09T21:09:12.483707935Z,2026-02-10T09:09:12.483707935Z,2026-02-10T09:05:18.037811033Z,cameraCapture,span.name,spans,03a66bccef49,surveillance-iot,28361fbdefa65750,e033bdf1576985be41d0d286240d6604
,,717,2026-02-09T21:09:12.483707935Z,2026-02-10T09:09:12.483707935Z,2026-02-10T09:07:43.438954252Z,cameraCapture,span.name,spans,03a66bccef49,surveillance-iot,28b101bb8a1db835,f6601fd7b71246af51fc8b465c6e832b
,,718,2026-02-09T21:09:12.483707935Z,2026-02-10T09:09:12.483707935Z,2026-02-10T09:08:30.346830644Z,cameraCapture,span.name,spans,03a66bccef49,surveillance-iot,2a459f98a2c1a94b,7ae4cab507449a156a38d7b5b216f9c3
,,719,2026-02-09T21:09:12.483707935Z,2026-02-10T09:09:12.483707935Z,2026-02-10T09:06:19.730326832Z,cameraCapture,span.name,spans,03a66bccef49,surveillance-iot,2a98e586645b7bf5,ca5f4c4279a8b8dbd4b748c49f2c211d
,,720,2026-02-09T21:09:12.483707935Z,2026-02-10T09:09:12.483707935Z,2026-02-10T09:05:38.369362679Z,cameraCapture,span.name,spans,03a66bccef49,surveillance-iot,2aa2bac92b854713,51f67426031619bd22c470773cef673d
,,721,2026-02-09T21:09:12.483707935Z,2026-02-10T09:09:12.483707935Z,2026-02-10T09:07:12.198634915Z,cameraCapture,span.name,spans,03a66bccef49,surveillance-iot,2b072ef938006a7a,ea08d9b00d16afb68a4a41732bc2549c
,,722,2026-02-09T21:09:12.483707935Z,2026-02-10T09:09:12.483707935Z,2026-02-10T09:08:43.067375223Z,cameraCapture,span.name,spans,03a66bccef49,surveillance-iot,2b7d83e75415eba4,e71916b1870f8aa024d74b367d204881
,,723,2026-02-09T21:09:12.483707935Z,2026-02-10T09:09:12.483707935Z,2026-02-10T09:02:31.691615728Z,cameraCapture,span.name,spans,03a66bccef49,surveillance-iot,2bd9af0352345861,99a8b42bb7fea0d5bc1a225e97f927e7
,,724,2026-02-09T21:09:12.483707935Z,2026-02-10T09:09:12.483707935Z,2026-02-10T09:08:39.768485595Z,cameraCapture,span.name,spans,03a66bccef49,surveillance-iot,2cb95b80a3cb63a7,38a6b544e2ed8f342c0f1ef9d5312224
,,725,2026-02-09T21:09:12.483707935Z,2026-02-10T09:09:12.483707935Z,2026-02-10T09:02:38.068961151Z,cameraCapture,span.name,spans,03a66bccef49,surveillance-iot,2cd5e2ce3a6cadd6,f47dbe21b480f6e4918f24485e34201c
,,726,2026-02-09T21:09:12.483707935Z,2026-02-10T09:09:12.483707935Z,2026-02-10T09:04:51.79031101Z,cameraCapture,span.name,spans,03a66bccef49,surveillance-iot,2cdf5beaf5dca848,c57bc0589eb3d0eaf4393a9c11ccd318
,,727,2026-02-09T21:09:12.483707935Z,2026-02-10T09:09:12.483707935Z,2026-02-10T09:08:20.887880611Z,cameraCapture,span.name,spans,03a66bccef49,surveillance-iot,2cf91df4a615bf8f,4abe201030bb8a5733b231a1fe89607d
,,728,2026-02-09T21:09:12.483707935Z,2026-02-10T09:09:12.483707935Z,2026-02-10T09:07:03.931680969Z,cameraCapture,span.name,spans,03a66bccef49,surveillance-iot,2e07c5aba039e6cd,8e4d76749ca06e4e07ce528d7a16a614
,,729,2026-02-09T21:09:12.483707935Z,2026-02-10T09:09:12.483707935Z,2026-02-10T09:04:47.539467311Z,cameraCapture,span.name,spans,03a66bccef49,surveillance-iot,2e254edd139cbd4b,356e9189a8065028deb0b3c10b23390e
,,730,2026-02-09T21:09:12.483707935Z,2026-02-10T09:09:12.483707935Z,2026-02-10T09:06:27.29683639Z,cameraCapture,span.name,spans,03a66bccef49,surveillance-iot,2e5ed05292c18ecf,bda1e5efb104fd14f8a7f1e869a1dc44
,,731,2026-02-09T21:09:12.483707935Z,2026-02-10T09:09:12.483707935Z,2026-02-10T09:08:34.547899061Z,cameraCapture,span.name,spans,03a66bccef49,surveillance-iot,2e748b976c3c285b,926ea842546391620b5491c5df7b8879
,,732,2026-02-09T21:09:12.483707935Z,2026-02-10T09:09:12.483707935Z,2026-02-10T09:05:55.319227408Z,cameraCapture,span.name,spans,03a66bccef49,surveillance-iot,2f12c64a18d31618,923eff4e684e8275b840b913c6ca1b48
,,733,2026-02-09T21:09:12.483707935Z,2026-02-10T09:09:12.483707935Z,2026-02-10T09:06:29.377048647Z,cameraCapture,span.name,spans,03a66bccef49,surveillance-iot,2f2499d9c7a1116d,dcd959ca02a5306aceb23c174b2f97b6
,,734,2026-02-09T21:09:12.483707935Z,2026-02-10T09:09:12.483707935Z,2026-02-10T09:03:41.123875078Z,cameraCapture,span.name,spans,03a66bccef49,surveillance-iot,2f97dc1c36ae92fb,735db49c3354d06f0b813bade51d41ec
,,735,2026-02-09T21:09:12.483707935Z,2026-02-10T09:09:12.483707935Z,2026-02-10T09:08:19.829392174Z,cameraCapture,span.name,spans,03a66bccef49,surveillance-iot,2fdc7e7f6adb9180,3fdaa0765b805f280ee58ea51c0b4043
,,736,2026-02-09T21:09:12.483707935Z,2026-02-10T09:09:12.483707935Z,2026-02-10T09:04:05.520001177Z,cameraCapture,span.name,spans,03a66bccef49,surveillance-iot,2fded1b19b3036a7,475a5998d9c00705a9489888daa8be96
,,737,2026-02-09T21:09:12.483707935Z,2026-02-10T09:09:12.483707935Z,2026-02-10T09:04:55.093955493Z,cameraCapture,span.name,spans,03a66bccef49,surveillance-iot,304977861d662549,6d79fef499d1bda4c32122a65d9164c9
,,738,2026-02-09T21:09:12.483707935Z,2026-02-10T09:09:12.483707935Z,2026-02-10T09:02:58.428010108Z,cameraCapture,span.name,spans,03a66bccef49,surveillance-iot,305e31f4890109fc,001ff8c642420bfbc6339ad4bb3cabfe
,,739,2026-02-09T21:09:12.483707935Z,2026-02-10T09:09:12.483707935Z,2026-02-10T09:04:17.587047944Z,cameraCapture,span.name,spans,03a66bccef49,surveillance-iot,30670fff8270ef2a,fd46b590cd1049f0ee8e030234d9cc5f
,,740,2026-02-09T21:09:12.483707935Z,2026-02-10T09:09:12.483707935Z,2026-02-10T09:04:03.388995869Z,cameraCapture,span.name,spans,03a66bccef49,surveillance-iot,30dafe0d0b64a80c,27600a4f22979ff6e02ce01c72b10fb2
,,741,2026-02-09T21:09:12.483707935Z,2026-02-10T09:09:12.483707935Z,2026-02-10T09:02:29.569700982Z,cameraCapture,span.name,spans,03a66bccef49,surveillance-iot,30fe6adaea0156eb,939f16bc82b5ffe7a0138cfdc06607b8
,,742,2026-02-09T21:09:12.483707935Z,2026-02-10T09:09:12.483707935Z,2026-02-10T09:03:14.530193779Z,cameraCapture,span.name,spans,03a66bccef49,surveillance-iot,31087090c9d798f8,41e2afa695c8ecc437f033c416fc9d42
,,743,2026-02-09T21:09:12.483707935Z,2026-02-10T09:09:12.483707935Z,2026-02-10T09:03:52.420198925Z,cameraCapture,span.name,spans,03a66bccef49,surveillance-iot,31a260f0477494c5,1a68e6f48089faa5f890f6f647bd7730
,,744,2026-02-09T21:09:12.483707935Z,2026-02-10T09:09:12.483707935Z,2026-02-10T09:06:01.659435727Z,cameraCapture,span.name,spans,03a66bccef49,surveillance-iot,31a83553fff69fa8,87672bb4b6317e8a719b0d005023102d
,,745,2026-02-09T21:09:12.483707935Z,2026-02-10T09:09:12.483707935Z,2026-02-10T09:05:52.13016981Z,cameraCapture,span.name,spans,03a66bccef49,surveillance-iot,31cd4818b02176e4,799d402de03fc83c6d64cb38d4d88de2
,,746,2026-02-09T21:09:12.483707935Z,2026-02-10T09:09:12.483707935Z,2026-02-10T09:06:10.278881777Z,cameraCapture,span.name,spans,03a66bccef49,surveillance-iot,31cef0166240a7ee,9a08b75d99eed2c8ac34ddf81e00b521
,,747,2026-02-09T21:09:12.483707935Z,2026-02-10T09:09:12.483707935Z,2026-02-10T09:03:52.79058651Z,cameraCapture,span.name,spans,03a66bccef49,surveillance-iot,32ab9eac51e455e7,c4d57e699fb6c8a37573e0b034ed9952
,,748,2026-02-09T21:09:12.483707935Z,2026-02-10T09:09:12.483707935Z,2026-02-10T09:04:16.200037661Z,cameraCapture,span.name,spans,03a66bccef49,surveillance-iot,3360224a4e1cc773,73f36d8d62ec7dfc79684af290edcb5d
,,749,2026-02-09T21:09:12.483707935Z,2026-02-10T09:09:12.483707935Z,2026-02-10T09:03:29.2502644Z,cameraCapture,span.name,spans,03a66bccef49,surveillance-iot,336960a4d2138565,234b7b421627234f8f741ee78aa74500
,,750,2026-02-09T21:09:12.483707935Z,2026-02-10T09:09:12.483707935Z,2026-02-10T09:08:21.908785549Z,cameraCapture,span.name,spans,03a66bccef49,surveillance-iot,346fea3638a0cadc,bee2ca8659d0ea64cadb3105159489b1
,,751,2026-02-09T21:09:12.483707935Z,2026-02-10T09:09:12.483707935Z,2026-02-10T09:08:22.958939805Z,cameraCapture,span.name,spans,03a66bccef49,surveillance-iot,34770971d6c77aa1,95508edc0574baf8d95d887fc24cf353
,,752,2026-02-09T21:09:12.483707935Z,2026-02-10T09:09:12.483707935Z,2026-02-10T09:06:52.119296588Z,cameraCapture,span.name,spans,03a66bccef49,surveillance-iot,348516c509add9a7,7bc1f89b8ae0186586b782e3dbdd2b77
,,753,2026-02-09T21:09:12.483707935Z,2026-02-10T09:09:12.483707935Z,2026-02-10T09:02:44.7227405Z,cameraCapture,span.name,spans,03a66bccef49,surveillance-iot,34a9f733560b1482,73d35dababb327f43ad92f4dc7387c88
,,754,2026-02-09T21:09:12.483707935Z,2026-02-10T09:09:12.483707935Z,2026-02-10T09:06:34.438166324Z,cameraCapture,span.name,spans,03a66bccef49,surveillance-iot,34ebb297ca6d440e,93165a66adb2806359222f9fcf3288ee
,,755,2026-02-09T21:09:12.483707935Z,2026-02-10T09:09:12.483707935Z,2026-02-10T09:08:18.768365637Z,cameraCapture,span.name,spans,03a66bccef49,surveillance-iot,3500d5d8a72a4f06,8b6547058723baa544d36fd01e400f7f
,,756,2026-02-09T21:09:12.483707935Z,2026-02-10T09:09:12.483707935Z,2026-02-10T09:08:14.529205206Z,cameraCapture,span.name,spans,03a66bccef49,surveillance-iot,356e8794babad2c7,658c65d725cf481877ff8d28dd97c7bd
,,757,2026-02-09T21:09:12.483707935Z,2026-02-10T09:09:12.483707935Z,2026-02-10T09:04:45.448943167Z,cameraCapture,span.name,spans,03a66bccef49,surveillance-iot,3584fb401e6bc02c,fb253ac62f9e783036fab783343ba699
,,758,2026-02-09T21:09:12.483707935Z,2026-02-10T09:09:12.483707935Z,2026-02-10T09:07:23.969834812Z,cameraCapture,span.name,spans,03a66bccef49,surveillance-iot,35da1801a5a661f7,2af6663c8bd49c3e1a0a1fa72f56fb16
,,759,2026-02-09T21:09:12.483707935Z,2026-02-10T09:09:12.483707935Z,2026-02-10T09:04:10.280420801Z,cameraCapture,span.name,spans,03a66bccef49,surveillance-iot,36063ca92fa1ca03,102a3a27cf88dd56d2e25ef21c024e63
,,760,2026-02-09T21:09:12.483707935Z,2026-02-10T09:09:12.483707935Z,2026-02-10T09:04:24.762733504Z,cameraCapture,span.name,spans,03a66bccef49,surveillance-iot,360c46736149465a,448e9b6985ae4c481c8034c67daa03df
,,761,2026-02-09T21:09:12.483707935Z,2026-02-10T09:09:12.483707935Z,2026-02-10T09:05:58.497166836Z,cameraCapture,span.name,spans,03a66bccef49,surveillance-iot,369de46fbc7f622f,f0f458431b20e503c2fb809fc598d4be
,,762,2026-02-09T21:09:12.483707935Z,2026-02-10T09:09:12.483707935Z,2026-02-10T09:07:25.038575379Z,cameraCapture,span.name,spans,03a66bccef49,surveillance-iot,37ad9b8913dd4516,c08ccde60ee90abd2e0b99114a695ecd
,,763,2026-02-09T21:09:12.483707935Z,2026-02-10T09:09:12.483707935Z,2026-02-10T09:02:42.631144354Z,cameraCapture,span.name,spans,03a66bccef49,surveillance-iot,37ba768568ec2f2e,2a186234ead05015ba4cf6916309dd0c
,,764,2026-02-09T21:09:12.483707935Z,2026-02-10T09:09:12.483707935Z,2026-02-10T09:08:26.268678272Z,cameraCapture,span.name,spans,03a66bccef49,surveillance-iot,387e9805611b7787,c356269fb5088e69f1ad833ca921961f
,,765,2026-02-09T21:09:12.483707935Z,2026-02-10T09:09:12.483707935Z,2026-02-10T09:03:20.028951785Z,cameraCapture,span.name,spans,03a66bccef49,surveillance-iot,3893f8562a6d5b51,7d68c3b8cfab41e5a88c6badb24114ac
,,766,2026-02-09T21:09:12.483707935Z,2026-02-10T09:09:12.483707935Z,2026-02-10T09:04:49.719628272Z,cameraCapture,span.name,spans,03a66bccef49,surveillance-iot,39143e8fe0b7b002,144e243a0679ad9ce672c3892b973cac
,,767,2026-02-09T21:09:12.483707935Z,2026-02-10T09:09:12.483707935Z,2026-02-10T09:05:51.068988386Z,cameraCapture,span.name,spans,03a66bccef49,surveillance-iot,393234dab5c3fe9b,995ec6cf58f8e720566a7f5efe9a078c
,,768,2026-02-09T21:09:12.483707935Z,2026-02-10T09:09:12.483707935Z,2026-02-10T09:06:34.970369767Z,alarmOn,span.name,spans,03a66bccef49,surveillance-iot,397276bc5b3cd04e,f0644ee6da1040ca7fcfe1a68298aedc
,,769,2026-02-09T21:09:12.483707935Z,2026-02-10T09:09:12.483707935Z,2026-02-10T09:05:19.97978637Z,cameraCapture,span.name,spans,03a66bccef49,surveillance-iot,3995bdf383625fff,e591a875ca91fa1e7f8c9eb828663ef5
,,770,2026-02-09T21:09:12.483707935Z,2026-02-10T09:09:12.483707935Z,2026-02-10T09:02:58.500809947Z,alarmOn,span.name,spans,03a66bccef49,surveillance-iot,3ad873b05b98f053,db89ef8c211859468cd9690a3d6c6ea5
,,771,2026-02-09T21:09:12.483707935Z,2026-02-10T09:09:12.483707935Z,2026-02-10T09:02:27.370790827Z,cameraCapture,span.name,spans,03a66bccef49,surveillance-iot,3bffeff5e669722c,7915f2fb6812017d753bb0da0e72375f
,,772,2026-02-09T21:09:12.483707935Z,2026-02-10T09:09:12.483707935Z,2026-02-10T09:03:27.177947728Z,cameraCapture,span.name,spans,03a66bccef49,surveillance-iot,3c4714ed73b1b626,3d4d0664b3a67ec1ff363fb1d98d74b4
,,773,2026-02-09T21:09:12.483707935Z,2026-02-10T09:09:12.483707935Z,2026-02-10T09:07:13.258806233Z,cameraCapture,span.name,spans,03a66bccef49,surveillance-iot,3c65ce8ece3d3856,d0b6dc0d856ef7ec2a6e069025f861b9
,,774,2026-02-09T21:09:12.483707935Z,2026-02-10T09:09:12.483707935Z,2026-02-10T09:06:54.327868692Z,cameraCapture,span.name,spans,03a66bccef49,surveillance-iot,3d0262cdd7e09512,9a69cf256d23c5b57a8916f3c3267129
,,775,2026-02-09T21:09:12.483707935Z,2026-02-10T09:09:12.483707935Z,2026-02-10T09:07:02.887258518Z,cameraCapture,span.name,spans,03a66bccef49,surveillance-iot,3d2fd24f915b7c21,3b06b3416832f135a8afbd57b619ddb8
,,776,2026-02-09T21:09:12.483707935Z,2026-02-10T09:09:12.483707935Z,2026-02-10T09:03:47.489515186Z,cameraCapture,span.name,spans,03a66bccef49,surveillance-iot,3d637f3b0a6afac3,d0def8a311ee994e6202552ed5b7a445
,,777,2026-02-09T21:09:12.483707935Z,2026-02-10T09:09:12.483707935Z,2026-02-10T09:02:51.890912022Z,cameraCapture,span.name,spans,03a66bccef49,surveillance-iot,3d682d62110676bb,558d53ed1a2fd4ee3fcceaf26ee2c7e1
,,778,2026-02-09T21:09:12.483707935Z,2026-02-10T09:09:12.483707935Z,2026-02-10T09:07:23.828957255Z,cameraCapture,span.name,spans,03a66bccef49,surveillance-iot,3d87ff81691f67f1,39a444ba4be93266cfd8b9c048400958
,,779,2026-02-09T21:09:12.483707935Z,2026-02-10T09:09:12.483707935Z,2026-02-10T09:05:28.748909055Z,cameraCapture,span.name,spans,03a66bccef49,surveillance-iot,3dbcd5cf28ad1863,71248abe15875d37f274e0f962ca572d
,,780,2026-02-09T21:09:12.483707935Z,2026-02-10T09:09:12.483707935Z,2026-02-10T09:05:20.200008341Z,cameraCapture,span.name,spans,03a66bccef49,surveillance-iot,3de897efa456b64c,44fcecd57c5f2681388bd0fd20151189
,,781,2026-02-09T21:09:12.483707935Z,2026-02-10T09:09:12.483707935Z,2026-02-10T09:05:22.322347771Z,cameraCapture,span.name,spans,03a66bccef49,surveillance-iot,3e20c41ecf16aeb9,4bbafa26d9ee52176ba50b0770a8a6dc
,,782,2026-02-09T21:09:12.483707935Z,2026-02-10T09:09:12.483707935Z,2026-02-10T09:02:25.938315972Z,cameraCapture,span.name,spans,03a66bccef49,surveillance-iot,3ed32d6a89516007,b7c1a8ab9c3af0a2e1ad3c31e90706e6
,,783,2026-02-09T21:09:12.483707935Z,2026-02-10T09:09:12.483707935Z,2026-02-10T09:04:12.389084595Z,cameraCapture,span.name,spans,03a66bccef49,surveillance-iot,3f27844305208972,01e5de65bd980da457624a5241a1fa9a
,,784,2026-02-09T21:09:12.483707935Z,2026-02-10T09:09:12.483707935Z,2026-02-10T09:03:48.560281013Z,cameraCapture,span.name,spans,03a66bccef49,surveillance-iot,3f4d5ad6100a5257,85f30d95757c715495d0d2549b3d40c9
,,785,2026-02-09T21:09:12.483707935Z,2026-02-10T09:09:12.483707935Z,2026-02-10T09:04:52.938831597Z,cameraCapture,span.name,spans,03a66bccef49,surveillance-iot,3f50acafddc15500,3c04a4afb64cfece0fc9ecefda0d342d
,,786,2026-02-09T21:09:12.483707935Z,2026-02-10T09:09:12.483707935Z,2026-02-10T09:08:25.07702807Z,cameraCapture,span.name,spans,03a66bccef49,surveillance-iot,3f644007ea7867f5,f06b2c4eb20e7f2f9fa1bc6a7793d403
,,787,2026-02-09T21:09:12.483707935Z,2026-02-10T09:09:12.483707935Z,2026-02-10T09:02:37.02090539Z,cameraCapture,span.name,spans,03a66bccef49,surveillance-iot,4064f211d4d63899,bedbe6e39a76c46b52032191a6a188f4
,,788,2026-02-09T21:09:12.483707935Z,2026-02-10T09:09:12.483707935Z,2026-02-10T09:08:40.808131845Z,cameraCapture,span.name,spans,03a66bccef49,surveillance-iot,409bc4f9c3a64a72,1e06dbfd2e4fe69b337336ab7c2bb637
,,789,2026-02-09T21:09:12.483707935Z,2026-02-10T09:09:12.483707935Z,2026-02-10T09:07:08.01033332Z,cameraCapture,span.name,spans,03a66bccef49,surveillance-iot,41444e4aa4488867,77126efc2a23f6920174100e8548a008
,,790,2026-02-09T21:09:12.483707935Z,2026-02-10T09:09:12.483707935Z,2026-02-10T09:08:12.410419398Z,cameraCapture,span.name,spans,03a66bccef49,surveillance-iot,43d24b43f315c3e8,22ad0a2c8544ea95996049e5721783c6
,,791,2026-02-09T21:09:12.483707935Z,2026-02-10T09:09:12.483707935Z,2026-02-10T09:05:26.209719367Z,cameraCapture,span.name,spans,03a66bccef49,surveillance-iot,43fbfe4fc900d1ad,e55eb9f26a6331a8ca5be7eaed5b9805
,,792,2026-02-09T21:09:12.483707935Z,2026-02-10T09:09:12.483707935Z,2026-02-10T09:08:25.227217115Z,cameraCapture,span.name,spans,03a66bccef49,surveillance-iot,44085eda2870d6d8,f723e4e61930e73c75e2837c58b84122
,,793,2026-02-09T21:09:12.483707935Z,2026-02-10T09:09:12.483707935Z,2026-02-10T09:07:54.147513205Z,cameraCapture,span.name,spans,03a66bccef49,surveillance-iot,44a28fbc9610323f,e738a1c5d484f6d215cd7469bcc02547
,,794,2026-02-09T21:09:12.483707935Z,2026-02-10T09:09:12.483707935Z,2026-02-10T09:05:39.449659121Z,cameraCapture,span.name,spans,03a66bccef49,surveillance-iot,458032746968baa9,c515274fbc90a224430e7a82ed99f579
,,795,2026-02-09T21:09:12.483707935Z,2026-02-10T09:09:12.483707935Z,2026-02-10T09:02:58.261403991Z,cameraCapture,span.name,spans,03a66bccef49,surveillance-iot,459ccddffaec4c60,db89ef8c211859468cd9690a3d6c6ea5
,,796,2026-02-09T21:09:12.483707935Z,2026-02-10T09:09:12.483707935Z,2026-02-10T09:02:43.350495422Z,cameraCapture,span.name,spans,03a66bccef49,surveillance-iot,45d87a221f3c4e53,8323e5a7df49778530bd812be4bbbaa2
,,797,2026-02-09T21:09:12.483707935Z,2026-02-10T09:09:12.483707935Z,2026-02-10T09:05:45.087728162Z,cameraCapture,span.name,spans,03a66bccef49,surveillance-iot,45dadc909b1a93a0,4364b29533c56007ea7acbf23b2d4ce7
,,798,2026-02-09T21:09:12.483707935Z,2026-02-10T09:09:12.483707935Z,2026-02-10T09:06:06.038456219Z,cameraCapture,span.name,spans,03a66bccef49,surveillance-iot,45fc222313796fae,578cae46c53b9096042ed1447dc95b25
,,799,2026-02-09T21:09:12.483707935Z,2026-02-10T09:09:12.483707935Z,2026-02-10T09:07:53.078645242Z,cameraCapture,span.name,spans,03a66bccef49,surveillance-iot,46de52e09843fa18,1c2e66a59182afd7004965ab78a1c959
,,800,2026-02-09T21:09:12.483707935Z,2026-02-10T09:09:12.483707935Z,2026-02-10T09:06:27.108737923Z,cameraCapture,span.name,spans,03a66bccef49,surveillance-iot,46fcef6ece21ae7b,645fc52b2dc8e755fe29b4624861e02a
,,801,2026-02-09T21:09:12.483707935Z,2026-02-10T09:09:12.483707935Z,2026-02-10T09:05:54.248223344Z,cameraCapture,span.name,spans,03a66bccef49,surveillance-iot,472f6fc77d671fbd,b6707074880c6ef4d2792a83c0cdcb76
,,802,2026-02-09T21:09:12.483707935Z,2026-02-10T09:09:12.483707935Z,2026-02-10T09:07:49.898631339Z,cameraCapture,span.name,spans,03a66bccef49,surveillance-iot,47f44d983a5670b4,808cd907e5126b587cb76d3640912962
,,803,2026-02-09T21:09:12.483707935Z,2026-02-10T09:09:12.483707935Z,2026-02-10T09:05:24.138396958Z,cameraCapture,span.name,spans,03a66bccef49,surveillance-iot,496fc641684447ab,bd84daaf0073c46ac69bba77c1d744cc
,,804,2026-02-09T21:09:12.483707935Z,2026-02-10T09:09:12.483707935Z,2026-02-10T09:02:17.083656331Z,cameraCapture,span.name,spans,03a66bccef49,surveillance-iot,4a2560af6d09edec,e6a4c4d53153b19b8cee5fb9eb22f964
,,805,2026-02-09T21:09:12.483707935Z,2026-02-10T09:09:12.483707935Z,2026-02-10T09:04:58.611465395Z,alarmOn,span.name,spans,03a66bccef49,surveillance-iot,4a6c81f71b31ae42,2718b9641e85931e1c954ccfb6250a14
,,806,2026-02-09T21:09:12.483707935Z,2026-02-10T09:09:12.483707935Z,2026-02-10T09:05:51.356984663Z,cameraCapture,span.name,spans,03a66bccef49,surveillance-iot,4bd7b56b956b9fb2,9ac0fa4f1af6d805151b1ac877f2daf4
,,807,2026-02-09T21:09:12.483707935Z,2026-02-10T09:09:12.483707935Z,2026-02-10T09:03:33.708274086Z,cameraCapture,span.name,spans,03a66bccef49,surveillance-iot,4ca293dfad5c162e,27fafb78f661a50fd4cf8f01c4b492b9
,,808,2026-02-09T21:09:12.483707935Z,2026-02-10T09:09:12.483707935Z,2026-02-10T09:04:49.687395261Z,cameraCapture,span.name,spans,03a66bccef49,surveillance-iot,4d7e077ebc747374,139aeb2cf48143cf5081df7484add0d3
,,809,2026-02-09T21:09:12.483707935Z,2026-02-10T09:09:12.483707935Z,2026-02-10T09:03:45.380825483Z,cameraCapture,span.name,spans,03a66bccef49,surveillance-iot,4dced47ce5032395,22395127a2454235e7d92c5b73246161
,,810,2026-02-09T21:09:12.483707935Z,2026-02-10T09:09:12.483707935Z,2026-02-10T09:06:32.528163478Z,cameraCapture,span.name,spans,03a66bccef49,surveillance-iot,4e6d6e12d5d3bf5a,f482b1b75f81af0ac5ebc7358f81e58e
,,811,2026-02-09T21:09:12.483707935Z,2026-02-10T09:09:12.483707935Z,2026-02-10T09:06:12.400357455Z,cameraCapture,span.name,spans,03a66bccef49,surveillance-iot,4e9d8f6f3e2f6611,3c2c31755a50ccf11b8221a2d5383d03
,,812,2026-02-09T21:09:12.483707935Z,2026-02-10T09:09:12.483707935Z,2026-02-10T09:07:20.648747079Z,cameraCapture,span.name,spans,03a66bccef49,surveillance-iot,4ef98c530709dc7b,6a86737a24761a774d5369b546b6a37e
,,813,2026-02-09T21:09:12.483707935Z,2026-02-10T09:09:12.483707935Z,2026-02-10T09:03:25.298323207Z,cameraCapture,span.name,spans,03a66bccef49,surveillance-iot,4fc4a04042d55289,cabf623d7941357426af95ecdc7e87da
,,814,2026-02-09T21:09:12.483707935Z,2026-02-10T09:09:12.483707935Z,2026-02-10T09:08:36.797620062Z,cameraCapture,span.name,spans,03a66bccef49,surveillance-iot,4fdf9a11c2b153ec,fa36a35c52c70179ab07aa1df3d73fc7
,,815,2026-02-09T21:09:12.483707935Z,2026-02-10T09:09:12.483707935Z,2026-02-10T09:03:16.660175527Z,cameraCapture,span.name,spans,03a66bccef49,surveillance-iot,5099757fbe835fb2,9539b389fc4e0d8fe5f7cb46111b8732
,,816,2026-02-09T21:09:12.483707935Z,2026-02-10T09:09:12.483707935Z,2026-02-10T09:03:46.090438859Z,cameraCapture,span.name,spans,03a66bccef49,surveillance-iot,50cff9cfc69d7b4f,c7fc5d1623dfe06b1824322cc5c4b2ed
,,817,2026-02-09T21:09:12.483707935Z,2026-02-10T09:09:12.483707935Z,2026-02-10T09:02:28.007931863Z,cameraCapture,span.name,spans,03a66bccef49,surveillance-iot,51567fd1ab1cf639,23c6f29cf4442d46d6dff815e65ec82f
,,818,2026-02-09T21:09:12.483707935Z,2026-02-10T09:09:12.483707935Z,2026-02-10T09:04:18.622030895Z,cameraCapture,span.name,spans,03a66bccef49,surveillance-iot,516bb5365695f323,ea3a225c7504551f783a39a4ef1cabc1
,,819,2026-02-09T21:09:12.483707935Z,2026-02-10T09:09:12.483707935Z,2026-02-10T09:03:58.09744664Z,cameraCapture,span.name,spans,03a66bccef49,surveillance-iot,519cac04f88810b3,9d7503c70590ab46b453d2d29a63bcf0
,,820,2026-02-09T21:09:12.483707935Z,2026-02-10T09:09:12.483707935Z,2026-02-10T09:07:53.998410486Z,cameraCapture,span.name,spans,03a66bccef49,surveillance-iot,520eca62c94f68c9,1de42bb08561144e2f8ce5a03430070a
,,821,2026-02-09T21:09:12.483707935Z,2026-02-10T09:09:12.483707935Z,2026-02-10T09:04:56.182622913Z,cameraCapture,span.name,spans,03a66bccef49,surveillance-iot,52587a6617f039df,89437b4505e44799d3ed737cdd35c76a
,,822,2026-02-09T21:09:12.483707935Z,2026-02-10T09:09:12.483707935Z,2026-02-10T09:04:23.929670235Z,cameraCapture,span.name,spans,03a66bccef49,surveillance-iot,52c96190c595196d,fbcbb0359717a612cdadfe582b78d3ef
,,823,2026-02-09T21:09:12.483707935Z,2026-02-10T09:09:12.483707935Z,2026-02-10T09:03:53.870866981Z,cameraCapture,span.name,spans,03a66bccef49,surveillance-iot,5301c03208359b8e,8b04bdd29a8c354e2db17317b4049377
,,824,2026-02-09T21:09:12.483707935Z,2026-02-10T09:09:12.483707935Z,2026-02-10T09:06:29.199462707Z,cameraCapture,span.name,spans,03a66bccef49,surveillance-iot,530dd17547f8ac75,e82fc2e407341936494903a3ec046477
,,825,2026-02-09T21:09:12.483707935Z,2026-02-10T09:09:12.483707935Z,2026-02-10T09:07:41.320192851Z,cameraCapture,span.name,spans,03a66bccef49,surveillance-iot,539a7cf04bcb8430,a57fc4c25c602b0f21405ca4f78ad485
,,826,2026-02-09T21:09:12.483707935Z,2026-02-10T09:09:12.483707935Z,2026-02-10T09:05:23.418572347Z,cameraCapture,span.name,spans,03a66bccef49,surveillance-iot,539e0e9ae8b48c4e,9831e105c556a3ba984cea005532be7a
,,827,2026-02-09T21:09:12.483707935Z,2026-02-10T09:09:12.483707935Z,2026-02-10T09:04:44.318535645Z,cameraCapture,span.name,spans,03a66bccef49,surveillance-iot,53f861986110eac4,88e8b743d0c10a752c08f63a9b2efdad
,,828,2026-02-09T21:09:12.483707935Z,2026-02-10T09:09:12.483707935Z,2026-02-10T09:03:37.681735549Z,cameraCapture,span.name,spans,03a66bccef49,surveillance-iot,53fe9ae6818068c8,dc3e27cd0762ad0b7079afe819cdf38d
,,829,2026-02-09T21:09:12.483707935Z,2026-02-10T09:09:12.483707935Z,2026-02-10T09:07:55.207929431Z,cameraCapture,span.name,spans,03a66bccef49,surveillance-iot,54500c7f76d35c35,ffe8dcaf5910d615b3e217f258149eea
,,830,2026-02-09T21:09:12.483707935Z,2026-02-10T09:09:12.483707935Z,2026-02-10T09:08:24.019758709Z,cameraCapture,span.name,spans,03a66bccef49,surveillance-iot,54973090513b6207,00e839066dfac0cc373d6b112a892ff8
,,831,2026-02-09T21:09:12.483707935Z,2026-02-10T09:09:12.483707935Z,2026-02-10T09:06:22.878775892Z,cameraCapture,span.name,spans,03a66bccef49,surveillance-iot,549bfa19776f9115,28c89df96bde049bdc1d34c56a5fdf8d
,,832,2026-02-09T21:09:12.483707935Z,2026-02-10T09:09:12.483707935Z,2026-02-10T09:07:25.2336013Z,alarmOn,span.name,spans,03a66bccef49,surveillance-iot,552652688dbeb30e,c08ccde60ee90abd2e0b99114a695ecd
,,833,2026-02-09T21:09:12.483707935Z,2026-02-10T09:09:12.483707935Z,2026-02-10T09:04:48.620215248Z,cameraCapture,span.name,spans,03a66bccef49,surveillance-iot,55ffac77536b518b,a47b6c214fa509da6836048d21129d89
,,834,2026-02-09T21:09:12.483707935Z,2026-02-10T09:09:12.483707935Z,2026-02-10T09:06:28.337416786Z,cameraCapture,span.name,spans,03a66bccef49,surveillance-iot,5626639785522a63,cb23c998a57faf0427f7a66955523893
,,835,2026-02-09T21:09:12.483707935Z,2026-02-10T09:09:12.483707935Z,2026-02-10T09:02:36.358427335Z,cameraCapture,span.name,spans,03a66bccef49,surveillance-iot,56927ae73f639da8,1d47c1b53a556f51dcef05f3fb081869
,,836,2026-02-09T21:09:12.483707935Z,2026-02-10T09:09:12.483707935Z,2026-02-10T09:05:57.439995222Z,cameraCapture,span.name,spans,03a66bccef49,surveillance-iot,580c74ab3ce4b71b,5efff56ac646b2072c1029ec8bdb398c
,,837,2026-02-09T21:09:12.483707935Z,2026-02-10T09:09:12.483707935Z,2026-02-10T09:02:33.237877948Z,cameraCapture,span.name,spans,03a66bccef49,surveillance-iot,582867867b38d9d2,5c480c58209101496df8af593b034e86
,,838,2026-02-09T21:09:12.483707935Z,2026-02-10T09:09:12.483707935Z,2026-02-10T09:02:19.260778149Z,cameraCapture,span.name,spans,03a66bccef49,surveillance-iot,58e2855f72d9b7e1,0548045b69a5239069e55bd47fa523e5
,,839,2026-02-09T21:09:12.483707935Z,2026-02-10T09:09:12.483707935Z,2026-02-10T09:04:48.67457239Z,cameraCapture,span.name,spans,03a66bccef49,surveillance-iot,595635ae24c5ca3a,060379c1be7a2f97577266a886e1059c
,,840,2026-02-09T21:09:12.483707935Z,2026-02-10T09:09:12.483707935Z,2026-02-10T09:07:46.678690053Z,cameraCapture,span.name,spans,03a66bccef49,surveillance-iot,597477b34220f923,dc45cc757fbb01a49a960dadb5436b81
,,841,2026-02-09T21:09:12.483707935Z,2026-02-10T09:09:12.483707935Z,2026-02-10T09:07:44.489078508Z,cameraCapture,span.name,spans,03a66bccef49,surveillance-iot,59dfda16f1bed45c,95cfb7e407492e8786f2890536179154
,,842,2026-02-09T21:09:12.483707935Z,2026-02-10T09:09:12.483707935Z,2026-02-10T09:03:34.747948979Z,cameraCapture,span.name,spans,03a66bccef49,surveillance-iot,5a2fca6108d7e76f,e4effaf8b7c72c7c1f41767e654227ca
,,843,2026-02-09T21:09:12.483707935Z,2026-02-10T09:09:12.483707935Z,2026-02-10T09:04:03.950010005Z,cameraCapture,span.name,spans,03a66bccef49,surveillance-iot,5a7e9528a24226e7,fc1e611869d0a0ed138c8fcf0156715a
,,844,2026-02-09T21:09:12.483707935Z,2026-02-10T09:09:12.483707935Z,2026-02-10T09:06:01.798879619Z,cameraCapture,span.name,spans,03a66bccef49,surveillance-iot,5cae7db3009f615b,bd5c38a66897aa55e796ddb5e3a2271e
,,845,2026-02-09T21:09:12.483707935Z,2026-02-10T09:09:12.483707935Z,2026-02-10T09:02:28.461924203Z,cameraCapture,span.name,spans,03a66bccef49,surveillance-iot,5dd3d0010a5fa2dc,c12938a29b3b8d541db6fd9178c8af91
,,846,2026-02-09T21:09:12.483707935Z,2026-02-10T09:09:12.483707935Z,2026-02-10T09:06:07.088737108Z,cameraCapture,span.name,spans,03a66bccef49,surveillance-iot,5e07724343e4380a,15ce126d5be6bf2dd18b5715ca94a517
,,847,2026-02-09T21:09:12.483707935Z,2026-02-10T09:09:12.483707935Z,2026-02-10T09:08:28.228669762Z,cameraCapture,span.name,spans,03a66bccef49,surveillance-iot,5e4f1c19d661eea1,4a9e646a8ef7b1f6a63aa792e121b944
,,848,2026-02-09T21:09:12.483707935Z,2026-02-10T09:09:12.483707935Z,2026-02-10T09:03:30.537416114Z,cameraCapture,span.name,spans,03a66bccef49,surveillance-iot,5e987c48b3b2acf3,4311b23202ad669b3298ae34d1045055
,,849,2026-02-09T21:09:12.483707935Z,2026-02-10T09:09:12.483707935Z,2026-02-10T09:02:15.982527496Z,cameraCapture,span.name,spans,03a66bccef49,surveillance-iot,5ec811c98722b572,f2921478222be0a1065d6f072f775e34
,,850,2026-02-09T21:09:12.483707935Z,2026-02-10T09:09:12.483707935Z,2026-02-10T09:06:33.578139544Z,cameraCapture,span.name,spans,03a66bccef49,surveillance-iot,5f194edc3a13d369,db3e4f612dde7281cd0bac4c77dbb1ea
,,851,2026-02-09T21:09:12.483707935Z,2026-02-10T09:09:12.483707935Z,2026-02-10T09:03:34.479068066Z,cameraCapture,span.name,spans,03a66bccef49,surveillance-iot,5fb9c4180ab76c0d,d53266f9a1ef532d7c7d82371ec1c487
,,852,2026-02-09T21:09:12.483707935Z,2026-02-10T09:09:12.483707935Z,2026-02-10T09:04:02.908072113Z,cameraCapture,span.name,spans,03a66bccef49,surveillance-iot,5fe84752ee0c0c21,5c21946586fce2f249b262bafe8a7270
,,853,2026-02-09T21:09:12.483707935Z,2026-02-10T09:09:12.483707935Z,2026-02-10T09:07:09.228917903Z,cameraCapture,span.name,spans,03a66bccef49,surveillance-iot,60bd311551759aa4,2c68e3e0b896d77f29e06b8f1a00f8c1
,,854,2026-02-09T21:09:12.483707935Z,2026-02-10T09:09:12.483707935Z,2026-02-10T09:06:31.298661388Z,cameraCapture,span.name,spans,03a66bccef49,surveillance-iot,6126752f2ad8197b,8dd1ab053ccb343f063892d19815fa34
,,855,2026-02-09T21:09:12.483707935Z,2026-02-10T09:09:12.483707935Z,2026-02-10T09:03:54.509627286Z,cameraCapture,span.name,spans,03a66bccef49,surveillance-iot,61971e4a9534ae30,ac5545b79548afabe86a81ccae5163d3
,,856,2026-02-09T21:09:12.483707935Z,2026-02-10T09:09:12.483707935Z,2026-02-10T09:05:37.289907414Z,cameraCapture,span.name,spans,03a66bccef49,surveillance-iot,62fcde628d74bf34,77fd6b165a487ceb4c08494615418561
,,857,2026-02-09T21:09:12.483707935Z,2026-02-10T09:09:12.483707935Z,2026-02-10T09:02:53.111977973Z,cameraCapture,span.name,spans,03a66bccef49,surveillance-iot,6360bbc8fba770e5,861b69c65be6983614331e755388f312
,,858,2026-02-09T21:09:12.483707935Z,2026-02-10T09:09:12.483707935Z,2026-02-10T09:03:13.489288891Z,cameraCapture,span.name,spans,03a66bccef49,surveillance-iot,6376e4f698e1bfb0,89c7a21cadf79ce441ccc449bb174547
,,859,2026-02-09T21:09:12.483707935Z,2026-02-10T09:09:12.483707935Z,2026-02-10T09:02:21.436502567Z,cameraCapture,span.name,spans,03a66bccef49,surveillance-iot,63efca9ca88bd008,68b509cb733c33680e4eb27d3721814a
,,860,2026-02-09T21:09:12.483707935Z,2026-02-10T09:09:12.483707935Z,2026-02-10T09:07:22.769655334Z,cameraCapture,span.name,spans,03a66bccef49,surveillance-iot,63fd749650dfe31a,b91c65d3de7bf16136c8b3ec1cae53a9
,,861,2026-02-09T21:09:12.483707935Z,2026-02-10T09:09:12.483707935Z,2026-02-10T09:05:58.661723573Z,cameraCapture,span.name,spans,03a66bccef49,surveillance-iot,645ab7a0c7a66489,d8f81a02fac4bffdd6942d1f73a0eda9
,,862,2026-02-09T21:09:12.483707935Z,2026-02-10T09:09:12.483707935Z,2026-02-10T09:04:22.831763113Z,cameraCapture,span.name,spans,03a66bccef49,surveillance-iot,64edffbce0287ca8,2f40c3a9b62274064c36e19b80d5e983
,,863,2026-02-09T21:09:12.483707935Z,2026-02-10T09:09:12.483707935Z,2026-02-10T09:08:22.087595161Z,cameraCapture,span.name,spans,03a66bccef49,surveillance-iot,6649a4a0183544d1,9904661d22a2c2c7b842a2d5413fdccb
,,864,2026-02-09T21:09:12.483707935Z,2026-02-10T09:09:12.483707935Z,2026-02-10T09:07:01.659056667Z,cameraCapture,span.name,spans,03a66bccef49,surveillance-iot,6655be253b84b539,b927d5b3ddd8d1ac3c7f8d753e97616b
,,865,2026-02-09T21:09:12.483707935Z,2026-02-10T09:09:12.483707935Z,2026-02-10T09:03:28.208921991Z,cameraCapture,span.name,spans,03a66bccef49,surveillance-iot,668a3bb6b1d4eb51,c2c5e6f6063a39b9a9ff383e9e9f80ed
,,866,2026-02-09T21:09:12.483707935Z,2026-02-10T09:09:12.483707935Z,2026-02-10T09:06:34.618435438Z,cameraCapture,span.name,spans,03a66bccef49,surveillance-iot,668e899b0dd4dbf0,f0644ee6da1040ca7fcfe1a68298aedc
,,867,2026-02-09T21:09:12.483707935Z,2026-02-10T09:09:12.483707935Z,2026-02-10T09:03:44.329883207Z,cameraCapture,span.name,spans,03a66bccef49,surveillance-iot,66c83c075ef1af08,8803e0567fb8714a71a1bc61a91600be
,,868,2026-02-09T21:09:12.483707935Z,2026-02-10T09:09:12.483707935Z,2026-02-10T09:03:48.19022038Z,cameraCapture,span.name,spans,03a66bccef49,surveillance-iot,6737c97076a3837d,2aa1d4b2bd3de7466db56c8667207aa9
,,869,2026-02-09T21:09:12.483707935Z,2026-02-10T09:09:12.483707935Z,2026-02-10T09:08:16.658879687Z,cameraCapture,span.name,spans,03a66bccef49,surveillance-iot,67951cda19f2e5f9,b2b13971b4883496fec2c3d99fb1aac4
,,870,2026-02-09T21:09:12.483707935Z,2026-02-10T09:09:12.483707935Z,2026-02-10T09:06:53.251545109Z,cameraCapture,span.name,spans,03a66bccef49,surveillance-iot,684dbe79e6562187,6d4c6b6ea3635c8250a7e3ccae650281
,,871,2026-02-09T21:09:12.483707935Z,2026-02-10T09:09:12.483707935Z,2026-02-10T09:06:22.05759514Z,cameraCapture,span.name,spans,03a66bccef49,surveillance-iot,687a0c000e230b7b,522fe2d490ac33586be42d5053780301
,,872,2026-02-09T21:09:12.483707935Z,2026-02-10T09:09:12.483707935Z,2026-02-10T09:06:05.937647756Z,cameraCapture,span.name,spans,03a66bccef49,surveillance-iot,6886b0033f5ec2e2,0c614e23747b3a3c1948e287896eaf80
,,873,2026-02-09T21:09:12.483707935Z,2026-02-10T09:09:12.483707935Z,2026-02-10T09:04:55.040131157Z,cameraCapture,span.name,spans,03a66bccef49,surveillance-iot,68f3d21f551cde01,aa61e0625573a0adafabe0a821d0c415
,,874,2026-02-09T21:09:12.483707935Z,2026-02-10T09:09:12.483707935Z,2026-02-10T09:02:39.131496079Z,cameraCapture,span.name,spans,03a66bccef49,surveillance-iot,695921008c46c9e0,ba3af9aebb6260c49f107c5504f40941
,,875,2026-02-09T21:09:12.483707935Z,2026-02-10T09:09:12.483707935Z,2026-02-10T09:08:35.598072893Z,cameraCapture,span.name,spans,03a66bccef49,surveillance-iot,6a0674bb1932b147,b61822cebbeda6d575b30db4dc328bb5
,,876,2026-02-09T21:09:12.483707935Z,2026-02-10T09:09:12.483707935Z,2026-02-10T09:02:19.190786909Z,cameraCapture,span.name,spans,03a66bccef49,surveillance-iot,6a0972c32b6077f2,6aa6aa4066baffda8c7d788052c48e03
,,877,2026-02-09T21:09:12.483707935Z,2026-02-10T09:09:12.483707935Z,2026-02-10T09:05:50.298933453Z,cameraCapture,span.name,spans,03a66bccef49,surveillance-iot,6a117bfbfcd968fc,4bd36395a0f7e44690fcb69ac9dce52f
,,878,2026-02-09T21:09:12.483707935Z,2026-02-10T09:09:12.483707935Z,2026-02-10T09:02:38.460479245Z,cameraCapture,span.name,spans,03a66bccef49,surveillance-iot,6a4d0f9d34e12993,0029a1d8b9864aa1968ac13c6bb1a34b
,,879,2026-02-09T21:09:12.483707935Z,2026-02-10T09:09:12.483707935Z,2026-02-10T09:02:37.391894932Z,cameraCapture,span.name,spans,03a66bccef49,surveillance-iot,6ac7d21a7be64149,31e5c66fc8e3bc1dd99866ec609108fa
,,880,2026-02-09T21:09:12.483707935Z,2026-02-10T09:09:12.483707935Z,2026-02-10T09:07:03.768824218Z,cameraCapture,span.name,spans,03a66bccef49,surveillance-iot,6c6568cfc8346673,7380e1b9caaa17c2df983fc9c5aea744
,,881,2026-02-09T21:09:12.483707935Z,2026-02-10T09:09:12.483707935Z,2026-02-10T09:06:54.239189878Z,cameraCapture,span.name,spans,03a66bccef49,surveillance-iot,6c7444bf0b1ba7d4,9b970ab15ee7f5cb800a874c2e60a789
,,882,2026-02-09T21:09:12.483707935Z,2026-02-10T09:09:12.483707935Z,2026-02-10T09:05:41.938215522Z,cameraCapture,span.name,spans,03a66bccef49,surveillance-iot,6cdc12bae249aac6,9670829178dda873e400ec0ef2bff01e
,,883,2026-02-09T21:09:12.483707935Z,2026-02-10T09:09:12.483707935Z,2026-02-10T09:07:40.257654133Z,cameraCapture,span.name,spans,03a66bccef49,surveillance-iot,6d43b505f1f59817,7069241e6ac0f715948700ddf00eecf6
,,884,2026-02-09T21:09:12.483707935Z,2026-02-10T09:09:12.483707935Z,2026-02-10T09:07:17.468798652Z,cameraCapture,span.name,spans,03a66bccef49,surveillance-iot,6d4c685f1d59b71f,401b61526bf9e8ec936779171f4b819f
,,885,2026-02-09T21:09:12.483707935Z,2026-02-10T09:09:12.483707935Z,2026-02-10T09:08:33.647679903Z,cameraCapture,span.name,spans,03a66bccef49,surveillance-iot,6dff63f989a076a4,8a84e014faf2f9dfdd42707a309aaff2
,,886,2026-02-09T21:09:12.483707935Z,2026-02-10T09:09:12.483707935Z,2026-02-10T09:04:27.129349961Z,alarmOn,span.name,spans,03a66bccef49,surveillance-iot,6e98c235831eaf52,c947a3308fd2cafe8e64ba175ca688cd
,,887,2026-02-09T21:09:12.483707935Z,2026-02-10T09:09:12.483707935Z,2026-02-10T09:06:26.04844491Z,cameraCapture,span.name,spans,03a66bccef49,surveillance-iot,6ebb3b7b0667c6a8,2fa59d53100b21d37580102acdaaa42c
,,888,2026-02-09T21:09:12.483707935Z,2026-02-10T09:09:12.483707935Z,2026-02-10T09:06:07.017437477Z,cameraCapture,span.name,spans,03a66bccef49,surveillance-iot,6f11e31af38ae605,3958b6ea2b7b9d24b6d984339b6e825b
,,889,2026-02-09T21:09:12.483707935Z,2026-02-10T09:09:12.483707935Z,2026-02-10T09:07:18.528456959Z,cameraCapture,span.name,spans,03a66bccef49,surveillance-iot,6f86d047b932fa3e,196a41981a8fdeaca4a5dda698fa1dcb
,,890,2026-02-09T21:09:12.483707935Z,2026-02-10T09:09:12.483707935Z,2026-02-10T09:03:41.898471593Z,cameraCapture,span.name,spans,03a66bccef49,surveillance-iot,6fb986ba3902cd00,9152d5ce3a5f4b4953daf168434e032d
,,891,2026-02-09T21:09:12.483707935Z,2026-02-10T09:09:12.483707935Z,2026-02-10T09:05:24.478034392Z,cameraCapture,span.name,spans,03a66bccef49,surveillance-iot,6fcff3424ce68749,c651ee6734fcfd34e3cd4172b1b59823
,,892,2026-02-09T21:09:12.483707935Z,2026-02-10T09:09:12.483707935Z,2026-02-10T09:03:49.249557913Z,cameraCapture,span.name,spans,03a66bccef49,surveillance-iot,6fd26826efa4b1a8,8a2696ca15fd4279c01593c9b4dcbaa5
,,893,2026-02-09T21:09:12.483707935Z,2026-02-10T09:09:12.483707935Z,2026-02-10T09:06:14.439252051Z,cameraCapture,span.name,spans,03a66bccef49,surveillance-iot,6fd51b461f63e3a7,57f64fe30c55d233e1ad27118857c4a0
,,894,2026-02-09T21:09:12.483707935Z,2026-02-10T09:09:12.483707935Z,2026-02-10T09:08:37.83704218Z,cameraCapture,span.name,spans,03a66bccef49,surveillance-iot,710467eab7e43ff3,84ece4e20f20cc3ca714ee39f3f7d1e9
,,895,2026-02-09T21:09:12.483707935Z,2026-02-10T09:09:12.483707935Z,2026-02-10T09:05:49.248736413Z,cameraCapture,span.name,spans,03a66bccef49,surveillance-iot,716ce6b8fbe5ab3d,c9257e50229d5b4539646804c71c1f6a
,,896,2026-02-09T21:09:12.483707935Z,2026-02-10T09:09:12.483707935Z,2026-02-10T09:03:29.489461642Z,cameraCapture,span.name,spans,03a66bccef49,surveillance-iot,725f8a2eca0e1011,f511879e58780f59125c1a8a15a68506
,,897,2026-02-09T21:09:12.483707935Z,2026-02-10T09:09:12.483707935Z,2026-02-10T09:03:26.347247116Z,cameraCapture,span.name,spans,03a66bccef49,surveillance-iot,72603812a915afd4,df81fc6e27f6b8699bbbe3e9c8399309
,,898,2026-02-09T21:09:12.483707935Z,2026-02-10T09:09:12.483707935Z,2026-02-10T09:07:24.889484008Z,cameraCapture,span.name,spans,03a66bccef49,surveillance-iot,736f7ea140af1a94,6580143ccc62a848b4801c5ad1c86e4b
,,899,2026-02-09T21:09:12.483707935Z,2026-02-10T09:09:12.483707935Z,2026-02-10T09:02:46.802645867Z,cameraCapture,span.name,spans,03a66bccef49,surveillance-iot,739e8df9d7bfa11b,a6b20180c059a3e5fa046e52e81d8aca
,,900,2026-02-09T21:09:12.483707935Z,2026-02-10T09:09:12.483707935Z,2026-02-10T09:03:31.588376922Z,cameraCapture,span.name,spans,03a66bccef49,surveillance-iot,7488c5792f062618,3b2c72ee8d6ebcdb94fe1f12be31d577
,,901,2026-02-09T21:09:12.483707935Z,2026-02-10T09:09:12.483707935Z,2026-02-10T09:06:24.16746948Z,cameraCapture,span.name,spans,03a66bccef49,surveillance-iot,74b1bbfd3ff01ca2,fd27482da3701b22b958d3b486c6c6dc
,,902,2026-02-09T21:09:12.483707935Z,2026-02-10T09:09:12.483707935Z,2026-02-10T09:04:57.272611136Z,cameraCapture,span.name,spans,03a66bccef49,surveillance-iot,7503dcb76b7718a6,4cca6c71431a5e996eb6ed3eca7e592f
,,903,2026-02-09T21:09:12.483707935Z,2026-02-10T09:09:12.483707935Z,2026-02-10T09:05:56.378298273Z,cameraCapture,span.name,spans,03a66bccef49,surveillance-iot,76580db9b543e1fa,d128c2a375806a07c8a83093050508ed
,,904,2026-02-09T21:09:12.483707935Z,2026-02-10T09:09:12.483707935Z,2026-02-10T09:05:42.980881618Z,cameraCapture,span.name,spans,03a66bccef49,surveillance-iot,7717d35629c3ab87,298510f6de0f3380dc803d952e1e10fc
,,905,2026-02-09T21:09:12.483707935Z,2026-02-10T09:09:12.483707935Z,2026-02-10T09:02:57.198991522Z,cameraCapture,span.name,spans,03a66bccef49,surveillance-iot,777052afe4de23c6,c98deda2c7a29d94003a32d090d726f3
,,906,2026-02-09T21:09:12.483707935Z,2026-02-10T09:09:12.483707935Z,2026-02-10T09:04:58.351068226Z,cameraCapture,span.name,spans,03a66bccef49,surveillance-iot,77be51f1e70d3fdf,86bc17cf81efcaedb59e0da2c5014674
,,907,2026-02-09T21:09:12.483707935Z,2026-02-10T09:09:12.483707935Z,2026-02-10T09:02:18.171135736Z,cameraCapture,span.name,spans,03a66bccef49,surveillance-iot,784b8a6578bfa564,fa12325de665b11307e5a0228b847577
,,908,2026-02-09T21:09:12.483707935Z,2026-02-10T09:09:12.483707935Z,2026-02-10T09:06:19.76061845Z,cameraCapture,span.name,spans,03a66bccef49,surveillance-iot,78713696142d7671,cb7929cdf947ddfedfe1371b178d1ab6
,,909,2026-02-09T21:09:12.483707935Z,2026-02-10T09:09:12.483707935Z,2026-02-10T09:05:34.617621999Z,cameraCapture,span.name,spans,03a66bccef49,surveillance-iot,7927ef2ad1fc6342,f6f8264778ebb83c22c13cc76010e2b9
,,910,2026-02-09T21:09:12.483707935Z,2026-02-10T09:09:12.483707935Z,2026-02-10T09:06:23.127426264Z,cameraCapture,span.name,spans,03a66bccef49,surveillance-iot,793f62be2413ede5,f8e0872cb5314d29a5f8a9170b052ce3
,,911,2026-02-09T21:09:12.483707935Z,2026-02-10T09:09:12.483707935Z,2026-02-10T09:07:50.958643414Z,cameraCapture,span.name,spans,03a66bccef49,surveillance-iot,7aac7c4fbae2af1c,5c04dced56b7c43a1b8d7cd500116aa3
,,912,2026-02-09T21:09:12.483707935Z,2026-02-10T09:09:12.483707935Z,2026-02-10T09:05:47.17750026Z,cameraCapture,span.name,spans,03a66bccef49,surveillance-iot,7b8dd17c4331c98e,6b1d0152ef2d63d95276bc4425b9e42e
,,913,2026-02-09T21:09:12.483707935Z,2026-02-10T09:09:12.483707935Z,2026-02-10T09:08:30.48961874Z,cameraCapture,span.name,spans,03a66bccef49,surveillance-iot,7ba649c8999712e5,15a708012283aa3a88a1c47825250d40
,,914,2026-02-09T21:09:12.483707935Z,2026-02-10T09:09:12.483707935Z,2026-02-10T09:05:23.107945086Z,cameraCapture,span.name,spans,03a66bccef49,surveillance-iot,7be64f4c4fc11d5a,37a092607b815ff5c90e49ca77e0ce88
,,915,2026-02-09T21:09:12.483707935Z,2026-02-10T09:09:12.483707935Z,2026-02-10T09:06:25.2176074Z,cameraCapture,span.name,spans,03a66bccef49,surveillance-iot,7c433f5a12047ddc,49364f514b1e1a25486c298ea1fc9f7b
,,916,2026-02-09T21:09:12.483707935Z,2026-02-10T09:09:12.483707935Z,2026-02-10T09:05:16.829623589Z,cameraCapture,span.name,spans,03a66bccef49,surveillance-iot,7cdcdda1ea450183,2bf3c60f49af9da2cf42ff6de2b1ff5e
,,917,2026-02-09T21:09:12.483707935Z,2026-02-10T09:09:12.483707935Z,2026-02-10T09:05:14.771025841Z,cameraCapture,span.name,spans,03a66bccef49,surveillance-iot,7cfe37ce712a41bb,d83a48bbab55f968e88a457218c463c2
,,918,2026-02-09T21:09:12.483707935Z,2026-02-10T09:09:12.483707935Z,2026-02-10T09:05:26.588194053Z,cameraCapture,span.name,spans,03a66bccef49,surveillance-iot,7d5c27ff2829c12a,32c8b395be6d89d561f6fb62805801be
,,919,2026-02-09T21:09:12.483707935Z,2026-02-10T09:09:12.483707935Z,2026-02-10T09:04:14.088463752Z,cameraCapture,span.name,spans,03a66bccef49,surveillance-iot,7e18cbed193e98c7,96da52b4e7624b9e5ba204849a4fc3bb
,,920,2026-02-09T21:09:12.483707935Z,2026-02-10T09:09:12.483707935Z,2026-02-10T09:03:30.298572637Z,cameraCapture,span.name,spans,03a66bccef49,surveillance-iot,7e5a3200946412ce,ab1ba6d47ad3d8e5ec8832c2cc1eada6
,,921,2026-02-09T21:09:12.483707935Z,2026-02-10T09:09:12.483707935Z,2026-02-10T09:08:35.757090171Z,cameraCapture,span.name,spans,03a66bccef49,surveillance-iot,7e83c9181229c351,823da9574f755316dfa5f6bdfeca9434
,,922,2026-02-09T21:09:12.483707935Z,2026-02-10T09:09:12.483707935Z,2026-02-10T09:05:13.638051178Z,cameraCapture,span.name,spans,03a66bccef49,surveillance-iot,7ec2f330b7bbbcbf,0b5086fa980490d6d07892b2f2cf2f45
,,923,2026-02-09T21:09:12.483707935Z,2026-02-10T09:09:12.483707935Z,2026-02-10T09:02:14.680062811Z,cameraCapture,span.name,spans,03a66bccef49,surveillance-iot,7efd73d3629eb626,7e2aefc97fd02f79e99ee0fa733e1615
,,924,2026-02-09T21:09:12.483707935Z,2026-02-10T09:09:12.483707935Z,2026-02-10T09:07:11.31748745Z,cameraCapture,span.name,spans,03a66bccef49,surveillance-iot,7f2942e033bd33d4,44f6d36245585b333ca42884e540a5b9
,,925,2026-02-09T21:09:12.483707935Z,2026-02-10T09:09:12.483707935Z,2026-02-10T09:04:21.577541847Z,cameraCapture,span.name,spans,03a66bccef49,surveillance-iot,80e57655f313d420,dd14e5787fadfefd321c5153860f7b87
,,926,2026-02-09T21:09:12.483707935Z,2026-02-10T09:09:12.483707935Z,2026-02-10T09:03:32.648263781Z,cameraCapture,span.name,spans,03a66bccef49,surveillance-iot,8128b6f5f705fa4d,184d89f71fc2bbd2b002f6575643ece3
,,927,2026-02-09T21:09:12.483707935Z,2026-02-10T09:09:12.483707935Z,2026-02-10T09:04:18.327765076Z,cameraCapture,span.name,spans,03a66bccef49,surveillance-iot,81afe00e1607b5ae,4172df8a51f87c32ca00b8fc6a0bc0dd
,,928,2026-02-09T21:09:12.483707935Z,2026-02-10T09:09:12.483707935Z,2026-02-10T09:07:10.107614039Z,cameraCapture,span.name,spans,03a66bccef49,surveillance-iot,81dbef386f05716d,f43528497fc4540cd78d144f5d9e9e1d
,,929,2026-02-09T21:09:12.483707935Z,2026-02-10T09:09:12.483707935Z,2026-02-10T09:06:04.879715944Z,cameraCapture,span.name,spans,03a66bccef49,surveillance-iot,822afbaaefd7bdc2,35d3c5c67fafc495fd3d1e67e45bc6f2
,,930,2026-02-09T21:09:12.483707935Z,2026-02-10T09:09:12.483707935Z,2026-02-10T09:04:14.447471631Z,cameraCapture,span.name,spans,03a66bccef49,surveillance-iot,82e349fbc20d1b2a,8b0bbacada5d0763e97357645504169b
,,931,2026-02-09T21:09:12.483707935Z,2026-02-10T09:09:12.483707935Z,2026-02-10T09:02:50.800876538Z,cameraCapture,span.name,spans,03a66bccef49,surveillance-iot,8324a4db37f513f3,091c2f2a5e19d950bfcc20bc16ea04c6
,,932,2026-02-09T21:09:12.483707935Z,2026-02-10T09:09:12.483707935Z,2026-02-10T09:02:45.460249953Z,cameraCapture,span.name,spans,03a66bccef49,surveillance-iot,833874bae1356b32,1dc967943a1a4eecadd4916366961b20
,,933,2026-02-09T21:09:12.483707935Z,2026-02-10T09:09:12.483707935Z,2026-02-10T09:04:07.648052914Z,cameraCapture,span.name,spans,03a66bccef49,surveillance-iot,8444e24c82430416,8a5f215f731e920f407375cd8b2a0f1a
,,934,2026-02-09T21:09:12.483707935Z,2026-02-10T09:09:12.483707935Z,2026-02-10T09:06:55.411734247Z,cameraCapture,span.name,spans,03a66bccef49,surveillance-iot,845ac673f1492854,44ede29d099196751636ec65bd57fc60
,,935,2026-02-09T21:09:12.483707935Z,2026-02-10T09:09:12.483707935Z,2026-02-10T09:03:43.988164464Z,cameraCapture,span.name,spans,03a66bccef49,surveillance-iot,848ea44bc36c72a2,530a83c19d00e03b265afb5eb8124c75
,,936,2026-02-09T21:09:12.483707935Z,2026-02-10T09:09:12.483707935Z,2026-02-10T09:07:21.857698503Z,cameraCapture,span.name,spans,03a66bccef49,surveillance-iot,8514de10f9cc1f2b,c836eab5cf1548413008b947924ba06d
,,937,2026-02-09T21:09:12.483707935Z,2026-02-10T09:09:12.483707935Z,2026-02-10T09:07:55.059189664Z,cameraCapture,span.name,spans,03a66bccef49,surveillance-iot,851d31099d8966b1,3584d66be0a8a1599365fb353ec4b1ca
,,938,2026-02-09T21:09:12.483707935Z,2026-02-10T09:09:12.483707935Z,2026-02-10T09:05:42.62769445Z,cameraCapture,span.name,spans,03a66bccef49,surveillance-iot,85eb14389f0a6cce,3c8c395748297822309e6b1e936f2cb5
,,939,2026-02-09T21:09:12.483707935Z,2026-02-10T09:09:12.483707935Z,2026-02-10T09:02:52.969010243Z,cameraCapture,span.name,spans,03a66bccef49,surveillance-iot,8672f85afa1ebf82,2aaea64495f477de7e75a19ecc8a2553
,,940,2026-02-09T21:09:12.483707935Z,2026-02-10T09:09:12.483707935Z,2026-02-10T09:05:21.037130897Z,cameraCapture,span.name,spans,03a66bccef49,surveillance-iot,86eed54933c664e1,b96d5d08d343621f00a5b19b3aaebeb8
,,941,2026-02-09T21:09:12.483707935Z,2026-02-10T09:09:12.483707935Z,2026-02-10T09:04:01.258455307Z,cameraCapture,span.name,spans,03a66bccef49,surveillance-iot,8753fbf57a9a4a13,702e795ac87a520047a41de79db149af
,,942,2026-02-09T21:09:12.483707935Z,2026-02-10T09:09:12.483707935Z,2026-02-10T09:06:09.127490473Z,cameraCapture,span.name,spans,03a66bccef49,surveillance-iot,87602357c6557e2a,8c174cd690fe77d20b21a430879a2d37
,,943,2026-02-09T21:09:12.483707935Z,2026-02-10T09:09:12.483707935Z,2026-02-10T09:03:32.380740068Z,cameraCapture,span.name,spans,03a66bccef49,surveillance-iot,8796f636e533acad,ed9ea495f3f38be4dddf49712ca36342
,,944,2026-02-09T21:09:12.483707935Z,2026-02-10T09:09:12.483707935Z,2026-02-10T09:06:02.739639751Z,cameraCapture,span.name,spans,03a66bccef49,surveillance-iot,881693d3546c8067,ffa127512a4a23d6d004c6743f46e09a
,,945,2026-02-09T21:09:12.483707935Z,2026-02-10T09:09:12.483707935Z,2026-02-10T09:04:43.220383548Z,cameraCapture,span.name,spans,03a66bccef49,surveillance-iot,883d0278bf54eec3,0dea25f484607886abe208aae568a8ce
,,946,2026-02-09T21:09:12.483707935Z,2026-02-10T09:09:12.483707935Z,2026-02-10T09:03:13.488881073Z,cameraCapture,span.name,spans,03a66bccef49,surveillance-iot,88bccdc7831aa1e8,3c1239e1593a57225c784b3aa3802f8f
,,947,2026-02-09T21:09:12.483707935Z,2026-02-10T09:09:12.483707935Z,2026-02-10T09:03:17.722026789Z,cameraCapture,span.name,spans,03a66bccef49,surveillance-iot,88d42ae33085d9bb,adfd0627ecb8db2773127805fb7bf031
,,948,2026-02-09T21:09:12.483707935Z,2026-02-10T09:09:12.483707935Z,2026-02-10T09:02:21.259296025Z,cameraCapture,span.name,spans,03a66bccef49,surveillance-iot,89330a86d48a3687,0e9b8bd4708a42944a97bf1a5422b9ae
,,949,2026-02-09T21:09:12.483707935Z,2026-02-10T09:09:12.483707935Z,2026-02-10T09:06:57.567461275Z,cameraCapture,span.name,spans,03a66bccef49,surveillance-iot,898e8f732ea69027,9b7a18e16ca4415b82a77c1192399efd
,,950,2026-02-09T21:09:12.483707935Z,2026-02-10T09:09:12.483707935Z,2026-02-10T09:02:14.593992154Z,cameraCapture,span.name,spans,03a66bccef49,surveillance-iot,89b1136df8641ee1,840255313248ca7294449e5750085f3c
,,951,2026-02-09T21:09:12.483707935Z,2026-02-10T09:09:12.483707935Z,2026-02-10T09:03:19.829519261Z,cameraCapture,span.name,spans,03a66bccef49,surveillance-iot,8a42fb9cc1fee795,fb16d2697934f35de2f140a4b53c5e04
,,952,2026-02-09T21:09:12.483707935Z,2026-02-10T09:09:12.483707935Z,2026-02-10T09:06:23.939528815Z,cameraCapture,span.name,spans,03a66bccef49,surveillance-iot,8b616571faa3e68c,6047c09ddfefde8c85f965962f850ec8
,,953,2026-02-09T21:09:12.483707935Z,2026-02-10T09:09:12.483707935Z,2026-02-10T09:02:24.199109928Z,cameraCapture,span.name,spans,03a66bccef49,surveillance-iot,8c12e871dd1d6483,518a51bf3b145097651d073f1f7db5ba
,,954,2026-02-09T21:09:12.483707935Z,2026-02-10T09:09:12.483707935Z,2026-02-10T09:07:48.831731302Z,cameraCapture,span.name,spans,03a66bccef49,surveillance-iot,8cafb412d6d8e598,39a4cf3e0dcbdf56614f1393dd235478
,,955,2026-02-09T21:09:12.483707935Z,2026-02-10T09:09:12.483707935Z,2026-02-10T09:04:27.131226959Z,alarmOn,span.name,spans,03a66bccef49,surveillance-iot,8d16d446ac053367,c947a3308fd2cafe8e64ba175ca688cd
,,956,2026-02-09T21:09:12.483707935Z,2026-02-10T09:09:12.483707935Z,2026-02-10T09:04:00.810375573Z,cameraCapture,span.name,spans,03a66bccef49,surveillance-iot,8d345edd96c1ab8f,96c623270c607c0674db64c2b70d388c
,,957,2026-02-09T21:09:12.483707935Z,2026-02-10T09:09:12.483707935Z,2026-02-10T09:05:15.888915744Z,cameraCapture,span.name,spans,03a66bccef49,surveillance-iot,8d47fcd628a86c8f,837190923cd69e29fa9ab10673d43c78
,,958,2026-02-09T21:09:12.483707935Z,2026-02-10T09:09:12.483707935Z,2026-02-10T09:03:18.779945611Z,cameraCapture,span.name,spans,03a66bccef49,surveillance-iot,8e098f714a1714b2,c3004b0755653e524398707d0d696a3c
,,959,2026-02-09T21:09:12.483707935Z,2026-02-10T09:09:12.483707935Z,2026-02-10T09:03:59.750068062Z,cameraCapture,span.name,spans,03a66bccef49,surveillance-iot,8ea8ce45ec8bdc27,6f80ce6d98058367dc52eed767905dd5
,,960,2026-02-09T21:09:12.483707935Z,2026-02-10T09:09:12.483707935Z,2026-02-10T09:02:48.918548686Z,cameraCapture,span.name,spans,03a66bccef49,surveillance-iot,8f4b6e1845e519fa,cef7362cbea19744ce23d3c598102a27
,,961,2026-02-09T21:09:12.483707935Z,2026-02-10T09:09:12.483707935Z,2026-02-10T09:08:16.719949685Z,cameraCapture,span.name,spans,03a66bccef49,surveillance-iot,8f838656e991b18c,98531aafb19e047bac4b907f0bcf9feb
,,962,2026-02-09T21:09:12.483707935Z,2026-02-10T09:09:12.483707935Z,2026-02-10T09:08:15.598515732Z,cameraCapture,span.name,spans,03a66bccef49,surveillance-iot,8fd37e26ee5a4826,c875101993636b18694c9517e685fc4b
,,963,2026-02-09T21:09:12.483707935Z,2026-02-10T09:09:12.483707935Z,2026-02-10T09:05:29.804438233Z,cameraCapture,span.name,spans,03a66bccef49,surveillance-iot,903799b8c0696c9e,93651f61de1e04abd540ea774268d15e
,,964,2026-02-09T21:09:12.483707935Z,2026-02-10T09:09:12.483707935Z,2026-02-10T09:02:56.148036236Z,cameraCapture,span.name,spans,03a66bccef49,surveillance-iot,908e2d9b86a28847,c7771bfffdab582938c6c000d7a6d0bd
,,965,2026-02-09T21:09:12.483707935Z,2026-02-10T09:09:12.483707935Z,2026-02-10T09:04:09.760045342Z,cameraCapture,span.name,spans,03a66bccef49,surveillance-iot,918ed0dde47b983d,1412a24d16e03074269060ecf445c871
,,966,2026-02-09T21:09:12.483707935Z,2026-02-10T09:09:12.483707935Z,2026-02-10T09:03:21.107460344Z,cameraCapture,span.name,spans,03a66bccef49,surveillance-iot,921b698c4ce055eb,7e2299c1edb81d555f6ec359481a80ec
,,967,2026-02-09T21:09:12.483707935Z,2026-02-10T09:09:12.483707935Z,2026-02-10T09:05:53.199382176Z,cameraCapture,span.name,spans,03a66bccef49,surveillance-iot,92a4ae03fcc709c5,f97a596d973f8cec4e8e6be122d8423d
,,968,2026-02-09T21:09:12.483707935Z,2026-02-10T09:09:12.483707935Z,2026-02-10T09:06:33.388250223Z,cameraCapture,span.name,spans,03a66bccef49,surveillance-iot,92cff90d937043f4,ca4310cf83e92717aaefd77fff47824f
,,969,2026-02-09T21:09:12.483707935Z,2026-02-10T09:09:12.483707935Z,2026-02-10T09:07:15.547831914Z,cameraCapture,span.name,spans,03a66bccef49,surveillance-iot,92e9dd07aee6a82d,eebce9e884236463beac3362054bb390
,,970,2026-02-09T21:09:12.483707935Z,2026-02-10T09:09:12.483707935Z,2026-02-10T09:06:31.477986613Z,cameraCapture,span.name,spans,03a66bccef49,surveillance-iot,92f69be6a9be7b1f,4f85be4a33e61a0a39cc522749dad913
,,971,2026-02-09T21:09:12.483707935Z,2026-02-10T09:09:12.483707935Z,2026-02-10T09:02:50.982740158Z,cameraCapture,span.name,spans,03a66bccef49,surveillance-iot,939e2f4e3a3ce4f5,8e33040f023b6feaa34a2cefdb2b41a5
,,972,2026-02-09T21:09:12.483707935Z,2026-02-10T09:09:12.483707935Z,2026-02-10T09:05:46.137450688Z,cameraCapture,span.name,spans,03a66bccef49,surveillance-iot,93f210a7c6f4855a,f0f16e19a5364c2d5099a0da8d93b183
,,973,2026-02-09T21:09:12.483707935Z,2026-02-10T09:09:12.483707935Z,2026-02-10T09:07:47.648915106Z,cameraCapture,span.name,spans,03a66bccef49,surveillance-iot,942cd4d0acf32265,c5dad9bb3f77dde51af54ed1b36d22f5
,,974,2026-02-09T21:09:12.483707935Z,2026-02-10T09:09:12.483707935Z,2026-02-10T09:07:42.392336061Z,cameraCapture,span.name,spans,03a66bccef49,surveillance-iot,9437ff8d4b85f56b,8ea92456e179aa9b51a4b833d6b52bf8
,,975,2026-02-09T21:09:12.483707935Z,2026-02-10T09:09:12.483707935Z,2026-02-10T09:07:49.759174951Z,cameraCapture,span.name,spans,03a66bccef49,surveillance-iot,943a2fdb263ebbd1,510dead28777c672311bc8e08b574a53
,,976,2026-02-09T21:09:12.483707935Z,2026-02-10T09:09:12.483707935Z,2026-02-10T09:07:04.828559608Z,cameraCapture,span.name,spans,03a66bccef49,surveillance-iot,94b4bb46eff3c8b9,9637ce9218dbfe2e89902556109d4728
,,977,2026-02-09T21:09:12.483707935Z,2026-02-10T09:09:12.483707935Z,2026-02-10T09:05:48.957047726Z,cameraCapture,span.name,spans,03a66bccef49,surveillance-iot,95039e4c1c4d0144,fd5d90d3f96dd3bb04d008d7780c672a
,,978,2026-02-09T21:09:12.483707935Z,2026-02-10T09:09:12.483707935Z,2026-02-10T09:06:08.144366904Z,cameraCapture,span.name,spans,03a66bccef49,surveillance-iot,953acd7a18f07611,c42d10aee4115d8308b3b8395b7c81b8
,,979,2026-02-09T21:09:12.483707935Z,2026-02-10T09:09:12.483707935Z,2026-02-10T09:02:32.759517684Z,cameraCapture,span.name,spans,03a66bccef49,surveillance-iot,95b1fd5c403738b1,6e3737c7c12259be13e7d9f7102eceec
,,980,2026-02-09T21:09:12.483707935Z,2026-02-10T09:09:12.483707935Z,2026-02-10T09:06:59.698689913Z,cameraCapture,span.name,spans,03a66bccef49,surveillance-iot,960d588da91c7c7a,b2effa389c2b08af7cd8e6c4b1f33771
,,981,2026-02-09T21:09:12.483707935Z,2026-02-10T09:09:12.483707935Z,2026-02-10T09:05:25.177885079Z,cameraCapture,span.name,spans,03a66bccef49,surveillance-iot,97b1d4a58c6ce8c2,c55839d0182e898a6889c6074c19eb7b
,,982,2026-02-09T21:09:12.483707935Z,2026-02-10T09:09:12.483707935Z,2026-02-10T09:05:25.519478957Z,cameraCapture,span.name,spans,03a66bccef49,surveillance-iot,97ee15bdd8147834,4ce9803170973ae749ad8f3eccd87246
,,983,2026-02-09T21:09:12.483707935Z,2026-02-10T09:09:12.483707935Z,2026-02-10T09:03:59.137863651Z,cameraCapture,span.name,spans,03a66bccef49,surveillance-iot,98740a0d20293b67,8ccd70357af28d5d55a6de1f34b39aed
,,984,2026-02-09T21:09:12.483707935Z,2026-02-10T09:09:12.483707935Z,2026-02-10T09:07:17.63773133Z,cameraCapture,span.name,spans,03a66bccef49,surveillance-iot,98b6f77cc6b25d6c,e5c0eaaee2b99ca22899a4e4308c21f6
,,985,2026-02-09T21:09:12.483707935Z,2026-02-10T09:09:12.483707935Z,2026-02-10T09:02:32.203225826Z,cameraCapture,span.name,spans,03a66bccef49,surveillance-iot,996466603c9c77d4,47f878dd0dad027f7f8282c63ca4298b
,,986,2026-02-09T21:09:12.483707935Z,2026-02-10T09:09:12.483707935Z,2026-02-10T09:07:01.814817004Z,cameraCapture,span.name,spans,03a66bccef49,surveillance-iot,996e4124653e115b,13fc0c9cd93c6aa56d1657aa1f3ac133
,,987,2026-02-09T21:09:12.483707935Z,2026-02-10T09:09:12.483707935Z,2026-02-10T09:03:35.550671611Z,cameraCapture,span.name,spans,03a66bccef49,surveillance-iot,99cea79e098d04fc,9ce99a73e3ba54e816301b9421a0f177
,,988,2026-02-09T21:09:12.483707935Z,2026-02-10T09:09:12.483707935Z,2026-02-10T09:06:09.210727101Z,cameraCapture,span.name,spans,03a66bccef49,surveillance-iot,9a5a22de437efbaa,a4bc6e6021c753ef8ee74f2765aed15a
,,989,2026-02-09T21:09:12.483707935Z,2026-02-10T09:09:12.483707935Z,2026-02-10T09:06:08.078162353Z,cameraCapture,span.name,spans,03a66bccef49,surveillance-iot,9c466c3946fe9e03,a83932e58c81b91a3c7819df51cdf08b
,,990,2026-02-09T21:09:12.483707935Z,2026-02-10T09:09:12.483707935Z,2026-02-10T09:08:17.727638462Z,cameraCapture,span.name,spans,03a66bccef49,surveillance-iot,9ca34ee3aa8a1072,64c6bbe41cecd85a382eb4c9c1a5923d
,,991,2026-02-09T21:09:12.483707935Z,2026-02-10T09:09:12.483707935Z,2026-02-10T09:02:23.846433324Z,cameraCapture,span.name,spans,03a66bccef49,surveillance-iot,9ca8c79b8a0eec2d,98a91cca6a91d18d80bf4a94c3d517cd
,,992,2026-02-09T21:09:12.483707935Z,2026-02-10T09:09:12.483707935Z,2026-02-10T09:05:40.899254917Z,cameraCapture,span.name,spans,03a66bccef49,surveillance-iot,9cc5cd7fd47af1e9,62bd2b1382fc0a25088ad8f3f8e2bacd
,,993,2026-02-09T21:09:12.483707935Z,2026-02-10T09:09:12.483707935Z,2026-02-10T09:08:15.649284432Z,cameraCapture,span.name,spans,03a66bccef49,surveillance-iot,9cf4816afc7753f8,670865092740a5dae5c5df0fcfdfa727
,,994,2026-02-09T21:09:12.483707935Z,2026-02-10T09:09:12.483707935Z,2026-02-10T09:03:16.729892278Z,cameraCapture,span.name,spans,03a66bccef49,surveillance-iot,9d11494749f568c7,ff04734c4bad50b1a6e469e804d0d85b
,,995,2026-02-09T21:09:12.483707935Z,2026-02-10T09:09:12.483707935Z,2026-02-10T09:05:14.68031127Z,cameraCapture,span.name,spans,03a66bccef49,surveillance-iot,9d3696e004dacc33,6842361e6ccc1d4ab75a7a1d09de7833
,,996,2026-02-09T21:09:12.483707935Z,2026-02-10T09:09:12.483707935Z,2026-02-10T09:05:27.268432254Z,cameraCapture,span.name,spans,03a66bccef49,surveillance-iot,9d7975c1c99f65c5,5915b64861c811d7a2cbf4dba7af21c7
,,997,2026-02-09T21:09:12.483707935Z,2026-02-10T09:09:12.483707935Z,2026-02-10T09:06:12.289314166Z,cameraCapture,span.name,spans,03a66bccef49,surveillance-iot,9d91f296b201f11e,7ee3c2ca0897e7c78eb271e54585a423
,,998,2026-02-09T21:09:12.483707935Z,2026-02-10T09:09:12.483707935Z,2026-02-10T09:03:36.611554389Z,cameraCapture,span.name,spans,03a66bccef49,surveillance-iot,9e4f8f00d793e777,85c58e8b526ac7da4f5bc0e2f9ab99a2
,,999,2026-02-09T21:09:12.483707935Z,2026-02-10T09:09:12.483707935Z,2026-02-10T09:05:35.657633889Z,cameraCapture,span.name,spans,03a66bccef49,surveillance-iot,9e67631c3d8f6223,4cb2f0c77da1818353c46ec7f14f8fd6
,,1000,2026-02-09T21:09:12.483707935Z,2026-02-10T09:09:12.483707935Z,2026-02-10T09:08:37.667503444Z,cameraCapture,span.name,spans,03a66bccef49,surveillance-iot,9e93c6dac387ec72,fa632bbe1c846ee045835933ae1f1277
,,1001,2026-02-09T21:09:12.483707935Z,2026-02-10T09:09:12.483707935Z,2026-02-10T09:07:02.709155092Z,cameraCapture,span.name,spans,03a66bccef49,surveillance-iot,9eae854662446c6b,6a6bdf74bd450d727fe1dd9ac21a3e0e
,,1002,2026-02-09T21:09:12.483707935Z,2026-02-10T09:09:12.483707935Z,2026-02-10T09:04:42.202953225Z,cameraCapture,span.name,spans,03a66bccef49,surveillance-iot,9f19b483314899f3,46b7456d55bc635a537a9082be63ccbd
,,1003,2026-02-09T21:09:12.483707935Z,2026-02-10T09:09:12.483707935Z,2026-02-10T09:03:53.459960949Z,cameraCapture,span.name,spans,03a66bccef49,surveillance-iot,9f9ef1dd90c1ec0d,75a98591100d515bbf95e28e550e5ca9
,,1004,2026-02-09T21:09:12.483707935Z,2026-02-10T09:09:12.483707935Z,2026-02-10T09:08:40.967721609Z,cameraCapture,span.name,spans,03a66bccef49,surveillance-iot,9fa8b11d85b70d48,c7783346a4a9a4c34379e9ffe15655dd
,,1005,2026-02-09T21:09:12.483707935Z,2026-02-10T09:09:12.483707935Z,2026-02-10T09:04:52.869732055Z,cameraCapture,span.name,spans,03a66bccef49,surveillance-iot,9fd063bc23d170f7,4b2aa6e6e1b7ae6250ff623b66483d35
,,1006,2026-02-09T21:09:12.483707935Z,2026-02-10T09:09:12.483707935Z,2026-02-10T09:02:43.680977459Z,cameraCapture,span.name,spans,03a66bccef49,surveillance-iot,9ffa9bc0f853b734,94c51ea1f67391f2f55d3294a9468863
,,1007,2026-02-09T21:09:12.483707935Z,2026-02-10T09:09:12.483707935Z,2026-02-10T09:04:51.846449625Z,cameraCapture,span.name,spans,03a66bccef49,surveillance-iot,a02dbc53bc6d574e,33ab26c82e52a0cac98eaa46db1fd482
,,1008,2026-02-09T21:09:12.483707935Z,2026-02-10T09:09:12.483707935Z,2026-02-10T09:03:24.248312052Z,cameraCapture,span.name,spans,03a66bccef49,surveillance-iot,a0572b47fa6843d1,01715b39802932baa28619d67bbf39a6
,,1009,2026-02-09T21:09:12.483707935Z,2026-02-10T09:09:12.483707935Z,2026-02-10T09:07:51.878802897Z,cameraCapture,span.name,spans,03a66bccef49,surveillance-iot,a0cf6c2ec9f82308,c5f279a68a723a6fab723c61208b4c74
,,1010,2026-02-09T21:09:12.483707935Z,2026-02-10T09:09:12.483707935Z,2026-02-10T09:08:38.719142535Z,cameraCapture,span.name,spans,03a66bccef49,surveillance-iot,a1294890e1a27aaf,6dd15f16ccde9887e947b70aeb326000
,,1011,2026-02-09T21:09:12.483707935Z,2026-02-10T09:09:12.483707935Z,2026-02-10T09:06:28.167723367Z,cameraCapture,span.name,spans,03a66bccef49,surveillance-iot,a1c689c9cac38920,eae7d08e7d34699fd411f394282853dd
,,1012,2026-02-09T21:09:12.483707935Z,2026-02-10T09:09:12.483707935Z,2026-02-10T09:03:23.20816627Z,cameraCapture,span.name,spans,03a66bccef49,surveillance-iot,a22a70931257059a,f9ab16549eb95e809eaf168aa75790c9
,,1013,2026-02-09T21:09:12.483707935Z,2026-02-10T09:09:12.483707935Z,2026-02-10T09:05:56.57051647Z,cameraCapture,span.name,spans,03a66bccef49,surveillance-iot,a278cf1407143492,a54b086690d1cf4528a5f09a298c14c5
,,1014,2026-02-09T21:09:12.483707935Z,2026-02-10T09:09:12.483707935Z,2026-02-10T09:05:17.888706965Z,cameraCapture,span.name,spans,03a66bccef49,surveillance-iot,a2a1637dda06044b,37bb72fb4789936f200f66cb395910cd
,,1015,2026-02-09T21:09:12.483707935Z,2026-02-10T09:09:12.483707935Z,2026-02-10T09:04:58.289776176Z,cameraCapture,span.name,spans,03a66bccef49,surveillance-iot,a2a70e10bc2fef2e,2718b9641e85931e1c954ccfb6250a14
,,1016,2026-02-09T21:09:12.483707935Z,2026-02-10T09:09:12.483707935Z,2026-02-10T09:07:16.437418517Z,cameraCapture,span.name,spans,03a66bccef49,surveillance-iot,a473fb6b562f4855,dd528dc9e510d4cfc2fe1ecf888941b3
,,1017,2026-02-09T21:09:12.483707935Z,2026-02-10T09:09:12.483707935Z,2026-02-10T09:02:26.968711311Z,cameraCapture,span.name,spans,03a66bccef49,surveillance-iot,a4d7c22809e00aba,2d2ed3ada1c55bfa7130e2803e35e31c
,,1018,2026-02-09T21:09:12.483707935Z,2026-02-10T09:09:12.483707935Z,2026-02-10T09:07:22.917433306Z,cameraCapture,span.name,spans,03a66bccef49,surveillance-iot,a5ad7754a233892b,ab0c9708d278bcb9b2cfa270bb5fd446
,,1019,2026-02-09T21:09:12.483707935Z,2026-02-10T09:09:12.483707935Z,2026-02-10T09:06:11.349714802Z,cameraCapture,span.name,spans,03a66bccef49,surveillance-iot,a5dc762fa0f4cb68,180765e056e733ffbb34b29862256c19
,,1020,2026-02-09T21:09:12.483707935Z,2026-02-10T09:09:12.483707935Z,2026-02-10T09:05:38.808891668Z,cameraCapture,span.name,spans,03a66bccef49,surveillance-iot,a6f30e359de7d5ac,69124669644fb10d52dd84360af09fca
,,1021,2026-02-09T21:09:12.483707935Z,2026-02-10T09:09:12.483707935Z,2026-02-10T09:05:40.50851316Z,cameraCapture,span.name,spans,03a66bccef49,surveillance-iot,a807d5af27398b26,51a088d8adb124ab7b0e916f14559ac0
,,1022,2026-02-09T21:09:12.483707935Z,2026-02-10T09:09:12.483707935Z,2026-02-10T09:07:15.378846745Z,cameraCapture,span.name,spans,03a66bccef49,surveillance-iot,a8cc2c32f80a9d4e,79ff60b044c03188e45d5e1ec878b5b6
,,1023,2026-02-09T21:09:12.483707935Z,2026-02-10T09:09:12.483707935Z,2026-02-10T09:08:44.949368963Z,cameraCapture,span.name,spans,03a66bccef49,surveillance-iot,a90517fa4f300600,e5c67a1f39382ee4d46da3436dbe811c
,,1024,2026-02-09T21:09:12.483707935Z,2026-02-10T09:09:12.483707935Z,2026-02-10T09:04:20.723260626Z,cameraCapture,span.name,spans,03a66bccef49,surveillance-iot,a94b209b99e44654,fc6e3447ad6727713e3a7fbabdd8d6bc
,,1025,2026-02-09T21:09:12.483707935Z,2026-02-10T09:09:12.483707935Z,2026-02-10T09:07:46.589281015Z,cameraCapture,span.name,spans,03a66bccef49,surveillance-iot,ab07bee69e19fa36,2d54657de23ac8c623d2dbd8d1144caa
,,1026,2026-02-09T21:09:12.483707935Z,2026-02-10T09:09:12.483707935Z,2026-02-10T09:08:45.986935071Z,cameraCapture,span.name,spans,03a66bccef49,surveillance-iot,ab0b28733a2191c2,d9cfc37a5241db2eaa42a07c841dbcef
,,1027,2026-02-09T21:09:12.483707935Z,2026-02-10T09:09:12.483707935Z,2026-02-10T09:07:19.589033495Z,cameraCapture,span.name,spans,03a66bccef49,surveillance-iot,ac6be529c2ff6ae9,d699b4b11523f3692098f3deeae3eb60
,,1028,2026-02-09T21:09:12.483707935Z,2026-02-10T09:09:12.483707935Z,2026-02-10T09:04:45.389582692Z,cameraCapture,span.name,spans,03a66bccef49,surveillance-iot,ac8f3aecbd79c5b7,d39bbd0be15606ad01ca73451d0b15a1
,,1029,2026-02-09T21:09:12.483707935Z,2026-02-10T09:09:12.483707935Z,2026-02-10T09:03:58.719706895Z,cameraCapture,span.name,spans,03a66bccef49,surveillance-iot,acfb5a4231c904c8,ca39bad0bec3ac72b2a9cc40289f9c7b
,,1030,2026-02-09T21:09:12.483707935Z,2026-02-10T09:09:12.483707935Z,2026-02-10T09:02:25.268621822Z,cameraCapture,span.name,spans,03a66bccef49,surveillance-iot,ad5edb5cf4306a75,9645341839bf4648e97c6c3a0240a972
,,1031,2026-02-09T21:09:12.483707935Z,2026-02-10T09:09:12.483707935Z,2026-02-10T09:04:08.179725875Z,cameraCapture,span.name,spans,03a66bccef49,surveillance-iot,ae5c98d093008b7e,9572c59354648d32418a20b553b75a6f
,,1032,2026-02-09T21:09:12.483707935Z,2026-02-10T09:09:12.483707935Z,2026-02-10T09:06:56.492652868Z,cameraCapture,span.name,spans,03a66bccef49,surveillance-iot,ae9a39354c1e7ac0,de343507073f55702e59c2b1c0a279ff
,,1033,2026-02-09T21:09:12.483707935Z,2026-02-10T09:09:12.483707935Z,2026-02-10T09:04:23.70839526Z,cameraCapture,span.name,spans,03a66bccef49,surveillance-iot,aeb5a13626b85042,9eb73e929383fd67120758de009e4a32
,,1034,2026-02-09T21:09:12.483707935Z,2026-02-10T09:09:12.483707935Z,2026-02-10T09:02:54.159399148Z,cameraCapture,span.name,spans,03a66bccef49,surveillance-iot,b0298eacf69e7688,eb7c1d422a380388627f1e57e734297d
,,1035,2026-02-09T21:09:12.483707935Z,2026-02-10T09:09:12.483707935Z,2026-02-10T09:03:14.58066524Z,cameraCapture,span.name,spans,03a66bccef49,surveillance-iot,b0455fe6b210ad9d,2d88522a64caea2972d73fe217a55bcc
,,1036,2026-02-09T21:09:12.483707935Z,2026-02-10T09:09:12.483707935Z,2026-02-10T09:05:27.654037435Z,cameraCapture,span.name,spans,03a66bccef49,surveillance-iot,b0b2edfdc3ab2678,8823b5d0dd9d17bfa4ac2229ff4755f6
,,1037,2026-02-09T21:09:12.483707935Z,2026-02-10T09:09:12.483707935Z,2026-02-10T09:06:32.348587821Z,cameraCapture,span.name,spans,03a66bccef49,surveillance-iot,b1b9d304db23462b,4f33a3ef003e344a8203c5c99cd68036
,,1038,2026-02-09T21:09:12.483707935Z,2026-02-10T09:09:12.483707935Z,2026-02-10T09:03:49.610087346Z,cameraCapture,span.name,spans,03a66bccef49,surveillance-iot,b1bbbc3f10b952e2,c2a9ac8bbf195bc33ef31eb76b720670
,,1039,2026-02-09T21:09:12.483707935Z,2026-02-10T09:09:12.483707935Z,2026-02-10T09:05:36.698234196Z,cameraCapture,span.name,spans,03a66bccef49,surveillance-iot,b20f18e94abc3fcb,952082e78fb5197dc495fb25e64c22dc
,,1040,2026-02-09T21:09:12.483707935Z,2026-02-10T09:09:12.483707935Z,2026-02-10T09:08:14.576699106Z,cameraCapture,span.name,spans,03a66bccef49,surveillance-iot,b211469b756d5704,225b6f590981731dba070bc62d98b0b8
,,1041,2026-02-09T21:09:12.483707935Z,2026-02-10T09:09:12.483707935Z,2026-02-10T09:07:19.737658221Z,cameraCapture,span.name,spans,03a66bccef49,surveillance-iot,b219899a02b4e357,285fb54e7236f17a247845e64b2c4899
,,1042,2026-02-09T21:09:12.483707935Z,2026-02-10T09:09:12.483707935Z,2026-02-10T09:08:42.888884288Z,cameraCapture,span.name,spans,03a66bccef49,surveillance-iot,b2e97482011f6f03,340e056366c05126a46418261e530448
,,1043,2026-02-09T21:09:12.483707935Z,2026-02-10T09:09:12.483707935Z,2026-02-10T09:04:43.301040303Z,cameraCapture,span.name,spans,03a66bccef49,surveillance-iot,b3680c5b702e0ed9,956f156c2d325f8c647cebf29fc6ac08
,,1044,2026-02-09T21:09:12.483707935Z,2026-02-10T09:09:12.483707935Z,2026-02-10T09:04:57.20044841Z,cameraCapture,span.name,spans,03a66bccef49,surveillance-iot,b4144ffe536531c6,3d333a45a50bb2883e1b4f2f5e5a9ab1
,,1045,2026-02-09T21:09:12.483707935Z,2026-02-10T09:09:12.483707935Z,2026-02-10T09:03:38.987852654Z,cameraCapture,span.name,spans,03a66bccef49,surveillance-iot,b425fed09be47f6f,a6c134d9cf60c7090179ef3b6b18e856
,,1046,2026-02-09T21:09:12.483707935Z,2026-02-10T09:09:12.483707935Z,2026-02-10T09:03:37.938225157Z,cameraCapture,span.name,spans,03a66bccef49,surveillance-iot,b4af179512270ec2,b3fb772d087fccf2582aab84fecae0f2
,,1047,2026-02-09T21:09:12.483707935Z,2026-02-10T09:09:12.483707935Z,2026-02-10T09:06:52.168483065Z,cameraCapture,span.name,spans,03a66bccef49,surveillance-iot,b4bd7d03735b3e9d,7c7bcd59672adaeb533535ce1459bd09
,,1048,2026-02-09T21:09:12.483707935Z,2026-02-10T09:09:12.483707935Z,2026-02-10T09:03:50.657528627Z,cameraCapture,span.name,spans,03a66bccef49,surveillance-iot,b5493695c8a570da,4c218711203015fd6dbfe38248924b27
,,1049,2026-02-09T21:09:12.483707935Z,2026-02-10T09:09:12.483707935Z,2026-02-10T09:03:27.389551488Z,cameraCapture,span.name,spans,03a66bccef49,surveillance-iot,b675574226da8578,76d228bc4d0d7e0ba373e0a2b63ffcc0
,,1050,2026-02-09T21:09:12.483707935Z,2026-02-10T09:09:12.483707935Z,2026-02-10T09:03:39.776463999Z,cameraCapture,span.name,spans,03a66bccef49,surveillance-iot,b6a9698125e75403,e52db6b260c79780d9da64302b178244
,,1051,2026-02-09T21:09:12.483707935Z,2026-02-10T09:09:12.483707935Z,2026-02-10T09:04:08.690174195Z,cameraCapture,span.name,spans,03a66bccef49,surveillance-iot,b6adeb077d8bc9fb,c4f71ee59fa1f277b59c0ba98fd56701
,,1052,2026-02-09T21:09:12.483707935Z,2026-02-10T09:09:12.483707935Z,2026-02-10T09:02:18.122977529Z,cameraCapture,span.name,spans,03a66bccef49,surveillance-iot,b727b806d0cf26ba,ba949923c843ca305df26801ba0e10e1
,,1053,2026-02-09T21:09:12.483707935Z,2026-02-10T09:09:12.483707935Z,2026-02-10T09:07:13.408850212Z,cameraCapture,span.name,spans,03a66bccef49,surveillance-iot,b7bdf48b51ebafcc,2071c8cf8b42be91e1f79e397b23f23e
,,1054,2026-02-09T21:09:12.483707935Z,2026-02-10T09:09:12.483707935Z,2026-02-10T09:05:16.968231377Z,cameraCapture,span.name,spans,03a66bccef49,surveillance-iot,b7ee0c027c9f8a9a,bece93f051252a3c9bc32ca58e9607ae
,,1055,2026-02-09T21:09:12.483707935Z,2026-02-10T09:09:12.483707935Z,2026-02-10T09:03:40.031262002Z,cameraCapture,span.name,spans,03a66bccef49,surveillance-iot,b85ba2fb21de98ae,5d1e6bbd5d03921d51a812626ceb243e
,,1056,2026-02-09T21:09:12.483707935Z,2026-02-10T09:09:12.483707935Z,2026-02-10T09:05:30.908470687Z,cameraCapture,span.name,spans,03a66bccef49,surveillance-iot,b888bfc7234444d5,f9b1432c8ba7530c7d400447dd2a8176
,,1057,2026-02-09T21:09:12.483707935Z,2026-02-10T09:09:12.483707935Z,2026-02-10T09:04:53.960029283Z,cameraCapture,span.name,spans,03a66bccef49,surveillance-iot,b8c1828852c78d0e,f99c77d79720b2a5afe2820d5109db83
,,1058,2026-02-09T21:09:12.483707935Z,2026-02-10T09:09:12.483707935Z,2026-02-10T09:06:59.539417068Z,cameraCapture,span.name,spans,03a66bccef49,surveillance-iot,b8c6ed066e37b474,16999f7f26524f4bdb9fa4e195a3d42c
,,1059,2026-02-09T21:09:12.483707935Z,2026-02-10T09:09:12.483707935Z,2026-02-10T09:03:31.339491044Z,cameraCapture,span.name,spans,03a66bccef49,surveillance-iot,b8c80914a1c43bd8,da15d282f392fa3b13cf27d46fe09c92
,,1060,2026-02-09T21:09:12.483707935Z,2026-02-10T09:09:12.483707935Z,2026-02-10T09:04:50.779102277Z,cameraCapture,span.name,spans,03a66bccef49,surveillance-iot,b8d9838ff911ddc5,f548a89506e500cff6fa6407dda76632
,,1061,2026-02-09T21:09:12.483707935Z,2026-02-10T09:09:12.483707935Z,2026-02-10T09:02:47.861289126Z,cameraCapture,span.name,spans,03a66bccef49,surveillance-iot,b8e197cb07dac5fb,ca9d2cd43c8aa09990246e7acfb1957c
,,1062,2026-02-09T21:09:12.483707935Z,2026-02-10T09:09:12.483707935Z,2026-02-10T09:02:41.247968245Z,cameraCapture,span.name,spans,03a66bccef49,surveillance-iot,b8e5d3b6e2fd5c05,6aa5fc0a33bba9c833425807dbd2cc49
,,1063,2026-02-09T21:09:12.483707935Z,2026-02-10T09:09:12.483707935Z,2026-02-10T09:06:30.259426793Z,cameraCapture,span.name,spans,03a66bccef49,surveillance-iot,b960fe541e6c0706,25a682ddd42ba7d11655f54120dde756
,,1064,2026-02-09T21:09:12.483707935Z,2026-02-10T09:09:12.483707935Z,2026-02-10T09:08:18.878261061Z,cameraCapture,span.name,spans,03a66bccef49,surveillance-iot,ba27bb3b032c8a80,f61df079b10b71cba7a3bbac107e2e1d
,,1065,2026-02-09T21:09:12.483707935Z,2026-02-10T09:09:12.483707935Z,2026-02-10T09:07:42.368961279Z,cameraCapture,span.name,spans,03a66bccef49,surveillance-iot,ba43ad8e27676875,e0e9d510a7187dffd704484ef334ed56
,,1066,2026-02-09T21:09:12.483707935Z,2026-02-10T09:09:12.483707935Z,2026-02-10T09:02:31.141923964Z,cameraCapture,span.name,spans,03a66bccef49,surveillance-iot,badbed49997b0581,1528cabb9d281f38348788e5637511ae
,,1067,2026-02-09T21:09:12.483707935Z,2026-02-10T09:09:12.483707935Z,2026-02-10T09:05:33.559166713Z,cameraCapture,span.name,spans,03a66bccef49,surveillance-iot,bb131fb4032f7f12,6e56bfcd53295d99e2431c9421e26dae
,,1068,2026-02-09T21:09:12.483707935Z,2026-02-10T09:09:12.483707935Z,2026-02-10T09:07:00.599454085Z,cameraCapture,span.name,spans,03a66bccef49,surveillance-iot,bbd5f318d867f9da,5bc06825240c6304981d4c7660b2ef59
,,1069,2026-02-09T21:09:12.483707935Z,2026-02-10T09:09:12.483707935Z,2026-02-10T09:03:18.946884244Z,cameraCapture,span.name,spans,03a66bccef49,surveillance-iot,bc87a2479e7bfb1d,b83925a4263b681e9e9cad93c7d683f0
,,1070,2026-02-09T21:09:12.483707935Z,2026-02-10T09:09:12.483707935Z,2026-02-10T09:05:43.669216966Z,cameraCapture,span.name,spans,03a66bccef49,surveillance-iot,bd728704638882c4,d7ce1faca37574f4db16d0eae717c1ce
,,1071,2026-02-09T21:09:12.483707935Z,2026-02-10T09:09:12.483707935Z,2026-02-10T09:03:26.140890642Z,cameraCapture,span.name,spans,03a66bccef49,surveillance-iot,bd9f4e0eb389c5a5,b95c81aae3ae0cbf10ee5dd521cd0e9e
,,1072,2026-02-09T21:09:12.483707935Z,2026-02-10T09:09:12.483707935Z,2026-02-10T09:06:15.518721848Z,cameraCapture,span.name,spans,03a66bccef49,surveillance-iot,be8196a2f6e9b93e,c9d1ccfdbd952798c60185e490459cf4
,,1073,2026-02-09T21:09:12.483707935Z,2026-02-10T09:09:12.483707935Z,2026-02-10T09:06:26.25777286Z,cameraCapture,span.name,spans,03a66bccef49,surveillance-iot,bf6ec1dd92a2faf3,8b3d77f2bd3dba857393c3ad9b9fbbe4
,,1074,2026-02-09T21:09:12.483707935Z,2026-02-10T09:09:12.483707935Z,2026-02-10T09:05:44.70853215Z,cameraCapture,span.name,spans,03a66bccef49,surveillance-iot,bfa4f60bf130275b,89a4bfa1335232356e3392f3ea09d0c4
,,1075,2026-02-09T21:09:12.483707935Z,2026-02-10T09:09:12.483707935Z,2026-02-10T09:07:04.981697949Z,cameraCapture,span.name,spans,03a66bccef49,surveillance-iot,bfd27afb89546c53,257ef1bc881ec7f0a273572ac34c3041
,,1076,2026-02-09T21:09:12.483707935Z,2026-02-10T09:09:12.483707935Z,2026-02-10T09:04:42.163067181Z,cameraCapture,span.name,spans,03a66bccef49,surveillance-iot,c0139e3342bb1220,73f18dd118c79acc62559d235ef011f9
,,1077,2026-02-09T21:09:12.483707935Z,2026-02-10T09:09:12.483707935Z,2026-02-10T09:04:47.595648705Z,cameraCapture,span.name,spans,03a66bccef49,surveillance-iot,c0f509d665fb1d6c,c27ccdef9e43d5422938e871e5b0b9ac
,,1078,2026-02-09T21:09:12.483707935Z,2026-02-10T09:09:12.483707935Z,2026-02-10T09:03:35.820214046Z,cameraCapture,span.name,spans,03a66bccef49,surveillance-iot,c11e9f7f8edd29fb,c798d76689033edbe1fbecb14982a0ea
,,1079,2026-02-09T21:09:12.483707935Z,2026-02-10T09:09:12.483707935Z,2026-02-10T09:08:44.107946802Z,cameraCapture,span.name,spans,03a66bccef49,surveillance-iot,c1515ec18fb71103,2701d411a108ef0799ae6246aaf405dd
,,1080,2026-02-09T21:09:12.483707935Z,2026-02-10T09:09:12.483707935Z,2026-02-10T09:05:53.447508781Z,cameraCapture,span.name,spans,03a66bccef49,surveillance-iot,c189f777d763a879,d6f4c9337fd885a809ec17fbbd00844d
,,1081,2026-02-09T21:09:12.483707935Z,2026-02-10T09:09:12.483707935Z,2026-02-10T09:05:34.069082513Z,cameraCapture,span.name,spans,03a66bccef49,surveillance-iot,c27250997af43832,9ee254046a8f29c73433d20c657fa91b
,,1082,2026-02-09T21:09:12.483707935Z,2026-02-10T09:09:12.483707935Z,2026-02-10T09:03:51.719259628Z,cameraCapture,span.name,spans,03a66bccef49,surveillance-iot,c2f965c4a9dc9ead,0f5c6820ca0e396aadc5ccfc1c6eb2be
,,1083,2026-02-09T21:09:12.483707935Z,2026-02-10T09:09:12.483707935Z,2026-02-10T09:04:56.119426588Z,cameraCapture,span.name,spans,03a66bccef49,surveillance-iot,c329d832d2150931,695158ff274635b09483bca22e07186a
,,1084,2026-02-09T21:09:12.483707935Z,2026-02-10T09:09:12.483707935Z,2026-02-10T09:05:44.04990471Z,cameraCapture,span.name,spans,03a66bccef49,surveillance-iot,c3490e40dd7776d7,69099e71bd1c61546f6b3d95bf43d4fc
,,1085,2026-02-09T21:09:12.483707935Z,2026-02-10T09:09:12.483707935Z,2026-02-10T09:05:35.138786692Z,cameraCapture,span.name,spans,03a66bccef49,surveillance-iot,c37e6d5ab869d086,332236719656517cd9a3a3a5dd7ed1ab
,,1086,2026-02-09T21:09:12.483707935Z,2026-02-10T09:09:12.483707935Z,2026-02-10T09:04:17.277790621Z,cameraCapture,span.name,spans,03a66bccef49,surveillance-iot,c40edeedfe0b336d,a23c88e2f2649c4e2fbd35238eee62c8
,,1087,2026-02-09T21:09:12.483707935Z,2026-02-10T09:09:12.483707935Z,2026-02-10T09:05:59.538851414Z,cameraCapture,span.name,spans,03a66bccef49,surveillance-iot,c47a0778d9625093,54afba76d0883b113cf575cacd888729
,,1088,2026-02-09T21:09:12.483707935Z,2026-02-10T09:09:12.483707935Z,2026-02-10T09:04:54.016127024Z,cameraCapture,span.name,spans,03a66bccef49,surveillance-iot,c5741d9ea50eff41,82965f60939640391bb2975a3cfb7bbe
,,1089,2026-02-09T21:09:12.483707935Z,2026-02-10T09:09:12.483707935Z,2026-02-10T09:04:05.00954842Z,cameraCapture,span.name,spans,03a66bccef49,surveillance-iot,c5a65ae921da1caa,08b0958f44c3d04b198bcba2b816f7ac
,,1090,2026-02-09T21:09:12.483707935Z,2026-02-10T09:09:12.483707935Z,2026-02-10T09:05:29.348452055Z,cameraCapture,span.name,spans,03a66bccef49,surveillance-iot,c5dcb57120fb5f84,3d97c6345322d44eec022edff029c8d7
,,1091,2026-02-09T21:09:12.483707935Z,2026-02-10T09:09:12.483707935Z,2026-02-10T09:02:35.959693784Z,cameraCapture,span.name,spans,03a66bccef49,surveillance-iot,c621147601987474,8ba98a342f6714dad2b4a21f49a03cc5
,,1092,2026-02-09T21:09:12.483707935Z,2026-02-10T09:09:12.483707935Z,2026-02-10T09:08:36.637416662Z,cameraCapture,span.name,spans,03a66bccef49,surveillance-iot,c67a6322f49fa15b,9c4890852945d701575e5c9330296e39
,,1093,2026-02-09T21:09:12.483707935Z,2026-02-10T09:09:12.483707935Z,2026-02-10T09:03:45.029681856Z,cameraCapture,span.name,spans,03a66bccef49,surveillance-iot,c788bb2f54d6a53c,b26f55cc4e7c0442730fa1bba12b1faa
,,1094,2026-02-09T21:09:12.483707935Z,2026-02-10T09:09:12.483707935Z,2026-02-10T09:02:58.506345293Z,alarmOn,span.name,spans,03a66bccef49,surveillance-iot,c79ff9e8c9e7fd29,db89ef8c211859468cd9690a3d6c6ea5
,,1095,2026-02-09T21:09:12.483707935Z,2026-02-10T09:09:12.483707935Z,2026-02-10T09:03:57.047790961Z,cameraCapture,span.name,spans,03a66bccef49,surveillance-iot,c7d10a5e0850e8e9,3b7019c694d5e25e844cb2d23dd92dbb
,,1096,2026-02-09T21:09:12.483707935Z,2026-02-10T09:09:12.483707935Z,2026-02-10T09:07:56.119012058Z,cameraCapture,span.name,spans,03a66bccef49,surveillance-iot,c82c7523caca92dd,fcdafdfd87ab7ea9d7c31c0db324beca
,,1097,2026-02-09T21:09:12.483707935Z,2026-02-10T09:09:12.483707935Z,2026-02-10T09:07:57.341668006Z,cameraCapture,span.name,spans,03a66bccef49,surveillance-iot,c82de7f40384ecb9,e2c7bd2bb0656f20200ca21f4ae8d6fc
,,1098,2026-02-09T21:09:12.483707935Z,2026-02-10T09:09:12.483707935Z,2026-02-10T09:06:18.697614428Z,cameraCapture,span.name,spans,03a66bccef49,surveillance-iot,c963ba58d90bc1f8,1c425cb3bf1eea1aa0d6744c5b916756
,,1099,2026-02-09T21:09:12.483707935Z,2026-02-10T09:09:12.483707935Z,2026-02-10T09:02:20.221919207Z,cameraCapture,span.name,spans,03a66bccef49,surveillance-iot,c9b5877fe6f79cbd,4fddaa45816087f807ef84b3c3e65c11
,,1100,2026-02-09T21:09:12.483707935Z,2026-02-10T09:09:12.483707935Z,2026-02-10T09:06:10.16883385Z,cameraCapture,span.name,spans,03a66bccef49,surveillance-iot,ca2f2deab39793c1,fd9ecf77a70f3bf70b863e446bc4ebd0
,,1101,2026-02-09T21:09:12.483707935Z,2026-02-10T09:09:12.483707935Z,2026-02-10T09:06:17.657755019Z,cameraCapture,span.name,spans,03a66bccef49,surveillance-iot,ca9f3bf33f95ddd9,42286dfeb95d7b513966830b08208400
,,1102,2026-02-09T21:09:12.483707935Z,2026-02-10T09:09:12.483707935Z,2026-02-10T09:08:34.697721011Z,cameraCapture,span.name,spans,03a66bccef49,surveillance-iot,caf914f65a43010f,2a88943b75587461ceb3379c3df98143
,,1103,2026-02-09T21:09:12.483707935Z,2026-02-10T09:09:12.483707935Z,2026-02-10T09:08:13.468589721Z,cameraCapture,span.name,spans,03a66bccef49,surveillance-iot,cb3c8929c6f3c991,3c5c2bab94217dc22afa6b48685bd41e
,,1104,2026-02-09T21:09:12.483707935Z,2026-02-10T09:09:12.483707935Z,2026-02-10T09:02:16.033434986Z,cameraCapture,span.name,spans,03a66bccef49,surveillance-iot,cbc6deba2ad31ccf,9536804c5d5d794f382b3714f9bb1ab4
,,1105,2026-02-09T21:09:12.483707935Z,2026-02-10T09:09:12.483707935Z,2026-02-10T09:05:18.92894787Z,cameraCapture,span.name,spans,03a66bccef49,surveillance-iot,cc2fd9e3250932a8,4a789084c0628e1ae21342a2de7d04fc
,,1106,2026-02-09T21:09:12.483707935Z,2026-02-10T09:09:12.483707935Z,2026-02-10T09:08:27.16874833Z,cameraCapture,span.name,spans,03a66bccef49,surveillance-iot,cd55a22a27eb8a68,62539b918b76656749d642bbcc337751
,,1107,2026-02-09T21:09:12.483707935Z,2026-02-10T09:09:12.483707935Z,2026-02-10T09:05:15.770262878Z,cameraCapture,span.name,spans,03a66bccef49,surveillance-iot,cd670eda04c07f88,483dcb2acdf8cc629b98666feadc70d6
,,1108,2026-02-09T21:09:12.483707935Z,2026-02-10T09:09:12.483707935Z,2026-02-10T09:03:42.220293552Z,cameraCapture,span.name,spans,03a66bccef49,surveillance-iot,cdc713d72b85d6b8,bdc09b72e7a82a21ba38248de6417d99
,,1109,2026-02-09T21:09:12.483707935Z,2026-02-10T09:09:12.483707935Z,2026-02-10T09:02:52.056901659Z,cameraCapture,span.name,spans,03a66bccef49,surveillance-iot,cfe5d142786c19f9,a3779cfd880289ad0d174d5cf3062ad0
,,1110,2026-02-09T21:09:12.483707935Z,2026-02-10T09:09:12.483707935Z,2026-02-10T09:03:25.090641171Z,cameraCapture,span.name,spans,03a66bccef49,surveillance-iot,d04736883603bf88,76832d31270e0967db8da76883003c3f
,,1111,2026-02-09T21:09:12.483707935Z,2026-02-10T09:09:12.483707935Z,2026-02-10T09:06:11.228506998Z,cameraCapture,span.name,spans,03a66bccef49,surveillance-iot,d071b924cd42a7c5,adaec2923518f130cca91af3dabd73bb
,,1112,2026-02-09T21:09:12.483707935Z,2026-02-10T09:09:12.483707935Z,2026-02-10T09:08:21.018822882Z,cameraCapture,span.name,spans,03a66bccef49,surveillance-iot,d0c14df9bf7564ab,cb3a01e07a04db516f4f2ed197db3ee2
,,1113,2026-02-09T21:09:12.483707935Z,2026-02-10T09:09:12.483707935Z,2026-02-10T09:03:46.428433465Z,cameraCapture,span.name,spans,03a66bccef49,surveillance-iot,d0d04df8a15bd150,fab7d39a491c7d8450b11f2793e6a55d
,,1114,2026-02-09T21:09:12.483707935Z,2026-02-10T09:09:12.483707935Z,2026-02-10T09:07:47.760655988Z,cameraCapture,span.name,spans,03a66bccef49,surveillance-iot,d0da2f625970f8d5,69c9adef477e00b326dd5c80b612d460
,,1115,2026-02-09T21:09:12.483707935Z,2026-02-10T09:09:12.483707935Z,2026-02-10T09:07:05.88977935Z,cameraCapture,span.name,spans,03a66bccef49,surveillance-iot,d251cc0291e327e1,7c6954dbd0f9c283bb9eb32d9a9c3704
,,1116,2026-02-09T21:09:12.483707935Z,2026-02-10T09:09:12.483707935Z,2026-02-10T09:05:41.568716838Z,cameraCapture,span.name,spans,03a66bccef49,surveillance-iot,d284ca08958cd54d,c8ec8c3d68215c2418c626b2bba5c3fe
,,1117,2026-02-09T21:09:12.483707935Z,2026-02-10T09:09:12.483707935Z,2026-02-10T09:06:20.943677207Z,cameraCapture,span.name,spans,03a66bccef49,surveillance-iot,d3334b20f886ab53,fe7dfdeb5ae4e4abcc97989b72c840e9
,,1118,2026-02-09T21:09:12.483707935Z,2026-02-10T09:09:12.483707935Z,2026-02-10T09:08:39.91968547Z,cameraCapture,span.name,spans,03a66bccef49,surveillance-iot,d3d0223ca061ca60,348b0e694a4d2398c574d62f79d1dec3
,,1119,2026-02-09T21:09:12.483707935Z,2026-02-10T09:09:12.483707935Z,2026-02-10T09:08:12.408425728Z,cameraCapture,span.name,spans,03a66bccef49,surveillance-iot,d454cb8c6941f135,1ad495a2b6f7778be4600405de6095bb
,,1120,2026-02-09T21:09:12.483707935Z,2026-02-10T09:09:12.483707935Z,2026-02-10T09:05:55.528486806Z,cameraCapture,span.name,spans,03a66bccef49,surveillance-iot,d56f220fcb3341af,50b2f1a00c3d28b35a356f7952b5042f
,,1121,2026-02-09T21:09:12.483707935Z,2026-02-10T09:09:12.483707935Z,2026-02-10T09:02:34.271170793Z,cameraCapture,span.name,spans,03a66bccef49,surveillance-iot,d570158c3668d2bb,a9cfe295d13c3bed3a5940a8b4743046
,,1122,2026-02-09T21:09:12.483707935Z,2026-02-10T09:09:12.483707935Z,2026-02-10T09:04:02.309882975Z,cameraCapture,span.name,spans,03a66bccef49,surveillance-iot,d637f8e42d40da0a,9ed2215cbbad52c38389c7a2003b90f3
,,1123,2026-02-09T21:09:12.483707935Z,2026-02-10T09:09:12.483707935Z,2026-02-10T09:07:06.049766064Z,cameraCapture,span.name,spans,03a66bccef49,surveillance-iot,d64ac3ea1012455d,4ea781669eecb0b09ce03d330a40b816
,,1124,2026-02-09T21:09:12.483707935Z,2026-02-10T09:09:12.483707935Z,2026-02-10T09:05:21.267844779Z,cameraCapture,span.name,spans,03a66bccef49,surveillance-iot,d6891fae64c3c5dd,70d180af5a0aa68e3f8e1e68088ba36a
,,1125,2026-02-09T21:09:12.483707935Z,2026-02-10T09:09:12.483707935Z,2026-02-10T09:05:47.898743671Z,cameraCapture,span.name,spans,03a66bccef49,surveillance-iot,d6e0c618bbd14af3,b47ab3595332cd3c3a5bfc9d02f7021f
,,1126,2026-02-09T21:09:12.483707935Z,2026-02-10T09:09:12.483707935Z,2026-02-10T09:02:30.075843378Z,cameraCapture,span.name,spans,03a66bccef49,surveillance-iot,d6f90916f0bb1082,2fd69055c201e3259f341d3eb89c24e0
,,1127,2026-02-09T21:09:12.483707935Z,2026-02-10T09:09:12.483707935Z,2026-02-10T09:08:38.877268088Z,cameraCapture,span.name,spans,03a66bccef49,surveillance-iot,d7464d0d3899ece5,57bd75947342c8a4830d2171ec67d129
,,1128,2026-02-09T21:09:12.483707935Z,2026-02-10T09:09:12.483707935Z,2026-02-10T09:05:30.407872037Z,cameraCapture,span.name,spans,03a66bccef49,surveillance-iot,d8b7db083e1a8b3f,a79b5fce89c5c721a65a3b561a29d1d1
,,1129,2026-02-09T21:09:12.483707935Z,2026-02-10T09:09:12.483707935Z,2026-02-10T09:04:44.390776705Z,cameraCapture,span.name,spans,03a66bccef49,surveillance-iot,d8c95c48bddd771f,b5e03ccf4ca70073305c4b7b7d9cd082
,,1130,2026-02-09T21:09:12.483707935Z,2026-02-10T09:09:12.483707935Z,2026-02-10T09:04:00.189705775Z,cameraCapture,span.name,spans,03a66bccef49,surveillance-iot,d8ce0601be6b8c29,8515a6a25fe82d8995ba2eb4343564f3
,,1131,2026-02-09T21:09:12.483707935Z,2026-02-10T09:09:12.483707935Z,2026-02-10T09:07:00.748347299Z,cameraCapture,span.name,spans,03a66bccef49,surveillance-iot,d90e7e74587016e1,d0e65cd52fd2bbf75983005656e4465b
,,1132,2026-02-09T21:09:12.483707935Z,2026-02-10T09:09:12.483707935Z,2026-02-10T09:02:23.060756155Z,cameraCapture,span.name,spans,03a66bccef49,surveillance-iot,d9750efbfde1e6e1,d378ede4e03c053b675dff6d159df17f
,,1133,2026-02-09T21:09:12.483707935Z,2026-02-10T09:09:12.483707935Z,2026-02-10T09:06:53.17953191Z,cameraCapture,span.name,spans,03a66bccef49,surveillance-iot,da4752f3e8f7c7ea,7b0259a410f341bc5f111bba2363bcd7
,,1134,2026-02-09T21:09:12.483707935Z,2026-02-10T09:09:12.483707935Z,2026-02-10T09:06:00.748517619Z,cameraCapture,span.name,spans,03a66bccef49,surveillance-iot,da7029657b798f7c,3880f21ee94f63a2f902729596c26fe6
,,1135,2026-02-09T21:09:12.483707935Z,2026-02-10T09:09:12.483707935Z,2026-02-10T09:05:31.458596134Z,cameraCapture,span.name,spans,03a66bccef49,surveillance-iot,daa2adff2aa50ae9,31dc8d8bed670cd270260c8b1ce5a766
,,1136,2026-02-09T21:09:12.483707935Z,2026-02-10T09:09:12.483707935Z,2026-02-10T09:02:41.591178282Z,cameraCapture,span.name,spans,03a66bccef49,surveillance-iot,db0a36552e42aa88,66309138003c73c74d61bbf06dd752eb
,,1137,2026-02-09T21:09:12.483707935Z,2026-02-10T09:09:12.483707935Z,2026-02-10T09:03:57.66729429Z,cameraCapture,span.name,spans,03a66bccef49,surveillance-iot,db4097e48e5ce596,6d94e3dae308a839472efe5e1d690755
,,1138,2026-02-09T21:09:12.483707935Z,2026-02-10T09:09:12.483707935Z,2026-02-10T09:06:56.359563212Z,cameraCapture,span.name,spans,03a66bccef49,surveillance-iot,db585bff395fc95e,72f4f5d0b54fb242aa0254ad080b2591
,,1139,2026-02-09T21:09:12.483707935Z,2026-02-10T09:09:12.483707935Z,2026-02-10T09:05:48.210924999Z,cameraCapture,span.name,spans,03a66bccef49,surveillance-iot,dbbe2a431966e191,57887e725978f421807d75ca9bd0605b
,,1140,2026-02-09T21:09:12.483707935Z,2026-02-10T09:09:12.483707935Z,2026-02-10T09:02:35.328544263Z,cameraCapture,span.name,spans,03a66bccef49,surveillance-iot,dcc63128577bb6e7,32f7ab6b56be2dba247f9cd3192fe171
,,1141,2026-02-09T21:09:12.483707935Z,2026-02-10T09:09:12.483707935Z,2026-02-10T09:08:33.488786329Z,cameraCapture,span.name,spans,03a66bccef49,surveillance-iot,dd3b35898589d3cc,3b9e1588c2aeeb13ed532fe98dd381b0
,,1142,2026-02-09T21:09:12.483707935Z,2026-02-10T09:09:12.483707935Z,2026-02-10T09:06:02.856252425Z,cameraCapture,span.name,spans,03a66bccef49,surveillance-iot,ddb426dbe481607a,85fa47dd81fa94599ad8e8c3489ffe52
,,1143,2026-02-09T21:09:12.483707935Z,2026-02-10T09:09:12.483707935Z,2026-02-10T09:04:06.589624979Z,cameraCapture,span.name,spans,03a66bccef49,surveillance-iot,def0e94693fd227b,0c4ffd4b56d676b2f3dd420c62f2795e
,,1144,2026-02-09T21:09:12.483707935Z,2026-02-10T09:09:12.483707935Z,2026-02-10T09:02:30.63880053Z,cameraCapture,span.name,spans,03a66bccef49,surveillance-iot,deffdc534cf078b3,52a4633cd4c13d0d590d6caf1f2424ef
,,1145,2026-02-09T21:09:12.483707935Z,2026-02-10T09:09:12.483707935Z,2026-02-10T09:02:17.100373032Z,cameraCapture,span.name,spans,03a66bccef49,surveillance-iot,e022b807f2145573,c4566ad4951f0fea25e70af85b886aef
,,1146,2026-02-09T21:09:12.483707935Z,2026-02-10T09:09:12.483707935Z,2026-02-10T09:03:50.299465309Z,cameraCapture,span.name,spans,03a66bccef49,surveillance-iot,e038c709c199f712,67125e0df4864ed33a55e9861f078b85
,,1147,2026-02-09T21:09:12.483707935Z,2026-02-10T09:09:12.483707935Z,2026-02-10T09:07:14.319374601Z,cameraCapture,span.name,spans,03a66bccef49,surveillance-iot,e0742c922c4af334,04f13452a7f117d80c82f8210022f676
,,1148,2026-02-09T21:09:12.483707935Z,2026-02-10T09:09:12.483707935Z,2026-02-10T09:02:47.580708458Z,cameraCapture,span.name,spans,03a66bccef49,surveillance-iot,e0ebe320d1814060,27c4f37acc4d2ea9ad0816a13c89f0c6
,,1149,2026-02-09T21:09:12.483707935Z,2026-02-10T09:09:12.483707935Z,2026-02-10T09:04:19.677948443Z,cameraCapture,span.name,spans,03a66bccef49,surveillance-iot,e11ccdd2deb08a06,b82a100b48655b9ca0a4715441d441b3
,,1150,2026-02-09T21:09:12.483707935Z,2026-02-10T09:09:12.483707935Z,2026-02-10T09:07:11.139147086Z,cameraCapture,span.name,spans,03a66bccef49,surveillance-iot,e1ef58de333ece25,db5956fe9eabb9d01d0a8b82c43f4b6c
,,1151,2026-02-09T21:09:12.483707935Z,2026-02-10T09:09:12.483707935Z,2026-02-10T09:03:40.834819626Z,cameraCapture,span.name,spans,03a66bccef49,surveillance-iot,e20fa47cd38ebd50,8a92c5670424c40948fcd47152df1f7e
,,1152,2026-02-09T21:09:12.483707935Z,2026-02-10T09:09:12.483707935Z,2026-02-10T09:06:16.589714774Z,cameraCapture,span.name,spans,03a66bccef49,surveillance-iot,e2e8b1b243d44158,d84e75782f482337c4f2756e9bac3e0f
,,1153,2026-02-09T21:09:12.483707935Z,2026-02-10T09:09:12.483707935Z,2026-02-10T09:03:15.600841195Z,cameraCapture,span.name,spans,03a66bccef49,surveillance-iot,e2edcef1548b3e90,3f2ec7221cd48cc4453c5e3d492c193e
,,1154,2026-02-09T21:09:12.483707935Z,2026-02-10T09:09:12.483707935Z,2026-02-10T09:02:20.363150712Z,cameraCapture,span.name,spans,03a66bccef49,surveillance-iot,e32e6f5a84a8ce51,20f0a6d122d5af0c2ec079eefb58ae5a
,,1155,2026-02-09T21:09:12.483707935Z,2026-02-10T09:09:12.483707935Z,2026-02-10T09:07:48.698488642Z,cameraCapture,span.name,spans,03a66bccef49,surveillance-iot,e3b6712c03ffc3a9,1affb976b346698274ccbb06a5eaf224
,,1156,2026-02-09T21:09:12.483707935Z,2026-02-10T09:09:12.483707935Z,2026-02-10T09:05:54.478327283Z,cameraCapture,span.name,spans,03a66bccef49,surveillance-iot,e3c4ca1d06f4d5d2,df6810046695c22a5582635dbb570d10
,,1157,2026-02-09T21:09:12.483707935Z,2026-02-10T09:09:12.483707935Z,2026-02-10T09:04:26.94817283Z,cameraCapture,span.name,spans,03a66bccef49,surveillance-iot,e3ca957ffed2b9a3,c947a3308fd2cafe8e64ba175ca688cd
,,1158,2026-02-09T21:09:12.483707935Z,2026-02-10T09:09:12.483707935Z,2026-02-10T09:08:32.592741218Z,cameraCapture,span.name,spans,03a66bccef49,surveillance-iot,e47232260a0922e2,b8bf303cee3b3abaa406782a906d968f
,,1159,2026-02-09T21:09:12.483707935Z,2026-02-10T09:09:12.483707935Z,2026-02-10T09:06:34.96939584Z,alarmOn,span.name,spans,03a66bccef49,surveillance-iot,e47c4467a5ab5c98,f0644ee6da1040ca7fcfe1a68298aedc
,,1160,2026-02-09T21:09:12.483707935Z,2026-02-10T09:09:12.483707935Z,2026-02-10T09:02:57.362967122Z,cameraCapture,span.name,spans,03a66bccef49,surveillance-iot,e4dee51f21f91197,cd28da5b2b2eff5015c5d0f27d724be0
,,1161,2026-02-09T21:09:12.483707935Z,2026-02-10T09:09:12.483707935Z,2026-02-10T09:02:33.831812536Z,cameraCapture,span.name,spans,03a66bccef49,surveillance-iot,e769fbe9b509fc75,6f1fc24d52f7461351aa087cdce5e830
,,1162,2026-02-09T21:09:12.483707935Z,2026-02-10T09:09:12.483707935Z,2026-02-10T09:05:45.768913841Z,cameraCapture,span.name,spans,03a66bccef49,surveillance-iot,e788b8c2acb4d37c,16c7322ba973e9f660203442467ed005
,,1163,2026-02-09T21:09:12.483707935Z,2026-02-10T09:09:12.483707935Z,2026-02-10T09:02:54.018932331Z,cameraCapture,span.name,spans,03a66bccef49,surveillance-iot,e7bd500ca93dc2bc,61292d9c6a7d0907aefdbdffdcfd7a7a
,,1164,2026-02-09T21:09:12.483707935Z,2026-02-10T09:09:12.483707935Z,2026-02-10T09:05:37.75952623Z,cameraCapture,span.name,spans,03a66bccef49,surveillance-iot,e7fd1b76c3e184a0,4e9fd0d4e6ed22499eee2e59b224c05a
,,1165,2026-02-09T21:09:12.483707935Z,2026-02-10T09:09:12.483707935Z,2026-02-10T09:08:41.849288884Z,cameraCapture,span.name,spans,03a66bccef49,surveillance-iot,e80a58c7939f46e0,9e376ca105fbd6d4657123e4e6ceb96c
,,1166,2026-02-09T21:09:12.483707935Z,2026-02-10T09:09:12.483707935Z,2026-02-10T09:07:45.529384243Z,cameraCapture,span.name,spans,03a66bccef49,surveillance-iot,e904063161fa1f8d,5a19ed6c939cee0d79373eba67ac7cf4
,,1167,2026-02-09T21:09:12.483707935Z,2026-02-10T09:09:12.483707935Z,2026-02-10T09:05:39.83989611Z,cameraCapture,span.name,spans,03a66bccef49,surveillance-iot,e982d25c5b112f79,57c831ea6e056082342171e741993413
,,1168,2026-02-09T21:09:12.483707935Z,2026-02-10T09:09:12.483707935Z,2026-02-10T09:07:16.587259918Z,cameraCapture,span.name,spans,03a66bccef49,surveillance-iot,ea83616378ae1eb0,418c4c1bc7940e25e851aa5282e204ed
,,1169,2026-02-09T21:09:12.483707935Z,2026-02-10T09:09:12.483707935Z,2026-02-10T09:08:17.809478203Z,cameraCapture,span.name,spans,03a66bccef49,surveillance-iot,ea83f36c208c800a,8a4df6c1fc815aec50b27fe5a2dd42af
,,1170,2026-02-09T21:09:12.483707935Z,2026-02-10T09:09:12.483707935Z,2026-02-10T09:07:07.098467593Z,cameraCapture,span.name,spans,03a66bccef49,surveillance-iot,eb4a89895efa756f,daab278d22e864a0bcbc0c073421d6ab
,,1171,2026-02-09T21:09:12.483707935Z,2026-02-10T09:09:12.483707935Z,2026-02-10T09:08:31.378846027Z,cameraCapture,span.name,spans,03a66bccef49,surveillance-iot,eb854a623613fd22,cdf0fef86725cef75233bd67a6e550d6
,,1172,2026-02-09T21:09:12.483707935Z,2026-02-10T09:09:12.483707935Z,2026-02-10T09:05:19.104404442Z,cameraCapture,span.name,spans,03a66bccef49,surveillance-iot,ebfc9e8ba92c653e,14e6b5b6c0de9eace4d60376bf954be3
,,1173,2026-02-09T21:09:12.483707935Z,2026-02-10T09:09:12.483707935Z,2026-02-10T09:06:51.057414531Z,cameraCapture,span.name,spans,03a66bccef49,surveillance-iot,ec0d9e74ed81475f,42a68b27af1859aaa09fcc31872cdb69
,,1174,2026-02-09T21:09:12.483707935Z,2026-02-10T09:09:12.483707935Z,2026-02-10T09:02:40.559063364Z,cameraCapture,span.name,spans,03a66bccef49,surveillance-iot,ecb8477c84c942a5,80ece86010b98a5c814d5138894e0f26
,,1175,2026-02-09T21:09:12.483707935Z,2026-02-10T09:09:12.483707935Z,2026-02-10T09:04:24.970689072Z,cameraCapture,span.name,spans,03a66bccef49,surveillance-iot,ed3f847969ebd7f8,f01ab3b8664499f2f30e2ad052fda58f
,,1176,2026-02-09T21:09:12.483707935Z,2026-02-10T09:09:12.483707935Z,2026-02-10T09:02:34.901026044Z,cameraCapture,span.name,spans,03a66bccef49,surveillance-iot,ee8172b0595a29b6,ebcbe6f99f93c2a6eb0349fc48009d34
,,1177,2026-02-09T21:09:12.483707935Z,2026-02-10T09:09:12.483707935Z,2026-02-10T09:04:15.479419041Z,cameraCapture,span.name,spans,03a66bccef49,surveillance-iot,eeb5450fb38f0f77,6f5bb6779e852a67016658c8cf4b4b66
,,1178,2026-02-09T21:09:12.483707935Z,2026-02-10T09:09:12.483707935Z,2026-02-10T09:06:51.098902708Z,cameraCapture,span.name,spans,03a66bccef49,surveillance-iot,eee607328c39b819,20ac69070bcb75e9e1de2463071df690
,,1179,2026-02-09T21:09:12.483707935Z,2026-02-10T09:09:12.483707935Z,2026-02-10T09:03:56.597761507Z,cameraCapture,span.name,spans,03a66bccef49,surveillance-iot,eeee9721853e1aa4,eedc6fd65eefb54e9ab7d7de6c1e006c
,,1180,2026-02-09T21:09:12.483707935Z,2026-02-10T09:09:12.483707935Z,2026-02-10T09:04:46.523482709Z,cameraCapture,span.name,spans,03a66bccef49,surveillance-iot,ef78571fd33d19d6,b069ce95c9a8b452cf7069bd1d887f68
,,1181,2026-02-09T21:09:12.483707935Z,2026-02-10T09:09:12.483707935Z,2026-02-10T09:07:12.360670487Z,cameraCapture,span.name,spans,03a66bccef49,surveillance-iot,f03b067306dce12a,a7552622a70e6c97939254b0621eb519
,,1182,2026-02-09T21:09:12.483707935Z,2026-02-10T09:09:12.483707935Z,2026-02-10T09:04:09.218587249Z,cameraCapture,span.name,spans,03a66bccef49,surveillance-iot,f0aba6d4f0304537,82c47ef6b097674052c18fa481eb90aa
,,1183,2026-02-09T21:09:12.483707935Z,2026-02-10T09:09:12.483707935Z,2026-02-10T09:04:07.138412797Z,cameraCapture,span.name,spans,03a66bccef49,surveillance-iot,f123c5e0c30f5570,e214139a54528642652a285cddd6e304
,,1184,2026-02-09T21:09:12.483707935Z,2026-02-10T09:09:12.483707935Z,2026-02-10T09:02:29.038813215Z,cameraCapture,span.name,spans,03a66bccef49,surveillance-iot,f13aab16e243f73d,6ab4eb3085805e515af4c59a54ca2c1d
,,1185,2026-02-09T21:09:12.483707935Z,2026-02-10T09:09:12.483707935Z,2026-02-10T09:07:06.949352931Z,cameraCapture,span.name,spans,03a66bccef49,surveillance-iot,f237d22715cc3d38,7e7d42f783b71182002fb496e3298056
,,1186,2026-02-09T21:09:12.483707935Z,2026-02-10T09:09:12.483707935Z,2026-02-10T09:06:20.769248815Z,cameraCapture,span.name,spans,03a66bccef49,surveillance-iot,f360aecc92c5fd07,b7c2d678b35b1e258bdd44c2b4240aa8
,,1187,2026-02-09T21:09:12.483707935Z,2026-02-10T09:09:12.483707935Z,2026-02-10T09:08:29.450071608Z,cameraCapture,span.name,spans,03a66bccef49,surveillance-iot,f371f77c0610997d,aa47ee2a5c51c5ae9831f90950b07f08
,,1188,2026-02-09T21:09:12.483707935Z,2026-02-10T09:09:12.483707935Z,2026-02-10T09:03:15.662726842Z,cameraCapture,span.name,spans,03a66bccef49,surveillance-iot,f44e79392c0bcac3,fe947f54e8b9ee33930ec7c51cd67ce2
,,1189,2026-02-09T21:09:12.483707935Z,2026-02-10T09:09:12.483707935Z,2026-02-10T09:05:22.068246811Z,cameraCapture,span.name,spans,03a66bccef49,surveillance-iot,f4d6118dedb7b9a0,dbe099a6c861bc12f31b2b44b4fd338f
,,1190,2026-02-09T21:09:12.483707935Z,2026-02-10T09:09:12.483707935Z,2026-02-10T09:03:43.268811346Z,cameraCapture,span.name,spans,03a66bccef49,surveillance-iot,f4e324893951fcd2,4ba4bcc20c7be6f9cac71b8dccea8e5e
,,1191,2026-02-09T21:09:12.483707935Z,2026-02-10T09:09:12.483707935Z,2026-02-10T09:03:54.927672233Z,cameraCapture,span.name,spans,03a66bccef49,surveillance-iot,f5336dafea93ba4e,e26d853c3966faa0c78f315885ccd92e
,,1192,2026-02-09T21:09:12.483707935Z,2026-02-10T09:09:12.483707935Z,2026-02-10T09:02:48.650853232Z,cameraCapture,span.name,spans,03a66bccef49,surveillance-iot,f5d0cc858f518910,eeb496617f20932037efe6590f8bf04d
,,1193,2026-02-09T21:09:12.483707935Z,2026-02-10T09:09:12.483707935Z,2026-02-10T09:06:15.572078139Z,cameraCapture,span.name,spans,03a66bccef49,surveillance-iot,f643752101c5c1c3,c6131f516d9b5450c4e8a195047191a6
,,1194,2026-02-09T21:09:12.483707935Z,2026-02-10T09:09:12.483707935Z,2026-02-10T09:08:32.428515147Z,cameraCapture,span.name,spans,03a66bccef49,surveillance-iot,f66bd85c035e8789,abe9e32cb5feaf4f4d986cf0af22f843
,,1195,2026-02-09T21:09:12.483707935Z,2026-02-10T09:09:12.483707935Z,2026-02-10T09:04:12.982395358Z,cameraCapture,span.name,spans,03a66bccef49,surveillance-iot,f6e19961442c5748,6f9276dccf9a24386d91f716c5cf654c
,,1196,2026-02-09T21:09:12.483707935Z,2026-02-10T09:09:12.483707935Z,2026-02-10T09:07:56.269730244Z,cameraCapture,span.name,spans,03a66bccef49,surveillance-iot,f746135b9f5f2eeb,e3c3f214635ec5f2c74d44bf123563e6
,,1197,2026-02-09T21:09:12.483707935Z,2026-02-10T09:09:12.483707935Z,2026-02-10T09:03:23.019270471Z,cameraCapture,span.name,spans,03a66bccef49,surveillance-iot,f74662d58030790d,a4c7a62790232e3da461eff3339cd1b7
,,1198,2026-02-09T21:09:12.483707935Z,2026-02-10T09:09:12.483707935Z,2026-02-10T09:02:49.948424318Z,cameraCapture,span.name,spans,03a66bccef49,surveillance-iot,f75910fbe78b8415,2512d6aae573617e462960e261b5fe5e
,,1199,2026-02-09T21:09:12.483707935Z,2026-02-10T09:09:12.483707935Z,2026-02-10T09:02:55.218708381Z,cameraCapture,span.name,spans,03a66bccef49,surveillance-iot,f7656581dcc47918,bd31d4fd9cf78a548dce460cfddf5e90
,,1200,2026-02-09T21:09:12.483707935Z,2026-02-10T09:09:12.483707935Z,2026-02-10T09:02:26.318562914Z,cameraCapture,span.name,spans,03a66bccef49,surveillance-iot,f7d38cb2d1d6e750,6b54314c9de88a1dced6e00c01f8351a
,,1201,2026-02-09T21:09:12.483707935Z,2026-02-10T09:09:12.483707935Z,2026-02-10T09:06:50.005254861Z,cameraCapture,span.name,spans,03a66bccef49,surveillance-iot,f7f3803952facc28,a1b64f0cce10ccc17638fecc1602d8cc
,,1202,2026-02-09T21:09:12.483707935Z,2026-02-10T09:09:12.483707935Z,2026-02-10T09:07:50.819272149Z,cameraCapture,span.name,spans,03a66bccef49,surveillance-iot,f827703797e59837,ddbfa3ebbce29e96dc2ac0b123c0240f
,,1203,2026-02-09T21:09:12.483707935Z,2026-02-10T09:09:12.483707935Z,2026-02-10T09:07:52.939352967Z,cameraCapture,span.name,spans,03a66bccef49,surveillance-iot,f98caf916924c36e,dbad60b7b40e44191114759fc587c450
,,1204,2026-02-09T21:09:12.483707935Z,2026-02-10T09:09:12.483707935Z,2026-02-10T09:06:16.609777823Z,cameraCapture,span.name,spans,03a66bccef49,surveillance-iot,f9bfb30ce234dd3f,0253089608b2bd2efa9c0356e754184e
,,1205,2026-02-09T21:09:12.483707935Z,2026-02-10T09:09:12.483707935Z,2026-02-10T09:08:24.168468525Z,cameraCapture,span.name,spans,03a66bccef49,surveillance-iot,fc79337faee84b79,4bb0a94893e597396d0753a234538b6f
,,1206,2026-02-09T21:09:12.483707935Z,2026-02-10T09:09:12.483707935Z,2026-02-10T09:04:15.150305219Z,cameraCapture,span.name,spans,03a66bccef49,surveillance-iot,fe087b3aff8688bb,47c5497eb904105e39edb70ccb37a678
,,1207,2026-02-09T21:09:12.483707935Z,2026-02-10T09:09:12.483707935Z,2026-02-10T09:05:32.499466861Z,cameraCapture,span.name,spans,03a66bccef49,surveillance-iot,fe9a7628d207500d,0dc9765ac543960f9023e21c8285e73b
,,1208,2026-02-09T21:09:12.483707935Z,2026-02-10T09:09:12.483707935Z,2026-02-10T09:07:57.178759725Z,cameraCapture,span.name,spans,03a66bccef49,surveillance-iot,febed5c0950dfb6d,6d3fd3d76368a503e3ba9e0937d7d918
,,1209,2026-02-09T21:09:12.483707935Z,2026-02-10T09:09:12.483707935Z,2026-02-10T09:05:52.389021792Z,cameraCapture,span.name,spans,03a66bccef49,surveillance-iot,fed773ccbd40ed82,3e0a0f2d2f4fec97c695be8c035b5ea9
,,1210,2026-02-09T21:09:12.483707935Z,2026-02-10T09:09:12.483707935Z,2026-02-10T09:08:43.917051451Z,cameraCapture,span.name,spans,03a66bccef49,surveillance-iot,ff11fe9cece02251,a75b331e03eb345468931b3661a66cb6
,,1211,2026-02-09T21:09:12.483707935Z,2026-02-10T09:09:12.483707935Z,2026-02-10T09:02:49.73962257Z,cameraCapture,span.name,spans,03a66bccef49,surveillance-iot,ff2faadb046a5dd5,1503371bee9bd4ff54c3e796282cad3a
,,1212,2026-02-09T21:09:12.483707935Z,2026-02-10T09:09:12.483707935Z,2026-02-10T09:07:45.608400044Z,cameraCapture,span.name,spans,03a66bccef49,surveillance-iot,ff31f12048ebe546,0b5899b7b79513e2baa42f559b4ff164
,,1213,2026-02-09T21:09:12.483707935Z,2026-02-10T09:09:12.483707935Z,2026-02-10T09:08:23.130637715Z,cameraCapture,span.name,spans,03a66bccef49,surveillance-iot,ffa1fdeb009912e7,e61ba32f7fef955bd77600fd9500976e

